boletin,author_order,author_id,author_name,author_chamber
18131-06,0,1157,Marlene Pérez Cartes,Diputado
18132-04,0,1157,Marlene Pérez Cartes,Diputado
18133-07,0,1200,Cristian Contreras Radovic,Diputado
18134-11,0,1326,Juan Luis Castro González,Senador
18134-11,0,1331,Sergio Gahona Salazar,Senador
18134-11,0,1450,Paulina Vodanovic Rojas,Senador
18134-11,0,1504,Karol Cariola Oliva,Senador
18134-11,0,1511,Enrique Lee Flores,Senador
18135-06,0,1200,Cristian Contreras Radovic,Diputado
18136-11,0,1200,Cristian Contreras Radovic,Diputado
18138-07,0,1200,Cristian Contreras Radovic,Diputado
18139-07,0,1513,Vlado Mirosevic Verdugo,Senador
18140-07,0,1200,Cristian Contreras Radovic,Diputado
18141-07,0,1200,Cristian Contreras Radovic,Diputado
18142-35,0,1117,Iván Moreira Barros,Senador
18142-35,0,1215,Yasna Provoste Campillay,Senador
18142-35,0,1327,Luciano Cruz-Coke Carvallo,Senador
18142-35,0,1337,Paulina Núñez Urrutia,Senador
18142-35,0,1338,Claudia Pascual Grau,Senador
18143-07,0,1200,Cristian Contreras Radovic,Diputado
18144-07,0,1117,Iván Moreira Barros,Senador
18144-07,0,1330,Iván Flores García,Senador
18144-07,0,1337,Paulina Núñez Urrutia,Senador
18144-07,0,1339,Gastón Saavedra Chandía,Senador
18144-07,0,911,Carlos Ignacio Kuschel Silva,Senador
18145-07,0,1038,Marcos Ilabaca Cerda,Diputado
18145-07,0,1127,Lorena Fries Monleón,Diputado
18145-07,0,1148,Javiera Morales Alvarado,Diputado
18145-07,0,1171,Emilia Schneider Videla,Diputado
18145-07,0,1209,Matías Fernández Hartwig,Diputado
18145-07,0,1210,Gustavo Gatica Villarroel,Diputado
18145-07,0,1222,Andrea Macías Palma,Diputado
18146-07,0,1061,Andrea Parra Sauterel,Diputado
18146-07,0,1077,Raúl Soto Mardones,Diputado
18146-07,0,1099,Jaime Araya Guerrero,Diputado
18146-07,0,1110,Carlos Bianchi Chelech,Diputado
18146-07,0,1175,Cristián Tapia Ramos,Diputado
18146-07,0,1178,Héctor Ulloa Aguilera,Diputado
18146-07,0,1195,Carlos Carvajal Gallardo,Diputado
18146-07,0,1205,Carlos Cuadrado Prats,Diputado
18146-07,0,1226,José Montalva Feuerhake,Diputado
18146-07,0,1264,Fernando Zamorano Peralta,Diputado
18147-07,0,1120,Manuel José Ossandón Irarrázabal,Senador
18147-07,0,1330,Iván Flores García,Senador
18147-07,0,1334,Alejandro Kusanovic Glusevic,Senador
18147-07,0,1337,Paulina Núñez Urrutia,Senador
18147-07,0,1339,Gastón Saavedra Chandía,Senador
18148-07,0,1120,Manuel José Ossandón Irarrázabal,Senador
18148-07,0,1330,Iván Flores García,Senador
18148-07,0,1334,Alejandro Kusanovic Glusevic,Senador
18148-07,0,1337,Paulina Núñez Urrutia,Senador
18148-07,0,1339,Gastón Saavedra Chandía,Senador
18149-07,0,1105,Héctor Barría Angulo,Diputado
18149-07,0,1224,Cristian Mella Andaur,Diputado
18149-07,0,1238,Álvaro Ortiz Vera,Diputado
18149-07,0,1241,Patricio Pinilla Valencia,Diputado
18150-07,0,1116,Felipe Camaño Cárdenas,Diputado
18150-07,0,1127,Lorena Fries Monleón,Diputado
18150-07,0,1224,Cristian Mella Andaur,Diputado
18150-07,0,872,Jaime Mulet Martínez,Diputado
18151-24,0,1200,Cristian Contreras Radovic,Diputado
18152-07,0,1200,Cristian Contreras Radovic,Diputado
18153-24,0,1200,Cristian Contreras Radovic,Diputado
18154-25,0,1059,Ximena Ossandón Irarrázabal,Diputado
18157-33,0,1258,Guillermo Valdés Carmona,Diputado
18158-13,0,1107,María Francisca Bello Campos,Diputado
18158-13,0,1116,Felipe Camaño Cárdenas,Diputado
18158-13,0,1178,Héctor Ulloa Aguilera,Diputado
18158-13,0,1196,Priscilla Castillo Gerli,Diputado
18158-13,0,1208,Jorge Díaz Ibarra,Diputado
18158-13,0,1241,Patricio Pinilla Valencia,Diputado
18159-11,0,1224,Ximena Ordenes Neira,Senador
18159-11,0,1326,Juan Luis Castro González,Senador
18159-11,0,1331,Sergio Gahona Salazar,Senador
18159-11,0,1504,Karol Cariola Oliva,Senador
18159-11,0,1511,Enrique Lee Flores,Senador
18160-07,0,1061,Andrea Parra Sauterel,Diputado
18160-07,0,1077,Raúl Soto Mardones,Diputado
18160-07,0,1099,Jaime Araya Guerrero,Diputado
18160-07,0,1110,Carlos Bianchi Chelech,Diputado
18160-07,0,1175,Cristián Tapia Ramos,Diputado
18160-07,0,1178,Héctor Ulloa Aguilera,Diputado
18160-07,0,1195,Carlos Carvajal Gallardo,Diputado
18160-07,0,1205,Carlos Cuadrado Prats,Diputado
18160-07,0,1226,José Montalva Feuerhake,Diputado
18160-07,0,1264,Fernando Zamorano Peralta,Diputado
18161-07,0,1039,Pamela Jiles Moreno,Diputado
18161-07,0,1192,Lilian Betancurt Delgado,Diputado
18161-07,0,1236,Paula Olmos Contreras,Diputado
18161-07,0,1255,Eileen Urqueta Rojas,Diputado
18162-07,0,1110,Pedro Araya Guerrero,Senador
18162-07,0,1324,Karim Bianchi Retamales,Senador
18162-07,0,1330,Iván Flores García,Senador
18162-07,0,1337,Paulina Núñez Urrutia,Senador
18162-07,0,1450,Paulina Vodanovic Rojas,Senador
18163-14,0,1013,Alejandro Bernales Maldonado,Diputado
18163-14,0,1141,Luis Malla Valenzuela,Diputado
18163-14,0,986,Marcela Hernando Pérez,Diputado
18164-17,0,1327,Luciano Cruz-Coke Carvallo,Senador
18164-17,0,1340,Gustavo Sanhueza Dueñas,Senador
18164-17,0,1501,Andrea Balladares Letelier,Senador
18164-17,0,1512,Andrés Longton Herrera,Senador
18164-17,0,1516,Renzo Trisotti Martínez,Senador
18165-07,0,1115,Alfonso De Urresti Longton,Senador
18165-07,0,1329,Fidel Espinoza Sandoval,Senador
18165-07,0,1336,Daniel Núñez Arancibia,Senador
18165-07,0,1339,Gastón Saavedra Chandía,Senador
18165-07,0,1341,Alejandra Sepúlveda Orbenes,Senador
18166-24,0,1013,Alejandro Bernales Maldonado,Diputado
18166-24,0,1141,Luis Malla Valenzuela,Diputado
18166-24,0,1182,Sebastián Videla Castillo,Diputado
18166-24,0,986,Marcela Hernando Pérez,Diputado
18167-11,0,1102,Roberto Arroyo Muñoz,Diputado
18168-03,0,1102,Roberto Arroyo Muñoz,Diputado
18169-07,0,1059,Ximena Ossandón Irarrázabal,Diputado
18170-13,0,1028,Eduardo Durán Salinas,Diputado
18170-13,0,1059,Ximena Ossandón Irarrázabal,Diputado
18170-13,0,1108,Juan Carlos Beltrán Silva,Diputado
18170-13,0,1197,Carlos Chandía Alarcón,Diputado
18170-13,0,1242,Rodrigo Ramírez Parra,Diputado
18171-13,0,1028,Eduardo Durán Salinas,Diputado
18171-13,0,1059,Ximena Ossandón Irarrázabal,Diputado
18171-13,0,1108,Juan Carlos Beltrán Silva,Diputado
18171-13,0,1197,Carlos Chandía Alarcón,Diputado
18171-13,0,1242,Rodrigo Ramírez Parra,Diputado
18172-21,0,1330,Iván Flores García,Senador
18172-21,0,1334,Alejandro Kusanovic Glusevic,Senador
18172-21,0,1336,Daniel Núñez Arancibia,Senador
18172-21,0,1344,Matías Walker Prieto,Senador
18172-21,0,1503,Miguel Ángel Calisto Águila,Senador
18173-21,0,1329,Fidel Espinoza Sandoval,Senador
18173-21,0,1333,Sebastián Keitel Bianchi,Senador
18173-21,0,1335,Javier Macaya Danús,Senador
18173-21,0,1339,Gastón Saavedra Chandía,Senador
18173-21,0,1342,Enrique Van Rysselberghe Herrera,Senador
18174-07,0,1061,Andrea Parra Sauterel,Diputado
18174-07,0,1077,Raúl Soto Mardones,Diputado
18174-07,0,1099,Jaime Araya Guerrero,Diputado
18174-07,0,1110,Carlos Bianchi Chelech,Diputado
18174-07,0,1175,Cristián Tapia Ramos,Diputado
18174-07,0,1178,Héctor Ulloa Aguilera,Diputado
18174-07,0,1195,Carlos Carvajal Gallardo,Diputado
18174-07,0,1205,Carlos Cuadrado Prats,Diputado
18174-07,0,1226,José Montalva Feuerhake,Diputado
18174-07,0,1264,Fernando Zamorano Peralta,Diputado
18175-02,0,1061,Andrea Parra Sauterel,Diputado
18175-02,0,1077,Raúl Soto Mardones,Diputado
18175-02,0,1099,Jaime Araya Guerrero,Diputado
18175-02,0,1110,Carlos Bianchi Chelech,Diputado
18175-02,0,1175,Cristián Tapia Ramos,Diputado
18175-02,0,1178,Héctor Ulloa Aguilera,Diputado
18175-02,0,1195,Carlos Carvajal Gallardo,Diputado
18175-02,0,1205,Carlos Cuadrado Prats,Diputado
18175-02,0,1226,José Montalva Feuerhake,Diputado
18175-02,0,1264,Fernando Zamorano Peralta,Diputado
18176-35,0,1325,Fabiola Campillai Rojas,Senador
18177-01,0,1141,Luis Malla Valenzuela,Diputado
18179-18,0,1028,Eduardo Durán Salinas,Diputado
18179-18,0,1054,Francesca Muñoz González,Diputado
18179-18,0,1119,Sara Concha Smith,Diputado
18179-18,0,1133,Juan Irarrázaval Rossel,Diputado
18179-18,0,1217,Pier Karlezi Hazleby,Diputado
18179-18,0,1231,Ximena Naranjo Pinto,Diputado
18179-18,0,1236,Paula Olmos Contreras,Diputado
18180-13,0,1021,Andrés Celis Montt,Diputado
18180-13,0,1028,Eduardo Durán Salinas,Diputado
18180-13,0,1059,Ximena Ossandón Irarrázabal,Diputado
18180-13,0,1197,Carlos Chandía Alarcón,Diputado
18180-13,0,1242,Rodrigo Ramírez Parra,Diputado
18180-13,0,843,René Manuel García García,Diputado
18181-13,0,1021,Andrés Celis Montt,Diputado
18181-13,0,1028,Eduardo Durán Salinas,Diputado
18181-13,0,1059,Ximena Ossandón Irarrázabal,Diputado
18181-13,0,1253,Fernando Ugarte Tejeda,Diputado
18182-07,0,1505,Rodolfo Carter Fernández,Senador
18182-07,0,1515,Arturo Squella Ovalle,Senador
18182-07,0,1516,Renzo Trisotti Martínez,Senador
18182-07,0,1517,Ignacio Urrutia Bonilla,Senador
18182-07,0,1518,Cristian Vial Maceratta,Senador
18183-07,0,1505,Rodolfo Carter Fernández,Senador
18183-07,0,1515,Arturo Squella Ovalle,Senador
18183-07,0,1516,Renzo Trisotti Martínez,Senador
18183-07,0,1517,Ignacio Urrutia Bonilla,Senador
18183-07,0,1518,Cristian Vial Maceratta,Senador
18184-07,0,1505,Rodolfo Carter Fernández,Senador
18184-07,0,1515,Arturo Squella Ovalle,Senador
18184-07,0,1516,Renzo Trisotti Martínez,Senador
18184-07,0,1517,Ignacio Urrutia Bonilla,Senador
18184-07,0,1518,Cristian Vial Maceratta,Senador
18185-07,0,1505,Rodolfo Carter Fernández,Senador
18185-07,0,1515,Arturo Squella Ovalle,Senador
18185-07,0,1516,Renzo Trisotti Martínez,Senador
18185-07,0,1517,Ignacio Urrutia Bonilla,Senador
18185-07,0,1518,Cristian Vial Maceratta,Senador
18186-07,0,1505,Rodolfo Carter Fernández,Senador
18186-07,0,1515,Arturo Squella Ovalle,Senador
18186-07,0,1516,Renzo Trisotti Martínez,Senador
18186-07,0,1517,Ignacio Urrutia Bonilla,Senador
18186-07,0,1518,Cristian Vial Maceratta,Senador
18187-07,0,1505,Rodolfo Carter Fernández,Senador
18187-07,0,1515,Arturo Squella Ovalle,Senador
18187-07,0,1516,Renzo Trisotti Martínez,Senador
18187-07,0,1517,Ignacio Urrutia Bonilla,Senador
18187-07,0,1518,Cristian Vial Maceratta,Senador
18188-07,0,1505,Rodolfo Carter Fernández,Senador
18188-07,0,1515,Arturo Squella Ovalle,Senador
18188-07,0,1516,Renzo Trisotti Martínez,Senador
18188-07,0,1517,Ignacio Urrutia Bonilla,Senador
18188-07,0,1518,Cristian Vial Maceratta,Senador
18189-14,0,1108,Juan Carlos Beltrán Silva,Diputado
18189-14,0,1116,Felipe Camaño Cárdenas,Diputado
18189-14,0,1196,Priscilla Castillo Gerli,Diputado
18189-14,0,1208,Jorge Díaz Ibarra,Diputado
18189-14,0,1229,Javier Muñoz Riquelme,Diputado
18189-14,0,1238,Álvaro Ortiz Vera,Diputado
18189-14,0,1241,Patricio Pinilla Valencia,Diputado
18189-14,0,872,Jaime Mulet Martínez,Diputado
18190-11,0,1013,Alejandro Bernales Maldonado,Diputado
18190-11,0,1061,Andrea Parra Sauterel,Diputado
18190-11,0,1141,Luis Malla Valenzuela,Diputado
18190-11,0,1182,Sebastián Videla Castillo,Diputado
18190-11,0,1259,Juan Marcelo Valenzuela Henríquez,Diputado
18190-11,0,986,Marcela Hernando Pérez,Diputado
18191-37,0,1115,Alfonso De Urresti Longton,Senador
18191-37,0,1224,Ximena Ordenes Neira,Senador
18191-37,0,1333,Sebastián Keitel Bianchi,Senador
18191-37,0,1511,Enrique Lee Flores,Senador
18191-37,0,1514,Beatriz Sánchez Muñoz,Senador
18192-25,0,1117,Iván Moreira Barros,Senador
18192-25,0,1324,Karim Bianchi Retamales,Senador
18192-25,0,1334,Alejandro Kusanovic Glusevic,Senador
18192-25,0,1337,Paulina Núñez Urrutia,Senador
18192-25,0,1339,Gastón Saavedra Chandía,Senador
18193-06,0,1117,Iván Moreira Barros,Senador
18193-06,0,1337,Paulina Núñez Urrutia,Senador
18193-06,0,1339,Gastón Saavedra Chandía,Senador
18193-06,0,1344,Matías Walker Prieto,Senador
18193-06,0,911,Carlos Ignacio Kuschel Silva,Senador
18194-08,0,1117,Iván Moreira Barros,Senador
18194-08,0,1330,Iván Flores García,Senador
18194-08,0,1337,Paulina Núñez Urrutia,Senador
18194-08,0,1339,Gastón Saavedra Chandía,Senador
18194-08,0,1503,Miguel Ángel Calisto Águila,Senador
18195-07,0,1507,Daniella Cicardini Milla,Senador
18196-04,0,1082,Cristóbal Urruticoechea Ríos,Diputado
18196-04,0,1152,Gloria Naveillan Arriagada,Diputado
18196-04,0,1212,Erich Grohs Marín,Diputado
18196-04,0,1215,Álvaro Jofré Cáceres,Diputado
18196-04,0,1217,Pier Karlezi Hazleby,Diputado
18196-04,0,1223,Hans Marowski Cuevas,Diputado
18196-04,0,1228,Paulina Muñoz Minte,Diputado
18196-04,0,915,Germán Verdugo Soto,Diputado
18197-04,0,1117,Nathalie Castillo Rojas,Diputado
18197-04,0,1128,Ana María Gazmuri Vieira,Diputado
18197-04,0,1159,Lorena Pizarro Sierra,Diputado
18197-04,0,1177,Carolina Tello Rojas,Diputado
18198-15,0,1013,Alejandro Bernales Maldonado,Diputado
18198-15,0,1075,Diego Schalper Sepúlveda,Diputado
18198-15,0,1131,Mauro González Villarroel,Diputado
18198-15,0,1132,Jorge Guzmán Zepeda,Diputado
18198-15,0,1177,Carolina Tello Rojas,Diputado
18198-15,0,1184,Roberto Celedón Fernández,Diputado
18198-15,0,1219,Tomás Kast Sommerhoff,Diputado
18198-15,0,1258,Guillermo Valdés Carmona,Diputado
18199-12,0,1065,Guillermo Ramírez Diez,Diputado
18199-12,0,1140,Daniel Lilayu Vivanco,Diputado
18199-12,0,1143,Cristóbal Martínez Ramírez,Diputado
18199-12,0,1157,Marlene Pérez Cartes,Diputado
18199-12,0,1174,Marco Antonio Sulantay Olivares,Diputado
18199-12,0,1183,Flor Weisse Novoa,Diputado
18199-12,0,1231,Ximena Naranjo Pinto,Diputado
18199-12,0,1233,Ricardo Neumann Bertín,Diputado
18199-12,0,1249,Omar Sabat Guzmán,Diputado
18199-12,0,1257,Alejandra Valdebenito Torres,Diputado
18200-06,0,1143,Cristóbal Martínez Ramírez,Diputado
18200-06,0,1157,Marlene Pérez Cartes,Diputado
18200-06,0,1174,Marco Antonio Sulantay Olivares,Diputado
18200-06,0,1176,Hotuiti Teao Drago,Diputado
18200-06,0,1199,Jaime Coloma Álamos,Diputado
18200-06,0,1231,Ximena Naranjo Pinto,Diputado
18200-06,0,1234,Mario Olavarría Rodríguez,Diputado
18200-06,0,1249,Omar Sabat Guzmán,Diputado
18200-06,0,1257,Alejandra Valdebenito Torres,Diputado
18200-06,0,815,Sergio Bobadilla Muñoz,Diputado
18201-06,0,1128,Ana María Gazmuri Vieira,Diputado
18202-06,0,1128,Ana María Gazmuri Vieira,Diputado
18203-06,0,1128,Ana María Gazmuri Vieira,Diputado
18204-06,0,1128,Ana María Gazmuri Vieira,Diputado
18205-29,0,1015,Jorge Brito Hasbún,Diputado
18205-29,0,1074,Marisela Santibáñez Novoa,Diputado
18205-29,0,1107,María Francisca Bello Campos,Diputado
18205-29,0,1122,Luis Alberto Cuello Peña y Lillo,Diputado
18205-29,0,1176,Hotuiti Teao Drago,Diputado
18205-29,0,1189,Jaime Bassa Mercado,Diputado
18205-29,0,1195,Carlos Carvajal Gallardo,Diputado
18205-29,0,1209,Matías Fernández Hartwig,Diputado
18205-29,0,1224,Cristian Mella Andaur,Diputado
18205-29,0,1263,Sebastián Zamora Soto,Diputado
18206-13,0,1021,Andrés Celis Montt,Diputado
18206-13,0,1028,Eduardo Durán Salinas,Diputado
18206-13,0,1059,Ximena Ossandón Irarrázabal,Diputado
18207-06,0,1128,Ana María Gazmuri Vieira,Diputado
18209-04,0,1105,Héctor Barría Angulo,Diputado
18209-04,0,1128,Ana María Gazmuri Vieira,Diputado
18209-04,0,1171,Emilia Schneider Videla,Diputado
18209-04,0,1178,Héctor Ulloa Aguilera,Diputado
18209-04,0,1188,Marcos Barraza Gómez,Diputado
18209-04,0,1206,Carolina Cucumides Calderón,Diputado
18209-04,0,1210,Gustavo Gatica Villarroel,Diputado
18209-04,0,1250,Bernardo Salinas Maya,Diputado
18210-06,0,1062,Joanna Pérez Olea,Diputado
18210-06,0,1074,Marisela Santibáñez Novoa,Diputado
18210-06,0,1082,Cristóbal Urruticoechea Ríos,Diputado
18210-06,0,1177,Carolina Tello Rojas,Diputado
18210-06,0,1215,Álvaro Jofré Cáceres,Diputado
18210-06,0,1217,Pier Karlezi Hazleby,Diputado
18210-06,0,1223,Hans Marowski Cuevas,Diputado
18210-06,0,1235,Javier Olivares Avendaño,Diputado
18210-06,0,1238,Álvaro Ortiz Vera,Diputado
18210-06,0,1249,Omar Sabat Guzmán,Diputado
18211-25,0,1193,Patricio Briones Moller,Diputado
18211-25,0,1235,Javier Olivares Avendaño,Diputado
18211-25,0,1236,Paula Olmos Contreras,Diputado
18211-25,0,1243,Tamara Ramírez Ramírez,Diputado
18211-25,0,1258,Guillermo Valdés Carmona,Diputado
18211-25,0,1259,Juan Marcelo Valenzuela Henríquez,Diputado
18212-07,0,1193,Patricio Briones Moller,Diputado
18212-07,0,1217,Pier Karlezi Hazleby,Diputado
18212-07,0,1235,Javier Olivares Avendaño,Diputado
18212-07,0,1236,Paula Olmos Contreras,Diputado
18212-07,0,1243,Tamara Ramírez Ramírez,Diputado
18212-07,0,1258,Guillermo Valdés Carmona,Diputado
18212-07,0,1259,Juan Marcelo Valenzuela Henríquez,Diputado
18213-07,0,1012,Boris Barrera Moreno,Diputado
18213-07,0,1073,Juan Santana Castillo,Diputado
18213-07,0,1087,Gael Yeomans Araya,Diputado
18213-07,0,1110,Carlos Bianchi Chelech,Diputado
18213-07,0,1122,Luis Alberto Cuello Peña y Lillo,Diputado
18213-07,0,1173,Daniela Serrano Salazar,Diputado
18213-07,0,1188,Marcos Barraza Gómez,Diputado
18213-07,0,1213,Irací Hassler Jacob,Diputado
18214-07,0,1073,Juan Santana Castillo,Diputado
18214-07,0,1122,Luis Alberto Cuello Peña y Lillo,Diputado
18214-07,0,1180,Consuelo Veloso Ávila,Diputado
18214-07,0,1186,Ignacio Achurra Díaz,Diputado
18214-07,0,1213,Irací Hassler Jacob,Diputado
18214-07,0,1260,César Valenzuela Maass,Diputado
18217-07,0,1117,Iván Moreira Barros,Senador
18217-07,0,1324,Karim Bianchi Retamales,Senador
18217-07,0,1330,Iván Flores García,Senador
18217-07,0,1337,Paulina Núñez Urrutia,Senador
18217-07,0,1508,Camila Flores Oporto,Senador
18218-25,0,1117,Iván Moreira Barros,Senador
18218-25,0,1324,Karim Bianchi Retamales,Senador
18218-25,0,1334,Alejandro Kusanovic Glusevic,Senador
18218-25,0,1337,Paulina Núñez Urrutia,Senador
18218-25,0,911,Carlos Ignacio Kuschel Silva,Senador
18219-07,0,1200,Cristian Contreras Radovic,Diputado
18220-07,0,1039,Pamela Jiles Moreno,Diputado
18220-07,0,1082,Cristóbal Urruticoechea Ríos,Diputado
18220-07,0,1152,Gloria Naveillan Arriagada,Diputado
18220-07,0,1178,Héctor Ulloa Aguilera,Diputado
18220-07,0,1202,Eduardo Cretton Rebolledo,Diputado
18220-07,0,1217,Pier Karlezi Hazleby,Diputado
18220-07,0,1223,Hans Marowski Cuevas,Diputado
18220-07,0,1228,Paulina Muñoz Minte,Diputado
18220-07,0,1237,Francisco Orrego Gutiérrez,Diputado
18221-11,0,1153,Coca Ericka Ñanco Vásquez,Diputado
18221-11,0,1180,Consuelo Veloso Ávila,Diputado
18222-06,0,1059,Ximena Ossandón Irarrázabal,Diputado
18222-06,0,1061,Andrea Parra Sauterel,Diputado
18222-06,0,1177,Carolina Tello Rojas,Diputado
18222-06,0,1206,Carolina Cucumides Calderón,Diputado
18222-06,0,1240,Zandra Parisi Fernández,Diputado
18222-06,0,986,Marcela Hernando Pérez,Diputado
18223-15,0,1013,Alejandro Bernales Maldonado,Diputado
18223-15,0,1116,Felipe Camaño Cárdenas,Diputado
18223-15,0,1175,Cristián Tapia Ramos,Diputado
18223-15,0,1217,Pier Karlezi Hazleby,Diputado
18223-15,0,1241,Patricio Pinilla Valencia,Diputado
18224-18,0,1086,Gonzalo Winter Etcheberry,Diputado
18224-18,0,1099,Jaime Araya Guerrero,Diputado
18224-18,0,1127,Lorena Fries Monleón,Diputado
18224-18,0,1128,Ana María Gazmuri Vieira,Diputado
18224-18,0,1141,Luis Malla Valenzuela,Diputado
18224-18,0,1209,Matías Fernández Hartwig,Diputado
18224-18,0,1222,Andrea Macías Palma,Diputado
18224-18,0,1224,Cristian Mella Andaur,Diputado
18224-18,0,1226,José Montalva Feuerhake,Diputado
18224-18,0,1240,Zandra Parisi Fernández,Diputado
18225-07,0,1013,Alejandro Bernales Maldonado,Diputado
18225-07,0,1141,Luis Malla Valenzuela,Diputado
18225-07,0,1182,Sebastián Videla Castillo,Diputado
18225-07,0,986,Marcela Hernando Pérez,Diputado
18226-15,0,1140,Daniel Lilayu Vivanco,Diputado
18226-15,0,1143,Cristóbal Martínez Ramírez,Diputado
18226-15,0,1157,Marlene Pérez Cartes,Diputado
18226-15,0,1174,Marco Antonio Sulantay Olivares,Diputado
18226-15,0,1176,Hotuiti Teao Drago,Diputado
18226-15,0,1183,Flor Weisse Novoa,Diputado
18226-15,0,1231,Ximena Naranjo Pinto,Diputado
18226-15,0,1234,Mario Olavarría Rodríguez,Diputado
18226-15,0,1249,Omar Sabat Guzmán,Diputado
18226-15,0,1257,Alejandra Valdebenito Torres,Diputado
18227-11,0,1065,Guillermo Ramírez Diez,Diputado
18227-11,0,1140,Daniel Lilayu Vivanco,Diputado
18227-11,0,1143,Cristóbal Martínez Ramírez,Diputado
18227-11,0,1157,Marlene Pérez Cartes,Diputado
18227-11,0,1166,Natalia Romero Talguia,Diputado
18227-11,0,1174,Marco Antonio Sulantay Olivares,Diputado
18227-11,0,1176,Hotuiti Teao Drago,Diputado
18227-11,0,1199,Jaime Coloma Álamos,Diputado
18227-11,0,1249,Omar Sabat Guzmán,Diputado
18227-11,0,1257,Alejandra Valdebenito Torres,Diputado
18228-04,0,1086,Gonzalo Winter Etcheberry,Diputado
18228-04,0,1087,Gael Yeomans Araya,Diputado
18228-04,0,1107,María Francisca Bello Campos,Diputado
18228-04,0,1153,Coca Ericka Ñanco Vásquez,Diputado
18228-04,0,1171,Emilia Schneider Videla,Diputado
18228-04,0,1177,Carolina Tello Rojas,Diputado
18228-04,0,1207,Valentina Cáceres Monsálvez,Diputado
18228-04,0,1209,Matías Fernández Hartwig,Diputado
18228-04,0,1252,Constanza Schonhaut Soto,Diputado
18228-04,0,1256,Tatiana Urrutia Herrera,Diputado
18229-11,0,1065,Guillermo Ramírez Diez,Diputado
18229-11,0,1140,Daniel Lilayu Vivanco,Diputado
18229-11,0,1143,Cristóbal Martínez Ramírez,Diputado
18229-11,0,1166,Natalia Romero Talguia,Diputado
18229-11,0,1174,Marco Antonio Sulantay Olivares,Diputado
18229-11,0,1176,Hotuiti Teao Drago,Diputado
18229-11,0,1199,Jaime Coloma Álamos,Diputado
18229-11,0,1202,Eduardo Cretton Rebolledo,Diputado
18229-11,0,1234,Mario Olavarría Rodríguez,Diputado
18229-11,0,1257,Alejandra Valdebenito Torres,Diputado
18233-07,0,1117,Iván Moreira Barros,Senador
18233-07,0,1324,Karim Bianchi Retamales,Senador
18233-07,0,1330,Iván Flores García,Senador
18233-07,0,1334,Alejandro Kusanovic Glusevic,Senador
18233-07,0,1337,Paulina Núñez Urrutia,Senador
18234-35,0,1140,Daniel Lilayu Vivanco,Diputado
18234-35,0,1143,Cristóbal Martínez Ramírez,Diputado
18234-35,0,1157,Marlene Pérez Cartes,Diputado
18234-35,0,1166,Natalia Romero Talguia,Diputado
18234-35,0,1183,Flor Weisse Novoa,Diputado
18234-35,0,1231,Ximena Naranjo Pinto,Diputado
18234-35,0,1233,Ricardo Neumann Bertín,Diputado
18234-35,0,1234,Mario Olavarría Rodríguez,Diputado
18234-35,0,1249,Omar Sabat Guzmán,Diputado
18234-35,0,1257,Alejandra Valdebenito Torres,Diputado
18235-19,0,1140,Daniel Lilayu Vivanco,Diputado
18235-19,0,1143,Cristóbal Martínez Ramírez,Diputado
18235-19,0,1157,Marlene Pérez Cartes,Diputado
18235-19,0,1174,Marco Antonio Sulantay Olivares,Diputado
18235-19,0,1176,Hotuiti Teao Drago,Diputado
18235-19,0,1199,Jaime Coloma Álamos,Diputado
18235-19,0,1231,Ximena Naranjo Pinto,Diputado
18235-19,0,1234,Mario Olavarría Rodríguez,Diputado
18235-19,0,1257,Alejandra Valdebenito Torres,Diputado
18235-19,0,815,Sergio Bobadilla Muñoz,Diputado
18236-18,0,1028,Eduardo Durán Salinas,Diputado
18236-18,0,1054,Francesca Muñoz González,Diputado
18236-18,0,1074,Marisela Santibáñez Novoa,Diputado
18236-18,0,1119,Sara Concha Smith,Diputado
18236-18,0,1180,Consuelo Veloso Ávila,Diputado
18236-18,0,1191,Valentina Becerra Peña,Diputado
18236-18,0,1228,Paulina Muñoz Minte,Diputado
18236-18,0,1231,Ximena Naranjo Pinto,Diputado
18236-18,0,1247,Javiera Rodríguez Pascual,Diputado
18236-18,0,1255,Eileen Urqueta Rojas,Diputado
18237-33,0,1105,Héctor Barría Angulo,Diputado
18237-33,0,1107,María Francisca Bello Campos,Diputado
18237-33,0,1114,Félix Bugueño Sotelo,Diputado
18237-33,0,1117,Nathalie Castillo Rojas,Diputado
18237-33,0,1177,Carolina Tello Rojas,Diputado
18237-33,0,1180,Consuelo Veloso Ávila,Diputado
18237-33,0,1194,Daniel Bustos Leal,Diputado
18237-33,0,1206,Carolina Cucumides Calderón,Diputado
18237-33,0,1255,Eileen Urqueta Rojas,Diputado
18237-33,0,872,Jaime Mulet Martínez,Diputado
18238-25,0,1324,Karim Bianchi Retamales,Senador
18238-25,0,1330,Iván Flores García,Senador
18238-25,0,1337,Paulina Núñez Urrutia,Senador
18238-25,0,1339,Gastón Saavedra Chandía,Senador
18238-25,0,1344,Matías Walker Prieto,Senador
18239-36,0,1120,Manuel José Ossandón Irarrázabal,Senador
18239-36,0,1332,María José Gatica Bertin,Senador
18239-36,0,1342,Enrique Van Rysselberghe Herrera,Senador
18239-36,0,1501,Andrea Balladares Letelier,Senador
18239-36,0,1510,Vanessa Kaiser Barents-Von Hohenhagen,Senador
18240-13,0,1336,Daniel Núñez Arancibia,Senador
18240-13,0,1339,Gastón Saavedra Chandía,Senador
18240-13,0,1344,Matías Walker Prieto,Senador
18240-13,0,1501,Andrea Balladares Letelier,Senador
18240-13,0,1503,Miguel Ángel Calisto Águila,Senador
18241-03,0,1329,Fidel Espinoza Sandoval,Senador
18241-03,0,1340,Gustavo Sanhueza Dueñas,Senador
18241-03,0,1341,Alejandra Sepúlveda Orbenes,Senador
18241-03,0,1344,Matías Walker Prieto,Senador
18241-03,0,1503,Miguel Ángel Calisto Águila,Senador
18242-13,0,1224,Ximena Ordenes Neira,Senador
18242-13,0,1320,Loreto Carvajal Ambiado,Senador
18242-13,0,1339,Gastón Saavedra Chandía,Senador
18242-13,0,1341,Alejandra Sepúlveda Orbenes,Senador
18242-13,0,1507,Daniella Cicardini Milla,Senador
18243-13,0,1105,Héctor Barría Angulo,Diputado
18243-13,0,1180,Consuelo Veloso Ávila,Diputado
18243-13,0,1224,Cristian Mella Andaur,Diputado
18243-13,0,1238,Álvaro Ortiz Vera,Diputado
18243-13,0,1241,Patricio Pinilla Valencia,Diputado
18244-07,0,1028,Eduardo Durán Salinas,Diputado
18244-07,0,1059,Ximena Ossandón Irarrázabal,Diputado
18244-07,0,1075,Diego Schalper Sepúlveda,Diputado
18244-07,0,1108,Juan Carlos Beltrán Silva,Diputado
18244-07,0,1131,Mauro González Villarroel,Diputado
18244-07,0,1132,Jorge Guzmán Zepeda,Diputado
18244-07,0,1227,Claudia Mora Vega,Diputado
18244-07,0,1237,Francisco Orrego Gutiérrez,Diputado
18244-07,0,1261,Daniel Valenzuela Salazar,Diputado
18244-07,0,843,René Manuel García García,Diputado
18245-12,0,1099,Jaime Araya Guerrero,Diputado
18245-12,0,1116,Felipe Camaño Cárdenas,Diputado
18245-12,0,1141,Luis Malla Valenzuela,Diputado
18245-12,0,1208,Jorge Díaz Ibarra,Diputado
18245-12,0,1210,Gustavo Gatica Villarroel,Diputado
18246-18,0,1021,Andrés Celis Montt,Diputado
18246-18,0,1044,Raúl Leiva Carvajal,Diputado
18246-18,0,1059,Ximena Ossandón Irarrázabal,Diputado
18246-18,0,1075,Diego Schalper Sepúlveda,Diputado
18246-18,0,1105,Héctor Barría Angulo,Diputado
18246-18,0,1178,Héctor Ulloa Aguilera,Diputado
18246-18,0,1193,Patricio Briones Moller,Diputado
18246-18,0,1219,Tomás Kast Sommerhoff,Diputado
18246-18,0,1236,Paula Olmos Contreras,Diputado
18246-18,0,1251,Macarena Santelices Cañas,Diputado
18247-13,0,1059,Ximena Ossandón Irarrázabal,Diputado
18247-13,0,1073,Juan Santana Castillo,Diputado
18247-13,0,1074,Marisela Santibáñez Novoa,Diputado
18247-13,0,1087,Gael Yeomans Araya,Diputado
18247-13,0,1100,Cristián Araya Lerdo de Tejada,Diputado
18247-13,0,1104,Chiara Barchiesi Chávez,Diputado
18247-13,0,1122,Luis Alberto Cuello Peña y Lillo,Diputado
18247-13,0,1146,José Carlos Meza Pereira,Diputado
18247-13,0,1211,Sofía González Cortés,Diputado
18247-13,0,1240,Zandra Parisi Fernández,Diputado
18248-07,0,1039,Pamela Jiles Moreno,Diputado
18248-07,0,1193,Patricio Briones Moller,Diputado
18248-07,0,1201,Flor Contreras Vivallo,Diputado
18248-07,0,1239,Fabián Ossandón Briceño,Diputado
18248-07,0,1259,Juan Marcelo Valenzuela Henríquez,Diputado
18248-07,0,872,Jaime Mulet Martínez,Diputado
18249-07,0,1039,Pamela Jiles Moreno,Diputado
18249-07,0,1201,Flor Contreras Vivallo,Diputado
18249-07,0,1239,Fabián Ossandón Briceño,Diputado
18249-07,0,1243,Tamara Ramírez Ramírez,Diputado
18249-07,0,1255,Eileen Urqueta Rojas,Diputado
18249-07,0,1258,Guillermo Valdés Carmona,Diputado
18249-07,0,1259,Juan Marcelo Valenzuela Henríquez,Diputado
18250-07,0,1025,Catalina Del Real Mihovilovic,Diputado
18250-07,0,1102,Roberto Arroyo Muñoz,Diputado
18251-07,0,1102,Roberto Arroyo Muñoz,Diputado
18251-07,0,1193,Patricio Briones Moller,Diputado
18251-07,0,1239,Fabián Ossandón Briceño,Diputado
18251-07,0,1258,Guillermo Valdés Carmona,Diputado
18252-07,0,1039,Pamela Jiles Moreno,Diputado
18252-07,0,1193,Patricio Briones Moller,Diputado
18252-07,0,1201,Flor Contreras Vivallo,Diputado
18252-07,0,1235,Javier Olivares Avendaño,Diputado
18252-07,0,1236,Paula Olmos Contreras,Diputado
18252-07,0,1239,Fabián Ossandón Briceño,Diputado
18252-07,0,1240,Zandra Parisi Fernández,Diputado
18252-07,0,1243,Tamara Ramírez Ramírez,Diputado
18252-07,0,1255,Eileen Urqueta Rojas,Diputado
18252-07,0,1259,Juan Marcelo Valenzuela Henríquez,Diputado
18253-25,0,1324,Karim Bianchi Retamales,Senador
18253-25,0,1500,Danisa Astudillo Peiretti,Senador
18253-25,0,1503,Miguel Ángel Calisto Águila,Senador
18254-11,0,1324,Karim Bianchi Retamales,Senador
18254-11,0,1500,Danisa Astudillo Peiretti,Senador
18254-11,0,1503,Miguel Ángel Calisto Águila,Senador
18260-07,0,1120,Manuel José Ossandón Irarrázabal,Senador
18260-07,0,1337,Paulina Núñez Urrutia,Senador
18260-07,0,1339,Gastón Saavedra Chandía,Senador
18260-07,0,1502,Miguel Ángel Becker Alvear,Senador
18260-07,0,1518,Cristian Vial Maceratta,Senador
18261-13,0,1115,Alfonso De Urresti Longton,Senador
18261-13,0,1329,Fidel Espinoza Sandoval,Senador
18261-13,0,1339,Gastón Saavedra Chandía,Senador
18261-13,0,1500,Danisa Astudillo Peiretti,Senador
18261-13,0,1507,Daniella Cicardini Milla,Senador
18262-06,0,1143,Cristóbal Martínez Ramírez,Diputado
18262-06,0,1157,Marlene Pérez Cartes,Diputado
18262-06,0,1176,Hotuiti Teao Drago,Diputado
18262-06,0,1202,Eduardo Cretton Rebolledo,Diputado
18262-06,0,1231,Ximena Naranjo Pinto,Diputado
18262-06,0,1233,Ricardo Neumann Bertín,Diputado
18262-06,0,1234,Mario Olavarría Rodríguez,Diputado
18262-06,0,1249,Omar Sabat Guzmán,Diputado
18262-06,0,1257,Alejandra Valdebenito Torres,Diputado
18262-06,0,815,Sergio Bobadilla Muñoz,Diputado
18263-03,0,1013,Alejandro Bernales Maldonado,Diputado
18263-03,0,1056,Emilia Nuyado Ancapichun,Diputado
18263-03,0,1110,Carlos Bianchi Chelech,Diputado
18263-03,0,1128,Ana María Gazmuri Vieira,Diputado
18263-03,0,1141,Luis Malla Valenzuela,Diputado
18263-03,0,1182,Sebastián Videla Castillo,Diputado
18263-03,0,986,Marcela Hernando Pérez,Diputado
18264-07,0,1116,Felipe Camaño Cárdenas,Diputado
18264-07,0,872,Jaime Mulet Martínez,Diputado
18265-07,0,1119,Sara Concha Smith,Diputado
18265-07,0,1131,Mauro González Villarroel,Diputado
18265-07,0,1132,Jorge Guzmán Zepeda,Diputado
18265-07,0,1193,Patricio Briones Moller,Diputado
18265-07,0,1227,Claudia Mora Vega,Diputado
18265-07,0,1234,Mario Olavarría Rodríguez,Diputado
18265-07,0,1235,Javier Olivares Avendaño,Diputado
18265-07,0,1242,Rodrigo Ramírez Parra,Diputado
18265-07,0,1255,Eileen Urqueta Rojas,Diputado
18265-07,0,1261,Daniel Valenzuela Salazar,Diputado
18266-15,0,1217,Pier Karlezi Hazleby,Diputado
18266-15,0,1225,Cristian Menchaca Pinochet,Diputado
18266-15,0,843,René Manuel García García,Diputado
18267-24,0,1013,Alejandro Bernales Maldonado,Diputado
18267-24,0,1062,Joanna Pérez Olea,Diputado
18267-24,0,1122,Luis Alberto Cuello Peña y Lillo,Diputado
18267-24,0,1141,Luis Malla Valenzuela,Diputado
18267-24,0,1182,Sebastián Videla Castillo,Diputado
18267-24,0,1186,Ignacio Achurra Díaz,Diputado
18267-24,0,986,Marcela Hernando Pérez,Diputado
18268-06,0,1013,Alejandro Bernales Maldonado,Diputado
18268-06,0,1141,Luis Malla Valenzuela,Diputado
18268-06,0,1182,Sebastián Videla Castillo,Diputado
18268-06,0,986,Marcela Hernando Pérez,Diputado
18269-01,0,1140,Daniel Lilayu Vivanco,Diputado
18269-01,0,1183,Flor Weisse Novoa,Diputado
18269-01,0,1199,Jaime Coloma Álamos,Diputado
18269-01,0,1202,Eduardo Cretton Rebolledo,Diputado
18269-01,0,1233,Ricardo Neumann Bertín,Diputado
18269-01,0,1249,Omar Sabat Guzmán,Diputado
18269-01,0,1257,Alejandra Valdebenito Torres,Diputado
18269-01,0,803,René Alinco Bustos,Diputado
18269-01,0,815,Sergio Bobadilla Muñoz,Diputado
18270-25,0,1044,Raúl Leiva Carvajal,Diputado
18270-25,0,1062,Joanna Pérez Olea,Diputado
18270-25,0,1099,Jaime Araya Guerrero,Diputado
18270-25,0,1100,Cristián Araya Lerdo de Tejada,Diputado
18270-25,0,1104,Chiara Barchiesi Chávez,Diputado
18270-25,0,1107,María Francisca Bello Campos,Diputado
18270-25,0,1131,Mauro González Villarroel,Diputado
18270-25,0,1208,Jorge Díaz Ibarra,Diputado
18270-25,0,1215,Álvaro Jofré Cáceres,Diputado
18270-25,0,1259,Juan Marcelo Valenzuela Henríquez,Diputado
18271-07,0,1060,Luis Pardo Sáinz,Diputado
18271-07,0,1065,Guillermo Ramírez Diez,Diputado
18271-07,0,1099,Jaime Araya Guerrero,Diputado
18271-07,0,1104,Chiara Barchiesi Chávez,Diputado
18271-07,0,1141,Luis Malla Valenzuela,Diputado
18271-07,0,1220,Leandro Kunstmann Collado,Diputado
18271-07,0,1228,Paulina Muñoz Minte,Diputado
18271-07,0,1233,Ricardo Neumann Bertín,Diputado
18271-07,0,1243,Tamara Ramírez Ramírez,Diputado
18272-37,0,1224,Ximena Ordenes Neira,Senador
18272-37,0,1326,Juan Luis Castro González,Senador
18272-37,0,1329,Fidel Espinoza Sandoval,Senador
18272-37,0,1336,Daniel Núñez Arancibia,Senador
18272-37,0,1339,Gastón Saavedra Chandía,Senador
18273-21,0,1224,Ximena Ordenes Neira,Senador
18273-21,0,1326,Juan Luis Castro González,Senador
18273-21,0,1329,Fidel Espinoza Sandoval,Senador
18273-21,0,1336,Daniel Núñez Arancibia,Senador
18273-21,0,1339,Gastón Saavedra Chandía,Senador
18274-07,0,1117,Iván Moreira Barros,Senador
18274-07,0,1120,Manuel José Ossandón Irarrázabal,Senador
18274-07,0,1337,Paulina Núñez Urrutia,Senador
18274-07,0,1450,Paulina Vodanovic Rojas,Senador
18274-07,0,1518,Cristian Vial Maceratta,Senador
18275-12,0,1120,Manuel José Ossandón Irarrázabal,Senador
18275-12,0,1331,Sergio Gahona Salazar,Senador
18275-12,0,1337,Paulina Núñez Urrutia,Senador
18275-12,0,1502,Miguel Ángel Becker Alvear,Senador
18275-12,0,1503,Miguel Ángel Calisto Águila,Senador
18276-07,0,1505,Rodolfo Carter Fernández,Senador
18276-07,0,1515,Arturo Squella Ovalle,Senador
18276-07,0,1516,Renzo Trisotti Martínez,Senador
18276-07,0,1517,Ignacio Urrutia Bonilla,Senador
18276-07,0,1518,Cristian Vial Maceratta,Senador
18277-04,0,1117,Iván Moreira Barros,Senador
18277-04,0,1335,Javier Macaya Danús,Senador
18277-04,0,1340,Gustavo Sanhueza Dueñas,Senador
18277-04,0,1342,Enrique Van Rysselberghe Herrera,Senador
18277-04,0,1518,Cristian Vial Maceratta,Senador
18278-13,0,1324,Karim Bianchi Retamales,Senador
18278-13,0,1332,María José Gatica Bertin,Senador
18278-13,0,1503,Miguel Ángel Calisto Águila,Senador
18278-13,0,1510,Vanessa Kaiser Barents-Von Hohenhagen,Senador
18278-13,0,1511,Enrique Lee Flores,Senador
18280-21,0,1013,Alejandro Bernales Maldonado,Diputado
18280-21,0,1059,Ximena Ossandón Irarrázabal,Diputado
18280-21,0,1062,Joanna Pérez Olea,Diputado
18280-21,0,1074,Marisela Santibáñez Novoa,Diputado
18280-21,0,1131,Mauro González Villarroel,Diputado
18280-21,0,1157,Marlene Pérez Cartes,Diputado
18280-21,0,1177,Carolina Tello Rojas,Diputado
18280-21,0,1178,Héctor Ulloa Aguilera,Diputado
18280-21,0,1222,Andrea Macías Palma,Diputado
18280-21,0,1239,Fabián Ossandón Briceño,Diputado
18281-15,0,1059,Ximena Ossandón Irarrázabal,Diputado
18281-15,0,1188,Marcos Barraza Gómez,Diputado
18281-15,0,1205,Carlos Cuadrado Prats,Diputado
18281-15,0,1251,Macarena Santelices Cañas,Diputado
18282-07,0,1059,Ximena Ossandón Irarrázabal,Diputado
18282-07,0,1221,Benjamín Lorca Inzunza,Diputado
18282-07,0,1256,Tatiana Urrutia Herrera,Diputado
18282-07,0,1260,César Valenzuela Maass,Diputado
18283-35,0,1059,Ximena Ossandón Irarrázabal,Diputado
18283-35,0,1061,Andrea Parra Sauterel,Diputado
18283-35,0,1087,Gael Yeomans Araya,Diputado
18283-35,0,1128,Ana María Gazmuri Vieira,Diputado
18283-35,0,1141,Luis Malla Valenzuela,Diputado
18283-35,0,1178,Héctor Ulloa Aguilera,Diputado
18283-35,0,1205,Carlos Cuadrado Prats,Diputado
18283-35,0,1226,José Montalva Feuerhake,Diputado
18283-35,0,1264,Fernando Zamorano Peralta,Diputado
18284-29,0,1102,Roberto Arroyo Muñoz,Diputado
18285-05,0,1015,Jorge Brito Hasbún,Diputado
18285-05,0,1087,Gael Yeomans Araya,Diputado
18285-05,0,1153,Coca Ericka Ñanco Vásquez,Diputado
18285-05,0,1171,Emilia Schneider Videla,Diputado
18285-05,0,1177,Carolina Tello Rojas,Diputado
18285-05,0,1180,Consuelo Veloso Ávila,Diputado
18285-05,0,1207,Valentina Cáceres Monsálvez,Diputado
18285-05,0,1256,Tatiana Urrutia Herrera,Diputado
18287-11,0,1107,María Francisca Bello Campos,Diputado
18287-11,0,1127,Lorena Fries Monleón,Diputado
18287-11,0,1128,Ana María Gazmuri Vieira,Diputado
18287-11,0,1148,Javiera Morales Alvarado,Diputado
18287-11,0,1222,Andrea Macías Palma,Diputado
18287-11,0,1252,Constanza Schonhaut Soto,Diputado
18287-11,0,1256,Tatiana Urrutia Herrera,Diputado
18288-06,0,1116,Felipe Camaño Cárdenas,Diputado
18288-06,0,872,Jaime Mulet Martínez,Diputado
18289-01,0,1056,Emilia Nuyado Ancapichun,Diputado
18289-01,0,1114,Félix Bugueño Sotelo,Diputado
18289-01,0,1116,Felipe Camaño Cárdenas,Diputado
18289-01,0,1196,Priscilla Castillo Gerli,Diputado
18290-15,0,1054,Francesca Muñoz González,Diputado
18290-15,0,1102,Roberto Arroyo Muñoz,Diputado
18290-15,0,1119,Sara Concha Smith,Diputado
18290-15,0,1166,Natalia Romero Talguia,Diputado
18290-15,0,1175,Cristián Tapia Ramos,Diputado
18290-15,0,1217,Pier Karlezi Hazleby,Diputado
18290-15,0,1227,Claudia Mora Vega,Diputado
18290-15,0,1228,Paulina Muñoz Minte,Diputado
18290-15,0,1244,Claudia Reyes Larenas,Diputado
18290-15,0,843,René Manuel García García,Diputado
18291-07,0,1102,Roberto Arroyo Muñoz,Diputado
18291-07,0,1193,Patricio Briones Moller,Diputado
18291-07,0,1240,Zandra Parisi Fernández,Diputado
18292-07,0,1102,Roberto Arroyo Muñoz,Diputado
18292-07,0,1193,Patricio Briones Moller,Diputado
18292-07,0,1240,Zandra Parisi Fernández,Diputado
18293-15,0,1110,Carlos Bianchi Chelech,Diputado
18293-15,0,1116,Felipe Camaño Cárdenas,Diputado
18293-15,0,1117,Nathalie Castillo Rojas,Diputado
18293-15,0,1208,Jorge Díaz Ibarra,Diputado
18293-15,0,843,René Manuel García García,Diputado
18293-15,0,872,Jaime Mulet Martínez,Diputado
18294-15,0,1086,Gonzalo Winter Etcheberry,Diputado
18294-15,0,1116,Felipe Camaño Cárdenas,Diputado
18294-15,0,1178,Héctor Ulloa Aguilera,Diputado
18294-15,0,1183,Flor Weisse Novoa,Diputado
18294-15,0,1201,Flor Contreras Vivallo,Diputado
18294-15,0,1238,Álvaro Ortiz Vera,Diputado
18294-15,0,1258,Guillermo Valdés Carmona,Diputado
18295-07,0,1099,Jaime Araya Guerrero,Diputado
18295-07,0,1100,Cristián Araya Lerdo de Tejada,Diputado
18295-07,0,1105,Héctor Barría Angulo,Diputado
18295-07,0,1240,Zandra Parisi Fernández,Diputado
18295-07,0,1241,Patricio Pinilla Valencia,Diputado
18297-07,0,1110,Pedro Araya Guerrero,Senador
18298-07,0,1341,Alejandra Sepúlveda Orbenes,Senador
18298-07,0,1343,Esteban Velásquez Núñez,Senador
18299-35,0,1326,Juan Luis Castro González,Senador
18299-35,0,1333,Sebastián Keitel Bianchi,Senador
18299-35,0,1502,Miguel Ángel Becker Alvear,Senador
18299-35,0,1510,Vanessa Kaiser Barents-Von Hohenhagen,Senador
18299-35,0,911,Carlos Ignacio Kuschel Silva,Senador
18300-04,0,1215,Yasna Provoste Campillay,Senador
18300-04,0,1224,Ximena Ordenes Neira,Senador
18300-04,0,1338,Claudia Pascual Grau,Senador
18300-04,0,1340,Gustavo Sanhueza Dueñas,Senador
18302-11,0,1224,Ximena Ordenes Neira,Senador
18302-11,0,1326,Juan Luis Castro González,Senador
18302-11,0,1331,Sergio Gahona Salazar,Senador
18302-11,0,1511,Enrique Lee Flores,Senador
18303-15,0,1117,Iván Moreira Barros,Senador
18303-15,0,1331,Sergio Gahona Salazar,Senador
18303-15,0,1335,Javier Macaya Danús,Senador
18303-15,0,1337,Paulina Núñez Urrutia,Senador
18303-15,0,1340,Gustavo Sanhueza Dueñas,Senador
18304-06,0,1117,Iván Moreira Barros,Senador
18304-06,0,1331,Sergio Gahona Salazar,Senador
18304-06,0,1335,Javier Macaya Danús,Senador
18304-06,0,1337,Paulina Núñez Urrutia,Senador
18304-06,0,1340,Gustavo Sanhueza Dueñas,Senador
18305-04,0,1117,Iván Moreira Barros,Senador
18305-04,0,1331,Sergio Gahona Salazar,Senador
18305-04,0,1335,Javier Macaya Danús,Senador
18305-04,0,1337,Paulina Núñez Urrutia,Senador
18305-04,0,1340,Gustavo Sanhueza Dueñas,Senador
18306-15,0,1110,Carlos Bianchi Chelech,Diputado
18306-15,0,1116,Felipe Camaño Cárdenas,Diputado
18306-15,0,1186,Ignacio Achurra Díaz,Diputado
18306-15,0,872,Jaime Mulet Martínez,Diputado
18307-03,0,1077,Raúl Soto Mardones,Diputado
18307-03,0,1116,Felipe Camaño Cárdenas,Diputado
18307-03,0,1193,Patricio Briones Moller,Diputado
18307-03,0,1213,Irací Hassler Jacob,Diputado
18308-11,0,1021,Andrés Celis Montt,Diputado
18308-11,0,1025,Catalina Del Real Mihovilovic,Diputado
18308-11,0,1107,María Francisca Bello Campos,Diputado
18308-11,0,1140,Daniel Lilayu Vivanco,Diputado
18308-11,0,1142,Daniel Manouchehri Lobos,Diputado
18308-11,0,1209,Matías Fernández Hartwig,Diputado
18308-11,0,1251,Macarena Santelices Cañas,Diputado
18308-11,0,1257,Alejandra Valdebenito Torres,Diputado
18308-11,0,1264,Fernando Zamorano Peralta,Diputado
18309-14,0,1056,Emilia Nuyado Ancapichun,Diputado
18309-14,0,1128,Ana María Gazmuri Vieira,Diputado
18309-14,0,1178,Héctor Ulloa Aguilera,Diputado
18309-14,0,1213,Irací Hassler Jacob,Diputado
18309-14,0,1229,Javier Muñoz Riquelme,Diputado
18309-14,0,1234,Mario Olavarría Rodríguez,Diputado
18309-14,0,1256,Tatiana Urrutia Herrera,Diputado
18310-03,0,1021,Andrés Celis Montt,Diputado
18310-03,0,1128,Ana María Gazmuri Vieira,Diputado
18310-03,0,1213,Irací Hassler Jacob,Diputado
18311-06,0,1128,Ana María Gazmuri Vieira,Diputado
18312-07,0,1009,Jorge Alessandri Vergara,Diputado
18312-07,0,1143,Cristóbal Martínez Ramírez,Diputado
18312-07,0,1174,Marco Antonio Sulantay Olivares,Diputado
18312-07,0,1202,Eduardo Cretton Rebolledo,Diputado
18312-07,0,1234,Mario Olavarría Rodríguez,Diputado
18313-08,0,1021,Andrés Celis Montt,Diputado
18313-08,0,1028,Eduardo Durán Salinas,Diputado
18313-08,0,1108,Juan Carlos Beltrán Silva,Diputado
18313-08,0,1193,Patricio Briones Moller,Diputado
18313-08,0,1235,Javier Olivares Avendaño,Diputado
18313-08,0,1237,Francisco Orrego Gutiérrez,Diputado
18313-08,0,1259,Juan Marcelo Valenzuela Henríquez,Diputado
18313-08,0,1261,Daniel Valenzuela Salazar,Diputado
18316-02,0,1015,Jorge Brito Hasbún,Diputado
18316-02,0,1086,Gonzalo Winter Etcheberry,Diputado
18316-02,0,1099,Jaime Araya Guerrero,Diputado
18316-02,0,1142,Daniel Manouchehri Lobos,Diputado
18316-02,0,1205,Carlos Cuadrado Prats,Diputado
18316-02,0,1213,Irací Hassler Jacob,Diputado
18316-02,0,1241,Patricio Pinilla Valencia,Diputado
18316-02,0,1259,Juan Marcelo Valenzuela Henríquez,Diputado
18316-02,0,1260,César Valenzuela Maass,Diputado
18317-13,0,1140,Daniel Lilayu Vivanco,Diputado
18317-13,0,1143,Cristóbal Martínez Ramírez,Diputado
18317-13,0,1157,Marlene Pérez Cartes,Diputado
18317-13,0,1214,Constanza Hube Portus,Diputado
18317-13,0,1231,Ximena Naranjo Pinto,Diputado
18317-13,0,1234,Mario Olavarría Rodríguez,Diputado
18317-13,0,1249,Omar Sabat Guzmán,Diputado
18317-13,0,1257,Alejandra Valdebenito Torres,Diputado
18317-13,0,815,Sergio Bobadilla Muñoz,Diputado
18318-19,0,1021,Andrés Celis Montt,Diputado
18318-19,0,1086,Gonzalo Winter Etcheberry,Diputado
18318-19,0,1087,Gael Yeomans Araya,Diputado
18318-19,0,1142,Daniel Manouchehri Lobos,Diputado
18318-19,0,1143,Cristóbal Martínez Ramírez,Diputado
18318-19,0,1173,Daniela Serrano Salazar,Diputado
18318-19,0,1180,Consuelo Veloso Ávila,Diputado
18318-19,0,1193,Patricio Briones Moller,Diputado
18318-19,0,1206,Carolina Cucumides Calderón,Diputado
18318-19,0,1226,José Montalva Feuerhake,Diputado
18319-07,0,1140,Daniel Lilayu Vivanco,Diputado
18319-07,0,1143,Cristóbal Martínez Ramírez,Diputado
18319-07,0,1157,Marlene Pérez Cartes,Diputado
18319-07,0,1202,Eduardo Cretton Rebolledo,Diputado
18319-07,0,1231,Ximena Naranjo Pinto,Diputado
18319-07,0,1234,Mario Olavarría Rodríguez,Diputado
18319-07,0,1249,Omar Sabat Guzmán,Diputado
18319-07,0,1257,Alejandra Valdebenito Torres,Diputado
18319-07,0,815,Sergio Bobadilla Muñoz,Diputado
18320-18,0,1028,Eduardo Durán Salinas,Diputado
18320-18,0,1054,Francesca Muñoz González,Diputado
18320-18,0,1119,Sara Concha Smith,Diputado
18320-18,0,1133,Juan Irarrázaval Rossel,Diputado
18320-18,0,1236,Paula Olmos Contreras,Diputado
18321-14,0,1108,Juan Carlos Beltrán Silva,Diputado
18321-14,0,1132,Jorge Guzmán Zepeda,Diputado
18321-14,0,1205,Carlos Cuadrado Prats,Diputado
18321-14,0,1215,Álvaro Jofré Cáceres,Diputado
18321-14,0,1219,Tomás Kast Sommerhoff,Diputado
18321-14,0,1232,Cristian Neira Martínez,Diputado
18321-14,0,1234,Mario Olavarría Rodríguez,Diputado
18321-14,0,1249,Omar Sabat Guzmán,Diputado
18321-14,0,1251,Macarena Santelices Cañas,Diputado
18321-14,0,843,René Manuel García García,Diputado
18322-06,0,1061,Andrea Parra Sauterel,Diputado
18322-06,0,1099,Jaime Araya Guerrero,Diputado
18322-06,0,1110,Carlos Bianchi Chelech,Diputado
18322-06,0,1175,Cristián Tapia Ramos,Diputado
18322-06,0,1178,Héctor Ulloa Aguilera,Diputado
18322-06,0,1195,Carlos Carvajal Gallardo,Diputado
18322-06,0,1205,Carlos Cuadrado Prats,Diputado
18322-06,0,1264,Fernando Zamorano Peralta,Diputado
18323-07,0,1117,Iván Moreira Barros,Senador
18323-07,0,1324,Karim Bianchi Retamales,Senador
18323-07,0,1337,Paulina Núñez Urrutia,Senador
18323-07,0,1339,Gastón Saavedra Chandía,Senador
18323-07,0,911,Carlos Ignacio Kuschel Silva,Senador
18324-07,0,1021,Andrés Celis Montt,Diputado
18324-07,0,1028,Eduardo Durán Salinas,Diputado
18324-07,0,1060,Luis Pardo Sáinz,Diputado
18324-07,0,1062,Joanna Pérez Olea,Diputado
18324-07,0,1075,Diego Schalper Sepúlveda,Diputado
18324-07,0,1131,Mauro González Villarroel,Diputado
18324-07,0,1197,Carlos Chandía Alarcón,Diputado
18324-07,0,1219,Tomás Kast Sommerhoff,Diputado
18324-07,0,1242,Rodrigo Ramírez Parra,Diputado
18325-06,0,1074,Marisela Santibáñez Novoa,Diputado
18325-06,0,1102,Roberto Arroyo Muñoz,Diputado
18325-06,0,1132,Jorge Guzmán Zepeda,Diputado
18325-06,0,1174,Marco Antonio Sulantay Olivares,Diputado
18325-06,0,1175,Cristián Tapia Ramos,Diputado
18325-06,0,1193,Patricio Briones Moller,Diputado
18325-06,0,1195,Carlos Carvajal Gallardo,Diputado
18325-06,0,1197,Carlos Chandía Alarcón,Diputado
18325-06,0,1219,Tomás Kast Sommerhoff,Diputado
18325-06,0,1224,Cristian Mella Andaur,Diputado
18326-18,0,1028,Eduardo Durán Salinas,Diputado
18326-18,0,1082,Cristóbal Urruticoechea Ríos,Diputado
18326-18,0,1133,Juan Irarrázaval Rossel,Diputado
18326-18,0,1184,Roberto Celedón Fernández,Diputado
18326-18,0,1231,Ximena Naranjo Pinto,Diputado
18326-18,0,1236,Paula Olmos Contreras,Diputado
18326-18,0,1238,Álvaro Ortiz Vera,Diputado
18326-18,0,1240,Zandra Parisi Fernández,Diputado
18327-07,0,1105,Héctor Barría Angulo,Diputado
18327-07,0,1116,Felipe Camaño Cárdenas,Diputado
18327-07,0,1196,Priscilla Castillo Gerli,Diputado
18327-07,0,1208,Jorge Díaz Ibarra,Diputado
18327-07,0,1224,Cristian Mella Andaur,Diputado
18327-07,0,1229,Javier Muñoz Riquelme,Diputado
18327-07,0,1238,Álvaro Ortiz Vera,Diputado
18327-07,0,1241,Patricio Pinilla Valencia,Diputado
18328-05,0,1059,Ximena Ossandón Irarrázabal,Diputado
18328-05,0,1108,Juan Carlos Beltrán Silva,Diputado
18328-05,0,1215,Álvaro Jofré Cáceres,Diputado
18328-05,0,1227,Claudia Mora Vega,Diputado
18328-05,0,1235,Javier Olivares Avendaño,Diputado
18328-05,0,1261,Daniel Valenzuela Salazar,Diputado
18329-06,0,1009,Jorge Alessandri Vergara,Diputado
18329-06,0,1062,Joanna Pérez Olea,Diputado
18329-06,0,1182,Sebastián Videla Castillo,Diputado
18329-06,0,1193,Patricio Briones Moller,Diputado
18329-06,0,1199,Jaime Coloma Álamos,Diputado
18329-06,0,1215,Álvaro Jofré Cáceres,Diputado
18329-06,0,1218,José Antonio Kast Adriasola,Diputado
18329-06,0,1228,Paulina Muñoz Minte,Diputado
18329-06,0,1237,Francisco Orrego Gutiérrez,Diputado
18329-06,0,1248,Felipe Ross Correa,Diputado
18330-07,0,1065,Guillermo Ramírez Diez,Diputado
18330-07,0,1140,Daniel Lilayu Vivanco,Diputado
18330-07,0,1166,Natalia Romero Talguia,Diputado
18330-07,0,1174,Marco Antonio Sulantay Olivares,Diputado
18330-07,0,1199,Jaime Coloma Álamos,Diputado
18330-07,0,1202,Eduardo Cretton Rebolledo,Diputado
18330-07,0,1214,Constanza Hube Portus,Diputado
18330-07,0,1231,Ximena Naranjo Pinto,Diputado
18330-07,0,1257,Alejandra Valdebenito Torres,Diputado
18331-17,0,1021,Andrés Celis Montt,Diputado
18331-17,0,1028,Eduardo Durán Salinas,Diputado
18331-17,0,1059,Ximena Ossandón Irarrázabal,Diputado
18332-25,0,1324,Karim Bianchi Retamales,Senador
18332-25,0,1326,Juan Luis Castro González,Senador
18332-25,0,1330,Iván Flores García,Senador
18332-25,0,1337,Paulina Núñez Urrutia,Senador
18332-25,0,911,Carlos Ignacio Kuschel Silva,Senador
18333-07,0,1117,Iván Moreira Barros,Senador
18333-07,0,1324,Karim Bianchi Retamales,Senador
18333-07,0,1337,Paulina Núñez Urrutia,Senador
18333-07,0,1339,Gastón Saavedra Chandía,Senador
18333-07,0,1450,Paulina Vodanovic Rojas,Senador
18335-02,0,1222,Francisco Huenchumilla Jaramillo,Senador
18335-02,0,1330,Iván Flores García,Senador
18335-02,0,1337,Paulina Núñez Urrutia,Senador
18335-02,0,1339,Gastón Saavedra Chandía,Senador
18335-02,0,1508,Camila Flores Oporto,Senador
18336-15,0,1330,Iván Flores García,Senador
18336-15,0,1503,Miguel Ángel Calisto Águila,Senador
18337-12,0,1331,Sergio Gahona Salazar,Senador
18338-06,0,1500,Danisa Astudillo Peiretti,Senador
18339-35,0,1325,Fabiola Campillai Rojas,Senador
18339-35,0,1326,Juan Luis Castro González,Senador
18339-35,0,1333,Sebastián Keitel Bianchi,Senador
18339-35,0,1450,Paulina Vodanovic Rojas,Senador
18339-35,0,1502,Miguel Ángel Becker Alvear,Senador
18340-03,0,1507,Daniella Cicardini Milla,Senador
18342-02,0,1028,Eduardo Durán Salinas,Diputado
18342-02,0,1059,Ximena Ossandón Irarrázabal,Diputado
18342-02,0,1213,Irací Hassler Jacob,Diputado
18342-02,0,1227,Claudia Mora Vega,Diputado
18342-02,0,1234,Mario Olavarría Rodríguez,Diputado
18342-02,0,1243,Tamara Ramírez Ramírez,Diputado
18342-02,0,1260,César Valenzuela Maass,Diputado
18343-16,0,1065,Guillermo Ramírez Diez,Diputado
18343-16,0,1140,Daniel Lilayu Vivanco,Diputado
18343-16,0,1157,Marlene Pérez Cartes,Diputado
18343-16,0,1166,Natalia Romero Talguia,Diputado
18343-16,0,1174,Marco Antonio Sulantay Olivares,Diputado
18343-16,0,1183,Flor Weisse Novoa,Diputado
18343-16,0,1202,Eduardo Cretton Rebolledo,Diputado
18343-16,0,1214,Constanza Hube Portus,Diputado
18343-16,0,1231,Ximena Naranjo Pinto,Diputado
18343-16,0,1233,Ricardo Neumann Bertín,Diputado
18344-07,0,1107,María Francisca Bello Campos,Diputado
18344-07,0,1180,Consuelo Veloso Ávila,Diputado
18344-07,0,1209,Matías Fernández Hartwig,Diputado
18344-07,0,1210,Gustavo Gatica Villarroel,Diputado
18344-07,0,1224,Cristian Mella Andaur,Diputado
18344-07,0,1264,Fernando Zamorano Peralta,Diputado
18345-13,0,1012,Boris Barrera Moreno,Diputado
18345-13,0,1073,Juan Santana Castillo,Diputado
18345-13,0,1117,Nathalie Castillo Rojas,Diputado
18345-13,0,1122,Luis Alberto Cuello Peña y Lillo,Diputado
18345-13,0,1128,Ana María Gazmuri Vieira,Diputado
18345-13,0,1171,Emilia Schneider Videla,Diputado
18345-13,0,1173,Daniela Serrano Salazar,Diputado
18345-13,0,1188,Marcos Barraza Gómez,Diputado
18345-13,0,1236,Paula Olmos Contreras,Diputado
18345-13,0,1241,Patricio Pinilla Valencia,Diputado
18346-11,0,1114,Félix Bugueño Sotelo,Diputado
18346-11,0,1177,Carolina Tello Rojas,Diputado
18346-11,0,1180,Consuelo Veloso Ávila,Diputado
18346-11,0,1207,Valentina Cáceres Monsálvez,Diputado
18346-11,0,1213,Irací Hassler Jacob,Diputado
18346-11,0,1224,Cristian Mella Andaur,Diputado
18347-29,0,1013,Alejandro Bernales Maldonado,Diputado
18347-29,0,1074,Marisela Santibáñez Novoa,Diputado
18347-29,0,1141,Luis Malla Valenzuela,Diputado
18347-29,0,1176,Hotuiti Teao Drago,Diputado
18347-29,0,1182,Sebastián Videla Castillo,Diputado
18347-29,0,1193,Patricio Briones Moller,Diputado
18347-29,0,1197,Carlos Chandía Alarcón,Diputado
18347-29,0,986,Marcela Hernando Pérez,Diputado
18348-13,0,1074,Marisela Santibáñez Novoa,Diputado
18348-13,0,1119,Sara Concha Smith,Diputado
18348-13,0,1133,Juan Irarrázaval Rossel,Diputado
18348-13,0,1218,José Antonio Kast Adriasola,Diputado
18348-13,0,1221,Benjamín Lorca Inzunza,Diputado
18348-13,0,1227,Claudia Mora Vega,Diputado
18348-13,0,1231,Ximena Naranjo Pinto,Diputado
18348-13,0,1243,Tamara Ramírez Ramírez,Diputado
18348-13,0,1247,Javiera Rodríguez Pascual,Diputado
18348-13,0,1255,Eileen Urqueta Rojas,Diputado
18349-06,0,1028,Eduardo Durán Salinas,Diputado
18349-06,0,1062,Joanna Pérez Olea,Diputado
18349-06,0,1215,Álvaro Jofré Cáceres,Diputado
18349-06,0,1227,Claudia Mora Vega,Diputado
18349-06,0,1234,Mario Olavarría Rodríguez,Diputado
18349-06,0,1235,Javier Olivares Avendaño,Diputado
18349-06,0,1248,Felipe Ross Correa,Diputado
18350-25,0,1157,Marlene Pérez Cartes,Diputado
18350-25,0,1166,Natalia Romero Talguia,Diputado
18350-25,0,1199,Jaime Coloma Álamos,Diputado
18350-25,0,1202,Eduardo Cretton Rebolledo,Diputado
18350-25,0,1231,Ximena Naranjo Pinto,Diputado
18350-25,0,1233,Ricardo Neumann Bertín,Diputado
18350-25,0,1249,Omar Sabat Guzmán,Diputado
18350-25,0,815,Sergio Bobadilla Muñoz,Diputado
18351-07,0,1025,Catalina Del Real Mihovilovic,Diputado
18351-07,0,1100,Cristián Araya Lerdo de Tejada,Diputado
18351-07,0,1203,Sebastián Cristoffanini Jaraquemada,Diputado
18351-07,0,1232,Cristian Neira Martínez,Diputado
18351-07,0,1244,Claudia Reyes Larenas,Diputado
18351-07,0,1247,Javiera Rodríguez Pascual,Diputado
18351-07,0,1254,Ignacio Urcullú Clèment-Lund,Diputado
18352-04,0,1061,Andrea Parra Sauterel,Diputado
18352-04,0,1073,Juan Santana Castillo,Diputado
18352-04,0,1114,Félix Bugueño Sotelo,Diputado
18352-04,0,1173,Daniela Serrano Salazar,Diputado
18352-04,0,1195,Carlos Carvajal Gallardo,Diputado
18352-04,0,1204,Francisco Crisóstomo Llanos,Diputado
18352-04,0,1226,José Montalva Feuerhake,Diputado
18352-04,0,1236,Paula Olmos Contreras,Diputado
18352-04,0,1239,Fabián Ossandón Briceño,Diputado
18353-07,0,1060,Luis Pardo Sáinz,Diputado
18353-07,0,1104,Chiara Barchiesi Chávez,Diputado
18353-07,0,1152,Gloria Naveillan Arriagada,Diputado
18353-07,0,1190,Enrique Bassaletti Riess,Diputado
18353-07,0,1193,Patricio Briones Moller,Diputado
18353-07,0,1217,Pier Karlezi Hazleby,Diputado
18353-07,0,1219,Tomás Kast Sommerhoff,Diputado
18353-07,0,1234,Mario Olavarría Rodríguez,Diputado
18354-07,0,1192,Lilian Betancurt Delgado,Diputado
18354-07,0,1201,Flor Contreras Vivallo,Diputado
18354-07,0,1230,Alex Nahuelquin Nahuelquin,Diputado
18354-07,0,1236,Paula Olmos Contreras,Diputado
18354-07,0,1239,Fabián Ossandón Briceño,Diputado
18354-07,0,1243,Tamara Ramírez Ramírez,Diputado
18354-07,0,1255,Eileen Urqueta Rojas,Diputado
18354-07,0,1259,Juan Marcelo Valenzuela Henríquez,Diputado
18355-25,0,1117,Iván Moreira Barros,Senador
18355-25,0,1324,Karim Bianchi Retamales,Senador
18355-25,0,1337,Paulina Núñez Urrutia,Senador
18355-25,0,1339,Gastón Saavedra Chandía,Senador
18355-25,0,1450,Paulina Vodanovic Rojas,Senador
18356-25,0,1324,Karim Bianchi Retamales,Senador
18356-25,0,1337,Paulina Núñez Urrutia,Senador
18356-25,0,1343,Esteban Velásquez Núñez,Senador
18356-25,0,1500,Danisa Astudillo Peiretti,Senador
18356-25,0,1516,Renzo Trisotti Martínez,Senador
18357-06,0,1117,Iván Moreira Barros,Senador
18357-06,0,1324,Karim Bianchi Retamales,Senador
18357-06,0,1326,Juan Luis Castro González,Senador
18357-06,0,1337,Paulina Núñez Urrutia,Senador
18357-06,0,1339,Gastón Saavedra Chandía,Senador
18358-03,0,1039,Pamela Jiles Moreno,Diputado
18358-03,0,1061,Andrea Parra Sauterel,Diputado
18358-03,0,1077,Raúl Soto Mardones,Diputado
18358-03,0,1110,Carlos Bianchi Chelech,Diputado
18358-03,0,1178,Héctor Ulloa Aguilera,Diputado
18358-03,0,1189,Jaime Bassa Mercado,Diputado
18358-03,0,1195,Carlos Carvajal Gallardo,Diputado
18358-03,0,1205,Carlos Cuadrado Prats,Diputado
18358-03,0,1226,José Montalva Feuerhake,Diputado
18358-03,0,1241,Patricio Pinilla Valencia,Diputado
18359-07,0,1061,Andrea Parra Sauterel,Diputado
18359-07,0,1110,Carlos Bianchi Chelech,Diputado
18359-07,0,1189,Jaime Bassa Mercado,Diputado
18359-07,0,1195,Carlos Carvajal Gallardo,Diputado
18359-07,0,1205,Carlos Cuadrado Prats,Diputado
18359-07,0,1226,José Montalva Feuerhake,Diputado
18359-07,0,1238,Álvaro Ortiz Vera,Diputado
18359-07,0,1241,Patricio Pinilla Valencia,Diputado
18360-07,0,1150,Benjamín Moreno Bascur,Diputado
18360-07,0,1170,Luis Sánchez Ossa,Diputado
18360-07,0,1192,Lilian Betancurt Delgado,Diputado
18360-07,0,1193,Patricio Briones Moller,Diputado
18360-07,0,1223,Hans Marowski Cuevas,Diputado
18360-07,0,1235,Javier Olivares Avendaño,Diputado
18360-07,0,1237,Francisco Orrego Gutiérrez,Diputado
18360-07,0,1243,Tamara Ramírez Ramírez,Diputado
18360-07,0,1247,Javiera Rodríguez Pascual,Diputado
18360-07,0,1261,Daniel Valenzuela Salazar,Diputado
18361-02,0,1017,Álvaro Carter Fernández,Diputado
18361-02,0,1165,Agustín Romero Leiva,Diputado
18361-02,0,1190,Enrique Bassaletti Riess,Diputado
18361-02,0,1216,Stephanie Jéldrez Ortiz,Diputado
18361-02,0,1220,Leandro Kunstmann Collado,Diputado
18362-19,0,1021,Andrés Celis Montt,Diputado
18362-19,0,1086,Gonzalo Winter Etcheberry,Diputado
18362-19,0,1087,Gael Yeomans Araya,Diputado
18362-19,0,1142,Daniel Manouchehri Lobos,Diputado
18362-19,0,1143,Cristóbal Martínez Ramírez,Diputado
18362-19,0,1173,Daniela Serrano Salazar,Diputado
18362-19,0,1180,Consuelo Veloso Ávila,Diputado
18362-19,0,1193,Patricio Briones Moller,Diputado
18362-19,0,1226,José Montalva Feuerhake,Diputado
18362-19,0,1260,César Valenzuela Maass,Diputado
18363-06,0,1021,Andrés Celis Montt,Diputado
18363-06,0,1028,Eduardo Durán Salinas,Diputado
18363-06,0,1108,Juan Carlos Beltrán Silva,Diputado
18363-06,0,1197,Carlos Chandía Alarcón,Diputado
18363-06,0,1227,Claudia Mora Vega,Diputado
18363-06,0,1242,Rodrigo Ramírez Parra,Diputado
18363-06,0,1261,Daniel Valenzuela Salazar,Diputado
18364-07,0,1087,Gael Yeomans Araya,Diputado
18364-07,0,1105,Héctor Barría Angulo,Diputado
18364-07,0,1122,Luis Alberto Cuello Peña y Lillo,Diputado
18364-07,0,1178,Héctor Ulloa Aguilera,Diputado
18364-07,0,1205,Carlos Cuadrado Prats,Diputado
18364-07,0,1224,Cristian Mella Andaur,Diputado
18364-07,0,1241,Patricio Pinilla Valencia,Diputado
18365-07,0,1021,Andrés Celis Montt,Diputado
18365-07,0,1178,Héctor Ulloa Aguilera,Diputado
18365-07,0,1207,Valentina Cáceres Monsálvez,Diputado
18365-07,0,1211,Sofía González Cortés,Diputado
18365-07,0,1259,Juan Marcelo Valenzuela Henríquez,Diputado
18365-07,0,1260,César Valenzuela Maass,Diputado
18366-25,0,1117,Nathalie Castillo Rojas,Diputado
18366-25,0,1122,Luis Alberto Cuello Peña y Lillo,Diputado
18366-25,0,1159,Lorena Pizarro Sierra,Diputado
18366-25,0,1189,Jaime Bassa Mercado,Diputado
18366-25,0,1211,Sofía González Cortés,Diputado
18366-25,0,1250,Bernardo Salinas Maya,Diputado
18367-25,0,1021,Andrés Celis Montt,Diputado
18367-25,0,1028,Eduardo Durán Salinas,Diputado
18367-25,0,1059,Ximena Ossandón Irarrázabal,Diputado
18367-25,0,1060,Luis Pardo Sáinz,Diputado
18367-25,0,1075,Diego Schalper Sepúlveda,Diputado
18367-25,0,1108,Juan Carlos Beltrán Silva,Diputado
18367-25,0,1131,Mauro González Villarroel,Diputado
18367-25,0,1237,Francisco Orrego Gutiérrez,Diputado
18367-25,0,1261,Daniel Valenzuela Salazar,Diputado
18368-07,0,1327,Luciano Cruz-Coke Carvallo,Senador
18368-07,0,1328,Rojo Edwards,Senador
18368-07,0,1502,Miguel Ángel Becker Alvear,Senador
18368-07,0,1512,Andrés Longton Herrera,Senador
18368-07,0,1518,Cristian Vial Maceratta,Senador
18369-07,0,1340,Gustavo Sanhueza Dueñas,Senador
18369-07,0,1500,Danisa Astudillo Peiretti,Senador
18369-07,0,1502,Miguel Ángel Becker Alvear,Senador
18369-07,0,1505,Rodolfo Carter Fernández,Senador
18369-07,0,1518,Cristian Vial Maceratta,Senador
18370-25,0,1224,Ximena Ordenes Neira,Senador
18370-25,0,1326,Juan Luis Castro González,Senador
18370-25,0,1330,Iván Flores García,Senador
18370-25,0,1337,Paulina Núñez Urrutia,Senador
18370-25,0,1512,Andrés Longton Herrera,Senador
18371-21,0,1329,Fidel Espinoza Sandoval,Senador
18371-21,0,1330,Iván Flores García,Senador
18371-21,0,1334,Alejandro Kusanovic Glusevic,Senador
18371-21,0,1503,Miguel Ángel Calisto Águila,Senador
18371-21,0,911,Carlos Ignacio Kuschel Silva,Senador
18372-25,0,1341,Alejandra Sepúlveda Orbenes,Senador
18372-25,0,1343,Esteban Velásquez Núñez,Senador
18372-25,0,1500,Danisa Astudillo Peiretti,Senador
18373-07,0,1028,Eduardo Durán Salinas,Diputado
18373-07,0,1059,Ximena Ossandón Irarrázabal,Diputado
18373-07,0,1075,Diego Schalper Sepúlveda,Diputado
18373-07,0,1108,Juan Carlos Beltrán Silva,Diputado
18373-07,0,1227,Claudia Mora Vega,Diputado
18373-07,0,1242,Rodrigo Ramírez Parra,Diputado
18373-07,0,843,René Manuel García García,Diputado
18374-06,0,1021,Andrés Celis Montt,Diputado
18374-06,0,1059,Ximena Ossandón Irarrázabal,Diputado
18374-06,0,1197,Carlos Chandía Alarcón,Diputado
18374-06,0,1227,Claudia Mora Vega,Diputado
18374-06,0,1261,Daniel Valenzuela Salazar,Diputado
18375-29,0,1116,Felipe Camaño Cárdenas,Diputado
18375-29,0,1141,Luis Malla Valenzuela,Diputado
18375-29,0,1208,Jorge Díaz Ibarra,Diputado
18375-29,0,1224,Cristian Mella Andaur,Diputado
18376-13,0,1059,Ximena Ossandón Irarrázabal,Diputado
18376-13,0,1074,Marisela Santibáñez Novoa,Diputado
18376-13,0,1087,Gael Yeomans Araya,Diputado
18376-13,0,1122,Luis Alberto Cuello Peña y Lillo,Diputado
18376-13,0,1128,Ana María Gazmuri Vieira,Diputado
18376-13,0,1181,Nelson Venegas Salazar,Diputado
18377-06,0,1224,Ximena Ordenes Neira,Senador
18377-06,0,1337,Paulina Núñez Urrutia,Senador
18377-06,0,1343,Esteban Velásquez Núñez,Senador
18377-06,0,1500,Danisa Astudillo Peiretti,Senador
18377-06,0,1505,Rodolfo Carter Fernández,Senador
18379-15,0,1320,Loreto Carvajal Ambiado,Senador
18379-15,0,1334,Alejandro Kusanovic Glusevic,Senador
18379-15,0,1342,Enrique Van Rysselberghe Herrera,Senador
18379-15,0,1500,Danisa Astudillo Peiretti,Senador
18379-15,0,1508,Camila Flores Oporto,Senador
18380-07,0,1187,Carlo Arqueros Pizarro,Diputado
18381-02,0,1017,Álvaro Carter Fernández,Diputado
18381-02,0,1170,Luis Sánchez Ossa,Diputado
18381-02,0,1219,Tomás Kast Sommerhoff,Diputado
18381-02,0,1223,Hans Marowski Cuevas,Diputado
18381-02,0,1235,Javier Olivares Avendaño,Diputado
18381-02,0,1261,Daniel Valenzuela Salazar,Diputado
18381-02,0,1263,Sebastián Zamora Soto,Diputado
18382-29,0,1054,Francesca Muñoz González,Diputado
18382-29,0,1074,Marisela Santibáñez Novoa,Diputado
18382-29,0,1102,Roberto Arroyo Muñoz,Diputado
18382-29,0,1119,Sara Concha Smith,Diputado
18382-29,0,1174,Marco Antonio Sulantay Olivares,Diputado
18382-29,0,1175,Cristián Tapia Ramos,Diputado
18382-29,0,1189,Jaime Bassa Mercado,Diputado
18382-29,0,1193,Patricio Briones Moller,Diputado
18382-29,0,1197,Carlos Chandía Alarcón,Diputado
18382-29,0,1263,Sebastián Zamora Soto,Diputado
18383-06,0,1061,Andrea Parra Sauterel,Diputado
18383-06,0,1128,Ana María Gazmuri Vieira,Diputado
18383-06,0,1188,Marcos Barraza Gómez,Diputado
18383-06,0,1211,Sofía González Cortés,Diputado
18383-06,0,1260,César Valenzuela Maass,Diputado
18385-07,0,1328,Rojo Edwards,Senador
18385-07,0,1510,Vanessa Kaiser Barents-Von Hohenhagen,Senador
18385-07,0,1517,Ignacio Urrutia Bonilla,Senador
18385-07,0,911,Carlos Ignacio Kuschel Silva,Senador
18386-08,0,1021,Andrés Celis Montt,Diputado
18386-08,0,1025,Catalina Del Real Mihovilovic,Diputado
18386-08,0,1044,Raúl Leiva Carvajal,Diputado
18386-08,0,1075,Diego Schalper Sepúlveda,Diputado
18386-08,0,1183,Flor Weisse Novoa,Diputado
18386-08,0,1205,Carlos Cuadrado Prats,Diputado
18386-08,0,1218,José Antonio Kast Adriasola,Diputado
18386-08,0,1219,Tomás Kast Sommerhoff,Diputado
18386-08,0,1244,Claudia Reyes Larenas,Diputado
18386-08,0,1251,Macarena Santelices Cañas,Diputado
18387-11,0,1021,Andrés Celis Montt,Diputado
18387-11,0,1025,Catalina Del Real Mihovilovic,Diputado
18387-11,0,1102,Roberto Arroyo Muñoz,Diputado
18387-11,0,1110,Carlos Bianchi Chelech,Diputado
18387-11,0,1192,Lilian Betancurt Delgado,Diputado
18387-11,0,1193,Patricio Briones Moller,Diputado
18387-11,0,1236,Paula Olmos Contreras,Diputado
18387-11,0,1251,Macarena Santelices Cañas,Diputado
18387-11,0,1257,Alejandra Valdebenito Torres,Diputado
18387-11,0,1258,Guillermo Valdés Carmona,Diputado
18388-06,0,1061,Andrea Parra Sauterel,Diputado
18388-06,0,1114,Félix Bugueño Sotelo,Diputado
18388-06,0,1206,Carolina Cucumides Calderón,Diputado
18388-06,0,1209,Matías Fernández Hartwig,Diputado
18390-07,0,1192,Lilian Betancurt Delgado,Diputado
18390-07,0,1193,Patricio Briones Moller,Diputado
18390-07,0,1230,Alex Nahuelquin Nahuelquin,Diputado
18390-07,0,1235,Javier Olivares Avendaño,Diputado
18391-09,0,1013,Alejandro Bernales Maldonado,Diputado
18391-09,0,1141,Luis Malla Valenzuela,Diputado
18391-09,0,1182,Sebastián Videla Castillo,Diputado
18391-09,0,986,Marcela Hernando Pérez,Diputado
18392-04,0,1009,Jorge Alessandri Vergara,Diputado
18392-04,0,1059,Ximena Ossandón Irarrázabal,Diputado
18392-04,0,1116,Felipe Camaño Cárdenas,Diputado
18393-08,0,1230,Alex Nahuelquin Nahuelquin,Diputado
18394-16,0,1150,Benjamín Moreno Bascur,Diputado
18395-07,0,1038,Marcos Ilabaca Cerda,Diputado
18395-07,0,1128,Ana María Gazmuri Vieira,Diputado
18395-07,0,1159,Lorena Pizarro Sierra,Diputado
18395-07,0,1180,Consuelo Veloso Ávila,Diputado
18395-07,0,1188,Marcos Barraza Gómez,Diputado
18395-07,0,1189,Jaime Bassa Mercado,Diputado
18395-07,0,1211,Sofía González Cortés,Diputado
18395-07,0,1213,Irací Hassler Jacob,Diputado
18395-07,0,1224,Cristian Mella Andaur,Diputado
18395-07,0,1226,José Montalva Feuerhake,Diputado
18396-06,0,1146,José Carlos Meza Pereira,Diputado
18396-06,0,1172,Stephan Schubert Rubio,Diputado
18396-06,0,1193,Patricio Briones Moller,Diputado
18396-06,0,1201,Flor Contreras Vivallo,Diputado
18396-06,0,1217,Pier Karlezi Hazleby,Diputado
18396-06,0,1230,Alex Nahuelquin Nahuelquin,Diputado
18396-06,0,1237,Francisco Orrego Gutiérrez,Diputado
18397-07,0,1100,Cristián Araya Lerdo de Tejada,Diputado
18397-07,0,1102,Roberto Arroyo Muñoz,Diputado
18397-07,0,1132,Jorge Guzmán Zepeda,Diputado
18397-07,0,1190,Enrique Bassaletti Riess,Diputado
18397-07,0,1192,Lilian Betancurt Delgado,Diputado
18397-07,0,1217,Pier Karlezi Hazleby,Diputado
18397-07,0,1219,Tomás Kast Sommerhoff,Diputado
18397-07,0,1223,Hans Marowski Cuevas,Diputado
18397-07,0,1235,Javier Olivares Avendaño,Diputado
18397-07,0,843,René Manuel García García,Diputado
18398-06,0,1255,Eileen Urqueta Rojas,Diputado
18399-06,0,1195,Carlos Carvajal Gallardo,Diputado
18399-06,0,1215,Álvaro Jofré Cáceres,Diputado
18399-06,0,1231,Ximena Naranjo Pinto,Diputado
18400-01,0,1133,Juan Irarrázaval Rossel,Diputado
18400-01,0,1150,Benjamín Moreno Bascur,Diputado
18400-01,0,1165,Agustín Romero Leiva,Diputado
18400-01,0,1203,Sebastián Cristoffanini Jaraquemada,Diputado
18400-01,0,1220,Leandro Kunstmann Collado,Diputado
18400-01,0,1225,Cristian Menchaca Pinochet,Diputado
18400-01,0,1244,Claudia Reyes Larenas,Diputado
18400-01,0,1245,Alejandro Riquelme Ducci,Diputado
18400-01,0,1253,Fernando Ugarte Tejeda,Diputado
18400-01,0,1254,Ignacio Urcullú Clèment-Lund,Diputado
18402-33,0,1117,Nathalie Castillo Rojas,Diputado
18402-33,0,1177,Carolina Tello Rojas,Diputado
18402-33,0,1206,Carolina Cucumides Calderón,Diputado
18402-33,0,1211,Sofía González Cortés,Diputado
18402-33,0,1255,Eileen Urqueta Rojas,Diputado
18402-33,0,986,Marcela Hernando Pérez,Diputado
18403-24,0,1013,Alejandro Bernales Maldonado,Diputado
18403-24,0,1099,Jaime Araya Guerrero,Diputado
18403-24,0,1122,Luis Alberto Cuello Peña y Lillo,Diputado
18403-24,0,1176,Hotuiti Teao Drago,Diputado
18403-24,0,1182,Sebastián Videla Castillo,Diputado
18403-24,0,1186,Ignacio Achurra Díaz,Diputado
18403-24,0,1195,Carlos Carvajal Gallardo,Diputado
18403-24,0,1197,Carlos Chandía Alarcón,Diputado
18404-13,0,1117,Iván Moreira Barros,Senador
18404-13,0,1327,Luciano Cruz-Coke Carvallo,Senador
18404-13,0,1337,Paulina Núñez Urrutia,Senador
18404-13,0,1339,Gastón Saavedra Chandía,Senador
18404-13,0,1501,Andrea Balladares Letelier,Senador
18405-25,0,1028,Eduardo Durán Salinas,Diputado
18405-25,0,1059,Ximena Ossandón Irarrázabal,Diputado
18405-25,0,1060,Luis Pardo Sáinz,Diputado
18405-25,0,1075,Diego Schalper Sepúlveda,Diputado
18405-25,0,1131,Mauro González Villarroel,Diputado
18405-25,0,1197,Carlos Chandía Alarcón,Diputado
18405-25,0,1219,Tomás Kast Sommerhoff,Diputado
18405-25,0,1227,Claudia Mora Vega,Diputado
18405-25,0,1237,Francisco Orrego Gutiérrez,Diputado
18405-25,0,1242,Rodrigo Ramírez Parra,Diputado
18406-02,0,1120,Manuel José Ossandón Irarrázabal,Senador
18406-02,0,1328,Rojo Edwards,Senador
18406-02,0,1502,Miguel Ángel Becker Alvear,Senador
18406-02,0,1515,Arturo Squella Ovalle,Senador
18406-02,0,911,Carlos Ignacio Kuschel Silva,Senador
18407-25,0,1341,Alejandra Sepúlveda Orbenes,Senador
18407-25,0,1343,Esteban Velásquez Núñez,Senador
18408-25,0,1017,Álvaro Carter Fernández,Diputado
18408-25,0,1044,Raúl Leiva Carvajal,Diputado
18408-25,0,1132,Jorge Guzmán Zepeda,Diputado
18408-25,0,1170,Luis Sánchez Ossa,Diputado
18408-25,0,1216,Stephanie Jéldrez Ortiz,Diputado
18408-25,0,1219,Tomás Kast Sommerhoff,Diputado
18408-25,0,1223,Hans Marowski Cuevas,Diputado
18408-25,0,1235,Javier Olivares Avendaño,Diputado
18408-25,0,1249,Omar Sabat Guzmán,Diputado
18408-25,0,1261,Daniel Valenzuela Salazar,Diputado
18409-03,0,1009,Jorge Alessandri Vergara,Diputado
18409-03,0,1065,Guillermo Ramírez Diez,Diputado
18409-03,0,1174,Marco Antonio Sulantay Olivares,Diputado
18409-03,0,1176,Hotuiti Teao Drago,Diputado
18409-03,0,1183,Flor Weisse Novoa,Diputado
18409-03,0,1199,Jaime Coloma Álamos,Diputado
18409-03,0,1202,Eduardo Cretton Rebolledo,Diputado
18409-03,0,1234,Mario Olavarría Rodríguez,Diputado
18409-03,0,1257,Alejandra Valdebenito Torres,Diputado
18409-03,0,815,Sergio Bobadilla Muñoz,Diputado
18410-07,0,1062,Joanna Pérez Olea,Diputado
18410-07,0,1108,Juan Carlos Beltrán Silva,Diputado
18410-07,0,1227,Claudia Mora Vega,Diputado
18410-07,0,1242,Rodrigo Ramírez Parra,Diputado
18410-07,0,843,René Manuel García García,Diputado
18411-11,0,1028,Eduardo Durán Salinas,Diputado
18411-11,0,1074,Marisela Santibáñez Novoa,Diputado
18411-11,0,1102,Roberto Arroyo Muñoz,Diputado
18411-11,0,1128,Ana María Gazmuri Vieira,Diputado
18411-11,0,1213,Irací Hassler Jacob,Diputado
18411-11,0,1235,Javier Olivares Avendaño,Diputado
18411-11,0,1236,Paula Olmos Contreras,Diputado
18411-11,0,1239,Fabián Ossandón Briceño,Diputado
18411-11,0,1240,Zandra Parisi Fernández,Diputado
18411-11,0,1243,Tamara Ramírez Ramírez,Diputado
18412-07,0,1056,Emilia Nuyado Ancapichun,Diputado
18412-07,0,1181,Nelson Venegas Salazar,Diputado
18412-07,0,1206,Carolina Cucumides Calderón,Diputado
18412-07,0,1246,José Antonio Rivas Villalobos,Diputado
18412-07,0,1260,César Valenzuela Maass,Diputado
18413-07,0,1013,Alejandro Bernales Maldonado,Diputado
18413-07,0,1044,Raúl Leiva Carvajal,Diputado
18413-07,0,1060,Luis Pardo Sáinz,Diputado
18413-07,0,1062,Joanna Pérez Olea,Diputado
18413-07,0,1065,Guillermo Ramírez Diez,Diputado
18413-07,0,1075,Diego Schalper Sepúlveda,Diputado
18413-07,0,1087,Gael Yeomans Araya,Diputado
18413-07,0,1132,Jorge Guzmán Zepeda,Diputado
18413-07,0,1205,Carlos Cuadrado Prats,Diputado
18413-07,0,872,Jaime Mulet Martínez,Diputado
18414-18,0,1025,Catalina Del Real Mihovilovic,Diputado
18414-18,0,1028,Eduardo Durán Salinas,Diputado
18414-18,0,1074,Marisela Santibáñez Novoa,Diputado
18414-18,0,1116,Felipe Camaño Cárdenas,Diputado
18414-18,0,1191,Valentina Becerra Peña,Diputado
18414-18,0,1198,Paz Charpentier Rajcevich,Diputado
18414-18,0,1216,Stephanie Jéldrez Ortiz,Diputado
18414-18,0,1227,Claudia Mora Vega,Diputado
18414-18,0,1240,Zandra Parisi Fernández,Diputado
18414-18,0,1244,Claudia Reyes Larenas,Diputado
18415-18,0,1021,Andrés Celis Montt,Diputado
18415-18,0,1054,Francesca Muñoz González,Diputado
18415-18,0,1119,Sara Concha Smith,Diputado
18415-18,0,1193,Patricio Briones Moller,Diputado
18415-18,0,1219,Tomás Kast Sommerhoff,Diputado
18415-18,0,1223,Hans Marowski Cuevas,Diputado
18415-18,0,1226,José Montalva Feuerhake,Diputado
18415-18,0,1243,Tamara Ramírez Ramírez,Diputado
18416-07,0,1028,Eduardo Durán Salinas,Diputado
18416-07,0,1039,Pamela Jiles Moreno,Diputado
18416-07,0,1054,Francesca Muñoz González,Diputado
18416-07,0,1119,Sara Concha Smith,Diputado
18416-07,0,1133,Juan Irarrázaval Rossel,Diputado
18416-07,0,1184,Roberto Celedón Fernández,Diputado
18416-07,0,1237,Francisco Orrego Gutiérrez,Diputado
18417-04,0,1191,Valentina Becerra Peña,Diputado
18417-04,0,1198,Paz Charpentier Rajcevich,Diputado
18417-04,0,1203,Sebastián Cristoffanini Jaraquemada,Diputado
18417-04,0,1217,Pier Karlezi Hazleby,Diputado
18417-04,0,1223,Hans Marowski Cuevas,Diputado
18417-04,0,1233,Ricardo Neumann Bertín,Diputado
18417-04,0,1247,Javiera Rodríguez Pascual,Diputado
18417-04,0,1251,Macarena Santelices Cañas,Diputado
18417-04,0,1262,Diego Vergara Rodríguez,Diputado
18418-04,0,1059,Ximena Ossandón Irarrázabal,Diputado
18418-04,0,1060,Luis Pardo Sáinz,Diputado
18418-04,0,1075,Diego Schalper Sepúlveda,Diputado
18418-04,0,1119,Sara Concha Smith,Diputado
18418-04,0,1227,Claudia Mora Vega,Diputado
18418-04,0,1233,Ricardo Neumann Bertín,Diputado
18418-04,0,1237,Francisco Orrego Gutiérrez,Diputado
18418-04,0,815,Sergio Bobadilla Muñoz,Diputado
18418-04,0,915,Germán Verdugo Soto,Diputado
18419-11,0,1025,Catalina Del Real Mihovilovic,Diputado
18419-11,0,1082,Cristóbal Urruticoechea Ríos,Diputado
18419-11,0,1104,Chiara Barchiesi Chávez,Diputado
18419-11,0,1215,Álvaro Jofré Cáceres,Diputado
18419-11,0,1244,Claudia Reyes Larenas,Diputado
18420-25,0,1117,Iván Moreira Barros,Senador
18420-25,0,1330,Iván Flores García,Senador
18420-25,0,1337,Paulina Núñez Urrutia,Senador
18420-25,0,1518,Cristian Vial Maceratta,Senador
18420-25,0,911,Carlos Ignacio Kuschel Silva,Senador
18421-07,0,1110,Pedro Araya Guerrero,Senador
18421-07,0,1117,Iván Moreira Barros,Senador
18421-07,0,1335,Javier Macaya Danús,Senador
18421-07,0,1337,Paulina Núñez Urrutia,Senador
18421-07,0,1450,Paulina Vodanovic Rojas,Senador
18422-06,0,1320,Loreto Carvajal Ambiado,Senador
18422-06,0,1344,Matías Walker Prieto,Senador
18422-06,0,1500,Danisa Astudillo Peiretti,Senador
18422-06,0,1502,Miguel Ángel Becker Alvear,Senador
18422-06,0,1503,Miguel Ángel Calisto Águila,Senador
18423-07,0,1334,Alejandro Kusanovic Glusevic,Senador
18423-07,0,1510,Vanessa Kaiser Barents-Von Hohenhagen,Senador
18423-07,0,1515,Arturo Squella Ovalle,Senador
18423-07,0,1517,Ignacio Urrutia Bonilla,Senador
18423-07,0,1518,Cristian Vial Maceratta,Senador
18424-07,0,1507,Daniella Cicardini Milla,Senador
18425-15,0,1340,Gustavo Sanhueza Dueñas,Senador
18425-15,0,1505,Rodolfo Carter Fernández,Senador
18425-15,0,1512,Andrés Longton Herrera,Senador
18425-15,0,1517,Ignacio Urrutia Bonilla,Senador
18425-15,0,1518,Cristian Vial Maceratta,Senador
18426-07,0,1110,Pedro Araya Guerrero,Senador
18426-07,0,1324,Karim Bianchi Retamales,Senador
18426-07,0,1510,Vanessa Kaiser Barents-Von Hohenhagen,Senador
18426-07,0,1515,Arturo Squella Ovalle,Senador
18426-07,0,1518,Cristian Vial Maceratta,Senador
18427-07,0,1115,Alfonso De Urresti Longton,Senador
18427-07,0,1327,Luciano Cruz-Coke Carvallo,Senador
18427-07,0,1335,Javier Macaya Danús,Senador
18427-07,0,1450,Paulina Vodanovic Rojas,Senador
18427-07,0,1501,Andrea Balladares Letelier,Senador
18430-07,0,1117,Iván Moreira Barros,Senador
18430-07,0,1224,Ximena Ordenes Neira,Senador
18430-07,0,1337,Paulina Núñez Urrutia,Senador
18430-07,0,1339,Gastón Saavedra Chandía,Senador
18430-07,0,1450,Paulina Vodanovic Rojas,Senador
18432-07,0,1021,Andrés Celis Montt,Diputado
18432-07,0,1059,Ximena Ossandón Irarrázabal,Diputado
18432-07,0,1060,Luis Pardo Sáinz,Diputado
18432-07,0,1075,Diego Schalper Sepúlveda,Diputado
18432-07,0,1131,Mauro González Villarroel,Diputado
18432-07,0,1237,Francisco Orrego Gutiérrez,Diputado
18433-04,0,1082,Cristóbal Urruticoechea Ríos,Diputado
18433-04,0,1102,Roberto Arroyo Muñoz,Diputado
18433-04,0,1192,Lilian Betancurt Delgado,Diputado
18433-04,0,1217,Pier Karlezi Hazleby,Diputado
18433-04,0,1219,Tomás Kast Sommerhoff,Diputado
18433-04,0,1223,Hans Marowski Cuevas,Diputado
18434-07,0,1021,Andrés Celis Montt,Diputado
18434-07,0,1028,Eduardo Durán Salinas,Diputado
18434-07,0,1044,Raúl Leiva Carvajal,Diputado
18434-07,0,1075,Diego Schalper Sepúlveda,Diputado
18434-07,0,1099,Jaime Araya Guerrero,Diputado
18434-07,0,1108,Juan Carlos Beltrán Silva,Diputado
18434-07,0,1131,Mauro González Villarroel,Diputado
18435-01,0,1056,Emilia Nuyado Ancapichun,Diputado
18435-01,0,1062,Joanna Pérez Olea,Diputado
18435-01,0,1114,Félix Bugueño Sotelo,Diputado
18435-01,0,1119,Sara Concha Smith,Diputado
18435-01,0,1140,Daniel Lilayu Vivanco,Diputado
18435-01,0,1166,Natalia Romero Talguia,Diputado
18435-01,0,1194,Daniel Bustos Leal,Diputado
18435-01,0,1229,Javier Muñoz Riquelme,Diputado
18435-01,0,1242,Rodrigo Ramírez Parra,Diputado
18435-01,0,1258,Guillermo Valdés Carmona,Diputado
18437-37,0,1117,Iván Moreira Barros,Senador
18437-37,0,1120,Manuel José Ossandón Irarrázabal,Senador
18437-37,0,1337,Paulina Núñez Urrutia,Senador
18437-37,0,1339,Gastón Saavedra Chandía,Senador
18437-37,0,911,Carlos Ignacio Kuschel Silva,Senador
18438-02,0,1120,Manuel José Ossandón Irarrázabal,Senador
18438-02,0,1324,Karim Bianchi Retamales,Senador
18438-02,0,1502,Miguel Ángel Becker Alvear,Senador
18438-02,0,1518,Cristian Vial Maceratta,Senador
18439-02,0,1120,Manuel José Ossandón Irarrázabal,Senador
18439-02,0,1324,Karim Bianchi Retamales,Senador
18439-02,0,1502,Miguel Ángel Becker Alvear,Senador
18439-02,0,1518,Cristian Vial Maceratta,Senador
18440-03,0,1117,Iván Moreira Barros,Senador
18440-03,0,1120,Manuel José Ossandón Irarrázabal,Senador
18440-03,0,1329,Fidel Espinoza Sandoval,Senador
18440-03,0,1337,Paulina Núñez Urrutia,Senador
18440-03,0,1450,Paulina Vodanovic Rojas,Senador
18441-03,0,1332,María José Gatica Bertin,Senador
18441-03,0,1339,Gastón Saavedra Chandía,Senador
18441-03,0,1344,Matías Walker Prieto,Senador
18441-03,0,911,Carlos Ignacio Kuschel Silva,Senador
18442-07,0,1324,Karim Bianchi Retamales,Senador
18442-07,0,1501,Andrea Balladares Letelier,Senador
18442-07,0,1510,Vanessa Kaiser Barents-Von Hohenhagen,Senador
18442-07,0,1511,Enrique Lee Flores,Senador
18442-07,0,1515,Arturo Squella Ovalle,Senador
18443-07,0,1077,Raúl Soto Mardones,Diputado
18443-07,0,1087,Gael Yeomans Araya,Diputado
18443-07,0,1105,Héctor Barría Angulo,Diputado
18443-07,0,1116,Felipe Camaño Cárdenas,Diputado
18443-07,0,1142,Daniel Manouchehri Lobos,Diputado
18443-07,0,1208,Jorge Díaz Ibarra,Diputado
18443-07,0,1224,Cristian Mella Andaur,Diputado
18443-07,0,1238,Álvaro Ortiz Vera,Diputado
18443-07,0,1241,Patricio Pinilla Valencia,Diputado
18443-07,0,1259,Juan Marcelo Valenzuela Henríquez,Diputado
18444-14,0,1028,Eduardo Durán Salinas,Diputado
18444-14,0,1054,Francesca Muñoz González,Diputado
18444-14,0,1059,Ximena Ossandón Irarrázabal,Diputado
18444-14,0,1108,Juan Carlos Beltrán Silva,Diputado
18444-14,0,1128,Ana María Gazmuri Vieira,Diputado
18444-14,0,1178,Héctor Ulloa Aguilera,Diputado
18444-14,0,1197,Carlos Chandía Alarcón,Diputado
18444-14,0,1227,Claudia Mora Vega,Diputado
18444-14,0,1251,Macarena Santelices Cañas,Diputado
18444-14,0,1261,Daniel Valenzuela Salazar,Diputado
18445-07,0,1117,Iván Moreira Barros,Senador
18445-07,0,1324,Karim Bianchi Retamales,Senador
18445-07,0,1335,Javier Macaya Danús,Senador
18445-07,0,1337,Paulina Núñez Urrutia,Senador
18445-07,0,1516,Renzo Trisotti Martínez,Senador
18446-07,0,1330,Iván Flores García,Senador
18446-07,0,1450,Paulina Vodanovic Rojas,Senador
18446-07,0,1512,Andrés Longton Herrera,Senador
18446-07,0,1515,Arturo Squella Ovalle,Senador
18446-07,0,1518,Cristian Vial Maceratta,Senador
18447-07,0,1061,Andrea Parra Sauterel,Diputado
18447-07,0,1077,Raúl Soto Mardones,Diputado
18447-07,0,1099,Jaime Araya Guerrero,Diputado
18447-07,0,1110,Carlos Bianchi Chelech,Diputado
18447-07,0,1175,Cristián Tapia Ramos,Diputado
18447-07,0,1178,Héctor Ulloa Aguilera,Diputado
18447-07,0,1195,Carlos Carvajal Gallardo,Diputado
18447-07,0,1205,Carlos Cuadrado Prats,Diputado
18447-07,0,1226,José Montalva Feuerhake,Diputado
18447-07,0,1264,Fernando Zamorano Peralta,Diputado
18448-25,0,1009,Jorge Alessandri Vergara,Diputado
18448-25,0,1190,Enrique Bassaletti Riess,Diputado
18448-25,0,1191,Valentina Becerra Peña,Diputado
18448-25,0,1223,Hans Marowski Cuevas,Diputado
18448-25,0,1224,Cristian Mella Andaur,Diputado
18448-25,0,1235,Javier Olivares Avendaño,Diputado
18448-25,0,1237,Francisco Orrego Gutiérrez,Diputado
18448-25,0,1247,Javiera Rodríguez Pascual,Diputado
18448-25,0,1250,Bernardo Salinas Maya,Diputado
18448-25,0,1263,Sebastián Zamora Soto,Diputado
18449-06,0,1061,Andrea Parra Sauterel,Diputado
18449-06,0,1202,Eduardo Cretton Rebolledo,Diputado
18450-01,0,1128,Ana María Gazmuri Vieira,Diputado
18450-01,0,1206,Carolina Cucumides Calderón,Diputado
18450-01,0,1255,Eileen Urqueta Rojas,Diputado
18450-01,0,986,Marcela Hernando Pérez,Diputado
18451-11,0,1215,Yasna Provoste Campillay,Senador
18451-11,0,1330,Iván Flores García,Senador
18451-11,0,1344,Matías Walker Prieto,Senador
18452-02,0,1117,Iván Moreira Barros,Senador
18452-02,0,1324,Karim Bianchi Retamales,Senador
18452-02,0,1330,Iván Flores García,Senador
18452-02,0,1337,Paulina Núñez Urrutia,Senador
18452-02,0,1516,Renzo Trisotti Martínez,Senador
18453-13,0,1056,Emilia Nuyado Ancapichun,Diputado
18453-13,0,1181,Nelson Venegas Salazar,Diputado
18453-13,0,1182,Sebastián Videla Castillo,Diputado
18453-13,0,1204,Francisco Crisóstomo Llanos,Diputado
18453-13,0,1206,Carolina Cucumides Calderón,Diputado
18453-13,0,1207,Valentina Cáceres Monsálvez,Diputado
18453-13,0,1222,Andrea Macías Palma,Diputado
18453-13,0,1241,Patricio Pinilla Valencia,Diputado
18453-13,0,1246,José Antonio Rivas Villalobos,Diputado
18453-13,0,1250,Bernardo Salinas Maya,Diputado
18454-11,0,1143,Cristóbal Martínez Ramírez,Diputado
18454-11,0,1157,Marlene Pérez Cartes,Diputado
18454-11,0,1166,Natalia Romero Talguia,Diputado
18454-11,0,1231,Ximena Naranjo Pinto,Diputado
18454-11,0,815,Sergio Bobadilla Muñoz,Diputado
18455-07,0,1028,Eduardo Durán Salinas,Diputado
18455-07,0,1059,Ximena Ossandón Irarrázabal,Diputado
18455-07,0,1062,Joanna Pérez Olea,Diputado
18455-07,0,1075,Diego Schalper Sepúlveda,Diputado
18455-07,0,1132,Jorge Guzmán Zepeda,Diputado
18455-07,0,1197,Carlos Chandía Alarcón,Diputado
18455-07,0,1227,Claudia Mora Vega,Diputado
18455-07,0,1237,Francisco Orrego Gutiérrez,Diputado
18455-07,0,1242,Rodrigo Ramírez Parra,Diputado
18455-07,0,1261,Daniel Valenzuela Salazar,Diputado
18456-06,0,1009,Jorge Alessandri Vergara,Diputado
18456-06,0,1104,Chiara Barchiesi Chávez,Diputado
18456-06,0,1150,Benjamín Moreno Bascur,Diputado
18456-06,0,1190,Enrique Bassaletti Riess,Diputado
18456-06,0,1235,Javier Olivares Avendaño,Diputado
18456-06,0,1245,Alejandro Riquelme Ducci,Diputado
18456-06,0,1248,Felipe Ross Correa,Diputado
18456-06,0,1251,Macarena Santelices Cañas,Diputado
18456-06,0,1253,Fernando Ugarte Tejeda,Diputado
18456-06,0,1262,Diego Vergara Rodríguez,Diputado
18457-06,0,1025,Catalina Del Real Mihovilovic,Diputado
18457-06,0,1102,Roberto Arroyo Muñoz,Diputado
18458-07,0,1100,Cristián Araya Lerdo de Tejada,Diputado
18458-07,0,1176,Hotuiti Teao Drago,Diputado
18458-07,0,1193,Patricio Briones Moller,Diputado
18458-07,0,1218,José Antonio Kast Adriasola,Diputado
18458-07,0,1241,Patricio Pinilla Valencia,Diputado
18458-07,0,1248,Felipe Ross Correa,Diputado
18458-07,0,1251,Macarena Santelices Cañas,Diputado
18458-07,0,1253,Fernando Ugarte Tejeda,Diputado
18458-07,0,1259,Juan Marcelo Valenzuela Henríquez,Diputado
18459-05,0,1021,Andrés Celis Montt,Diputado
18459-05,0,1028,Eduardo Durán Salinas,Diputado
18459-05,0,1059,Ximena Ossandón Irarrázabal,Diputado
18459-05,0,1060,Luis Pardo Sáinz,Diputado
18459-05,0,1075,Diego Schalper Sepúlveda,Diputado
18459-05,0,1132,Jorge Guzmán Zepeda,Diputado
18460-07,0,1021,Andrés Celis Montt,Diputado
18460-07,0,1028,Eduardo Durán Salinas,Diputado
18460-07,0,1059,Ximena Ossandón Irarrázabal,Diputado
18460-07,0,1060,Luis Pardo Sáinz,Diputado
18460-07,0,1075,Diego Schalper Sepúlveda,Diputado
18460-07,0,1108,Juan Carlos Beltrán Silva,Diputado
18460-07,0,1131,Mauro González Villarroel,Diputado
18460-07,0,1219,Tomás Kast Sommerhoff,Diputado
18460-07,0,1237,Francisco Orrego Gutiérrez,Diputado
18460-07,0,843,René Manuel García García,Diputado
18461-04,0,1198,Paz Charpentier Rajcevich,Diputado
18461-04,0,1218,José Antonio Kast Adriasola,Diputado
18461-04,0,1223,Hans Marowski Cuevas,Diputado
18461-04,0,1233,Ricardo Neumann Bertín,Diputado
18461-04,0,1235,Javier Olivares Avendaño,Diputado
18461-04,0,1247,Javiera Rodríguez Pascual,Diputado
18462-11,0,1326,Juan Luis Castro González,Senador
18462-11,0,1331,Sergio Gahona Salazar,Senador
18462-11,0,1337,Paulina Núñez Urrutia,Senador
18462-11,0,1338,Claudia Pascual Grau,Senador
18462-11,0,1506,Ricardo Celis Araya,Senador
18463-06,0,1105,Héctor Barría Angulo,Diputado
18463-06,0,1114,Félix Bugueño Sotelo,Diputado
18463-06,0,1132,Jorge Guzmán Zepeda,Diputado
18463-06,0,1175,Cristián Tapia Ramos,Diputado
18463-06,0,1201,Flor Contreras Vivallo,Diputado
18463-06,0,1203,Sebastián Cristoffanini Jaraquemada,Diputado
18463-06,0,1226,José Montalva Feuerhake,Diputado
18463-06,0,1236,Paula Olmos Contreras,Diputado
18463-06,0,1254,Ignacio Urcullú Clèment-Lund,Diputado
18463-06,0,872,Jaime Mulet Martínez,Diputado
18465-03,0,1332,María José Gatica Bertin,Senador
18465-03,0,1339,Gastón Saavedra Chandía,Senador
18465-03,0,1344,Matías Walker Prieto,Senador
18465-03,0,1506,Ricardo Celis Araya,Senador
18465-03,0,1509,Diego Ibáñez Cotroneo,Senador
18466-37,0,1115,Alfonso De Urresti Longton,Senador
18466-37,0,1327,Luciano Cruz-Coke Carvallo,Senador
18466-37,0,1338,Claudia Pascual Grau,Senador
18466-37,0,1341,Alejandra Sepúlveda Orbenes,Senador
18466-37,0,1514,Beatriz Sánchez Muñoz,Senador
18467-06,0,1061,Andrea Parra Sauterel,Diputado
18467-06,0,1105,Héctor Barría Angulo,Diputado
18467-06,0,1153,Coca Ericka Ñanco Vásquez,Diputado
18467-06,0,1175,Cristián Tapia Ramos,Diputado
18467-06,0,1180,Consuelo Veloso Ávila,Diputado
18467-06,0,1206,Carolina Cucumides Calderón,Diputado
18467-06,0,1209,Matías Fernández Hartwig,Diputado
18468-13,0,1074,Marisela Santibáñez Novoa,Diputado
18468-13,0,1122,Luis Alberto Cuello Peña y Lillo,Diputado
18468-13,0,1128,Ana María Gazmuri Vieira,Diputado
18468-13,0,1206,Carolina Cucumides Calderón,Diputado
18469-15,0,1117,Nathalie Castillo Rojas,Diputado
18469-15,0,1166,Natalia Romero Talguia,Diputado
18469-15,0,1186,Ignacio Achurra Díaz,Diputado
18469-15,0,1204,Francisco Crisóstomo Llanos,Diputado
18469-15,0,1239,Fabián Ossandón Briceño,Diputado
18469-15,0,1241,Patricio Pinilla Valencia,Diputado
18469-15,0,1252,Constanza Schonhaut Soto,Diputado
18469-15,0,843,René Manuel García García,Diputado
18469-15,0,986,Marcela Hernando Pérez,Diputado
18470-07,0,1505,Rodolfo Carter Fernández,Senador
18470-07,0,1516,Renzo Trisotti Martínez,Senador
18470-07,0,1517,Ignacio Urrutia Bonilla,Senador
18470-07,0,1518,Cristian Vial Maceratta,Senador
18471-07,0,1075,Diego Schalper Sepúlveda,Diputado
18471-07,0,1100,Cristián Araya Lerdo de Tejada,Diputado
18471-07,0,1131,Mauro González Villarroel,Diputado
18471-07,0,1152,Gloria Naveillan Arriagada,Diputado
18471-07,0,1199,Jaime Coloma Álamos,Diputado
18471-07,0,1202,Eduardo Cretton Rebolledo,Diputado
18471-07,0,1237,Francisco Orrego Gutiérrez,Diputado
18472-04,0,1215,Yasna Provoste Campillay,Senador
18472-04,0,1513,Vlado Mirosevic Verdugo,Senador
18473-03,0,1246,José Antonio Rivas Villalobos,Diputado
18474-11,0,1075,Diego Schalper Sepúlveda,Diputado
18474-11,0,1077,Raúl Soto Mardones,Diputado
18474-11,0,1128,Ana María Gazmuri Vieira,Diputado
18474-11,0,1178,Héctor Ulloa Aguilera,Diputado
18474-11,0,1195,Carlos Carvajal Gallardo,Diputado
18474-11,0,1224,Cristian Mella Andaur,Diputado
18474-11,0,1226,José Montalva Feuerhake,Diputado
18474-11,0,1232,Cristian Neira Martínez,Diputado
18474-11,0,1252,Constanza Schonhaut Soto,Diputado
18474-11,0,1264,Fernando Zamorano Peralta,Diputado
18475-06,0,1128,Ana María Gazmuri Vieira,Diputado
18475-06,0,1193,Patricio Briones Moller,Diputado
18475-06,0,1215,Álvaro Jofré Cáceres,Diputado
18475-06,0,1228,Paulina Muñoz Minte,Diputado
18475-06,0,1261,Daniel Valenzuela Salazar,Diputado
18476-03,0,1100,Cristián Araya Lerdo de Tejada,Diputado
18476-03,0,1150,Benjamín Moreno Bascur,Diputado
18476-03,0,1194,Daniel Bustos Leal,Diputado
18476-03,0,1198,Paz Charpentier Rajcevich,Diputado
18476-03,0,1218,José Antonio Kast Adriasola,Diputado
18476-03,0,1244,Claudia Reyes Larenas,Diputado
18476-03,0,1245,Alejandro Riquelme Ducci,Diputado
18476-03,0,1247,Javiera Rodríguez Pascual,Diputado
18476-03,0,1251,Macarena Santelices Cañas,Diputado
18476-03,0,1262,Diego Vergara Rodríguez,Diputado
18477-07,0,1105,Héctor Barría Angulo,Diputado
18477-07,0,1196,Priscilla Castillo Gerli,Diputado
18477-07,0,1208,Jorge Díaz Ibarra,Diputado
18477-07,0,1224,Cristian Mella Andaur,Diputado
18477-07,0,1229,Javier Muñoz Riquelme,Diputado
18477-07,0,1238,Álvaro Ortiz Vera,Diputado
18477-07,0,1241,Patricio Pinilla Valencia,Diputado
18479-07,0,1193,Patricio Briones Moller,Diputado
18479-07,0,1201,Flor Contreras Vivallo,Diputado
18479-07,0,1230,Alex Nahuelquin Nahuelquin,Diputado
18479-07,0,1235,Javier Olivares Avendaño,Diputado
18479-07,0,1239,Fabián Ossandón Briceño,Diputado
18479-07,0,1258,Guillermo Valdés Carmona,Diputado
18479-07,0,1259,Juan Marcelo Valenzuela Henríquez,Diputado
18480-07,0,1177,Carolina Tello Rojas,Diputado
18480-07,0,1181,Nelson Venegas Salazar,Diputado
18480-07,0,1182,Sebastián Videla Castillo,Diputado
18480-07,0,1189,Jaime Bassa Mercado,Diputado
18480-07,0,1204,Francisco Crisóstomo Llanos,Diputado
18480-07,0,1210,Gustavo Gatica Villarroel,Diputado
18480-07,0,1246,José Antonio Rivas Villalobos,Diputado
18481-07,0,1038,Marcos Ilabaca Cerda,Diputado
18481-07,0,1087,Gael Yeomans Araya,Diputado
18481-07,0,1127,Lorena Fries Monleón,Diputado
18481-07,0,1153,Coca Ericka Ñanco Vásquez,Diputado
18481-07,0,1188,Marcos Barraza Gómez,Diputado
18481-07,0,1226,José Montalva Feuerhake,Diputado
18481-07,0,1241,Patricio Pinilla Valencia,Diputado
18481-07,0,1243,Tamara Ramírez Ramírez,Diputado
18481-07,0,872,Jaime Mulet Martínez,Diputado
18482-07,0,1038,Marcos Ilabaca Cerda,Diputado
18482-07,0,1087,Gael Yeomans Araya,Diputado
18482-07,0,1127,Lorena Fries Monleón,Diputado
18482-07,0,1153,Coca Ericka Ñanco Vásquez,Diputado
18482-07,0,1188,Marcos Barraza Gómez,Diputado
18482-07,0,1226,José Montalva Feuerhake,Diputado
18482-07,0,1241,Patricio Pinilla Valencia,Diputado
18482-07,0,1243,Tamara Ramírez Ramírez,Diputado
18482-07,0,872,Jaime Mulet Martínez,Diputado
18483-01,0,1141,Luis Malla Valenzuela,Diputado
18483-01,0,1187,Carlo Arqueros Pizarro,Diputado
18483-01,0,1208,Jorge Díaz Ibarra,Diputado
18483-01,0,1215,Álvaro Jofré Cáceres,Diputado
18483-01,0,1216,Stephanie Jéldrez Ortiz,Diputado
18483-01,0,1227,Claudia Mora Vega,Diputado
18483-01,0,1236,Paula Olmos Contreras,Diputado
18483-01,0,1239,Fabián Ossandón Briceño,Diputado
18483-01,0,1245,Alejandro Riquelme Ducci,Diputado
18483-01,0,1257,Alejandra Valdebenito Torres,Diputado
18484-15,0,1157,Marlene Pérez Cartes,Diputado
18484-15,0,1174,Marco Antonio Sulantay Olivares,Diputado
18484-15,0,1183,Flor Weisse Novoa,Diputado
18484-15,0,1190,Enrique Bassaletti Riess,Diputado
18484-15,0,1199,Jaime Coloma Álamos,Diputado
18484-15,0,1231,Ximena Naranjo Pinto,Diputado
18484-15,0,1233,Ricardo Neumann Bertín,Diputado
18484-15,0,1249,Omar Sabat Guzmán,Diputado
18484-15,0,1257,Alejandra Valdebenito Torres,Diputado
18484-15,0,815,Sergio Bobadilla Muñoz,Diputado
18485-07,0,1017,Álvaro Carter Fernández,Diputado
18485-07,0,1157,Marlene Pérez Cartes,Diputado
18485-07,0,1165,Agustín Romero Leiva,Diputado
18485-07,0,1166,Natalia Romero Talguia,Diputado
18485-07,0,1190,Enrique Bassaletti Riess,Diputado
18485-07,0,1216,Stephanie Jéldrez Ortiz,Diputado
18485-07,0,1237,Francisco Orrego Gutiérrez,Diputado
18485-07,0,1263,Sebastián Zamora Soto,Diputado
18486-03,0,1013,Alejandro Bernales Maldonado,Diputado
18486-03,0,1141,Luis Malla Valenzuela,Diputado
18486-03,0,1182,Sebastián Videla Castillo,Diputado
18486-03,0,986,Marcela Hernando Pérez,Diputado
18487-12,0,1187,Carlo Arqueros Pizarro,Diputado
18487-12,0,1203,Sebastián Cristoffanini Jaraquemada,Diputado
18487-12,0,1212,Erich Grohs Marín,Diputado
18487-12,0,1216,Stephanie Jéldrez Ortiz,Diputado
18487-12,0,1253,Fernando Ugarte Tejeda,Diputado
18487-12,0,1254,Ignacio Urcullú Clèment-Lund,Diputado
18487-12,0,1261,Daniel Valenzuela Salazar,Diputado
18488-07,0,1110,Pedro Araya Guerrero,Senador
18488-07,0,1117,Iván Moreira Barros,Senador
18488-07,0,1337,Paulina Núñez Urrutia,Senador
18488-07,0,1512,Andrés Longton Herrera,Senador
18488-07,0,1515,Arturo Squella Ovalle,Senador
18489-07,0,1332,María José Gatica Bertin,Senador
18489-07,0,1337,Paulina Núñez Urrutia,Senador
18489-07,0,1508,Camila Flores Oporto,Senador
18490-06,0,1087,Gael Yeomans Araya,Diputado
18490-06,0,1107,María Francisca Bello Campos,Diputado
18490-06,0,1114,Félix Bugueño Sotelo,Diputado
18490-06,0,1148,Javiera Morales Alvarado,Diputado
18490-06,0,1153,Coca Ericka Ñanco Vásquez,Diputado
18490-06,0,1177,Carolina Tello Rojas,Diputado
18490-06,0,1181,Nelson Venegas Salazar,Diputado
18490-06,0,1184,Roberto Celedón Fernández,Diputado
18490-06,0,1207,Valentina Cáceres Monsálvez,Diputado
18490-06,0,1256,Tatiana Urrutia Herrera,Diputado
18491-03,0,1326,Juan Luis Castro González,Senador
18491-03,0,1333,Sebastián Keitel Bianchi,Senador
18491-03,0,1502,Miguel Ángel Becker Alvear,Senador
18491-03,0,1510,Vanessa Kaiser Barents-Von Hohenhagen,Senador
18491-03,0,1511,Enrique Lee Flores,Senador
18492-13,0,1087,Gael Yeomans Araya,Diputado
18492-13,0,1122,Luis Alberto Cuello Peña y Lillo,Diputado
18492-13,0,1178,Héctor Ulloa Aguilera,Diputado
18492-13,0,1181,Nelson Venegas Salazar,Diputado
18492-13,0,1241,Patricio Pinilla Valencia,Diputado
18493-07,0,1116,Felipe Camaño Cárdenas,Diputado
18493-07,0,1208,Jorge Díaz Ibarra,Diputado
18493-07,0,1229,Javier Muñoz Riquelme,Diputado
18493-07,0,1241,Patricio Pinilla Valencia,Diputado
18493-07,0,872,Jaime Mulet Martínez,Diputado
18494-06,0,1116,Felipe Camaño Cárdenas,Diputado
18494-06,0,1196,Priscilla Castillo Gerli,Diputado
18494-06,0,1208,Jorge Díaz Ibarra,Diputado
18494-06,0,1241,Patricio Pinilla Valencia,Diputado
18495-04,0,1013,Alejandro Bernales Maldonado,Diputado
18495-04,0,1075,Diego Schalper Sepúlveda,Diputado
18495-04,0,1077,Raúl Soto Mardones,Diputado
18495-04,0,1141,Luis Malla Valenzuela,Diputado
18495-04,0,1182,Sebastián Videla Castillo,Diputado
18495-04,0,815,Sergio Bobadilla Muñoz,Diputado
18495-04,0,986,Marcela Hernando Pérez,Diputado
18496-06,0,1062,Joanna Pérez Olea,Diputado
18496-06,0,1075,Diego Schalper Sepúlveda,Diputado
18496-06,0,1177,Carolina Tello Rojas,Diputado
18496-06,0,1182,Sebastián Videla Castillo,Diputado
18496-06,0,1208,Jorge Díaz Ibarra,Diputado
18496-06,0,1227,Claudia Mora Vega,Diputado
18496-06,0,1234,Mario Olavarría Rodríguez,Diputado
18496-06,0,1248,Felipe Ross Correa,Diputado
18497-11,0,1102,Roberto Arroyo Muñoz,Diputado
18497-11,0,1193,Patricio Briones Moller,Diputado
18497-11,0,1239,Fabián Ossandón Briceño,Diputado
18498-19,0,1102,Roberto Arroyo Muñoz,Diputado
18498-19,0,1193,Patricio Briones Moller,Diputado
18498-19,0,1240,Zandra Parisi Fernández,Diputado
18499-02,0,1017,Álvaro Carter Fernández,Diputado
18499-02,0,1060,Luis Pardo Sáinz,Diputado
18499-02,0,1170,Luis Sánchez Ossa,Diputado
18499-02,0,1219,Tomás Kast Sommerhoff,Diputado
18499-02,0,1223,Hans Marowski Cuevas,Diputado
18499-02,0,1235,Javier Olivares Avendaño,Diputado
18499-02,0,1237,Francisco Orrego Gutiérrez,Diputado
18499-02,0,1263,Sebastián Zamora Soto,Diputado
18499-02,0,815,Sergio Bobadilla Muñoz,Diputado
18500-13,0,1087,Gael Yeomans Araya,Diputado
18500-13,0,1122,Luis Alberto Cuello Peña y Lillo,Diputado
18500-13,0,1178,Héctor Ulloa Aguilera,Diputado
18500-13,0,1181,Nelson Venegas Salazar,Diputado
18500-13,0,1241,Patricio Pinilla Valencia,Diputado
18500-13,0,1243,Tamara Ramírez Ramírez,Diputado
18502-07,0,1224,Ximena Ordenes Neira,Senador
18502-07,0,1333,Sebastián Keitel Bianchi,Senador
18502-07,0,1509,Diego Ibáñez Cotroneo,Senador
18502-07,0,1513,Vlado Mirosevic Verdugo,Senador
18502-07,0,1514,Beatriz Sánchez Muñoz,Senador
18503-13,0,1215,Yasna Provoste Campillay,Senador
18503-13,0,1337,Paulina Núñez Urrutia,Senador
18503-13,0,1339,Gastón Saavedra Chandía,Senador
18503-13,0,1344,Matías Walker Prieto,Senador
18503-13,0,1450,Paulina Vodanovic Rojas,Senador
18504-09,0,1115,Alfonso De Urresti Longton,Senador
18504-09,0,1224,Ximena Ordenes Neira,Senador
18504-09,0,1332,María José Gatica Bertin,Senador
18504-09,0,1505,Rodolfo Carter Fernández,Senador
18505-06,0,1330,Iván Flores García,Senador
18505-06,0,1337,Paulina Núñez Urrutia,Senador
18505-06,0,1450,Paulina Vodanovic Rojas,Senador
18505-06,0,1500,Danisa Astudillo Peiretti,Senador
18506-07,0,1193,Patricio Briones Moller,Diputado
18506-07,0,1201,Flor Contreras Vivallo,Diputado
18506-07,0,1236,Paula Olmos Contreras,Diputado
18506-07,0,1239,Fabián Ossandón Briceño,Diputado
18506-07,0,1243,Tamara Ramírez Ramírez,Diputado
18507-04,0,1073,Juan Santana Castillo,Diputado
18507-04,0,1075,Diego Schalper Sepúlveda,Diputado
18507-04,0,1086,Gonzalo Winter Etcheberry,Diputado
18507-04,0,1087,Gael Yeomans Araya,Diputado
18507-04,0,1142,Daniel Manouchehri Lobos,Diputado
18507-04,0,1143,Cristóbal Martínez Ramírez,Diputado
18507-04,0,1173,Daniela Serrano Salazar,Diputado
18507-04,0,1193,Patricio Briones Moller,Diputado
18507-04,0,1226,José Montalva Feuerhake,Diputado
18507-04,0,815,Sergio Bobadilla Muñoz,Diputado
18508-04,0,1082,Cristóbal Urruticoechea Ríos,Diputado
18508-04,0,1165,Agustín Romero Leiva,Diputado
18508-04,0,1190,Enrique Bassaletti Riess,Diputado
18508-04,0,1198,Paz Charpentier Rajcevich,Diputado
18508-04,0,1217,Pier Karlezi Hazleby,Diputado
18508-04,0,1223,Hans Marowski Cuevas,Diputado
18508-04,0,1237,Francisco Orrego Gutiérrez,Diputado
18508-04,0,1247,Javiera Rodríguez Pascual,Diputado
18508-04,0,1251,Macarena Santelices Cañas,Diputado
18509-35,0,1087,Gael Yeomans Araya,Diputado
18509-35,0,1128,Ana María Gazmuri Vieira,Diputado
18509-35,0,1141,Luis Malla Valenzuela,Diputado
18509-35,0,1210,Gustavo Gatica Villarroel,Diputado
18509-35,0,1211,Sofía González Cortés,Diputado
18509-35,0,1213,Irací Hassler Jacob,Diputado
18509-35,0,1227,Claudia Mora Vega,Diputado
18509-35,0,1231,Ximena Naranjo Pinto,Diputado
18509-35,0,1238,Álvaro Ortiz Vera,Diputado
18509-35,0,1255,Eileen Urqueta Rojas,Diputado
18510-07,0,1240,Zandra Parisi Fernández,Diputado
18511-07,0,1132,Jorge Guzmán Zepeda,Diputado
18511-07,0,1207,Valentina Cáceres Monsálvez,Diputado
18511-07,0,1255,Eileen Urqueta Rojas,Diputado
18511-07,0,1256,Tatiana Urrutia Herrera,Diputado
18511-07,0,1260,César Valenzuela Maass,Diputado
18512-03,0,1015,Jorge Brito Hasbún,Diputado
18512-03,0,1087,Gael Yeomans Araya,Diputado
18512-03,0,1114,Félix Bugueño Sotelo,Diputado
18512-03,0,1127,Lorena Fries Monleón,Diputado
18512-03,0,1153,Coca Ericka Ñanco Vásquez,Diputado
18512-03,0,1171,Emilia Schneider Videla,Diputado
18512-03,0,1180,Consuelo Veloso Ávila,Diputado
18512-03,0,1189,Jaime Bassa Mercado,Diputado
18512-03,0,1207,Valentina Cáceres Monsálvez,Diputado
18512-03,0,1252,Constanza Schonhaut Soto,Diputado
18513-03,0,1039,Pamela Jiles Moreno,Diputado
18513-03,0,1192,Lilian Betancurt Delgado,Diputado
18513-03,0,1193,Patricio Briones Moller,Diputado
18513-03,0,1201,Flor Contreras Vivallo,Diputado
18513-03,0,1230,Alex Nahuelquin Nahuelquin,Diputado
18513-03,0,1235,Javier Olivares Avendaño,Diputado
18513-03,0,1236,Paula Olmos Contreras,Diputado
18513-03,0,1240,Zandra Parisi Fernández,Diputado
18513-03,0,1243,Tamara Ramírez Ramírez,Diputado
18513-03,0,1259,Juan Marcelo Valenzuela Henríquez,Diputado
18514-07,0,1152,Gloria Naveillan Arriagada,Diputado
18514-07,0,1182,Sebastián Videla Castillo,Diputado
18514-07,0,1241,Patricio Pinilla Valencia,Diputado
18514-07,0,1246,José Antonio Rivas Villalobos,Diputado
18514-07,0,1250,Bernardo Salinas Maya,Diputado
18515-08,0,1116,Felipe Camaño Cárdenas,Diputado
18515-08,0,1175,Cristián Tapia Ramos,Diputado
18515-08,0,1208,Jorge Díaz Ibarra,Diputado
18515-08,0,1229,Javier Muñoz Riquelme,Diputado
18515-08,0,1236,Paula Olmos Contreras,Diputado
18516-18,0,1074,Marisela Santibáñez Novoa,Diputado
18516-18,0,1102,Roberto Arroyo Muñoz,Diputado
18516-18,0,1116,Felipe Camaño Cárdenas,Diputado
18516-18,0,1132,Jorge Guzmán Zepeda,Diputado
18516-18,0,1189,Jaime Bassa Mercado,Diputado
18516-18,0,1210,Gustavo Gatica Villarroel,Diputado
18516-18,0,1211,Sofía González Cortés,Diputado
18516-18,0,1213,Irací Hassler Jacob,Diputado
18516-18,0,1217,Pier Karlezi Hazleby,Diputado
18516-18,0,1240,Zandra Parisi Fernández,Diputado
18517-15,0,1102,Roberto Arroyo Muñoz,Diputado
18518-06,0,1082,Cristóbal Urruticoechea Ríos,Diputado
18518-06,0,1191,Valentina Becerra Peña,Diputado
18518-06,0,1193,Patricio Briones Moller,Diputado
18518-06,0,1198,Paz Charpentier Rajcevich,Diputado
18518-06,0,1202,Eduardo Cretton Rebolledo,Diputado
18518-06,0,1223,Hans Marowski Cuevas,Diputado
18518-06,0,1233,Ricardo Neumann Bertín,Diputado
18518-06,0,1235,Javier Olivares Avendaño,Diputado
18518-06,0,1247,Javiera Rodríguez Pascual,Diputado
18518-06,0,1263,Sebastián Zamora Soto,Diputado
18519-13,0,1087,Gael Yeomans Araya,Diputado
18519-13,0,1153,Coca Ericka Ñanco Vásquez,Diputado
18519-13,0,1171,Emilia Schneider Videla,Diputado
18519-13,0,1177,Carolina Tello Rojas,Diputado
18519-13,0,1180,Consuelo Veloso Ávila,Diputado
18519-13,0,1186,Ignacio Achurra Díaz,Diputado
18519-13,0,1207,Valentina Cáceres Monsálvez,Diputado
18519-13,0,1209,Matías Fernández Hartwig,Diputado
18519-13,0,1252,Constanza Schonhaut Soto,Diputado
18519-13,0,1256,Tatiana Urrutia Herrera,Diputado
18520-07,0,1180,Consuelo Veloso Ávila,Diputado
18520-07,0,1186,Ignacio Achurra Díaz,Diputado
18520-07,0,1205,Carlos Cuadrado Prats,Diputado
18520-07,0,1241,Patricio Pinilla Valencia,Diputado
18520-07,0,1246,José Antonio Rivas Villalobos,Diputado
18523-16,0,1054,Francesca Muñoz González,Diputado
18523-16,0,1119,Sara Concha Smith,Diputado
18523-16,0,1133,Juan Irarrázaval Rossel,Diputado
18523-16,0,1240,Zandra Parisi Fernández,Diputado
18523-16,0,843,René Manuel García García,Diputado
18523-16,0,872,Jaime Mulet Martínez,Diputado
18523-16,0,915,Germán Verdugo Soto,Diputado
18526-07,0,1324,Karim Bianchi Retamales,Senador
18527-04,0,1140,Daniel Lilayu Vivanco,Diputado
18527-04,0,1143,Cristóbal Martínez Ramírez,Diputado
18527-04,0,1157,Marlene Pérez Cartes,Diputado
18527-04,0,1166,Natalia Romero Talguia,Diputado
18527-04,0,1174,Marco Antonio Sulantay Olivares,Diputado
18527-04,0,1199,Jaime Coloma Álamos,Diputado
18527-04,0,1233,Ricardo Neumann Bertín,Diputado
18527-04,0,1234,Mario Olavarría Rodríguez,Diputado
18527-04,0,1249,Omar Sabat Guzmán,Diputado
18527-04,0,815,Sergio Bobadilla Muñoz,Diputado
18528-01,0,1056,Emilia Nuyado Ancapichun,Diputado
18528-01,0,1117,Nathalie Castillo Rojas,Diputado
18528-01,0,1180,Consuelo Veloso Ávila,Diputado
18528-01,0,1206,Carolina Cucumides Calderón,Diputado
18528-01,0,1207,Valentina Cáceres Monsálvez,Diputado
18528-01,0,1211,Sofía González Cortés,Diputado
18528-01,0,1222,Andrea Macías Palma,Diputado
18528-01,0,1246,José Antonio Rivas Villalobos,Diputado
18528-01,0,1260,César Valenzuela Maass,Diputado
18529-14,0,1329,Fidel Espinoza Sandoval,Senador
18529-14,0,1341,Alejandra Sepúlveda Orbenes,Senador
18529-14,0,1343,Esteban Velásquez Núñez,Senador
18529-14,0,1502,Miguel Ángel Becker Alvear,Senador
18530-02,0,1017,Álvaro Carter Fernández,Diputado
18530-02,0,1060,Luis Pardo Sáinz,Diputado
18530-02,0,1075,Diego Schalper Sepúlveda,Diputado
18530-02,0,1170,Luis Sánchez Ossa,Diputado
18530-02,0,1190,Enrique Bassaletti Riess,Diputado
18530-02,0,1223,Hans Marowski Cuevas,Diputado
18530-02,0,1235,Javier Olivares Avendaño,Diputado
18530-02,0,1261,Daniel Valenzuela Salazar,Diputado
18530-02,0,1263,Sebastián Zamora Soto,Diputado
18531-03,0,1015,Jorge Brito Hasbún,Diputado
18531-03,0,1188,Marcos Barraza Gómez,Diputado
18531-03,0,1189,Jaime Bassa Mercado,Diputado
18531-03,0,1205,Carlos Cuadrado Prats,Diputado
18531-03,0,1261,Daniel Valenzuela Salazar,Diputado
18532-06,0,1234,Mario Olavarría Rodríguez,Diputado
18533-07,0,1127,Lorena Fries Monleón,Diputado
18533-07,0,1188,Marcos Barraza Gómez,Diputado
18533-07,0,1205,Carlos Cuadrado Prats,Diputado
18533-07,0,1211,Sofía González Cortés,Diputado
18533-07,0,1238,Álvaro Ortiz Vera,Diputado
18533-07,0,1260,César Valenzuela Maass,Diputado
18534-13,0,1059,Ximena Ossandón Irarrázabal,Diputado
18534-13,0,1087,Gael Yeomans Araya,Diputado
18534-13,0,1122,Luis Alberto Cuello Peña y Lillo,Diputado
18534-13,0,1146,José Carlos Meza Pereira,Diputado
18534-13,0,1178,Héctor Ulloa Aguilera,Diputado
18534-13,0,1211,Sofía González Cortés,Diputado
18534-13,0,1241,Patricio Pinilla Valencia,Diputado
18534-13,0,1243,Tamara Ramírez Ramírez,Diputado
18534-13,0,1246,José Antonio Rivas Villalobos,Diputado
18535-07,0,1192,Lilian Betancurt Delgado,Diputado
18535-07,0,1201,Flor Contreras Vivallo,Diputado
18535-07,0,1228,Paulina Muñoz Minte,Diputado
18535-07,0,1230,Alex Nahuelquin Nahuelquin,Diputado
18535-07,0,1232,Cristian Neira Martínez,Diputado
18536-07,0,1102,Roberto Arroyo Muñoz,Diputado
18536-07,0,1192,Lilian Betancurt Delgado,Diputado
18536-07,0,1201,Flor Contreras Vivallo,Diputado
18536-07,0,1230,Alex Nahuelquin Nahuelquin,Diputado
18536-07,0,1240,Zandra Parisi Fernández,Diputado
18537-06,0,1102,Roberto Arroyo Muñoz,Diputado
18537-06,0,1108,Juan Carlos Beltrán Silva,Diputado
18537-06,0,1132,Jorge Guzmán Zepeda,Diputado
18537-06,0,1193,Patricio Briones Moller,Diputado
18537-06,0,1219,Tomás Kast Sommerhoff,Diputado
18537-06,0,843,René Manuel García García,Diputado
18538-07,0,1110,Pedro Araya Guerrero,Senador
18538-07,0,1117,Iván Moreira Barros,Senador
18538-07,0,1224,Ximena Ordenes Neira,Senador
18538-07,0,1337,Paulina Núñez Urrutia,Senador
18538-07,0,1450,Paulina Vodanovic Rojas,Senador
18539-21,0,1117,Iván Moreira Barros,Senador
18539-21,0,1330,Iván Flores García,Senador
18539-21,0,1337,Paulina Núñez Urrutia,Senador
18539-21,0,1503,Miguel Ángel Calisto Águila,Senador
18539-21,0,911,Carlos Ignacio Kuschel Silva,Senador
18540-06,0,1028,Eduardo Durán Salinas,Diputado
18540-06,0,1054,Francesca Muñoz González,Diputado
18540-06,0,1114,Félix Bugueño Sotelo,Diputado
18540-06,0,1182,Sebastián Videla Castillo,Diputado
18540-06,0,1201,Flor Contreras Vivallo,Diputado
18540-06,0,1241,Patricio Pinilla Valencia,Diputado
18540-06,0,1246,José Antonio Rivas Villalobos,Diputado
18541-06,0,1009,Jorge Alessandri Vergara,Diputado
18541-06,0,1143,Cristóbal Martínez Ramírez,Diputado
18541-06,0,1166,Natalia Romero Talguia,Diputado
18541-06,0,1174,Marco Antonio Sulantay Olivares,Diputado
18541-06,0,1183,Flor Weisse Novoa,Diputado
18541-06,0,1199,Jaime Coloma Álamos,Diputado
18541-06,0,1202,Eduardo Cretton Rebolledo,Diputado
18541-06,0,1231,Ximena Naranjo Pinto,Diputado
18541-06,0,1257,Alejandra Valdebenito Torres,Diputado
18541-06,0,815,Sergio Bobadilla Muñoz,Diputado
18542-29,0,1193,Patricio Briones Moller,Diputado
18543-35,0,1132,Jorge Guzmán Zepeda,Diputado
18543-35,0,1193,Patricio Briones Moller,Diputado
18543-35,0,1219,Tomás Kast Sommerhoff,Diputado
18543-35,0,1251,Macarena Santelices Cañas,Diputado
18543-35,0,843,René Manuel García García,Diputado
18543-35,0,915,Germán Verdugo Soto,Diputado
18544-06,0,1021,Andrés Celis Montt,Diputado
18544-06,0,1028,Eduardo Durán Salinas,Diputado
18544-06,0,1059,Ximena Ossandón Irarrázabal,Diputado
18544-06,0,1060,Luis Pardo Sáinz,Diputado
18544-06,0,1062,Joanna Pérez Olea,Diputado
18544-06,0,1075,Diego Schalper Sepúlveda,Diputado
18544-06,0,1227,Claudia Mora Vega,Diputado
18544-06,0,1237,Francisco Orrego Gutiérrez,Diputado
18544-06,0,1261,Daniel Valenzuela Salazar,Diputado
18545-07,0,1131,Mauro González Villarroel,Diputado
18545-07,0,1237,Francisco Orrego Gutiérrez,Diputado
18545-07,0,1261,Daniel Valenzuela Salazar,Diputado
18546-34,0,1320,Loreto Carvajal Ambiado,Senador
18546-34,0,1325,Fabiola Campillai Rojas,Senador
18546-34,0,1326,Juan Luis Castro González,Senador
18546-34,0,1500,Danisa Astudillo Peiretti,Senador
18547-35,0,1330,Iván Flores García,Senador
18547-35,0,1331,Sergio Gahona Salazar,Senador
18547-35,0,1337,Paulina Núñez Urrutia,Senador
18547-35,0,1344,Matías Walker Prieto,Senador
18547-35,0,1450,Paulina Vodanovic Rojas,Senador
18548-11,0,1334,Alejandro Kusanovic Glusevic,Senador
18548-11,0,1511,Enrique Lee Flores,Senador
18549-15,0,1332,María José Gatica Bertin,Senador
18549-15,0,1337,Paulina Núñez Urrutia,Senador
18549-15,0,1508,Camila Flores Oporto,Senador
18550-36,0,1332,María José Gatica Bertin,Senador
18550-36,0,1337,Paulina Núñez Urrutia,Senador
18550-36,0,1508,Camila Flores Oporto,Senador
18552-07,0,1341,Alejandra Sepúlveda Orbenes,Senador
18552-07,0,1343,Esteban Velásquez Núñez,Senador
18553-11,0,1330,Iván Flores García,Senador
18553-11,0,1331,Sergio Gahona Salazar,Senador
18553-11,0,1337,Paulina Núñez Urrutia,Senador
18553-11,0,1344,Matías Walker Prieto,Senador
18553-11,0,1450,Paulina Vodanovic Rojas,Senador
18554-36,0,1500,Danisa Astudillo Peiretti,Senador
18555-17,0,1325,Fabiola Campillai Rojas,Senador
18556-13,0,1325,Fabiola Campillai Rojas,Senador
18556-13,0,1339,Gastón Saavedra Chandía,Senador
18557-03,0,1326,Juan Luis Castro González,Senador
18557-03,0,1339,Gastón Saavedra Chandía,Senador
18557-03,0,1450,Paulina Vodanovic Rojas,Senador
18557-03,0,1509,Diego Ibáñez Cotroneo,Senador
18558-25,0,1326,Juan Luis Castro González,Senador
18558-25,0,1337,Paulina Núñez Urrutia,Senador
18558-25,0,1450,Paulina Vodanovic Rojas,Senador
18559-37,0,1115,Alfonso De Urresti Longton,Senador
18559-37,0,1337,Paulina Núñez Urrutia,Senador
18559-37,0,1511,Enrique Lee Flores,Senador
18560-35,0,1325,Fabiola Campillai Rojas,Senador
18560-35,0,1326,Juan Luis Castro González,Senador
18560-35,0,1333,Sebastián Keitel Bianchi,Senador
18560-35,0,1343,Esteban Velásquez Núñez,Senador
18560-35,0,1502,Miguel Ángel Becker Alvear,Senador
18561-36,0,1320,Loreto Carvajal Ambiado,Senador
18561-36,0,1325,Fabiola Campillai Rojas,Senador
18561-36,0,1342,Enrique Van Rysselberghe Herrera,Senador
18561-36,0,1500,Danisa Astudillo Peiretti,Senador
18562-07,0,1039,Pamela Jiles Moreno,Diputado
18562-07,0,1059,Ximena Ossandón Irarrázabal,Diputado
18562-07,0,1062,Joanna Pérez Olea,Diputado
18562-07,0,1116,Felipe Camaño Cárdenas,Diputado
18562-07,0,1196,Priscilla Castillo Gerli,Diputado
18562-07,0,1197,Carlos Chandía Alarcón,Diputado
18562-07,0,1229,Javier Muñoz Riquelme,Diputado
18562-07,0,1237,Francisco Orrego Gutiérrez,Diputado
18562-07,0,872,Jaime Mulet Martínez,Diputado
18562-07,0,986,Marcela Hernando Pérez,Diputado
18563-07,0,1012,Boris Barrera Moreno,Diputado
18563-07,0,1074,Marisela Santibáñez Novoa,Diputado
18563-07,0,1117,Nathalie Castillo Rojas,Diputado
18563-07,0,1122,Luis Alberto Cuello Peña y Lillo,Diputado
18563-07,0,1128,Ana María Gazmuri Vieira,Diputado
18563-07,0,1159,Lorena Pizarro Sierra,Diputado
18563-07,0,1173,Daniela Serrano Salazar,Diputado
18563-07,0,1211,Sofía González Cortés,Diputado
18563-07,0,1250,Bernardo Salinas Maya,Diputado
18564-07,0,1059,Ximena Ossandón Irarrázabal,Diputado
18564-07,0,1061,Andrea Parra Sauterel,Diputado
18564-07,0,1157,Marlene Pérez Cartes,Diputado
18564-07,0,1203,Sebastián Cristoffanini Jaraquemada,Diputado
18564-07,0,1212,Erich Grohs Marín,Diputado
18564-07,0,1228,Paulina Muñoz Minte,Diputado
18564-07,0,1234,Mario Olavarría Rodríguez,Diputado
18564-07,0,1249,Omar Sabat Guzmán,Diputado
18564-07,0,1251,Macarena Santelices Cañas,Diputado
18565-03,0,1044,Raúl Leiva Carvajal,Diputado
18565-03,0,1082,Cristóbal Urruticoechea Ríos,Diputado
18565-03,0,1116,Felipe Camaño Cárdenas,Diputado
18565-03,0,1152,Gloria Naveillan Arriagada,Diputado
18565-03,0,1198,Paz Charpentier Rajcevich,Diputado
18565-03,0,1205,Carlos Cuadrado Prats,Diputado
18565-03,0,1217,Pier Karlezi Hazleby,Diputado
18565-03,0,1219,Tomás Kast Sommerhoff,Diputado
18565-03,0,1223,Hans Marowski Cuevas,Diputado
18565-03,0,1228,Paulina Muñoz Minte,Diputado
18566-07,0,1039,Pamela Jiles Moreno,Diputado
18566-07,0,1193,Patricio Briones Moller,Diputado
18566-07,0,1201,Flor Contreras Vivallo,Diputado
18566-07,0,1230,Alex Nahuelquin Nahuelquin,Diputado
18566-07,0,1236,Paula Olmos Contreras,Diputado
18566-07,0,1239,Fabián Ossandón Briceño,Diputado
18566-07,0,1243,Tamara Ramírez Ramírez,Diputado
18566-07,0,1255,Eileen Urqueta Rojas,Diputado
18566-07,0,1259,Juan Marcelo Valenzuela Henríquez,Diputado
18567-07,0,1061,Andrea Parra Sauterel,Diputado
18567-07,0,1077,Raúl Soto Mardones,Diputado
18567-07,0,1099,Jaime Araya Guerrero,Diputado
18567-07,0,1110,Carlos Bianchi Chelech,Diputado
18567-07,0,1175,Cristián Tapia Ramos,Diputado
18567-07,0,1178,Héctor Ulloa Aguilera,Diputado
18567-07,0,1195,Carlos Carvajal Gallardo,Diputado
18567-07,0,1205,Carlos Cuadrado Prats,Diputado
18567-07,0,1226,José Montalva Feuerhake,Diputado
18567-07,0,1264,Fernando Zamorano Peralta,Diputado
18568-07,0,1102,Roberto Arroyo Muñoz,Diputado
18568-07,0,1165,Agustín Romero Leiva,Diputado
18569-06,0,1099,Jaime Araya Guerrero,Diputado
18569-06,0,1116,Felipe Camaño Cárdenas,Diputado
18569-06,0,1238,Álvaro Ortiz Vera,Diputado
18569-06,0,1241,Patricio Pinilla Valencia,Diputado
18570-07,0,1214,Constanza Hube Portus,Diputado
18570-07,0,1215,Álvaro Jofré Cáceres,Diputado
18570-07,0,1228,Paulina Muñoz Minte,Diputado
18570-07,0,1230,Alex Nahuelquin Nahuelquin,Diputado
18570-07,0,872,Jaime Mulet Martínez,Diputado
18571-08,0,1341,Alejandra Sepúlveda Orbenes,Senador
18571-08,0,1343,Esteban Velásquez Núñez,Senador
18572-07,0,1324,Karim Bianchi Retamales,Senador
18573-25,0,1044,Raúl Leiva Carvajal,Diputado
18573-25,0,1059,Ximena Ossandón Irarrázabal,Diputado
18573-25,0,1075,Diego Schalper Sepúlveda,Diputado
18573-25,0,1099,Jaime Araya Guerrero,Diputado
18573-25,0,1100,Cristián Araya Lerdo de Tejada,Diputado
18573-25,0,1108,Juan Carlos Beltrán Silva,Diputado
18573-25,0,1131,Mauro González Villarroel,Diputado
18573-25,0,1152,Gloria Naveillan Arriagada,Diputado
18573-25,0,1190,Enrique Bassaletti Riess,Diputado
18573-25,0,1237,Francisco Orrego Gutiérrez,Diputado
18574-25,0,1104,Chiara Barchiesi Chávez,Diputado
18574-25,0,1165,Agustín Romero Leiva,Diputado
18574-25,0,1190,Enrique Bassaletti Riess,Diputado
18574-25,0,1191,Valentina Becerra Peña,Diputado
18574-25,0,1219,Tomás Kast Sommerhoff,Diputado
18574-25,0,1220,Leandro Kunstmann Collado,Diputado
18574-25,0,1245,Alejandro Riquelme Ducci,Diputado
18574-25,0,1247,Javiera Rodríguez Pascual,Diputado
18574-25,0,1263,Sebastián Zamora Soto,Diputado
18575-11,0,1061,Andrea Parra Sauterel,Diputado
18575-11,0,1102,Roberto Arroyo Muñoz,Diputado
18575-11,0,1114,Félix Bugueño Sotelo,Diputado
18575-11,0,1195,Carlos Carvajal Gallardo,Diputado
18575-11,0,1209,Matías Fernández Hartwig,Diputado
18575-11,0,1222,Andrea Macías Palma,Diputado
18575-11,0,1224,Cristian Mella Andaur,Diputado
18575-11,0,1264,Fernando Zamorano Peralta,Diputado
18575-11,0,803,René Alinco Bustos,Diputado
18576-06,0,1028,Eduardo Durán Salinas,Diputado
18576-06,0,1197,Carlos Chandía Alarcón,Diputado
18576-06,0,1227,Claudia Mora Vega,Diputado
18576-06,0,1237,Francisco Orrego Gutiérrez,Diputado
18576-06,0,1261,Daniel Valenzuela Salazar,Diputado
18576-06,0,843,René Manuel García García,Diputado
18577-03,0,1337,Paulina Núñez Urrutia,Senador
18577-03,0,1339,Gastón Saavedra Chandía,Senador
18577-03,0,1344,Matías Walker Prieto,Senador
18577-03,0,1506,Ricardo Celis Araya,Senador
18578-37,0,1334,Alejandro Kusanovic Glusevic,Senador
18578-37,0,1508,Camila Flores Oporto,Senador
18578-37,0,1510,Vanessa Kaiser Barents-Von Hohenhagen,Senador
18578-37,0,1517,Ignacio Urrutia Bonilla,Senador
18579-07,0,1222,Francisco Huenchumilla Jaramillo,Senador
18579-07,0,1338,Claudia Pascual Grau,Senador
18579-07,0,1509,Diego Ibáñez Cotroneo,Senador
18579-07,0,1514,Beatriz Sánchez Muñoz,Senador
18580-07,0,1115,Alfonso De Urresti Longton,Senador
18580-07,0,1326,Juan Luis Castro González,Senador
18580-07,0,1339,Gastón Saavedra Chandía,Senador
18580-07,0,1450,Paulina Vodanovic Rojas,Senador
18580-07,0,1500,Danisa Astudillo Peiretti,Senador
18581-07,0,1110,Pedro Araya Guerrero,Senador
18581-07,0,1337,Paulina Núñez Urrutia,Senador
18581-07,0,1339,Gastón Saavedra Chandía,Senador
18581-07,0,1506,Ricardo Celis Araya,Senador
18581-07,0,1515,Arturo Squella Ovalle,Senador
18582-07,0,1110,Pedro Araya Guerrero,Senador
18582-07,0,1117,Iván Moreira Barros,Senador
18582-07,0,1337,Paulina Núñez Urrutia,Senador
18582-07,0,1450,Paulina Vodanovic Rojas,Senador
18582-07,0,1518,Cristian Vial Maceratta,Senador
18583-14,0,1056,Emilia Nuyado Ancapichun,Diputado
18583-14,0,1108,Juan Carlos Beltrán Silva,Diputado
18583-14,0,1261,Daniel Valenzuela Salazar,Diputado
18586-11,0,1200,Cristian Contreras Radovic,Diputado
18586-11,0,1258,Guillermo Valdés Carmona,Diputado
18587-06,0,1028,Eduardo Durán Salinas,Diputado
18587-06,0,1059,Ximena Ossandón Irarrázabal,Diputado
18587-06,0,1060,Luis Pardo Sáinz,Diputado
18587-06,0,1062,Joanna Pérez Olea,Diputado
18587-06,0,1075,Diego Schalper Sepúlveda,Diputado
18587-06,0,1108,Juan Carlos Beltrán Silva,Diputado
18587-06,0,1131,Mauro González Villarroel,Diputado
18587-06,0,1197,Carlos Chandía Alarcón,Diputado
18587-06,0,1227,Claudia Mora Vega,Diputado
18587-06,0,1242,Rodrigo Ramírez Parra,Diputado
18588-13,0,1082,Cristóbal Urruticoechea Ríos,Diputado
18588-13,0,1193,Patricio Briones Moller,Diputado
18588-13,0,1212,Erich Grohs Marín,Diputado
18588-13,0,1215,Álvaro Jofré Cáceres,Diputado
18588-13,0,1228,Paulina Muñoz Minte,Diputado
18588-13,0,1261,Daniel Valenzuela Salazar,Diputado
18588-13,0,1262,Diego Vergara Rodríguez,Diputado
18589-08,0,1246,José Antonio Rivas Villalobos,Diputado
18589-08,0,1261,Daniel Valenzuela Salazar,Diputado
18590-07,0,1038,Marcos Ilabaca Cerda,Diputado
18590-07,0,1204,Francisco Crisóstomo Llanos,Diputado
18590-07,0,1206,Carolina Cucumides Calderón,Diputado
18590-07,0,1241,Patricio Pinilla Valencia,Diputado
18590-07,0,1252,Constanza Schonhaut Soto,Diputado
18591-07,0,1157,Marlene Pérez Cartes,Diputado
18591-07,0,1193,Patricio Briones Moller,Diputado
18591-07,0,1197,Carlos Chandía Alarcón,Diputado
18591-07,0,1199,Jaime Coloma Álamos,Diputado
18591-07,0,1227,Claudia Mora Vega,Diputado
18591-07,0,1234,Mario Olavarría Rodríguez,Diputado
18591-07,0,1249,Omar Sabat Guzmán,Diputado
18591-07,0,1251,Macarena Santelices Cañas,Diputado
18592-03,0,1193,Patricio Briones Moller,Diputado
18593-07,0,1056,Emilia Nuyado Ancapichun,Diputado
18593-07,0,1073,Juan Santana Castillo,Diputado
18593-07,0,1117,Nathalie Castillo Rojas,Diputado
18593-07,0,1159,Lorena Pizarro Sierra,Diputado
18593-07,0,1188,Marcos Barraza Gómez,Diputado
18593-07,0,1206,Carolina Cucumides Calderón,Diputado
18593-07,0,1211,Sofía González Cortés,Diputado
18594-25,0,1099,Jaime Araya Guerrero,Diputado
18594-25,0,1100,Cristián Araya Lerdo de Tejada,Diputado
18594-25,0,1190,Enrique Bassaletti Riess,Diputado
18594-25,0,1199,Jaime Coloma Álamos,Diputado
18594-25,0,1210,Gustavo Gatica Villarroel,Diputado
18594-25,0,1211,Sofía González Cortés,Diputado
18594-25,0,1241,Patricio Pinilla Valencia,Diputado
18594-25,0,1246,José Antonio Rivas Villalobos,Diputado
18594-25,0,1250,Bernardo Salinas Maya,Diputado
18594-25,0,1256,Tatiana Urrutia Herrera,Diputado
18595-07,0,1061,Andrea Parra Sauterel,Diputado
18595-07,0,1077,Raúl Soto Mardones,Diputado
18595-07,0,1099,Jaime Araya Guerrero,Diputado
18595-07,0,1110,Carlos Bianchi Chelech,Diputado
18595-07,0,1175,Cristián Tapia Ramos,Diputado
18595-07,0,1178,Héctor Ulloa Aguilera,Diputado
18595-07,0,1195,Carlos Carvajal Gallardo,Diputado
18595-07,0,1205,Carlos Cuadrado Prats,Diputado
18595-07,0,1226,José Montalva Feuerhake,Diputado
18595-07,0,1264,Fernando Zamorano Peralta,Diputado
18596-06,0,1152,Gloria Naveillan Arriagada,Diputado
18596-06,0,1190,Enrique Bassaletti Riess,Diputado
18596-06,0,1217,Pier Karlezi Hazleby,Diputado
18596-06,0,1228,Paulina Muñoz Minte,Diputado
18596-06,0,1234,Mario Olavarría Rodríguez,Diputado
18596-06,0,1237,Francisco Orrego Gutiérrez,Diputado
18596-06,0,986,Marcela Hernando Pérez,Diputado
18598-06,0,1235,Javier Olivares Avendaño,Diputado
18599-06,0,1102,Roberto Arroyo Muñoz,Diputado
18599-06,0,1230,Alex Nahuelquin Nahuelquin,Diputado
18599-06,0,1236,Paula Olmos Contreras,Diputado
18599-06,0,1240,Zandra Parisi Fernández,Diputado
18599-06,0,1243,Tamara Ramírez Ramírez,Diputado
18600-06,0,1074,Marisela Santibáñez Novoa,Diputado
18600-06,0,1117,Nathalie Castillo Rojas,Diputado
18600-06,0,1128,Ana María Gazmuri Vieira,Diputado
18600-06,0,1159,Lorena Pizarro Sierra,Diputado
18600-06,0,1173,Daniela Serrano Salazar,Diputado
18600-06,0,1188,Marcos Barraza Gómez,Diputado
18600-06,0,1210,Gustavo Gatica Villarroel,Diputado
18600-06,0,1211,Sofía González Cortés,Diputado
18600-06,0,1213,Irací Hassler Jacob,Diputado
18600-06,0,1250,Bernardo Salinas Maya,Diputado
18601-06,0,1261,Daniel Valenzuela Salazar,Diputado
18602-07,0,1114,Félix Bugueño Sotelo,Diputado
18602-07,0,1177,Carolina Tello Rojas,Diputado
18602-07,0,1195,Carlos Carvajal Gallardo,Diputado
18602-07,0,1246,José Antonio Rivas Villalobos,Diputado
18603-13,0,1021,Andrés Celis Montt,Diputado
18603-13,0,1102,Roberto Arroyo Muñoz,Diputado
18603-13,0,1107,María Francisca Bello Campos,Diputado
18603-13,0,1180,Consuelo Veloso Ávila,Diputado
18603-13,0,1209,Matías Fernández Hartwig,Diputado
18603-13,0,1210,Gustavo Gatica Villarroel,Diputado
18603-13,0,1222,Andrea Macías Palma,Diputado
18603-13,0,1224,Cristian Mella Andaur,Diputado
18603-13,0,1264,Fernando Zamorano Peralta,Diputado
18603-13,0,986,Marcela Hernando Pérez,Diputado
18604-07,0,1013,Alejandro Bernales Maldonado,Diputado
18604-07,0,1062,Joanna Pérez Olea,Diputado
18604-07,0,1141,Luis Malla Valenzuela,Diputado
18604-07,0,1182,Sebastián Videla Castillo,Diputado
18604-07,0,1187,Carlo Arqueros Pizarro,Diputado
18604-07,0,1230,Alex Nahuelquin Nahuelquin,Diputado
18604-07,0,1241,Patricio Pinilla Valencia,Diputado
18604-07,0,1246,José Antonio Rivas Villalobos,Diputado
18604-07,0,1255,Eileen Urqueta Rojas,Diputado
18604-07,0,986,Marcela Hernando Pérez,Diputado
18605-15,0,1054,Francesca Muñoz González,Diputado
18605-15,0,1102,Roberto Arroyo Muñoz,Diputado
18605-15,0,1132,Jorge Guzmán Zepeda,Diputado
18605-15,0,1141,Luis Malla Valenzuela,Diputado
18605-15,0,1191,Valentina Becerra Peña,Diputado
18605-15,0,1192,Lilian Betancurt Delgado,Diputado
18605-15,0,1230,Alex Nahuelquin Nahuelquin,Diputado
18605-15,0,1255,Eileen Urqueta Rojas,Diputado
18606-08,0,1181,Nelson Venegas Salazar,Diputado
18606-08,0,1182,Sebastián Videla Castillo,Diputado
18606-08,0,1195,Carlos Carvajal Gallardo,Diputado
18606-08,0,1207,Valentina Cáceres Monsálvez,Diputado
18606-08,0,1236,Paula Olmos Contreras,Diputado
18606-08,0,1241,Patricio Pinilla Valencia,Diputado
18606-08,0,1246,José Antonio Rivas Villalobos,Diputado
18606-08,0,1250,Bernardo Salinas Maya,Diputado
18606-08,0,1261,Daniel Valenzuela Salazar,Diputado
18607-15,0,1328,Rojo Edwards,Senador
18607-15,0,1335,Javier Macaya Danús,Senador
18607-15,0,1506,Ricardo Celis Araya,Senador
18607-15,0,1509,Diego Ibáñez Cotroneo,Senador
18607-15,0,1515,Arturo Squella Ovalle,Senador
18608-09,0,1115,Alfonso De Urresti Longton,Senador
18608-09,0,1332,María José Gatica Bertin,Senador
18609-07,0,1341,Alejandra Sepúlveda Orbenes,Senador
18609-07,0,1343,Esteban Velásquez Núñez,Senador
18610-07,0,1189,Jaime Bassa Mercado,Diputado
18610-07,0,1195,Carlos Carvajal Gallardo,Diputado
18610-07,0,1206,Carolina Cucumides Calderón,Diputado
18610-07,0,1207,Valentina Cáceres Monsálvez,Diputado
18610-07,0,1222,Andrea Macías Palma,Diputado
18610-07,0,1241,Patricio Pinilla Valencia,Diputado
18610-07,0,1246,José Antonio Rivas Villalobos,Diputado
18610-07,0,1250,Bernardo Salinas Maya,Diputado
18611-07,0,1197,Carlos Chandía Alarcón,Diputado
18611-07,0,1237,Francisco Orrego Gutiérrez,Diputado
18611-07,0,1261,Daniel Valenzuela Salazar,Diputado
18612-07,0,1099,Jaime Araya Guerrero,Diputado
18612-07,0,1100,Cristián Araya Lerdo de Tejada,Diputado
18612-07,0,1117,Nathalie Castillo Rojas,Diputado
18612-07,0,1207,Valentina Cáceres Monsálvez,Diputado
18612-07,0,1236,Paula Olmos Contreras,Diputado
18612-07,0,1246,José Antonio Rivas Villalobos,Diputado
18612-07,0,1250,Bernardo Salinas Maya,Diputado
18613-07,0,1110,Pedro Araya Guerrero,Senador
18613-07,0,1332,María José Gatica Bertin,Senador
18613-07,0,1502,Miguel Ángel Becker Alvear,Senador
18613-07,0,911,Carlos Ignacio Kuschel Silva,Senador
18614-06,0,1115,Alfonso De Urresti Longton,Senador
18614-06,0,1326,Juan Luis Castro González,Senador
18614-06,0,1339,Gastón Saavedra Chandía,Senador
18614-06,0,1500,Danisa Astudillo Peiretti,Senador
18614-06,0,1507,Daniella Cicardini Milla,Senador
18615-07,0,1511,Enrique Lee Flores,Senador
18616-03,0,1339,Gastón Saavedra Chandía,Senador
18616-03,0,1507,Daniella Cicardini Milla,Senador
18617-15,0,1115,Alfonso De Urresti Longton,Senador
18617-15,0,1326,Juan Luis Castro González,Senador
18617-15,0,1339,Gastón Saavedra Chandía,Senador
18617-15,0,1500,Danisa Astudillo Peiretti,Senador
18617-15,0,1507,Daniella Cicardini Milla,Senador
18618-19,0,1507,Daniella Cicardini Milla,Senador
18619-04,0,1115,Alfonso De Urresti Longton,Senador
18619-04,0,1215,Yasna Provoste Campillay,Senador
18619-04,0,1339,Gastón Saavedra Chandía,Senador
18619-04,0,1513,Vlado Mirosevic Verdugo,Senador
18619-04,0,1514,Beatriz Sánchez Muñoz,Senador
18620-08,0,1215,Yasna Provoste Campillay,Senador
18620-08,0,1333,Sebastián Keitel Bianchi,Senador
18620-08,0,1334,Alejandro Kusanovic Glusevic,Senador
18620-08,0,1503,Miguel Ángel Calisto Águila,Senador
18620-08,0,1516,Renzo Trisotti Martínez,Senador
18622-24,0,1082,Cristóbal Urruticoechea Ríos,Diputado
18622-24,0,1247,Javiera Rodríguez Pascual,Diputado
18624-36,0,1332,María José Gatica Bertin,Senador
18624-36,0,1502,Miguel Ángel Becker Alvear,Senador
