source_id,source_name,source_chamber,target_id,target_name,target_chamber,shared_bills,first_shared_bill_date,last_shared_bill_date
1117,Iván Moreira Barros,Senador,1337,Paulina Núñez Urrutia,Senador,28,2026-03-24,2026-08-13
1337,Paulina Núñez Urrutia,Senador,1339,Gastón Saavedra Chandía,Senador,19,2026-03-25,2026-08-13
1028,Eduardo Durán Salinas,Diputado,1059,Ximena Ossandón Irarrázabal,Diputado,17,2026-04-09,2026-08-10
1330,Iván Flores García,Senador,1337,Paulina Núñez Urrutia,Senador,17,2026-03-25,2026-08-05
1324,Karim Bianchi Retamales,Senador,1337,Paulina Núñez Urrutia,Senador,14,2026-04-08,2026-07-08
1337,Paulina Núñez Urrutia,Senador,1450,Paulina Vodanovic Rojas,Senador,14,2026-04-08,2026-08-13
1157,Marlene Pérez Cartes,Diputado,1249,Omar Sabat Guzmán,Diputado,13,2026-04-20,2026-08-11
1059,Ximena Ossandón Irarrázabal,Diputado,1075,Diego Schalper Sepúlveda,Diputado,13,2026-05-05,2026-08-10
1013,Alejandro Bernales Maldonado,Diputado,1141,Luis Malla Valenzuela,Diputado,12,2026-04-08,2026-08-11
1013,Alejandro Bernales Maldonado,Diputado,986,Marcela Hernando Pérez,Diputado,12,2026-04-08,2026-08-11
1013,Alejandro Bernales Maldonado,Diputado,1182,Sebastián Videla Castillo,Diputado,12,2026-04-08,2026-08-11
1061,Andrea Parra Sauterel,Diputado,1195,Carlos Carvajal Gallardo,Diputado,12,2026-03-25,2026-08-11
1021,Andrés Celis Montt,Diputado,1028,Eduardo Durán Salinas,Diputado,12,2026-04-14,2026-08-04
1028,Eduardo Durán Salinas,Diputado,1227,Claudia Mora Vega,Diputado,12,2026-05-05,2026-08-10
1141,Luis Malla Valenzuela,Diputado,986,Marcela Hernando Pérez,Diputado,12,2026-04-08,2026-08-11
1157,Marlene Pérez Cartes,Diputado,1231,Ximena Naranjo Pinto,Diputado,12,2026-04-20,2026-07-14
1061,Andrea Parra Sauterel,Diputado,1205,Carlos Cuadrado Prats,Diputado,11,2026-03-25,2026-08-11
1061,Andrea Parra Sauterel,Diputado,1226,José Montalva Feuerhake,Diputado,11,2026-03-25,2026-08-11
1021,Andrés Celis Montt,Diputado,1059,Ximena Ossandón Irarrázabal,Diputado,11,2026-04-14,2026-08-04
1515,Arturo Squella Ovalle,Senador,1518,Cristian Vial Maceratta,Senador,11,2026-04-14,2026-07-14
1195,Carlos Carvajal Gallardo,Diputado,1226,José Montalva Feuerhake,Diputado,11,2026-03-25,2026-08-11
1143,Cristóbal Martínez Ramírez,Diputado,1257,Alejandra Valdebenito Torres,Diputado,11,2026-04-20,2026-08-04
1143,Cristóbal Martínez Ramírez,Diputado,1157,Marlene Pérez Cartes,Diputado,11,2026-04-20,2026-07-29
1140,Daniel Lilayu Vivanco,Diputado,1257,Alejandra Valdebenito Torres,Diputado,11,2026-04-20,2026-06-05
1075,Diego Schalper Sepúlveda,Diputado,1131,Mauro González Villarroel,Diputado,11,2026-04-15,2026-08-10
1028,Eduardo Durán Salinas,Diputado,1075,Diego Schalper Sepúlveda,Diputado,11,2026-05-05,2026-08-10
1028,Eduardo Durán Salinas,Diputado,1108,Juan Carlos Beltrán Silva,Diputado,11,2026-04-09,2026-08-10
1178,Héctor Ulloa Aguilera,Diputado,1205,Carlos Cuadrado Prats,Diputado,11,2026-03-25,2026-08-11
1517,Ignacio Urrutia Bonilla,Senador,1518,Cristian Vial Maceratta,Senador,11,2026-04-14,2026-07-15
1117,Iván Moreira Barros,Senador,1339,Gastón Saavedra Chandía,Senador,11,2026-03-25,2026-07-07
1141,Luis Malla Valenzuela,Diputado,1182,Sebastián Videla Castillo,Diputado,11,2026-04-08,2026-08-11
1060,Luis Pardo Sáinz,Diputado,1075,Diego Schalper Sepúlveda,Diputado,11,2026-06-04,2026-08-10
1505,Rodolfo Carter Fernández,Senador,1518,Cristian Vial Maceratta,Senador,11,2026-04-14,2026-07-15
1182,Sebastián Videla Castillo,Diputado,986,Marcela Hernando Pérez,Diputado,11,2026-04-08,2026-08-11
1231,Ximena Naranjo Pinto,Diputado,1257,Alejandra Valdebenito Torres,Diputado,11,2026-04-20,2026-08-04
1059,Ximena Ossandón Irarrázabal,Diputado,1227,Claudia Mora Vega,Diputado,11,2026-05-05,2026-08-10
1061,Andrea Parra Sauterel,Diputado,1110,Carlos Bianchi Chelech,Diputado,10,2026-03-25,2026-08-11
1061,Andrea Parra Sauterel,Diputado,1264,Fernando Zamorano Peralta,Diputado,10,2026-03-25,2026-08-11
1061,Andrea Parra Sauterel,Diputado,1178,Héctor Ulloa Aguilera,Diputado,10,2026-03-25,2026-08-11
1110,Carlos Bianchi Chelech,Diputado,1195,Carlos Carvajal Gallardo,Diputado,10,2026-03-25,2026-08-11
1110,Carlos Bianchi Chelech,Diputado,1205,Carlos Cuadrado Prats,Diputado,10,2026-03-25,2026-08-11
1195,Carlos Carvajal Gallardo,Diputado,1205,Carlos Cuadrado Prats,Diputado,10,2026-03-25,2026-08-11
1195,Carlos Carvajal Gallardo,Diputado,1264,Fernando Zamorano Peralta,Diputado,10,2026-03-25,2026-08-11
1205,Carlos Cuadrado Prats,Diputado,1226,José Montalva Feuerhake,Diputado,10,2026-03-25,2026-08-11
1143,Cristóbal Martínez Ramírez,Diputado,1234,Mario Olavarría Rodríguez,Diputado,10,2026-04-20,2026-07-29
1143,Cristóbal Martínez Ramírez,Diputado,1231,Ximena Naranjo Pinto,Diputado,10,2026-04-20,2026-08-04
1075,Diego Schalper Sepúlveda,Diputado,1237,Francisco Orrego Gutiérrez,Diputado,10,2026-05-05,2026-08-07
1028,Eduardo Durán Salinas,Diputado,1197,Carlos Chandía Alarcón,Diputado,10,2026-04-09,2026-08-10
1116,Felipe Camaño Cárdenas,Diputado,1208,Jorge Díaz Ibarra,Diputado,10,2026-04-06,2026-07-24
1223,Hans Marowski Cuevas,Diputado,1235,Javier Olivares Avendaño,Diputado,10,2026-04-21,2026-07-29
1178,Héctor Ulloa Aguilera,Diputado,1195,Carlos Carvajal Gallardo,Diputado,10,2026-03-25,2026-08-11
1178,Héctor Ulloa Aguilera,Diputado,1264,Fernando Zamorano Peralta,Diputado,10,2026-03-25,2026-08-11
1178,Héctor Ulloa Aguilera,Diputado,1226,José Montalva Feuerhake,Diputado,10,2026-03-25,2026-08-11
1117,Iván Moreira Barros,Senador,1324,Karim Bianchi Retamales,Senador,10,2026-04-15,2026-07-08
1174,Marco Antonio Sulantay Olivares,Diputado,1257,Alejandra Valdebenito Torres,Diputado,10,2026-04-20,2026-08-04
1234,Mario Olavarría Rodríguez,Diputado,1249,Omar Sabat Guzmán,Diputado,10,2026-04-20,2026-08-11
1157,Marlene Pérez Cartes,Diputado,1257,Alejandra Valdebenito Torres,Diputado,10,2026-04-20,2026-07-14
1157,Marlene Pérez Cartes,Diputado,1234,Mario Olavarría Rodríguez,Diputado,10,2026-04-20,2026-08-11
1249,Omar Sabat Guzmán,Diputado,1257,Alejandra Valdebenito Torres,Diputado,10,2026-04-20,2026-07-14
1193,Patricio Briones Moller,Diputado,1235,Javier Olivares Avendaño,Diputado,10,2026-04-21,2026-07-27
1505,Rodolfo Carter Fernández,Senador,1517,Ignacio Urrutia Bonilla,Senador,10,2026-04-14,2026-07-15
1059,Ximena Ossandón Irarrázabal,Diputado,1237,Francisco Orrego Gutiérrez,Diputado,10,2026-05-05,2026-08-07
1059,Ximena Ossandón Irarrázabal,Diputado,1108,Juan Carlos Beltrán Silva,Diputado,10,2026-04-09,2026-08-10
1257,Alejandra Valdebenito Torres,Diputado,815,Sergio Bobadilla Muñoz,Diputado,9,2026-04-20,2026-08-04
1061,Andrea Parra Sauterel,Diputado,1175,Cristián Tapia Ramos,Diputado,9,2026-03-25,2026-08-11
1021,Andrés Celis Montt,Diputado,1075,Diego Schalper Sepúlveda,Diputado,9,2026-05-06,2026-08-04
1515,Arturo Squella Ovalle,Senador,1517,Ignacio Urrutia Bonilla,Senador,9,2026-04-14,2026-06-30
1110,Carlos Bianchi Chelech,Diputado,1178,Héctor Ulloa Aguilera,Diputado,9,2026-03-25,2026-08-11
1110,Carlos Bianchi Chelech,Diputado,1226,José Montalva Feuerhake,Diputado,9,2026-03-25,2026-08-11
1205,Carlos Cuadrado Prats,Diputado,1264,Fernando Zamorano Peralta,Diputado,9,2026-03-25,2026-08-11
1227,Claudia Mora Vega,Diputado,1261,Daniel Valenzuela Salazar,Diputado,9,2026-05-05,2026-08-06
1175,Cristián Tapia Ramos,Diputado,1195,Carlos Carvajal Gallardo,Diputado,9,2026-03-25,2026-08-11
1143,Cristóbal Martínez Ramírez,Diputado,1174,Marco Antonio Sulantay Olivares,Diputado,9,2026-04-20,2026-08-04
1143,Cristóbal Martínez Ramírez,Diputado,1249,Omar Sabat Guzmán,Diputado,9,2026-04-20,2026-07-29
1143,Cristóbal Martínez Ramírez,Diputado,815,Sergio Bobadilla Muñoz,Diputado,9,2026-04-20,2026-08-04
1140,Daniel Lilayu Vivanco,Diputado,1143,Cristóbal Martínez Ramírez,Diputado,9,2026-04-20,2026-07-29
1140,Daniel Lilayu Vivanco,Diputado,1157,Marlene Pérez Cartes,Diputado,9,2026-04-20,2026-07-29
1028,Eduardo Durán Salinas,Diputado,1237,Francisco Orrego Gutiérrez,Diputado,9,2026-05-05,2026-08-06
1028,Eduardo Durán Salinas,Diputado,1242,Rodrigo Ramírez Parra,Diputado,9,2026-04-09,2026-08-10
1237,Francisco Orrego Gutiérrez,Diputado,1261,Daniel Valenzuela Salazar,Diputado,9,2026-05-05,2026-08-12
1099,Jaime Araya Guerrero,Diputado,1195,Carlos Carvajal Gallardo,Diputado,9,2026-03-25,2026-08-11
1099,Jaime Araya Guerrero,Diputado,1205,Carlos Cuadrado Prats,Diputado,9,2026-03-25,2026-08-11
1199,Jaime Coloma Álamos,Diputado,1257,Alejandra Valdebenito Torres,Diputado,9,2026-04-20,2026-08-04
1226,José Montalva Feuerhake,Diputado,1264,Fernando Zamorano Peralta,Diputado,9,2026-03-25,2026-08-11
1174,Marco Antonio Sulantay Olivares,Diputado,1199,Jaime Coloma Álamos,Diputado,9,2026-04-20,2026-08-04
1234,Mario Olavarría Rodríguez,Diputado,1257,Alejandra Valdebenito Torres,Diputado,9,2026-04-20,2026-06-18
1157,Marlene Pérez Cartes,Diputado,815,Sergio Bobadilla Muñoz,Diputado,9,2026-04-20,2026-07-29
1193,Patricio Briones Moller,Diputado,1259,Juan Marcelo Valenzuela Henríquez,Diputado,9,2026-04-21,2026-08-05
1241,Patricio Pinilla Valencia,Diputado,1246,José Antonio Rivas Villalobos,Diputado,9,2026-07-06,2026-08-12
1236,Paula Olmos Contreras,Diputado,1243,Tamara Ramírez Ramírez,Diputado,9,2026-04-21,2026-08-06
1077,Raúl Soto Mardones,Diputado,1195,Carlos Carvajal Gallardo,Diputado,9,2026-03-25,2026-08-11
1077,Raúl Soto Mardones,Diputado,1178,Héctor Ulloa Aguilera,Diputado,9,2026-03-25,2026-08-11
1077,Raúl Soto Mardones,Diputado,1226,José Montalva Feuerhake,Diputado,9,2026-03-25,2026-08-11
1516,Renzo Trisotti Martínez,Senador,1518,Cristian Vial Maceratta,Senador,9,2026-04-14,2026-07-15
1516,Renzo Trisotti Martínez,Senador,1517,Ignacio Urrutia Bonilla,Senador,9,2026-04-14,2026-07-15
1102,Roberto Arroyo Muñoz,Diputado,1193,Patricio Briones Moller,Diputado,9,2026-05-09,2026-07-31
1505,Rodolfo Carter Fernández,Senador,1516,Renzo Trisotti Martínez,Senador,9,2026-04-14,2026-07-15
1231,Ximena Naranjo Pinto,Diputado,1249,Omar Sabat Guzmán,Diputado,9,2026-04-20,2026-07-14
1231,Ximena Naranjo Pinto,Diputado,815,Sergio Bobadilla Muñoz,Diputado,9,2026-04-20,2026-08-04
1059,Ximena Ossandón Irarrázabal,Diputado,1197,Carlos Chandía Alarcón,Diputado,9,2026-04-09,2026-08-10
1061,Andrea Parra Sauterel,Diputado,1099,Jaime Araya Guerrero,Diputado,8,2026-03-25,2026-08-11
1061,Andrea Parra Sauterel,Diputado,1077,Raúl Soto Mardones,Diputado,8,2026-03-25,2026-08-11
1515,Arturo Squella Ovalle,Senador,1516,Renzo Trisotti Martínez,Senador,8,2026-04-14,2026-05-20
1110,Carlos Bianchi Chelech,Diputado,1175,Cristián Tapia Ramos,Diputado,8,2026-03-25,2026-08-11
1110,Carlos Bianchi Chelech,Diputado,1264,Fernando Zamorano Peralta,Diputado,8,2026-03-25,2026-08-11
1197,Carlos Chandía Alarcón,Diputado,1227,Claudia Mora Vega,Diputado,8,2026-06-11,2026-08-11
1197,Carlos Chandía Alarcón,Diputado,1242,Rodrigo Ramírez Parra,Diputado,8,2026-04-09,2026-08-10
1175,Cristián Tapia Ramos,Diputado,1205,Carlos Cuadrado Prats,Diputado,8,2026-03-25,2026-08-11
1175,Cristián Tapia Ramos,Diputado,1264,Fernando Zamorano Peralta,Diputado,8,2026-03-25,2026-08-11
1175,Cristián Tapia Ramos,Diputado,1178,Héctor Ulloa Aguilera,Diputado,8,2026-03-25,2026-08-11
1175,Cristián Tapia Ramos,Diputado,1226,José Montalva Feuerhake,Diputado,8,2026-03-25,2026-08-11
1140,Daniel Lilayu Vivanco,Diputado,1174,Marco Antonio Sulantay Olivares,Diputado,8,2026-04-20,2026-07-29
1140,Daniel Lilayu Vivanco,Diputado,1249,Omar Sabat Guzmán,Diputado,8,2026-04-20,2026-07-29
1140,Daniel Lilayu Vivanco,Diputado,1231,Ximena Naranjo Pinto,Diputado,8,2026-04-20,2026-06-08
1075,Diego Schalper Sepúlveda,Diputado,1227,Claudia Mora Vega,Diputado,8,2026-05-05,2026-08-10
1028,Eduardo Durán Salinas,Diputado,1261,Daniel Valenzuela Salazar,Diputado,8,2026-05-05,2026-08-06
1116,Felipe Camaño Cárdenas,Diputado,872,Jaime Mulet Martínez,Diputado,8,2026-03-27,2026-08-05
1116,Felipe Camaño Cárdenas,Diputado,1241,Patricio Pinilla Valencia,Diputado,8,2026-04-06,2026-08-06
1054,Francesca Muñoz González,Diputado,1119,Sara Concha Smith,Diputado,8,2026-04-14,2026-08-04
1117,Iván Moreira Barros,Senador,1450,Paulina Vodanovic Rojas,Senador,8,2026-05-19,2026-08-13
1099,Jaime Araya Guerrero,Diputado,1110,Carlos Bianchi Chelech,Diputado,8,2026-03-25,2026-08-11
1099,Jaime Araya Guerrero,Diputado,1175,Cristián Tapia Ramos,Diputado,8,2026-03-25,2026-08-11
1099,Jaime Araya Guerrero,Diputado,1264,Fernando Zamorano Peralta,Diputado,8,2026-03-25,2026-08-11
1099,Jaime Araya Guerrero,Diputado,1178,Héctor Ulloa Aguilera,Diputado,8,2026-03-25,2026-08-11
1099,Jaime Araya Guerrero,Diputado,1226,José Montalva Feuerhake,Diputado,8,2026-03-25,2026-08-11
1199,Jaime Coloma Álamos,Diputado,815,Sergio Bobadilla Muñoz,Diputado,8,2026-04-20,2026-08-04
1174,Marco Antonio Sulantay Olivares,Diputado,1231,Ximena Naranjo Pinto,Diputado,8,2026-04-20,2026-08-04
1157,Marlene Pérez Cartes,Diputado,1174,Marco Antonio Sulantay Olivares,Diputado,8,2026-04-20,2026-07-29
1131,Mauro González Villarroel,Diputado,1237,Francisco Orrego Gutiérrez,Diputado,8,2026-05-05,2026-08-07
1249,Omar Sabat Guzmán,Diputado,815,Sergio Bobadilla Muñoz,Diputado,8,2026-04-20,2026-07-29
1193,Patricio Briones Moller,Diputado,1236,Paula Olmos Contreras,Diputado,8,2026-04-21,2026-08-05
1193,Patricio Briones Moller,Diputado,1243,Tamara Ramírez Ramírez,Diputado,8,2026-04-21,2026-08-05
1337,Paulina Núñez Urrutia,Senador,911,Carlos Ignacio Kuschel Silva,Senador,8,2026-03-25,2026-08-04
1217,Pier Karlezi Hazleby,Diputado,1223,Hans Marowski Cuevas,Diputado,8,2026-04-15,2026-08-05
1077,Raúl Soto Mardones,Diputado,1110,Carlos Bianchi Chelech,Diputado,8,2026-03-25,2026-08-11
1077,Raúl Soto Mardones,Diputado,1205,Carlos Cuadrado Prats,Diputado,8,2026-03-25,2026-08-11
1077,Raúl Soto Mardones,Diputado,1264,Fernando Zamorano Peralta,Diputado,8,2026-03-25,2026-08-11
1505,Rodolfo Carter Fernández,Senador,1515,Arturo Squella Ovalle,Senador,8,2026-04-14,2026-05-20
1059,Ximena Ossandón Irarrázabal,Diputado,1060,Luis Pardo Sáinz,Diputado,8,2026-06-12,2026-08-10
1059,Ximena Ossandón Irarrázabal,Diputado,1131,Mauro González Villarroel,Diputado,8,2026-05-05,2026-08-10
1238,Álvaro Ortiz Vera,Diputado,1241,Patricio Pinilla Valencia,Diputado,8,2026-03-27,2026-08-06
1341,Alejandra Sepúlveda Orbenes,Senador,1343,Esteban Velásquez Núñez,Senador,7,2026-06-02,2026-08-19
1227,Claudia Mora Vega,Diputado,1242,Rodrigo Ramírez Parra,Diputado,7,2026-05-12,2026-08-10
1082,Cristóbal Urruticoechea Ríos,Diputado,1223,Hans Marowski Cuevas,Diputado,7,2026-04-15,2026-08-05
1140,Daniel Lilayu Vivanco,Diputado,1234,Mario Olavarría Rodríguez,Diputado,7,2026-04-28,2026-07-29
1140,Daniel Lilayu Vivanco,Diputado,1166,Natalia Romero Talguia,Diputado,7,2026-04-28,2026-07-29
1075,Diego Schalper Sepúlveda,Diputado,1108,Juan Carlos Beltrán Silva,Diputado,7,2026-05-05,2026-08-10
1202,Eduardo Cretton Rebolledo,Diputado,1257,Alejandra Valdebenito Torres,Diputado,7,2026-04-29,2026-08-04
1028,Eduardo Durán Salinas,Diputado,1060,Luis Pardo Sáinz,Diputado,7,2026-06-04,2026-08-10
1028,Eduardo Durán Salinas,Diputado,1131,Mauro González Villarroel,Diputado,7,2026-05-05,2026-08-10
1201,Flor Contreras Vivallo,Diputado,1230,Alex Nahuelquin Nahuelquin,Diputado,7,2026-06-10,2026-08-05
1201,Flor Contreras Vivallo,Diputado,1239,Fabián Ossandón Briceño,Diputado,7,2026-05-06,2026-08-05
1201,Flor Contreras Vivallo,Diputado,1259,Juan Marcelo Valenzuela Henríquez,Diputado,7,2026-05-06,2026-08-05
1183,Flor Weisse Novoa,Diputado,1257,Alejandra Valdebenito Torres,Diputado,7,2026-04-20,2026-08-04
1087,Gael Yeomans Araya,Diputado,1153,Coca Ericka Ñanco Vásquez,Diputado,7,2026-04-28,2026-07-27
1087,Gael Yeomans Araya,Diputado,1122,Luis Alberto Cuello Peña y Lillo,Diputado,7,2026-04-07,2026-07-30
1087,Gael Yeomans Araya,Diputado,1241,Patricio Pinilla Valencia,Diputado,7,2026-06-12,2026-07-30
1339,Gastón Saavedra Chandía,Senador,1344,Matías Walker Prieto,Senador,7,2026-04-15,2026-08-12
1176,Hotuiti Teao Drago,Diputado,1257,Alejandra Valdebenito Torres,Diputado,7,2026-04-20,2026-06-18
1105,Héctor Barría Angulo,Diputado,1241,Patricio Pinilla Valencia,Diputado,7,2026-03-27,2026-07-11
1117,Iván Moreira Barros,Senador,911,Carlos Ignacio Kuschel Silva,Senador,7,2026-03-25,2026-08-04
1117,Iván Moreira Barros,Senador,1330,Iván Flores García,Senador,7,2026-03-25,2026-08-04
1199,Jaime Coloma Álamos,Diputado,1202,Eduardo Cretton Rebolledo,Diputado,7,2026-04-29,2026-08-04
1199,Jaime Coloma Álamos,Diputado,1249,Omar Sabat Guzmán,Diputado,7,2026-04-20,2026-08-11
1235,Javier Olivares Avendaño,Diputado,1261,Daniel Valenzuela Salazar,Diputado,7,2026-05-12,2026-07-29
1208,Jorge Díaz Ibarra,Diputado,1241,Patricio Pinilla Valencia,Diputado,7,2026-04-06,2026-07-17
1132,Jorge Guzmán Zepeda,Diputado,1219,Tomás Kast Sommerhoff,Diputado,7,2026-04-15,2026-08-04
1108,Juan Carlos Beltrán Silva,Diputado,1227,Claudia Mora Vega,Diputado,7,2026-05-05,2026-08-10
1108,Juan Carlos Beltrán Silva,Diputado,1261,Daniel Valenzuela Salazar,Diputado,7,2026-05-05,2026-08-07
1326,Juan Luis Castro González,Senador,1339,Gastón Saavedra Chandía,Senador,7,2026-05-19,2026-08-19
1060,Luis Pardo Sáinz,Diputado,1237,Francisco Orrego Gutiérrez,Diputado,7,2026-06-12,2026-08-04
1120,Manuel José Ossandón Irarrázabal,Senador,1337,Paulina Núñez Urrutia,Senador,7,2026-03-25,2026-07-07
1174,Marco Antonio Sulantay Olivares,Diputado,1234,Mario Olavarría Rodríguez,Diputado,7,2026-04-20,2026-07-29
1234,Mario Olavarría Rodríguez,Diputado,815,Sergio Bobadilla Muñoz,Diputado,7,2026-04-20,2026-07-29
1157,Marlene Pérez Cartes,Diputado,1199,Jaime Coloma Álamos,Diputado,7,2026-04-20,2026-08-11
1157,Marlene Pérez Cartes,Diputado,1166,Natalia Romero Talguia,Diputado,7,2026-04-28,2026-07-29
1157,Marlene Pérez Cartes,Diputado,1233,Ricardo Neumann Bertín,Diputado,7,2026-04-20,2026-07-29
1193,Patricio Briones Moller,Diputado,1239,Fabián Ossandón Briceño,Diputado,7,2026-05-06,2026-08-05
1193,Patricio Briones Moller,Diputado,1201,Flor Contreras Vivallo,Diputado,7,2026-05-06,2026-08-05
1236,Paula Olmos Contreras,Diputado,1239,Fabián Ossandón Briceño,Diputado,7,2026-05-09,2026-08-05
1077,Raúl Soto Mardones,Diputado,1175,Cristián Tapia Ramos,Diputado,7,2026-03-25,2026-08-11
1077,Raúl Soto Mardones,Diputado,1099,Jaime Araya Guerrero,Diputado,7,2026-03-25,2026-08-11
1233,Ricardo Neumann Bertín,Diputado,1249,Omar Sabat Guzmán,Diputado,7,2026-04-20,2026-07-29
1102,Roberto Arroyo Muñoz,Diputado,1240,Zandra Parisi Fernández,Diputado,7,2026-05-27,2026-08-06
1331,Sergio Gahona Salazar,Senador,1337,Paulina Núñez Urrutia,Senador,7,2026-05-19,2026-08-05
1243,Tamara Ramírez Ramírez,Diputado,1259,Juan Marcelo Valenzuela Henríquez,Diputado,7,2026-04-21,2026-08-05
1219,Tomás Kast Sommerhoff,Diputado,1223,Hans Marowski Cuevas,Diputado,7,2026-06-15,2026-08-05
1231,Ximena Naranjo Pinto,Diputado,1234,Mario Olavarría Rodríguez,Diputado,7,2026-04-20,2026-06-02
1059,Ximena Ossandón Irarrázabal,Diputado,1261,Daniel Valenzuela Salazar,Diputado,7,2026-05-05,2026-08-04
1059,Ximena Ossandón Irarrázabal,Diputado,1242,Rodrigo Ramírez Parra,Diputado,7,2026-04-09,2026-08-10
1115,Alfonso De Urresti Longton,Senador,1339,Gastón Saavedra Chandía,Senador,6,2026-04-08,2026-08-19
1128,Ana María Gazmuri Vieira,Diputado,1213,Irací Hassler Jacob,Diputado,6,2026-05-31,2026-08-12
1021,Andrés Celis Montt,Diputado,1060,Luis Pardo Sáinz,Diputado,6,2026-06-04,2026-08-04
1021,Andrés Celis Montt,Diputado,1193,Patricio Briones Moller,Diputado,6,2026-05-06,2026-06-23
1197,Carlos Chandía Alarcón,Diputado,1261,Daniel Valenzuela Salazar,Diputado,6,2026-06-11,2026-08-12
1227,Claudia Mora Vega,Diputado,1237,Francisco Orrego Gutiérrez,Diputado,6,2026-05-05,2026-08-06
1224,Cristian Mella Andaur,Diputado,1241,Patricio Pinilla Valencia,Diputado,6,2026-03-27,2026-07-11
1143,Cristóbal Martínez Ramírez,Diputado,1176,Hotuiti Teao Drago,Diputado,6,2026-04-20,2026-05-11
1143,Cristóbal Martínez Ramírez,Diputado,1199,Jaime Coloma Álamos,Diputado,6,2026-04-20,2026-08-04
1143,Cristóbal Martínez Ramírez,Diputado,1166,Natalia Romero Talguia,Diputado,6,2026-04-28,2026-08-04
1082,Cristóbal Urruticoechea Ríos,Diputado,1217,Pier Karlezi Hazleby,Diputado,6,2026-04-15,2026-08-05
1140,Daniel Lilayu Vivanco,Diputado,1199,Jaime Coloma Álamos,Diputado,6,2026-04-28,2026-07-29
1075,Diego Schalper Sepúlveda,Diputado,1219,Tomás Kast Sommerhoff,Diputado,6,2026-04-15,2026-07-06
1202,Eduardo Cretton Rebolledo,Diputado,815,Sergio Bobadilla Muñoz,Diputado,6,2026-05-11,2026-08-04
1202,Eduardo Cretton Rebolledo,Diputado,1231,Ximena Naranjo Pinto,Diputado,6,2026-05-11,2026-08-04
1028,Eduardo Durán Salinas,Diputado,1054,Francesca Muñoz González,Diputado,6,2026-04-14,2026-08-03
1239,Fabián Ossandón Briceño,Diputado,1259,Juan Marcelo Valenzuela Henríquez,Diputado,6,2026-05-06,2026-08-05
1239,Fabián Ossandón Briceño,Diputado,1243,Tamara Ramírez Ramírez,Diputado,6,2026-05-06,2026-08-05
1116,Felipe Camaño Cárdenas,Diputado,1196,Priscilla Castillo Gerli,Diputado,6,2026-04-06,2026-08-05
1201,Flor Contreras Vivallo,Diputado,1236,Paula Olmos Contreras,Diputado,6,2026-05-09,2026-08-05
1201,Flor Contreras Vivallo,Diputado,1243,Tamara Ramírez Ramírez,Diputado,6,2026-05-06,2026-08-05
1183,Flor Weisse Novoa,Diputado,1231,Ximena Naranjo Pinto,Diputado,6,2026-04-20,2026-08-04
1087,Gael Yeomans Araya,Diputado,1226,José Montalva Feuerhake,Diputado,6,2026-05-15,2026-07-21
1339,Gastón Saavedra Chandía,Senador,1450,Paulina Vodanovic Rojas,Senador,6,2026-06-09,2026-08-12
1065,Guillermo Ramírez Diez,Diputado,1174,Marco Antonio Sulantay Olivares,Diputado,6,2026-04-20,2026-06-18
1223,Hans Marowski Cuevas,Diputado,1247,Javiera Rodríguez Pascual,Diputado,6,2026-06-10,2026-07-27
1176,Hotuiti Teao Drago,Diputado,1234,Mario Olavarría Rodríguez,Diputado,6,2026-04-20,2026-06-18
1105,Héctor Barría Angulo,Diputado,1224,Cristian Mella Andaur,Diputado,6,2026-03-27,2026-07-11
1178,Héctor Ulloa Aguilera,Diputado,1241,Patricio Pinilla Valencia,Diputado,6,2026-04-06,2026-07-30
1330,Iván Flores García,Senador,1339,Gastón Saavedra Chandía,Senador,6,2026-03-25,2026-06-10
1117,Iván Moreira Barros,Senador,1335,Javier Macaya Danús,Senador,6,2026-05-20,2026-07-08
1199,Jaime Coloma Álamos,Diputado,1234,Mario Olavarría Rodríguez,Diputado,6,2026-04-20,2026-08-11
1199,Jaime Coloma Álamos,Diputado,1231,Ximena Naranjo Pinto,Diputado,6,2026-04-20,2026-08-04
1235,Javier Olivares Avendaño,Diputado,1259,Juan Marcelo Valenzuela Henríquez,Diputado,6,2026-04-21,2026-07-23
1235,Javier Olivares Avendaño,Diputado,1243,Tamara Ramírez Ramírez,Diputado,6,2026-04-21,2026-07-23
1062,Joanna Pérez Olea,Diputado,1227,Claudia Mora Vega,Diputado,6,2026-06-09,2026-08-10
1062,Joanna Pérez Olea,Diputado,1075,Diego Schalper Sepúlveda,Diputado,6,2026-06-04,2026-08-10
1246,José Antonio Rivas Villalobos,Diputado,1250,Bernardo Salinas Maya,Diputado,6,2026-07-06,2026-08-14
1108,Juan Carlos Beltrán Silva,Diputado,1131,Mauro González Villarroel,Diputado,6,2026-05-05,2026-08-10
1108,Juan Carlos Beltrán Silva,Diputado,843,René Manuel García García,Diputado,6,2026-05-05,2026-07-31
1108,Juan Carlos Beltrán Silva,Diputado,1242,Rodrigo Ramírez Parra,Diputado,6,2026-04-09,2026-08-10
1324,Karim Bianchi Retamales,Senador,1339,Gastón Saavedra Chandía,Senador,6,2026-04-15,2026-06-10
1324,Karim Bianchi Retamales,Senador,1330,Iván Flores García,Senador,6,2026-04-08,2026-07-08
1192,Lilian Betancurt Delgado,Diputado,1230,Alex Nahuelquin Nahuelquin,Diputado,6,2026-06-10,2026-08-12
1060,Luis Pardo Sáinz,Diputado,1131,Mauro González Villarroel,Diputado,6,2026-06-04,2026-08-10
1174,Marco Antonio Sulantay Olivares,Diputado,1202,Eduardo Cretton Rebolledo,Diputado,6,2026-04-29,2026-08-04
1174,Marco Antonio Sulantay Olivares,Diputado,1183,Flor Weisse Novoa,Diputado,6,2026-04-20,2026-08-04
1174,Marco Antonio Sulantay Olivares,Diputado,1176,Hotuiti Teao Drago,Diputado,6,2026-04-20,2026-06-18
1174,Marco Antonio Sulantay Olivares,Diputado,1249,Omar Sabat Guzmán,Diputado,6,2026-04-20,2026-07-29
1174,Marco Antonio Sulantay Olivares,Diputado,815,Sergio Bobadilla Muñoz,Diputado,6,2026-04-20,2026-08-04
1502,Miguel Ángel Becker Alvear,Senador,1518,Cristian Vial Maceratta,Senador,6,2026-05-19,2026-09-02
1166,Natalia Romero Talguia,Diputado,1199,Jaime Coloma Álamos,Diputado,6,2026-04-28,2026-08-04
1166,Natalia Romero Talguia,Diputado,1174,Marco Antonio Sulantay Olivares,Diputado,6,2026-04-28,2026-08-04
1166,Natalia Romero Talguia,Diputado,1231,Ximena Naranjo Pinto,Diputado,6,2026-04-29,2026-08-04
1117,Nathalie Castillo Rojas,Diputado,1211,Sofía González Cortés,Diputado,6,2026-06-12,2026-08-12
1193,Patricio Briones Moller,Diputado,1219,Tomás Kast Sommerhoff,Diputado,6,2026-05-06,2026-08-04
1236,Paula Olmos Contreras,Diputado,1259,Juan Marcelo Valenzuela Henríquez,Diputado,6,2026-04-21,2026-08-05
1337,Paulina Núñez Urrutia,Senador,1344,Matías Walker Prieto,Senador,6,2026-04-15,2026-08-12
1110,Pedro Araya Guerrero,Senador,1337,Paulina Núñez Urrutia,Senador,6,2026-04-08,2026-08-13
1233,Ricardo Neumann Bertín,Diputado,815,Sergio Bobadilla Muñoz,Diputado,6,2026-05-11,2026-07-29
1182,Sebastián Videla Castillo,Diputado,1246,José Antonio Rivas Villalobos,Diputado,6,2026-07-06,2026-08-12
1231,Ximena Naranjo Pinto,Diputado,1233,Ricardo Neumann Bertín,Diputado,6,2026-04-20,2026-07-14
1334,Alejandro Kusanovic Glusevic,Senador,1337,Paulina Núñez Urrutia,Senador,5,2026-03-25,2026-04-22
1128,Ana María Gazmuri Vieira,Diputado,1178,Héctor Ulloa Aguilera,Diputado,5,2026-04-20,2026-07-08
1128,Ana María Gazmuri Vieira,Diputado,1188,Marcos Barraza Gómez,Diputado,5,2026-04-20,2026-08-12
1128,Ana María Gazmuri Vieira,Diputado,1211,Sofía González Cortés,Diputado,5,2026-06-16,2026-08-12
1021,Andrés Celis Montt,Diputado,1261,Daniel Valenzuela Salazar,Diputado,5,2026-06-02,2026-08-04
1021,Andrés Celis Montt,Diputado,1237,Francisco Orrego Gutiérrez,Diputado,5,2026-06-02,2026-08-04
1021,Andrés Celis Montt,Diputado,1108,Juan Carlos Beltrán Silva,Diputado,5,2026-06-02,2026-07-06
1021,Andrés Celis Montt,Diputado,1131,Mauro González Villarroel,Diputado,5,2026-06-04,2026-07-06
1021,Andrés Celis Montt,Diputado,1219,Tomás Kast Sommerhoff,Diputado,5,2026-05-06,2026-07-06
1197,Carlos Chandía Alarcón,Diputado,1237,Francisco Orrego Gutiérrez,Diputado,5,2026-06-17,2026-08-12
1205,Carlos Cuadrado Prats,Diputado,1241,Patricio Pinilla Valencia,Diputado,5,2026-06-02,2026-07-27
1177,Carolina Tello Rojas,Diputado,1207,Valentina Cáceres Monsálvez,Diputado,5,2026-04-28,2026-07-27
1227,Claudia Mora Vega,Diputado,1234,Mario Olavarría Rodríguez,Diputado,5,2026-05-12,2026-08-11
1227,Claudia Mora Vega,Diputado,843,René Manuel García García,Diputado,5,2026-05-05,2026-08-06
1153,Coca Ericka Ñanco Vásquez,Diputado,1180,Consuelo Veloso Ávila,Diputado,5,2026-04-20,2026-07-27
1153,Coca Ericka Ñanco Vásquez,Diputado,1207,Valentina Cáceres Monsálvez,Diputado,5,2026-04-28,2026-07-27
1180,Consuelo Veloso Ávila,Diputado,1224,Cristian Mella Andaur,Diputado,5,2026-04-16,2026-08-11
1180,Consuelo Veloso Ávila,Diputado,1207,Valentina Cáceres Monsálvez,Diputado,5,2026-05-18,2026-07-29
1224,Cristian Mella Andaur,Diputado,1238,Álvaro Ortiz Vera,Diputado,5,2026-03-27,2026-07-11
1143,Cristóbal Martínez Ramírez,Diputado,1202,Eduardo Cretton Rebolledo,Diputado,5,2026-04-29,2026-08-04
1140,Daniel Lilayu Vivanco,Diputado,1202,Eduardo Cretton Rebolledo,Diputado,5,2026-04-29,2026-06-08
1140,Daniel Lilayu Vivanco,Diputado,1183,Flor Weisse Novoa,Diputado,5,2026-04-20,2026-06-08
1140,Daniel Lilayu Vivanco,Diputado,1233,Ricardo Neumann Bertín,Diputado,5,2026-04-20,2026-07-29
1140,Daniel Lilayu Vivanco,Diputado,815,Sergio Bobadilla Muñoz,Diputado,5,2026-04-29,2026-07-29
1075,Diego Schalper Sepúlveda,Diputado,1261,Daniel Valenzuela Salazar,Diputado,5,2026-05-05,2026-08-04
1075,Diego Schalper Sepúlveda,Diputado,1132,Jorge Guzmán Zepeda,Diputado,5,2026-04-15,2026-07-06
1075,Diego Schalper Sepúlveda,Diputado,1242,Rodrigo Ramírez Parra,Diputado,5,2026-06-04,2026-08-10
1202,Eduardo Cretton Rebolledo,Diputado,1234,Mario Olavarría Rodríguez,Diputado,5,2026-04-29,2026-06-18
1202,Eduardo Cretton Rebolledo,Diputado,1233,Ricardo Neumann Bertín,Diputado,5,2026-05-11,2026-07-27
1028,Eduardo Durán Salinas,Diputado,1062,Joanna Pérez Olea,Diputado,5,2026-06-04,2026-08-10
1028,Eduardo Durán Salinas,Diputado,843,René Manuel García García,Diputado,5,2026-04-14,2026-08-06
1190,Enrique Bassaletti Riess,Diputado,1237,Francisco Orrego Gutiérrez,Diputado,5,2026-07-01,2026-08-11
1116,Felipe Camaño Cárdenas,Diputado,1229,Javier Muñoz Riquelme,Diputado,5,2026-04-15,2026-08-05
1116,Felipe Camaño Cárdenas,Diputado,1238,Álvaro Ortiz Vera,Diputado,5,2026-04-15,2026-08-06
1329,Fidel Espinoza Sandoval,Senador,1339,Gastón Saavedra Chandía,Senador,5,2026-04-08,2026-05-19
1183,Flor Weisse Novoa,Diputado,1249,Omar Sabat Guzmán,Diputado,5,2026-04-20,2026-07-14
1183,Flor Weisse Novoa,Diputado,1233,Ricardo Neumann Bertín,Diputado,5,2026-04-20,2026-07-14
1087,Gael Yeomans Araya,Diputado,1180,Consuelo Veloso Ávila,Diputado,5,2026-05-18,2026-07-27
1087,Gael Yeomans Araya,Diputado,1178,Héctor Ulloa Aguilera,Diputado,5,2026-05-15,2026-07-30
1087,Gael Yeomans Araya,Diputado,1207,Valentina Cáceres Monsálvez,Diputado,5,2026-04-28,2026-07-27
1339,Gastón Saavedra Chandía,Senador,911,Carlos Ignacio Kuschel Silva,Senador,5,2026-03-25,2026-07-07
1339,Gastón Saavedra Chandía,Senador,1507,Daniella Cicardini Milla,Senador,5,2026-05-06,2026-08-19
1152,Gloria Naveillan Arriagada,Diputado,1217,Pier Karlezi Hazleby,Diputado,5,2026-04-15,2026-08-11
1065,Guillermo Ramírez Diez,Diputado,1257,Alejandra Valdebenito Torres,Diputado,5,2026-04-20,2026-06-18
1065,Guillermo Ramírez Diez,Diputado,1140,Daniel Lilayu Vivanco,Diputado,5,2026-04-20,2026-06-08
1223,Hans Marowski Cuevas,Diputado,1237,Francisco Orrego Gutiérrez,Diputado,5,2026-04-21,2026-07-21
1223,Hans Marowski Cuevas,Diputado,1263,Sebastián Zamora Soto,Diputado,5,2026-06-15,2026-07-29
1176,Hotuiti Teao Drago,Diputado,1199,Jaime Coloma Álamos,Diputado,5,2026-04-20,2026-06-18
1105,Héctor Barría Angulo,Diputado,1238,Álvaro Ortiz Vera,Diputado,5,2026-03-27,2026-07-11
1330,Iván Flores García,Senador,1334,Alejandro Kusanovic Glusevic,Senador,5,2026-03-25,2026-06-16
1330,Iván Flores García,Senador,911,Carlos Ignacio Kuschel Silva,Senador,5,2026-03-25,2026-08-04
1330,Iván Flores García,Senador,1344,Matías Walker Prieto,Senador,5,2026-04-08,2026-08-05
1330,Iván Flores García,Senador,1503,Miguel Ángel Calisto Águila,Senador,5,2026-04-08,2026-08-04
1330,Iván Flores García,Senador,1450,Paulina Vodanovic Rojas,Senador,5,2026-04-08,2026-08-05
1099,Jaime Araya Guerrero,Diputado,1100,Cristián Araya Lerdo de Tejada,Diputado,5,2026-05-13,2026-08-14
1335,Javier Macaya Danús,Senador,1337,Paulina Núñez Urrutia,Senador,5,2026-06-03,2026-07-08
1235,Javier Olivares Avendaño,Diputado,1236,Paula Olmos Contreras,Diputado,5,2026-04-21,2026-07-23
1235,Javier Olivares Avendaño,Diputado,1263,Sebastián Zamora Soto,Diputado,5,2026-06-15,2026-07-29
1062,Joanna Pérez Olea,Diputado,1242,Rodrigo Ramírez Parra,Diputado,5,2026-06-04,2026-08-10
1208,Jorge Díaz Ibarra,Diputado,1229,Javier Muñoz Riquelme,Diputado,5,2026-04-15,2026-07-24
1132,Jorge Guzmán Zepeda,Diputado,843,René Manuel García García,Diputado,5,2026-05-05,2026-08-04
1108,Juan Carlos Beltrán Silva,Diputado,1197,Carlos Chandía Alarcón,Diputado,5,2026-04-09,2026-08-10
1108,Juan Carlos Beltrán Silva,Diputado,1237,Francisco Orrego Gutiérrez,Diputado,5,2026-05-05,2026-08-07
1326,Juan Luis Castro González,Senador,1337,Paulina Núñez Urrutia,Senador,5,2026-06-09,2026-08-10
1326,Juan Luis Castro González,Senador,1450,Paulina Vodanovic Rojas,Senador,5,2026-03-18,2026-08-12
1159,Lorena Pizarro Sierra,Diputado,1211,Sofía González Cortés,Diputado,5,2026-06-12,2026-08-12
1122,Luis Alberto Cuello Peña y Lillo,Diputado,1241,Patricio Pinilla Valencia,Diputado,5,2026-06-08,2026-07-30
1060,Luis Pardo Sáinz,Diputado,1219,Tomás Kast Sommerhoff,Diputado,5,2026-06-04,2026-07-20
1170,Luis Sánchez Ossa,Diputado,1223,Hans Marowski Cuevas,Diputado,5,2026-06-10,2026-07-29
1170,Luis Sánchez Ossa,Diputado,1235,Javier Olivares Avendaño,Diputado,5,2026-06-10,2026-07-29
1120,Manuel José Ossandón Irarrázabal,Senador,1502,Miguel Ángel Becker Alvear,Senador,5,2026-05-19,2026-07-07
1188,Marcos Barraza Gómez,Diputado,1211,Sofía González Cortés,Diputado,5,2026-06-16,2026-08-12
1074,Marisela Santibáñez Novoa,Diputado,1128,Ana María Gazmuri Vieira,Diputado,5,2026-06-15,2026-08-12
1074,Marisela Santibáñez Novoa,Diputado,1122,Luis Alberto Cuello Peña y Lillo,Diputado,5,2026-04-15,2026-08-05
1157,Marlene Pérez Cartes,Diputado,1183,Flor Weisse Novoa,Diputado,5,2026-04-20,2026-07-14
1157,Marlene Pérez Cartes,Diputado,1176,Hotuiti Teao Drago,Diputado,5,2026-04-20,2026-05-11
1107,María Francisca Bello Campos,Diputado,1209,Matías Fernández Hartwig,Diputado,5,2026-04-15,2026-08-11
1209,Matías Fernández Hartwig,Diputado,1224,Cristian Mella Andaur,Diputado,5,2026-04-15,2026-08-11
1166,Natalia Romero Talguia,Diputado,1257,Alejandra Valdebenito Torres,Diputado,5,2026-04-28,2026-08-04
1166,Natalia Romero Talguia,Diputado,1202,Eduardo Cretton Rebolledo,Diputado,5,2026-04-29,2026-08-04
1117,Nathalie Castillo Rojas,Diputado,1159,Lorena Pizarro Sierra,Diputado,5,2026-04-15,2026-08-12
1039,Pamela Jiles Moreno,Diputado,1201,Flor Contreras Vivallo,Diputado,5,2026-05-06,2026-08-05
1039,Pamela Jiles Moreno,Diputado,1259,Juan Marcelo Valenzuela Henríquez,Diputado,5,2026-05-06,2026-08-05
1193,Patricio Briones Moller,Diputado,1230,Alex Nahuelquin Nahuelquin,Diputado,5,2026-06-16,2026-08-05
1193,Patricio Briones Moller,Diputado,1261,Daniel Valenzuela Salazar,Diputado,5,2026-05-12,2026-08-05
1193,Patricio Briones Moller,Diputado,1258,Guillermo Valdés Carmona,Diputado,5,2026-04-21,2026-07-13
1193,Patricio Briones Moller,Diputado,1251,Macarena Santelices Cañas,Diputado,5,2026-05-06,2026-08-11
1193,Patricio Briones Moller,Diputado,1240,Zandra Parisi Fernández,Diputado,5,2026-05-09,2026-07-23
1241,Patricio Pinilla Valencia,Diputado,1250,Bernardo Salinas Maya,Diputado,5,2026-07-06,2026-08-12
1236,Paula Olmos Contreras,Diputado,1240,Zandra Parisi Fernández,Diputado,5,2026-05-09,2026-08-06
1337,Paulina Núñez Urrutia,Senador,1508,Camila Flores Oporto,Senador,5,2026-04-22,2026-08-04
1198,Paz Charpentier Rajcevich,Diputado,1223,Hans Marowski Cuevas,Diputado,5,2026-06-23,2026-08-05
1198,Paz Charpentier Rajcevich,Diputado,1247,Javiera Rodríguez Pascual,Diputado,5,2026-06-23,2026-07-27
1217,Pier Karlezi Hazleby,Diputado,1228,Paulina Muñoz Minte,Diputado,5,2026-04-15,2026-08-11
1196,Priscilla Castillo Gerli,Diputado,1208,Jorge Díaz Ibarra,Diputado,5,2026-04-06,2026-07-17
1196,Priscilla Castillo Gerli,Diputado,1241,Patricio Pinilla Valencia,Diputado,5,2026-04-06,2026-07-17
1044,Raúl Leiva Carvajal,Diputado,1075,Diego Schalper Sepúlveda,Diputado,5,2026-05-06,2026-08-07
1233,Ricardo Neumann Bertín,Diputado,1257,Alejandra Valdebenito Torres,Diputado,5,2026-04-20,2026-07-14
1102,Roberto Arroyo Muñoz,Diputado,1132,Jorge Guzmán Zepeda,Diputado,5,2026-06-04,2026-08-12
1102,Roberto Arroyo Muñoz,Diputado,1192,Lilian Betancurt Delgado,Diputado,5,2026-06-16,2026-08-12
1119,Sara Concha Smith,Diputado,1133,Juan Irarrázaval Rossel,Diputado,5,2026-04-14,2026-08-04
1182,Sebastián Videla Castillo,Diputado,1241,Patricio Pinilla Valencia,Diputado,5,2026-07-06,2026-08-12
1243,Tamara Ramírez Ramírez,Diputado,1255,Eileen Urqueta Rojas,Diputado,5,2026-05-06,2026-08-05
1219,Tomás Kast Sommerhoff,Diputado,843,René Manuel García García,Diputado,5,2026-06-03,2026-08-04
1191,Valentina Becerra Peña,Diputado,1247,Javiera Rodríguez Pascual,Diputado,5,2026-05-04,2026-08-07
1207,Valentina Cáceres Monsálvez,Diputado,1246,José Antonio Rivas Villalobos,Diputado,5,2026-07-06,2026-08-14
1207,Valentina Cáceres Monsálvez,Diputado,1256,Tatiana Urrutia Herrera,Diputado,5,2026-04-28,2026-07-27
1224,Ximena Ordenes Neira,Senador,1326,Juan Luis Castro González,Senador,5,2026-04-07,2026-06-16
1059,Ximena Ossandón Irarrázabal,Diputado,1178,Héctor Ulloa Aguilera,Diputado,5,2026-05-06,2026-07-30
1059,Ximena Ossandón Irarrázabal,Diputado,1062,Joanna Pérez Olea,Diputado,5,2026-05-31,2026-08-10
1215,Álvaro Jofré Cáceres,Diputado,1228,Paulina Muñoz Minte,Diputado,5,2026-04-15,2026-08-06
1165,Agustín Romero Leiva,Diputado,1190,Enrique Bassaletti Riess,Diputado,4,2026-06-11,2026-08-07
1013,Alejandro Bernales Maldonado,Diputado,1062,Joanna Pérez Olea,Diputado,4,2026-05-13,2026-08-11
1230,Alex Nahuelquin Nahuelquin,Diputado,1255,Eileen Urqueta Rojas,Diputado,4,2026-06-10,2026-08-12
1230,Alex Nahuelquin Nahuelquin,Diputado,1259,Juan Marcelo Valenzuela Henríquez,Diputado,4,2026-06-10,2026-08-05
1230,Alex Nahuelquin Nahuelquin,Diputado,1236,Paula Olmos Contreras,Diputado,4,2026-06-10,2026-08-06
1230,Alex Nahuelquin Nahuelquin,Diputado,1243,Tamara Ramírez Ramírez,Diputado,4,2026-06-10,2026-08-06
1115,Alfonso De Urresti Longton,Senador,1500,Danisa Astudillo Peiretti,Senador,4,2026-05-19,2026-08-19
1128,Ana María Gazmuri Vieira,Diputado,1226,José Montalva Feuerhake,Diputado,4,2026-04-27,2026-07-08
1128,Ana María Gazmuri Vieira,Diputado,1159,Lorena Pizarro Sierra,Diputado,4,2026-04-15,2026-08-12
1128,Ana María Gazmuri Vieira,Diputado,1141,Luis Malla Valenzuela,Diputado,4,2026-04-27,2026-07-21
1021,Andrés Celis Montt,Diputado,1197,Carlos Chandía Alarcón,Diputado,4,2026-04-14,2026-06-15
1021,Andrés Celis Montt,Diputado,1251,Macarena Santelices Cañas,Diputado,4,2026-05-06,2026-06-16
1195,Carlos Carvajal Gallardo,Diputado,1224,Cristian Mella Andaur,Diputado,4,2026-04-15,2026-08-05
1195,Carlos Carvajal Gallardo,Diputado,1241,Patricio Pinilla Valencia,Diputado,4,2026-06-10,2026-08-12
1206,Carolina Cucumides Calderón,Diputado,1246,José Antonio Rivas Villalobos,Diputado,4,2026-06-22,2026-08-12
1177,Carolina Tello Rojas,Diputado,1180,Consuelo Veloso Ávila,Diputado,4,2026-05-04,2026-07-27
1177,Carolina Tello Rojas,Diputado,1256,Tatiana Urrutia Herrera,Diputado,4,2026-04-28,2026-07-27
1025,Catalina Del Real Mihovilovic,Diputado,1244,Claudia Reyes Larenas,Diputado,4,2026-06-09,2026-06-25
1153,Coca Ericka Ñanco Vásquez,Diputado,1177,Carolina Tello Rojas,Diputado,4,2026-04-28,2026-07-27
1153,Coca Ericka Ñanco Vásquez,Diputado,1171,Emilia Schneider Videla,Diputado,4,2026-04-28,2026-07-27
1153,Coca Ericka Ñanco Vásquez,Diputado,1256,Tatiana Urrutia Herrera,Diputado,4,2026-04-28,2026-07-27
1180,Consuelo Veloso Ávila,Diputado,1206,Carolina Cucumides Calderón,Diputado,4,2026-05-04,2026-07-29
1180,Consuelo Veloso Ávila,Diputado,1209,Matías Fernández Hartwig,Diputado,4,2026-06-08,2026-08-11
1224,Cristian Mella Andaur,Diputado,1264,Fernando Zamorano Peralta,Diputado,4,2026-06-08,2026-08-11
1143,Cristóbal Martínez Ramírez,Diputado,1183,Flor Weisse Novoa,Diputado,4,2026-04-20,2026-08-04
1143,Cristóbal Martínez Ramírez,Diputado,1233,Ricardo Neumann Bertín,Diputado,4,2026-04-20,2026-07-29
1082,Cristóbal Urruticoechea Ríos,Diputado,1228,Paulina Muñoz Minte,Diputado,4,2026-04-15,2026-08-05
1082,Cristóbal Urruticoechea Ríos,Diputado,1215,Álvaro Jofré Cáceres,Diputado,4,2026-04-15,2026-08-05
1140,Daniel Lilayu Vivanco,Diputado,1176,Hotuiti Teao Drago,Diputado,4,2026-04-28,2026-04-29
1336,Daniel Núñez Arancibia,Senador,1339,Gastón Saavedra Chandía,Senador,4,2026-04-08,2026-05-19
1173,Daniela Serrano Salazar,Diputado,1226,José Montalva Feuerhake,Diputado,4,2026-06-02,2026-07-21
1075,Diego Schalper Sepúlveda,Diputado,1197,Carlos Chandía Alarcón,Diputado,4,2026-06-04,2026-08-10
1202,Eduardo Cretton Rebolledo,Diputado,1249,Omar Sabat Guzmán,Diputado,4,2026-05-11,2026-06-09
1028,Eduardo Durán Salinas,Diputado,1133,Juan Irarrázaval Rossel,Diputado,4,2026-04-14,2026-06-23
1028,Eduardo Durán Salinas,Diputado,1236,Paula Olmos Contreras,Diputado,4,2026-04-14,2026-06-19
1028,Eduardo Durán Salinas,Diputado,1119,Sara Concha Smith,Diputado,4,2026-04-14,2026-06-23
1255,Eileen Urqueta Rojas,Diputado,1259,Juan Marcelo Valenzuela Henríquez,Diputado,4,2026-05-06,2026-08-05
1056,Emilia Nuyado Ancapichun,Diputado,1206,Carolina Cucumides Calderón,Diputado,4,2026-06-22,2026-08-11
1171,Emilia Schneider Videla,Diputado,1207,Valentina Cáceres Monsálvez,Diputado,4,2026-04-28,2026-07-27
1190,Enrique Bassaletti Riess,Diputado,1223,Hans Marowski Cuevas,Diputado,4,2026-06-16,2026-07-29
1190,Enrique Bassaletti Riess,Diputado,1235,Javier Olivares Avendaño,Diputado,4,2026-06-16,2026-07-29
1190,Enrique Bassaletti Riess,Diputado,1217,Pier Karlezi Hazleby,Diputado,4,2026-06-09,2026-08-11
1190,Enrique Bassaletti Riess,Diputado,1263,Sebastián Zamora Soto,Diputado,4,2026-07-01,2026-08-07
1239,Fabián Ossandón Briceño,Diputado,1255,Eileen Urqueta Rojas,Diputado,4,2026-05-06,2026-08-05
1116,Felipe Camaño Cárdenas,Diputado,1224,Cristian Mella Andaur,Diputado,4,2026-03-27,2026-06-24
1201,Flor Contreras Vivallo,Diputado,1255,Eileen Urqueta Rojas,Diputado,4,2026-05-06,2026-08-05
1183,Flor Weisse Novoa,Diputado,1202,Eduardo Cretton Rebolledo,Diputado,4,2026-05-13,2026-08-04
1183,Flor Weisse Novoa,Diputado,1199,Jaime Coloma Álamos,Diputado,4,2026-05-13,2026-08-04
1183,Flor Weisse Novoa,Diputado,815,Sergio Bobadilla Muñoz,Diputado,4,2026-05-13,2026-08-04
1054,Francesca Muñoz González,Diputado,1133,Juan Irarrázaval Rossel,Diputado,4,2026-04-14,2026-08-04
1114,Félix Bugueño Sotelo,Diputado,1177,Carolina Tello Rojas,Diputado,4,2026-05-04,2026-08-11
1087,Gael Yeomans Araya,Diputado,1177,Carolina Tello Rojas,Diputado,4,2026-04-28,2026-07-27
1087,Gael Yeomans Araya,Diputado,1142,Daniel Manouchehri Lobos,Diputado,4,2026-06-02,2026-07-21
1087,Gael Yeomans Araya,Diputado,1173,Daniela Serrano Salazar,Diputado,4,2026-04-07,2026-07-21
1087,Gael Yeomans Araya,Diputado,1171,Emilia Schneider Videla,Diputado,4,2026-04-28,2026-07-27
1087,Gael Yeomans Araya,Diputado,1181,Nelson Venegas Salazar,Diputado,4,2026-06-15,2026-07-20
1087,Gael Yeomans Araya,Diputado,1243,Tamara Ramírez Ramírez,Diputado,4,2026-07-14,2026-07-30
1087,Gael Yeomans Araya,Diputado,1256,Tatiana Urrutia Herrera,Diputado,4,2026-04-28,2026-07-27
1339,Gastón Saavedra Chandía,Senador,1500,Danisa Astudillo Peiretti,Senador,4,2026-05-19,2026-08-19
1152,Gloria Naveillan Arriagada,Diputado,1237,Francisco Orrego Gutiérrez,Diputado,4,2026-04-21,2026-08-11
1152,Gloria Naveillan Arriagada,Diputado,1228,Paulina Muñoz Minte,Diputado,4,2026-04-15,2026-08-11
1086,Gonzalo Winter Etcheberry,Diputado,1142,Daniel Manouchehri Lobos,Diputado,4,2026-06-02,2026-07-21
1086,Gonzalo Winter Etcheberry,Diputado,1087,Gael Yeomans Araya,Diputado,4,2026-04-28,2026-07-21
1086,Gonzalo Winter Etcheberry,Diputado,1226,José Montalva Feuerhake,Diputado,4,2026-04-27,2026-07-21
1065,Guillermo Ramírez Diez,Diputado,1202,Eduardo Cretton Rebolledo,Diputado,4,2026-04-29,2026-06-18
1065,Guillermo Ramírez Diez,Diputado,1199,Jaime Coloma Álamos,Diputado,4,2026-04-28,2026-06-18
1065,Guillermo Ramírez Diez,Diputado,1166,Natalia Romero Talguia,Diputado,4,2026-04-28,2026-06-08
1258,Guillermo Valdés Carmona,Diputado,1259,Juan Marcelo Valenzuela Henríquez,Diputado,4,2026-04-21,2026-07-13
1210,Gustavo Gatica Villarroel,Diputado,1211,Sofía González Cortés,Diputado,4,2026-07-21,2026-08-12
1223,Hans Marowski Cuevas,Diputado,1261,Daniel Valenzuela Salazar,Diputado,4,2026-06-10,2026-07-29
1176,Hotuiti Teao Drago,Diputado,1249,Omar Sabat Guzmán,Diputado,4,2026-04-20,2026-05-11
1176,Hotuiti Teao Drago,Diputado,815,Sergio Bobadilla Muñoz,Diputado,4,2026-04-20,2026-06-18
1176,Hotuiti Teao Drago,Diputado,1231,Ximena Naranjo Pinto,Diputado,4,2026-04-20,2026-05-11
1117,Iván Moreira Barros,Senador,1518,Cristian Vial Maceratta,Senador,4,2026-05-19,2026-08-13
1117,Iván Moreira Barros,Senador,1340,Gustavo Sanhueza Dueñas,Senador,4,2026-05-20,2026-06-03
1099,Jaime Araya Guerrero,Diputado,1241,Patricio Pinilla Valencia,Diputado,4,2026-05-28,2026-08-11
1189,Jaime Bassa Mercado,Diputado,1195,Carlos Carvajal Gallardo,Diputado,4,2026-04-15,2026-08-12
1199,Jaime Coloma Álamos,Diputado,1233,Ricardo Neumann Bertín,Diputado,4,2026-05-13,2026-07-29
1335,Javier Macaya Danús,Senador,1340,Gustavo Sanhueza Dueñas,Senador,4,2026-05-20,2026-06-03
1229,Javier Muñoz Riquelme,Diputado,1241,Patricio Pinilla Valencia,Diputado,4,2026-04-15,2026-07-17
1235,Javier Olivares Avendaño,Diputado,1237,Francisco Orrego Gutiérrez,Diputado,4,2026-06-02,2026-07-20
1235,Javier Olivares Avendaño,Diputado,1247,Javiera Rodríguez Pascual,Diputado,4,2026-06-10,2026-07-27
1062,Joanna Pérez Olea,Diputado,1197,Carlos Chandía Alarcón,Diputado,4,2026-06-04,2026-08-10
1062,Joanna Pérez Olea,Diputado,1237,Francisco Orrego Gutiérrez,Diputado,4,2026-06-05,2026-08-05
1062,Joanna Pérez Olea,Diputado,1131,Mauro González Villarroel,Diputado,4,2026-05-13,2026-08-10
1062,Joanna Pérez Olea,Diputado,1182,Sebastián Videla Castillo,Diputado,4,2026-05-13,2026-08-11
1062,Joanna Pérez Olea,Diputado,1215,Álvaro Jofré Cáceres,Diputado,4,2026-04-21,2026-06-09
1208,Jorge Díaz Ibarra,Diputado,1224,Cristian Mella Andaur,Diputado,4,2026-06-04,2026-07-11
1208,Jorge Díaz Ibarra,Diputado,1238,Álvaro Ortiz Vera,Diputado,4,2026-04-15,2026-07-11
1132,Jorge Guzmán Zepeda,Diputado,1261,Daniel Valenzuela Salazar,Diputado,4,2026-05-05,2026-07-06
1132,Jorge Guzmán Zepeda,Diputado,1193,Patricio Briones Moller,Diputado,4,2026-05-12,2026-08-04
1226,José Montalva Feuerhake,Diputado,1241,Patricio Pinilla Valencia,Diputado,4,2026-06-10,2026-07-14
1326,Juan Luis Castro González,Senador,1500,Danisa Astudillo Peiretti,Senador,4,2026-08-04,2026-08-19
1326,Juan Luis Castro González,Senador,1511,Enrique Lee Flores,Senador,4,2026-03-18,2026-07-21
1326,Juan Luis Castro González,Senador,1502,Miguel Ángel Becker Alvear,Senador,4,2026-06-03,2026-08-11
1326,Juan Luis Castro González,Senador,1333,Sebastián Keitel Bianchi,Senador,4,2026-06-03,2026-08-11
1326,Juan Luis Castro González,Senador,1331,Sergio Gahona Salazar,Senador,4,2026-03-18,2026-07-15
1073,Juan Santana Castillo,Diputado,1173,Daniela Serrano Salazar,Diputado,4,2026-04-07,2026-07-21
1073,Juan Santana Castillo,Diputado,1122,Luis Alberto Cuello Peña y Lillo,Diputado,4,2026-04-07,2026-06-08
1192,Lilian Betancurt Delgado,Diputado,1201,Flor Contreras Vivallo,Diputado,4,2026-06-10,2026-07-31
1192,Lilian Betancurt Delgado,Diputado,1235,Javier Olivares Avendaño,Diputado,4,2026-06-10,2026-07-23
1192,Lilian Betancurt Delgado,Diputado,1193,Patricio Briones Moller,Diputado,4,2026-06-10,2026-07-23
1192,Lilian Betancurt Delgado,Diputado,1236,Paula Olmos Contreras,Diputado,4,2026-04-07,2026-07-23
1320,Loreto Carvajal Ambiado,Senador,1500,Danisa Astudillo Peiretti,Senador,4,2026-06-17,2026-08-10
1122,Luis Alberto Cuello Peña y Lillo,Diputado,1128,Ana María Gazmuri Vieira,Diputado,4,2026-06-08,2026-08-05
1122,Luis Alberto Cuello Peña y Lillo,Diputado,1178,Héctor Ulloa Aguilera,Diputado,4,2026-06-12,2026-07-30
1122,Luis Alberto Cuello Peña y Lillo,Diputado,1211,Sofía González Cortés,Diputado,4,2026-05-06,2026-08-05
1060,Luis Pardo Sáinz,Diputado,1227,Claudia Mora Vega,Diputado,4,2026-06-17,2026-08-10
1060,Luis Pardo Sáinz,Diputado,1062,Joanna Pérez Olea,Diputado,4,2026-06-04,2026-08-10
1170,Luis Sánchez Ossa,Diputado,1261,Daniel Valenzuela Salazar,Diputado,4,2026-06-10,2026-07-29
1120,Manuel José Ossandón Irarrázabal,Senador,1518,Cristian Vial Maceratta,Senador,4,2026-05-19,2026-07-07
1120,Manuel José Ossandón Irarrázabal,Senador,1339,Gastón Saavedra Chandía,Senador,4,2026-03-25,2026-07-07
1174,Marco Antonio Sulantay Olivares,Diputado,1233,Ricardo Neumann Bertín,Diputado,4,2026-04-20,2026-07-29
1074,Marisela Santibáñez Novoa,Diputado,1102,Roberto Arroyo Muñoz,Diputado,4,2026-06-04,2026-07-24
1074,Marisela Santibáñez Novoa,Diputado,1211,Sofía González Cortés,Diputado,4,2026-05-06,2026-08-12
1074,Marisela Santibáñez Novoa,Diputado,1240,Zandra Parisi Fernández,Diputado,4,2026-05-06,2026-07-24
1157,Marlene Pérez Cartes,Diputado,1202,Eduardo Cretton Rebolledo,Diputado,4,2026-05-11,2026-06-09
1209,Matías Fernández Hartwig,Diputado,1222,Andrea Macías Palma,Diputado,4,2026-03-25,2026-08-11
1209,Matías Fernández Hartwig,Diputado,1264,Fernando Zamorano Peralta,Diputado,4,2026-05-29,2026-08-11
1344,Matías Walker Prieto,Senador,1503,Miguel Ángel Calisto Águila,Senador,4,2026-04-08,2026-06-24
1131,Mauro González Villarroel,Diputado,1227,Claudia Mora Vega,Diputado,4,2026-05-05,2026-08-10
1131,Mauro González Villarroel,Diputado,1261,Daniel Valenzuela Salazar,Diputado,4,2026-05-05,2026-08-04
1131,Mauro González Villarroel,Diputado,1242,Rodrigo Ramírez Parra,Diputado,4,2026-05-12,2026-08-10
1131,Mauro González Villarroel,Diputado,1219,Tomás Kast Sommerhoff,Diputado,4,2026-04-15,2026-07-06
1166,Natalia Romero Talguia,Diputado,1249,Omar Sabat Guzmán,Diputado,4,2026-04-28,2026-07-29
1166,Natalia Romero Talguia,Diputado,1233,Ricardo Neumann Bertín,Diputado,4,2026-04-29,2026-07-29
1166,Natalia Romero Talguia,Diputado,815,Sergio Bobadilla Muñoz,Diputado,4,2026-06-09,2026-08-04
1117,Nathalie Castillo Rojas,Diputado,1128,Ana María Gazmuri Vieira,Diputado,4,2026-04-15,2026-08-12
1117,Nathalie Castillo Rojas,Diputado,1250,Bernardo Salinas Maya,Diputado,4,2026-06-12,2026-08-14
1117,Nathalie Castillo Rojas,Diputado,1206,Carolina Cucumides Calderón,Diputado,4,2026-05-04,2026-08-11
1181,Nelson Venegas Salazar,Diputado,1246,José Antonio Rivas Villalobos,Diputado,4,2026-06-22,2026-08-12
1181,Nelson Venegas Salazar,Diputado,1241,Patricio Pinilla Valencia,Diputado,4,2026-07-06,2026-08-12
1039,Pamela Jiles Moreno,Diputado,1255,Eileen Urqueta Rojas,Diputado,4,2026-04-07,2026-08-05
1039,Pamela Jiles Moreno,Diputado,1239,Fabián Ossandón Briceño,Diputado,4,2026-05-06,2026-08-05
1039,Pamela Jiles Moreno,Diputado,1193,Patricio Briones Moller,Diputado,4,2026-05-06,2026-08-05
1039,Pamela Jiles Moreno,Diputado,1236,Paula Olmos Contreras,Diputado,4,2026-04-07,2026-08-05
1039,Pamela Jiles Moreno,Diputado,1243,Tamara Ramírez Ramírez,Diputado,4,2026-05-06,2026-08-05
1193,Patricio Briones Moller,Diputado,1197,Carlos Chandía Alarcón,Diputado,4,2026-06-04,2026-08-11
1193,Patricio Briones Moller,Diputado,1237,Francisco Orrego Gutiérrez,Diputado,4,2026-06-02,2026-06-16
1193,Patricio Briones Moller,Diputado,1226,José Montalva Feuerhake,Diputado,4,2026-06-02,2026-07-21
1241,Patricio Pinilla Valencia,Diputado,872,Jaime Mulet Martínez,Diputado,4,2026-04-15,2026-07-17
1241,Patricio Pinilla Valencia,Diputado,1243,Tamara Ramírez Ramírez,Diputado,4,2026-07-14,2026-07-30
1236,Paula Olmos Contreras,Diputado,1255,Eileen Urqueta Rojas,Diputado,4,2026-04-07,2026-08-05
1337,Paulina Núñez Urrutia,Senador,1518,Cristian Vial Maceratta,Senador,4,2026-05-19,2026-08-13
1110,Pedro Araya Guerrero,Senador,1117,Iván Moreira Barros,Senador,4,2026-06-30,2026-08-13
1110,Pedro Araya Guerrero,Senador,1450,Paulina Vodanovic Rojas,Senador,4,2026-04-08,2026-08-13
1217,Pier Karlezi Hazleby,Diputado,1237,Francisco Orrego Gutiérrez,Diputado,4,2026-04-21,2026-08-11
1217,Pier Karlezi Hazleby,Diputado,1219,Tomás Kast Sommerhoff,Diputado,4,2026-06-09,2026-08-05
1196,Priscilla Castillo Gerli,Diputado,1229,Javier Muñoz Riquelme,Diputado,4,2026-04-15,2026-08-05
1044,Raúl Leiva Carvajal,Diputado,1219,Tomás Kast Sommerhoff,Diputado,4,2026-05-06,2026-08-05
1102,Roberto Arroyo Muñoz,Diputado,1217,Pier Karlezi Hazleby,Diputado,4,2026-05-18,2026-07-24
1102,Roberto Arroyo Muñoz,Diputado,1219,Tomás Kast Sommerhoff,Diputado,4,2026-06-04,2026-07-31
1119,Sara Concha Smith,Diputado,1227,Claudia Mora Vega,Diputado,4,2026-05-12,2026-06-23
1203,Sebastián Cristoffanini Jaraquemada,Diputado,1254,Ignacio Urcullú Clèment-Lund,Diputado,4,2026-05-12,2026-07-14
1333,Sebastián Keitel Bianchi,Senador,1502,Miguel Ángel Becker Alvear,Senador,4,2026-06-03,2026-08-11
1211,Sofía González Cortés,Diputado,1250,Bernardo Salinas Maya,Diputado,4,2026-06-12,2026-08-12
1211,Sofía González Cortés,Diputado,1260,César Valenzuela Maass,Diputado,4,2026-06-12,2026-07-29
1211,Sofía González Cortés,Diputado,1213,Irací Hassler Jacob,Diputado,4,2026-06-16,2026-08-12
1219,Tomás Kast Sommerhoff,Diputado,1235,Javier Olivares Avendaño,Diputado,4,2026-06-15,2026-07-20
1219,Tomás Kast Sommerhoff,Diputado,1251,Macarena Santelices Cañas,Diputado,4,2026-05-06,2026-08-04
1207,Valentina Cáceres Monsálvez,Diputado,1250,Bernardo Salinas Maya,Diputado,4,2026-07-06,2026-08-14
1224,Ximena Ordenes Neira,Senador,1339,Gastón Saavedra Chandía,Senador,4,2026-05-06,2026-06-24
1224,Ximena Ordenes Neira,Senador,1337,Paulina Núñez Urrutia,Senador,4,2026-06-16,2026-07-22
1059,Ximena Ossandón Irarrázabal,Diputado,1087,Gael Yeomans Araya,Diputado,4,2026-05-06,2026-07-30
1059,Ximena Ossandón Irarrázabal,Diputado,1251,Macarena Santelices Cañas,Diputado,4,2026-05-06,2026-08-05
1059,Ximena Ossandón Irarrázabal,Diputado,843,René Manuel García García,Diputado,4,2026-04-14,2026-07-06
1240,Zandra Parisi Fernández,Diputado,1243,Tamara Ramírez Ramírez,Diputado,4,2026-05-09,2026-08-06
1017,Álvaro Carter Fernández,Diputado,1223,Hans Marowski Cuevas,Diputado,4,2026-06-15,2026-07-29
1017,Álvaro Carter Fernández,Diputado,1235,Javier Olivares Avendaño,Diputado,4,2026-06-15,2026-07-29
1017,Álvaro Carter Fernández,Diputado,1170,Luis Sánchez Ossa,Diputado,4,2026-06-15,2026-07-29
1017,Álvaro Carter Fernández,Diputado,1263,Sebastián Zamora Soto,Diputado,4,2026-06-15,2026-07-29
1165,Agustín Romero Leiva,Diputado,1220,Leandro Kunstmann Collado,Diputado,3,2026-06-11,2026-08-07
1013,Alejandro Bernales Maldonado,Diputado,1075,Diego Schalper Sepúlveda,Diputado,3,2026-04-15,2026-07-20
1334,Alejandro Kusanovic Glusevic,Senador,1339,Gastón Saavedra Chandía,Senador,3,2026-03-25,2026-04-15
1334,Alejandro Kusanovic Glusevic,Senador,1503,Miguel Ángel Calisto Águila,Senador,3,2026-04-08,2026-08-27
1230,Alex Nahuelquin Nahuelquin,Diputado,1239,Fabián Ossandón Briceño,Diputado,3,2026-06-10,2026-08-05
1230,Alex Nahuelquin Nahuelquin,Diputado,1235,Javier Olivares Avendaño,Diputado,3,2026-06-16,2026-07-23
1230,Alex Nahuelquin Nahuelquin,Diputado,1240,Zandra Parisi Fernández,Diputado,3,2026-07-23,2026-08-06
1115,Alfonso De Urresti Longton,Senador,1514,Beatriz Sánchez Muñoz,Senador,3,2026-04-15,2026-08-19
1115,Alfonso De Urresti Longton,Senador,1507,Daniella Cicardini Milla,Senador,3,2026-05-19,2026-08-19
1115,Alfonso De Urresti Longton,Senador,1326,Juan Luis Castro González,Senador,3,2026-08-12,2026-08-19
1128,Ana María Gazmuri Vieira,Diputado,1250,Bernardo Salinas Maya,Diputado,3,2026-04-20,2026-08-12
1128,Ana María Gazmuri Vieira,Diputado,1206,Carolina Cucumides Calderón,Diputado,3,2026-04-20,2026-07-05
1128,Ana María Gazmuri Vieira,Diputado,1224,Cristian Mella Andaur,Diputado,3,2026-04-27,2026-07-08
1128,Ana María Gazmuri Vieira,Diputado,1173,Daniela Serrano Salazar,Diputado,3,2026-06-08,2026-08-12
1128,Ana María Gazmuri Vieira,Diputado,1210,Gustavo Gatica Villarroel,Diputado,3,2026-04-20,2026-08-12
1222,Andrea Macías Palma,Diputado,1224,Cristian Mella Andaur,Diputado,3,2026-04-27,2026-08-11
1222,Andrea Macías Palma,Diputado,1246,José Antonio Rivas Villalobos,Diputado,3,2026-07-06,2026-08-12
1061,Andrea Parra Sauterel,Diputado,1206,Carolina Cucumides Calderón,Diputado,3,2026-04-22,2026-06-16
1061,Andrea Parra Sauterel,Diputado,1114,Félix Bugueño Sotelo,Diputado,3,2026-06-10,2026-08-05
1061,Andrea Parra Sauterel,Diputado,1209,Matías Fernández Hartwig,Diputado,3,2026-06-11,2026-08-05
1021,Andrés Celis Montt,Diputado,1025,Catalina Del Real Mihovilovic,Diputado,3,2026-05-29,2026-06-16
1021,Andrés Celis Montt,Diputado,1227,Claudia Mora Vega,Diputado,3,2026-06-11,2026-08-04
1021,Andrés Celis Montt,Diputado,1180,Consuelo Veloso Ávila,Diputado,3,2026-06-02,2026-08-11
1021,Andrés Celis Montt,Diputado,1142,Daniel Manouchehri Lobos,Diputado,3,2026-05-29,2026-06-11
1021,Andrés Celis Montt,Diputado,1226,José Montalva Feuerhake,Diputado,3,2026-06-02,2026-06-23
1021,Andrés Celis Montt,Diputado,1044,Raúl Leiva Carvajal,Diputado,3,2026-05-06,2026-06-28
1021,Andrés Celis Montt,Diputado,1242,Rodrigo Ramírez Parra,Diputado,3,2026-04-14,2026-06-11
1512,Andrés Longton Herrera,Senador,1518,Cristian Vial Maceratta,Senador,3,2026-06-17,2026-07-14
1150,Benjamín Moreno Bascur,Diputado,1245,Alejandro Riquelme Ducci,Diputado,3,2026-06-16,2026-07-09
1012,Boris Barrera Moreno,Diputado,1173,Daniela Serrano Salazar,Diputado,3,2026-04-07,2026-08-05
1012,Boris Barrera Moreno,Diputado,1122,Luis Alberto Cuello Peña y Lillo,Diputado,3,2026-04-07,2026-08-05
1195,Carlos Carvajal Gallardo,Diputado,1246,José Antonio Rivas Villalobos,Diputado,3,2026-08-11,2026-08-12
1197,Carlos Chandía Alarcón,Diputado,1219,Tomás Kast Sommerhoff,Diputado,3,2026-06-04,2026-06-17
1205,Carlos Cuadrado Prats,Diputado,1251,Macarena Santelices Cañas,Diputado,3,2026-05-14,2026-06-16
1205,Carlos Cuadrado Prats,Diputado,1219,Tomás Kast Sommerhoff,Diputado,3,2026-06-03,2026-08-05
1206,Carolina Cucumides Calderón,Diputado,1222,Andrea Macías Palma,Diputado,3,2026-07-06,2026-08-12
1206,Carolina Cucumides Calderón,Diputado,1250,Bernardo Salinas Maya,Diputado,3,2026-04-20,2026-08-12
1206,Carolina Cucumides Calderón,Diputado,1255,Eileen Urqueta Rojas,Diputado,3,2026-05-04,2026-07-05
1206,Carolina Cucumides Calderón,Diputado,986,Marcela Hernando Pérez,Diputado,3,2026-04-22,2026-07-05
1206,Carolina Cucumides Calderón,Diputado,1241,Patricio Pinilla Valencia,Diputado,3,2026-07-06,2026-08-12
1206,Carolina Cucumides Calderón,Diputado,1211,Sofía González Cortés,Diputado,3,2026-06-17,2026-08-11
1206,Carolina Cucumides Calderón,Diputado,1207,Valentina Cáceres Monsálvez,Diputado,3,2026-07-06,2026-08-12
1177,Carolina Tello Rojas,Diputado,1206,Carolina Cucumides Calderón,Diputado,3,2026-04-22,2026-06-17
1025,Catalina Del Real Mihovilovic,Diputado,1251,Macarena Santelices Cañas,Diputado,3,2026-05-29,2026-06-16
1025,Catalina Del Real Mihovilovic,Diputado,1102,Roberto Arroyo Muñoz,Diputado,3,2026-05-07,2026-07-06
1104,Chiara Barchiesi Chávez,Diputado,1190,Enrique Bassaletti Riess,Diputado,3,2026-06-09,2026-08-07
1227,Claudia Mora Vega,Diputado,1255,Eileen Urqueta Rojas,Diputado,3,2026-05-12,2026-07-21
1227,Claudia Mora Vega,Diputado,1235,Javier Olivares Avendaño,Diputado,3,2026-05-12,2026-06-09
1153,Coca Ericka Ñanco Vásquez,Diputado,1252,Constanza Schonhaut Soto,Diputado,3,2026-04-28,2026-07-27
1153,Coca Ericka Ñanco Vásquez,Diputado,1209,Matías Fernández Hartwig,Diputado,3,2026-04-28,2026-07-27
1214,Constanza Hube Portus,Diputado,1231,Ximena Naranjo Pinto,Diputado,3,2026-06-02,2026-06-08
1252,Constanza Schonhaut Soto,Diputado,1256,Tatiana Urrutia Herrera,Diputado,3,2026-04-28,2026-07-27
1180,Consuelo Veloso Ávila,Diputado,1260,César Valenzuela Maass,Diputado,3,2026-04-15,2026-07-29
1180,Consuelo Veloso Ávila,Diputado,1186,Ignacio Achurra Díaz,Diputado,3,2026-04-15,2026-07-27
1180,Consuelo Veloso Ávila,Diputado,1213,Irací Hassler Jacob,Diputado,3,2026-04-15,2026-06-16
1180,Consuelo Veloso Ávila,Diputado,1226,José Montalva Feuerhake,Diputado,3,2026-06-02,2026-06-16
1224,Cristian Mella Andaur,Diputado,1226,José Montalva Feuerhake,Diputado,3,2026-04-27,2026-07-08
1100,Cristián Araya Lerdo de Tejada,Diputado,1190,Enrique Bassaletti Riess,Diputado,3,2026-06-16,2026-08-11
1100,Cristián Araya Lerdo de Tejada,Diputado,1131,Mauro González Villarroel,Diputado,3,2026-05-13,2026-08-07
1100,Cristián Araya Lerdo de Tejada,Diputado,1241,Patricio Pinilla Valencia,Diputado,3,2026-05-28,2026-08-11
1143,Cristóbal Martínez Ramírez,Diputado,1173,Daniela Serrano Salazar,Diputado,3,2026-06-02,2026-07-21
1143,Cristóbal Martínez Ramírez,Diputado,1226,José Montalva Feuerhake,Diputado,3,2026-06-02,2026-07-21
1143,Cristóbal Martínez Ramírez,Diputado,1193,Patricio Briones Moller,Diputado,3,2026-06-02,2026-07-21
1082,Cristóbal Urruticoechea Ríos,Diputado,1152,Gloria Naveillan Arriagada,Diputado,3,2026-04-15,2026-08-05
1082,Cristóbal Urruticoechea Ríos,Diputado,1247,Javiera Rodríguez Pascual,Diputado,3,2026-07-21,2026-07-29
1082,Cristóbal Urruticoechea Ríos,Diputado,1198,Paz Charpentier Rajcevich,Diputado,3,2026-07-21,2026-08-05
1140,Daniel Lilayu Vivanco,Diputado,1214,Constanza Hube Portus,Diputado,3,2026-06-02,2026-06-08
1142,Daniel Manouchehri Lobos,Diputado,1143,Cristóbal Martínez Ramírez,Diputado,3,2026-06-02,2026-07-21
1142,Daniel Manouchehri Lobos,Diputado,1173,Daniela Serrano Salazar,Diputado,3,2026-06-02,2026-07-21
1142,Daniel Manouchehri Lobos,Diputado,1226,José Montalva Feuerhake,Diputado,3,2026-06-02,2026-07-21
1142,Daniel Manouchehri Lobos,Diputado,1193,Patricio Briones Moller,Diputado,3,2026-06-02,2026-07-21
1173,Daniela Serrano Salazar,Diputado,1188,Marcos Barraza Gómez,Diputado,3,2026-04-07,2026-08-12
1173,Daniela Serrano Salazar,Diputado,1193,Patricio Briones Moller,Diputado,3,2026-06-02,2026-07-21
1500,Danisa Astudillo Peiretti,Senador,1507,Daniella Cicardini Milla,Senador,3,2026-05-19,2026-08-19
1500,Danisa Astudillo Peiretti,Senador,1502,Miguel Ángel Becker Alvear,Senador,3,2026-06-16,2026-09-02
1500,Danisa Astudillo Peiretti,Senador,1503,Miguel Ángel Calisto Águila,Senador,3,2026-05-13,2026-06-24
1075,Diego Schalper Sepúlveda,Diputado,843,René Manuel García García,Diputado,3,2026-05-05,2026-07-06
1075,Diego Schalper Sepúlveda,Diputado,815,Sergio Bobadilla Muñoz,Diputado,3,2026-06-23,2026-07-21
1028,Eduardo Durán Salinas,Diputado,1235,Javier Olivares Avendaño,Diputado,3,2026-06-02,2026-06-19
1028,Eduardo Durán Salinas,Diputado,1132,Jorge Guzmán Zepeda,Diputado,3,2026-05-05,2026-07-06
1028,Eduardo Durán Salinas,Diputado,1074,Marisela Santibáñez Novoa,Diputado,3,2026-05-04,2026-06-22
1028,Eduardo Durán Salinas,Diputado,1219,Tomás Kast Sommerhoff,Diputado,3,2026-06-04,2026-07-06
1028,Eduardo Durán Salinas,Diputado,1231,Ximena Naranjo Pinto,Diputado,3,2026-04-14,2026-06-02
1028,Eduardo Durán Salinas,Diputado,1240,Zandra Parisi Fernández,Diputado,3,2026-06-02,2026-06-22
1255,Eileen Urqueta Rojas,Diputado,986,Marcela Hernando Pérez,Diputado,3,2026-06-17,2026-08-11
1056,Emilia Nuyado Ancapichun,Diputado,1246,José Antonio Rivas Villalobos,Diputado,3,2026-06-22,2026-07-29
1171,Emilia Schneider Videla,Diputado,1177,Carolina Tello Rojas,Diputado,3,2026-04-28,2026-07-27
1171,Emilia Schneider Videla,Diputado,1252,Constanza Schonhaut Soto,Diputado,3,2026-04-28,2026-07-27
1171,Emilia Schneider Videla,Diputado,1180,Consuelo Veloso Ávila,Diputado,3,2026-05-18,2026-07-27
1171,Emilia Schneider Videla,Diputado,1209,Matías Fernández Hartwig,Diputado,3,2026-03-25,2026-07-27
1171,Emilia Schneider Videla,Diputado,1256,Tatiana Urrutia Herrera,Diputado,3,2026-04-28,2026-07-27
1190,Enrique Bassaletti Riess,Diputado,1247,Javiera Rodríguez Pascual,Diputado,3,2026-07-01,2026-08-07
1190,Enrique Bassaletti Riess,Diputado,1219,Tomás Kast Sommerhoff,Diputado,3,2026-06-09,2026-08-07
1212,Erich Grohs Marín,Diputado,1228,Paulina Muñoz Minte,Diputado,3,2026-04-15,2026-08-05
1343,Esteban Velásquez Núñez,Senador,1500,Danisa Astudillo Peiretti,Senador,3,2026-06-16,2026-06-17
1325,Fabiola Campillai Rojas,Senador,1326,Juan Luis Castro González,Senador,3,2026-06-16,2026-08-11
1239,Fabián Ossandón Briceño,Diputado,1258,Guillermo Valdés Carmona,Diputado,3,2026-05-06,2026-07-13
1116,Felipe Camaño Cárdenas,Diputado,1217,Pier Karlezi Hazleby,Diputado,3,2026-04-25,2026-08-05
1329,Fidel Espinoza Sandoval,Senador,1341,Alejandra Sepúlveda Orbenes,Senador,3,2026-04-08,2026-07-15
1329,Fidel Espinoza Sandoval,Senador,1336,Daniel Núñez Arancibia,Senador,3,2026-04-08,2026-05-19
1201,Flor Contreras Vivallo,Diputado,1258,Guillermo Valdés Carmona,Diputado,3,2026-05-06,2026-07-13
1201,Flor Contreras Vivallo,Diputado,1235,Javier Olivares Avendaño,Diputado,3,2026-05-09,2026-07-23
1201,Flor Contreras Vivallo,Diputado,1240,Zandra Parisi Fernández,Diputado,3,2026-05-09,2026-07-31
1183,Flor Weisse Novoa,Diputado,1234,Mario Olavarría Rodríguez,Diputado,3,2026-04-28,2026-06-18
1054,Francesca Muñoz González,Diputado,1102,Roberto Arroyo Muñoz,Diputado,3,2026-05-18,2026-08-12
1204,Francisco Crisóstomo Llanos,Diputado,1241,Patricio Pinilla Valencia,Diputado,3,2026-07-06,2026-08-10
1237,Francisco Orrego Gutiérrez,Diputado,1247,Javiera Rodríguez Pascual,Diputado,3,2026-06-10,2026-07-21
1237,Francisco Orrego Gutiérrez,Diputado,843,René Manuel García García,Diputado,3,2026-05-05,2026-08-06
1237,Francisco Orrego Gutiérrez,Diputado,1263,Sebastián Zamora Soto,Diputado,3,2026-07-01,2026-07-20
1114,Félix Bugueño Sotelo,Diputado,1195,Carlos Carvajal Gallardo,Diputado,3,2026-06-10,2026-08-11
1114,Félix Bugueño Sotelo,Diputado,1180,Consuelo Veloso Ávila,Diputado,3,2026-05-04,2026-07-22
1114,Félix Bugueño Sotelo,Diputado,1207,Valentina Cáceres Monsálvez,Diputado,3,2026-06-08,2026-07-22
1087,Gael Yeomans Araya,Diputado,1128,Ana María Gazmuri Vieira,Diputado,3,2026-05-15,2026-07-21
1087,Gael Yeomans Araya,Diputado,1205,Carlos Cuadrado Prats,Diputado,3,2026-05-15,2026-06-22
1087,Gael Yeomans Araya,Diputado,1252,Constanza Schonhaut Soto,Diputado,3,2026-04-28,2026-07-27
1087,Gael Yeomans Araya,Diputado,1143,Cristóbal Martínez Ramírez,Diputado,3,2026-06-02,2026-07-21
1087,Gael Yeomans Araya,Diputado,872,Jaime Mulet Martínez,Diputado,3,2026-06-22,2026-07-14
1087,Gael Yeomans Araya,Diputado,1127,Lorena Fries Monleón,Diputado,3,2026-07-14,2026-07-22
1087,Gael Yeomans Araya,Diputado,1188,Marcos Barraza Gómez,Diputado,3,2026-04-07,2026-07-14
1087,Gael Yeomans Araya,Diputado,1193,Patricio Briones Moller,Diputado,3,2026-06-02,2026-07-21
1087,Gael Yeomans Araya,Diputado,1211,Sofía González Cortés,Diputado,3,2026-05-06,2026-07-30
1339,Gastón Saavedra Chandía,Senador,1506,Ricardo Celis Araya,Senador,3,2026-07-14,2026-08-13
1152,Gloria Naveillan Arriagada,Diputado,1190,Enrique Bassaletti Riess,Diputado,3,2026-06-09,2026-08-11
1152,Gloria Naveillan Arriagada,Diputado,1223,Hans Marowski Cuevas,Diputado,3,2026-04-15,2026-08-05
1086,Gonzalo Winter Etcheberry,Diputado,1143,Cristóbal Martínez Ramírez,Diputado,3,2026-06-02,2026-07-21
1086,Gonzalo Winter Etcheberry,Diputado,1173,Daniela Serrano Salazar,Diputado,3,2026-06-02,2026-07-21
1086,Gonzalo Winter Etcheberry,Diputado,1193,Patricio Briones Moller,Diputado,3,2026-06-02,2026-07-21
1065,Guillermo Ramírez Diez,Diputado,1143,Cristóbal Martínez Ramírez,Diputado,3,2026-04-20,2026-04-29
1065,Guillermo Ramírez Diez,Diputado,1183,Flor Weisse Novoa,Diputado,3,2026-04-20,2026-06-18
1065,Guillermo Ramírez Diez,Diputado,1176,Hotuiti Teao Drago,Diputado,3,2026-04-28,2026-06-18
1065,Guillermo Ramírez Diez,Diputado,1157,Marlene Pérez Cartes,Diputado,3,2026-04-20,2026-06-08
1065,Guillermo Ramírez Diez,Diputado,1233,Ricardo Neumann Bertín,Diputado,3,2026-04-20,2026-06-08
1065,Guillermo Ramírez Diez,Diputado,1231,Ximena Naranjo Pinto,Diputado,3,2026-04-20,2026-06-08
1210,Gustavo Gatica Villarroel,Diputado,1250,Bernardo Salinas Maya,Diputado,3,2026-04-20,2026-08-12
1210,Gustavo Gatica Villarroel,Diputado,1213,Irací Hassler Jacob,Diputado,3,2026-07-21,2026-08-12
1340,Gustavo Sanhueza Dueñas,Senador,1518,Cristian Vial Maceratta,Senador,3,2026-05-20,2026-06-24
1223,Hans Marowski Cuevas,Diputado,1228,Paulina Muñoz Minte,Diputado,3,2026-04-15,2026-08-05
1223,Hans Marowski Cuevas,Diputado,1233,Ricardo Neumann Bertín,Diputado,3,2026-06-23,2026-07-27
1176,Hotuiti Teao Drago,Diputado,1202,Eduardo Cretton Rebolledo,Diputado,3,2026-04-29,2026-06-18
1105,Héctor Barría Angulo,Diputado,1206,Carolina Cucumides Calderón,Diputado,3,2026-04-20,2026-06-11
1105,Héctor Barría Angulo,Diputado,1180,Consuelo Veloso Ávila,Diputado,3,2026-04-16,2026-06-11
1105,Héctor Barría Angulo,Diputado,1178,Héctor Ulloa Aguilera,Diputado,3,2026-04-20,2026-06-12
1105,Héctor Barría Angulo,Diputado,1208,Jorge Díaz Ibarra,Diputado,3,2026-06-04,2026-07-11
1213,Irací Hassler Jacob,Diputado,1260,César Valenzuela Maass,Diputado,3,2026-04-15,2026-06-08
1117,Iván Moreira Barros,Senador,1334,Alejandro Kusanovic Glusevic,Senador,3,2026-04-15,2026-04-22
1117,Iván Moreira Barros,Senador,1120,Manuel José Ossandón Irarrázabal,Senador,3,2026-05-19,2026-07-07
1117,Iván Moreira Barros,Senador,1331,Sergio Gahona Salazar,Senador,3,2026-06-03,2026-06-03
1099,Jaime Araya Guerrero,Diputado,1141,Luis Malla Valenzuela,Diputado,3,2026-04-27,2026-05-13
1099,Jaime Araya Guerrero,Diputado,1131,Mauro González Villarroel,Diputado,3,2026-05-13,2026-08-07
1189,Jaime Bassa Mercado,Diputado,1205,Carlos Cuadrado Prats,Diputado,3,2026-06-10,2026-07-28
1189,Jaime Bassa Mercado,Diputado,1226,José Montalva Feuerhake,Diputado,3,2026-06-10,2026-06-16
1189,Jaime Bassa Mercado,Diputado,1241,Patricio Pinilla Valencia,Diputado,3,2026-06-10,2026-08-12
1189,Jaime Bassa Mercado,Diputado,1211,Sofía González Cortés,Diputado,3,2026-06-12,2026-07-24
1229,Javier Muñoz Riquelme,Diputado,872,Jaime Mulet Martínez,Diputado,3,2026-04-15,2026-08-05
1229,Javier Muñoz Riquelme,Diputado,1238,Álvaro Ortiz Vera,Diputado,3,2026-04-15,2026-07-11
1235,Javier Olivares Avendaño,Diputado,1239,Fabián Ossandón Briceño,Diputado,3,2026-05-09,2026-07-13
1235,Javier Olivares Avendaño,Diputado,1258,Guillermo Valdés Carmona,Diputado,3,2026-04-21,2026-07-13
1235,Javier Olivares Avendaño,Diputado,1240,Zandra Parisi Fernández,Diputado,3,2026-05-09,2026-07-23
1247,Javiera Rodríguez Pascual,Diputado,1251,Macarena Santelices Cañas,Diputado,3,2026-06-23,2026-07-21
1247,Javiera Rodríguez Pascual,Diputado,1263,Sebastián Zamora Soto,Diputado,3,2026-07-01,2026-08-07
1062,Joanna Pérez Olea,Diputado,1177,Carolina Tello Rojas,Diputado,3,2026-04-21,2026-07-20
1062,Joanna Pérez Olea,Diputado,1248,Felipe Ross Correa,Diputado,3,2026-06-05,2026-07-20
1062,Joanna Pérez Olea,Diputado,986,Marcela Hernando Pérez,Diputado,3,2026-05-13,2026-08-11
1009,Jorge Alessandri Vergara,Diputado,1202,Eduardo Cretton Rebolledo,Diputado,3,2026-06-01,2026-08-04
1009,Jorge Alessandri Vergara,Diputado,1199,Jaime Coloma Álamos,Diputado,3,2026-06-05,2026-08-04
1009,Jorge Alessandri Vergara,Diputado,1174,Marco Antonio Sulantay Olivares,Diputado,3,2026-06-01,2026-08-04
1015,Jorge Brito Hasbún,Diputado,1189,Jaime Bassa Mercado,Diputado,3,2026-04-15,2026-07-28
1208,Jorge Díaz Ibarra,Diputado,872,Jaime Mulet Martínez,Diputado,3,2026-04-15,2026-07-17
1132,Jorge Guzmán Zepeda,Diputado,1227,Claudia Mora Vega,Diputado,3,2026-05-05,2026-07-06
1132,Jorge Guzmán Zepeda,Diputado,1255,Eileen Urqueta Rojas,Diputado,3,2026-05-12,2026-08-12
1132,Jorge Guzmán Zepeda,Diputado,1235,Javier Olivares Avendaño,Diputado,3,2026-05-12,2026-06-18
1218,José Antonio Kast Adriasola,Diputado,1247,Javiera Rodríguez Pascual,Diputado,3,2026-06-09,2026-07-09
1218,José Antonio Kast Adriasola,Diputado,1251,Macarena Santelices Cañas,Diputado,3,2026-06-16,2026-07-09
1226,José Montalva Feuerhake,Diputado,872,Jaime Mulet Martínez,Diputado,3,2026-05-12,2026-07-14
1226,José Montalva Feuerhake,Diputado,1243,Tamara Ramírez Ramírez,Diputado,3,2026-06-23,2026-07-14
1108,Juan Carlos Beltrán Silva,Diputado,1132,Jorge Guzmán Zepeda,Diputado,3,2026-05-05,2026-07-31
1108,Juan Carlos Beltrán Silva,Diputado,1219,Tomás Kast Sommerhoff,Diputado,3,2026-06-03,2026-07-31
1133,Juan Irarrázaval Rossel,Diputado,1236,Paula Olmos Contreras,Diputado,3,2026-04-14,2026-06-02
1133,Juan Irarrázaval Rossel,Diputado,1231,Ximena Naranjo Pinto,Diputado,3,2026-04-14,2026-06-09
1073,Juan Santana Castillo,Diputado,1087,Gael Yeomans Araya,Diputado,3,2026-04-07,2026-07-21
1073,Juan Santana Castillo,Diputado,1188,Marcos Barraza Gómez,Diputado,3,2026-04-07,2026-08-11
1324,Karim Bianchi Retamales,Senador,1334,Alejandro Kusanovic Glusevic,Senador,3,2026-04-15,2026-04-22
1324,Karim Bianchi Retamales,Senador,911,Carlos Ignacio Kuschel Silva,Senador,3,2026-04-22,2026-06-10
1324,Karim Bianchi Retamales,Senador,1518,Cristian Vial Maceratta,Senador,3,2026-06-30,2026-07-07
1324,Karim Bianchi Retamales,Senador,1500,Danisa Astudillo Peiretti,Senador,3,2026-05-13,2026-06-16
1324,Karim Bianchi Retamales,Senador,1503,Miguel Ángel Calisto Águila,Senador,3,2026-05-13,2026-05-20
1324,Karim Bianchi Retamales,Senador,1450,Paulina Vodanovic Rojas,Senador,3,2026-04-08,2026-06-10
1324,Karim Bianchi Retamales,Senador,1516,Renzo Trisotti Martínez,Senador,3,2026-06-16,2026-07-08
1324,Karim Bianchi Retamales,Senador,1510,Vanessa Kaiser Barents-Von Hohenhagen,Senador,3,2026-05-20,2026-07-07
1192,Lilian Betancurt Delgado,Diputado,1255,Eileen Urqueta Rojas,Diputado,3,2026-04-07,2026-08-12
1192,Lilian Betancurt Delgado,Diputado,1223,Hans Marowski Cuevas,Diputado,3,2026-06-10,2026-06-25
1192,Lilian Betancurt Delgado,Diputado,1243,Tamara Ramírez Ramírez,Diputado,3,2026-06-10,2026-07-23
1127,Lorena Fries Monleón,Diputado,1222,Andrea Macías Palma,Diputado,3,2026-03-25,2026-05-26
1127,Lorena Fries Monleón,Diputado,1153,Coca Ericka Ñanco Vásquez,Diputado,3,2026-07-14,2026-07-22
1127,Lorena Fries Monleón,Diputado,872,Jaime Mulet Martínez,Diputado,3,2026-03-27,2026-07-14
1127,Lorena Fries Monleón,Diputado,1226,José Montalva Feuerhake,Diputado,3,2026-04-27,2026-07-14
1127,Lorena Fries Monleón,Diputado,1188,Marcos Barraza Gómez,Diputado,3,2026-07-14,2026-07-29
1159,Lorena Pizarro Sierra,Diputado,1250,Bernardo Salinas Maya,Diputado,3,2026-06-12,2026-08-12
1159,Lorena Pizarro Sierra,Diputado,1188,Marcos Barraza Gómez,Diputado,3,2026-06-16,2026-08-12
1327,Luciano Cruz-Coke Carvallo,Senador,1501,Andrea Balladares Letelier,Senador,3,2026-04-08,2026-07-03
1122,Luis Alberto Cuello Peña y Lillo,Diputado,1173,Daniela Serrano Salazar,Diputado,3,2026-04-07,2026-08-05
1122,Luis Alberto Cuello Peña y Lillo,Diputado,1186,Ignacio Achurra Díaz,Diputado,3,2026-04-15,2026-06-17
1122,Luis Alberto Cuello Peña y Lillo,Diputado,1181,Nelson Venegas Salazar,Diputado,3,2026-06-15,2026-07-20
1141,Luis Malla Valenzuela,Diputado,1255,Eileen Urqueta Rojas,Diputado,3,2026-07-21,2026-08-12
1141,Luis Malla Valenzuela,Diputado,1208,Jorge Díaz Ibarra,Diputado,3,2026-05-05,2026-07-14
1060,Luis Pardo Sáinz,Diputado,1197,Carlos Chandía Alarcón,Diputado,3,2026-06-04,2026-08-10
1060,Luis Pardo Sáinz,Diputado,1261,Daniel Valenzuela Salazar,Diputado,3,2026-06-12,2026-08-04
1060,Luis Pardo Sáinz,Diputado,1108,Juan Carlos Beltrán Silva,Diputado,3,2026-06-12,2026-08-10
1060,Luis Pardo Sáinz,Diputado,1242,Rodrigo Ramírez Parra,Diputado,3,2026-06-04,2026-08-10
1170,Luis Sánchez Ossa,Diputado,1263,Sebastián Zamora Soto,Diputado,3,2026-06-15,2026-07-29
1170,Luis Sánchez Ossa,Diputado,1219,Tomás Kast Sommerhoff,Diputado,3,2026-06-15,2026-07-20
1251,Macarena Santelices Cañas,Diputado,1262,Diego Vergara Rodríguez,Diputado,3,2026-06-23,2026-07-09
1188,Marcos Barraza Gómez,Diputado,1205,Carlos Cuadrado Prats,Diputado,3,2026-05-14,2026-07-29
1188,Marcos Barraza Gómez,Diputado,1213,Irací Hassler Jacob,Diputado,3,2026-04-07,2026-08-12
1188,Marcos Barraza Gómez,Diputado,1226,José Montalva Feuerhake,Diputado,3,2026-06-16,2026-07-14
1188,Marcos Barraza Gómez,Diputado,1241,Patricio Pinilla Valencia,Diputado,3,2026-06-08,2026-07-14
1038,Marcos Ilabaca Cerda,Diputado,1226,José Montalva Feuerhake,Diputado,3,2026-06-16,2026-07-14
1038,Marcos Ilabaca Cerda,Diputado,1127,Lorena Fries Monleón,Diputado,3,2026-03-25,2026-07-14
1038,Marcos Ilabaca Cerda,Diputado,1188,Marcos Barraza Gómez,Diputado,3,2026-06-16,2026-07-14
1038,Marcos Ilabaca Cerda,Diputado,1241,Patricio Pinilla Valencia,Diputado,3,2026-07-14,2026-08-10
1234,Mario Olavarría Rodríguez,Diputado,1251,Macarena Santelices Cañas,Diputado,3,2026-06-03,2026-08-11
1074,Marisela Santibáñez Novoa,Diputado,1197,Carlos Chandía Alarcón,Diputado,3,2026-06-04,2026-06-15
1074,Marisela Santibáñez Novoa,Diputado,1213,Irací Hassler Jacob,Diputado,3,2026-06-19,2026-08-12
1074,Marisela Santibáñez Novoa,Diputado,1189,Jaime Bassa Mercado,Diputado,3,2026-04-15,2026-07-24
1074,Marisela Santibáñez Novoa,Diputado,1193,Patricio Briones Moller,Diputado,3,2026-06-04,2026-06-15
1074,Marisela Santibáñez Novoa,Diputado,1119,Sara Concha Smith,Diputado,3,2026-05-04,2026-06-15
1107,María Francisca Bello Campos,Diputado,1177,Carolina Tello Rojas,Diputado,3,2026-04-28,2026-07-15
1107,María Francisca Bello Campos,Diputado,1180,Consuelo Veloso Ávila,Diputado,3,2026-05-04,2026-08-11
1107,María Francisca Bello Campos,Diputado,1224,Cristian Mella Andaur,Diputado,3,2026-04-15,2026-08-11
1107,María Francisca Bello Campos,Diputado,1264,Fernando Zamorano Peralta,Diputado,3,2026-05-29,2026-08-11
1107,María Francisca Bello Campos,Diputado,1256,Tatiana Urrutia Herrera,Diputado,3,2026-04-28,2026-07-15
1332,María José Gatica Bertin,Senador,1508,Camila Flores Oporto,Senador,3,2026-07-21,2026-08-04
1332,María José Gatica Bertin,Senador,1502,Miguel Ángel Becker Alvear,Senador,3,2026-08-19,2026-09-02
1332,María José Gatica Bertin,Senador,1337,Paulina Núñez Urrutia,Senador,3,2026-07-21,2026-08-04
1209,Matías Fernández Hartwig,Diputado,1210,Gustavo Gatica Villarroel,Diputado,3,2026-03-25,2026-08-11
1344,Matías Walker Prieto,Senador,1450,Paulina Vodanovic Rojas,Senador,3,2026-07-22,2026-08-05
1131,Mauro González Villarroel,Diputado,1197,Carlos Chandía Alarcón,Diputado,3,2026-06-04,2026-08-10
1131,Mauro González Villarroel,Diputado,1132,Jorge Guzmán Zepeda,Diputado,3,2026-04-15,2026-05-12
1502,Miguel Ángel Becker Alvear,Senador,911,Carlos Ignacio Kuschel Silva,Senador,3,2026-06-03,2026-08-19
1166,Natalia Romero Talguia,Diputado,1183,Flor Weisse Novoa,Diputado,3,2026-04-29,2026-08-04
1166,Natalia Romero Talguia,Diputado,1234,Mario Olavarría Rodríguez,Diputado,3,2026-04-29,2026-07-29
1117,Nathalie Castillo Rojas,Diputado,1177,Carolina Tello Rojas,Diputado,3,2026-04-15,2026-06-17
1117,Nathalie Castillo Rojas,Diputado,1173,Daniela Serrano Salazar,Diputado,3,2026-06-08,2026-08-12
1117,Nathalie Castillo Rojas,Diputado,1122,Luis Alberto Cuello Peña y Lillo,Diputado,3,2026-06-08,2026-08-05
1117,Nathalie Castillo Rojas,Diputado,1188,Marcos Barraza Gómez,Diputado,3,2026-06-08,2026-08-12
1181,Nelson Venegas Salazar,Diputado,1182,Sebastián Videla Castillo,Diputado,3,2026-07-06,2026-08-12
1181,Nelson Venegas Salazar,Diputado,1207,Valentina Cáceres Monsálvez,Diputado,3,2026-07-06,2026-08-12
1249,Omar Sabat Guzmán,Diputado,1251,Macarena Santelices Cañas,Diputado,3,2026-06-03,2026-08-11
1039,Pamela Jiles Moreno,Diputado,1237,Francisco Orrego Gutiérrez,Diputado,3,2026-04-21,2026-08-05
1193,Patricio Briones Moller,Diputado,1255,Eileen Urqueta Rojas,Diputado,3,2026-05-09,2026-08-05
1193,Patricio Briones Moller,Diputado,1223,Hans Marowski Cuevas,Diputado,3,2026-06-10,2026-07-27
1193,Patricio Briones Moller,Diputado,1234,Mario Olavarría Rodríguez,Diputado,3,2026-05-12,2026-08-11
1193,Patricio Briones Moller,Diputado,1228,Paulina Muñoz Minte,Diputado,3,2026-06-05,2026-08-05
1193,Patricio Briones Moller,Diputado,1217,Pier Karlezi Hazleby,Diputado,3,2026-04-21,2026-06-16
1193,Patricio Briones Moller,Diputado,1215,Álvaro Jofré Cáceres,Diputado,3,2026-06-05,2026-08-05
1241,Patricio Pinilla Valencia,Diputado,1259,Juan Marcelo Valenzuela Henríquez,Diputado,3,2026-06-02,2026-07-06
1236,Paula Olmos Contreras,Diputado,1258,Guillermo Valdés Carmona,Diputado,3,2026-04-21,2026-06-16
1228,Paulina Muñoz Minte,Diputado,1237,Francisco Orrego Gutiérrez,Diputado,3,2026-04-21,2026-08-11
1337,Paulina Núñez Urrutia,Senador,1500,Danisa Astudillo Peiretti,Senador,3,2026-06-16,2026-07-30
1337,Paulina Núñez Urrutia,Senador,1340,Gustavo Sanhueza Dueñas,Senador,3,2026-06-03,2026-06-03
1337,Paulina Núñez Urrutia,Senador,1503,Miguel Ángel Calisto Águila,Senador,3,2026-04-15,2026-08-04
1337,Paulina Núñez Urrutia,Senador,1516,Renzo Trisotti Martínez,Senador,3,2026-06-16,2026-07-08
1337,Paulina Núñez Urrutia,Senador,1506,Ricardo Celis Araya,Senador,3,2026-07-15,2026-08-13
1450,Paulina Vodanovic Rojas,Senador,1518,Cristian Vial Maceratta,Senador,3,2026-05-19,2026-08-13
1198,Paz Charpentier Rajcevich,Diputado,1251,Macarena Santelices Cañas,Diputado,3,2026-06-23,2026-07-21
1198,Paz Charpentier Rajcevich,Diputado,1217,Pier Karlezi Hazleby,Diputado,3,2026-06-23,2026-08-05
1198,Paz Charpentier Rajcevich,Diputado,1233,Ricardo Neumann Bertín,Diputado,3,2026-06-23,2026-07-27
1110,Pedro Araya Guerrero,Senador,1515,Arturo Squella Ovalle,Senador,3,2026-06-30,2026-08-13
1217,Pier Karlezi Hazleby,Diputado,1235,Javier Olivares Avendaño,Diputado,3,2026-04-21,2026-06-16
1217,Pier Karlezi Hazleby,Diputado,843,René Manuel García García,Diputado,3,2026-05-12,2026-06-16
1196,Priscilla Castillo Gerli,Diputado,1238,Álvaro Ortiz Vera,Diputado,3,2026-04-15,2026-07-11
1044,Raúl Leiva Carvajal,Diputado,1205,Carlos Cuadrado Prats,Diputado,3,2026-06-16,2026-08-05
1044,Raúl Leiva Carvajal,Diputado,1099,Jaime Araya Guerrero,Diputado,3,2026-05-13,2026-08-07
1044,Raúl Leiva Carvajal,Diputado,1131,Mauro González Villarroel,Diputado,3,2026-05-13,2026-08-07
1233,Ricardo Neumann Bertín,Diputado,1247,Javiera Rodríguez Pascual,Diputado,3,2026-06-23,2026-07-27
1233,Ricardo Neumann Bertín,Diputado,1234,Mario Olavarría Rodríguez,Diputado,3,2026-04-29,2026-07-29
1102,Roberto Arroyo Muñoz,Diputado,1230,Alex Nahuelquin Nahuelquin,Diputado,3,2026-07-31,2026-08-12
1102,Roberto Arroyo Muñoz,Diputado,1224,Cristian Mella Andaur,Diputado,3,2026-06-04,2026-08-11
1102,Roberto Arroyo Muñoz,Diputado,1175,Cristián Tapia Ramos,Diputado,3,2026-05-18,2026-06-15
1102,Roberto Arroyo Muñoz,Diputado,1239,Fabián Ossandón Briceño,Diputado,3,2026-05-09,2026-07-20
1102,Roberto Arroyo Muñoz,Diputado,1236,Paula Olmos Contreras,Diputado,3,2026-06-16,2026-08-06
1102,Roberto Arroyo Muñoz,Diputado,843,René Manuel García García,Diputado,3,2026-05-18,2026-07-31
1242,Rodrigo Ramírez Parra,Diputado,1261,Daniel Valenzuela Salazar,Diputado,3,2026-05-12,2026-07-06
1242,Rodrigo Ramírez Parra,Diputado,843,René Manuel García García,Diputado,3,2026-04-14,2026-06-19
1328,Rojo Edwards,Senador,1502,Miguel Ángel Becker Alvear,Senador,3,2026-06-17,2026-09-02
1119,Sara Concha Smith,Diputado,1255,Eileen Urqueta Rojas,Diputado,3,2026-05-04,2026-06-09
1119,Sara Concha Smith,Diputado,1193,Patricio Briones Moller,Diputado,3,2026-05-12,2026-06-23
1119,Sara Concha Smith,Diputado,1231,Ximena Naranjo Pinto,Diputado,3,2026-04-14,2026-06-09
1182,Sebastián Videla Castillo,Diputado,1250,Bernardo Salinas Maya,Diputado,3,2026-07-06,2026-08-12
1331,Sergio Gahona Salazar,Senador,1511,Enrique Lee Flores,Senador,3,2026-03-18,2026-06-03
1331,Sergio Gahona Salazar,Senador,1340,Gustavo Sanhueza Dueñas,Senador,3,2026-06-03,2026-06-03
1331,Sergio Gahona Salazar,Senador,1335,Javier Macaya Danús,Senador,3,2026-06-03,2026-06-03
1331,Sergio Gahona Salazar,Senador,1450,Paulina Vodanovic Rojas,Senador,3,2026-03-18,2026-08-05
1211,Sofía González Cortés,Diputado,1246,José Antonio Rivas Villalobos,Diputado,3,2026-07-29,2026-08-11
1243,Tamara Ramírez Ramírez,Diputado,1258,Guillermo Valdés Carmona,Diputado,3,2026-04-21,2026-05-06
1219,Tomás Kast Sommerhoff,Diputado,1237,Francisco Orrego Gutiérrez,Diputado,3,2026-06-17,2026-07-20
1219,Tomás Kast Sommerhoff,Diputado,1263,Sebastián Zamora Soto,Diputado,3,2026-06-15,2026-08-07
1191,Valentina Becerra Peña,Diputado,1223,Hans Marowski Cuevas,Diputado,3,2026-06-23,2026-07-27
1191,Valentina Becerra Peña,Diputado,1198,Paz Charpentier Rajcevich,Diputado,3,2026-06-22,2026-07-27
1191,Valentina Becerra Peña,Diputado,1263,Sebastián Zamora Soto,Diputado,3,2026-07-01,2026-08-07
1207,Valentina Cáceres Monsálvez,Diputado,1222,Andrea Macías Palma,Diputado,3,2026-07-06,2026-08-12
1207,Valentina Cáceres Monsálvez,Diputado,1252,Constanza Schonhaut Soto,Diputado,3,2026-04-28,2026-07-27
1207,Valentina Cáceres Monsálvez,Diputado,1260,César Valenzuela Maass,Diputado,3,2026-06-12,2026-07-29
1207,Valentina Cáceres Monsálvez,Diputado,1241,Patricio Pinilla Valencia,Diputado,3,2026-07-06,2026-08-12
1510,Vanessa Kaiser Barents-Von Hohenhagen,Senador,1515,Arturo Squella Ovalle,Senador,3,2026-06-30,2026-07-07
1510,Vanessa Kaiser Barents-Von Hohenhagen,Senador,1511,Enrique Lee Flores,Senador,3,2026-05-20,2026-07-21
1510,Vanessa Kaiser Barents-Von Hohenhagen,Senador,1517,Ignacio Urrutia Bonilla,Senador,3,2026-06-23,2026-08-12
1231,Ximena Naranjo Pinto,Diputado,1255,Eileen Urqueta Rojas,Diputado,3,2026-05-04,2026-07-21
1224,Ximena Ordenes Neira,Senador,1511,Enrique Lee Flores,Senador,3,2026-04-07,2026-06-03
1059,Ximena Ossandón Irarrázabal,Diputado,1128,Ana María Gazmuri Vieira,Diputado,3,2026-05-15,2026-06-26
1059,Ximena Ossandón Irarrázabal,Diputado,1061,Andrea Parra Sauterel,Diputado,3,2026-04-22,2026-08-05
1059,Ximena Ossandón Irarrázabal,Diputado,1132,Jorge Guzmán Zepeda,Diputado,3,2026-05-05,2026-07-06
1059,Ximena Ossandón Irarrázabal,Diputado,1122,Luis Alberto Cuello Peña y Lillo,Diputado,3,2026-05-06,2026-07-30
1059,Ximena Ossandón Irarrázabal,Diputado,1074,Marisela Santibáñez Novoa,Diputado,3,2026-05-06,2026-06-15
1059,Ximena Ossandón Irarrázabal,Diputado,1219,Tomás Kast Sommerhoff,Diputado,3,2026-05-06,2026-07-06
1017,Álvaro Carter Fernández,Diputado,1261,Daniel Valenzuela Salazar,Diputado,3,2026-06-15,2026-07-29
1017,Álvaro Carter Fernández,Diputado,1190,Enrique Bassaletti Riess,Diputado,3,2026-06-11,2026-07-29
1017,Álvaro Carter Fernández,Diputado,1216,Stephanie Jéldrez Ortiz,Diputado,3,2026-06-11,2026-07-14
1017,Álvaro Carter Fernández,Diputado,1219,Tomás Kast Sommerhoff,Diputado,3,2026-06-15,2026-07-20
1215,Álvaro Jofré Cáceres,Diputado,1227,Claudia Mora Vega,Diputado,3,2026-06-05,2026-07-14
1215,Álvaro Jofré Cáceres,Diputado,1261,Daniel Valenzuela Salazar,Diputado,3,2026-06-05,2026-08-05
1215,Álvaro Jofré Cáceres,Diputado,1235,Javier Olivares Avendaño,Diputado,3,2026-04-21,2026-06-09
1165,Agustín Romero Leiva,Diputado,1245,Alejandro Riquelme Ducci,Diputado,2,2026-06-16,2026-08-07
1165,Agustín Romero Leiva,Diputado,1237,Francisco Orrego Gutiérrez,Diputado,2,2026-07-14,2026-07-21
1165,Agustín Romero Leiva,Diputado,1247,Javiera Rodríguez Pascual,Diputado,2,2026-07-21,2026-08-07
1165,Agustín Romero Leiva,Diputado,1263,Sebastián Zamora Soto,Diputado,2,2026-07-14,2026-08-07
1165,Agustín Romero Leiva,Diputado,1216,Stephanie Jéldrez Ortiz,Diputado,2,2026-06-11,2026-07-14
1013,Alejandro Bernales Maldonado,Diputado,1197,Carlos Chandía Alarcón,Diputado,2,2026-06-08,2026-06-17
1013,Alejandro Bernales Maldonado,Diputado,1177,Carolina Tello Rojas,Diputado,2,2026-04-15,2026-05-31
1013,Alejandro Bernales Maldonado,Diputado,1176,Hotuiti Teao Drago,Diputado,2,2026-06-08,2026-06-17
1013,Alejandro Bernales Maldonado,Diputado,1186,Ignacio Achurra Díaz,Diputado,2,2026-05-13,2026-06-17
1013,Alejandro Bernales Maldonado,Diputado,1132,Jorge Guzmán Zepeda,Diputado,2,2026-04-15,2026-06-22
1013,Alejandro Bernales Maldonado,Diputado,1122,Luis Alberto Cuello Peña y Lillo,Diputado,2,2026-05-13,2026-06-17
1013,Alejandro Bernales Maldonado,Diputado,1074,Marisela Santibáñez Novoa,Diputado,2,2026-05-31,2026-06-08
1013,Alejandro Bernales Maldonado,Diputado,1131,Mauro González Villarroel,Diputado,2,2026-04-15,2026-05-31
1013,Alejandro Bernales Maldonado,Diputado,1241,Patricio Pinilla Valencia,Diputado,2,2026-04-25,2026-08-11
1334,Alejandro Kusanovic Glusevic,Senador,1508,Camila Flores Oporto,Senador,2,2026-06-17,2026-08-12
1334,Alejandro Kusanovic Glusevic,Senador,911,Carlos Ignacio Kuschel Silva,Senador,2,2026-04-22,2026-06-16
1334,Alejandro Kusanovic Glusevic,Senador,1517,Ignacio Urrutia Bonilla,Senador,2,2026-06-30,2026-08-12
1334,Alejandro Kusanovic Glusevic,Senador,1510,Vanessa Kaiser Barents-Von Hohenhagen,Senador,2,2026-06-30,2026-08-12
1245,Alejandro Riquelme Ducci,Diputado,1262,Diego Vergara Rodríguez,Diputado,2,2026-07-06,2026-07-09
1245,Alejandro Riquelme Ducci,Diputado,1253,Fernando Ugarte Tejeda,Diputado,2,2026-06-16,2026-07-06
1245,Alejandro Riquelme Ducci,Diputado,1247,Javiera Rodríguez Pascual,Diputado,2,2026-07-09,2026-08-07
1245,Alejandro Riquelme Ducci,Diputado,1251,Macarena Santelices Cañas,Diputado,2,2026-07-06,2026-07-09
1115,Alfonso De Urresti Longton,Senador,1341,Alejandra Sepúlveda Orbenes,Senador,2,2026-04-08,2026-07-14
1115,Alfonso De Urresti Longton,Senador,1511,Enrique Lee Flores,Senador,2,2026-04-15,2026-08-10
1115,Alfonso De Urresti Longton,Senador,1329,Fidel Espinoza Sandoval,Senador,2,2026-04-08,2026-05-19
1115,Alfonso De Urresti Longton,Senador,1327,Luciano Cruz-Coke Carvallo,Senador,2,2026-07-03,2026-07-14
1115,Alfonso De Urresti Longton,Senador,1332,María José Gatica Bertin,Senador,2,2026-07-22,2026-08-19
1115,Alfonso De Urresti Longton,Senador,1450,Paulina Vodanovic Rojas,Senador,2,2026-07-03,2026-08-12
1115,Alfonso De Urresti Longton,Senador,1224,Ximena Ordenes Neira,Senador,2,2026-04-15,2026-07-22
1128,Ana María Gazmuri Vieira,Diputado,1222,Andrea Macías Palma,Diputado,2,2026-04-27,2026-05-26
1128,Ana María Gazmuri Vieira,Diputado,1227,Claudia Mora Vega,Diputado,2,2026-06-26,2026-07-21
1128,Ana María Gazmuri Vieira,Diputado,1252,Constanza Schonhaut Soto,Diputado,2,2026-05-26,2026-07-08
1128,Ana María Gazmuri Vieira,Diputado,1261,Daniel Valenzuela Salazar,Diputado,2,2026-06-26,2026-07-09
1128,Ana María Gazmuri Vieira,Diputado,1255,Eileen Urqueta Rojas,Diputado,2,2026-07-05,2026-07-21
1128,Ana María Gazmuri Vieira,Diputado,1171,Emilia Schneider Videla,Diputado,2,2026-04-20,2026-06-08
1128,Ana María Gazmuri Vieira,Diputado,1264,Fernando Zamorano Peralta,Diputado,2,2026-05-15,2026-07-08
1128,Ana María Gazmuri Vieira,Diputado,986,Marcela Hernando Pérez,Diputado,2,2026-05-11,2026-07-05
1128,Ana María Gazmuri Vieira,Diputado,1236,Paula Olmos Contreras,Diputado,2,2026-06-08,2026-06-19
1128,Ana María Gazmuri Vieira,Diputado,1256,Tatiana Urrutia Herrera,Diputado,2,2026-05-26,2026-05-31
1128,Ana María Gazmuri Vieira,Diputado,1240,Zandra Parisi Fernández,Diputado,2,2026-04-27,2026-06-19
1501,Andrea Balladares Letelier,Senador,1510,Vanessa Kaiser Barents-Von Hohenhagen,Senador,2,2026-05-06,2026-07-07
1222,Andrea Macías Palma,Diputado,1250,Bernardo Salinas Maya,Diputado,2,2026-07-06,2026-08-12
1222,Andrea Macías Palma,Diputado,1264,Fernando Zamorano Peralta,Diputado,2,2026-08-05,2026-08-11
1222,Andrea Macías Palma,Diputado,1241,Patricio Pinilla Valencia,Diputado,2,2026-07-06,2026-08-12
1061,Andrea Parra Sauterel,Diputado,1128,Ana María Gazmuri Vieira,Diputado,2,2026-05-15,2026-06-22
1061,Andrea Parra Sauterel,Diputado,1189,Jaime Bassa Mercado,Diputado,2,2026-06-10,2026-06-10
1061,Andrea Parra Sauterel,Diputado,1141,Luis Malla Valenzuela,Diputado,2,2026-04-15,2026-05-15
1061,Andrea Parra Sauterel,Diputado,986,Marcela Hernando Pérez,Diputado,2,2026-04-15,2026-04-22
1061,Andrea Parra Sauterel,Diputado,1241,Patricio Pinilla Valencia,Diputado,2,2026-06-10,2026-06-10
1021,Andrés Celis Montt,Diputado,1257,Alejandra Valdebenito Torres,Diputado,2,2026-05-29,2026-06-16
1021,Andrés Celis Montt,Diputado,1143,Cristóbal Martínez Ramírez,Diputado,2,2026-06-02,2026-06-11
1021,Andrés Celis Montt,Diputado,1260,César Valenzuela Maass,Diputado,2,2026-06-11,2026-06-12
1021,Andrés Celis Montt,Diputado,1173,Daniela Serrano Salazar,Diputado,2,2026-06-02,2026-06-11
1021,Andrés Celis Montt,Diputado,1264,Fernando Zamorano Peralta,Diputado,2,2026-05-29,2026-08-11
1021,Andrés Celis Montt,Diputado,1087,Gael Yeomans Araya,Diputado,2,2026-06-02,2026-06-11
1021,Andrés Celis Montt,Diputado,1086,Gonzalo Winter Etcheberry,Diputado,2,2026-06-02,2026-06-11
1021,Andrés Celis Montt,Diputado,1178,Héctor Ulloa Aguilera,Diputado,2,2026-05-06,2026-06-12
1021,Andrés Celis Montt,Diputado,1062,Joanna Pérez Olea,Diputado,2,2026-06-04,2026-08-04
1021,Andrés Celis Montt,Diputado,1259,Juan Marcelo Valenzuela Henríquez,Diputado,2,2026-06-02,2026-06-12
1021,Andrés Celis Montt,Diputado,1107,María Francisca Bello Campos,Diputado,2,2026-05-29,2026-08-11
1021,Andrés Celis Montt,Diputado,1209,Matías Fernández Hartwig,Diputado,2,2026-05-29,2026-08-11
1021,Andrés Celis Montt,Diputado,1236,Paula Olmos Contreras,Diputado,2,2026-05-06,2026-06-16
1021,Andrés Celis Montt,Diputado,843,René Manuel García García,Diputado,2,2026-04-14,2026-07-06
1021,Andrés Celis Montt,Diputado,1102,Roberto Arroyo Muñoz,Diputado,2,2026-06-16,2026-08-11
1512,Andrés Longton Herrera,Senador,1515,Arturo Squella Ovalle,Senador,2,2026-07-14,2026-07-21
1150,Benjamín Moreno Bascur,Diputado,1244,Claudia Reyes Larenas,Diputado,2,2026-06-16,2026-07-09
1150,Benjamín Moreno Bascur,Diputado,1262,Diego Vergara Rodríguez,Diputado,2,2026-07-06,2026-07-09
1150,Benjamín Moreno Bascur,Diputado,1253,Fernando Ugarte Tejeda,Diputado,2,2026-06-16,2026-07-06
1150,Benjamín Moreno Bascur,Diputado,1235,Javier Olivares Avendaño,Diputado,2,2026-06-10,2026-07-06
1150,Benjamín Moreno Bascur,Diputado,1247,Javiera Rodríguez Pascual,Diputado,2,2026-06-10,2026-07-09
1150,Benjamín Moreno Bascur,Diputado,1251,Macarena Santelices Cañas,Diputado,2,2026-07-06,2026-07-09
1012,Boris Barrera Moreno,Diputado,1128,Ana María Gazmuri Vieira,Diputado,2,2026-06-08,2026-08-05
1012,Boris Barrera Moreno,Diputado,1073,Juan Santana Castillo,Diputado,2,2026-04-07,2026-06-08
1012,Boris Barrera Moreno,Diputado,1188,Marcos Barraza Gómez,Diputado,2,2026-04-07,2026-06-08
1012,Boris Barrera Moreno,Diputado,1117,Nathalie Castillo Rojas,Diputado,2,2026-06-08,2026-08-05
1187,Carlo Arqueros Pizarro,Diputado,1216,Stephanie Jéldrez Ortiz,Diputado,2,2026-07-14,2026-07-14
1110,Carlos Bianchi Chelech,Diputado,1116,Felipe Camaño Cárdenas,Diputado,2,2026-05-28,2026-05-29
1110,Carlos Bianchi Chelech,Diputado,1189,Jaime Bassa Mercado,Diputado,2,2026-06-10,2026-06-10
1110,Carlos Bianchi Chelech,Diputado,872,Jaime Mulet Martínez,Diputado,2,2026-05-28,2026-05-29
1110,Carlos Bianchi Chelech,Diputado,1241,Patricio Pinilla Valencia,Diputado,2,2026-06-10,2026-06-10
1195,Carlos Carvajal Gallardo,Diputado,1222,Andrea Macías Palma,Diputado,2,2026-08-05,2026-08-12
1195,Carlos Carvajal Gallardo,Diputado,1250,Bernardo Salinas Maya,Diputado,2,2026-08-12,2026-08-12
1195,Carlos Carvajal Gallardo,Diputado,1197,Carlos Chandía Alarcón,Diputado,2,2026-06-04,2026-06-17
1195,Carlos Carvajal Gallardo,Diputado,1209,Matías Fernández Hartwig,Diputado,2,2026-04-15,2026-08-05
1195,Carlos Carvajal Gallardo,Diputado,1236,Paula Olmos Contreras,Diputado,2,2026-06-10,2026-08-12
1195,Carlos Carvajal Gallardo,Diputado,1207,Valentina Cáceres Monsálvez,Diputado,2,2026-08-12,2026-08-12
1197,Carlos Chandía Alarcón,Diputado,1251,Macarena Santelices Cañas,Diputado,2,2026-06-26,2026-08-11
1197,Carlos Chandía Alarcón,Diputado,986,Marcela Hernando Pérez,Diputado,2,2026-06-08,2026-08-05
1197,Carlos Chandía Alarcón,Diputado,843,René Manuel García García,Diputado,2,2026-04-14,2026-08-06
1205,Carlos Cuadrado Prats,Diputado,1260,César Valenzuela Maass,Diputado,2,2026-06-02,2026-07-29
1205,Carlos Cuadrado Prats,Diputado,1238,Álvaro Ortiz Vera,Diputado,2,2026-06-10,2026-07-29
1206,Carolina Cucumides Calderón,Diputado,1260,César Valenzuela Maass,Diputado,2,2026-06-22,2026-07-29
1206,Carolina Cucumides Calderón,Diputado,1209,Matías Fernández Hartwig,Diputado,2,2026-06-11,2026-06-16
1177,Carolina Tello Rojas,Diputado,1252,Constanza Schonhaut Soto,Diputado,2,2026-04-28,2026-07-27
1177,Carolina Tello Rojas,Diputado,1255,Eileen Urqueta Rojas,Diputado,2,2026-05-04,2026-06-17
1177,Carolina Tello Rojas,Diputado,1246,José Antonio Rivas Villalobos,Diputado,2,2026-07-13,2026-08-11
1177,Carolina Tello Rojas,Diputado,986,Marcela Hernando Pérez,Diputado,2,2026-04-22,2026-06-17
1177,Carolina Tello Rojas,Diputado,1209,Matías Fernández Hartwig,Diputado,2,2026-04-28,2026-07-27
1177,Carolina Tello Rojas,Diputado,1181,Nelson Venegas Salazar,Diputado,2,2026-07-13,2026-07-15
1177,Carolina Tello Rojas,Diputado,1184,Roberto Celedón Fernández,Diputado,2,2026-04-15,2026-07-15
1177,Carolina Tello Rojas,Diputado,1182,Sebastián Videla Castillo,Diputado,2,2026-07-13,2026-07-20
1025,Catalina Del Real Mihovilovic,Diputado,1257,Alejandra Valdebenito Torres,Diputado,2,2026-05-29,2026-06-16
1104,Chiara Barchiesi Chávez,Diputado,1245,Alejandro Riquelme Ducci,Diputado,2,2026-07-06,2026-08-07
1104,Chiara Barchiesi Chávez,Diputado,1220,Leandro Kunstmann Collado,Diputado,2,2026-05-13,2026-08-07
1104,Chiara Barchiesi Chávez,Diputado,1219,Tomás Kast Sommerhoff,Diputado,2,2026-06-09,2026-08-07
1104,Chiara Barchiesi Chávez,Diputado,1215,Álvaro Jofré Cáceres,Diputado,2,2026-05-13,2026-06-25
1227,Claudia Mora Vega,Diputado,1244,Claudia Reyes Larenas,Diputado,2,2026-05-18,2026-06-22
1227,Claudia Mora Vega,Diputado,1248,Felipe Ross Correa,Diputado,2,2026-06-09,2026-07-20
1227,Claudia Mora Vega,Diputado,1251,Macarena Santelices Cañas,Diputado,2,2026-06-26,2026-08-11
1227,Claudia Mora Vega,Diputado,1243,Tamara Ramírez Ramírez,Diputado,2,2026-06-08,2026-06-09
1227,Claudia Mora Vega,Diputado,1231,Ximena Naranjo Pinto,Diputado,2,2026-06-09,2026-07-21
1338,Claudia Pascual Grau,Senador,1514,Beatriz Sánchez Muñoz,Senador,2,2026-07-14,2026-08-12
1244,Claudia Reyes Larenas,Diputado,1245,Alejandro Riquelme Ducci,Diputado,2,2026-06-16,2026-07-09
1244,Claudia Reyes Larenas,Diputado,1254,Ignacio Urcullú Clèment-Lund,Diputado,2,2026-06-09,2026-06-16
1244,Claudia Reyes Larenas,Diputado,1247,Javiera Rodríguez Pascual,Diputado,2,2026-06-09,2026-07-09
1244,Claudia Reyes Larenas,Diputado,1251,Macarena Santelices Cañas,Diputado,2,2026-06-16,2026-07-09
1153,Coca Ericka Ñanco Vásquez,Diputado,872,Jaime Mulet Martínez,Diputado,2,2026-07-14,2026-07-14
1153,Coca Ericka Ñanco Vásquez,Diputado,1226,José Montalva Feuerhake,Diputado,2,2026-07-14,2026-07-14
1153,Coca Ericka Ñanco Vásquez,Diputado,1188,Marcos Barraza Gómez,Diputado,2,2026-07-14,2026-07-14
1153,Coca Ericka Ñanco Vásquez,Diputado,1241,Patricio Pinilla Valencia,Diputado,2,2026-07-14,2026-07-14
1153,Coca Ericka Ñanco Vásquez,Diputado,1243,Tamara Ramírez Ramírez,Diputado,2,2026-07-14,2026-07-14
1214,Constanza Hube Portus,Diputado,1257,Alejandra Valdebenito Torres,Diputado,2,2026-06-02,2026-06-05
1180,Consuelo Veloso Ávila,Diputado,1222,Andrea Macías Palma,Diputado,2,2026-07-29,2026-08-11
1180,Consuelo Veloso Ávila,Diputado,1252,Constanza Schonhaut Soto,Diputado,2,2026-07-22,2026-07-27
1180,Consuelo Veloso Ávila,Diputado,1255,Eileen Urqueta Rojas,Diputado,2,2026-05-04,2026-05-04
1180,Consuelo Veloso Ávila,Diputado,1264,Fernando Zamorano Peralta,Diputado,2,2026-06-08,2026-08-11
1180,Consuelo Veloso Ávila,Diputado,1210,Gustavo Gatica Villarroel,Diputado,2,2026-06-08,2026-08-11
1180,Consuelo Veloso Ávila,Diputado,1189,Jaime Bassa Mercado,Diputado,2,2026-06-16,2026-07-22
1180,Consuelo Veloso Ávila,Diputado,1246,José Antonio Rivas Villalobos,Diputado,2,2026-07-27,2026-07-29
1180,Consuelo Veloso Ávila,Diputado,1193,Patricio Briones Moller,Diputado,2,2026-06-02,2026-06-11
1180,Consuelo Veloso Ávila,Diputado,1241,Patricio Pinilla Valencia,Diputado,2,2026-04-16,2026-07-27
1180,Consuelo Veloso Ávila,Diputado,1211,Sofía González Cortés,Diputado,2,2026-06-16,2026-07-29
1180,Consuelo Veloso Ávila,Diputado,1256,Tatiana Urrutia Herrera,Diputado,2,2026-05-18,2026-07-27
1224,Cristian Mella Andaur,Diputado,1229,Javier Muñoz Riquelme,Diputado,2,2026-06-04,2026-07-11
1224,Cristian Mella Andaur,Diputado,1263,Sebastián Zamora Soto,Diputado,2,2026-04-15,2026-07-01
1100,Cristián Araya Lerdo de Tejada,Diputado,1250,Bernardo Salinas Maya,Diputado,2,2026-08-11,2026-08-14
1100,Cristián Araya Lerdo de Tejada,Diputado,1104,Chiara Barchiesi Chávez,Diputado,2,2026-05-06,2026-05-13
1100,Cristián Araya Lerdo de Tejada,Diputado,1244,Claudia Reyes Larenas,Diputado,2,2026-06-09,2026-07-09
1100,Cristián Araya Lerdo de Tejada,Diputado,1237,Francisco Orrego Gutiérrez,Diputado,2,2026-07-07,2026-08-07
1100,Cristián Araya Lerdo de Tejada,Diputado,1152,Gloria Naveillan Arriagada,Diputado,2,2026-07-07,2026-08-07
1100,Cristián Araya Lerdo de Tejada,Diputado,1199,Jaime Coloma Álamos,Diputado,2,2026-07-07,2026-08-11
1100,Cristián Araya Lerdo de Tejada,Diputado,1247,Javiera Rodríguez Pascual,Diputado,2,2026-06-09,2026-07-09
1100,Cristián Araya Lerdo de Tejada,Diputado,1218,José Antonio Kast Adriasola,Diputado,2,2026-07-06,2026-07-09
1100,Cristián Araya Lerdo de Tejada,Diputado,1246,José Antonio Rivas Villalobos,Diputado,2,2026-08-11,2026-08-14
1100,Cristián Araya Lerdo de Tejada,Diputado,1259,Juan Marcelo Valenzuela Henríquez,Diputado,2,2026-05-13,2026-07-06
1100,Cristián Araya Lerdo de Tejada,Diputado,1251,Macarena Santelices Cañas,Diputado,2,2026-07-06,2026-07-09
1100,Cristián Araya Lerdo de Tejada,Diputado,1211,Sofía González Cortés,Diputado,2,2026-05-06,2026-08-11
1100,Cristián Araya Lerdo de Tejada,Diputado,1240,Zandra Parisi Fernández,Diputado,2,2026-05-06,2026-05-28
1175,Cristián Tapia Ramos,Diputado,1197,Carlos Chandía Alarcón,Diputado,2,2026-06-04,2026-06-15
1175,Cristián Tapia Ramos,Diputado,1193,Patricio Briones Moller,Diputado,2,2026-06-04,2026-06-15
1175,Cristián Tapia Ramos,Diputado,1236,Paula Olmos Contreras,Diputado,2,2026-05-12,2026-07-24
1175,Cristián Tapia Ramos,Diputado,1217,Pier Karlezi Hazleby,Diputado,2,2026-04-25,2026-05-18
1143,Cristóbal Martínez Ramírez,Diputado,1180,Consuelo Veloso Ávila,Diputado,2,2026-06-02,2026-06-11
1082,Cristóbal Urruticoechea Ríos,Diputado,1202,Eduardo Cretton Rebolledo,Diputado,2,2026-04-21,2026-07-27
1082,Cristóbal Urruticoechea Ríos,Diputado,1212,Erich Grohs Marín,Diputado,2,2026-04-15,2026-08-05
1082,Cristóbal Urruticoechea Ríos,Diputado,1237,Francisco Orrego Gutiérrez,Diputado,2,2026-04-21,2026-07-21
1082,Cristóbal Urruticoechea Ríos,Diputado,1235,Javier Olivares Avendaño,Diputado,2,2026-04-21,2026-07-27
1082,Cristóbal Urruticoechea Ríos,Diputado,1193,Patricio Briones Moller,Diputado,2,2026-07-27,2026-08-05
1082,Cristóbal Urruticoechea Ríos,Diputado,1219,Tomás Kast Sommerhoff,Diputado,2,2026-06-25,2026-08-05
1082,Cristóbal Urruticoechea Ríos,Diputado,1238,Álvaro Ortiz Vera,Diputado,2,2026-04-21,2026-06-02
1142,Daniel Manouchehri Lobos,Diputado,1180,Consuelo Veloso Ávila,Diputado,2,2026-06-02,2026-06-11
1142,Daniel Manouchehri Lobos,Diputado,1260,César Valenzuela Maass,Diputado,2,2026-06-02,2026-06-11
1142,Daniel Manouchehri Lobos,Diputado,1259,Juan Marcelo Valenzuela Henríquez,Diputado,2,2026-06-02,2026-06-24
1142,Daniel Manouchehri Lobos,Diputado,1241,Patricio Pinilla Valencia,Diputado,2,2026-06-02,2026-06-24
1336,Daniel Núñez Arancibia,Senador,1344,Matías Walker Prieto,Senador,2,2026-04-08,2026-05-05
1336,Daniel Núñez Arancibia,Senador,1503,Miguel Ángel Calisto Águila,Senador,2,2026-04-08,2026-05-05
1261,Daniel Valenzuela Salazar,Diputado,843,René Manuel García García,Diputado,2,2026-05-05,2026-08-06
1261,Daniel Valenzuela Salazar,Diputado,1263,Sebastián Zamora Soto,Diputado,2,2026-06-15,2026-07-29
1173,Daniela Serrano Salazar,Diputado,1250,Bernardo Salinas Maya,Diputado,2,2026-08-05,2026-08-12
1173,Daniela Serrano Salazar,Diputado,1180,Consuelo Veloso Ávila,Diputado,2,2026-06-02,2026-06-11
1173,Daniela Serrano Salazar,Diputado,1213,Irací Hassler Jacob,Diputado,2,2026-04-07,2026-08-12
1173,Daniela Serrano Salazar,Diputado,1236,Paula Olmos Contreras,Diputado,2,2026-06-08,2026-06-10
1173,Daniela Serrano Salazar,Diputado,1211,Sofía González Cortés,Diputado,2,2026-08-05,2026-08-12
1500,Danisa Astudillo Peiretti,Senador,1518,Cristian Vial Maceratta,Senador,2,2026-06-16,2026-09-02
1500,Danisa Astudillo Peiretti,Senador,1505,Rodolfo Carter Fernández,Senador,2,2026-06-16,2026-06-17
1509,Diego Ibáñez Cotroneo,Senador,1514,Beatriz Sánchez Muñoz,Senador,2,2026-07-22,2026-08-12
1075,Diego Schalper Sepúlveda,Diputado,1205,Carlos Cuadrado Prats,Diputado,2,2026-06-16,2026-06-22
1075,Diego Schalper Sepúlveda,Diputado,1177,Carolina Tello Rojas,Diputado,2,2026-04-15,2026-07-20
1075,Diego Schalper Sepúlveda,Diputado,1100,Cristián Araya Lerdo de Tejada,Diputado,2,2026-07-07,2026-08-07
1075,Diego Schalper Sepúlveda,Diputado,1190,Enrique Bassaletti Riess,Diputado,2,2026-07-29,2026-08-07
1075,Diego Schalper Sepúlveda,Diputado,1087,Gael Yeomans Araya,Diputado,2,2026-06-22,2026-07-21
1075,Diego Schalper Sepúlveda,Diputado,1152,Gloria Naveillan Arriagada,Diputado,2,2026-07-07,2026-08-07
1075,Diego Schalper Sepúlveda,Diputado,1178,Héctor Ulloa Aguilera,Diputado,2,2026-05-06,2026-07-08
1075,Diego Schalper Sepúlveda,Diputado,1099,Jaime Araya Guerrero,Diputado,2,2026-06-28,2026-08-07
1075,Diego Schalper Sepúlveda,Diputado,1226,José Montalva Feuerhake,Diputado,2,2026-07-08,2026-07-21
1075,Diego Schalper Sepúlveda,Diputado,1251,Macarena Santelices Cañas,Diputado,2,2026-05-06,2026-06-16
1075,Diego Schalper Sepúlveda,Diputado,1193,Patricio Briones Moller,Diputado,2,2026-05-06,2026-07-21
1075,Diego Schalper Sepúlveda,Diputado,1077,Raúl Soto Mardones,Diputado,2,2026-07-08,2026-07-20
1075,Diego Schalper Sepúlveda,Diputado,1182,Sebastián Videla Castillo,Diputado,2,2026-07-20,2026-07-20
1202,Eduardo Cretton Rebolledo,Diputado,1214,Constanza Hube Portus,Diputado,2,2026-06-05,2026-06-08
1202,Eduardo Cretton Rebolledo,Diputado,1237,Francisco Orrego Gutiérrez,Diputado,2,2026-04-21,2026-07-07
1202,Eduardo Cretton Rebolledo,Diputado,1223,Hans Marowski Cuevas,Diputado,2,2026-04-21,2026-07-27
1028,Eduardo Durán Salinas,Diputado,1128,Ana María Gazmuri Vieira,Diputado,2,2026-06-19,2026-06-26
1028,Eduardo Durán Salinas,Diputado,1213,Irací Hassler Jacob,Diputado,2,2026-06-08,2026-06-19
1028,Eduardo Durán Salinas,Diputado,1234,Mario Olavarría Rodríguez,Diputado,2,2026-06-08,2026-06-09
1028,Eduardo Durán Salinas,Diputado,1184,Roberto Celedón Fernández,Diputado,2,2026-06-02,2026-06-23
1028,Eduardo Durán Salinas,Diputado,1243,Tamara Ramírez Ramírez,Diputado,2,2026-06-08,2026-06-19
1028,Eduardo Durán Salinas,Diputado,1191,Valentina Becerra Peña,Diputado,2,2026-05-04,2026-06-22
1056,Emilia Nuyado Ancapichun,Diputado,1128,Ana María Gazmuri Vieira,Diputado,2,2026-05-11,2026-05-31
1056,Emilia Nuyado Ancapichun,Diputado,1222,Andrea Macías Palma,Diputado,2,2026-07-06,2026-07-29
1056,Emilia Nuyado Ancapichun,Diputado,1260,César Valenzuela Maass,Diputado,2,2026-06-22,2026-07-29
1056,Emilia Nuyado Ancapichun,Diputado,1114,Félix Bugueño Sotelo,Diputado,2,2026-05-20,2026-06-29
1056,Emilia Nuyado Ancapichun,Diputado,1229,Javier Muñoz Riquelme,Diputado,2,2026-05-31,2026-06-29
1056,Emilia Nuyado Ancapichun,Diputado,1117,Nathalie Castillo Rojas,Diputado,2,2026-07-29,2026-08-11
1056,Emilia Nuyado Ancapichun,Diputado,1181,Nelson Venegas Salazar,Diputado,2,2026-06-22,2026-07-06
1056,Emilia Nuyado Ancapichun,Diputado,1182,Sebastián Videla Castillo,Diputado,2,2026-05-11,2026-07-06
1056,Emilia Nuyado Ancapichun,Diputado,1211,Sofía González Cortés,Diputado,2,2026-07-29,2026-08-11
1056,Emilia Nuyado Ancapichun,Diputado,1207,Valentina Cáceres Monsálvez,Diputado,2,2026-07-06,2026-07-29
1171,Emilia Schneider Videla,Diputado,1210,Gustavo Gatica Villarroel,Diputado,2,2026-03-25,2026-04-20
1171,Emilia Schneider Videla,Diputado,1188,Marcos Barraza Gómez,Diputado,2,2026-04-20,2026-06-08
1190,Enrique Bassaletti Riess,Diputado,1245,Alejandro Riquelme Ducci,Diputado,2,2026-07-06,2026-08-07
1190,Enrique Bassaletti Riess,Diputado,1250,Bernardo Salinas Maya,Diputado,2,2026-07-01,2026-08-11
1190,Enrique Bassaletti Riess,Diputado,1199,Jaime Coloma Álamos,Diputado,2,2026-07-14,2026-08-11
1190,Enrique Bassaletti Riess,Diputado,1220,Leandro Kunstmann Collado,Diputado,2,2026-06-11,2026-08-07
1190,Enrique Bassaletti Riess,Diputado,1251,Macarena Santelices Cañas,Diputado,2,2026-07-06,2026-07-21
1190,Enrique Bassaletti Riess,Diputado,1234,Mario Olavarría Rodríguez,Diputado,2,2026-06-09,2026-08-11
1190,Enrique Bassaletti Riess,Diputado,1216,Stephanie Jéldrez Ortiz,Diputado,2,2026-06-11,2026-07-14
1190,Enrique Bassaletti Riess,Diputado,1191,Valentina Becerra Peña,Diputado,2,2026-07-01,2026-08-07
1342,Enrique Van Rysselberghe Herrera,Senador,1500,Danisa Astudillo Peiretti,Senador,2,2026-06-17,2026-08-10
1212,Erich Grohs Marín,Diputado,1261,Daniel Valenzuela Salazar,Diputado,2,2026-07-14,2026-08-05
1212,Erich Grohs Marín,Diputado,1215,Álvaro Jofré Cáceres,Diputado,2,2026-04-15,2026-08-05
1343,Esteban Velásquez Núñez,Senador,1502,Miguel Ángel Becker Alvear,Senador,2,2026-07-15,2026-08-11
1325,Fabiola Campillai Rojas,Senador,1500,Danisa Astudillo Peiretti,Senador,2,2026-08-04,2026-08-10
1325,Fabiola Campillai Rojas,Senador,1502,Miguel Ángel Becker Alvear,Senador,2,2026-06-16,2026-08-11
1325,Fabiola Campillai Rojas,Senador,1333,Sebastián Keitel Bianchi,Senador,2,2026-06-16,2026-08-11
1239,Fabián Ossandón Briceño,Diputado,1240,Zandra Parisi Fernández,Diputado,2,2026-05-09,2026-06-19
1116,Felipe Camaño Cárdenas,Diputado,1175,Cristián Tapia Ramos,Diputado,2,2026-04-25,2026-07-24
1116,Felipe Camaño Cárdenas,Diputado,1210,Gustavo Gatica Villarroel,Diputado,2,2026-05-05,2026-07-24
1116,Felipe Camaño Cárdenas,Diputado,1178,Héctor Ulloa Aguilera,Diputado,2,2026-04-06,2026-06-05
1116,Felipe Camaño Cárdenas,Diputado,1213,Irací Hassler Jacob,Diputado,2,2026-05-29,2026-07-24
1116,Felipe Camaño Cárdenas,Diputado,1141,Luis Malla Valenzuela,Diputado,2,2026-05-05,2026-06-15
1116,Felipe Camaño Cárdenas,Diputado,1198,Paz Charpentier Rajcevich,Diputado,2,2026-06-22,2026-08-05
1116,Felipe Camaño Cárdenas,Diputado,1240,Zandra Parisi Fernández,Diputado,2,2026-06-22,2026-07-24
1248,Felipe Ross Correa,Diputado,1253,Fernando Ugarte Tejeda,Diputado,2,2026-07-06,2026-07-06
1248,Felipe Ross Correa,Diputado,1251,Macarena Santelices Cañas,Diputado,2,2026-07-06,2026-07-06
1253,Fernando Ugarte Tejeda,Diputado,1254,Ignacio Urcullú Clèment-Lund,Diputado,2,2026-06-16,2026-07-14
1329,Fidel Espinoza Sandoval,Senador,1503,Miguel Ángel Calisto Águila,Senador,2,2026-05-05,2026-06-16
1201,Flor Contreras Vivallo,Diputado,872,Jaime Mulet Martínez,Diputado,2,2026-05-06,2026-05-12
1054,Francesca Muñoz González,Diputado,1197,Carlos Chandía Alarcón,Diputado,2,2026-06-15,2026-06-26
1054,Francesca Muñoz González,Diputado,1227,Claudia Mora Vega,Diputado,2,2026-05-18,2026-06-26
1054,Francesca Muñoz González,Diputado,1175,Cristián Tapia Ramos,Diputado,2,2026-05-18,2026-06-15
1054,Francesca Muñoz González,Diputado,1255,Eileen Urqueta Rojas,Diputado,2,2026-05-04,2026-08-12
1054,Francesca Muñoz González,Diputado,1074,Marisela Santibáñez Novoa,Diputado,2,2026-05-04,2026-06-15
1054,Francesca Muñoz González,Diputado,1193,Patricio Briones Moller,Diputado,2,2026-06-15,2026-06-23
1054,Francesca Muñoz González,Diputado,1236,Paula Olmos Contreras,Diputado,2,2026-04-14,2026-06-02
1054,Francesca Muñoz González,Diputado,1228,Paulina Muñoz Minte,Diputado,2,2026-05-04,2026-05-18
1054,Francesca Muñoz González,Diputado,1217,Pier Karlezi Hazleby,Diputado,2,2026-04-14,2026-05-18
1054,Francesca Muñoz González,Diputado,843,René Manuel García García,Diputado,2,2026-05-18,2026-08-04
1054,Francesca Muñoz González,Diputado,1191,Valentina Becerra Peña,Diputado,2,2026-05-04,2026-08-12
1054,Francesca Muñoz González,Diputado,1231,Ximena Naranjo Pinto,Diputado,2,2026-04-14,2026-05-04
1204,Francisco Crisóstomo Llanos,Diputado,1206,Carolina Cucumides Calderón,Diputado,2,2026-07-06,2026-08-10
1204,Francisco Crisóstomo Llanos,Diputado,1252,Constanza Schonhaut Soto,Diputado,2,2026-07-07,2026-08-10
1204,Francisco Crisóstomo Llanos,Diputado,1239,Fabián Ossandón Briceño,Diputado,2,2026-06-10,2026-07-07
1204,Francisco Crisóstomo Llanos,Diputado,1246,José Antonio Rivas Villalobos,Diputado,2,2026-07-06,2026-07-13
1237,Francisco Orrego Gutiérrez,Diputado,986,Marcela Hernando Pérez,Diputado,2,2026-08-05,2026-08-11
1237,Francisco Orrego Gutiérrez,Diputado,1242,Rodrigo Ramírez Parra,Diputado,2,2026-06-17,2026-07-06
1237,Francisco Orrego Gutiérrez,Diputado,815,Sergio Bobadilla Muñoz,Diputado,2,2026-06-23,2026-07-20
1114,Félix Bugueño Sotelo,Diputado,1206,Carolina Cucumides Calderón,Diputado,2,2026-05-04,2026-06-16
1114,Félix Bugueño Sotelo,Diputado,1153,Coca Ericka Ñanco Vásquez,Diputado,2,2026-07-15,2026-07-22
1114,Félix Bugueño Sotelo,Diputado,1224,Cristian Mella Andaur,Diputado,2,2026-06-08,2026-08-05
1114,Félix Bugueño Sotelo,Diputado,1194,Daniel Bustos Leal,Diputado,2,2026-05-04,2026-06-29
1114,Félix Bugueño Sotelo,Diputado,1201,Flor Contreras Vivallo,Diputado,2,2026-05-12,2026-08-03
1114,Félix Bugueño Sotelo,Diputado,872,Jaime Mulet Martínez,Diputado,2,2026-05-04,2026-05-12
1114,Félix Bugueño Sotelo,Diputado,1246,José Antonio Rivas Villalobos,Diputado,2,2026-08-03,2026-08-11
1114,Félix Bugueño Sotelo,Diputado,1226,José Montalva Feuerhake,Diputado,2,2026-05-12,2026-06-10
1114,Félix Bugueño Sotelo,Diputado,1209,Matías Fernández Hartwig,Diputado,2,2026-06-16,2026-08-05
1114,Félix Bugueño Sotelo,Diputado,1236,Paula Olmos Contreras,Diputado,2,2026-05-12,2026-06-10
1087,Gael Yeomans Araya,Diputado,1224,Cristian Mella Andaur,Diputado,2,2026-06-12,2026-06-24
1087,Gael Yeomans Araya,Diputado,1114,Félix Bugueño Sotelo,Diputado,2,2026-07-15,2026-07-22
1087,Gael Yeomans Araya,Diputado,1105,Héctor Barría Angulo,Diputado,2,2026-06-12,2026-06-24
1087,Gael Yeomans Araya,Diputado,1213,Irací Hassler Jacob,Diputado,2,2026-04-07,2026-07-21
1087,Gael Yeomans Araya,Diputado,1146,José Carlos Meza Pereira,Diputado,2,2026-05-06,2026-07-30
1087,Gael Yeomans Araya,Diputado,1141,Luis Malla Valenzuela,Diputado,2,2026-05-15,2026-07-21
1087,Gael Yeomans Araya,Diputado,1107,María Francisca Bello Campos,Diputado,2,2026-04-28,2026-07-15
1087,Gael Yeomans Araya,Diputado,1209,Matías Fernández Hartwig,Diputado,2,2026-04-28,2026-07-27
1087,Gael Yeomans Araya,Diputado,1238,Álvaro Ortiz Vera,Diputado,2,2026-06-24,2026-07-21
1339,Gastón Saavedra Chandía,Senador,1341,Alejandra Sepúlveda Orbenes,Senador,2,2026-04-08,2026-05-06
1339,Gastón Saavedra Chandía,Senador,1501,Andrea Balladares Letelier,Senador,2,2026-05-05,2026-06-24
1339,Gastón Saavedra Chandía,Senador,1509,Diego Ibáñez Cotroneo,Senador,2,2026-07-14,2026-08-05
1339,Gastón Saavedra Chandía,Senador,1503,Miguel Ángel Calisto Águila,Senador,2,2026-04-15,2026-05-05
1152,Gloria Naveillan Arriagada,Diputado,1202,Eduardo Cretton Rebolledo,Diputado,2,2026-04-21,2026-07-07
1152,Gloria Naveillan Arriagada,Diputado,1234,Mario Olavarría Rodríguez,Diputado,2,2026-06-09,2026-08-11
1152,Gloria Naveillan Arriagada,Diputado,1219,Tomás Kast Sommerhoff,Diputado,2,2026-06-09,2026-08-05
1086,Gonzalo Winter Etcheberry,Diputado,1180,Consuelo Veloso Ávila,Diputado,2,2026-06-02,2026-06-11
1086,Gonzalo Winter Etcheberry,Diputado,1260,César Valenzuela Maass,Diputado,2,2026-06-02,2026-06-11
1086,Gonzalo Winter Etcheberry,Diputado,1099,Jaime Araya Guerrero,Diputado,2,2026-04-27,2026-06-02
1086,Gonzalo Winter Etcheberry,Diputado,1209,Matías Fernández Hartwig,Diputado,2,2026-04-27,2026-04-28
1065,Guillermo Ramírez Diez,Diputado,1214,Constanza Hube Portus,Diputado,2,2026-06-05,2026-06-08
1065,Guillermo Ramírez Diez,Diputado,1234,Mario Olavarría Rodríguez,Diputado,2,2026-04-29,2026-06-18
1065,Guillermo Ramírez Diez,Diputado,1249,Omar Sabat Guzmán,Diputado,2,2026-04-20,2026-04-28
1210,Gustavo Gatica Villarroel,Diputado,1222,Andrea Macías Palma,Diputado,2,2026-03-25,2026-08-11
1210,Gustavo Gatica Villarroel,Diputado,1224,Cristian Mella Andaur,Diputado,2,2026-06-08,2026-08-11
1210,Gustavo Gatica Villarroel,Diputado,1264,Fernando Zamorano Peralta,Diputado,2,2026-06-08,2026-08-11
1210,Gustavo Gatica Villarroel,Diputado,1246,José Antonio Rivas Villalobos,Diputado,2,2026-07-13,2026-08-11
1340,Gustavo Sanhueza Dueñas,Senador,1512,Andrés Longton Herrera,Senador,2,2026-04-08,2026-06-24
1340,Gustavo Sanhueza Dueñas,Senador,1505,Rodolfo Carter Fernández,Senador,2,2026-06-16,2026-06-24
1223,Hans Marowski Cuevas,Diputado,1251,Macarena Santelices Cañas,Diputado,2,2026-06-23,2026-07-21
1223,Hans Marowski Cuevas,Diputado,1249,Omar Sabat Guzmán,Diputado,2,2026-04-21,2026-06-18
1223,Hans Marowski Cuevas,Diputado,1243,Tamara Ramírez Ramírez,Diputado,2,2026-06-10,2026-06-23
1176,Hotuiti Teao Drago,Diputado,1195,Carlos Carvajal Gallardo,Diputado,2,2026-04-15,2026-06-17
1176,Hotuiti Teao Drago,Diputado,1197,Carlos Chandía Alarcón,Diputado,2,2026-06-08,2026-06-17
1176,Hotuiti Teao Drago,Diputado,1183,Flor Weisse Novoa,Diputado,2,2026-04-28,2026-06-18
1176,Hotuiti Teao Drago,Diputado,1193,Patricio Briones Moller,Diputado,2,2026-06-08,2026-07-06
1176,Hotuiti Teao Drago,Diputado,1182,Sebastián Videla Castillo,Diputado,2,2026-06-08,2026-06-17
1105,Héctor Barría Angulo,Diputado,1175,Cristián Tapia Ramos,Diputado,2,2026-05-12,2026-06-11
1105,Héctor Barría Angulo,Diputado,1116,Felipe Camaño Cárdenas,Diputado,2,2026-06-04,2026-06-24
1105,Héctor Barría Angulo,Diputado,1114,Félix Bugueño Sotelo,Diputado,2,2026-05-04,2026-05-12
1105,Héctor Barría Angulo,Diputado,872,Jaime Mulet Martínez,Diputado,2,2026-05-04,2026-05-12
1105,Héctor Barría Angulo,Diputado,1229,Javier Muñoz Riquelme,Diputado,2,2026-06-04,2026-07-11
1105,Héctor Barría Angulo,Diputado,1236,Paula Olmos Contreras,Diputado,2,2026-05-06,2026-05-12
1105,Héctor Barría Angulo,Diputado,1196,Priscilla Castillo Gerli,Diputado,2,2026-06-04,2026-07-11
1178,Héctor Ulloa Aguilera,Diputado,1224,Cristian Mella Andaur,Diputado,2,2026-06-12,2026-07-08
1178,Héctor Ulloa Aguilera,Diputado,1251,Macarena Santelices Cañas,Diputado,2,2026-05-06,2026-06-26
1178,Héctor Ulloa Aguilera,Diputado,1181,Nelson Venegas Salazar,Diputado,2,2026-07-16,2026-07-20
1178,Héctor Ulloa Aguilera,Diputado,1211,Sofía González Cortés,Diputado,2,2026-06-12,2026-07-30
1178,Héctor Ulloa Aguilera,Diputado,1243,Tamara Ramírez Ramírez,Diputado,2,2026-07-20,2026-07-30
1186,Ignacio Achurra Díaz,Diputado,1252,Constanza Schonhaut Soto,Diputado,2,2026-07-07,2026-07-27
1186,Ignacio Achurra Díaz,Diputado,986,Marcela Hernando Pérez,Diputado,2,2026-05-13,2026-07-07
1186,Ignacio Achurra Díaz,Diputado,1241,Patricio Pinilla Valencia,Diputado,2,2026-07-07,2026-07-27
1213,Irací Hassler Jacob,Diputado,1227,Claudia Mora Vega,Diputado,2,2026-06-08,2026-07-21
1213,Irací Hassler Jacob,Diputado,1224,Cristian Mella Andaur,Diputado,2,2026-06-08,2026-06-16
1213,Irací Hassler Jacob,Diputado,1234,Mario Olavarría Rodríguez,Diputado,2,2026-05-31,2026-06-08
1213,Irací Hassler Jacob,Diputado,1243,Tamara Ramírez Ramírez,Diputado,2,2026-06-08,2026-06-19
1213,Irací Hassler Jacob,Diputado,1240,Zandra Parisi Fernández,Diputado,2,2026-06-19,2026-07-24
1330,Iván Flores García,Senador,1512,Andrés Longton Herrera,Senador,2,2026-06-16,2026-07-14
1330,Iván Flores García,Senador,1508,Camila Flores Oporto,Senador,2,2026-04-22,2026-06-10
1330,Iván Flores García,Senador,1518,Cristian Vial Maceratta,Senador,2,2026-06-24,2026-07-14
1330,Iván Flores García,Senador,1331,Sergio Gahona Salazar,Senador,2,2026-08-04,2026-08-05
1117,Iván Moreira Barros,Senador,1327,Luciano Cruz-Coke Carvallo,Senador,2,2026-03-24,2026-06-24
1117,Iván Moreira Barros,Senador,1503,Miguel Ángel Calisto Águila,Senador,2,2026-04-15,2026-08-04
1117,Iván Moreira Barros,Senador,1516,Renzo Trisotti Martínez,Senador,2,2026-07-08,2026-07-08
1117,Iván Moreira Barros,Senador,1224,Ximena Ordenes Neira,Senador,2,2026-06-24,2026-07-22
1099,Jaime Araya Guerrero,Diputado,1250,Bernardo Salinas Maya,Diputado,2,2026-08-11,2026-08-14
1099,Jaime Araya Guerrero,Diputado,1104,Chiara Barchiesi Chávez,Diputado,2,2026-05-13,2026-05-13
1099,Jaime Araya Guerrero,Diputado,1190,Enrique Bassaletti Riess,Diputado,2,2026-08-07,2026-08-11
1099,Jaime Araya Guerrero,Diputado,1116,Felipe Camaño Cárdenas,Diputado,2,2026-05-05,2026-08-06
1099,Jaime Araya Guerrero,Diputado,1210,Gustavo Gatica Villarroel,Diputado,2,2026-05-05,2026-08-11
1099,Jaime Araya Guerrero,Diputado,1208,Jorge Díaz Ibarra,Diputado,2,2026-05-05,2026-05-13
1099,Jaime Araya Guerrero,Diputado,1246,José Antonio Rivas Villalobos,Diputado,2,2026-08-11,2026-08-14
1099,Jaime Araya Guerrero,Diputado,1108,Juan Carlos Beltrán Silva,Diputado,2,2026-06-28,2026-08-07
1099,Jaime Araya Guerrero,Diputado,1259,Juan Marcelo Valenzuela Henríquez,Diputado,2,2026-05-13,2026-06-02
1099,Jaime Araya Guerrero,Diputado,1240,Zandra Parisi Fernández,Diputado,2,2026-04-27,2026-05-28
1189,Jaime Bassa Mercado,Diputado,1250,Bernardo Salinas Maya,Diputado,2,2026-06-12,2026-08-12
1189,Jaime Bassa Mercado,Diputado,1224,Cristian Mella Andaur,Diputado,2,2026-04-15,2026-06-16
1189,Jaime Bassa Mercado,Diputado,1210,Gustavo Gatica Villarroel,Diputado,2,2026-07-13,2026-07-24
1189,Jaime Bassa Mercado,Diputado,1213,Irací Hassler Jacob,Diputado,2,2026-06-16,2026-07-24
1189,Jaime Bassa Mercado,Diputado,1246,José Antonio Rivas Villalobos,Diputado,2,2026-07-13,2026-08-12
1189,Jaime Bassa Mercado,Diputado,1263,Sebastián Zamora Soto,Diputado,2,2026-04-15,2026-06-15
1189,Jaime Bassa Mercado,Diputado,1207,Valentina Cáceres Monsálvez,Diputado,2,2026-07-22,2026-08-12
1199,Jaime Coloma Álamos,Diputado,1237,Francisco Orrego Gutiérrez,Diputado,2,2026-06-05,2026-07-07
1335,Javier Macaya Danús,Senador,1342,Enrique Van Rysselberghe Herrera,Senador,2,2026-04-08,2026-05-20
1335,Javier Macaya Danús,Senador,1450,Paulina Vodanovic Rojas,Senador,2,2026-06-30,2026-07-03
1235,Javier Olivares Avendaño,Diputado,1255,Eileen Urqueta Rojas,Diputado,2,2026-05-09,2026-05-12
1235,Javier Olivares Avendaño,Diputado,1248,Felipe Ross Correa,Diputado,2,2026-06-09,2026-07-06
1235,Javier Olivares Avendaño,Diputado,1249,Omar Sabat Guzmán,Diputado,2,2026-04-21,2026-06-18
1148,Javiera Morales Alvarado,Diputado,1222,Andrea Macías Palma,Diputado,2,2026-03-25,2026-05-26
1148,Javiera Morales Alvarado,Diputado,1256,Tatiana Urrutia Herrera,Diputado,2,2026-05-26,2026-07-15
1247,Javiera Rodríguez Pascual,Diputado,1262,Diego Vergara Rodríguez,Diputado,2,2026-06-23,2026-07-09
1247,Javiera Rodríguez Pascual,Diputado,1255,Eileen Urqueta Rojas,Diputado,2,2026-05-04,2026-06-09
1062,Joanna Pérez Olea,Diputado,1261,Daniel Valenzuela Salazar,Diputado,2,2026-07-06,2026-08-04
1062,Joanna Pérez Olea,Diputado,872,Jaime Mulet Martínez,Diputado,2,2026-06-22,2026-08-05
1062,Joanna Pérez Olea,Diputado,1229,Javier Muñoz Riquelme,Diputado,2,2026-06-29,2026-08-05
1062,Joanna Pérez Olea,Diputado,1235,Javier Olivares Avendaño,Diputado,2,2026-04-21,2026-06-09
1062,Joanna Pérez Olea,Diputado,1208,Jorge Díaz Ibarra,Diputado,2,2026-05-13,2026-07-20
1062,Joanna Pérez Olea,Diputado,1132,Jorge Guzmán Zepeda,Diputado,2,2026-06-22,2026-07-06
1062,Joanna Pérez Olea,Diputado,1108,Juan Carlos Beltrán Silva,Diputado,2,2026-06-19,2026-08-10
1062,Joanna Pérez Olea,Diputado,1141,Luis Malla Valenzuela,Diputado,2,2026-05-13,2026-08-11
1062,Joanna Pérez Olea,Diputado,1234,Mario Olavarría Rodríguez,Diputado,2,2026-06-09,2026-07-20
1062,Joanna Pérez Olea,Diputado,1074,Marisela Santibáñez Novoa,Diputado,2,2026-04-21,2026-05-31
1009,Jorge Alessandri Vergara,Diputado,1257,Alejandra Valdebenito Torres,Diputado,2,2026-06-18,2026-08-04
1009,Jorge Alessandri Vergara,Diputado,1143,Cristóbal Martínez Ramírez,Diputado,2,2026-06-01,2026-08-04
1009,Jorge Alessandri Vergara,Diputado,1190,Enrique Bassaletti Riess,Diputado,2,2026-07-01,2026-07-06
1009,Jorge Alessandri Vergara,Diputado,1248,Felipe Ross Correa,Diputado,2,2026-06-05,2026-07-06
1009,Jorge Alessandri Vergara,Diputado,1183,Flor Weisse Novoa,Diputado,2,2026-06-18,2026-08-04
1009,Jorge Alessandri Vergara,Diputado,1237,Francisco Orrego Gutiérrez,Diputado,2,2026-06-05,2026-07-01
1009,Jorge Alessandri Vergara,Diputado,1235,Javier Olivares Avendaño,Diputado,2,2026-07-01,2026-07-06
1009,Jorge Alessandri Vergara,Diputado,1234,Mario Olavarría Rodríguez,Diputado,2,2026-06-01,2026-06-18
1009,Jorge Alessandri Vergara,Diputado,815,Sergio Bobadilla Muñoz,Diputado,2,2026-06-18,2026-08-04
1015,Jorge Brito Hasbún,Diputado,1205,Carlos Cuadrado Prats,Diputado,2,2026-06-02,2026-07-28
1015,Jorge Brito Hasbún,Diputado,1153,Coca Ericka Ñanco Vásquez,Diputado,2,2026-05-18,2026-07-22
1015,Jorge Brito Hasbún,Diputado,1180,Consuelo Veloso Ávila,Diputado,2,2026-05-18,2026-07-22
1015,Jorge Brito Hasbún,Diputado,1171,Emilia Schneider Videla,Diputado,2,2026-05-18,2026-07-22
1015,Jorge Brito Hasbún,Diputado,1087,Gael Yeomans Araya,Diputado,2,2026-05-18,2026-07-22
1015,Jorge Brito Hasbún,Diputado,1207,Valentina Cáceres Monsálvez,Diputado,2,2026-05-18,2026-07-22
1208,Jorge Díaz Ibarra,Diputado,1227,Claudia Mora Vega,Diputado,2,2026-07-14,2026-07-20
1208,Jorge Díaz Ibarra,Diputado,1259,Juan Marcelo Valenzuela Henríquez,Diputado,2,2026-05-13,2026-06-24
1208,Jorge Díaz Ibarra,Diputado,1236,Paula Olmos Contreras,Diputado,2,2026-07-14,2026-07-24
1208,Jorge Díaz Ibarra,Diputado,1215,Álvaro Jofré Cáceres,Diputado,2,2026-05-13,2026-07-14
1132,Jorge Guzmán Zepeda,Diputado,1197,Carlos Chandía Alarcón,Diputado,2,2026-06-04,2026-07-06
1132,Jorge Guzmán Zepeda,Diputado,1205,Carlos Cuadrado Prats,Diputado,2,2026-06-03,2026-06-22
1132,Jorge Guzmán Zepeda,Diputado,1175,Cristián Tapia Ramos,Diputado,2,2026-05-12,2026-06-04
1132,Jorge Guzmán Zepeda,Diputado,1237,Francisco Orrego Gutiérrez,Diputado,2,2026-05-05,2026-07-06
1132,Jorge Guzmán Zepeda,Diputado,1223,Hans Marowski Cuevas,Diputado,2,2026-06-16,2026-06-18
1132,Jorge Guzmán Zepeda,Diputado,872,Jaime Mulet Martínez,Diputado,2,2026-05-12,2026-06-22
1132,Jorge Guzmán Zepeda,Diputado,1192,Lilian Betancurt Delgado,Diputado,2,2026-06-16,2026-08-12
1132,Jorge Guzmán Zepeda,Diputado,1251,Macarena Santelices Cañas,Diputado,2,2026-06-03,2026-08-04
1132,Jorge Guzmán Zepeda,Diputado,1234,Mario Olavarría Rodríguez,Diputado,2,2026-05-12,2026-06-03
1132,Jorge Guzmán Zepeda,Diputado,1249,Omar Sabat Guzmán,Diputado,2,2026-06-03,2026-06-18
1132,Jorge Guzmán Zepeda,Diputado,1217,Pier Karlezi Hazleby,Diputado,2,2026-06-16,2026-07-24
1132,Jorge Guzmán Zepeda,Diputado,1242,Rodrigo Ramírez Parra,Diputado,2,2026-05-12,2026-07-06
1218,José Antonio Kast Adriasola,Diputado,1244,Claudia Reyes Larenas,Diputado,2,2026-06-16,2026-07-09
1218,José Antonio Kast Adriasola,Diputado,1248,Felipe Ross Correa,Diputado,2,2026-06-05,2026-07-06
1246,José Antonio Rivas Villalobos,Diputado,1260,César Valenzuela Maass,Diputado,2,2026-06-22,2026-07-29
1246,José Antonio Rivas Villalobos,Diputado,1261,Daniel Valenzuela Salazar,Diputado,2,2026-08-10,2026-08-12
1146,José Carlos Meza Pereira,Diputado,1211,Sofía González Cortés,Diputado,2,2026-05-06,2026-07-30
1226,José Montalva Feuerhake,Diputado,1236,Paula Olmos Contreras,Diputado,2,2026-05-12,2026-06-10
1108,Juan Carlos Beltrán Silva,Diputado,1235,Javier Olivares Avendaño,Diputado,2,2026-06-02,2026-06-05
1108,Juan Carlos Beltrán Silva,Diputado,1251,Macarena Santelices Cañas,Diputado,2,2026-06-03,2026-06-26
1108,Juan Carlos Beltrán Silva,Diputado,1193,Patricio Briones Moller,Diputado,2,2026-06-02,2026-07-31
1108,Juan Carlos Beltrán Silva,Diputado,1215,Álvaro Jofré Cáceres,Diputado,2,2026-06-03,2026-06-05
1133,Juan Irarrázaval Rossel,Diputado,1184,Roberto Celedón Fernández,Diputado,2,2026-06-02,2026-06-23
1133,Juan Irarrázaval Rossel,Diputado,1240,Zandra Parisi Fernández,Diputado,2,2026-06-02,2026-08-04
1326,Juan Luis Castro González,Senador,911,Carlos Ignacio Kuschel Silva,Senador,2,2026-06-03,2026-06-10
1326,Juan Luis Castro González,Senador,1336,Daniel Núñez Arancibia,Senador,2,2026-05-19,2026-05-19
1326,Juan Luis Castro González,Senador,1507,Daniella Cicardini Milla,Senador,2,2026-08-19,2026-08-19
1326,Juan Luis Castro González,Senador,1329,Fidel Espinoza Sandoval,Senador,2,2026-05-19,2026-05-19
1326,Juan Luis Castro González,Senador,1330,Iván Flores García,Senador,2,2026-06-10,2026-06-16
1326,Juan Luis Castro González,Senador,1504,Karol Cariola Oliva,Senador,2,2026-03-18,2026-04-07
1326,Juan Luis Castro González,Senador,1510,Vanessa Kaiser Barents-Von Hohenhagen,Senador,2,2026-06-03,2026-07-21
1259,Juan Marcelo Valenzuela Henríquez,Diputado,1260,César Valenzuela Maass,Diputado,2,2026-06-02,2026-06-12
1073,Juan Santana Castillo,Diputado,1213,Irací Hassler Jacob,Diputado,2,2026-04-07,2026-04-15
1073,Juan Santana Castillo,Diputado,1226,José Montalva Feuerhake,Diputado,2,2026-06-10,2026-07-21
1073,Juan Santana Castillo,Diputado,1117,Nathalie Castillo Rojas,Diputado,2,2026-06-08,2026-08-11
1073,Juan Santana Castillo,Diputado,1236,Paula Olmos Contreras,Diputado,2,2026-06-08,2026-06-10
1073,Juan Santana Castillo,Diputado,1211,Sofía González Cortés,Diputado,2,2026-05-06,2026-08-11
1324,Karim Bianchi Retamales,Senador,1515,Arturo Squella Ovalle,Senador,2,2026-06-30,2026-07-07
1324,Karim Bianchi Retamales,Senador,1511,Enrique Lee Flores,Senador,2,2026-05-20,2026-07-07
1324,Karim Bianchi Retamales,Senador,1326,Juan Luis Castro González,Senador,2,2026-06-09,2026-06-10
1324,Karim Bianchi Retamales,Senador,1502,Miguel Ángel Becker Alvear,Senador,2,2026-07-07,2026-07-07
1504,Karol Cariola Oliva,Senador,1511,Enrique Lee Flores,Senador,2,2026-03-18,2026-04-07
1220,Leandro Kunstmann Collado,Diputado,1245,Alejandro Riquelme Ducci,Diputado,2,2026-06-16,2026-08-07
1192,Lilian Betancurt Delgado,Diputado,1259,Juan Marcelo Valenzuela Henríquez,Diputado,2,2026-06-10,2026-07-23
1192,Lilian Betancurt Delgado,Diputado,1217,Pier Karlezi Hazleby,Diputado,2,2026-06-16,2026-06-25
1192,Lilian Betancurt Delgado,Diputado,1219,Tomás Kast Sommerhoff,Diputado,2,2026-06-16,2026-06-25
1192,Lilian Betancurt Delgado,Diputado,1240,Zandra Parisi Fernández,Diputado,2,2026-07-23,2026-07-31
1127,Lorena Fries Monleón,Diputado,1128,Ana María Gazmuri Vieira,Diputado,2,2026-04-27,2026-05-26
1127,Lorena Fries Monleón,Diputado,1252,Constanza Schonhaut Soto,Diputado,2,2026-05-26,2026-07-22
1127,Lorena Fries Monleón,Diputado,1224,Cristian Mella Andaur,Diputado,2,2026-03-27,2026-04-27
1127,Lorena Fries Monleón,Diputado,1171,Emilia Schneider Videla,Diputado,2,2026-03-25,2026-07-22
1127,Lorena Fries Monleón,Diputado,1148,Javiera Morales Alvarado,Diputado,2,2026-03-25,2026-05-26
1127,Lorena Fries Monleón,Diputado,1209,Matías Fernández Hartwig,Diputado,2,2026-03-25,2026-04-27
1127,Lorena Fries Monleón,Diputado,1241,Patricio Pinilla Valencia,Diputado,2,2026-07-14,2026-07-14
1127,Lorena Fries Monleón,Diputado,1243,Tamara Ramírez Ramírez,Diputado,2,2026-07-14,2026-07-14
1159,Lorena Pizarro Sierra,Diputado,1173,Daniela Serrano Salazar,Diputado,2,2026-08-05,2026-08-12
1159,Lorena Pizarro Sierra,Diputado,1213,Irací Hassler Jacob,Diputado,2,2026-06-16,2026-08-12
1159,Lorena Pizarro Sierra,Diputado,1189,Jaime Bassa Mercado,Diputado,2,2026-06-12,2026-06-16
1320,Loreto Carvajal Ambiado,Senador,1342,Enrique Van Rysselberghe Herrera,Senador,2,2026-06-17,2026-08-10
1320,Loreto Carvajal Ambiado,Senador,1325,Fabiola Campillai Rojas,Senador,2,2026-08-04,2026-08-10
1327,Luciano Cruz-Coke Carvallo,Senador,1512,Andrés Longton Herrera,Senador,2,2026-04-08,2026-06-17
1327,Luciano Cruz-Coke Carvallo,Senador,1338,Claudia Pascual Grau,Senador,2,2026-03-24,2026-07-14
1327,Luciano Cruz-Coke Carvallo,Senador,1337,Paulina Núñez Urrutia,Senador,2,2026-03-24,2026-06-24
1122,Luis Alberto Cuello Peña y Lillo,Diputado,1250,Bernardo Salinas Maya,Diputado,2,2026-06-12,2026-08-05
1122,Luis Alberto Cuello Peña y Lillo,Diputado,1195,Carlos Carvajal Gallardo,Diputado,2,2026-04-15,2026-06-17
1122,Luis Alberto Cuello Peña y Lillo,Diputado,1224,Cristian Mella Andaur,Diputado,2,2026-04-15,2026-06-12
1122,Luis Alberto Cuello Peña y Lillo,Diputado,1176,Hotuiti Teao Drago,Diputado,2,2026-04-15,2026-06-17
1122,Luis Alberto Cuello Peña y Lillo,Diputado,1213,Irací Hassler Jacob,Diputado,2,2026-04-07,2026-04-15
1122,Luis Alberto Cuello Peña y Lillo,Diputado,1189,Jaime Bassa Mercado,Diputado,2,2026-04-15,2026-06-12
1122,Luis Alberto Cuello Peña y Lillo,Diputado,1146,José Carlos Meza Pereira,Diputado,2,2026-05-06,2026-07-30
1122,Luis Alberto Cuello Peña y Lillo,Diputado,1159,Lorena Pizarro Sierra,Diputado,2,2026-06-12,2026-08-05
1122,Luis Alberto Cuello Peña y Lillo,Diputado,1188,Marcos Barraza Gómez,Diputado,2,2026-04-07,2026-06-08
1122,Luis Alberto Cuello Peña y Lillo,Diputado,1182,Sebastián Videla Castillo,Diputado,2,2026-05-13,2026-06-17
1122,Luis Alberto Cuello Peña y Lillo,Diputado,1243,Tamara Ramírez Ramírez,Diputado,2,2026-07-20,2026-07-30
1141,Luis Malla Valenzuela,Diputado,1230,Alex Nahuelquin Nahuelquin,Diputado,2,2026-08-11,2026-08-12
1141,Luis Malla Valenzuela,Diputado,1187,Carlo Arqueros Pizarro,Diputado,2,2026-07-14,2026-08-11
1141,Luis Malla Valenzuela,Diputado,1227,Claudia Mora Vega,Diputado,2,2026-07-14,2026-07-21
1141,Luis Malla Valenzuela,Diputado,1224,Cristian Mella Andaur,Diputado,2,2026-04-27,2026-06-15
1141,Luis Malla Valenzuela,Diputado,1210,Gustavo Gatica Villarroel,Diputado,2,2026-05-05,2026-07-21
1141,Luis Malla Valenzuela,Diputado,1226,José Montalva Feuerhake,Diputado,2,2026-04-27,2026-05-15
1060,Luis Pardo Sáinz,Diputado,1104,Chiara Barchiesi Chávez,Diputado,2,2026-05-13,2026-06-09
1060,Luis Pardo Sáinz,Diputado,1190,Enrique Bassaletti Riess,Diputado,2,2026-06-09,2026-07-29
1060,Luis Pardo Sáinz,Diputado,1065,Guillermo Ramírez Diez,Diputado,2,2026-05-13,2026-06-22
1060,Luis Pardo Sáinz,Diputado,1223,Hans Marowski Cuevas,Diputado,2,2026-07-20,2026-07-29
1060,Luis Pardo Sáinz,Diputado,1235,Javier Olivares Avendaño,Diputado,2,2026-07-20,2026-07-29
1060,Luis Pardo Sáinz,Diputado,1132,Jorge Guzmán Zepeda,Diputado,2,2026-06-17,2026-06-22
1060,Luis Pardo Sáinz,Diputado,1170,Luis Sánchez Ossa,Diputado,2,2026-07-20,2026-07-29
1060,Luis Pardo Sáinz,Diputado,1233,Ricardo Neumann Bertín,Diputado,2,2026-05-13,2026-06-23
1060,Luis Pardo Sáinz,Diputado,1263,Sebastián Zamora Soto,Diputado,2,2026-07-20,2026-07-29
1060,Luis Pardo Sáinz,Diputado,815,Sergio Bobadilla Muñoz,Diputado,2,2026-06-23,2026-07-20
1170,Luis Sánchez Ossa,Diputado,1237,Francisco Orrego Gutiérrez,Diputado,2,2026-06-10,2026-07-20
1251,Macarena Santelices Cañas,Diputado,1257,Alejandra Valdebenito Torres,Diputado,2,2026-05-29,2026-06-16
1251,Macarena Santelices Cañas,Diputado,1253,Fernando Ugarte Tejeda,Diputado,2,2026-07-06,2026-07-06
1251,Macarena Santelices Cañas,Diputado,843,René Manuel García García,Diputado,2,2026-06-03,2026-08-04
1120,Manuel José Ossandón Irarrázabal,Senador,1334,Alejandro Kusanovic Glusevic,Senador,2,2026-03-25,2026-03-25
1120,Manuel José Ossandón Irarrázabal,Senador,911,Carlos Ignacio Kuschel Silva,Senador,2,2026-06-23,2026-07-07
1120,Manuel José Ossandón Irarrázabal,Senador,1330,Iván Flores García,Senador,2,2026-03-25,2026-03-25
1120,Manuel José Ossandón Irarrázabal,Senador,1324,Karim Bianchi Retamales,Senador,2,2026-07-07,2026-07-07
1120,Manuel José Ossandón Irarrázabal,Senador,1450,Paulina Vodanovic Rojas,Senador,2,2026-05-19,2026-07-07
1174,Marco Antonio Sulantay Olivares,Diputado,1197,Carlos Chandía Alarcón,Diputado,2,2026-06-04,2026-06-15
1174,Marco Antonio Sulantay Olivares,Diputado,1214,Constanza Hube Portus,Diputado,2,2026-06-05,2026-06-08
1174,Marco Antonio Sulantay Olivares,Diputado,1175,Cristián Tapia Ramos,Diputado,2,2026-06-04,2026-06-15
1174,Marco Antonio Sulantay Olivares,Diputado,1193,Patricio Briones Moller,Diputado,2,2026-06-04,2026-06-15
1188,Marcos Barraza Gómez,Diputado,1250,Bernardo Salinas Maya,Diputado,2,2026-04-20,2026-08-12
1188,Marcos Barraza Gómez,Diputado,1206,Carolina Cucumides Calderón,Diputado,2,2026-04-20,2026-08-11
1188,Marcos Barraza Gómez,Diputado,1260,César Valenzuela Maass,Diputado,2,2026-06-22,2026-07-29
1188,Marcos Barraza Gómez,Diputado,1210,Gustavo Gatica Villarroel,Diputado,2,2026-04-20,2026-08-12
1188,Marcos Barraza Gómez,Diputado,1189,Jaime Bassa Mercado,Diputado,2,2026-06-16,2026-07-28
1188,Marcos Barraza Gómez,Diputado,872,Jaime Mulet Martínez,Diputado,2,2026-07-14,2026-07-14
1188,Marcos Barraza Gómez,Diputado,1243,Tamara Ramírez Ramírez,Diputado,2,2026-07-14,2026-07-14
1038,Marcos Ilabaca Cerda,Diputado,1153,Coca Ericka Ñanco Vásquez,Diputado,2,2026-07-14,2026-07-14
1038,Marcos Ilabaca Cerda,Diputado,1087,Gael Yeomans Araya,Diputado,2,2026-07-14,2026-07-14
1038,Marcos Ilabaca Cerda,Diputado,872,Jaime Mulet Martínez,Diputado,2,2026-07-14,2026-07-14
1038,Marcos Ilabaca Cerda,Diputado,1243,Tamara Ramírez Ramírez,Diputado,2,2026-07-14,2026-07-14
1234,Mario Olavarría Rodríguez,Diputado,1248,Felipe Ross Correa,Diputado,2,2026-06-09,2026-07-20
1234,Mario Olavarría Rodríguez,Diputado,1235,Javier Olivares Avendaño,Diputado,2,2026-05-12,2026-06-09
1074,Marisela Santibáñez Novoa,Diputado,1250,Bernardo Salinas Maya,Diputado,2,2026-08-05,2026-08-12
1074,Marisela Santibáñez Novoa,Diputado,1195,Carlos Carvajal Gallardo,Diputado,2,2026-04-15,2026-06-04
1074,Marisela Santibáñez Novoa,Diputado,1177,Carolina Tello Rojas,Diputado,2,2026-04-21,2026-05-31
1074,Marisela Santibáñez Novoa,Diputado,1227,Claudia Mora Vega,Diputado,2,2026-06-09,2026-06-22
1074,Marisela Santibáñez Novoa,Diputado,1224,Cristian Mella Andaur,Diputado,2,2026-04-15,2026-06-04
1074,Marisela Santibáñez Novoa,Diputado,1175,Cristián Tapia Ramos,Diputado,2,2026-06-04,2026-06-15
1074,Marisela Santibáñez Novoa,Diputado,1173,Daniela Serrano Salazar,Diputado,2,2026-08-05,2026-08-12
1074,Marisela Santibáñez Novoa,Diputado,1255,Eileen Urqueta Rojas,Diputado,2,2026-05-04,2026-06-09
1074,Marisela Santibáñez Novoa,Diputado,1239,Fabián Ossandón Briceño,Diputado,2,2026-05-31,2026-06-19
1074,Marisela Santibáñez Novoa,Diputado,1116,Felipe Camaño Cárdenas,Diputado,2,2026-06-22,2026-07-24
1074,Marisela Santibáñez Novoa,Diputado,1087,Gael Yeomans Araya,Diputado,2,2026-05-06,2026-06-15
1074,Marisela Santibáñez Novoa,Diputado,1210,Gustavo Gatica Villarroel,Diputado,2,2026-07-24,2026-08-12
1074,Marisela Santibáñez Novoa,Diputado,1176,Hotuiti Teao Drago,Diputado,2,2026-04-15,2026-06-08
1074,Marisela Santibáñez Novoa,Diputado,1235,Javier Olivares Avendaño,Diputado,2,2026-04-21,2026-06-19
1074,Marisela Santibáñez Novoa,Diputado,1247,Javiera Rodríguez Pascual,Diputado,2,2026-05-04,2026-06-09
1074,Marisela Santibáñez Novoa,Diputado,1132,Jorge Guzmán Zepeda,Diputado,2,2026-06-04,2026-07-24
1074,Marisela Santibáñez Novoa,Diputado,1159,Lorena Pizarro Sierra,Diputado,2,2026-08-05,2026-08-12
1074,Marisela Santibáñez Novoa,Diputado,1174,Marco Antonio Sulantay Olivares,Diputado,2,2026-06-04,2026-06-15
1074,Marisela Santibáñez Novoa,Diputado,1117,Nathalie Castillo Rojas,Diputado,2,2026-08-05,2026-08-12
1074,Marisela Santibáñez Novoa,Diputado,1217,Pier Karlezi Hazleby,Diputado,2,2026-04-21,2026-07-24
1074,Marisela Santibáñez Novoa,Diputado,1263,Sebastián Zamora Soto,Diputado,2,2026-04-15,2026-06-15
1074,Marisela Santibáñez Novoa,Diputado,1243,Tamara Ramírez Ramírez,Diputado,2,2026-06-09,2026-06-19
1074,Marisela Santibáñez Novoa,Diputado,1191,Valentina Becerra Peña,Diputado,2,2026-05-04,2026-06-22
1074,Marisela Santibáñez Novoa,Diputado,1231,Ximena Naranjo Pinto,Diputado,2,2026-05-04,2026-06-09
1157,Marlene Pérez Cartes,Diputado,1214,Constanza Hube Portus,Diputado,2,2026-06-02,2026-06-08
1157,Marlene Pérez Cartes,Diputado,1190,Enrique Bassaletti Riess,Diputado,2,2026-07-14,2026-07-14
1157,Marlene Pérez Cartes,Diputado,1251,Macarena Santelices Cañas,Diputado,2,2026-08-05,2026-08-11
1107,María Francisca Bello Campos,Diputado,1222,Andrea Macías Palma,Diputado,2,2026-05-26,2026-08-11
1107,María Francisca Bello Campos,Diputado,1153,Coca Ericka Ñanco Vásquez,Diputado,2,2026-04-28,2026-07-15
1107,María Francisca Bello Campos,Diputado,1252,Constanza Schonhaut Soto,Diputado,2,2026-04-28,2026-05-26
1107,María Francisca Bello Campos,Diputado,1114,Félix Bugueño Sotelo,Diputado,2,2026-05-04,2026-07-15
1107,María Francisca Bello Campos,Diputado,1210,Gustavo Gatica Villarroel,Diputado,2,2026-06-08,2026-08-11
1107,María Francisca Bello Campos,Diputado,1148,Javiera Morales Alvarado,Diputado,2,2026-05-26,2026-07-15
1107,María Francisca Bello Campos,Diputado,1208,Jorge Díaz Ibarra,Diputado,2,2026-04-06,2026-05-13
1107,María Francisca Bello Campos,Diputado,1207,Valentina Cáceres Monsálvez,Diputado,2,2026-04-28,2026-07-15
1332,María José Gatica Bertin,Senador,911,Carlos Ignacio Kuschel Silva,Senador,2,2026-07-07,2026-08-19
1332,María José Gatica Bertin,Senador,1339,Gastón Saavedra Chandía,Senador,2,2026-07-07,2026-07-14
1332,María José Gatica Bertin,Senador,1344,Matías Walker Prieto,Senador,2,2026-07-07,2026-07-14
1332,María José Gatica Bertin,Senador,1510,Vanessa Kaiser Barents-Von Hohenhagen,Senador,2,2026-05-06,2026-05-20
1209,Matías Fernández Hartwig,Diputado,1252,Constanza Schonhaut Soto,Diputado,2,2026-04-28,2026-07-27
1209,Matías Fernández Hartwig,Diputado,1256,Tatiana Urrutia Herrera,Diputado,2,2026-04-28,2026-07-27
1344,Matías Walker Prieto,Senador,911,Carlos Ignacio Kuschel Silva,Senador,2,2026-04-15,2026-07-07
1344,Matías Walker Prieto,Senador,1506,Ricardo Celis Araya,Senador,2,2026-07-14,2026-08-12
1131,Mauro González Villarroel,Diputado,1177,Carolina Tello Rojas,Diputado,2,2026-04-15,2026-05-31
1131,Mauro González Villarroel,Diputado,1152,Gloria Naveillan Arriagada,Diputado,2,2026-07-07,2026-08-07
1131,Mauro González Villarroel,Diputado,843,René Manuel García García,Diputado,2,2026-05-05,2026-07-06
1502,Miguel Ángel Becker Alvear,Senador,1503,Miguel Ángel Calisto Águila,Senador,2,2026-05-19,2026-06-24
1502,Miguel Ángel Becker Alvear,Senador,1510,Vanessa Kaiser Barents-Von Hohenhagen,Senador,2,2026-06-03,2026-07-21
1503,Miguel Ángel Calisto Águila,Senador,911,Carlos Ignacio Kuschel Silva,Senador,2,2026-06-16,2026-08-04
1166,Natalia Romero Talguia,Diputado,1214,Constanza Hube Portus,Diputado,2,2026-06-05,2026-06-08
1166,Natalia Romero Talguia,Diputado,1176,Hotuiti Teao Drago,Diputado,2,2026-04-28,2026-04-29
1166,Natalia Romero Talguia,Diputado,843,René Manuel García García,Diputado,2,2026-05-18,2026-07-07
1117,Nathalie Castillo Rojas,Diputado,1180,Consuelo Veloso Ávila,Diputado,2,2026-05-04,2026-07-29
1117,Nathalie Castillo Rojas,Diputado,1255,Eileen Urqueta Rojas,Diputado,2,2026-05-04,2026-06-17
1117,Nathalie Castillo Rojas,Diputado,872,Jaime Mulet Martínez,Diputado,2,2026-05-04,2026-05-28
1117,Nathalie Castillo Rojas,Diputado,1246,José Antonio Rivas Villalobos,Diputado,2,2026-07-29,2026-08-14
1117,Nathalie Castillo Rojas,Diputado,986,Marcela Hernando Pérez,Diputado,2,2026-06-17,2026-07-07
1117,Nathalie Castillo Rojas,Diputado,1241,Patricio Pinilla Valencia,Diputado,2,2026-06-08,2026-07-07
1117,Nathalie Castillo Rojas,Diputado,1236,Paula Olmos Contreras,Diputado,2,2026-06-08,2026-08-14
1117,Nathalie Castillo Rojas,Diputado,843,René Manuel García García,Diputado,2,2026-05-28,2026-07-07
1117,Nathalie Castillo Rojas,Diputado,1207,Valentina Cáceres Monsálvez,Diputado,2,2026-07-29,2026-08-14
1181,Nelson Venegas Salazar,Diputado,1250,Bernardo Salinas Maya,Diputado,2,2026-07-06,2026-08-12
1181,Nelson Venegas Salazar,Diputado,1206,Carolina Cucumides Calderón,Diputado,2,2026-06-22,2026-07-06
1181,Nelson Venegas Salazar,Diputado,1204,Francisco Crisóstomo Llanos,Diputado,2,2026-07-06,2026-07-13
1039,Pamela Jiles Moreno,Diputado,1230,Alex Nahuelquin Nahuelquin,Diputado,2,2026-07-23,2026-08-05
1039,Pamela Jiles Moreno,Diputado,1178,Héctor Ulloa Aguilera,Diputado,2,2026-04-21,2026-06-10
1039,Pamela Jiles Moreno,Diputado,872,Jaime Mulet Martínez,Diputado,2,2026-05-06,2026-08-05
1039,Pamela Jiles Moreno,Diputado,1235,Javier Olivares Avendaño,Diputado,2,2026-05-09,2026-07-23
1039,Pamela Jiles Moreno,Diputado,1192,Lilian Betancurt Delgado,Diputado,2,2026-04-07,2026-07-23
1039,Pamela Jiles Moreno,Diputado,1240,Zandra Parisi Fernández,Diputado,2,2026-05-09,2026-07-23
1193,Patricio Briones Moller,Diputado,1227,Claudia Mora Vega,Diputado,2,2026-05-12,2026-08-11
1193,Patricio Briones Moller,Diputado,1248,Felipe Ross Correa,Diputado,2,2026-06-05,2026-07-06
1193,Patricio Briones Moller,Diputado,1199,Jaime Coloma Álamos,Diputado,2,2026-06-05,2026-08-11
1193,Patricio Briones Moller,Diputado,1247,Javiera Rodríguez Pascual,Diputado,2,2026-06-10,2026-07-27
1193,Patricio Briones Moller,Diputado,1218,José Antonio Kast Adriasola,Diputado,2,2026-06-05,2026-07-06
1193,Patricio Briones Moller,Diputado,843,René Manuel García García,Diputado,2,2026-07-31,2026-08-04
1193,Patricio Briones Moller,Diputado,1263,Sebastián Zamora Soto,Diputado,2,2026-06-15,2026-07-27
1241,Patricio Pinilla Valencia,Diputado,1252,Constanza Schonhaut Soto,Diputado,2,2026-07-07,2026-08-10
1241,Patricio Pinilla Valencia,Diputado,986,Marcela Hernando Pérez,Diputado,2,2026-07-07,2026-08-11
1236,Paula Olmos Contreras,Diputado,1257,Alejandra Valdebenito Torres,Diputado,2,2026-06-16,2026-07-14
1236,Paula Olmos Contreras,Diputado,1250,Bernardo Salinas Maya,Diputado,2,2026-08-12,2026-08-14
1236,Paula Olmos Contreras,Diputado,1246,José Antonio Rivas Villalobos,Diputado,2,2026-08-12,2026-08-14
1236,Paula Olmos Contreras,Diputado,1251,Macarena Santelices Cañas,Diputado,2,2026-05-06,2026-06-16
1236,Paula Olmos Contreras,Diputado,1241,Patricio Pinilla Valencia,Diputado,2,2026-06-08,2026-08-12
1228,Paulina Muñoz Minte,Diputado,1230,Alex Nahuelquin Nahuelquin,Diputado,2,2026-07-30,2026-08-06
1228,Paulina Muñoz Minte,Diputado,1261,Daniel Valenzuela Salazar,Diputado,2,2026-07-09,2026-08-05
1228,Paulina Muñoz Minte,Diputado,1234,Mario Olavarría Rodríguez,Diputado,2,2026-08-05,2026-08-11
1337,Paulina Núñez Urrutia,Senador,1512,Andrés Longton Herrera,Senador,2,2026-06-16,2026-07-21
1337,Paulina Núñez Urrutia,Senador,1515,Arturo Squella Ovalle,Senador,2,2026-07-21,2026-08-13
1337,Paulina Núñez Urrutia,Senador,1338,Claudia Pascual Grau,Senador,2,2026-03-24,2026-07-15
1337,Paulina Núñez Urrutia,Senador,1343,Esteban Velásquez Núñez,Senador,2,2026-06-16,2026-06-17
1337,Paulina Núñez Urrutia,Senador,1502,Miguel Ángel Becker Alvear,Senador,2,2026-05-19,2026-05-19
1450,Paulina Vodanovic Rojas,Senador,1500,Danisa Astudillo Peiretti,Senador,2,2026-07-30,2026-08-12
1198,Paz Charpentier Rajcevich,Diputado,1244,Claudia Reyes Larenas,Diputado,2,2026-06-22,2026-07-09
1198,Paz Charpentier Rajcevich,Diputado,1262,Diego Vergara Rodríguez,Diputado,2,2026-06-23,2026-07-09
1198,Paz Charpentier Rajcevich,Diputado,1235,Javier Olivares Avendaño,Diputado,2,2026-07-07,2026-07-27
1198,Paz Charpentier Rajcevich,Diputado,1218,José Antonio Kast Adriasola,Diputado,2,2026-07-07,2026-07-09
1110,Pedro Araya Guerrero,Senador,1518,Cristian Vial Maceratta,Senador,2,2026-06-30,2026-08-13
1110,Pedro Araya Guerrero,Senador,1324,Karim Bianchi Retamales,Senador,2,2026-04-08,2026-06-30
1217,Pier Karlezi Hazleby,Diputado,1247,Javiera Rodríguez Pascual,Diputado,2,2026-06-23,2026-07-21
1217,Pier Karlezi Hazleby,Diputado,1251,Macarena Santelices Cañas,Diputado,2,2026-06-23,2026-07-21
1217,Pier Karlezi Hazleby,Diputado,1234,Mario Olavarría Rodríguez,Diputado,2,2026-06-09,2026-08-11
1217,Pier Karlezi Hazleby,Diputado,1236,Paula Olmos Contreras,Diputado,2,2026-04-14,2026-04-21
1196,Priscilla Castillo Gerli,Diputado,1224,Cristian Mella Andaur,Diputado,2,2026-06-04,2026-07-11
1196,Priscilla Castillo Gerli,Diputado,872,Jaime Mulet Martínez,Diputado,2,2026-04-15,2026-08-05
1044,Raúl Leiva Carvajal,Diputado,1100,Cristián Araya Lerdo de Tejada,Diputado,2,2026-05-13,2026-08-07
1044,Raúl Leiva Carvajal,Diputado,1152,Gloria Naveillan Arriagada,Diputado,2,2026-08-05,2026-08-07
1044,Raúl Leiva Carvajal,Diputado,1223,Hans Marowski Cuevas,Diputado,2,2026-06-18,2026-08-05
1044,Raúl Leiva Carvajal,Diputado,1062,Joanna Pérez Olea,Diputado,2,2026-05-13,2026-06-22
1044,Raúl Leiva Carvajal,Diputado,1132,Jorge Guzmán Zepeda,Diputado,2,2026-06-18,2026-06-22
1044,Raúl Leiva Carvajal,Diputado,1108,Juan Carlos Beltrán Silva,Diputado,2,2026-06-28,2026-08-07
1044,Raúl Leiva Carvajal,Diputado,1251,Macarena Santelices Cañas,Diputado,2,2026-05-06,2026-06-16
1044,Raúl Leiva Carvajal,Diputado,1059,Ximena Ossandón Irarrázabal,Diputado,2,2026-05-06,2026-08-07
1077,Raúl Soto Mardones,Diputado,1224,Cristian Mella Andaur,Diputado,2,2026-06-24,2026-07-08
1077,Raúl Soto Mardones,Diputado,1116,Felipe Camaño Cárdenas,Diputado,2,2026-05-29,2026-06-24
1077,Raúl Soto Mardones,Diputado,1241,Patricio Pinilla Valencia,Diputado,2,2026-06-10,2026-06-24
843,René Manuel García García,Diputado,915,Germán Verdugo Soto,Diputado,2,2026-08-04,2026-08-04
843,René Manuel García García,Diputado,872,Jaime Mulet Martínez,Diputado,2,2026-05-28,2026-08-04
1506,Ricardo Celis Araya,Senador,1515,Arturo Squella Ovalle,Senador,2,2026-08-13,2026-08-19
1506,Ricardo Celis Araya,Senador,1509,Diego Ibáñez Cotroneo,Senador,2,2026-07-14,2026-08-19
1233,Ricardo Neumann Bertín,Diputado,1235,Javier Olivares Avendaño,Diputado,2,2026-07-07,2026-07-27
1102,Roberto Arroyo Muñoz,Diputado,1222,Andrea Macías Palma,Diputado,2,2026-08-05,2026-08-11
1102,Roberto Arroyo Muñoz,Diputado,1195,Carlos Carvajal Gallardo,Diputado,2,2026-06-04,2026-08-05
1102,Roberto Arroyo Muñoz,Diputado,1197,Carlos Chandía Alarcón,Diputado,2,2026-06-04,2026-06-15
1102,Roberto Arroyo Muñoz,Diputado,1264,Fernando Zamorano Peralta,Diputado,2,2026-08-05,2026-08-11
1102,Roberto Arroyo Muñoz,Diputado,1258,Guillermo Valdés Carmona,Diputado,2,2026-05-09,2026-06-16
1102,Roberto Arroyo Muñoz,Diputado,1210,Gustavo Gatica Villarroel,Diputado,2,2026-07-24,2026-08-11
1102,Roberto Arroyo Muñoz,Diputado,1223,Hans Marowski Cuevas,Diputado,2,2026-06-16,2026-06-25
1102,Roberto Arroyo Muñoz,Diputado,1213,Irací Hassler Jacob,Diputado,2,2026-06-19,2026-07-24
1102,Roberto Arroyo Muñoz,Diputado,1189,Jaime Bassa Mercado,Diputado,2,2026-06-15,2026-07-24
1102,Roberto Arroyo Muñoz,Diputado,1235,Javier Olivares Avendaño,Diputado,2,2026-06-16,2026-06-19
1102,Roberto Arroyo Muñoz,Diputado,1174,Marco Antonio Sulantay Olivares,Diputado,2,2026-06-04,2026-06-15
1102,Roberto Arroyo Muñoz,Diputado,1209,Matías Fernández Hartwig,Diputado,2,2026-08-05,2026-08-11
1102,Roberto Arroyo Muñoz,Diputado,1119,Sara Concha Smith,Diputado,2,2026-05-18,2026-06-15
1102,Roberto Arroyo Muñoz,Diputado,1243,Tamara Ramírez Ramírez,Diputado,2,2026-06-19,2026-08-06
1328,Rojo Edwards,Senador,1515,Arturo Squella Ovalle,Senador,2,2026-06-23,2026-08-19
1328,Rojo Edwards,Senador,911,Carlos Ignacio Kuschel Silva,Senador,2,2026-06-23,2026-06-23
1328,Rojo Edwards,Senador,1518,Cristian Vial Maceratta,Senador,2,2026-06-17,2026-09-02
1119,Sara Concha Smith,Diputado,1175,Cristián Tapia Ramos,Diputado,2,2026-05-18,2026-06-15
1119,Sara Concha Smith,Diputado,1237,Francisco Orrego Gutiérrez,Diputado,2,2026-06-23,2026-06-23
1119,Sara Concha Smith,Diputado,915,Germán Verdugo Soto,Diputado,2,2026-06-23,2026-08-04
1119,Sara Concha Smith,Diputado,1247,Javiera Rodríguez Pascual,Diputado,2,2026-05-04,2026-06-09
1119,Sara Concha Smith,Diputado,1166,Natalia Romero Talguia,Diputado,2,2026-05-18,2026-06-29
1119,Sara Concha Smith,Diputado,1236,Paula Olmos Contreras,Diputado,2,2026-04-14,2026-06-02
1119,Sara Concha Smith,Diputado,1228,Paulina Muñoz Minte,Diputado,2,2026-05-04,2026-05-18
1119,Sara Concha Smith,Diputado,1217,Pier Karlezi Hazleby,Diputado,2,2026-04-14,2026-05-18
1119,Sara Concha Smith,Diputado,843,René Manuel García García,Diputado,2,2026-05-18,2026-08-04
1119,Sara Concha Smith,Diputado,1242,Rodrigo Ramírez Parra,Diputado,2,2026-05-12,2026-06-29
1119,Sara Concha Smith,Diputado,1243,Tamara Ramírez Ramírez,Diputado,2,2026-06-09,2026-06-23
1203,Sebastián Cristoffanini Jaraquemada,Diputado,1244,Claudia Reyes Larenas,Diputado,2,2026-06-09,2026-06-16
1203,Sebastián Cristoffanini Jaraquemada,Diputado,1212,Erich Grohs Marín,Diputado,2,2026-07-14,2026-08-05
1203,Sebastián Cristoffanini Jaraquemada,Diputado,1253,Fernando Ugarte Tejeda,Diputado,2,2026-06-16,2026-07-14
1203,Sebastián Cristoffanini Jaraquemada,Diputado,1247,Javiera Rodríguez Pascual,Diputado,2,2026-06-09,2026-06-23
1203,Sebastián Cristoffanini Jaraquemada,Diputado,1251,Macarena Santelices Cañas,Diputado,2,2026-06-23,2026-08-05
1333,Sebastián Keitel Bianchi,Senador,1514,Beatriz Sánchez Muñoz,Senador,2,2026-04-15,2026-07-22
1333,Sebastián Keitel Bianchi,Senador,1511,Enrique Lee Flores,Senador,2,2026-04-15,2026-07-21
1333,Sebastián Keitel Bianchi,Senador,1510,Vanessa Kaiser Barents-Von Hohenhagen,Senador,2,2026-06-03,2026-07-21
1182,Sebastián Videla Castillo,Diputado,1195,Carlos Carvajal Gallardo,Diputado,2,2026-06-17,2026-08-12
1182,Sebastián Videla Castillo,Diputado,1197,Carlos Chandía Alarcón,Diputado,2,2026-06-08,2026-06-17
1182,Sebastián Videla Castillo,Diputado,1248,Felipe Ross Correa,Diputado,2,2026-06-05,2026-07-20
1182,Sebastián Videla Castillo,Diputado,1204,Francisco Crisóstomo Llanos,Diputado,2,2026-07-06,2026-07-13
1182,Sebastián Videla Castillo,Diputado,1186,Ignacio Achurra Díaz,Diputado,2,2026-05-13,2026-06-17
1182,Sebastián Videla Castillo,Diputado,1193,Patricio Briones Moller,Diputado,2,2026-06-05,2026-06-08
1182,Sebastián Videla Castillo,Diputado,1207,Valentina Cáceres Monsálvez,Diputado,2,2026-07-06,2026-08-12
1331,Sergio Gahona Salazar,Senador,1504,Karol Cariola Oliva,Senador,2,2026-03-18,2026-04-07
1331,Sergio Gahona Salazar,Senador,1344,Matías Walker Prieto,Senador,2,2026-08-04,2026-08-05
1211,Sofía González Cortés,Diputado,1255,Eileen Urqueta Rojas,Diputado,2,2026-06-17,2026-07-21
1211,Sofía González Cortés,Diputado,1241,Patricio Pinilla Valencia,Diputado,2,2026-07-30,2026-08-11
1211,Sofía González Cortés,Diputado,1240,Zandra Parisi Fernández,Diputado,2,2026-05-06,2026-07-24
1211,Sofía González Cortés,Diputado,1238,Álvaro Ortiz Vera,Diputado,2,2026-07-21,2026-07-29
1216,Stephanie Jéldrez Ortiz,Diputado,1227,Claudia Mora Vega,Diputado,2,2026-06-22,2026-07-14
1216,Stephanie Jéldrez Ortiz,Diputado,1261,Daniel Valenzuela Salazar,Diputado,2,2026-06-18,2026-07-14
1243,Tamara Ramírez Ramírez,Diputado,872,Jaime Mulet Martínez,Diputado,2,2026-07-14,2026-07-14
1243,Tamara Ramírez Ramírez,Diputado,1247,Javiera Rodríguez Pascual,Diputado,2,2026-06-09,2026-06-10
1256,Tatiana Urrutia Herrera,Diputado,1260,César Valenzuela Maass,Diputado,2,2026-05-15,2026-07-22
1219,Tomás Kast Sommerhoff,Diputado,1261,Daniel Valenzuela Salazar,Diputado,2,2026-06-15,2026-06-18
1219,Tomás Kast Sommerhoff,Diputado,1234,Mario Olavarría Rodríguez,Diputado,2,2026-06-03,2026-06-09
1219,Tomás Kast Sommerhoff,Diputado,1249,Omar Sabat Guzmán,Diputado,2,2026-06-03,2026-06-18
1219,Tomás Kast Sommerhoff,Diputado,1242,Rodrigo Ramírez Parra,Diputado,2,2026-06-04,2026-06-17
1191,Valentina Becerra Peña,Diputado,1255,Eileen Urqueta Rojas,Diputado,2,2026-05-04,2026-08-12
1191,Valentina Becerra Peña,Diputado,1235,Javier Olivares Avendaño,Diputado,2,2026-07-01,2026-07-27
1191,Valentina Becerra Peña,Diputado,1233,Ricardo Neumann Bertín,Diputado,2,2026-06-23,2026-07-27
1207,Valentina Cáceres Monsálvez,Diputado,1209,Matías Fernández Hartwig,Diputado,2,2026-04-28,2026-07-27
1207,Valentina Cáceres Monsálvez,Diputado,1236,Paula Olmos Contreras,Diputado,2,2026-08-12,2026-08-14
1207,Valentina Cáceres Monsálvez,Diputado,1211,Sofía González Cortés,Diputado,2,2026-06-12,2026-07-29
1510,Vanessa Kaiser Barents-Von Hohenhagen,Senador,911,Carlos Ignacio Kuschel Silva,Senador,2,2026-06-03,2026-06-23
1510,Vanessa Kaiser Barents-Von Hohenhagen,Senador,1518,Cristian Vial Maceratta,Senador,2,2026-06-30,2026-06-30
1513,Vlado Mirosevic Verdugo,Senador,1514,Beatriz Sánchez Muñoz,Senador,2,2026-07-22,2026-08-19
1231,Ximena Naranjo Pinto,Diputado,1247,Javiera Rodríguez Pascual,Diputado,2,2026-05-04,2026-06-09
1231,Ximena Naranjo Pinto,Diputado,1236,Paula Olmos Contreras,Diputado,2,2026-04-14,2026-06-02
1231,Ximena Naranjo Pinto,Diputado,1238,Álvaro Ortiz Vera,Diputado,2,2026-06-02,2026-07-21
1224,Ximena Ordenes Neira,Senador,1514,Beatriz Sánchez Muñoz,Senador,2,2026-04-15,2026-07-22
1224,Ximena Ordenes Neira,Senador,1336,Daniel Núñez Arancibia,Senador,2,2026-05-19,2026-05-19
1224,Ximena Ordenes Neira,Senador,1329,Fidel Espinoza Sandoval,Senador,2,2026-05-19,2026-05-19
1224,Ximena Ordenes Neira,Senador,1450,Paulina Vodanovic Rojas,Senador,2,2026-06-24,2026-07-22
1224,Ximena Ordenes Neira,Senador,1505,Rodolfo Carter Fernández,Senador,2,2026-06-17,2026-07-22
1224,Ximena Ordenes Neira,Senador,1333,Sebastián Keitel Bianchi,Senador,2,2026-04-15,2026-07-22
1224,Ximena Ordenes Neira,Senador,1331,Sergio Gahona Salazar,Senador,2,2026-04-07,2026-06-03
1059,Ximena Ossandón Irarrázabal,Diputado,1205,Carlos Cuadrado Prats,Diputado,2,2026-05-14,2026-05-15
1059,Ximena Ossandón Irarrázabal,Diputado,1177,Carolina Tello Rojas,Diputado,2,2026-04-22,2026-05-31
1059,Ximena Ossandón Irarrázabal,Diputado,1100,Cristián Araya Lerdo de Tejada,Diputado,2,2026-05-06,2026-08-07
1059,Ximena Ossandón Irarrázabal,Diputado,1260,César Valenzuela Maass,Diputado,2,2026-05-15,2026-06-08
1059,Ximena Ossandón Irarrázabal,Diputado,1116,Felipe Camaño Cárdenas,Diputado,2,2026-06-16,2026-08-05
1059,Ximena Ossandón Irarrázabal,Diputado,1146,José Carlos Meza Pereira,Diputado,2,2026-05-06,2026-07-30
1059,Ximena Ossandón Irarrázabal,Diputado,986,Marcela Hernando Pérez,Diputado,2,2026-04-22,2026-08-05
1059,Ximena Ossandón Irarrázabal,Diputado,1234,Mario Olavarría Rodríguez,Diputado,2,2026-06-08,2026-08-05
1059,Ximena Ossandón Irarrázabal,Diputado,1157,Marlene Pérez Cartes,Diputado,2,2026-05-31,2026-08-05
1059,Ximena Ossandón Irarrázabal,Diputado,1211,Sofía González Cortés,Diputado,2,2026-05-06,2026-07-30
1059,Ximena Ossandón Irarrázabal,Diputado,1243,Tamara Ramírez Ramírez,Diputado,2,2026-06-08,2026-07-30
1059,Ximena Ossandón Irarrázabal,Diputado,1240,Zandra Parisi Fernández,Diputado,2,2026-04-22,2026-05-06
1215,Yasna Provoste Campillay,Senador,1338,Claudia Pascual Grau,Senador,2,2026-03-24,2026-06-03
1215,Yasna Provoste Campillay,Senador,1339,Gastón Saavedra Chandía,Senador,2,2026-07-22,2026-08-19
1215,Yasna Provoste Campillay,Senador,1344,Matías Walker Prieto,Senador,2,2026-07-08,2026-07-22
1215,Yasna Provoste Campillay,Senador,1337,Paulina Núñez Urrutia,Senador,2,2026-03-24,2026-07-22
1215,Yasna Provoste Campillay,Senador,1513,Vlado Mirosevic Verdugo,Senador,2,2026-07-21,2026-08-19
1240,Zandra Parisi Fernández,Diputado,1259,Juan Marcelo Valenzuela Henríquez,Diputado,2,2026-05-09,2026-07-23
1017,Álvaro Carter Fernández,Diputado,1165,Agustín Romero Leiva,Diputado,2,2026-06-11,2026-07-14
1017,Álvaro Carter Fernández,Diputado,1237,Francisco Orrego Gutiérrez,Diputado,2,2026-07-14,2026-07-20
1017,Álvaro Carter Fernández,Diputado,1060,Luis Pardo Sáinz,Diputado,2,2026-07-20,2026-07-29
1215,Álvaro Jofré Cáceres,Diputado,1248,Felipe Ross Correa,Diputado,2,2026-06-05,2026-06-09
1215,Álvaro Jofré Cáceres,Diputado,1223,Hans Marowski Cuevas,Diputado,2,2026-04-15,2026-04-21
1215,Álvaro Jofré Cáceres,Diputado,1234,Mario Olavarría Rodríguez,Diputado,2,2026-06-03,2026-06-09
1215,Álvaro Jofré Cáceres,Diputado,1249,Omar Sabat Guzmán,Diputado,2,2026-04-21,2026-06-03
1215,Álvaro Jofré Cáceres,Diputado,1217,Pier Karlezi Hazleby,Diputado,2,2026-04-15,2026-04-21
1165,Agustín Romero Leiva,Diputado,1244,Claudia Reyes Larenas,Diputado,1,2026-06-16,2026-06-16
1165,Agustín Romero Leiva,Diputado,1225,Cristian Menchaca Pinochet,Diputado,1,2026-06-16,2026-06-16
1165,Agustín Romero Leiva,Diputado,1253,Fernando Ugarte Tejeda,Diputado,1,2026-06-16,2026-06-16
1165,Agustín Romero Leiva,Diputado,1223,Hans Marowski Cuevas,Diputado,1,2026-07-21,2026-07-21
1165,Agustín Romero Leiva,Diputado,1254,Ignacio Urcullú Clèment-Lund,Diputado,1,2026-06-16,2026-06-16
1165,Agustín Romero Leiva,Diputado,1251,Macarena Santelices Cañas,Diputado,1,2026-07-21,2026-07-21
1165,Agustín Romero Leiva,Diputado,1166,Natalia Romero Talguia,Diputado,1,2026-07-14,2026-07-14
1165,Agustín Romero Leiva,Diputado,1198,Paz Charpentier Rajcevich,Diputado,1,2026-07-21,2026-07-21
1165,Agustín Romero Leiva,Diputado,1217,Pier Karlezi Hazleby,Diputado,1,2026-07-21,2026-07-21
1165,Agustín Romero Leiva,Diputado,1203,Sebastián Cristoffanini Jaraquemada,Diputado,1,2026-06-16,2026-06-16
1165,Agustín Romero Leiva,Diputado,1219,Tomás Kast Sommerhoff,Diputado,1,2026-08-07,2026-08-07
1165,Agustín Romero Leiva,Diputado,1191,Valentina Becerra Peña,Diputado,1,2026-08-07,2026-08-07
1341,Alejandra Sepúlveda Orbenes,Senador,1514,Beatriz Sánchez Muñoz,Senador,1,2026-07-14,2026-07-14
1341,Alejandra Sepúlveda Orbenes,Senador,1507,Daniella Cicardini Milla,Senador,1,2026-05-06,2026-05-06
1341,Alejandra Sepúlveda Orbenes,Senador,1500,Danisa Astudillo Peiretti,Senador,1,2026-06-17,2026-06-17
1341,Alejandra Sepúlveda Orbenes,Senador,1344,Matías Walker Prieto,Senador,1,2026-05-05,2026-05-05
1341,Alejandra Sepúlveda Orbenes,Senador,1502,Miguel Ángel Becker Alvear,Senador,1,2026-07-15,2026-07-15
1341,Alejandra Sepúlveda Orbenes,Senador,1503,Miguel Ángel Calisto Águila,Senador,1,2026-05-05,2026-05-05
1257,Alejandra Valdebenito Torres,Diputado,1264,Fernando Zamorano Peralta,Diputado,1,2026-05-29,2026-05-29
1257,Alejandra Valdebenito Torres,Diputado,1258,Guillermo Valdés Carmona,Diputado,1,2026-06-16,2026-06-16
1257,Alejandra Valdebenito Torres,Diputado,803,René Alinco Bustos,Diputado,1,2026-05-13,2026-05-13
1013,Alejandro Bernales Maldonado,Diputado,1230,Alex Nahuelquin Nahuelquin,Diputado,1,2026-08-11,2026-08-11
1013,Alejandro Bernales Maldonado,Diputado,1128,Ana María Gazmuri Vieira,Diputado,1,2026-05-11,2026-05-11
1013,Alejandro Bernales Maldonado,Diputado,1222,Andrea Macías Palma,Diputado,1,2026-05-31,2026-05-31
1013,Alejandro Bernales Maldonado,Diputado,1061,Andrea Parra Sauterel,Diputado,1,2026-04-15,2026-04-15
1013,Alejandro Bernales Maldonado,Diputado,1187,Carlo Arqueros Pizarro,Diputado,1,2026-08-11,2026-08-11
1013,Alejandro Bernales Maldonado,Diputado,1110,Carlos Bianchi Chelech,Diputado,1,2026-05-11,2026-05-11
1013,Alejandro Bernales Maldonado,Diputado,1195,Carlos Carvajal Gallardo,Diputado,1,2026-06-17,2026-06-17
1013,Alejandro Bernales Maldonado,Diputado,1205,Carlos Cuadrado Prats,Diputado,1,2026-06-22,2026-06-22
1013,Alejandro Bernales Maldonado,Diputado,1175,Cristián Tapia Ramos,Diputado,1,2026-04-25,2026-04-25
1013,Alejandro Bernales Maldonado,Diputado,1255,Eileen Urqueta Rojas,Diputado,1,2026-08-11,2026-08-11
1013,Alejandro Bernales Maldonado,Diputado,1056,Emilia Nuyado Ancapichun,Diputado,1,2026-05-11,2026-05-11
1013,Alejandro Bernales Maldonado,Diputado,1239,Fabián Ossandón Briceño,Diputado,1,2026-05-31,2026-05-31
1013,Alejandro Bernales Maldonado,Diputado,1116,Felipe Camaño Cárdenas,Diputado,1,2026-04-25,2026-04-25
1013,Alejandro Bernales Maldonado,Diputado,1087,Gael Yeomans Araya,Diputado,1,2026-06-22,2026-06-22
1013,Alejandro Bernales Maldonado,Diputado,1065,Guillermo Ramírez Diez,Diputado,1,2026-06-22,2026-06-22
1013,Alejandro Bernales Maldonado,Diputado,1258,Guillermo Valdés Carmona,Diputado,1,2026-04-15,2026-04-15
1013,Alejandro Bernales Maldonado,Diputado,1178,Héctor Ulloa Aguilera,Diputado,1,2026-05-31,2026-05-31
1013,Alejandro Bernales Maldonado,Diputado,1099,Jaime Araya Guerrero,Diputado,1,2026-06-17,2026-06-17
1013,Alejandro Bernales Maldonado,Diputado,872,Jaime Mulet Martínez,Diputado,1,2026-06-22,2026-06-22
1013,Alejandro Bernales Maldonado,Diputado,1246,José Antonio Rivas Villalobos,Diputado,1,2026-08-11,2026-08-11
1013,Alejandro Bernales Maldonado,Diputado,1259,Juan Marcelo Valenzuela Henríquez,Diputado,1,2026-04-15,2026-04-15
1013,Alejandro Bernales Maldonado,Diputado,1060,Luis Pardo Sáinz,Diputado,1,2026-06-22,2026-06-22
1013,Alejandro Bernales Maldonado,Diputado,1157,Marlene Pérez Cartes,Diputado,1,2026-05-31,2026-05-31
1013,Alejandro Bernales Maldonado,Diputado,1193,Patricio Briones Moller,Diputado,1,2026-06-08,2026-06-08
1013,Alejandro Bernales Maldonado,Diputado,1217,Pier Karlezi Hazleby,Diputado,1,2026-04-25,2026-04-25
1013,Alejandro Bernales Maldonado,Diputado,1044,Raúl Leiva Carvajal,Diputado,1,2026-06-22,2026-06-22
1013,Alejandro Bernales Maldonado,Diputado,1077,Raúl Soto Mardones,Diputado,1,2026-07-20,2026-07-20
1013,Alejandro Bernales Maldonado,Diputado,1184,Roberto Celedón Fernández,Diputado,1,2026-04-15,2026-04-15
1013,Alejandro Bernales Maldonado,Diputado,815,Sergio Bobadilla Muñoz,Diputado,1,2026-07-20,2026-07-20
1013,Alejandro Bernales Maldonado,Diputado,1219,Tomás Kast Sommerhoff,Diputado,1,2026-04-15,2026-04-15
1013,Alejandro Bernales Maldonado,Diputado,1059,Ximena Ossandón Irarrázabal,Diputado,1,2026-05-31,2026-05-31
1334,Alejandro Kusanovic Glusevic,Senador,1515,Arturo Squella Ovalle,Senador,1,2026-06-30,2026-06-30
1334,Alejandro Kusanovic Glusevic,Senador,1518,Cristian Vial Maceratta,Senador,1,2026-06-30,2026-06-30
1334,Alejandro Kusanovic Glusevic,Senador,1336,Daniel Núñez Arancibia,Senador,1,2026-04-08,2026-04-08
1334,Alejandro Kusanovic Glusevic,Senador,1500,Danisa Astudillo Peiretti,Senador,1,2026-06-17,2026-06-17
1334,Alejandro Kusanovic Glusevic,Senador,1511,Enrique Lee Flores,Senador,1,2026-08-04,2026-08-04
1334,Alejandro Kusanovic Glusevic,Senador,1342,Enrique Van Rysselberghe Herrera,Senador,1,2026-06-17,2026-06-17
1334,Alejandro Kusanovic Glusevic,Senador,1344,Matías Walker Prieto,Senador,1,2026-04-08,2026-04-08
1334,Alejandro Kusanovic Glusevic,Senador,1516,Renzo Trisotti Martínez,Senador,1,2026-08-27,2026-08-27
1245,Alejandro Riquelme Ducci,Diputado,1257,Alejandra Valdebenito Torres,Diputado,1,2026-07-14,2026-07-14
1245,Alejandro Riquelme Ducci,Diputado,1248,Felipe Ross Correa,Diputado,1,2026-07-06,2026-07-06
1245,Alejandro Riquelme Ducci,Diputado,1254,Ignacio Urcullú Clèment-Lund,Diputado,1,2026-06-16,2026-06-16
1245,Alejandro Riquelme Ducci,Diputado,1263,Sebastián Zamora Soto,Diputado,1,2026-08-07,2026-08-07
1230,Alex Nahuelquin Nahuelquin,Diputado,1232,Cristian Neira Martínez,Diputado,1,2026-07-30,2026-07-30
1230,Alex Nahuelquin Nahuelquin,Diputado,1237,Francisco Orrego Gutiérrez,Diputado,1,2026-06-16,2026-06-16
1230,Alex Nahuelquin Nahuelquin,Diputado,1258,Guillermo Valdés Carmona,Diputado,1,2026-07-13,2026-07-13
1230,Alex Nahuelquin Nahuelquin,Diputado,872,Jaime Mulet Martínez,Diputado,1,2026-08-06,2026-08-06
1230,Alex Nahuelquin Nahuelquin,Diputado,1246,José Antonio Rivas Villalobos,Diputado,1,2026-08-11,2026-08-11
1230,Alex Nahuelquin Nahuelquin,Diputado,986,Marcela Hernando Pérez,Diputado,1,2026-08-11,2026-08-11
1230,Alex Nahuelquin Nahuelquin,Diputado,1241,Patricio Pinilla Valencia,Diputado,1,2026-08-11,2026-08-11
1115,Alfonso De Urresti Longton,Senador,1501,Andrea Balladares Letelier,Senador,1,2026-07-03,2026-07-03
1115,Alfonso De Urresti Longton,Senador,1338,Claudia Pascual Grau,Senador,1,2026-07-14,2026-07-14
1115,Alfonso De Urresti Longton,Senador,1336,Daniel Núñez Arancibia,Senador,1,2026-04-08,2026-04-08
1115,Alfonso De Urresti Longton,Senador,1335,Javier Macaya Danús,Senador,1,2026-07-03,2026-07-03
1115,Alfonso De Urresti Longton,Senador,1337,Paulina Núñez Urrutia,Senador,1,2026-08-10,2026-08-10
1115,Alfonso De Urresti Longton,Senador,1505,Rodolfo Carter Fernández,Senador,1,2026-07-22,2026-07-22
1115,Alfonso De Urresti Longton,Senador,1333,Sebastián Keitel Bianchi,Senador,1,2026-04-15,2026-04-15
1115,Alfonso De Urresti Longton,Senador,1513,Vlado Mirosevic Verdugo,Senador,1,2026-08-19,2026-08-19
1115,Alfonso De Urresti Longton,Senador,1215,Yasna Provoste Campillay,Senador,1,2026-08-19,2026-08-19
1128,Ana María Gazmuri Vieira,Diputado,1195,Carlos Carvajal Gallardo,Diputado,1,2026-07-08,2026-07-08
1128,Ana María Gazmuri Vieira,Diputado,1197,Carlos Chandía Alarcón,Diputado,1,2026-06-26,2026-06-26
1128,Ana María Gazmuri Vieira,Diputado,1205,Carlos Cuadrado Prats,Diputado,1,2026-05-15,2026-05-15
1128,Ana María Gazmuri Vieira,Diputado,1177,Carolina Tello Rojas,Diputado,1,2026-04-15,2026-04-15
1128,Ana María Gazmuri Vieira,Diputado,1180,Consuelo Veloso Ávila,Diputado,1,2026-06-16,2026-06-16
1128,Ana María Gazmuri Vieira,Diputado,1232,Cristian Neira Martínez,Diputado,1,2026-07-08,2026-07-08
1128,Ana María Gazmuri Vieira,Diputado,1260,César Valenzuela Maass,Diputado,1,2026-06-22,2026-06-22
1128,Ana María Gazmuri Vieira,Diputado,1239,Fabián Ossandón Briceño,Diputado,1,2026-06-19,2026-06-19
1128,Ana María Gazmuri Vieira,Diputado,1189,Jaime Bassa Mercado,Diputado,1,2026-06-16,2026-06-16
1128,Ana María Gazmuri Vieira,Diputado,1229,Javier Muñoz Riquelme,Diputado,1,2026-05-31,2026-05-31
1128,Ana María Gazmuri Vieira,Diputado,1235,Javier Olivares Avendaño,Diputado,1,2026-06-19,2026-06-19
1128,Ana María Gazmuri Vieira,Diputado,1148,Javiera Morales Alvarado,Diputado,1,2026-05-26,2026-05-26
1128,Ana María Gazmuri Vieira,Diputado,1251,Macarena Santelices Cañas,Diputado,1,2026-06-26,2026-06-26
1128,Ana María Gazmuri Vieira,Diputado,1234,Mario Olavarría Rodríguez,Diputado,1,2026-05-31,2026-05-31
1128,Ana María Gazmuri Vieira,Diputado,1209,Matías Fernández Hartwig,Diputado,1,2026-04-27,2026-04-27
1128,Ana María Gazmuri Vieira,Diputado,1181,Nelson Venegas Salazar,Diputado,1,2026-06-15,2026-06-15
1128,Ana María Gazmuri Vieira,Diputado,1193,Patricio Briones Moller,Diputado,1,2026-07-09,2026-07-09
1128,Ana María Gazmuri Vieira,Diputado,1241,Patricio Pinilla Valencia,Diputado,1,2026-06-08,2026-06-08
1128,Ana María Gazmuri Vieira,Diputado,1228,Paulina Muñoz Minte,Diputado,1,2026-07-09,2026-07-09
1128,Ana María Gazmuri Vieira,Diputado,1182,Sebastián Videla Castillo,Diputado,1,2026-05-11,2026-05-11
1128,Ana María Gazmuri Vieira,Diputado,1243,Tamara Ramírez Ramírez,Diputado,1,2026-06-19,2026-06-19
1128,Ana María Gazmuri Vieira,Diputado,1231,Ximena Naranjo Pinto,Diputado,1,2026-07-21,2026-07-21
1128,Ana María Gazmuri Vieira,Diputado,1215,Álvaro Jofré Cáceres,Diputado,1,2026-07-09,2026-07-09
1128,Ana María Gazmuri Vieira,Diputado,1238,Álvaro Ortiz Vera,Diputado,1,2026-07-21,2026-07-21
1501,Andrea Balladares Letelier,Senador,1512,Andrés Longton Herrera,Senador,1,2026-04-08,2026-04-08
1501,Andrea Balladares Letelier,Senador,1515,Arturo Squella Ovalle,Senador,1,2026-07-07,2026-07-07
1501,Andrea Balladares Letelier,Senador,1511,Enrique Lee Flores,Senador,1,2026-07-07,2026-07-07
1501,Andrea Balladares Letelier,Senador,1503,Miguel Ángel Calisto Águila,Senador,1,2026-05-05,2026-05-05
1501,Andrea Balladares Letelier,Senador,1516,Renzo Trisotti Martínez,Senador,1,2026-04-08,2026-04-08
1222,Andrea Macías Palma,Diputado,1252,Constanza Schonhaut Soto,Diputado,1,2026-05-26,2026-05-26
1222,Andrea Macías Palma,Diputado,1260,César Valenzuela Maass,Diputado,1,2026-07-29,2026-07-29
1222,Andrea Macías Palma,Diputado,1239,Fabián Ossandón Briceño,Diputado,1,2026-05-31,2026-05-31
1222,Andrea Macías Palma,Diputado,1226,José Montalva Feuerhake,Diputado,1,2026-04-27,2026-04-27
1222,Andrea Macías Palma,Diputado,986,Marcela Hernando Pérez,Diputado,1,2026-08-11,2026-08-11
1222,Andrea Macías Palma,Diputado,803,René Alinco Bustos,Diputado,1,2026-08-05,2026-08-05
1222,Andrea Macías Palma,Diputado,1256,Tatiana Urrutia Herrera,Diputado,1,2026-05-26,2026-05-26
1222,Andrea Macías Palma,Diputado,1240,Zandra Parisi Fernández,Diputado,1,2026-04-27,2026-04-27
1061,Andrea Parra Sauterel,Diputado,1222,Andrea Macías Palma,Diputado,1,2026-08-05,2026-08-05
1061,Andrea Parra Sauterel,Diputado,1177,Carolina Tello Rojas,Diputado,1,2026-04-22,2026-04-22
1061,Andrea Parra Sauterel,Diputado,1153,Coca Ericka Ñanco Vásquez,Diputado,1,2026-06-11,2026-06-11
1061,Andrea Parra Sauterel,Diputado,1180,Consuelo Veloso Ávila,Diputado,1,2026-06-11,2026-06-11
1061,Andrea Parra Sauterel,Diputado,1224,Cristian Mella Andaur,Diputado,1,2026-08-05,2026-08-05
1061,Andrea Parra Sauterel,Diputado,1260,César Valenzuela Maass,Diputado,1,2026-06-22,2026-06-22
1061,Andrea Parra Sauterel,Diputado,1173,Daniela Serrano Salazar,Diputado,1,2026-06-10,2026-06-10
1061,Andrea Parra Sauterel,Diputado,1202,Eduardo Cretton Rebolledo,Diputado,1,2026-07-01,2026-07-01
1061,Andrea Parra Sauterel,Diputado,1212,Erich Grohs Marín,Diputado,1,2026-08-05,2026-08-05
1061,Andrea Parra Sauterel,Diputado,1239,Fabián Ossandón Briceño,Diputado,1,2026-06-10,2026-06-10
1061,Andrea Parra Sauterel,Diputado,1204,Francisco Crisóstomo Llanos,Diputado,1,2026-06-10,2026-06-10
1061,Andrea Parra Sauterel,Diputado,1087,Gael Yeomans Araya,Diputado,1,2026-05-15,2026-05-15
1061,Andrea Parra Sauterel,Diputado,1105,Héctor Barría Angulo,Diputado,1,2026-06-11,2026-06-11
1061,Andrea Parra Sauterel,Diputado,1259,Juan Marcelo Valenzuela Henríquez,Diputado,1,2026-04-15,2026-04-15
1061,Andrea Parra Sauterel,Diputado,1073,Juan Santana Castillo,Diputado,1,2026-06-10,2026-06-10
1061,Andrea Parra Sauterel,Diputado,1251,Macarena Santelices Cañas,Diputado,1,2026-08-05,2026-08-05
1061,Andrea Parra Sauterel,Diputado,1188,Marcos Barraza Gómez,Diputado,1,2026-06-22,2026-06-22
1061,Andrea Parra Sauterel,Diputado,1234,Mario Olavarría Rodríguez,Diputado,1,2026-08-05,2026-08-05
1061,Andrea Parra Sauterel,Diputado,1157,Marlene Pérez Cartes,Diputado,1,2026-08-05,2026-08-05
1061,Andrea Parra Sauterel,Diputado,1249,Omar Sabat Guzmán,Diputado,1,2026-08-05,2026-08-05
1061,Andrea Parra Sauterel,Diputado,1236,Paula Olmos Contreras,Diputado,1,2026-06-10,2026-06-10
1061,Andrea Parra Sauterel,Diputado,1228,Paulina Muñoz Minte,Diputado,1,2026-08-05,2026-08-05
1061,Andrea Parra Sauterel,Diputado,803,René Alinco Bustos,Diputado,1,2026-08-05,2026-08-05
1061,Andrea Parra Sauterel,Diputado,1102,Roberto Arroyo Muñoz,Diputado,1,2026-08-05,2026-08-05
1061,Andrea Parra Sauterel,Diputado,1203,Sebastián Cristoffanini Jaraquemada,Diputado,1,2026-08-05,2026-08-05
1061,Andrea Parra Sauterel,Diputado,1182,Sebastián Videla Castillo,Diputado,1,2026-04-15,2026-04-15
1061,Andrea Parra Sauterel,Diputado,1211,Sofía González Cortés,Diputado,1,2026-06-22,2026-06-22
1061,Andrea Parra Sauterel,Diputado,1240,Zandra Parisi Fernández,Diputado,1,2026-04-22,2026-04-22
1061,Andrea Parra Sauterel,Diputado,1238,Álvaro Ortiz Vera,Diputado,1,2026-06-10,2026-06-10
1021,Andrés Celis Montt,Diputado,1128,Ana María Gazmuri Vieira,Diputado,1,2026-05-31,2026-05-31
1021,Andrés Celis Montt,Diputado,1222,Andrea Macías Palma,Diputado,1,2026-08-11,2026-08-11
1021,Andrés Celis Montt,Diputado,1110,Carlos Bianchi Chelech,Diputado,1,2026-06-16,2026-06-16
1021,Andrés Celis Montt,Diputado,1205,Carlos Cuadrado Prats,Diputado,1,2026-06-16,2026-06-16
1021,Andrés Celis Montt,Diputado,1206,Carolina Cucumides Calderón,Diputado,1,2026-06-02,2026-06-02
1021,Andrés Celis Montt,Diputado,1244,Claudia Reyes Larenas,Diputado,1,2026-06-16,2026-06-16
1021,Andrés Celis Montt,Diputado,1224,Cristian Mella Andaur,Diputado,1,2026-08-11,2026-08-11
1021,Andrés Celis Montt,Diputado,1140,Daniel Lilayu Vivanco,Diputado,1,2026-05-29,2026-05-29
1021,Andrés Celis Montt,Diputado,1253,Fernando Ugarte Tejeda,Diputado,1,2026-04-14,2026-04-14
1021,Andrés Celis Montt,Diputado,1183,Flor Weisse Novoa,Diputado,1,2026-06-16,2026-06-16
1021,Andrés Celis Montt,Diputado,1054,Francesca Muñoz González,Diputado,1,2026-06-23,2026-06-23
1021,Andrés Celis Montt,Diputado,1258,Guillermo Valdés Carmona,Diputado,1,2026-06-16,2026-06-16
1021,Andrés Celis Montt,Diputado,1210,Gustavo Gatica Villarroel,Diputado,1,2026-08-11,2026-08-11
1021,Andrés Celis Montt,Diputado,1223,Hans Marowski Cuevas,Diputado,1,2026-06-23,2026-06-23
1021,Andrés Celis Montt,Diputado,1105,Héctor Barría Angulo,Diputado,1,2026-05-06,2026-05-06
1021,Andrés Celis Montt,Diputado,1213,Irací Hassler Jacob,Diputado,1,2026-05-31,2026-05-31
1021,Andrés Celis Montt,Diputado,1099,Jaime Araya Guerrero,Diputado,1,2026-06-28,2026-06-28
1021,Andrés Celis Montt,Diputado,1235,Javier Olivares Avendaño,Diputado,1,2026-06-02,2026-06-02
1021,Andrés Celis Montt,Diputado,1132,Jorge Guzmán Zepeda,Diputado,1,2026-06-17,2026-06-17
1021,Andrés Celis Montt,Diputado,1218,José Antonio Kast Adriasola,Diputado,1,2026-06-16,2026-06-16
1021,Andrés Celis Montt,Diputado,1192,Lilian Betancurt Delgado,Diputado,1,2026-06-16,2026-06-16
1021,Andrés Celis Montt,Diputado,986,Marcela Hernando Pérez,Diputado,1,2026-08-11,2026-08-11
1021,Andrés Celis Montt,Diputado,1119,Sara Concha Smith,Diputado,1,2026-06-23,2026-06-23
1021,Andrés Celis Montt,Diputado,1211,Sofía González Cortés,Diputado,1,2026-06-12,2026-06-12
1021,Andrés Celis Montt,Diputado,1243,Tamara Ramírez Ramírez,Diputado,1,2026-06-23,2026-06-23
1021,Andrés Celis Montt,Diputado,1207,Valentina Cáceres Monsálvez,Diputado,1,2026-06-12,2026-06-12
1512,Andrés Longton Herrera,Senador,1517,Ignacio Urrutia Bonilla,Senador,1,2026-06-24,2026-06-24
1512,Andrés Longton Herrera,Senador,1516,Renzo Trisotti Martínez,Senador,1,2026-04-08,2026-04-08
1515,Arturo Squella Ovalle,Senador,911,Carlos Ignacio Kuschel Silva,Senador,1,2026-06-23,2026-06-23
1221,Benjamín Lorca Inzunza,Diputado,1227,Claudia Mora Vega,Diputado,1,2026-06-09,2026-06-09
1221,Benjamín Lorca Inzunza,Diputado,1260,César Valenzuela Maass,Diputado,1,2026-05-15,2026-05-15
1221,Benjamín Lorca Inzunza,Diputado,1255,Eileen Urqueta Rojas,Diputado,1,2026-06-09,2026-06-09
1221,Benjamín Lorca Inzunza,Diputado,1247,Javiera Rodríguez Pascual,Diputado,1,2026-06-09,2026-06-09
1221,Benjamín Lorca Inzunza,Diputado,1243,Tamara Ramírez Ramírez,Diputado,1,2026-06-09,2026-06-09
1221,Benjamín Lorca Inzunza,Diputado,1256,Tatiana Urrutia Herrera,Diputado,1,2026-05-15,2026-05-15
1221,Benjamín Lorca Inzunza,Diputado,1231,Ximena Naranjo Pinto,Diputado,1,2026-06-09,2026-06-09
1150,Benjamín Moreno Bascur,Diputado,1165,Agustín Romero Leiva,Diputado,1,2026-06-16,2026-06-16
1150,Benjamín Moreno Bascur,Diputado,1225,Cristian Menchaca Pinochet,Diputado,1,2026-06-16,2026-06-16
1150,Benjamín Moreno Bascur,Diputado,1194,Daniel Bustos Leal,Diputado,1,2026-07-09,2026-07-09
1150,Benjamín Moreno Bascur,Diputado,1261,Daniel Valenzuela Salazar,Diputado,1,2026-06-10,2026-06-10
1150,Benjamín Moreno Bascur,Diputado,1190,Enrique Bassaletti Riess,Diputado,1,2026-07-06,2026-07-06
1150,Benjamín Moreno Bascur,Diputado,1248,Felipe Ross Correa,Diputado,1,2026-07-06,2026-07-06
1150,Benjamín Moreno Bascur,Diputado,1237,Francisco Orrego Gutiérrez,Diputado,1,2026-06-10,2026-06-10
1150,Benjamín Moreno Bascur,Diputado,1223,Hans Marowski Cuevas,Diputado,1,2026-06-10,2026-06-10
1150,Benjamín Moreno Bascur,Diputado,1254,Ignacio Urcullú Clèment-Lund,Diputado,1,2026-06-16,2026-06-16
1150,Benjamín Moreno Bascur,Diputado,1218,José Antonio Kast Adriasola,Diputado,1,2026-07-09,2026-07-09
1150,Benjamín Moreno Bascur,Diputado,1220,Leandro Kunstmann Collado,Diputado,1,2026-06-16,2026-06-16
1150,Benjamín Moreno Bascur,Diputado,1192,Lilian Betancurt Delgado,Diputado,1,2026-06-10,2026-06-10
1150,Benjamín Moreno Bascur,Diputado,1170,Luis Sánchez Ossa,Diputado,1,2026-06-10,2026-06-10
1150,Benjamín Moreno Bascur,Diputado,1193,Patricio Briones Moller,Diputado,1,2026-06-10,2026-06-10
1150,Benjamín Moreno Bascur,Diputado,1198,Paz Charpentier Rajcevich,Diputado,1,2026-07-09,2026-07-09
1150,Benjamín Moreno Bascur,Diputado,1203,Sebastián Cristoffanini Jaraquemada,Diputado,1,2026-06-16,2026-06-16
1150,Benjamín Moreno Bascur,Diputado,1243,Tamara Ramírez Ramírez,Diputado,1,2026-06-10,2026-06-10
1250,Bernardo Salinas Maya,Diputado,1261,Daniel Valenzuela Salazar,Diputado,1,2026-08-12,2026-08-12
1250,Bernardo Salinas Maya,Diputado,1263,Sebastián Zamora Soto,Diputado,1,2026-07-01,2026-07-01
1250,Bernardo Salinas Maya,Diputado,1256,Tatiana Urrutia Herrera,Diputado,1,2026-08-11,2026-08-11
1012,Boris Barrera Moreno,Diputado,1250,Bernardo Salinas Maya,Diputado,1,2026-08-05,2026-08-05
1012,Boris Barrera Moreno,Diputado,1110,Carlos Bianchi Chelech,Diputado,1,2026-04-07,2026-04-07
1012,Boris Barrera Moreno,Diputado,1171,Emilia Schneider Videla,Diputado,1,2026-06-08,2026-06-08
1012,Boris Barrera Moreno,Diputado,1087,Gael Yeomans Araya,Diputado,1,2026-04-07,2026-04-07
1012,Boris Barrera Moreno,Diputado,1213,Irací Hassler Jacob,Diputado,1,2026-04-07,2026-04-07
1012,Boris Barrera Moreno,Diputado,1159,Lorena Pizarro Sierra,Diputado,1,2026-08-05,2026-08-05
1012,Boris Barrera Moreno,Diputado,1074,Marisela Santibáñez Novoa,Diputado,1,2026-08-05,2026-08-05
1012,Boris Barrera Moreno,Diputado,1241,Patricio Pinilla Valencia,Diputado,1,2026-06-08,2026-06-08
1012,Boris Barrera Moreno,Diputado,1236,Paula Olmos Contreras,Diputado,1,2026-06-08,2026-06-08
1012,Boris Barrera Moreno,Diputado,1211,Sofía González Cortés,Diputado,1,2026-08-05,2026-08-05
1508,Camila Flores Oporto,Senador,1517,Ignacio Urrutia Bonilla,Senador,1,2026-08-12,2026-08-12
1508,Camila Flores Oporto,Senador,1510,Vanessa Kaiser Barents-Von Hohenhagen,Senador,1,2026-08-12,2026-08-12
1187,Carlo Arqueros Pizarro,Diputado,1257,Alejandra Valdebenito Torres,Diputado,1,2026-07-14,2026-07-14
1187,Carlo Arqueros Pizarro,Diputado,1245,Alejandro Riquelme Ducci,Diputado,1,2026-07-14,2026-07-14
1187,Carlo Arqueros Pizarro,Diputado,1230,Alex Nahuelquin Nahuelquin,Diputado,1,2026-08-11,2026-08-11
1187,Carlo Arqueros Pizarro,Diputado,1227,Claudia Mora Vega,Diputado,1,2026-07-14,2026-07-14
1187,Carlo Arqueros Pizarro,Diputado,1261,Daniel Valenzuela Salazar,Diputado,1,2026-07-14,2026-07-14
1187,Carlo Arqueros Pizarro,Diputado,1255,Eileen Urqueta Rojas,Diputado,1,2026-08-11,2026-08-11
1187,Carlo Arqueros Pizarro,Diputado,1212,Erich Grohs Marín,Diputado,1,2026-07-14,2026-07-14
1187,Carlo Arqueros Pizarro,Diputado,1239,Fabián Ossandón Briceño,Diputado,1,2026-07-14,2026-07-14
1187,Carlo Arqueros Pizarro,Diputado,1253,Fernando Ugarte Tejeda,Diputado,1,2026-07-14,2026-07-14
1187,Carlo Arqueros Pizarro,Diputado,1254,Ignacio Urcullú Clèment-Lund,Diputado,1,2026-07-14,2026-07-14
1187,Carlo Arqueros Pizarro,Diputado,1208,Jorge Díaz Ibarra,Diputado,1,2026-07-14,2026-07-14
1187,Carlo Arqueros Pizarro,Diputado,1246,José Antonio Rivas Villalobos,Diputado,1,2026-08-11,2026-08-11
1187,Carlo Arqueros Pizarro,Diputado,986,Marcela Hernando Pérez,Diputado,1,2026-08-11,2026-08-11
1187,Carlo Arqueros Pizarro,Diputado,1241,Patricio Pinilla Valencia,Diputado,1,2026-08-11,2026-08-11
1187,Carlo Arqueros Pizarro,Diputado,1236,Paula Olmos Contreras,Diputado,1,2026-07-14,2026-07-14
1187,Carlo Arqueros Pizarro,Diputado,1203,Sebastián Cristoffanini Jaraquemada,Diputado,1,2026-07-14,2026-07-14
1187,Carlo Arqueros Pizarro,Diputado,1215,Álvaro Jofré Cáceres,Diputado,1,2026-07-14,2026-07-14
1110,Carlos Bianchi Chelech,Diputado,1257,Alejandra Valdebenito Torres,Diputado,1,2026-06-16,2026-06-16
1110,Carlos Bianchi Chelech,Diputado,1128,Ana María Gazmuri Vieira,Diputado,1,2026-05-11,2026-05-11
1110,Carlos Bianchi Chelech,Diputado,1173,Daniela Serrano Salazar,Diputado,1,2026-04-07,2026-04-07
1110,Carlos Bianchi Chelech,Diputado,1258,Guillermo Valdés Carmona,Diputado,1,2026-06-16,2026-06-16
1110,Carlos Bianchi Chelech,Diputado,1186,Ignacio Achurra Díaz,Diputado,1,2026-05-29,2026-05-29
1110,Carlos Bianchi Chelech,Diputado,1213,Irací Hassler Jacob,Diputado,1,2026-04-07,2026-04-07
1110,Carlos Bianchi Chelech,Diputado,1208,Jorge Díaz Ibarra,Diputado,1,2026-05-28,2026-05-28
1110,Carlos Bianchi Chelech,Diputado,1192,Lilian Betancurt Delgado,Diputado,1,2026-06-16,2026-06-16
1110,Carlos Bianchi Chelech,Diputado,1122,Luis Alberto Cuello Peña y Lillo,Diputado,1,2026-04-07,2026-04-07
1110,Carlos Bianchi Chelech,Diputado,1141,Luis Malla Valenzuela,Diputado,1,2026-05-11,2026-05-11
1110,Carlos Bianchi Chelech,Diputado,1251,Macarena Santelices Cañas,Diputado,1,2026-06-16,2026-06-16
1110,Carlos Bianchi Chelech,Diputado,986,Marcela Hernando Pérez,Diputado,1,2026-05-11,2026-05-11
1110,Carlos Bianchi Chelech,Diputado,1188,Marcos Barraza Gómez,Diputado,1,2026-04-07,2026-04-07
1110,Carlos Bianchi Chelech,Diputado,1117,Nathalie Castillo Rojas,Diputado,1,2026-05-28,2026-05-28
1110,Carlos Bianchi Chelech,Diputado,1193,Patricio Briones Moller,Diputado,1,2026-06-16,2026-06-16
1110,Carlos Bianchi Chelech,Diputado,1236,Paula Olmos Contreras,Diputado,1,2026-06-16,2026-06-16
1110,Carlos Bianchi Chelech,Diputado,843,René Manuel García García,Diputado,1,2026-05-28,2026-05-28
1110,Carlos Bianchi Chelech,Diputado,1182,Sebastián Videla Castillo,Diputado,1,2026-05-11,2026-05-11
1110,Carlos Bianchi Chelech,Diputado,1238,Álvaro Ortiz Vera,Diputado,1,2026-06-10,2026-06-10
1195,Carlos Carvajal Gallardo,Diputado,1206,Carolina Cucumides Calderón,Diputado,1,2026-08-12,2026-08-12
1195,Carlos Carvajal Gallardo,Diputado,1252,Constanza Schonhaut Soto,Diputado,1,2026-07-08,2026-07-08
1195,Carlos Carvajal Gallardo,Diputado,1232,Cristian Neira Martínez,Diputado,1,2026-07-08,2026-07-08
1195,Carlos Carvajal Gallardo,Diputado,1261,Daniel Valenzuela Salazar,Diputado,1,2026-08-12,2026-08-12
1195,Carlos Carvajal Gallardo,Diputado,1239,Fabián Ossandón Briceño,Diputado,1,2026-06-10,2026-06-10
1195,Carlos Carvajal Gallardo,Diputado,1204,Francisco Crisóstomo Llanos,Diputado,1,2026-06-10,2026-06-10
1195,Carlos Carvajal Gallardo,Diputado,803,René Alinco Bustos,Diputado,1,2026-08-05,2026-08-05
1195,Carlos Carvajal Gallardo,Diputado,1263,Sebastián Zamora Soto,Diputado,1,2026-04-15,2026-04-15
1195,Carlos Carvajal Gallardo,Diputado,1219,Tomás Kast Sommerhoff,Diputado,1,2026-06-04,2026-06-04
1195,Carlos Carvajal Gallardo,Diputado,1231,Ximena Naranjo Pinto,Diputado,1,2026-06-16,2026-06-16
1195,Carlos Carvajal Gallardo,Diputado,1215,Álvaro Jofré Cáceres,Diputado,1,2026-06-16,2026-06-16
1195,Carlos Carvajal Gallardo,Diputado,1238,Álvaro Ortiz Vera,Diputado,1,2026-06-10,2026-06-10
1197,Carlos Chandía Alarcón,Diputado,1224,Cristian Mella Andaur,Diputado,1,2026-06-04,2026-06-04
1197,Carlos Chandía Alarcón,Diputado,1199,Jaime Coloma Álamos,Diputado,1,2026-08-11,2026-08-11
1197,Carlos Chandía Alarcón,Diputado,872,Jaime Mulet Martínez,Diputado,1,2026-08-05,2026-08-05
1197,Carlos Chandía Alarcón,Diputado,1229,Javier Muñoz Riquelme,Diputado,1,2026-08-05,2026-08-05
1197,Carlos Chandía Alarcón,Diputado,1234,Mario Olavarría Rodríguez,Diputado,1,2026-08-11,2026-08-11
1197,Carlos Chandía Alarcón,Diputado,1249,Omar Sabat Guzmán,Diputado,1,2026-08-11,2026-08-11
1197,Carlos Chandía Alarcón,Diputado,1263,Sebastián Zamora Soto,Diputado,1,2026-06-15,2026-06-15
1205,Carlos Cuadrado Prats,Diputado,1244,Claudia Reyes Larenas,Diputado,1,2026-06-16,2026-06-16
1205,Carlos Cuadrado Prats,Diputado,1224,Cristian Mella Andaur,Diputado,1,2026-06-12,2026-06-12
1205,Carlos Cuadrado Prats,Diputado,1232,Cristian Neira Martínez,Diputado,1,2026-06-03,2026-06-03
1205,Carlos Cuadrado Prats,Diputado,1261,Daniel Valenzuela Salazar,Diputado,1,2026-07-28,2026-07-28
1205,Carlos Cuadrado Prats,Diputado,1223,Hans Marowski Cuevas,Diputado,1,2026-08-05,2026-08-05
1205,Carlos Cuadrado Prats,Diputado,1213,Irací Hassler Jacob,Diputado,1,2026-06-02,2026-06-02
1205,Carlos Cuadrado Prats,Diputado,872,Jaime Mulet Martínez,Diputado,1,2026-06-22,2026-06-22
1205,Carlos Cuadrado Prats,Diputado,1218,José Antonio Kast Adriasola,Diputado,1,2026-06-16,2026-06-16
1205,Carlos Cuadrado Prats,Diputado,1246,José Antonio Rivas Villalobos,Diputado,1,2026-07-27,2026-07-27
1205,Carlos Cuadrado Prats,Diputado,1259,Juan Marcelo Valenzuela Henríquez,Diputado,1,2026-06-02,2026-06-02
1205,Carlos Cuadrado Prats,Diputado,1234,Mario Olavarría Rodríguez,Diputado,1,2026-06-03,2026-06-03
1205,Carlos Cuadrado Prats,Diputado,1249,Omar Sabat Guzmán,Diputado,1,2026-06-03,2026-06-03
1205,Carlos Cuadrado Prats,Diputado,1228,Paulina Muñoz Minte,Diputado,1,2026-08-05,2026-08-05
1205,Carlos Cuadrado Prats,Diputado,1217,Pier Karlezi Hazleby,Diputado,1,2026-08-05,2026-08-05
1205,Carlos Cuadrado Prats,Diputado,843,René Manuel García García,Diputado,1,2026-06-03,2026-06-03
1205,Carlos Cuadrado Prats,Diputado,1211,Sofía González Cortés,Diputado,1,2026-07-29,2026-07-29
1205,Carlos Cuadrado Prats,Diputado,1215,Álvaro Jofré Cáceres,Diputado,1,2026-06-03,2026-06-03
1206,Carolina Cucumides Calderón,Diputado,1252,Constanza Schonhaut Soto,Diputado,1,2026-08-10,2026-08-10
1206,Carolina Cucumides Calderón,Diputado,1210,Gustavo Gatica Villarroel,Diputado,1,2026-04-20,2026-04-20
1206,Carolina Cucumides Calderón,Diputado,872,Jaime Mulet Martínez,Diputado,1,2026-05-04,2026-05-04
1206,Carolina Cucumides Calderón,Diputado,1226,José Montalva Feuerhake,Diputado,1,2026-06-02,2026-06-02
1206,Carolina Cucumides Calderón,Diputado,1240,Zandra Parisi Fernández,Diputado,1,2026-04-22,2026-04-22
1177,Carolina Tello Rojas,Diputado,1222,Andrea Macías Palma,Diputado,1,2026-05-31,2026-05-31
1177,Carolina Tello Rojas,Diputado,1195,Carlos Carvajal Gallardo,Diputado,1,2026-08-11,2026-08-11
1177,Carolina Tello Rojas,Diputado,1227,Claudia Mora Vega,Diputado,1,2026-07-20,2026-07-20
1177,Carolina Tello Rojas,Diputado,1224,Cristian Mella Andaur,Diputado,1,2026-06-08,2026-06-08
1177,Carolina Tello Rojas,Diputado,1194,Daniel Bustos Leal,Diputado,1,2026-05-04,2026-05-04
1177,Carolina Tello Rojas,Diputado,1239,Fabián Ossandón Briceño,Diputado,1,2026-05-31,2026-05-31
1177,Carolina Tello Rojas,Diputado,1248,Felipe Ross Correa,Diputado,1,2026-07-20,2026-07-20
1177,Carolina Tello Rojas,Diputado,1204,Francisco Crisóstomo Llanos,Diputado,1,2026-07-13,2026-07-13
1177,Carolina Tello Rojas,Diputado,1258,Guillermo Valdés Carmona,Diputado,1,2026-04-15,2026-04-15
1177,Carolina Tello Rojas,Diputado,1210,Gustavo Gatica Villarroel,Diputado,1,2026-07-13,2026-07-13
1177,Carolina Tello Rojas,Diputado,1223,Hans Marowski Cuevas,Diputado,1,2026-04-21,2026-04-21
1177,Carolina Tello Rojas,Diputado,1178,Héctor Ulloa Aguilera,Diputado,1,2026-05-31,2026-05-31
1177,Carolina Tello Rojas,Diputado,1186,Ignacio Achurra Díaz,Diputado,1,2026-07-27,2026-07-27
1177,Carolina Tello Rojas,Diputado,1213,Irací Hassler Jacob,Diputado,1,2026-06-08,2026-06-08
1177,Carolina Tello Rojas,Diputado,1189,Jaime Bassa Mercado,Diputado,1,2026-07-13,2026-07-13
1177,Carolina Tello Rojas,Diputado,872,Jaime Mulet Martínez,Diputado,1,2026-05-04,2026-05-04
1177,Carolina Tello Rojas,Diputado,1235,Javier Olivares Avendaño,Diputado,1,2026-04-21,2026-04-21
1177,Carolina Tello Rojas,Diputado,1208,Jorge Díaz Ibarra,Diputado,1,2026-07-20,2026-07-20
1177,Carolina Tello Rojas,Diputado,1234,Mario Olavarría Rodríguez,Diputado,1,2026-07-20,2026-07-20
1177,Carolina Tello Rojas,Diputado,1249,Omar Sabat Guzmán,Diputado,1,2026-04-21,2026-04-21
1177,Carolina Tello Rojas,Diputado,1217,Pier Karlezi Hazleby,Diputado,1,2026-04-21,2026-04-21
1177,Carolina Tello Rojas,Diputado,1211,Sofía González Cortés,Diputado,1,2026-06-17,2026-06-17
1177,Carolina Tello Rojas,Diputado,1219,Tomás Kast Sommerhoff,Diputado,1,2026-04-15,2026-04-15
1177,Carolina Tello Rojas,Diputado,1240,Zandra Parisi Fernández,Diputado,1,2026-04-22,2026-04-22
1177,Carolina Tello Rojas,Diputado,1215,Álvaro Jofré Cáceres,Diputado,1,2026-04-21,2026-04-21
1177,Carolina Tello Rojas,Diputado,1238,Álvaro Ortiz Vera,Diputado,1,2026-04-21,2026-04-21
1025,Catalina Del Real Mihovilovic,Diputado,1110,Carlos Bianchi Chelech,Diputado,1,2026-06-16,2026-06-16
1025,Catalina Del Real Mihovilovic,Diputado,1205,Carlos Cuadrado Prats,Diputado,1,2026-06-16,2026-06-16
1025,Catalina Del Real Mihovilovic,Diputado,1104,Chiara Barchiesi Chávez,Diputado,1,2026-06-25,2026-06-25
1025,Catalina Del Real Mihovilovic,Diputado,1227,Claudia Mora Vega,Diputado,1,2026-06-22,2026-06-22
1025,Catalina Del Real Mihovilovic,Diputado,1232,Cristian Neira Martínez,Diputado,1,2026-06-09,2026-06-09
1025,Catalina Del Real Mihovilovic,Diputado,1100,Cristián Araya Lerdo de Tejada,Diputado,1,2026-06-09,2026-06-09
1025,Catalina Del Real Mihovilovic,Diputado,1082,Cristóbal Urruticoechea Ríos,Diputado,1,2026-06-25,2026-06-25
1025,Catalina Del Real Mihovilovic,Diputado,1140,Daniel Lilayu Vivanco,Diputado,1,2026-05-29,2026-05-29
1025,Catalina Del Real Mihovilovic,Diputado,1142,Daniel Manouchehri Lobos,Diputado,1,2026-05-29,2026-05-29
1025,Catalina Del Real Mihovilovic,Diputado,1075,Diego Schalper Sepúlveda,Diputado,1,2026-06-16,2026-06-16
1025,Catalina Del Real Mihovilovic,Diputado,1028,Eduardo Durán Salinas,Diputado,1,2026-06-22,2026-06-22
1025,Catalina Del Real Mihovilovic,Diputado,1116,Felipe Camaño Cárdenas,Diputado,1,2026-06-22,2026-06-22
1025,Catalina Del Real Mihovilovic,Diputado,1264,Fernando Zamorano Peralta,Diputado,1,2026-05-29,2026-05-29
1025,Catalina Del Real Mihovilovic,Diputado,1183,Flor Weisse Novoa,Diputado,1,2026-06-16,2026-06-16
1025,Catalina Del Real Mihovilovic,Diputado,1258,Guillermo Valdés Carmona,Diputado,1,2026-06-16,2026-06-16
1025,Catalina Del Real Mihovilovic,Diputado,1254,Ignacio Urcullú Clèment-Lund,Diputado,1,2026-06-09,2026-06-09
1025,Catalina Del Real Mihovilovic,Diputado,1247,Javiera Rodríguez Pascual,Diputado,1,2026-06-09,2026-06-09
1025,Catalina Del Real Mihovilovic,Diputado,1218,José Antonio Kast Adriasola,Diputado,1,2026-06-16,2026-06-16
1025,Catalina Del Real Mihovilovic,Diputado,1192,Lilian Betancurt Delgado,Diputado,1,2026-06-16,2026-06-16
1025,Catalina Del Real Mihovilovic,Diputado,1074,Marisela Santibáñez Novoa,Diputado,1,2026-06-22,2026-06-22
1025,Catalina Del Real Mihovilovic,Diputado,1107,María Francisca Bello Campos,Diputado,1,2026-05-29,2026-05-29
1025,Catalina Del Real Mihovilovic,Diputado,1209,Matías Fernández Hartwig,Diputado,1,2026-05-29,2026-05-29
1025,Catalina Del Real Mihovilovic,Diputado,1193,Patricio Briones Moller,Diputado,1,2026-06-16,2026-06-16
1025,Catalina Del Real Mihovilovic,Diputado,1236,Paula Olmos Contreras,Diputado,1,2026-06-16,2026-06-16
1025,Catalina Del Real Mihovilovic,Diputado,1198,Paz Charpentier Rajcevich,Diputado,1,2026-06-22,2026-06-22
1025,Catalina Del Real Mihovilovic,Diputado,1044,Raúl Leiva Carvajal,Diputado,1,2026-06-16,2026-06-16
1025,Catalina Del Real Mihovilovic,Diputado,1203,Sebastián Cristoffanini Jaraquemada,Diputado,1,2026-06-09,2026-06-09
1025,Catalina Del Real Mihovilovic,Diputado,1216,Stephanie Jéldrez Ortiz,Diputado,1,2026-06-22,2026-06-22
1025,Catalina Del Real Mihovilovic,Diputado,1219,Tomás Kast Sommerhoff,Diputado,1,2026-06-16,2026-06-16
1025,Catalina Del Real Mihovilovic,Diputado,1191,Valentina Becerra Peña,Diputado,1,2026-06-22,2026-06-22
1025,Catalina Del Real Mihovilovic,Diputado,1240,Zandra Parisi Fernández,Diputado,1,2026-06-22,2026-06-22
1025,Catalina Del Real Mihovilovic,Diputado,1215,Álvaro Jofré Cáceres,Diputado,1,2026-06-25,2026-06-25
1104,Chiara Barchiesi Chávez,Diputado,1165,Agustín Romero Leiva,Diputado,1,2026-08-07,2026-08-07
1104,Chiara Barchiesi Chávez,Diputado,1150,Benjamín Moreno Bascur,Diputado,1,2026-07-06,2026-07-06
1104,Chiara Barchiesi Chávez,Diputado,1244,Claudia Reyes Larenas,Diputado,1,2026-06-25,2026-06-25
1104,Chiara Barchiesi Chávez,Diputado,1262,Diego Vergara Rodríguez,Diputado,1,2026-07-06,2026-07-06
1104,Chiara Barchiesi Chávez,Diputado,1248,Felipe Ross Correa,Diputado,1,2026-07-06,2026-07-06
1104,Chiara Barchiesi Chávez,Diputado,1253,Fernando Ugarte Tejeda,Diputado,1,2026-07-06,2026-07-06
1104,Chiara Barchiesi Chávez,Diputado,1152,Gloria Naveillan Arriagada,Diputado,1,2026-06-09,2026-06-09
1104,Chiara Barchiesi Chávez,Diputado,1235,Javier Olivares Avendaño,Diputado,1,2026-07-06,2026-07-06
1104,Chiara Barchiesi Chávez,Diputado,1247,Javiera Rodríguez Pascual,Diputado,1,2026-08-07,2026-08-07
1104,Chiara Barchiesi Chávez,Diputado,1208,Jorge Díaz Ibarra,Diputado,1,2026-05-13,2026-05-13
1104,Chiara Barchiesi Chávez,Diputado,1146,José Carlos Meza Pereira,Diputado,1,2026-05-06,2026-05-06
1104,Chiara Barchiesi Chávez,Diputado,1259,Juan Marcelo Valenzuela Henríquez,Diputado,1,2026-05-13,2026-05-13
1104,Chiara Barchiesi Chávez,Diputado,1122,Luis Alberto Cuello Peña y Lillo,Diputado,1,2026-05-06,2026-05-06
1104,Chiara Barchiesi Chávez,Diputado,1141,Luis Malla Valenzuela,Diputado,1,2026-05-13,2026-05-13
1104,Chiara Barchiesi Chávez,Diputado,1251,Macarena Santelices Cañas,Diputado,1,2026-07-06,2026-07-06
1104,Chiara Barchiesi Chávez,Diputado,1234,Mario Olavarría Rodríguez,Diputado,1,2026-06-09,2026-06-09
1104,Chiara Barchiesi Chávez,Diputado,1107,María Francisca Bello Campos,Diputado,1,2026-05-13,2026-05-13
1104,Chiara Barchiesi Chávez,Diputado,1131,Mauro González Villarroel,Diputado,1,2026-05-13,2026-05-13
1104,Chiara Barchiesi Chávez,Diputado,1193,Patricio Briones Moller,Diputado,1,2026-06-09,2026-06-09
1104,Chiara Barchiesi Chávez,Diputado,1228,Paulina Muñoz Minte,Diputado,1,2026-05-13,2026-05-13
1104,Chiara Barchiesi Chávez,Diputado,1217,Pier Karlezi Hazleby,Diputado,1,2026-06-09,2026-06-09
1104,Chiara Barchiesi Chávez,Diputado,1233,Ricardo Neumann Bertín,Diputado,1,2026-05-13,2026-05-13
1104,Chiara Barchiesi Chávez,Diputado,1263,Sebastián Zamora Soto,Diputado,1,2026-08-07,2026-08-07
1104,Chiara Barchiesi Chávez,Diputado,1211,Sofía González Cortés,Diputado,1,2026-05-06,2026-05-06
1104,Chiara Barchiesi Chávez,Diputado,1243,Tamara Ramírez Ramírez,Diputado,1,2026-05-13,2026-05-13
1104,Chiara Barchiesi Chávez,Diputado,1191,Valentina Becerra Peña,Diputado,1,2026-08-07,2026-08-07
1104,Chiara Barchiesi Chávez,Diputado,1240,Zandra Parisi Fernández,Diputado,1,2026-05-06,2026-05-06
1227,Claudia Mora Vega,Diputado,1257,Alejandra Valdebenito Torres,Diputado,1,2026-07-14,2026-07-14
1227,Claudia Mora Vega,Diputado,1245,Alejandro Riquelme Ducci,Diputado,1,2026-07-14,2026-07-14
1227,Claudia Mora Vega,Diputado,1260,César Valenzuela Maass,Diputado,1,2026-06-08,2026-06-08
1227,Claudia Mora Vega,Diputado,1239,Fabián Ossandón Briceño,Diputado,1,2026-07-14,2026-07-14
1227,Claudia Mora Vega,Diputado,915,Germán Verdugo Soto,Diputado,1,2026-06-23,2026-06-23
1227,Claudia Mora Vega,Diputado,1247,Javiera Rodríguez Pascual,Diputado,1,2026-06-09,2026-06-09
1227,Claudia Mora Vega,Diputado,1249,Omar Sabat Guzmán,Diputado,1,2026-08-11,2026-08-11
1227,Claudia Mora Vega,Diputado,1236,Paula Olmos Contreras,Diputado,1,2026-07-14,2026-07-14
1227,Claudia Mora Vega,Diputado,1228,Paulina Muñoz Minte,Diputado,1,2026-05-18,2026-05-18
1227,Claudia Mora Vega,Diputado,1233,Ricardo Neumann Bertín,Diputado,1,2026-06-23,2026-06-23
1227,Claudia Mora Vega,Diputado,815,Sergio Bobadilla Muñoz,Diputado,1,2026-06-23,2026-06-23
1227,Claudia Mora Vega,Diputado,1240,Zandra Parisi Fernández,Diputado,1,2026-06-22,2026-06-22
1227,Claudia Mora Vega,Diputado,1238,Álvaro Ortiz Vera,Diputado,1,2026-07-21,2026-07-21
1338,Claudia Pascual Grau,Senador,1341,Alejandra Sepúlveda Orbenes,Senador,1,2026-07-14,2026-07-14
1338,Claudia Pascual Grau,Senador,1509,Diego Ibáñez Cotroneo,Senador,1,2026-08-12,2026-08-12
1338,Claudia Pascual Grau,Senador,1340,Gustavo Sanhueza Dueñas,Senador,1,2026-06-03,2026-06-03
1338,Claudia Pascual Grau,Senador,1506,Ricardo Celis Araya,Senador,1,2026-07-15,2026-07-15
1244,Claudia Reyes Larenas,Diputado,1262,Diego Vergara Rodríguez,Diputado,1,2026-07-09,2026-07-09
1244,Claudia Reyes Larenas,Diputado,1253,Fernando Ugarte Tejeda,Diputado,1,2026-06-16,2026-06-16
1244,Claudia Reyes Larenas,Diputado,843,René Manuel García García,Diputado,1,2026-05-18,2026-05-18
1153,Coca Ericka Ñanco Vásquez,Diputado,1206,Carolina Cucumides Calderón,Diputado,1,2026-06-11,2026-06-11
1153,Coca Ericka Ñanco Vásquez,Diputado,1175,Cristián Tapia Ramos,Diputado,1,2026-06-11,2026-06-11
1153,Coca Ericka Ñanco Vásquez,Diputado,1186,Ignacio Achurra Díaz,Diputado,1,2026-07-27,2026-07-27
1153,Coca Ericka Ñanco Vásquez,Diputado,1189,Jaime Bassa Mercado,Diputado,1,2026-07-22,2026-07-22
1153,Coca Ericka Ñanco Vásquez,Diputado,1181,Nelson Venegas Salazar,Diputado,1,2026-07-15,2026-07-15
1153,Coca Ericka Ñanco Vásquez,Diputado,1184,Roberto Celedón Fernández,Diputado,1,2026-07-15,2026-07-15
1214,Constanza Hube Portus,Diputado,1230,Alex Nahuelquin Nahuelquin,Diputado,1,2026-08-06,2026-08-06
1214,Constanza Hube Portus,Diputado,872,Jaime Mulet Martínez,Diputado,1,2026-08-06,2026-08-06
1214,Constanza Hube Portus,Diputado,1234,Mario Olavarría Rodríguez,Diputado,1,2026-06-02,2026-06-02
1214,Constanza Hube Portus,Diputado,1249,Omar Sabat Guzmán,Diputado,1,2026-06-02,2026-06-02
1214,Constanza Hube Portus,Diputado,1228,Paulina Muñoz Minte,Diputado,1,2026-08-06,2026-08-06
1214,Constanza Hube Portus,Diputado,1233,Ricardo Neumann Bertín,Diputado,1,2026-06-08,2026-06-08
1214,Constanza Hube Portus,Diputado,815,Sergio Bobadilla Muñoz,Diputado,1,2026-06-02,2026-06-02
1214,Constanza Hube Portus,Diputado,1215,Álvaro Jofré Cáceres,Diputado,1,2026-08-06,2026-08-06
1252,Constanza Schonhaut Soto,Diputado,1264,Fernando Zamorano Peralta,Diputado,1,2026-07-08,2026-07-08
1252,Constanza Schonhaut Soto,Diputado,986,Marcela Hernando Pérez,Diputado,1,2026-07-07,2026-07-07
1252,Constanza Schonhaut Soto,Diputado,843,René Manuel García García,Diputado,1,2026-07-07,2026-07-07
1180,Consuelo Veloso Ávila,Diputado,1205,Carlos Cuadrado Prats,Diputado,1,2026-07-27,2026-07-27
1180,Consuelo Veloso Ávila,Diputado,1194,Daniel Bustos Leal,Diputado,1,2026-05-04,2026-05-04
1180,Consuelo Veloso Ávila,Diputado,872,Jaime Mulet Martínez,Diputado,1,2026-05-04,2026-05-04
1180,Consuelo Veloso Ávila,Diputado,1247,Javiera Rodríguez Pascual,Diputado,1,2026-05-04,2026-05-04
1180,Consuelo Veloso Ávila,Diputado,986,Marcela Hernando Pérez,Diputado,1,2026-08-11,2026-08-11
1180,Consuelo Veloso Ávila,Diputado,1188,Marcos Barraza Gómez,Diputado,1,2026-06-16,2026-06-16
1180,Consuelo Veloso Ávila,Diputado,1228,Paulina Muñoz Minte,Diputado,1,2026-05-04,2026-05-04
1180,Consuelo Veloso Ávila,Diputado,1191,Valentina Becerra Peña,Diputado,1,2026-05-04,2026-05-04
1180,Consuelo Veloso Ávila,Diputado,1231,Ximena Naranjo Pinto,Diputado,1,2026-05-04,2026-05-04
1180,Consuelo Veloso Ávila,Diputado,1238,Álvaro Ortiz Vera,Diputado,1,2026-04-16,2026-04-16
1200,Cristian Contreras Radovic,Diputado,1258,Guillermo Valdés Carmona,Diputado,1,2026-08-10,2026-08-10
1224,Cristian Mella Andaur,Diputado,1250,Bernardo Salinas Maya,Diputado,1,2026-07-01,2026-07-01
1224,Cristian Mella Andaur,Diputado,1252,Constanza Schonhaut Soto,Diputado,1,2026-07-08,2026-07-08
1224,Cristian Mella Andaur,Diputado,1232,Cristian Neira Martínez,Diputado,1,2026-07-08,2026-07-08
1224,Cristian Mella Andaur,Diputado,1237,Francisco Orrego Gutiérrez,Diputado,1,2026-07-01,2026-07-01
1224,Cristian Mella Andaur,Diputado,872,Jaime Mulet Martínez,Diputado,1,2026-03-27,2026-03-27
1224,Cristian Mella Andaur,Diputado,1235,Javier Olivares Avendaño,Diputado,1,2026-07-01,2026-07-01
1224,Cristian Mella Andaur,Diputado,1247,Javiera Rodríguez Pascual,Diputado,1,2026-07-01,2026-07-01
1224,Cristian Mella Andaur,Diputado,1259,Juan Marcelo Valenzuela Henríquez,Diputado,1,2026-06-24,2026-06-24
1224,Cristian Mella Andaur,Diputado,986,Marcela Hernando Pérez,Diputado,1,2026-08-11,2026-08-11
1224,Cristian Mella Andaur,Diputado,803,René Alinco Bustos,Diputado,1,2026-08-05,2026-08-05
1224,Cristian Mella Andaur,Diputado,1240,Zandra Parisi Fernández,Diputado,1,2026-04-27,2026-04-27
1225,Cristian Menchaca Pinochet,Diputado,1245,Alejandro Riquelme Ducci,Diputado,1,2026-06-16,2026-06-16
1225,Cristian Menchaca Pinochet,Diputado,1244,Claudia Reyes Larenas,Diputado,1,2026-06-16,2026-06-16
1225,Cristian Menchaca Pinochet,Diputado,1253,Fernando Ugarte Tejeda,Diputado,1,2026-06-16,2026-06-16
1225,Cristian Menchaca Pinochet,Diputado,1254,Ignacio Urcullú Clèment-Lund,Diputado,1,2026-06-16,2026-06-16
1225,Cristian Menchaca Pinochet,Diputado,843,René Manuel García García,Diputado,1,2026-05-12,2026-05-12
1232,Cristian Neira Martínez,Diputado,1244,Claudia Reyes Larenas,Diputado,1,2026-06-09,2026-06-09
1232,Cristian Neira Martínez,Diputado,1252,Constanza Schonhaut Soto,Diputado,1,2026-07-08,2026-07-08
1232,Cristian Neira Martínez,Diputado,1264,Fernando Zamorano Peralta,Diputado,1,2026-07-08,2026-07-08
1232,Cristian Neira Martínez,Diputado,1254,Ignacio Urcullú Clèment-Lund,Diputado,1,2026-06-09,2026-06-09
1232,Cristian Neira Martínez,Diputado,1247,Javiera Rodríguez Pascual,Diputado,1,2026-06-09,2026-06-09
1232,Cristian Neira Martínez,Diputado,1251,Macarena Santelices Cañas,Diputado,1,2026-06-03,2026-06-03
1232,Cristian Neira Martínez,Diputado,1234,Mario Olavarría Rodríguez,Diputado,1,2026-06-03,2026-06-03
1232,Cristian Neira Martínez,Diputado,1249,Omar Sabat Guzmán,Diputado,1,2026-06-03,2026-06-03
1232,Cristian Neira Martínez,Diputado,843,René Manuel García García,Diputado,1,2026-06-03,2026-06-03
1518,Cristian Vial Maceratta,Senador,911,Carlos Ignacio Kuschel Silva,Senador,1,2026-06-24,2026-06-24
1100,Cristián Araya Lerdo de Tejada,Diputado,1245,Alejandro Riquelme Ducci,Diputado,1,2026-07-09,2026-07-09
1100,Cristián Araya Lerdo de Tejada,Diputado,1150,Benjamín Moreno Bascur,Diputado,1,2026-07-09,2026-07-09
1100,Cristián Araya Lerdo de Tejada,Diputado,1232,Cristian Neira Martínez,Diputado,1,2026-06-09,2026-06-09
1100,Cristián Araya Lerdo de Tejada,Diputado,1194,Daniel Bustos Leal,Diputado,1,2026-07-09,2026-07-09
1100,Cristián Araya Lerdo de Tejada,Diputado,1262,Diego Vergara Rodríguez,Diputado,1,2026-07-09,2026-07-09
1100,Cristián Araya Lerdo de Tejada,Diputado,1202,Eduardo Cretton Rebolledo,Diputado,1,2026-07-07,2026-07-07
1100,Cristián Araya Lerdo de Tejada,Diputado,1248,Felipe Ross Correa,Diputado,1,2026-07-06,2026-07-06
1100,Cristián Araya Lerdo de Tejada,Diputado,1253,Fernando Ugarte Tejeda,Diputado,1,2026-07-06,2026-07-06
1100,Cristián Araya Lerdo de Tejada,Diputado,1210,Gustavo Gatica Villarroel,Diputado,1,2026-08-11,2026-08-11
1100,Cristián Araya Lerdo de Tejada,Diputado,1223,Hans Marowski Cuevas,Diputado,1,2026-06-16,2026-06-16
1100,Cristián Araya Lerdo de Tejada,Diputado,1176,Hotuiti Teao Drago,Diputado,1,2026-07-06,2026-07-06
1100,Cristián Araya Lerdo de Tejada,Diputado,1105,Héctor Barría Angulo,Diputado,1,2026-05-28,2026-05-28
1100,Cristián Araya Lerdo de Tejada,Diputado,1254,Ignacio Urcullú Clèment-Lund,Diputado,1,2026-06-09,2026-06-09
1100,Cristián Araya Lerdo de Tejada,Diputado,1235,Javier Olivares Avendaño,Diputado,1,2026-06-16,2026-06-16
1100,Cristián Araya Lerdo de Tejada,Diputado,1208,Jorge Díaz Ibarra,Diputado,1,2026-05-13,2026-05-13
1100,Cristián Araya Lerdo de Tejada,Diputado,1132,Jorge Guzmán Zepeda,Diputado,1,2026-06-16,2026-06-16
1100,Cristián Araya Lerdo de Tejada,Diputado,1146,José Carlos Meza Pereira,Diputado,1,2026-05-06,2026-05-06
1100,Cristián Araya Lerdo de Tejada,Diputado,1108,Juan Carlos Beltrán Silva,Diputado,1,2026-08-07,2026-08-07
1100,Cristián Araya Lerdo de Tejada,Diputado,1192,Lilian Betancurt Delgado,Diputado,1,2026-06-16,2026-06-16
1100,Cristián Araya Lerdo de Tejada,Diputado,1122,Luis Alberto Cuello Peña y Lillo,Diputado,1,2026-05-06,2026-05-06
1100,Cristián Araya Lerdo de Tejada,Diputado,1107,María Francisca Bello Campos,Diputado,1,2026-05-13,2026-05-13
1100,Cristián Araya Lerdo de Tejada,Diputado,1117,Nathalie Castillo Rojas,Diputado,1,2026-08-14,2026-08-14
1100,Cristián Araya Lerdo de Tejada,Diputado,1193,Patricio Briones Moller,Diputado,1,2026-07-06,2026-07-06
1100,Cristián Araya Lerdo de Tejada,Diputado,1236,Paula Olmos Contreras,Diputado,1,2026-08-14,2026-08-14
1100,Cristián Araya Lerdo de Tejada,Diputado,1198,Paz Charpentier Rajcevich,Diputado,1,2026-07-09,2026-07-09
1100,Cristián Araya Lerdo de Tejada,Diputado,1217,Pier Karlezi Hazleby,Diputado,1,2026-06-16,2026-06-16
1100,Cristián Araya Lerdo de Tejada,Diputado,843,René Manuel García García,Diputado,1,2026-06-16,2026-06-16
1100,Cristián Araya Lerdo de Tejada,Diputado,1102,Roberto Arroyo Muñoz,Diputado,1,2026-06-16,2026-06-16
1100,Cristián Araya Lerdo de Tejada,Diputado,1203,Sebastián Cristoffanini Jaraquemada,Diputado,1,2026-06-09,2026-06-09
1100,Cristián Araya Lerdo de Tejada,Diputado,1256,Tatiana Urrutia Herrera,Diputado,1,2026-08-11,2026-08-11
1100,Cristián Araya Lerdo de Tejada,Diputado,1219,Tomás Kast Sommerhoff,Diputado,1,2026-06-16,2026-06-16
1100,Cristián Araya Lerdo de Tejada,Diputado,1207,Valentina Cáceres Monsálvez,Diputado,1,2026-08-14,2026-08-14
1100,Cristián Araya Lerdo de Tejada,Diputado,1215,Álvaro Jofré Cáceres,Diputado,1,2026-05-13,2026-05-13
1175,Cristián Tapia Ramos,Diputado,1206,Carolina Cucumides Calderón,Diputado,1,2026-06-11,2026-06-11
1175,Cristián Tapia Ramos,Diputado,1227,Claudia Mora Vega,Diputado,1,2026-05-18,2026-05-18
1175,Cristián Tapia Ramos,Diputado,1244,Claudia Reyes Larenas,Diputado,1,2026-05-18,2026-05-18
1175,Cristián Tapia Ramos,Diputado,1180,Consuelo Veloso Ávila,Diputado,1,2026-06-11,2026-06-11
1175,Cristián Tapia Ramos,Diputado,1224,Cristian Mella Andaur,Diputado,1,2026-06-04,2026-06-04
1175,Cristián Tapia Ramos,Diputado,1201,Flor Contreras Vivallo,Diputado,1,2026-05-12,2026-05-12
1175,Cristián Tapia Ramos,Diputado,1254,Ignacio Urcullú Clèment-Lund,Diputado,1,2026-05-12,2026-05-12
1175,Cristián Tapia Ramos,Diputado,1189,Jaime Bassa Mercado,Diputado,1,2026-06-15,2026-06-15
1175,Cristián Tapia Ramos,Diputado,872,Jaime Mulet Martínez,Diputado,1,2026-05-12,2026-05-12
1175,Cristián Tapia Ramos,Diputado,1229,Javier Muñoz Riquelme,Diputado,1,2026-07-24,2026-07-24
1175,Cristián Tapia Ramos,Diputado,1208,Jorge Díaz Ibarra,Diputado,1,2026-07-24,2026-07-24
1175,Cristián Tapia Ramos,Diputado,1209,Matías Fernández Hartwig,Diputado,1,2026-06-11,2026-06-11
1175,Cristián Tapia Ramos,Diputado,1241,Patricio Pinilla Valencia,Diputado,1,2026-04-25,2026-04-25
1175,Cristián Tapia Ramos,Diputado,1228,Paulina Muñoz Minte,Diputado,1,2026-05-18,2026-05-18
1175,Cristián Tapia Ramos,Diputado,843,René Manuel García García,Diputado,1,2026-05-18,2026-05-18
1175,Cristián Tapia Ramos,Diputado,1203,Sebastián Cristoffanini Jaraquemada,Diputado,1,2026-05-12,2026-05-12
1175,Cristián Tapia Ramos,Diputado,1263,Sebastián Zamora Soto,Diputado,1,2026-06-15,2026-06-15
1175,Cristián Tapia Ramos,Diputado,1219,Tomás Kast Sommerhoff,Diputado,1,2026-06-04,2026-06-04
1143,Cristóbal Martínez Ramírez,Diputado,1206,Carolina Cucumides Calderón,Diputado,1,2026-06-02,2026-06-02
1143,Cristóbal Martínez Ramírez,Diputado,1214,Constanza Hube Portus,Diputado,1,2026-06-02,2026-06-02
1143,Cristóbal Martínez Ramírez,Diputado,1260,César Valenzuela Maass,Diputado,1,2026-06-11,2026-06-11
1082,Cristóbal Urruticoechea Ríos,Diputado,1165,Agustín Romero Leiva,Diputado,1,2026-07-21,2026-07-21
1082,Cristóbal Urruticoechea Ríos,Diputado,1205,Carlos Cuadrado Prats,Diputado,1,2026-08-05,2026-08-05
1082,Cristóbal Urruticoechea Ríos,Diputado,1177,Carolina Tello Rojas,Diputado,1,2026-04-21,2026-04-21
1082,Cristóbal Urruticoechea Ríos,Diputado,1104,Chiara Barchiesi Chávez,Diputado,1,2026-06-25,2026-06-25
1082,Cristóbal Urruticoechea Ríos,Diputado,1244,Claudia Reyes Larenas,Diputado,1,2026-06-25,2026-06-25
1082,Cristóbal Urruticoechea Ríos,Diputado,1261,Daniel Valenzuela Salazar,Diputado,1,2026-08-05,2026-08-05
1082,Cristóbal Urruticoechea Ríos,Diputado,1262,Diego Vergara Rodríguez,Diputado,1,2026-08-05,2026-08-05
1082,Cristóbal Urruticoechea Ríos,Diputado,1190,Enrique Bassaletti Riess,Diputado,1,2026-07-21,2026-07-21
1082,Cristóbal Urruticoechea Ríos,Diputado,1116,Felipe Camaño Cárdenas,Diputado,1,2026-08-05,2026-08-05
1082,Cristóbal Urruticoechea Ríos,Diputado,915,Germán Verdugo Soto,Diputado,1,2026-04-15,2026-04-15
1082,Cristóbal Urruticoechea Ríos,Diputado,1178,Héctor Ulloa Aguilera,Diputado,1,2026-04-21,2026-04-21
1082,Cristóbal Urruticoechea Ríos,Diputado,1133,Juan Irarrázaval Rossel,Diputado,1,2026-06-02,2026-06-02
1082,Cristóbal Urruticoechea Ríos,Diputado,1192,Lilian Betancurt Delgado,Diputado,1,2026-06-25,2026-06-25
1082,Cristóbal Urruticoechea Ríos,Diputado,1251,Macarena Santelices Cañas,Diputado,1,2026-07-21,2026-07-21
1082,Cristóbal Urruticoechea Ríos,Diputado,1249,Omar Sabat Guzmán,Diputado,1,2026-04-21,2026-04-21
1082,Cristóbal Urruticoechea Ríos,Diputado,1236,Paula Olmos Contreras,Diputado,1,2026-06-02,2026-06-02
1082,Cristóbal Urruticoechea Ríos,Diputado,1233,Ricardo Neumann Bertín,Diputado,1,2026-07-27,2026-07-27
1082,Cristóbal Urruticoechea Ríos,Diputado,1102,Roberto Arroyo Muñoz,Diputado,1,2026-06-25,2026-06-25
1082,Cristóbal Urruticoechea Ríos,Diputado,1184,Roberto Celedón Fernández,Diputado,1,2026-06-02,2026-06-02
1082,Cristóbal Urruticoechea Ríos,Diputado,1263,Sebastián Zamora Soto,Diputado,1,2026-07-27,2026-07-27
1082,Cristóbal Urruticoechea Ríos,Diputado,1191,Valentina Becerra Peña,Diputado,1,2026-07-27,2026-07-27
1082,Cristóbal Urruticoechea Ríos,Diputado,1231,Ximena Naranjo Pinto,Diputado,1,2026-06-02,2026-06-02
1082,Cristóbal Urruticoechea Ríos,Diputado,1240,Zandra Parisi Fernández,Diputado,1,2026-06-02,2026-06-02
1194,Daniel Bustos Leal,Diputado,1245,Alejandro Riquelme Ducci,Diputado,1,2026-07-09,2026-07-09
1194,Daniel Bustos Leal,Diputado,1206,Carolina Cucumides Calderón,Diputado,1,2026-05-04,2026-05-04
1194,Daniel Bustos Leal,Diputado,1244,Claudia Reyes Larenas,Diputado,1,2026-07-09,2026-07-09
1194,Daniel Bustos Leal,Diputado,1262,Diego Vergara Rodríguez,Diputado,1,2026-07-09,2026-07-09
1194,Daniel Bustos Leal,Diputado,1255,Eileen Urqueta Rojas,Diputado,1,2026-05-04,2026-05-04
1194,Daniel Bustos Leal,Diputado,1258,Guillermo Valdés Carmona,Diputado,1,2026-06-29,2026-06-29
1194,Daniel Bustos Leal,Diputado,872,Jaime Mulet Martínez,Diputado,1,2026-05-04,2026-05-04
1194,Daniel Bustos Leal,Diputado,1229,Javier Muñoz Riquelme,Diputado,1,2026-06-29,2026-06-29
1194,Daniel Bustos Leal,Diputado,1247,Javiera Rodríguez Pascual,Diputado,1,2026-07-09,2026-07-09
1194,Daniel Bustos Leal,Diputado,1218,José Antonio Kast Adriasola,Diputado,1,2026-07-09,2026-07-09
1194,Daniel Bustos Leal,Diputado,1251,Macarena Santelices Cañas,Diputado,1,2026-07-09,2026-07-09
1194,Daniel Bustos Leal,Diputado,1198,Paz Charpentier Rajcevich,Diputado,1,2026-07-09,2026-07-09
1194,Daniel Bustos Leal,Diputado,1242,Rodrigo Ramírez Parra,Diputado,1,2026-06-29,2026-06-29
1140,Daniel Lilayu Vivanco,Diputado,1194,Daniel Bustos Leal,Diputado,1,2026-06-29,2026-06-29
1140,Daniel Lilayu Vivanco,Diputado,1142,Daniel Manouchehri Lobos,Diputado,1,2026-05-29,2026-05-29
1140,Daniel Lilayu Vivanco,Diputado,1264,Fernando Zamorano Peralta,Diputado,1,2026-05-29,2026-05-29
1140,Daniel Lilayu Vivanco,Diputado,1258,Guillermo Valdés Carmona,Diputado,1,2026-06-29,2026-06-29
1140,Daniel Lilayu Vivanco,Diputado,1229,Javier Muñoz Riquelme,Diputado,1,2026-06-29,2026-06-29
1140,Daniel Lilayu Vivanco,Diputado,1251,Macarena Santelices Cañas,Diputado,1,2026-05-29,2026-05-29
1140,Daniel Lilayu Vivanco,Diputado,1209,Matías Fernández Hartwig,Diputado,1,2026-05-29,2026-05-29
1140,Daniel Lilayu Vivanco,Diputado,803,René Alinco Bustos,Diputado,1,2026-05-13,2026-05-13
1140,Daniel Lilayu Vivanco,Diputado,1242,Rodrigo Ramírez Parra,Diputado,1,2026-06-29,2026-06-29
1142,Daniel Manouchehri Lobos,Diputado,1257,Alejandra Valdebenito Torres,Diputado,1,2026-05-29,2026-05-29
1142,Daniel Manouchehri Lobos,Diputado,1205,Carlos Cuadrado Prats,Diputado,1,2026-06-02,2026-06-02
1142,Daniel Manouchehri Lobos,Diputado,1206,Carolina Cucumides Calderón,Diputado,1,2026-06-02,2026-06-02
1142,Daniel Manouchehri Lobos,Diputado,1224,Cristian Mella Andaur,Diputado,1,2026-06-24,2026-06-24
1142,Daniel Manouchehri Lobos,Diputado,1264,Fernando Zamorano Peralta,Diputado,1,2026-05-29,2026-05-29
1142,Daniel Manouchehri Lobos,Diputado,1213,Irací Hassler Jacob,Diputado,1,2026-06-02,2026-06-02
1142,Daniel Manouchehri Lobos,Diputado,1208,Jorge Díaz Ibarra,Diputado,1,2026-06-24,2026-06-24
1142,Daniel Manouchehri Lobos,Diputado,1251,Macarena Santelices Cañas,Diputado,1,2026-05-29,2026-05-29
1142,Daniel Manouchehri Lobos,Diputado,1209,Matías Fernández Hartwig,Diputado,1,2026-05-29,2026-05-29
1142,Daniel Manouchehri Lobos,Diputado,815,Sergio Bobadilla Muñoz,Diputado,1,2026-07-21,2026-07-21
1142,Daniel Manouchehri Lobos,Diputado,1238,Álvaro Ortiz Vera,Diputado,1,2026-06-24,2026-06-24
1336,Daniel Núñez Arancibia,Senador,1341,Alejandra Sepúlveda Orbenes,Senador,1,2026-04-08,2026-04-08
1336,Daniel Núñez Arancibia,Senador,1501,Andrea Balladares Letelier,Senador,1,2026-05-05,2026-05-05
1261,Daniel Valenzuela Salazar,Diputado,1262,Diego Vergara Rodríguez,Diputado,1,2026-08-05,2026-08-05
1173,Daniela Serrano Salazar,Diputado,1195,Carlos Carvajal Gallardo,Diputado,1,2026-06-10,2026-06-10
1173,Daniela Serrano Salazar,Diputado,1206,Carolina Cucumides Calderón,Diputado,1,2026-06-02,2026-06-02
1173,Daniela Serrano Salazar,Diputado,1260,César Valenzuela Maass,Diputado,1,2026-06-11,2026-06-11
1173,Daniela Serrano Salazar,Diputado,1239,Fabián Ossandón Briceño,Diputado,1,2026-06-10,2026-06-10
1173,Daniela Serrano Salazar,Diputado,1204,Francisco Crisóstomo Llanos,Diputado,1,2026-06-10,2026-06-10
1173,Daniela Serrano Salazar,Diputado,1210,Gustavo Gatica Villarroel,Diputado,1,2026-08-12,2026-08-12
1173,Daniela Serrano Salazar,Diputado,1241,Patricio Pinilla Valencia,Diputado,1,2026-06-08,2026-06-08
1173,Daniela Serrano Salazar,Diputado,815,Sergio Bobadilla Muñoz,Diputado,1,2026-07-21,2026-07-21
1500,Danisa Astudillo Peiretti,Senador,1508,Camila Flores Oporto,Senador,1,2026-06-17,2026-06-17
1500,Danisa Astudillo Peiretti,Senador,1516,Renzo Trisotti Martínez,Senador,1,2026-06-16,2026-06-16
1509,Diego Ibáñez Cotroneo,Senador,1515,Arturo Squella Ovalle,Senador,1,2026-08-19,2026-08-19
1509,Diego Ibáñez Cotroneo,Senador,1513,Vlado Mirosevic Verdugo,Senador,1,2026-07-22,2026-07-22
1075,Diego Schalper Sepúlveda,Diputado,1128,Ana María Gazmuri Vieira,Diputado,1,2026-07-08,2026-07-08
1075,Diego Schalper Sepúlveda,Diputado,1195,Carlos Carvajal Gallardo,Diputado,1,2026-07-08,2026-07-08
1075,Diego Schalper Sepúlveda,Diputado,1244,Claudia Reyes Larenas,Diputado,1,2026-06-16,2026-06-16
1075,Diego Schalper Sepúlveda,Diputado,1252,Constanza Schonhaut Soto,Diputado,1,2026-07-08,2026-07-08
1075,Diego Schalper Sepúlveda,Diputado,1224,Cristian Mella Andaur,Diputado,1,2026-07-08,2026-07-08
1075,Diego Schalper Sepúlveda,Diputado,1232,Cristian Neira Martínez,Diputado,1,2026-07-08,2026-07-08
1075,Diego Schalper Sepúlveda,Diputado,1143,Cristóbal Martínez Ramírez,Diputado,1,2026-07-21,2026-07-21
1075,Diego Schalper Sepúlveda,Diputado,1142,Daniel Manouchehri Lobos,Diputado,1,2026-07-21,2026-07-21
1075,Diego Schalper Sepúlveda,Diputado,1173,Daniela Serrano Salazar,Diputado,1,2026-07-21,2026-07-21
1075,Diego Schalper Sepúlveda,Diputado,1202,Eduardo Cretton Rebolledo,Diputado,1,2026-07-07,2026-07-07
1075,Diego Schalper Sepúlveda,Diputado,1248,Felipe Ross Correa,Diputado,1,2026-07-20,2026-07-20
1075,Diego Schalper Sepúlveda,Diputado,1264,Fernando Zamorano Peralta,Diputado,1,2026-07-08,2026-07-08
1075,Diego Schalper Sepúlveda,Diputado,1183,Flor Weisse Novoa,Diputado,1,2026-06-16,2026-06-16
1075,Diego Schalper Sepúlveda,Diputado,915,Germán Verdugo Soto,Diputado,1,2026-06-23,2026-06-23
1075,Diego Schalper Sepúlveda,Diputado,1086,Gonzalo Winter Etcheberry,Diputado,1,2026-07-21,2026-07-21
1075,Diego Schalper Sepúlveda,Diputado,1258,Guillermo Valdés Carmona,Diputado,1,2026-04-15,2026-04-15
1075,Diego Schalper Sepúlveda,Diputado,1223,Hans Marowski Cuevas,Diputado,1,2026-07-29,2026-07-29
1075,Diego Schalper Sepúlveda,Diputado,1105,Héctor Barría Angulo,Diputado,1,2026-05-06,2026-05-06
1075,Diego Schalper Sepúlveda,Diputado,1199,Jaime Coloma Álamos,Diputado,1,2026-07-07,2026-07-07
1075,Diego Schalper Sepúlveda,Diputado,872,Jaime Mulet Martínez,Diputado,1,2026-06-22,2026-06-22
1075,Diego Schalper Sepúlveda,Diputado,1235,Javier Olivares Avendaño,Diputado,1,2026-07-29,2026-07-29
1075,Diego Schalper Sepúlveda,Diputado,1208,Jorge Díaz Ibarra,Diputado,1,2026-07-20,2026-07-20
1075,Diego Schalper Sepúlveda,Diputado,1218,José Antonio Kast Adriasola,Diputado,1,2026-06-16,2026-06-16
1075,Diego Schalper Sepúlveda,Diputado,1141,Luis Malla Valenzuela,Diputado,1,2026-07-20,2026-07-20
1075,Diego Schalper Sepúlveda,Diputado,1170,Luis Sánchez Ossa,Diputado,1,2026-07-29,2026-07-29
1075,Diego Schalper Sepúlveda,Diputado,986,Marcela Hernando Pérez,Diputado,1,2026-07-20,2026-07-20
1075,Diego Schalper Sepúlveda,Diputado,1234,Mario Olavarría Rodríguez,Diputado,1,2026-07-20,2026-07-20
1075,Diego Schalper Sepúlveda,Diputado,1236,Paula Olmos Contreras,Diputado,1,2026-05-06,2026-05-06
1075,Diego Schalper Sepúlveda,Diputado,1233,Ricardo Neumann Bertín,Diputado,1,2026-06-23,2026-06-23
1075,Diego Schalper Sepúlveda,Diputado,1184,Roberto Celedón Fernández,Diputado,1,2026-04-15,2026-04-15
1075,Diego Schalper Sepúlveda,Diputado,1119,Sara Concha Smith,Diputado,1,2026-06-23,2026-06-23
1075,Diego Schalper Sepúlveda,Diputado,1263,Sebastián Zamora Soto,Diputado,1,2026-07-29,2026-07-29
1202,Eduardo Cretton Rebolledo,Diputado,1235,Javier Olivares Avendaño,Diputado,1,2026-07-27,2026-07-27
1202,Eduardo Cretton Rebolledo,Diputado,1247,Javiera Rodríguez Pascual,Diputado,1,2026-07-27,2026-07-27
1202,Eduardo Cretton Rebolledo,Diputado,1228,Paulina Muñoz Minte,Diputado,1,2026-04-21,2026-04-21
1202,Eduardo Cretton Rebolledo,Diputado,1217,Pier Karlezi Hazleby,Diputado,1,2026-04-21,2026-04-21
1202,Eduardo Cretton Rebolledo,Diputado,803,René Alinco Bustos,Diputado,1,2026-05-13,2026-05-13
1202,Eduardo Cretton Rebolledo,Diputado,1263,Sebastián Zamora Soto,Diputado,1,2026-07-27,2026-07-27
1028,Eduardo Durán Salinas,Diputado,1244,Claudia Reyes Larenas,Diputado,1,2026-06-22,2026-06-22
1028,Eduardo Durán Salinas,Diputado,1180,Consuelo Veloso Ávila,Diputado,1,2026-05-04,2026-05-04
1028,Eduardo Durán Salinas,Diputado,1082,Cristóbal Urruticoechea Ríos,Diputado,1,2026-06-02,2026-06-02
1028,Eduardo Durán Salinas,Diputado,1260,César Valenzuela Maass,Diputado,1,2026-06-08,2026-06-08
1028,Eduardo Durán Salinas,Diputado,1255,Eileen Urqueta Rojas,Diputado,1,2026-05-04,2026-05-04
1028,Eduardo Durán Salinas,Diputado,1239,Fabián Ossandón Briceño,Diputado,1,2026-06-19,2026-06-19
1028,Eduardo Durán Salinas,Diputado,1116,Felipe Camaño Cárdenas,Diputado,1,2026-06-22,2026-06-22
1028,Eduardo Durán Salinas,Diputado,1248,Felipe Ross Correa,Diputado,1,2026-06-09,2026-06-09
1028,Eduardo Durán Salinas,Diputado,1253,Fernando Ugarte Tejeda,Diputado,1,2026-04-14,2026-04-14
1028,Eduardo Durán Salinas,Diputado,1201,Flor Contreras Vivallo,Diputado,1,2026-08-03,2026-08-03
1028,Eduardo Durán Salinas,Diputado,1114,Félix Bugueño Sotelo,Diputado,1,2026-08-03,2026-08-03
1028,Eduardo Durán Salinas,Diputado,1178,Héctor Ulloa Aguilera,Diputado,1,2026-06-26,2026-06-26
1028,Eduardo Durán Salinas,Diputado,1099,Jaime Araya Guerrero,Diputado,1,2026-06-28,2026-06-28
1028,Eduardo Durán Salinas,Diputado,1247,Javiera Rodríguez Pascual,Diputado,1,2026-05-04,2026-05-04
1028,Eduardo Durán Salinas,Diputado,1246,José Antonio Rivas Villalobos,Diputado,1,2026-08-03,2026-08-03
1028,Eduardo Durán Salinas,Diputado,1259,Juan Marcelo Valenzuela Henríquez,Diputado,1,2026-06-02,2026-06-02
1028,Eduardo Durán Salinas,Diputado,1251,Macarena Santelices Cañas,Diputado,1,2026-06-26,2026-06-26
1028,Eduardo Durán Salinas,Diputado,1039,Pamela Jiles Moreno,Diputado,1,2026-06-23,2026-06-23
1028,Eduardo Durán Salinas,Diputado,1193,Patricio Briones Moller,Diputado,1,2026-06-02,2026-06-02
1028,Eduardo Durán Salinas,Diputado,1241,Patricio Pinilla Valencia,Diputado,1,2026-08-03,2026-08-03
1028,Eduardo Durán Salinas,Diputado,1228,Paulina Muñoz Minte,Diputado,1,2026-05-04,2026-05-04
1028,Eduardo Durán Salinas,Diputado,1198,Paz Charpentier Rajcevich,Diputado,1,2026-06-22,2026-06-22
1028,Eduardo Durán Salinas,Diputado,1217,Pier Karlezi Hazleby,Diputado,1,2026-04-14,2026-04-14
1028,Eduardo Durán Salinas,Diputado,1044,Raúl Leiva Carvajal,Diputado,1,2026-06-28,2026-06-28
1028,Eduardo Durán Salinas,Diputado,1102,Roberto Arroyo Muñoz,Diputado,1,2026-06-19,2026-06-19
1028,Eduardo Durán Salinas,Diputado,1182,Sebastián Videla Castillo,Diputado,1,2026-08-03,2026-08-03
1028,Eduardo Durán Salinas,Diputado,1216,Stephanie Jéldrez Ortiz,Diputado,1,2026-06-22,2026-06-22
1028,Eduardo Durán Salinas,Diputado,1215,Álvaro Jofré Cáceres,Diputado,1,2026-06-09,2026-06-09
1028,Eduardo Durán Salinas,Diputado,1238,Álvaro Ortiz Vera,Diputado,1,2026-06-02,2026-06-02
1255,Eileen Urqueta Rojas,Diputado,1260,César Valenzuela Maass,Diputado,1,2026-07-22,2026-07-22
1255,Eileen Urqueta Rojas,Diputado,1261,Daniel Valenzuela Salazar,Diputado,1,2026-05-12,2026-05-12
1255,Eileen Urqueta Rojas,Diputado,1258,Guillermo Valdés Carmona,Diputado,1,2026-05-06,2026-05-06
1255,Eileen Urqueta Rojas,Diputado,872,Jaime Mulet Martínez,Diputado,1,2026-05-04,2026-05-04
1255,Eileen Urqueta Rojas,Diputado,1256,Tatiana Urrutia Herrera,Diputado,1,2026-07-22,2026-07-22
1056,Emilia Nuyado Ancapichun,Diputado,1250,Bernardo Salinas Maya,Diputado,1,2026-07-06,2026-07-06
1056,Emilia Nuyado Ancapichun,Diputado,1110,Carlos Bianchi Chelech,Diputado,1,2026-05-11,2026-05-11
1056,Emilia Nuyado Ancapichun,Diputado,1180,Consuelo Veloso Ávila,Diputado,1,2026-07-29,2026-07-29
1056,Emilia Nuyado Ancapichun,Diputado,1194,Daniel Bustos Leal,Diputado,1,2026-06-29,2026-06-29
1056,Emilia Nuyado Ancapichun,Diputado,1140,Daniel Lilayu Vivanco,Diputado,1,2026-06-29,2026-06-29
1056,Emilia Nuyado Ancapichun,Diputado,1261,Daniel Valenzuela Salazar,Diputado,1,2026-08-07,2026-08-07
1056,Emilia Nuyado Ancapichun,Diputado,1116,Felipe Camaño Cárdenas,Diputado,1,2026-05-20,2026-05-20
1056,Emilia Nuyado Ancapichun,Diputado,1204,Francisco Crisóstomo Llanos,Diputado,1,2026-07-06,2026-07-06
1056,Emilia Nuyado Ancapichun,Diputado,1258,Guillermo Valdés Carmona,Diputado,1,2026-06-29,2026-06-29
1056,Emilia Nuyado Ancapichun,Diputado,1178,Héctor Ulloa Aguilera,Diputado,1,2026-05-31,2026-05-31
1056,Emilia Nuyado Ancapichun,Diputado,1213,Irací Hassler Jacob,Diputado,1,2026-05-31,2026-05-31
1056,Emilia Nuyado Ancapichun,Diputado,1062,Joanna Pérez Olea,Diputado,1,2026-06-29,2026-06-29
1056,Emilia Nuyado Ancapichun,Diputado,1108,Juan Carlos Beltrán Silva,Diputado,1,2026-08-07,2026-08-07
1056,Emilia Nuyado Ancapichun,Diputado,1073,Juan Santana Castillo,Diputado,1,2026-08-11,2026-08-11
1056,Emilia Nuyado Ancapichun,Diputado,1159,Lorena Pizarro Sierra,Diputado,1,2026-08-11,2026-08-11
1056,Emilia Nuyado Ancapichun,Diputado,1141,Luis Malla Valenzuela,Diputado,1,2026-05-11,2026-05-11
1056,Emilia Nuyado Ancapichun,Diputado,986,Marcela Hernando Pérez,Diputado,1,2026-05-11,2026-05-11
1056,Emilia Nuyado Ancapichun,Diputado,1188,Marcos Barraza Gómez,Diputado,1,2026-08-11,2026-08-11
1056,Emilia Nuyado Ancapichun,Diputado,1234,Mario Olavarría Rodríguez,Diputado,1,2026-05-31,2026-05-31
1056,Emilia Nuyado Ancapichun,Diputado,1166,Natalia Romero Talguia,Diputado,1,2026-06-29,2026-06-29
1056,Emilia Nuyado Ancapichun,Diputado,1241,Patricio Pinilla Valencia,Diputado,1,2026-07-06,2026-07-06
1056,Emilia Nuyado Ancapichun,Diputado,1196,Priscilla Castillo Gerli,Diputado,1,2026-05-20,2026-05-20
1056,Emilia Nuyado Ancapichun,Diputado,1242,Rodrigo Ramírez Parra,Diputado,1,2026-06-29,2026-06-29
1056,Emilia Nuyado Ancapichun,Diputado,1119,Sara Concha Smith,Diputado,1,2026-06-29,2026-06-29
1056,Emilia Nuyado Ancapichun,Diputado,1256,Tatiana Urrutia Herrera,Diputado,1,2026-05-31,2026-05-31
1171,Emilia Schneider Videla,Diputado,1222,Andrea Macías Palma,Diputado,1,2026-03-25,2026-03-25
1171,Emilia Schneider Videla,Diputado,1250,Bernardo Salinas Maya,Diputado,1,2026-04-20,2026-04-20
1171,Emilia Schneider Videla,Diputado,1206,Carolina Cucumides Calderón,Diputado,1,2026-04-20,2026-04-20
1171,Emilia Schneider Videla,Diputado,1173,Daniela Serrano Salazar,Diputado,1,2026-06-08,2026-06-08
1171,Emilia Schneider Videla,Diputado,1178,Héctor Ulloa Aguilera,Diputado,1,2026-04-20,2026-04-20
1171,Emilia Schneider Videla,Diputado,1186,Ignacio Achurra Díaz,Diputado,1,2026-07-27,2026-07-27
1171,Emilia Schneider Videla,Diputado,1189,Jaime Bassa Mercado,Diputado,1,2026-07-22,2026-07-22
1171,Emilia Schneider Videla,Diputado,1241,Patricio Pinilla Valencia,Diputado,1,2026-06-08,2026-06-08
1171,Emilia Schneider Videla,Diputado,1236,Paula Olmos Contreras,Diputado,1,2026-06-08,2026-06-08
1190,Enrique Bassaletti Riess,Diputado,1257,Alejandra Valdebenito Torres,Diputado,1,2026-07-14,2026-07-14
1190,Enrique Bassaletti Riess,Diputado,1224,Cristian Mella Andaur,Diputado,1,2026-07-01,2026-07-01
1190,Enrique Bassaletti Riess,Diputado,1261,Daniel Valenzuela Salazar,Diputado,1,2026-07-29,2026-07-29
1190,Enrique Bassaletti Riess,Diputado,1262,Diego Vergara Rodríguez,Diputado,1,2026-07-06,2026-07-06
1190,Enrique Bassaletti Riess,Diputado,1248,Felipe Ross Correa,Diputado,1,2026-07-06,2026-07-06
1190,Enrique Bassaletti Riess,Diputado,1253,Fernando Ugarte Tejeda,Diputado,1,2026-07-06,2026-07-06
1190,Enrique Bassaletti Riess,Diputado,1210,Gustavo Gatica Villarroel,Diputado,1,2026-08-11,2026-08-11
1190,Enrique Bassaletti Riess,Diputado,1246,José Antonio Rivas Villalobos,Diputado,1,2026-08-11,2026-08-11
1190,Enrique Bassaletti Riess,Diputado,1192,Lilian Betancurt Delgado,Diputado,1,2026-06-16,2026-06-16
1190,Enrique Bassaletti Riess,Diputado,986,Marcela Hernando Pérez,Diputado,1,2026-08-11,2026-08-11
1190,Enrique Bassaletti Riess,Diputado,1249,Omar Sabat Guzmán,Diputado,1,2026-07-14,2026-07-14
1190,Enrique Bassaletti Riess,Diputado,1193,Patricio Briones Moller,Diputado,1,2026-06-09,2026-06-09
1190,Enrique Bassaletti Riess,Diputado,1241,Patricio Pinilla Valencia,Diputado,1,2026-08-11,2026-08-11
1190,Enrique Bassaletti Riess,Diputado,1228,Paulina Muñoz Minte,Diputado,1,2026-08-11,2026-08-11
1190,Enrique Bassaletti Riess,Diputado,1198,Paz Charpentier Rajcevich,Diputado,1,2026-07-21,2026-07-21
1190,Enrique Bassaletti Riess,Diputado,843,René Manuel García García,Diputado,1,2026-06-16,2026-06-16
1190,Enrique Bassaletti Riess,Diputado,1233,Ricardo Neumann Bertín,Diputado,1,2026-07-14,2026-07-14
1190,Enrique Bassaletti Riess,Diputado,815,Sergio Bobadilla Muñoz,Diputado,1,2026-07-14,2026-07-14
1190,Enrique Bassaletti Riess,Diputado,1211,Sofía González Cortés,Diputado,1,2026-08-11,2026-08-11
1190,Enrique Bassaletti Riess,Diputado,1256,Tatiana Urrutia Herrera,Diputado,1,2026-08-11,2026-08-11
1190,Enrique Bassaletti Riess,Diputado,1231,Ximena Naranjo Pinto,Diputado,1,2026-07-14,2026-07-14
1511,Enrique Lee Flores,Senador,1515,Arturo Squella Ovalle,Senador,1,2026-07-07,2026-07-07
1511,Enrique Lee Flores,Senador,1514,Beatriz Sánchez Muñoz,Senador,1,2026-04-15,2026-04-15
1342,Enrique Van Rysselberghe Herrera,Senador,1501,Andrea Balladares Letelier,Senador,1,2026-05-06,2026-05-06
1342,Enrique Van Rysselberghe Herrera,Senador,1508,Camila Flores Oporto,Senador,1,2026-06-17,2026-06-17
1342,Enrique Van Rysselberghe Herrera,Senador,1518,Cristian Vial Maceratta,Senador,1,2026-05-20,2026-05-20
1342,Enrique Van Rysselberghe Herrera,Senador,1510,Vanessa Kaiser Barents-Von Hohenhagen,Senador,1,2026-05-06,2026-05-06
1212,Erich Grohs Marín,Diputado,1262,Diego Vergara Rodríguez,Diputado,1,2026-08-05,2026-08-05
1212,Erich Grohs Marín,Diputado,1253,Fernando Ugarte Tejeda,Diputado,1,2026-07-14,2026-07-14
1212,Erich Grohs Marín,Diputado,915,Germán Verdugo Soto,Diputado,1,2026-04-15,2026-04-15
1212,Erich Grohs Marín,Diputado,1223,Hans Marowski Cuevas,Diputado,1,2026-04-15,2026-04-15
1212,Erich Grohs Marín,Diputado,1254,Ignacio Urcullú Clèment-Lund,Diputado,1,2026-07-14,2026-07-14
1212,Erich Grohs Marín,Diputado,1251,Macarena Santelices Cañas,Diputado,1,2026-08-05,2026-08-05
1212,Erich Grohs Marín,Diputado,1234,Mario Olavarría Rodríguez,Diputado,1,2026-08-05,2026-08-05
1212,Erich Grohs Marín,Diputado,1249,Omar Sabat Guzmán,Diputado,1,2026-08-05,2026-08-05
1212,Erich Grohs Marín,Diputado,1217,Pier Karlezi Hazleby,Diputado,1,2026-04-15,2026-04-15
1212,Erich Grohs Marín,Diputado,1216,Stephanie Jéldrez Ortiz,Diputado,1,2026-07-14,2026-07-14
1343,Esteban Velásquez Núñez,Senador,1516,Renzo Trisotti Martínez,Senador,1,2026-06-16,2026-06-16
1343,Esteban Velásquez Núñez,Senador,1505,Rodolfo Carter Fernández,Senador,1,2026-06-17,2026-06-17
1325,Fabiola Campillai Rojas,Senador,1342,Enrique Van Rysselberghe Herrera,Senador,1,2026-08-10,2026-08-10
1325,Fabiola Campillai Rojas,Senador,1343,Esteban Velásquez Núñez,Senador,1,2026-08-11,2026-08-11
1325,Fabiola Campillai Rojas,Senador,1339,Gastón Saavedra Chandía,Senador,1,2026-08-05,2026-08-05
1325,Fabiola Campillai Rojas,Senador,1450,Paulina Vodanovic Rojas,Senador,1,2026-06-16,2026-06-16
1239,Fabián Ossandón Briceño,Diputado,1257,Alejandra Valdebenito Torres,Diputado,1,2026-07-14,2026-07-14
1239,Fabián Ossandón Briceño,Diputado,1245,Alejandro Riquelme Ducci,Diputado,1,2026-07-14,2026-07-14
1239,Fabián Ossandón Briceño,Diputado,1252,Constanza Schonhaut Soto,Diputado,1,2026-07-07,2026-07-07
1239,Fabián Ossandón Briceño,Diputado,872,Jaime Mulet Martínez,Diputado,1,2026-05-06,2026-05-06
1239,Fabián Ossandón Briceño,Diputado,986,Marcela Hernando Pérez,Diputado,1,2026-07-07,2026-07-07
1239,Fabián Ossandón Briceño,Diputado,1241,Patricio Pinilla Valencia,Diputado,1,2026-07-07,2026-07-07
1239,Fabián Ossandón Briceño,Diputado,843,René Manuel García García,Diputado,1,2026-07-07,2026-07-07
1116,Felipe Camaño Cárdenas,Diputado,1197,Carlos Chandía Alarcón,Diputado,1,2026-08-05,2026-08-05
1116,Felipe Camaño Cárdenas,Diputado,1205,Carlos Cuadrado Prats,Diputado,1,2026-08-05,2026-08-05
1116,Felipe Camaño Cárdenas,Diputado,1227,Claudia Mora Vega,Diputado,1,2026-06-22,2026-06-22
1116,Felipe Camaño Cárdenas,Diputado,1244,Claudia Reyes Larenas,Diputado,1,2026-06-22,2026-06-22
1116,Felipe Camaño Cárdenas,Diputado,1142,Daniel Manouchehri Lobos,Diputado,1,2026-06-24,2026-06-24
1116,Felipe Camaño Cárdenas,Diputado,1201,Flor Contreras Vivallo,Diputado,1,2026-06-05,2026-06-05
1116,Felipe Camaño Cárdenas,Diputado,1183,Flor Weisse Novoa,Diputado,1,2026-06-05,2026-06-05
1116,Felipe Camaño Cárdenas,Diputado,1237,Francisco Orrego Gutiérrez,Diputado,1,2026-08-05,2026-08-05
1116,Felipe Camaño Cárdenas,Diputado,1152,Gloria Naveillan Arriagada,Diputado,1,2026-08-05,2026-08-05
1116,Felipe Camaño Cárdenas,Diputado,1258,Guillermo Valdés Carmona,Diputado,1,2026-06-05,2026-06-05
1116,Felipe Camaño Cárdenas,Diputado,1223,Hans Marowski Cuevas,Diputado,1,2026-08-05,2026-08-05
1116,Felipe Camaño Cárdenas,Diputado,1186,Ignacio Achurra Díaz,Diputado,1,2026-05-29,2026-05-29
1116,Felipe Camaño Cárdenas,Diputado,1189,Jaime Bassa Mercado,Diputado,1,2026-07-24,2026-07-24
1116,Felipe Camaño Cárdenas,Diputado,1132,Jorge Guzmán Zepeda,Diputado,1,2026-07-24,2026-07-24
1116,Felipe Camaño Cárdenas,Diputado,1259,Juan Marcelo Valenzuela Henríquez,Diputado,1,2026-06-24,2026-06-24
1116,Felipe Camaño Cárdenas,Diputado,1127,Lorena Fries Monleón,Diputado,1,2026-03-27,2026-03-27
1116,Felipe Camaño Cárdenas,Diputado,986,Marcela Hernando Pérez,Diputado,1,2026-08-05,2026-08-05
1116,Felipe Camaño Cárdenas,Diputado,1117,Nathalie Castillo Rojas,Diputado,1,2026-05-28,2026-05-28
1116,Felipe Camaño Cárdenas,Diputado,1193,Patricio Briones Moller,Diputado,1,2026-05-29,2026-05-29
1116,Felipe Camaño Cárdenas,Diputado,1236,Paula Olmos Contreras,Diputado,1,2026-07-24,2026-07-24
1116,Felipe Camaño Cárdenas,Diputado,1228,Paulina Muñoz Minte,Diputado,1,2026-08-05,2026-08-05
1116,Felipe Camaño Cárdenas,Diputado,843,René Manuel García García,Diputado,1,2026-05-28,2026-05-28
1116,Felipe Camaño Cárdenas,Diputado,1211,Sofía González Cortés,Diputado,1,2026-07-24,2026-07-24
1116,Felipe Camaño Cárdenas,Diputado,1216,Stephanie Jéldrez Ortiz,Diputado,1,2026-06-22,2026-06-22
1116,Felipe Camaño Cárdenas,Diputado,1219,Tomás Kast Sommerhoff,Diputado,1,2026-08-05,2026-08-05
1116,Felipe Camaño Cárdenas,Diputado,1191,Valentina Becerra Peña,Diputado,1,2026-06-22,2026-06-22
1248,Felipe Ross Correa,Diputado,1262,Diego Vergara Rodríguez,Diputado,1,2026-07-06,2026-07-06
1248,Felipe Ross Correa,Diputado,1259,Juan Marcelo Valenzuela Henríquez,Diputado,1,2026-07-06,2026-07-06
1253,Fernando Ugarte Tejeda,Diputado,1261,Daniel Valenzuela Salazar,Diputado,1,2026-07-14,2026-07-14
1253,Fernando Ugarte Tejeda,Diputado,1262,Diego Vergara Rodríguez,Diputado,1,2026-07-06,2026-07-06
1253,Fernando Ugarte Tejeda,Diputado,1259,Juan Marcelo Valenzuela Henríquez,Diputado,1,2026-07-06,2026-07-06
1264,Fernando Zamorano Peralta,Diputado,986,Marcela Hernando Pérez,Diputado,1,2026-08-11,2026-08-11
1264,Fernando Zamorano Peralta,Diputado,803,René Alinco Bustos,Diputado,1,2026-08-05,2026-08-05
1329,Fidel Espinoza Sandoval,Senador,1334,Alejandro Kusanovic Glusevic,Senador,1,2026-06-16,2026-06-16
1329,Fidel Espinoza Sandoval,Senador,911,Carlos Ignacio Kuschel Silva,Senador,1,2026-06-16,2026-06-16
1329,Fidel Espinoza Sandoval,Senador,1507,Daniella Cicardini Milla,Senador,1,2026-05-19,2026-05-19
1329,Fidel Espinoza Sandoval,Senador,1500,Danisa Astudillo Peiretti,Senador,1,2026-05-19,2026-05-19
1329,Fidel Espinoza Sandoval,Senador,1342,Enrique Van Rysselberghe Herrera,Senador,1,2026-04-08,2026-04-08
1329,Fidel Espinoza Sandoval,Senador,1343,Esteban Velásquez Núñez,Senador,1,2026-07-15,2026-07-15
1329,Fidel Espinoza Sandoval,Senador,1340,Gustavo Sanhueza Dueñas,Senador,1,2026-05-05,2026-05-05
1329,Fidel Espinoza Sandoval,Senador,1330,Iván Flores García,Senador,1,2026-06-16,2026-06-16
1329,Fidel Espinoza Sandoval,Senador,1335,Javier Macaya Danús,Senador,1,2026-04-08,2026-04-08
1329,Fidel Espinoza Sandoval,Senador,1344,Matías Walker Prieto,Senador,1,2026-05-05,2026-05-05
1329,Fidel Espinoza Sandoval,Senador,1502,Miguel Ángel Becker Alvear,Senador,1,2026-07-15,2026-07-15
1329,Fidel Espinoza Sandoval,Senador,1337,Paulina Núñez Urrutia,Senador,1,2026-07-07,2026-07-07
1329,Fidel Espinoza Sandoval,Senador,1450,Paulina Vodanovic Rojas,Senador,1,2026-07-07,2026-07-07
1329,Fidel Espinoza Sandoval,Senador,1333,Sebastián Keitel Bianchi,Senador,1,2026-04-08,2026-04-08
1201,Flor Contreras Vivallo,Diputado,1232,Cristian Neira Martínez,Diputado,1,2026-07-30,2026-07-30
1201,Flor Contreras Vivallo,Diputado,1237,Francisco Orrego Gutiérrez,Diputado,1,2026-06-16,2026-06-16
1201,Flor Contreras Vivallo,Diputado,1254,Ignacio Urcullú Clèment-Lund,Diputado,1,2026-05-12,2026-05-12
1201,Flor Contreras Vivallo,Diputado,1246,José Antonio Rivas Villalobos,Diputado,1,2026-08-03,2026-08-03
1201,Flor Contreras Vivallo,Diputado,1226,José Montalva Feuerhake,Diputado,1,2026-05-12,2026-05-12
1201,Flor Contreras Vivallo,Diputado,1241,Patricio Pinilla Valencia,Diputado,1,2026-08-03,2026-08-03
1201,Flor Contreras Vivallo,Diputado,1228,Paulina Muñoz Minte,Diputado,1,2026-07-30,2026-07-30
1201,Flor Contreras Vivallo,Diputado,1217,Pier Karlezi Hazleby,Diputado,1,2026-06-16,2026-06-16
1201,Flor Contreras Vivallo,Diputado,1203,Sebastián Cristoffanini Jaraquemada,Diputado,1,2026-05-12,2026-05-12
1201,Flor Contreras Vivallo,Diputado,1238,Álvaro Ortiz Vera,Diputado,1,2026-06-05,2026-06-05
1183,Flor Weisse Novoa,Diputado,1205,Carlos Cuadrado Prats,Diputado,1,2026-06-16,2026-06-16
1183,Flor Weisse Novoa,Diputado,1244,Claudia Reyes Larenas,Diputado,1,2026-06-16,2026-06-16
1183,Flor Weisse Novoa,Diputado,1214,Constanza Hube Portus,Diputado,1,2026-06-08,2026-06-08
1183,Flor Weisse Novoa,Diputado,1190,Enrique Bassaletti Riess,Diputado,1,2026-07-14,2026-07-14
1183,Flor Weisse Novoa,Diputado,1201,Flor Contreras Vivallo,Diputado,1,2026-06-05,2026-06-05
1183,Flor Weisse Novoa,Diputado,1258,Guillermo Valdés Carmona,Diputado,1,2026-06-05,2026-06-05
1183,Flor Weisse Novoa,Diputado,1218,José Antonio Kast Adriasola,Diputado,1,2026-06-16,2026-06-16
1183,Flor Weisse Novoa,Diputado,1251,Macarena Santelices Cañas,Diputado,1,2026-06-16,2026-06-16
1183,Flor Weisse Novoa,Diputado,803,René Alinco Bustos,Diputado,1,2026-05-13,2026-05-13
1183,Flor Weisse Novoa,Diputado,1219,Tomás Kast Sommerhoff,Diputado,1,2026-06-16,2026-06-16
1183,Flor Weisse Novoa,Diputado,1238,Álvaro Ortiz Vera,Diputado,1,2026-06-05,2026-06-05
1054,Francesca Muñoz González,Diputado,1230,Alex Nahuelquin Nahuelquin,Diputado,1,2026-08-12,2026-08-12
1054,Francesca Muñoz González,Diputado,1128,Ana María Gazmuri Vieira,Diputado,1,2026-06-26,2026-06-26
1054,Francesca Muñoz González,Diputado,1244,Claudia Reyes Larenas,Diputado,1,2026-05-18,2026-05-18
1054,Francesca Muñoz González,Diputado,1180,Consuelo Veloso Ávila,Diputado,1,2026-05-04,2026-05-04
1054,Francesca Muñoz González,Diputado,1261,Daniel Valenzuela Salazar,Diputado,1,2026-06-26,2026-06-26
1054,Francesca Muñoz González,Diputado,1201,Flor Contreras Vivallo,Diputado,1,2026-08-03,2026-08-03
1054,Francesca Muñoz González,Diputado,1237,Francisco Orrego Gutiérrez,Diputado,1,2026-06-23,2026-06-23
1054,Francesca Muñoz González,Diputado,1114,Félix Bugueño Sotelo,Diputado,1,2026-08-03,2026-08-03
1054,Francesca Muñoz González,Diputado,915,Germán Verdugo Soto,Diputado,1,2026-08-04,2026-08-04
1054,Francesca Muñoz González,Diputado,1223,Hans Marowski Cuevas,Diputado,1,2026-06-23,2026-06-23
1054,Francesca Muñoz González,Diputado,1178,Héctor Ulloa Aguilera,Diputado,1,2026-06-26,2026-06-26
1054,Francesca Muñoz González,Diputado,1189,Jaime Bassa Mercado,Diputado,1,2026-06-15,2026-06-15
1054,Francesca Muñoz González,Diputado,872,Jaime Mulet Martínez,Diputado,1,2026-08-04,2026-08-04
1054,Francesca Muñoz González,Diputado,1247,Javiera Rodríguez Pascual,Diputado,1,2026-05-04,2026-05-04
1054,Francesca Muñoz González,Diputado,1132,Jorge Guzmán Zepeda,Diputado,1,2026-08-12,2026-08-12
1054,Francesca Muñoz González,Diputado,1246,José Antonio Rivas Villalobos,Diputado,1,2026-08-03,2026-08-03
1054,Francesca Muñoz González,Diputado,1226,José Montalva Feuerhake,Diputado,1,2026-06-23,2026-06-23
1054,Francesca Muñoz González,Diputado,1108,Juan Carlos Beltrán Silva,Diputado,1,2026-06-26,2026-06-26
1054,Francesca Muñoz González,Diputado,1192,Lilian Betancurt Delgado,Diputado,1,2026-08-12,2026-08-12
1054,Francesca Muñoz González,Diputado,1141,Luis Malla Valenzuela,Diputado,1,2026-08-12,2026-08-12
1054,Francesca Muñoz González,Diputado,1251,Macarena Santelices Cañas,Diputado,1,2026-06-26,2026-06-26
1054,Francesca Muñoz González,Diputado,1174,Marco Antonio Sulantay Olivares,Diputado,1,2026-06-15,2026-06-15
1054,Francesca Muñoz González,Diputado,1166,Natalia Romero Talguia,Diputado,1,2026-05-18,2026-05-18
1054,Francesca Muñoz González,Diputado,1241,Patricio Pinilla Valencia,Diputado,1,2026-08-03,2026-08-03
1054,Francesca Muñoz González,Diputado,1184,Roberto Celedón Fernández,Diputado,1,2026-06-23,2026-06-23
1054,Francesca Muñoz González,Diputado,1182,Sebastián Videla Castillo,Diputado,1,2026-08-03,2026-08-03
1054,Francesca Muñoz González,Diputado,1263,Sebastián Zamora Soto,Diputado,1,2026-06-15,2026-06-15
1054,Francesca Muñoz González,Diputado,1243,Tamara Ramírez Ramírez,Diputado,1,2026-06-23,2026-06-23
1054,Francesca Muñoz González,Diputado,1219,Tomás Kast Sommerhoff,Diputado,1,2026-06-23,2026-06-23
1054,Francesca Muñoz González,Diputado,1059,Ximena Ossandón Irarrázabal,Diputado,1,2026-06-26,2026-06-26
1054,Francesca Muñoz González,Diputado,1240,Zandra Parisi Fernández,Diputado,1,2026-08-04,2026-08-04
1204,Francisco Crisóstomo Llanos,Diputado,1222,Andrea Macías Palma,Diputado,1,2026-07-06,2026-07-06
1204,Francisco Crisóstomo Llanos,Diputado,1250,Bernardo Salinas Maya,Diputado,1,2026-07-06,2026-07-06
1204,Francisco Crisóstomo Llanos,Diputado,1210,Gustavo Gatica Villarroel,Diputado,1,2026-07-13,2026-07-13
1204,Francisco Crisóstomo Llanos,Diputado,1226,José Montalva Feuerhake,Diputado,1,2026-06-10,2026-06-10
1204,Francisco Crisóstomo Llanos,Diputado,986,Marcela Hernando Pérez,Diputado,1,2026-07-07,2026-07-07
1204,Francisco Crisóstomo Llanos,Diputado,1236,Paula Olmos Contreras,Diputado,1,2026-06-10,2026-06-10
1204,Francisco Crisóstomo Llanos,Diputado,843,René Manuel García García,Diputado,1,2026-07-07,2026-07-07
1204,Francisco Crisóstomo Llanos,Diputado,1207,Valentina Cáceres Monsálvez,Diputado,1,2026-07-06,2026-07-06
1222,Francisco Huenchumilla Jaramillo,Senador,1514,Beatriz Sánchez Muñoz,Senador,1,2026-08-12,2026-08-12
1222,Francisco Huenchumilla Jaramillo,Senador,1508,Camila Flores Oporto,Senador,1,2026-06-10,2026-06-10
1222,Francisco Huenchumilla Jaramillo,Senador,1338,Claudia Pascual Grau,Senador,1,2026-08-12,2026-08-12
1222,Francisco Huenchumilla Jaramillo,Senador,1509,Diego Ibáñez Cotroneo,Senador,1,2026-08-12,2026-08-12
1222,Francisco Huenchumilla Jaramillo,Senador,1339,Gastón Saavedra Chandía,Senador,1,2026-06-10,2026-06-10
1222,Francisco Huenchumilla Jaramillo,Senador,1330,Iván Flores García,Senador,1,2026-06-10,2026-06-10
1222,Francisco Huenchumilla Jaramillo,Senador,1337,Paulina Núñez Urrutia,Senador,1,2026-06-10,2026-06-10
1237,Francisco Orrego Gutiérrez,Diputado,1250,Bernardo Salinas Maya,Diputado,1,2026-07-01,2026-07-01
1237,Francisco Orrego Gutiérrez,Diputado,1248,Felipe Ross Correa,Diputado,1,2026-06-05,2026-06-05
1237,Francisco Orrego Gutiérrez,Diputado,915,Germán Verdugo Soto,Diputado,1,2026-06-23,2026-06-23
1237,Francisco Orrego Gutiérrez,Diputado,872,Jaime Mulet Martínez,Diputado,1,2026-08-05,2026-08-05
1237,Francisco Orrego Gutiérrez,Diputado,1259,Juan Marcelo Valenzuela Henríquez,Diputado,1,2026-06-02,2026-06-02
1237,Francisco Orrego Gutiérrez,Diputado,1251,Macarena Santelices Cañas,Diputado,1,2026-07-21,2026-07-21
1237,Francisco Orrego Gutiérrez,Diputado,1243,Tamara Ramírez Ramírez,Diputado,1,2026-06-10,2026-06-10
1114,Félix Bugueño Sotelo,Diputado,1222,Andrea Macías Palma,Diputado,1,2026-08-05,2026-08-05
1114,Félix Bugueño Sotelo,Diputado,1252,Constanza Schonhaut Soto,Diputado,1,2026-07-22,2026-07-22
1114,Félix Bugueño Sotelo,Diputado,1175,Cristián Tapia Ramos,Diputado,1,2026-05-12,2026-05-12
1114,Félix Bugueño Sotelo,Diputado,1140,Daniel Lilayu Vivanco,Diputado,1,2026-06-29,2026-06-29
1114,Félix Bugueño Sotelo,Diputado,1173,Daniela Serrano Salazar,Diputado,1,2026-06-10,2026-06-10
1114,Félix Bugueño Sotelo,Diputado,1255,Eileen Urqueta Rojas,Diputado,1,2026-05-04,2026-05-04
1114,Félix Bugueño Sotelo,Diputado,1171,Emilia Schneider Videla,Diputado,1,2026-07-22,2026-07-22
1114,Félix Bugueño Sotelo,Diputado,1239,Fabián Ossandón Briceño,Diputado,1,2026-06-10,2026-06-10
1114,Félix Bugueño Sotelo,Diputado,1116,Felipe Camaño Cárdenas,Diputado,1,2026-05-20,2026-05-20
1114,Félix Bugueño Sotelo,Diputado,1264,Fernando Zamorano Peralta,Diputado,1,2026-08-05,2026-08-05
1114,Félix Bugueño Sotelo,Diputado,1204,Francisco Crisóstomo Llanos,Diputado,1,2026-06-10,2026-06-10
1114,Félix Bugueño Sotelo,Diputado,1258,Guillermo Valdés Carmona,Diputado,1,2026-06-29,2026-06-29
1114,Félix Bugueño Sotelo,Diputado,1254,Ignacio Urcullú Clèment-Lund,Diputado,1,2026-05-12,2026-05-12
1114,Félix Bugueño Sotelo,Diputado,1213,Irací Hassler Jacob,Diputado,1,2026-06-08,2026-06-08
1114,Félix Bugueño Sotelo,Diputado,1189,Jaime Bassa Mercado,Diputado,1,2026-07-22,2026-07-22
1114,Félix Bugueño Sotelo,Diputado,1229,Javier Muñoz Riquelme,Diputado,1,2026-06-29,2026-06-29
1114,Félix Bugueño Sotelo,Diputado,1148,Javiera Morales Alvarado,Diputado,1,2026-07-15,2026-07-15
1114,Félix Bugueño Sotelo,Diputado,1132,Jorge Guzmán Zepeda,Diputado,1,2026-05-12,2026-05-12
1114,Félix Bugueño Sotelo,Diputado,1127,Lorena Fries Monleón,Diputado,1,2026-07-22,2026-07-22
1114,Félix Bugueño Sotelo,Diputado,1166,Natalia Romero Talguia,Diputado,1,2026-06-29,2026-06-29
1114,Félix Bugueño Sotelo,Diputado,1117,Nathalie Castillo Rojas,Diputado,1,2026-05-04,2026-05-04
1114,Félix Bugueño Sotelo,Diputado,1181,Nelson Venegas Salazar,Diputado,1,2026-07-15,2026-07-15
1114,Félix Bugueño Sotelo,Diputado,1241,Patricio Pinilla Valencia,Diputado,1,2026-08-03,2026-08-03
1114,Félix Bugueño Sotelo,Diputado,1196,Priscilla Castillo Gerli,Diputado,1,2026-05-20,2026-05-20
1114,Félix Bugueño Sotelo,Diputado,803,René Alinco Bustos,Diputado,1,2026-08-05,2026-08-05
1114,Félix Bugueño Sotelo,Diputado,1184,Roberto Celedón Fernández,Diputado,1,2026-07-15,2026-07-15
1114,Félix Bugueño Sotelo,Diputado,1242,Rodrigo Ramírez Parra,Diputado,1,2026-06-29,2026-06-29
1114,Félix Bugueño Sotelo,Diputado,1119,Sara Concha Smith,Diputado,1,2026-06-29,2026-06-29
1114,Félix Bugueño Sotelo,Diputado,1203,Sebastián Cristoffanini Jaraquemada,Diputado,1,2026-05-12,2026-05-12
1114,Félix Bugueño Sotelo,Diputado,1182,Sebastián Videla Castillo,Diputado,1,2026-08-03,2026-08-03
1114,Félix Bugueño Sotelo,Diputado,1256,Tatiana Urrutia Herrera,Diputado,1,2026-07-15,2026-07-15
1087,Gael Yeomans Araya,Diputado,1110,Carlos Bianchi Chelech,Diputado,1,2026-04-07,2026-04-07
1087,Gael Yeomans Araya,Diputado,1206,Carolina Cucumides Calderón,Diputado,1,2026-06-02,2026-06-02
1087,Gael Yeomans Araya,Diputado,1104,Chiara Barchiesi Chávez,Diputado,1,2026-05-06,2026-05-06
1087,Gael Yeomans Araya,Diputado,1227,Claudia Mora Vega,Diputado,1,2026-07-21,2026-07-21
1087,Gael Yeomans Araya,Diputado,1100,Cristián Araya Lerdo de Tejada,Diputado,1,2026-05-06,2026-05-06
1087,Gael Yeomans Araya,Diputado,1260,César Valenzuela Maass,Diputado,1,2026-06-11,2026-06-11
1087,Gael Yeomans Araya,Diputado,1255,Eileen Urqueta Rojas,Diputado,1,2026-07-21,2026-07-21
1087,Gael Yeomans Araya,Diputado,1116,Felipe Camaño Cárdenas,Diputado,1,2026-06-24,2026-06-24
1087,Gael Yeomans Araya,Diputado,1264,Fernando Zamorano Peralta,Diputado,1,2026-05-15,2026-05-15
1087,Gael Yeomans Araya,Diputado,1210,Gustavo Gatica Villarroel,Diputado,1,2026-07-21,2026-07-21
1087,Gael Yeomans Araya,Diputado,1186,Ignacio Achurra Díaz,Diputado,1,2026-07-27,2026-07-27
1087,Gael Yeomans Araya,Diputado,1189,Jaime Bassa Mercado,Diputado,1,2026-07-22,2026-07-22
1087,Gael Yeomans Araya,Diputado,1148,Javiera Morales Alvarado,Diputado,1,2026-07-15,2026-07-15
1087,Gael Yeomans Araya,Diputado,1208,Jorge Díaz Ibarra,Diputado,1,2026-06-24,2026-06-24
1087,Gael Yeomans Araya,Diputado,1132,Jorge Guzmán Zepeda,Diputado,1,2026-06-22,2026-06-22
1087,Gael Yeomans Araya,Diputado,1246,José Antonio Rivas Villalobos,Diputado,1,2026-07-30,2026-07-30
1087,Gael Yeomans Araya,Diputado,1259,Juan Marcelo Valenzuela Henríquez,Diputado,1,2026-06-24,2026-06-24
1087,Gael Yeomans Araya,Diputado,1184,Roberto Celedón Fernández,Diputado,1,2026-07-15,2026-07-15
1087,Gael Yeomans Araya,Diputado,815,Sergio Bobadilla Muñoz,Diputado,1,2026-07-21,2026-07-21
1087,Gael Yeomans Araya,Diputado,1231,Ximena Naranjo Pinto,Diputado,1,2026-07-21,2026-07-21
1087,Gael Yeomans Araya,Diputado,1240,Zandra Parisi Fernández,Diputado,1,2026-05-06,2026-05-06
1339,Gastón Saavedra Chandía,Senador,1515,Arturo Squella Ovalle,Senador,1,2026-08-13,2026-08-13
1339,Gastón Saavedra Chandía,Senador,1514,Beatriz Sánchez Muñoz,Senador,1,2026-08-19,2026-08-19
1339,Gastón Saavedra Chandía,Senador,1508,Camila Flores Oporto,Senador,1,2026-06-10,2026-06-10
1339,Gastón Saavedra Chandía,Senador,1518,Cristian Vial Maceratta,Senador,1,2026-05-19,2026-05-19
1339,Gastón Saavedra Chandía,Senador,1342,Enrique Van Rysselberghe Herrera,Senador,1,2026-04-08,2026-04-08
1339,Gastón Saavedra Chandía,Senador,1502,Miguel Ángel Becker Alvear,Senador,1,2026-05-19,2026-05-19
1339,Gastón Saavedra Chandía,Senador,1513,Vlado Mirosevic Verdugo,Senador,1,2026-08-19,2026-08-19
1152,Gloria Naveillan Arriagada,Diputado,1250,Bernardo Salinas Maya,Diputado,1,2026-07-23,2026-07-23
1152,Gloria Naveillan Arriagada,Diputado,1205,Carlos Cuadrado Prats,Diputado,1,2026-08-05,2026-08-05
1152,Gloria Naveillan Arriagada,Diputado,1212,Erich Grohs Marín,Diputado,1,2026-04-15,2026-04-15
1152,Gloria Naveillan Arriagada,Diputado,915,Germán Verdugo Soto,Diputado,1,2026-04-15,2026-04-15
1152,Gloria Naveillan Arriagada,Diputado,1178,Héctor Ulloa Aguilera,Diputado,1,2026-04-21,2026-04-21
1152,Gloria Naveillan Arriagada,Diputado,1199,Jaime Coloma Álamos,Diputado,1,2026-07-07,2026-07-07
1152,Gloria Naveillan Arriagada,Diputado,1246,José Antonio Rivas Villalobos,Diputado,1,2026-07-23,2026-07-23
1152,Gloria Naveillan Arriagada,Diputado,986,Marcela Hernando Pérez,Diputado,1,2026-08-11,2026-08-11
1152,Gloria Naveillan Arriagada,Diputado,1193,Patricio Briones Moller,Diputado,1,2026-06-09,2026-06-09
1152,Gloria Naveillan Arriagada,Diputado,1241,Patricio Pinilla Valencia,Diputado,1,2026-07-23,2026-07-23
1152,Gloria Naveillan Arriagada,Diputado,1198,Paz Charpentier Rajcevich,Diputado,1,2026-08-05,2026-08-05
1152,Gloria Naveillan Arriagada,Diputado,1182,Sebastián Videla Castillo,Diputado,1,2026-07-23,2026-07-23
1152,Gloria Naveillan Arriagada,Diputado,1215,Álvaro Jofré Cáceres,Diputado,1,2026-04-15,2026-04-15
1086,Gonzalo Winter Etcheberry,Diputado,1128,Ana María Gazmuri Vieira,Diputado,1,2026-04-27,2026-04-27
1086,Gonzalo Winter Etcheberry,Diputado,1222,Andrea Macías Palma,Diputado,1,2026-04-27,2026-04-27
1086,Gonzalo Winter Etcheberry,Diputado,1205,Carlos Cuadrado Prats,Diputado,1,2026-06-02,2026-06-02
1086,Gonzalo Winter Etcheberry,Diputado,1206,Carolina Cucumides Calderón,Diputado,1,2026-06-02,2026-06-02
1086,Gonzalo Winter Etcheberry,Diputado,1177,Carolina Tello Rojas,Diputado,1,2026-04-28,2026-04-28
1086,Gonzalo Winter Etcheberry,Diputado,1153,Coca Ericka Ñanco Vásquez,Diputado,1,2026-04-28,2026-04-28
1086,Gonzalo Winter Etcheberry,Diputado,1252,Constanza Schonhaut Soto,Diputado,1,2026-04-28,2026-04-28
1086,Gonzalo Winter Etcheberry,Diputado,1224,Cristian Mella Andaur,Diputado,1,2026-04-27,2026-04-27
1086,Gonzalo Winter Etcheberry,Diputado,1171,Emilia Schneider Videla,Diputado,1,2026-04-28,2026-04-28
1086,Gonzalo Winter Etcheberry,Diputado,1116,Felipe Camaño Cárdenas,Diputado,1,2026-06-05,2026-06-05
1086,Gonzalo Winter Etcheberry,Diputado,1201,Flor Contreras Vivallo,Diputado,1,2026-06-05,2026-06-05
1086,Gonzalo Winter Etcheberry,Diputado,1183,Flor Weisse Novoa,Diputado,1,2026-06-05,2026-06-05
1086,Gonzalo Winter Etcheberry,Diputado,1258,Guillermo Valdés Carmona,Diputado,1,2026-06-05,2026-06-05
1086,Gonzalo Winter Etcheberry,Diputado,1178,Héctor Ulloa Aguilera,Diputado,1,2026-06-05,2026-06-05
1086,Gonzalo Winter Etcheberry,Diputado,1213,Irací Hassler Jacob,Diputado,1,2026-06-02,2026-06-02
1086,Gonzalo Winter Etcheberry,Diputado,1259,Juan Marcelo Valenzuela Henríquez,Diputado,1,2026-06-02,2026-06-02
1086,Gonzalo Winter Etcheberry,Diputado,1127,Lorena Fries Monleón,Diputado,1,2026-04-27,2026-04-27
1086,Gonzalo Winter Etcheberry,Diputado,1141,Luis Malla Valenzuela,Diputado,1,2026-04-27,2026-04-27
1086,Gonzalo Winter Etcheberry,Diputado,1107,María Francisca Bello Campos,Diputado,1,2026-04-28,2026-04-28
1086,Gonzalo Winter Etcheberry,Diputado,1241,Patricio Pinilla Valencia,Diputado,1,2026-06-02,2026-06-02
1086,Gonzalo Winter Etcheberry,Diputado,815,Sergio Bobadilla Muñoz,Diputado,1,2026-07-21,2026-07-21
1086,Gonzalo Winter Etcheberry,Diputado,1256,Tatiana Urrutia Herrera,Diputado,1,2026-04-28,2026-04-28
1086,Gonzalo Winter Etcheberry,Diputado,1207,Valentina Cáceres Monsálvez,Diputado,1,2026-04-28,2026-04-28
1086,Gonzalo Winter Etcheberry,Diputado,1240,Zandra Parisi Fernández,Diputado,1,2026-04-27,2026-04-27
1086,Gonzalo Winter Etcheberry,Diputado,1238,Álvaro Ortiz Vera,Diputado,1,2026-06-05,2026-06-05
1065,Guillermo Ramírez Diez,Diputado,1205,Carlos Cuadrado Prats,Diputado,1,2026-06-22,2026-06-22
1065,Guillermo Ramírez Diez,Diputado,1104,Chiara Barchiesi Chávez,Diputado,1,2026-05-13,2026-05-13
1065,Guillermo Ramírez Diez,Diputado,1075,Diego Schalper Sepúlveda,Diputado,1,2026-06-22,2026-06-22
1065,Guillermo Ramírez Diez,Diputado,1087,Gael Yeomans Araya,Diputado,1,2026-06-22,2026-06-22
1065,Guillermo Ramírez Diez,Diputado,1099,Jaime Araya Guerrero,Diputado,1,2026-05-13,2026-05-13
1065,Guillermo Ramírez Diez,Diputado,872,Jaime Mulet Martínez,Diputado,1,2026-06-22,2026-06-22
1065,Guillermo Ramírez Diez,Diputado,1132,Jorge Guzmán Zepeda,Diputado,1,2026-06-22,2026-06-22
1065,Guillermo Ramírez Diez,Diputado,1220,Leandro Kunstmann Collado,Diputado,1,2026-05-13,2026-05-13
1065,Guillermo Ramírez Diez,Diputado,1141,Luis Malla Valenzuela,Diputado,1,2026-05-13,2026-05-13
1065,Guillermo Ramírez Diez,Diputado,1228,Paulina Muñoz Minte,Diputado,1,2026-05-13,2026-05-13
1065,Guillermo Ramírez Diez,Diputado,815,Sergio Bobadilla Muñoz,Diputado,1,2026-06-18,2026-06-18
1065,Guillermo Ramírez Diez,Diputado,1243,Tamara Ramírez Ramírez,Diputado,1,2026-05-13,2026-05-13
1210,Gustavo Gatica Villarroel,Diputado,1227,Claudia Mora Vega,Diputado,1,2026-07-21,2026-07-21
1210,Gustavo Gatica Villarroel,Diputado,1255,Eileen Urqueta Rojas,Diputado,1,2026-07-21,2026-07-21
1210,Gustavo Gatica Villarroel,Diputado,986,Marcela Hernando Pérez,Diputado,1,2026-08-11,2026-08-11
1210,Gustavo Gatica Villarroel,Diputado,1241,Patricio Pinilla Valencia,Diputado,1,2026-08-11,2026-08-11
1210,Gustavo Gatica Villarroel,Diputado,1217,Pier Karlezi Hazleby,Diputado,1,2026-07-24,2026-07-24
1210,Gustavo Gatica Villarroel,Diputado,1256,Tatiana Urrutia Herrera,Diputado,1,2026-08-11,2026-08-11
1210,Gustavo Gatica Villarroel,Diputado,1231,Ximena Naranjo Pinto,Diputado,1,2026-07-21,2026-07-21
1210,Gustavo Gatica Villarroel,Diputado,1240,Zandra Parisi Fernández,Diputado,1,2026-07-24,2026-07-24
1210,Gustavo Gatica Villarroel,Diputado,1238,Álvaro Ortiz Vera,Diputado,1,2026-07-21,2026-07-21
1340,Gustavo Sanhueza Dueñas,Senador,1341,Alejandra Sepúlveda Orbenes,Senador,1,2026-05-05,2026-05-05
1340,Gustavo Sanhueza Dueñas,Senador,1501,Andrea Balladares Letelier,Senador,1,2026-04-08,2026-04-08
1340,Gustavo Sanhueza Dueñas,Senador,1500,Danisa Astudillo Peiretti,Senador,1,2026-06-16,2026-06-16
1340,Gustavo Sanhueza Dueñas,Senador,1342,Enrique Van Rysselberghe Herrera,Senador,1,2026-05-20,2026-05-20
1340,Gustavo Sanhueza Dueñas,Senador,1517,Ignacio Urrutia Bonilla,Senador,1,2026-06-24,2026-06-24
1340,Gustavo Sanhueza Dueñas,Senador,1344,Matías Walker Prieto,Senador,1,2026-05-05,2026-05-05
1340,Gustavo Sanhueza Dueñas,Senador,1502,Miguel Ángel Becker Alvear,Senador,1,2026-06-16,2026-06-16
1340,Gustavo Sanhueza Dueñas,Senador,1503,Miguel Ángel Calisto Águila,Senador,1,2026-05-05,2026-05-05
1340,Gustavo Sanhueza Dueñas,Senador,1516,Renzo Trisotti Martínez,Senador,1,2026-04-08,2026-04-08
1223,Hans Marowski Cuevas,Diputado,1250,Bernardo Salinas Maya,Diputado,1,2026-07-01,2026-07-01
1223,Hans Marowski Cuevas,Diputado,1224,Cristian Mella Andaur,Diputado,1,2026-07-01,2026-07-01
1223,Hans Marowski Cuevas,Diputado,1262,Diego Vergara Rodríguez,Diputado,1,2026-06-23,2026-06-23
1223,Hans Marowski Cuevas,Diputado,915,Germán Verdugo Soto,Diputado,1,2026-04-15,2026-04-15
1223,Hans Marowski Cuevas,Diputado,1226,José Montalva Feuerhake,Diputado,1,2026-06-23,2026-06-23
1223,Hans Marowski Cuevas,Diputado,843,René Manuel García García,Diputado,1,2026-06-16,2026-06-16
1223,Hans Marowski Cuevas,Diputado,815,Sergio Bobadilla Muñoz,Diputado,1,2026-07-20,2026-07-20
1223,Hans Marowski Cuevas,Diputado,1238,Álvaro Ortiz Vera,Diputado,1,2026-04-21,2026-04-21
1176,Hotuiti Teao Drago,Diputado,1224,Cristian Mella Andaur,Diputado,1,2026-04-15,2026-04-15
1176,Hotuiti Teao Drago,Diputado,1248,Felipe Ross Correa,Diputado,1,2026-07-06,2026-07-06
1176,Hotuiti Teao Drago,Diputado,1253,Fernando Ugarte Tejeda,Diputado,1,2026-07-06,2026-07-06
1176,Hotuiti Teao Drago,Diputado,1186,Ignacio Achurra Díaz,Diputado,1,2026-06-17,2026-06-17
1176,Hotuiti Teao Drago,Diputado,1189,Jaime Bassa Mercado,Diputado,1,2026-04-15,2026-04-15
1176,Hotuiti Teao Drago,Diputado,1218,José Antonio Kast Adriasola,Diputado,1,2026-07-06,2026-07-06
1176,Hotuiti Teao Drago,Diputado,1259,Juan Marcelo Valenzuela Henríquez,Diputado,1,2026-07-06,2026-07-06
1176,Hotuiti Teao Drago,Diputado,1251,Macarena Santelices Cañas,Diputado,1,2026-07-06,2026-07-06
1176,Hotuiti Teao Drago,Diputado,986,Marcela Hernando Pérez,Diputado,1,2026-06-08,2026-06-08
1176,Hotuiti Teao Drago,Diputado,1209,Matías Fernández Hartwig,Diputado,1,2026-04-15,2026-04-15
1176,Hotuiti Teao Drago,Diputado,1241,Patricio Pinilla Valencia,Diputado,1,2026-07-06,2026-07-06
1176,Hotuiti Teao Drago,Diputado,1233,Ricardo Neumann Bertín,Diputado,1,2026-05-11,2026-05-11
1176,Hotuiti Teao Drago,Diputado,1263,Sebastián Zamora Soto,Diputado,1,2026-04-15,2026-04-15
1105,Héctor Barría Angulo,Diputado,1128,Ana María Gazmuri Vieira,Diputado,1,2026-04-20,2026-04-20
1105,Héctor Barría Angulo,Diputado,1250,Bernardo Salinas Maya,Diputado,1,2026-04-20,2026-04-20
1105,Héctor Barría Angulo,Diputado,1205,Carlos Cuadrado Prats,Diputado,1,2026-06-12,2026-06-12
1105,Héctor Barría Angulo,Diputado,1177,Carolina Tello Rojas,Diputado,1,2026-05-04,2026-05-04
1105,Héctor Barría Angulo,Diputado,1153,Coca Ericka Ñanco Vásquez,Diputado,1,2026-06-11,2026-06-11
1105,Héctor Barría Angulo,Diputado,1194,Daniel Bustos Leal,Diputado,1,2026-05-04,2026-05-04
1105,Héctor Barría Angulo,Diputado,1142,Daniel Manouchehri Lobos,Diputado,1,2026-06-24,2026-06-24
1105,Héctor Barría Angulo,Diputado,1255,Eileen Urqueta Rojas,Diputado,1,2026-05-04,2026-05-04
1105,Héctor Barría Angulo,Diputado,1171,Emilia Schneider Videla,Diputado,1,2026-04-20,2026-04-20
1105,Héctor Barría Angulo,Diputado,1201,Flor Contreras Vivallo,Diputado,1,2026-05-12,2026-05-12
1105,Héctor Barría Angulo,Diputado,1210,Gustavo Gatica Villarroel,Diputado,1,2026-04-20,2026-04-20
1105,Héctor Barría Angulo,Diputado,1254,Ignacio Urcullú Clèment-Lund,Diputado,1,2026-05-12,2026-05-12
1105,Héctor Barría Angulo,Diputado,1132,Jorge Guzmán Zepeda,Diputado,1,2026-05-12,2026-05-12
1105,Héctor Barría Angulo,Diputado,1226,José Montalva Feuerhake,Diputado,1,2026-05-12,2026-05-12
1105,Héctor Barría Angulo,Diputado,1259,Juan Marcelo Valenzuela Henríquez,Diputado,1,2026-06-24,2026-06-24
1105,Héctor Barría Angulo,Diputado,1122,Luis Alberto Cuello Peña y Lillo,Diputado,1,2026-06-12,2026-06-12
1105,Héctor Barría Angulo,Diputado,1251,Macarena Santelices Cañas,Diputado,1,2026-05-06,2026-05-06
1105,Héctor Barría Angulo,Diputado,1188,Marcos Barraza Gómez,Diputado,1,2026-04-20,2026-04-20
1105,Héctor Barría Angulo,Diputado,1107,María Francisca Bello Campos,Diputado,1,2026-05-04,2026-05-04
1105,Héctor Barría Angulo,Diputado,1209,Matías Fernández Hartwig,Diputado,1,2026-06-11,2026-06-11
1105,Héctor Barría Angulo,Diputado,1117,Nathalie Castillo Rojas,Diputado,1,2026-05-04,2026-05-04
1105,Héctor Barría Angulo,Diputado,1193,Patricio Briones Moller,Diputado,1,2026-05-06,2026-05-06
1105,Héctor Barría Angulo,Diputado,1203,Sebastián Cristoffanini Jaraquemada,Diputado,1,2026-05-12,2026-05-12
1105,Héctor Barría Angulo,Diputado,1219,Tomás Kast Sommerhoff,Diputado,1,2026-05-06,2026-05-06
1105,Héctor Barría Angulo,Diputado,1240,Zandra Parisi Fernández,Diputado,1,2026-05-28,2026-05-28
1178,Héctor Ulloa Aguilera,Diputado,1222,Andrea Macías Palma,Diputado,1,2026-05-31,2026-05-31
1178,Héctor Ulloa Aguilera,Diputado,1250,Bernardo Salinas Maya,Diputado,1,2026-04-20,2026-04-20
1178,Héctor Ulloa Aguilera,Diputado,1197,Carlos Chandía Alarcón,Diputado,1,2026-06-26,2026-06-26
1178,Héctor Ulloa Aguilera,Diputado,1206,Carolina Cucumides Calderón,Diputado,1,2026-04-20,2026-04-20
1178,Héctor Ulloa Aguilera,Diputado,1227,Claudia Mora Vega,Diputado,1,2026-06-26,2026-06-26
1178,Héctor Ulloa Aguilera,Diputado,1252,Constanza Schonhaut Soto,Diputado,1,2026-07-08,2026-07-08
1178,Héctor Ulloa Aguilera,Diputado,1232,Cristian Neira Martínez,Diputado,1,2026-07-08,2026-07-08
1178,Héctor Ulloa Aguilera,Diputado,1260,César Valenzuela Maass,Diputado,1,2026-06-12,2026-06-12
1178,Héctor Ulloa Aguilera,Diputado,1261,Daniel Valenzuela Salazar,Diputado,1,2026-06-26,2026-06-26
1178,Héctor Ulloa Aguilera,Diputado,1202,Eduardo Cretton Rebolledo,Diputado,1,2026-04-21,2026-04-21
1178,Héctor Ulloa Aguilera,Diputado,1239,Fabián Ossandón Briceño,Diputado,1,2026-05-31,2026-05-31
1178,Héctor Ulloa Aguilera,Diputado,1201,Flor Contreras Vivallo,Diputado,1,2026-06-05,2026-06-05
1178,Héctor Ulloa Aguilera,Diputado,1183,Flor Weisse Novoa,Diputado,1,2026-06-05,2026-06-05
1178,Héctor Ulloa Aguilera,Diputado,1237,Francisco Orrego Gutiérrez,Diputado,1,2026-04-21,2026-04-21
1178,Héctor Ulloa Aguilera,Diputado,1258,Guillermo Valdés Carmona,Diputado,1,2026-06-05,2026-06-05
1178,Héctor Ulloa Aguilera,Diputado,1210,Gustavo Gatica Villarroel,Diputado,1,2026-04-20,2026-04-20
1178,Héctor Ulloa Aguilera,Diputado,1223,Hans Marowski Cuevas,Diputado,1,2026-04-21,2026-04-21
1178,Héctor Ulloa Aguilera,Diputado,1213,Irací Hassler Jacob,Diputado,1,2026-05-31,2026-05-31
1178,Héctor Ulloa Aguilera,Diputado,1189,Jaime Bassa Mercado,Diputado,1,2026-06-10,2026-06-10
1178,Héctor Ulloa Aguilera,Diputado,1229,Javier Muñoz Riquelme,Diputado,1,2026-05-31,2026-05-31
1178,Héctor Ulloa Aguilera,Diputado,1208,Jorge Díaz Ibarra,Diputado,1,2026-04-06,2026-04-06
1178,Héctor Ulloa Aguilera,Diputado,1246,José Antonio Rivas Villalobos,Diputado,1,2026-07-30,2026-07-30
1178,Héctor Ulloa Aguilera,Diputado,1259,Juan Marcelo Valenzuela Henríquez,Diputado,1,2026-06-12,2026-06-12
1178,Héctor Ulloa Aguilera,Diputado,1188,Marcos Barraza Gómez,Diputado,1,2026-04-20,2026-04-20
1178,Héctor Ulloa Aguilera,Diputado,1234,Mario Olavarría Rodríguez,Diputado,1,2026-05-31,2026-05-31
1178,Héctor Ulloa Aguilera,Diputado,1193,Patricio Briones Moller,Diputado,1,2026-05-06,2026-05-06
1178,Héctor Ulloa Aguilera,Diputado,1236,Paula Olmos Contreras,Diputado,1,2026-05-06,2026-05-06
1178,Héctor Ulloa Aguilera,Diputado,1228,Paulina Muñoz Minte,Diputado,1,2026-04-21,2026-04-21
1178,Héctor Ulloa Aguilera,Diputado,1217,Pier Karlezi Hazleby,Diputado,1,2026-04-21,2026-04-21
1178,Héctor Ulloa Aguilera,Diputado,1196,Priscilla Castillo Gerli,Diputado,1,2026-04-06,2026-04-06
1178,Héctor Ulloa Aguilera,Diputado,1256,Tatiana Urrutia Herrera,Diputado,1,2026-05-31,2026-05-31
1178,Héctor Ulloa Aguilera,Diputado,1219,Tomás Kast Sommerhoff,Diputado,1,2026-05-06,2026-05-06
1178,Héctor Ulloa Aguilera,Diputado,1207,Valentina Cáceres Monsálvez,Diputado,1,2026-06-12,2026-06-12
1178,Héctor Ulloa Aguilera,Diputado,1238,Álvaro Ortiz Vera,Diputado,1,2026-06-05,2026-06-05
1186,Ignacio Achurra Díaz,Diputado,1195,Carlos Carvajal Gallardo,Diputado,1,2026-06-17,2026-06-17
1186,Ignacio Achurra Díaz,Diputado,1197,Carlos Chandía Alarcón,Diputado,1,2026-06-17,2026-06-17
1186,Ignacio Achurra Díaz,Diputado,1205,Carlos Cuadrado Prats,Diputado,1,2026-07-27,2026-07-27
1186,Ignacio Achurra Díaz,Diputado,1260,César Valenzuela Maass,Diputado,1,2026-04-15,2026-04-15
1186,Ignacio Achurra Díaz,Diputado,1239,Fabián Ossandón Briceño,Diputado,1,2026-07-07,2026-07-07
1186,Ignacio Achurra Díaz,Diputado,1204,Francisco Crisóstomo Llanos,Diputado,1,2026-07-07,2026-07-07
1186,Ignacio Achurra Díaz,Diputado,1213,Irací Hassler Jacob,Diputado,1,2026-04-15,2026-04-15
1186,Ignacio Achurra Díaz,Diputado,872,Jaime Mulet Martínez,Diputado,1,2026-05-29,2026-05-29
1186,Ignacio Achurra Díaz,Diputado,1246,José Antonio Rivas Villalobos,Diputado,1,2026-07-27,2026-07-27
1186,Ignacio Achurra Díaz,Diputado,1209,Matías Fernández Hartwig,Diputado,1,2026-07-27,2026-07-27
1186,Ignacio Achurra Díaz,Diputado,843,René Manuel García García,Diputado,1,2026-07-07,2026-07-07
1186,Ignacio Achurra Díaz,Diputado,1256,Tatiana Urrutia Herrera,Diputado,1,2026-07-27,2026-07-27
1186,Ignacio Achurra Díaz,Diputado,1207,Valentina Cáceres Monsálvez,Diputado,1,2026-07-27,2026-07-27
1254,Ignacio Urcullú Clèment-Lund,Diputado,1261,Daniel Valenzuela Salazar,Diputado,1,2026-07-14,2026-07-14
1254,Ignacio Urcullú Clèment-Lund,Diputado,872,Jaime Mulet Martínez,Diputado,1,2026-05-12,2026-05-12
1517,Ignacio Urrutia Bonilla,Senador,911,Carlos Ignacio Kuschel Silva,Senador,1,2026-06-23,2026-06-23
1213,Irací Hassler Jacob,Diputado,1250,Bernardo Salinas Maya,Diputado,1,2026-08-12,2026-08-12
1213,Irací Hassler Jacob,Diputado,1255,Eileen Urqueta Rojas,Diputado,1,2026-07-21,2026-07-21
1213,Irací Hassler Jacob,Diputado,1239,Fabián Ossandón Briceño,Diputado,1,2026-06-19,2026-06-19
1213,Irací Hassler Jacob,Diputado,1229,Javier Muñoz Riquelme,Diputado,1,2026-05-31,2026-05-31
1213,Irací Hassler Jacob,Diputado,1235,Javier Olivares Avendaño,Diputado,1,2026-06-19,2026-06-19
1213,Irací Hassler Jacob,Diputado,1226,José Montalva Feuerhake,Diputado,1,2026-06-16,2026-06-16
1213,Irací Hassler Jacob,Diputado,1259,Juan Marcelo Valenzuela Henríquez,Diputado,1,2026-06-02,2026-06-02
1213,Irací Hassler Jacob,Diputado,1241,Patricio Pinilla Valencia,Diputado,1,2026-06-02,2026-06-02
1213,Irací Hassler Jacob,Diputado,1236,Paula Olmos Contreras,Diputado,1,2026-06-19,2026-06-19
1213,Irací Hassler Jacob,Diputado,1217,Pier Karlezi Hazleby,Diputado,1,2026-07-24,2026-07-24
1213,Irací Hassler Jacob,Diputado,1256,Tatiana Urrutia Herrera,Diputado,1,2026-05-31,2026-05-31
1213,Irací Hassler Jacob,Diputado,1231,Ximena Naranjo Pinto,Diputado,1,2026-07-21,2026-07-21
1213,Irací Hassler Jacob,Diputado,1238,Álvaro Ortiz Vera,Diputado,1,2026-07-21,2026-07-21
1330,Iván Flores García,Senador,1515,Arturo Squella Ovalle,Senador,1,2026-07-14,2026-07-14
1330,Iván Flores García,Senador,1336,Daniel Núñez Arancibia,Senador,1,2026-04-08,2026-04-08
1330,Iván Flores García,Senador,1500,Danisa Astudillo Peiretti,Senador,1,2026-07-30,2026-07-30
1330,Iván Flores García,Senador,1516,Renzo Trisotti Martínez,Senador,1,2026-07-08,2026-07-08
1117,Iván Moreira Barros,Senador,1501,Andrea Balladares Letelier,Senador,1,2026-06-24,2026-06-24
1117,Iván Moreira Barros,Senador,1512,Andrés Longton Herrera,Senador,1,2026-07-21,2026-07-21
1117,Iván Moreira Barros,Senador,1515,Arturo Squella Ovalle,Senador,1,2026-07-21,2026-07-21
1117,Iván Moreira Barros,Senador,1508,Camila Flores Oporto,Senador,1,2026-04-22,2026-04-22
1117,Iván Moreira Barros,Senador,1338,Claudia Pascual Grau,Senador,1,2026-03-24,2026-03-24
1117,Iván Moreira Barros,Senador,1342,Enrique Van Rysselberghe Herrera,Senador,1,2026-05-20,2026-05-20
1117,Iván Moreira Barros,Senador,1329,Fidel Espinoza Sandoval,Senador,1,2026-07-07,2026-07-07
1117,Iván Moreira Barros,Senador,1326,Juan Luis Castro González,Senador,1,2026-06-09,2026-06-09
1117,Iván Moreira Barros,Senador,1344,Matías Walker Prieto,Senador,1,2026-04-15,2026-04-15
1117,Iván Moreira Barros,Senador,1215,Yasna Provoste Campillay,Senador,1,2026-03-24,2026-03-24
1099,Jaime Araya Guerrero,Diputado,1128,Ana María Gazmuri Vieira,Diputado,1,2026-04-27,2026-04-27
1099,Jaime Araya Guerrero,Diputado,1222,Andrea Macías Palma,Diputado,1,2026-04-27,2026-04-27
1099,Jaime Araya Guerrero,Diputado,1197,Carlos Chandía Alarcón,Diputado,1,2026-06-17,2026-06-17
1099,Jaime Araya Guerrero,Diputado,1224,Cristian Mella Andaur,Diputado,1,2026-04-27,2026-04-27
1099,Jaime Araya Guerrero,Diputado,1260,César Valenzuela Maass,Diputado,1,2026-06-02,2026-06-02
1099,Jaime Araya Guerrero,Diputado,1142,Daniel Manouchehri Lobos,Diputado,1,2026-06-02,2026-06-02
1099,Jaime Araya Guerrero,Diputado,1237,Francisco Orrego Gutiérrez,Diputado,1,2026-08-07,2026-08-07
1099,Jaime Araya Guerrero,Diputado,1152,Gloria Naveillan Arriagada,Diputado,1,2026-08-07,2026-08-07
1099,Jaime Araya Guerrero,Diputado,1176,Hotuiti Teao Drago,Diputado,1,2026-06-17,2026-06-17
1099,Jaime Araya Guerrero,Diputado,1105,Héctor Barría Angulo,Diputado,1,2026-05-28,2026-05-28
1099,Jaime Araya Guerrero,Diputado,1186,Ignacio Achurra Díaz,Diputado,1,2026-06-17,2026-06-17
1099,Jaime Araya Guerrero,Diputado,1213,Irací Hassler Jacob,Diputado,1,2026-06-02,2026-06-02
1099,Jaime Araya Guerrero,Diputado,1199,Jaime Coloma Álamos,Diputado,1,2026-08-11,2026-08-11
1099,Jaime Araya Guerrero,Diputado,1220,Leandro Kunstmann Collado,Diputado,1,2026-05-13,2026-05-13
1099,Jaime Araya Guerrero,Diputado,1127,Lorena Fries Monleón,Diputado,1,2026-04-27,2026-04-27
1099,Jaime Araya Guerrero,Diputado,1122,Luis Alberto Cuello Peña y Lillo,Diputado,1,2026-06-17,2026-06-17
1099,Jaime Araya Guerrero,Diputado,1107,María Francisca Bello Campos,Diputado,1,2026-05-13,2026-05-13
1099,Jaime Araya Guerrero,Diputado,1209,Matías Fernández Hartwig,Diputado,1,2026-04-27,2026-04-27
1099,Jaime Araya Guerrero,Diputado,1117,Nathalie Castillo Rojas,Diputado,1,2026-08-14,2026-08-14
1099,Jaime Araya Guerrero,Diputado,1236,Paula Olmos Contreras,Diputado,1,2026-08-14,2026-08-14
1099,Jaime Araya Guerrero,Diputado,1228,Paulina Muñoz Minte,Diputado,1,2026-05-13,2026-05-13
1099,Jaime Araya Guerrero,Diputado,1233,Ricardo Neumann Bertín,Diputado,1,2026-05-13,2026-05-13
1099,Jaime Araya Guerrero,Diputado,1182,Sebastián Videla Castillo,Diputado,1,2026-06-17,2026-06-17
1099,Jaime Araya Guerrero,Diputado,1211,Sofía González Cortés,Diputado,1,2026-08-11,2026-08-11
1099,Jaime Araya Guerrero,Diputado,1243,Tamara Ramírez Ramírez,Diputado,1,2026-05-13,2026-05-13
1099,Jaime Araya Guerrero,Diputado,1256,Tatiana Urrutia Herrera,Diputado,1,2026-08-11,2026-08-11
1099,Jaime Araya Guerrero,Diputado,1207,Valentina Cáceres Monsálvez,Diputado,1,2026-08-14,2026-08-14
1099,Jaime Araya Guerrero,Diputado,1215,Álvaro Jofré Cáceres,Diputado,1,2026-05-13,2026-05-13
1099,Jaime Araya Guerrero,Diputado,1238,Álvaro Ortiz Vera,Diputado,1,2026-08-06,2026-08-06
1189,Jaime Bassa Mercado,Diputado,1222,Andrea Macías Palma,Diputado,1,2026-08-12,2026-08-12
1189,Jaime Bassa Mercado,Diputado,1197,Carlos Chandía Alarcón,Diputado,1,2026-06-15,2026-06-15
1189,Jaime Bassa Mercado,Diputado,1206,Carolina Cucumides Calderón,Diputado,1,2026-08-12,2026-08-12
1189,Jaime Bassa Mercado,Diputado,1252,Constanza Schonhaut Soto,Diputado,1,2026-07-22,2026-07-22
1189,Jaime Bassa Mercado,Diputado,1261,Daniel Valenzuela Salazar,Diputado,1,2026-07-28,2026-07-28
1189,Jaime Bassa Mercado,Diputado,1204,Francisco Crisóstomo Llanos,Diputado,1,2026-07-13,2026-07-13
1189,Jaime Bassa Mercado,Diputado,1209,Matías Fernández Hartwig,Diputado,1,2026-04-15,2026-04-15
1189,Jaime Bassa Mercado,Diputado,1193,Patricio Briones Moller,Diputado,1,2026-06-15,2026-06-15
1189,Jaime Bassa Mercado,Diputado,1217,Pier Karlezi Hazleby,Diputado,1,2026-07-24,2026-07-24
1189,Jaime Bassa Mercado,Diputado,1240,Zandra Parisi Fernández,Diputado,1,2026-07-24,2026-07-24
1189,Jaime Bassa Mercado,Diputado,1238,Álvaro Ortiz Vera,Diputado,1,2026-06-10,2026-06-10
1199,Jaime Coloma Álamos,Diputado,1250,Bernardo Salinas Maya,Diputado,1,2026-08-11,2026-08-11
1199,Jaime Coloma Álamos,Diputado,1227,Claudia Mora Vega,Diputado,1,2026-08-11,2026-08-11
1199,Jaime Coloma Álamos,Diputado,1214,Constanza Hube Portus,Diputado,1,2026-06-05,2026-06-05
1199,Jaime Coloma Álamos,Diputado,1248,Felipe Ross Correa,Diputado,1,2026-06-05,2026-06-05
1199,Jaime Coloma Álamos,Diputado,1210,Gustavo Gatica Villarroel,Diputado,1,2026-08-11,2026-08-11
1199,Jaime Coloma Álamos,Diputado,1218,José Antonio Kast Adriasola,Diputado,1,2026-06-05,2026-06-05
1199,Jaime Coloma Álamos,Diputado,1246,José Antonio Rivas Villalobos,Diputado,1,2026-08-11,2026-08-11
1199,Jaime Coloma Álamos,Diputado,1251,Macarena Santelices Cañas,Diputado,1,2026-08-11,2026-08-11
1199,Jaime Coloma Álamos,Diputado,1241,Patricio Pinilla Valencia,Diputado,1,2026-08-11,2026-08-11
1199,Jaime Coloma Álamos,Diputado,1228,Paulina Muñoz Minte,Diputado,1,2026-06-05,2026-06-05
1199,Jaime Coloma Álamos,Diputado,803,René Alinco Bustos,Diputado,1,2026-05-13,2026-05-13
1199,Jaime Coloma Álamos,Diputado,1211,Sofía González Cortés,Diputado,1,2026-08-11,2026-08-11
1199,Jaime Coloma Álamos,Diputado,1256,Tatiana Urrutia Herrera,Diputado,1,2026-08-11,2026-08-11
1199,Jaime Coloma Álamos,Diputado,1215,Álvaro Jofré Cáceres,Diputado,1,2026-06-05,2026-06-05
872,Jaime Mulet Martínez,Diputado,915,Germán Verdugo Soto,Diputado,1,2026-08-04,2026-08-04
872,Jaime Mulet Martínez,Diputado,986,Marcela Hernando Pérez,Diputado,1,2026-08-05,2026-08-05
1335,Javier Macaya Danús,Senador,1501,Andrea Balladares Letelier,Senador,1,2026-07-03,2026-07-03
1335,Javier Macaya Danús,Senador,1515,Arturo Squella Ovalle,Senador,1,2026-08-19,2026-08-19
1335,Javier Macaya Danús,Senador,1518,Cristian Vial Maceratta,Senador,1,2026-05-20,2026-05-20
1335,Javier Macaya Danús,Senador,1509,Diego Ibáñez Cotroneo,Senador,1,2026-08-19,2026-08-19
1335,Javier Macaya Danús,Senador,1339,Gastón Saavedra Chandía,Senador,1,2026-04-08,2026-04-08
1335,Javier Macaya Danús,Senador,1516,Renzo Trisotti Martínez,Senador,1,2026-07-08,2026-07-08
1335,Javier Macaya Danús,Senador,1506,Ricardo Celis Araya,Senador,1,2026-08-19,2026-08-19
1229,Javier Muñoz Riquelme,Diputado,1237,Francisco Orrego Gutiérrez,Diputado,1,2026-08-05,2026-08-05
1229,Javier Muñoz Riquelme,Diputado,1258,Guillermo Valdés Carmona,Diputado,1,2026-06-29,2026-06-29
1229,Javier Muñoz Riquelme,Diputado,986,Marcela Hernando Pérez,Diputado,1,2026-08-05,2026-08-05
1229,Javier Muñoz Riquelme,Diputado,1234,Mario Olavarría Rodríguez,Diputado,1,2026-05-31,2026-05-31
1229,Javier Muñoz Riquelme,Diputado,1236,Paula Olmos Contreras,Diputado,1,2026-07-24,2026-07-24
1229,Javier Muñoz Riquelme,Diputado,1242,Rodrigo Ramírez Parra,Diputado,1,2026-06-29,2026-06-29
1229,Javier Muñoz Riquelme,Diputado,1256,Tatiana Urrutia Herrera,Diputado,1,2026-05-31,2026-05-31
1235,Javier Olivares Avendaño,Diputado,1245,Alejandro Riquelme Ducci,Diputado,1,2026-07-06,2026-07-06
1235,Javier Olivares Avendaño,Diputado,1250,Bernardo Salinas Maya,Diputado,1,2026-07-01,2026-07-01
1235,Javier Olivares Avendaño,Diputado,1262,Diego Vergara Rodríguez,Diputado,1,2026-07-06,2026-07-06
1235,Javier Olivares Avendaño,Diputado,1253,Fernando Ugarte Tejeda,Diputado,1,2026-07-06,2026-07-06
1235,Javier Olivares Avendaño,Diputado,1251,Macarena Santelices Cañas,Diputado,1,2026-07-06,2026-07-06
1235,Javier Olivares Avendaño,Diputado,843,René Manuel García García,Diputado,1,2026-06-16,2026-06-16
1235,Javier Olivares Avendaño,Diputado,1242,Rodrigo Ramírez Parra,Diputado,1,2026-05-12,2026-05-12
1235,Javier Olivares Avendaño,Diputado,815,Sergio Bobadilla Muñoz,Diputado,1,2026-07-20,2026-07-20
1235,Javier Olivares Avendaño,Diputado,1238,Álvaro Ortiz Vera,Diputado,1,2026-04-21,2026-04-21
1148,Javiera Morales Alvarado,Diputado,1177,Carolina Tello Rojas,Diputado,1,2026-07-15,2026-07-15
1148,Javiera Morales Alvarado,Diputado,1153,Coca Ericka Ñanco Vásquez,Diputado,1,2026-07-15,2026-07-15
1148,Javiera Morales Alvarado,Diputado,1252,Constanza Schonhaut Soto,Diputado,1,2026-05-26,2026-05-26
1148,Javiera Morales Alvarado,Diputado,1171,Emilia Schneider Videla,Diputado,1,2026-03-25,2026-03-25
1148,Javiera Morales Alvarado,Diputado,1210,Gustavo Gatica Villarroel,Diputado,1,2026-03-25,2026-03-25
1148,Javiera Morales Alvarado,Diputado,1209,Matías Fernández Hartwig,Diputado,1,2026-03-25,2026-03-25
1148,Javiera Morales Alvarado,Diputado,1181,Nelson Venegas Salazar,Diputado,1,2026-07-15,2026-07-15
1148,Javiera Morales Alvarado,Diputado,1184,Roberto Celedón Fernández,Diputado,1,2026-07-15,2026-07-15
1148,Javiera Morales Alvarado,Diputado,1207,Valentina Cáceres Monsálvez,Diputado,1,2026-07-15,2026-07-15
1247,Javiera Rodríguez Pascual,Diputado,1250,Bernardo Salinas Maya,Diputado,1,2026-07-01,2026-07-01
1247,Javiera Rodríguez Pascual,Diputado,1261,Daniel Valenzuela Salazar,Diputado,1,2026-06-10,2026-06-10
1247,Javiera Rodríguez Pascual,Diputado,1254,Ignacio Urcullú Clèment-Lund,Diputado,1,2026-06-09,2026-06-09
1062,Joanna Pérez Olea,Diputado,1230,Alex Nahuelquin Nahuelquin,Diputado,1,2026-08-11,2026-08-11
1062,Joanna Pérez Olea,Diputado,1222,Andrea Macías Palma,Diputado,1,2026-05-31,2026-05-31
1062,Joanna Pérez Olea,Diputado,1187,Carlo Arqueros Pizarro,Diputado,1,2026-08-11,2026-08-11
1062,Joanna Pérez Olea,Diputado,1205,Carlos Cuadrado Prats,Diputado,1,2026-06-22,2026-06-22
1062,Joanna Pérez Olea,Diputado,1104,Chiara Barchiesi Chávez,Diputado,1,2026-05-13,2026-05-13
1062,Joanna Pérez Olea,Diputado,1100,Cristián Araya Lerdo de Tejada,Diputado,1,2026-05-13,2026-05-13
1062,Joanna Pérez Olea,Diputado,1082,Cristóbal Urruticoechea Ríos,Diputado,1,2026-04-21,2026-04-21
1062,Joanna Pérez Olea,Diputado,1194,Daniel Bustos Leal,Diputado,1,2026-06-29,2026-06-29
1062,Joanna Pérez Olea,Diputado,1140,Daniel Lilayu Vivanco,Diputado,1,2026-06-29,2026-06-29
1062,Joanna Pérez Olea,Diputado,1255,Eileen Urqueta Rojas,Diputado,1,2026-08-11,2026-08-11
1062,Joanna Pérez Olea,Diputado,1239,Fabián Ossandón Briceño,Diputado,1,2026-05-31,2026-05-31
1062,Joanna Pérez Olea,Diputado,1116,Felipe Camaño Cárdenas,Diputado,1,2026-08-05,2026-08-05
1062,Joanna Pérez Olea,Diputado,1114,Félix Bugueño Sotelo,Diputado,1,2026-06-29,2026-06-29
1062,Joanna Pérez Olea,Diputado,1087,Gael Yeomans Araya,Diputado,1,2026-06-22,2026-06-22
1062,Joanna Pérez Olea,Diputado,1065,Guillermo Ramírez Diez,Diputado,1,2026-06-22,2026-06-22
1062,Joanna Pérez Olea,Diputado,1258,Guillermo Valdés Carmona,Diputado,1,2026-06-29,2026-06-29
1062,Joanna Pérez Olea,Diputado,1223,Hans Marowski Cuevas,Diputado,1,2026-04-21,2026-04-21
1062,Joanna Pérez Olea,Diputado,1178,Héctor Ulloa Aguilera,Diputado,1,2026-05-31,2026-05-31
1062,Joanna Pérez Olea,Diputado,1186,Ignacio Achurra Díaz,Diputado,1,2026-05-13,2026-05-13
1062,Joanna Pérez Olea,Diputado,1099,Jaime Araya Guerrero,Diputado,1,2026-05-13,2026-05-13
1062,Joanna Pérez Olea,Diputado,1199,Jaime Coloma Álamos,Diputado,1,2026-06-05,2026-06-05
1062,Joanna Pérez Olea,Diputado,1218,José Antonio Kast Adriasola,Diputado,1,2026-06-05,2026-06-05
1062,Joanna Pérez Olea,Diputado,1246,José Antonio Rivas Villalobos,Diputado,1,2026-08-11,2026-08-11
1062,Joanna Pérez Olea,Diputado,1259,Juan Marcelo Valenzuela Henríquez,Diputado,1,2026-05-13,2026-05-13
1062,Joanna Pérez Olea,Diputado,1122,Luis Alberto Cuello Peña y Lillo,Diputado,1,2026-05-13,2026-05-13
1062,Joanna Pérez Olea,Diputado,1157,Marlene Pérez Cartes,Diputado,1,2026-05-31,2026-05-31
1062,Joanna Pérez Olea,Diputado,1107,María Francisca Bello Campos,Diputado,1,2026-05-13,2026-05-13
1062,Joanna Pérez Olea,Diputado,1166,Natalia Romero Talguia,Diputado,1,2026-06-29,2026-06-29
1062,Joanna Pérez Olea,Diputado,1249,Omar Sabat Guzmán,Diputado,1,2026-04-21,2026-04-21
1062,Joanna Pérez Olea,Diputado,1193,Patricio Briones Moller,Diputado,1,2026-06-05,2026-06-05
1062,Joanna Pérez Olea,Diputado,1241,Patricio Pinilla Valencia,Diputado,1,2026-08-11,2026-08-11
1062,Joanna Pérez Olea,Diputado,1228,Paulina Muñoz Minte,Diputado,1,2026-06-05,2026-06-05
1062,Joanna Pérez Olea,Diputado,1217,Pier Karlezi Hazleby,Diputado,1,2026-04-21,2026-04-21
1062,Joanna Pérez Olea,Diputado,1196,Priscilla Castillo Gerli,Diputado,1,2026-08-05,2026-08-05
1062,Joanna Pérez Olea,Diputado,843,René Manuel García García,Diputado,1,2026-06-19,2026-06-19
1062,Joanna Pérez Olea,Diputado,1119,Sara Concha Smith,Diputado,1,2026-06-29,2026-06-29
1062,Joanna Pérez Olea,Diputado,1219,Tomás Kast Sommerhoff,Diputado,1,2026-06-04,2026-06-04
1062,Joanna Pérez Olea,Diputado,1238,Álvaro Ortiz Vera,Diputado,1,2026-04-21,2026-04-21
1009,Jorge Alessandri Vergara,Diputado,1245,Alejandro Riquelme Ducci,Diputado,1,2026-07-06,2026-07-06
1009,Jorge Alessandri Vergara,Diputado,1150,Benjamín Moreno Bascur,Diputado,1,2026-07-06,2026-07-06
1009,Jorge Alessandri Vergara,Diputado,1250,Bernardo Salinas Maya,Diputado,1,2026-07-01,2026-07-01
1009,Jorge Alessandri Vergara,Diputado,1104,Chiara Barchiesi Chávez,Diputado,1,2026-07-06,2026-07-06
1009,Jorge Alessandri Vergara,Diputado,1224,Cristian Mella Andaur,Diputado,1,2026-07-01,2026-07-01
1009,Jorge Alessandri Vergara,Diputado,1262,Diego Vergara Rodríguez,Diputado,1,2026-07-06,2026-07-06
1009,Jorge Alessandri Vergara,Diputado,1116,Felipe Camaño Cárdenas,Diputado,1,2026-06-16,2026-06-16
1009,Jorge Alessandri Vergara,Diputado,1253,Fernando Ugarte Tejeda,Diputado,1,2026-07-06,2026-07-06
1009,Jorge Alessandri Vergara,Diputado,1065,Guillermo Ramírez Diez,Diputado,1,2026-06-18,2026-06-18
1009,Jorge Alessandri Vergara,Diputado,1223,Hans Marowski Cuevas,Diputado,1,2026-07-01,2026-07-01
1009,Jorge Alessandri Vergara,Diputado,1176,Hotuiti Teao Drago,Diputado,1,2026-06-18,2026-06-18
1009,Jorge Alessandri Vergara,Diputado,1247,Javiera Rodríguez Pascual,Diputado,1,2026-07-01,2026-07-01
1009,Jorge Alessandri Vergara,Diputado,1062,Joanna Pérez Olea,Diputado,1,2026-06-05,2026-06-05
1009,Jorge Alessandri Vergara,Diputado,1218,José Antonio Kast Adriasola,Diputado,1,2026-06-05,2026-06-05
1009,Jorge Alessandri Vergara,Diputado,1251,Macarena Santelices Cañas,Diputado,1,2026-07-06,2026-07-06
1009,Jorge Alessandri Vergara,Diputado,1166,Natalia Romero Talguia,Diputado,1,2026-08-04,2026-08-04
1009,Jorge Alessandri Vergara,Diputado,1193,Patricio Briones Moller,Diputado,1,2026-06-05,2026-06-05
1009,Jorge Alessandri Vergara,Diputado,1228,Paulina Muñoz Minte,Diputado,1,2026-06-05,2026-06-05
1009,Jorge Alessandri Vergara,Diputado,1182,Sebastián Videla Castillo,Diputado,1,2026-06-05,2026-06-05
1009,Jorge Alessandri Vergara,Diputado,1263,Sebastián Zamora Soto,Diputado,1,2026-07-01,2026-07-01
1009,Jorge Alessandri Vergara,Diputado,1191,Valentina Becerra Peña,Diputado,1,2026-07-01,2026-07-01
1009,Jorge Alessandri Vergara,Diputado,1231,Ximena Naranjo Pinto,Diputado,1,2026-08-04,2026-08-04
1009,Jorge Alessandri Vergara,Diputado,1059,Ximena Ossandón Irarrázabal,Diputado,1,2026-06-16,2026-06-16
1009,Jorge Alessandri Vergara,Diputado,1215,Álvaro Jofré Cáceres,Diputado,1,2026-06-05,2026-06-05
1015,Jorge Brito Hasbún,Diputado,1195,Carlos Carvajal Gallardo,Diputado,1,2026-04-15,2026-04-15
1015,Jorge Brito Hasbún,Diputado,1177,Carolina Tello Rojas,Diputado,1,2026-05-18,2026-05-18
1015,Jorge Brito Hasbún,Diputado,1252,Constanza Schonhaut Soto,Diputado,1,2026-07-22,2026-07-22
1015,Jorge Brito Hasbún,Diputado,1224,Cristian Mella Andaur,Diputado,1,2026-04-15,2026-04-15
1015,Jorge Brito Hasbún,Diputado,1260,César Valenzuela Maass,Diputado,1,2026-06-02,2026-06-02
1015,Jorge Brito Hasbún,Diputado,1142,Daniel Manouchehri Lobos,Diputado,1,2026-06-02,2026-06-02
1015,Jorge Brito Hasbún,Diputado,1261,Daniel Valenzuela Salazar,Diputado,1,2026-07-28,2026-07-28
1015,Jorge Brito Hasbún,Diputado,1114,Félix Bugueño Sotelo,Diputado,1,2026-07-22,2026-07-22
1015,Jorge Brito Hasbún,Diputado,1086,Gonzalo Winter Etcheberry,Diputado,1,2026-06-02,2026-06-02
1015,Jorge Brito Hasbún,Diputado,1176,Hotuiti Teao Drago,Diputado,1,2026-04-15,2026-04-15
1015,Jorge Brito Hasbún,Diputado,1213,Irací Hassler Jacob,Diputado,1,2026-06-02,2026-06-02
1015,Jorge Brito Hasbún,Diputado,1099,Jaime Araya Guerrero,Diputado,1,2026-06-02,2026-06-02
1015,Jorge Brito Hasbún,Diputado,1259,Juan Marcelo Valenzuela Henríquez,Diputado,1,2026-06-02,2026-06-02
1015,Jorge Brito Hasbún,Diputado,1127,Lorena Fries Monleón,Diputado,1,2026-07-22,2026-07-22
1015,Jorge Brito Hasbún,Diputado,1122,Luis Alberto Cuello Peña y Lillo,Diputado,1,2026-04-15,2026-04-15
1015,Jorge Brito Hasbún,Diputado,1188,Marcos Barraza Gómez,Diputado,1,2026-07-28,2026-07-28
1015,Jorge Brito Hasbún,Diputado,1074,Marisela Santibáñez Novoa,Diputado,1,2026-04-15,2026-04-15
1015,Jorge Brito Hasbún,Diputado,1107,María Francisca Bello Campos,Diputado,1,2026-04-15,2026-04-15
1015,Jorge Brito Hasbún,Diputado,1209,Matías Fernández Hartwig,Diputado,1,2026-04-15,2026-04-15
1015,Jorge Brito Hasbún,Diputado,1241,Patricio Pinilla Valencia,Diputado,1,2026-06-02,2026-06-02
1015,Jorge Brito Hasbún,Diputado,1263,Sebastián Zamora Soto,Diputado,1,2026-04-15,2026-04-15
1015,Jorge Brito Hasbún,Diputado,1256,Tatiana Urrutia Herrera,Diputado,1,2026-05-18,2026-05-18
1208,Jorge Díaz Ibarra,Diputado,1257,Alejandra Valdebenito Torres,Diputado,1,2026-07-14,2026-07-14
1208,Jorge Díaz Ibarra,Diputado,1245,Alejandro Riquelme Ducci,Diputado,1,2026-07-14,2026-07-14
1208,Jorge Díaz Ibarra,Diputado,1239,Fabián Ossandón Briceño,Diputado,1,2026-07-14,2026-07-14
1208,Jorge Díaz Ibarra,Diputado,1248,Felipe Ross Correa,Diputado,1,2026-07-20,2026-07-20
1208,Jorge Díaz Ibarra,Diputado,1210,Gustavo Gatica Villarroel,Diputado,1,2026-05-05,2026-05-05
1208,Jorge Díaz Ibarra,Diputado,1234,Mario Olavarría Rodríguez,Diputado,1,2026-07-20,2026-07-20
1208,Jorge Díaz Ibarra,Diputado,843,René Manuel García García,Diputado,1,2026-05-28,2026-05-28
1208,Jorge Díaz Ibarra,Diputado,1216,Stephanie Jéldrez Ortiz,Diputado,1,2026-07-14,2026-07-14
1132,Jorge Guzmán Zepeda,Diputado,1230,Alex Nahuelquin Nahuelquin,Diputado,1,2026-08-12,2026-08-12
1132,Jorge Guzmán Zepeda,Diputado,1195,Carlos Carvajal Gallardo,Diputado,1,2026-06-04,2026-06-04
1132,Jorge Guzmán Zepeda,Diputado,1177,Carolina Tello Rojas,Diputado,1,2026-04-15,2026-04-15
1132,Jorge Guzmán Zepeda,Diputado,1224,Cristian Mella Andaur,Diputado,1,2026-06-04,2026-06-04
1132,Jorge Guzmán Zepeda,Diputado,1232,Cristian Neira Martínez,Diputado,1,2026-06-03,2026-06-03
1132,Jorge Guzmán Zepeda,Diputado,1260,César Valenzuela Maass,Diputado,1,2026-07-22,2026-07-22
1132,Jorge Guzmán Zepeda,Diputado,1190,Enrique Bassaletti Riess,Diputado,1,2026-06-16,2026-06-16
1132,Jorge Guzmán Zepeda,Diputado,1201,Flor Contreras Vivallo,Diputado,1,2026-05-12,2026-05-12
1132,Jorge Guzmán Zepeda,Diputado,915,Germán Verdugo Soto,Diputado,1,2026-08-04,2026-08-04
1132,Jorge Guzmán Zepeda,Diputado,1258,Guillermo Valdés Carmona,Diputado,1,2026-04-15,2026-04-15
1132,Jorge Guzmán Zepeda,Diputado,1210,Gustavo Gatica Villarroel,Diputado,1,2026-07-24,2026-07-24
1132,Jorge Guzmán Zepeda,Diputado,1254,Ignacio Urcullú Clèment-Lund,Diputado,1,2026-05-12,2026-05-12
1132,Jorge Guzmán Zepeda,Diputado,1213,Irací Hassler Jacob,Diputado,1,2026-07-24,2026-07-24
1132,Jorge Guzmán Zepeda,Diputado,1189,Jaime Bassa Mercado,Diputado,1,2026-07-24,2026-07-24
1132,Jorge Guzmán Zepeda,Diputado,1226,José Montalva Feuerhake,Diputado,1,2026-05-12,2026-05-12
1132,Jorge Guzmán Zepeda,Diputado,1141,Luis Malla Valenzuela,Diputado,1,2026-08-12,2026-08-12
1132,Jorge Guzmán Zepeda,Diputado,1170,Luis Sánchez Ossa,Diputado,1,2026-06-18,2026-06-18
1132,Jorge Guzmán Zepeda,Diputado,1174,Marco Antonio Sulantay Olivares,Diputado,1,2026-06-04,2026-06-04
1132,Jorge Guzmán Zepeda,Diputado,1236,Paula Olmos Contreras,Diputado,1,2026-05-12,2026-05-12
1132,Jorge Guzmán Zepeda,Diputado,1184,Roberto Celedón Fernández,Diputado,1,2026-04-15,2026-04-15
1132,Jorge Guzmán Zepeda,Diputado,1203,Sebastián Cristoffanini Jaraquemada,Diputado,1,2026-05-12,2026-05-12
1132,Jorge Guzmán Zepeda,Diputado,1211,Sofía González Cortés,Diputado,1,2026-07-24,2026-07-24
1132,Jorge Guzmán Zepeda,Diputado,1216,Stephanie Jéldrez Ortiz,Diputado,1,2026-06-18,2026-06-18
1132,Jorge Guzmán Zepeda,Diputado,1256,Tatiana Urrutia Herrera,Diputado,1,2026-07-22,2026-07-22
1132,Jorge Guzmán Zepeda,Diputado,1191,Valentina Becerra Peña,Diputado,1,2026-08-12,2026-08-12
1132,Jorge Guzmán Zepeda,Diputado,1207,Valentina Cáceres Monsálvez,Diputado,1,2026-07-22,2026-07-22
1132,Jorge Guzmán Zepeda,Diputado,1240,Zandra Parisi Fernández,Diputado,1,2026-07-24,2026-07-24
1132,Jorge Guzmán Zepeda,Diputado,1215,Álvaro Jofré Cáceres,Diputado,1,2026-06-03,2026-06-03
1218,José Antonio Kast Adriasola,Diputado,1245,Alejandro Riquelme Ducci,Diputado,1,2026-07-09,2026-07-09
1218,José Antonio Kast Adriasola,Diputado,1221,Benjamín Lorca Inzunza,Diputado,1,2026-06-09,2026-06-09
1218,José Antonio Kast Adriasola,Diputado,1227,Claudia Mora Vega,Diputado,1,2026-06-09,2026-06-09
1218,José Antonio Kast Adriasola,Diputado,1262,Diego Vergara Rodríguez,Diputado,1,2026-07-09,2026-07-09
1218,José Antonio Kast Adriasola,Diputado,1255,Eileen Urqueta Rojas,Diputado,1,2026-06-09,2026-06-09
1218,José Antonio Kast Adriasola,Diputado,1253,Fernando Ugarte Tejeda,Diputado,1,2026-07-06,2026-07-06
1218,José Antonio Kast Adriasola,Diputado,1237,Francisco Orrego Gutiérrez,Diputado,1,2026-06-05,2026-06-05
1218,José Antonio Kast Adriasola,Diputado,1223,Hans Marowski Cuevas,Diputado,1,2026-07-07,2026-07-07
1218,José Antonio Kast Adriasola,Diputado,1235,Javier Olivares Avendaño,Diputado,1,2026-07-07,2026-07-07
1218,José Antonio Kast Adriasola,Diputado,1259,Juan Marcelo Valenzuela Henríquez,Diputado,1,2026-07-06,2026-07-06
1218,José Antonio Kast Adriasola,Diputado,1241,Patricio Pinilla Valencia,Diputado,1,2026-07-06,2026-07-06
1218,José Antonio Kast Adriasola,Diputado,1228,Paulina Muñoz Minte,Diputado,1,2026-06-05,2026-06-05
1218,José Antonio Kast Adriasola,Diputado,1233,Ricardo Neumann Bertín,Diputado,1,2026-07-07,2026-07-07
1218,José Antonio Kast Adriasola,Diputado,1243,Tamara Ramírez Ramírez,Diputado,1,2026-06-09,2026-06-09
1218,José Antonio Kast Adriasola,Diputado,1219,Tomás Kast Sommerhoff,Diputado,1,2026-06-16,2026-06-16
1218,José Antonio Kast Adriasola,Diputado,1231,Ximena Naranjo Pinto,Diputado,1,2026-06-09,2026-06-09
1246,José Antonio Rivas Villalobos,Diputado,1255,Eileen Urqueta Rojas,Diputado,1,2026-08-11,2026-08-11
1246,José Antonio Rivas Villalobos,Diputado,986,Marcela Hernando Pérez,Diputado,1,2026-08-11,2026-08-11
1246,José Antonio Rivas Villalobos,Diputado,1256,Tatiana Urrutia Herrera,Diputado,1,2026-08-11,2026-08-11
1146,José Carlos Meza Pereira,Diputado,1230,Alex Nahuelquin Nahuelquin,Diputado,1,2026-06-16,2026-06-16
1146,José Carlos Meza Pereira,Diputado,1201,Flor Contreras Vivallo,Diputado,1,2026-06-16,2026-06-16
1146,José Carlos Meza Pereira,Diputado,1237,Francisco Orrego Gutiérrez,Diputado,1,2026-06-16,2026-06-16
1146,José Carlos Meza Pereira,Diputado,1178,Héctor Ulloa Aguilera,Diputado,1,2026-07-30,2026-07-30
1146,José Carlos Meza Pereira,Diputado,1246,José Antonio Rivas Villalobos,Diputado,1,2026-07-30,2026-07-30
1146,José Carlos Meza Pereira,Diputado,1193,Patricio Briones Moller,Diputado,1,2026-06-16,2026-06-16
1146,José Carlos Meza Pereira,Diputado,1241,Patricio Pinilla Valencia,Diputado,1,2026-07-30,2026-07-30
1146,José Carlos Meza Pereira,Diputado,1217,Pier Karlezi Hazleby,Diputado,1,2026-06-16,2026-06-16
1146,José Carlos Meza Pereira,Diputado,1172,Stephan Schubert Rubio,Diputado,1,2026-06-16,2026-06-16
1146,José Carlos Meza Pereira,Diputado,1243,Tamara Ramírez Ramírez,Diputado,1,2026-07-30,2026-07-30
1146,José Carlos Meza Pereira,Diputado,1240,Zandra Parisi Fernández,Diputado,1,2026-05-06,2026-05-06
1226,José Montalva Feuerhake,Diputado,1252,Constanza Schonhaut Soto,Diputado,1,2026-07-08,2026-07-08
1226,José Montalva Feuerhake,Diputado,1232,Cristian Neira Martínez,Diputado,1,2026-07-08,2026-07-08
1226,José Montalva Feuerhake,Diputado,1260,César Valenzuela Maass,Diputado,1,2026-06-11,2026-06-11
1226,José Montalva Feuerhake,Diputado,1239,Fabián Ossandón Briceño,Diputado,1,2026-06-10,2026-06-10
1226,José Montalva Feuerhake,Diputado,1254,Ignacio Urcullú Clèment-Lund,Diputado,1,2026-05-12,2026-05-12
1226,José Montalva Feuerhake,Diputado,815,Sergio Bobadilla Muñoz,Diputado,1,2026-07-21,2026-07-21
1226,José Montalva Feuerhake,Diputado,1240,Zandra Parisi Fernández,Diputado,1,2026-04-27,2026-04-27
1226,José Montalva Feuerhake,Diputado,1238,Álvaro Ortiz Vera,Diputado,1,2026-06-10,2026-06-10
1108,Juan Carlos Beltrán Silva,Diputado,1128,Ana María Gazmuri Vieira,Diputado,1,2026-06-26,2026-06-26
1108,Juan Carlos Beltrán Silva,Diputado,1205,Carlos Cuadrado Prats,Diputado,1,2026-06-03,2026-06-03
1108,Juan Carlos Beltrán Silva,Diputado,1232,Cristian Neira Martínez,Diputado,1,2026-06-03,2026-06-03
1108,Juan Carlos Beltrán Silva,Diputado,1190,Enrique Bassaletti Riess,Diputado,1,2026-08-07,2026-08-07
1108,Juan Carlos Beltrán Silva,Diputado,1116,Felipe Camaño Cárdenas,Diputado,1,2026-04-15,2026-04-15
1108,Juan Carlos Beltrán Silva,Diputado,1152,Gloria Naveillan Arriagada,Diputado,1,2026-08-07,2026-08-07
1108,Juan Carlos Beltrán Silva,Diputado,1178,Héctor Ulloa Aguilera,Diputado,1,2026-06-26,2026-06-26
1108,Juan Carlos Beltrán Silva,Diputado,872,Jaime Mulet Martínez,Diputado,1,2026-04-15,2026-04-15
1108,Juan Carlos Beltrán Silva,Diputado,1229,Javier Muñoz Riquelme,Diputado,1,2026-04-15,2026-04-15
1108,Juan Carlos Beltrán Silva,Diputado,1208,Jorge Díaz Ibarra,Diputado,1,2026-04-15,2026-04-15
1108,Juan Carlos Beltrán Silva,Diputado,1259,Juan Marcelo Valenzuela Henríquez,Diputado,1,2026-06-02,2026-06-02
1108,Juan Carlos Beltrán Silva,Diputado,1234,Mario Olavarría Rodríguez,Diputado,1,2026-06-03,2026-06-03
1108,Juan Carlos Beltrán Silva,Diputado,1249,Omar Sabat Guzmán,Diputado,1,2026-06-03,2026-06-03
1108,Juan Carlos Beltrán Silva,Diputado,1241,Patricio Pinilla Valencia,Diputado,1,2026-04-15,2026-04-15
1108,Juan Carlos Beltrán Silva,Diputado,1196,Priscilla Castillo Gerli,Diputado,1,2026-04-15,2026-04-15
1108,Juan Carlos Beltrán Silva,Diputado,1238,Álvaro Ortiz Vera,Diputado,1,2026-04-15,2026-04-15
1133,Juan Irarrázaval Rossel,Diputado,1165,Agustín Romero Leiva,Diputado,1,2026-06-16,2026-06-16
1133,Juan Irarrázaval Rossel,Diputado,1245,Alejandro Riquelme Ducci,Diputado,1,2026-06-16,2026-06-16
1133,Juan Irarrázaval Rossel,Diputado,1221,Benjamín Lorca Inzunza,Diputado,1,2026-06-09,2026-06-09
1133,Juan Irarrázaval Rossel,Diputado,1150,Benjamín Moreno Bascur,Diputado,1,2026-06-16,2026-06-16
1133,Juan Irarrázaval Rossel,Diputado,1227,Claudia Mora Vega,Diputado,1,2026-06-09,2026-06-09
1133,Juan Irarrázaval Rossel,Diputado,1244,Claudia Reyes Larenas,Diputado,1,2026-06-16,2026-06-16
1133,Juan Irarrázaval Rossel,Diputado,1225,Cristian Menchaca Pinochet,Diputado,1,2026-06-16,2026-06-16
1133,Juan Irarrázaval Rossel,Diputado,1255,Eileen Urqueta Rojas,Diputado,1,2026-06-09,2026-06-09
1133,Juan Irarrázaval Rossel,Diputado,1253,Fernando Ugarte Tejeda,Diputado,1,2026-06-16,2026-06-16
1133,Juan Irarrázaval Rossel,Diputado,1237,Francisco Orrego Gutiérrez,Diputado,1,2026-06-23,2026-06-23
1133,Juan Irarrázaval Rossel,Diputado,915,Germán Verdugo Soto,Diputado,1,2026-08-04,2026-08-04
1133,Juan Irarrázaval Rossel,Diputado,1254,Ignacio Urcullú Clèment-Lund,Diputado,1,2026-06-16,2026-06-16
1133,Juan Irarrázaval Rossel,Diputado,872,Jaime Mulet Martínez,Diputado,1,2026-08-04,2026-08-04
1133,Juan Irarrázaval Rossel,Diputado,1247,Javiera Rodríguez Pascual,Diputado,1,2026-06-09,2026-06-09
1133,Juan Irarrázaval Rossel,Diputado,1218,José Antonio Kast Adriasola,Diputado,1,2026-06-09,2026-06-09
1133,Juan Irarrázaval Rossel,Diputado,1220,Leandro Kunstmann Collado,Diputado,1,2026-06-16,2026-06-16
1133,Juan Irarrázaval Rossel,Diputado,1217,Pier Karlezi Hazleby,Diputado,1,2026-04-14,2026-04-14
1133,Juan Irarrázaval Rossel,Diputado,843,René Manuel García García,Diputado,1,2026-08-04,2026-08-04
1133,Juan Irarrázaval Rossel,Diputado,1203,Sebastián Cristoffanini Jaraquemada,Diputado,1,2026-06-16,2026-06-16
1133,Juan Irarrázaval Rossel,Diputado,1243,Tamara Ramírez Ramírez,Diputado,1,2026-06-09,2026-06-09
1133,Juan Irarrázaval Rossel,Diputado,1238,Álvaro Ortiz Vera,Diputado,1,2026-06-02,2026-06-02
1326,Juan Luis Castro González,Senador,1512,Andrés Longton Herrera,Senador,1,2026-06-16,2026-06-16
1326,Juan Luis Castro González,Senador,1338,Claudia Pascual Grau,Senador,1,2026-07-15,2026-07-15
1326,Juan Luis Castro González,Senador,1509,Diego Ibáñez Cotroneo,Senador,1,2026-08-05,2026-08-05
1326,Juan Luis Castro González,Senador,1343,Esteban Velásquez Núñez,Senador,1,2026-08-11,2026-08-11
1326,Juan Luis Castro González,Senador,1506,Ricardo Celis Araya,Senador,1,2026-07-15,2026-07-15
1259,Juan Marcelo Valenzuela Henríquez,Diputado,1261,Daniel Valenzuela Salazar,Diputado,1,2026-06-02,2026-06-02
1259,Juan Marcelo Valenzuela Henríquez,Diputado,872,Jaime Mulet Martínez,Diputado,1,2026-05-06,2026-05-06
1259,Juan Marcelo Valenzuela Henríquez,Diputado,986,Marcela Hernando Pérez,Diputado,1,2026-04-15,2026-04-15
1073,Juan Santana Castillo,Diputado,1128,Ana María Gazmuri Vieira,Diputado,1,2026-06-08,2026-06-08
1073,Juan Santana Castillo,Diputado,1110,Carlos Bianchi Chelech,Diputado,1,2026-04-07,2026-04-07
1073,Juan Santana Castillo,Diputado,1195,Carlos Carvajal Gallardo,Diputado,1,2026-06-10,2026-06-10
1073,Juan Santana Castillo,Diputado,1206,Carolina Cucumides Calderón,Diputado,1,2026-08-11,2026-08-11
1073,Juan Santana Castillo,Diputado,1104,Chiara Barchiesi Chávez,Diputado,1,2026-05-06,2026-05-06
1073,Juan Santana Castillo,Diputado,1180,Consuelo Veloso Ávila,Diputado,1,2026-04-15,2026-04-15
1073,Juan Santana Castillo,Diputado,1100,Cristián Araya Lerdo de Tejada,Diputado,1,2026-05-06,2026-05-06
1073,Juan Santana Castillo,Diputado,1143,Cristóbal Martínez Ramírez,Diputado,1,2026-07-21,2026-07-21
1073,Juan Santana Castillo,Diputado,1260,César Valenzuela Maass,Diputado,1,2026-04-15,2026-04-15
1073,Juan Santana Castillo,Diputado,1142,Daniel Manouchehri Lobos,Diputado,1,2026-07-21,2026-07-21
1073,Juan Santana Castillo,Diputado,1075,Diego Schalper Sepúlveda,Diputado,1,2026-07-21,2026-07-21
1073,Juan Santana Castillo,Diputado,1171,Emilia Schneider Videla,Diputado,1,2026-06-08,2026-06-08
1073,Juan Santana Castillo,Diputado,1239,Fabián Ossandón Briceño,Diputado,1,2026-06-10,2026-06-10
1073,Juan Santana Castillo,Diputado,1204,Francisco Crisóstomo Llanos,Diputado,1,2026-06-10,2026-06-10
1073,Juan Santana Castillo,Diputado,1114,Félix Bugueño Sotelo,Diputado,1,2026-06-10,2026-06-10
1073,Juan Santana Castillo,Diputado,1086,Gonzalo Winter Etcheberry,Diputado,1,2026-07-21,2026-07-21
1073,Juan Santana Castillo,Diputado,1186,Ignacio Achurra Díaz,Diputado,1,2026-04-15,2026-04-15
1073,Juan Santana Castillo,Diputado,1146,José Carlos Meza Pereira,Diputado,1,2026-05-06,2026-05-06
1073,Juan Santana Castillo,Diputado,1159,Lorena Pizarro Sierra,Diputado,1,2026-08-11,2026-08-11
1073,Juan Santana Castillo,Diputado,1074,Marisela Santibáñez Novoa,Diputado,1,2026-05-06,2026-05-06
1073,Juan Santana Castillo,Diputado,1193,Patricio Briones Moller,Diputado,1,2026-07-21,2026-07-21
1073,Juan Santana Castillo,Diputado,1241,Patricio Pinilla Valencia,Diputado,1,2026-06-08,2026-06-08
1073,Juan Santana Castillo,Diputado,815,Sergio Bobadilla Muñoz,Diputado,1,2026-07-21,2026-07-21
1073,Juan Santana Castillo,Diputado,1240,Zandra Parisi Fernández,Diputado,1,2026-05-06,2026-05-06
1324,Karim Bianchi Retamales,Senador,1501,Andrea Balladares Letelier,Senador,1,2026-07-07,2026-07-07
1324,Karim Bianchi Retamales,Senador,1508,Camila Flores Oporto,Senador,1,2026-04-22,2026-04-22
1324,Karim Bianchi Retamales,Senador,1343,Esteban Velásquez Núñez,Senador,1,2026-06-16,2026-06-16
1324,Karim Bianchi Retamales,Senador,1335,Javier Macaya Danús,Senador,1,2026-07-08,2026-07-08
1324,Karim Bianchi Retamales,Senador,1332,María José Gatica Bertin,Senador,1,2026-05-20,2026-05-20
1324,Karim Bianchi Retamales,Senador,1344,Matías Walker Prieto,Senador,1,2026-05-05,2026-05-05
1220,Leandro Kunstmann Collado,Diputado,1244,Claudia Reyes Larenas,Diputado,1,2026-06-16,2026-06-16
1220,Leandro Kunstmann Collado,Diputado,1225,Cristian Menchaca Pinochet,Diputado,1,2026-06-16,2026-06-16
1220,Leandro Kunstmann Collado,Diputado,1253,Fernando Ugarte Tejeda,Diputado,1,2026-06-16,2026-06-16
1220,Leandro Kunstmann Collado,Diputado,1254,Ignacio Urcullú Clèment-Lund,Diputado,1,2026-06-16,2026-06-16
1220,Leandro Kunstmann Collado,Diputado,1247,Javiera Rodríguez Pascual,Diputado,1,2026-08-07,2026-08-07
1220,Leandro Kunstmann Collado,Diputado,1228,Paulina Muñoz Minte,Diputado,1,2026-05-13,2026-05-13
1220,Leandro Kunstmann Collado,Diputado,1233,Ricardo Neumann Bertín,Diputado,1,2026-05-13,2026-05-13
1220,Leandro Kunstmann Collado,Diputado,1263,Sebastián Zamora Soto,Diputado,1,2026-08-07,2026-08-07
1220,Leandro Kunstmann Collado,Diputado,1243,Tamara Ramírez Ramírez,Diputado,1,2026-05-13,2026-05-13
1192,Lilian Betancurt Delgado,Diputado,1257,Alejandra Valdebenito Torres,Diputado,1,2026-06-16,2026-06-16
1192,Lilian Betancurt Delgado,Diputado,1232,Cristian Neira Martínez,Diputado,1,2026-07-30,2026-07-30
1192,Lilian Betancurt Delgado,Diputado,1261,Daniel Valenzuela Salazar,Diputado,1,2026-06-10,2026-06-10
1192,Lilian Betancurt Delgado,Diputado,1239,Fabián Ossandón Briceño,Diputado,1,2026-06-10,2026-06-10
1192,Lilian Betancurt Delgado,Diputado,1237,Francisco Orrego Gutiérrez,Diputado,1,2026-06-10,2026-06-10
1192,Lilian Betancurt Delgado,Diputado,1258,Guillermo Valdés Carmona,Diputado,1,2026-06-16,2026-06-16
1192,Lilian Betancurt Delgado,Diputado,1247,Javiera Rodríguez Pascual,Diputado,1,2026-06-10,2026-06-10
1192,Lilian Betancurt Delgado,Diputado,1251,Macarena Santelices Cañas,Diputado,1,2026-06-16,2026-06-16
1192,Lilian Betancurt Delgado,Diputado,1228,Paulina Muñoz Minte,Diputado,1,2026-07-30,2026-07-30
1192,Lilian Betancurt Delgado,Diputado,843,René Manuel García García,Diputado,1,2026-06-16,2026-06-16
1127,Lorena Fries Monleón,Diputado,1205,Carlos Cuadrado Prats,Diputado,1,2026-07-29,2026-07-29
1127,Lorena Fries Monleón,Diputado,1180,Consuelo Veloso Ávila,Diputado,1,2026-07-22,2026-07-22
1127,Lorena Fries Monleón,Diputado,1260,César Valenzuela Maass,Diputado,1,2026-07-29,2026-07-29
1127,Lorena Fries Monleón,Diputado,1210,Gustavo Gatica Villarroel,Diputado,1,2026-03-25,2026-03-25
1127,Lorena Fries Monleón,Diputado,1189,Jaime Bassa Mercado,Diputado,1,2026-07-22,2026-07-22
1127,Lorena Fries Monleón,Diputado,1141,Luis Malla Valenzuela,Diputado,1,2026-04-27,2026-04-27
1127,Lorena Fries Monleón,Diputado,1211,Sofía González Cortés,Diputado,1,2026-07-29,2026-07-29
1127,Lorena Fries Monleón,Diputado,1256,Tatiana Urrutia Herrera,Diputado,1,2026-05-26,2026-05-26
1127,Lorena Fries Monleón,Diputado,1207,Valentina Cáceres Monsálvez,Diputado,1,2026-07-22,2026-07-22
1127,Lorena Fries Monleón,Diputado,1240,Zandra Parisi Fernández,Diputado,1,2026-04-27,2026-04-27
1127,Lorena Fries Monleón,Diputado,1238,Álvaro Ortiz Vera,Diputado,1,2026-07-29,2026-07-29
1159,Lorena Pizarro Sierra,Diputado,1206,Carolina Cucumides Calderón,Diputado,1,2026-08-11,2026-08-11
1159,Lorena Pizarro Sierra,Diputado,1177,Carolina Tello Rojas,Diputado,1,2026-04-15,2026-04-15
1159,Lorena Pizarro Sierra,Diputado,1180,Consuelo Veloso Ávila,Diputado,1,2026-06-16,2026-06-16
1159,Lorena Pizarro Sierra,Diputado,1224,Cristian Mella Andaur,Diputado,1,2026-06-16,2026-06-16
1159,Lorena Pizarro Sierra,Diputado,1210,Gustavo Gatica Villarroel,Diputado,1,2026-08-12,2026-08-12
1159,Lorena Pizarro Sierra,Diputado,1226,José Montalva Feuerhake,Diputado,1,2026-06-16,2026-06-16
1320,Loreto Carvajal Ambiado,Senador,1341,Alejandra Sepúlveda Orbenes,Senador,1,2026-05-06,2026-05-06
1320,Loreto Carvajal Ambiado,Senador,1334,Alejandro Kusanovic Glusevic,Senador,1,2026-06-17,2026-06-17
1320,Loreto Carvajal Ambiado,Senador,1508,Camila Flores Oporto,Senador,1,2026-06-17,2026-06-17
1320,Loreto Carvajal Ambiado,Senador,1507,Daniella Cicardini Milla,Senador,1,2026-05-06,2026-05-06
1320,Loreto Carvajal Ambiado,Senador,1339,Gastón Saavedra Chandía,Senador,1,2026-05-06,2026-05-06
1320,Loreto Carvajal Ambiado,Senador,1326,Juan Luis Castro González,Senador,1,2026-08-04,2026-08-04
1320,Loreto Carvajal Ambiado,Senador,1344,Matías Walker Prieto,Senador,1,2026-06-24,2026-06-24
1320,Loreto Carvajal Ambiado,Senador,1502,Miguel Ángel Becker Alvear,Senador,1,2026-06-24,2026-06-24
1320,Loreto Carvajal Ambiado,Senador,1503,Miguel Ángel Calisto Águila,Senador,1,2026-06-24,2026-06-24
1327,Luciano Cruz-Coke Carvallo,Senador,1341,Alejandra Sepúlveda Orbenes,Senador,1,2026-07-14,2026-07-14
1327,Luciano Cruz-Coke Carvallo,Senador,1514,Beatriz Sánchez Muñoz,Senador,1,2026-07-14,2026-07-14
1327,Luciano Cruz-Coke Carvallo,Senador,1518,Cristian Vial Maceratta,Senador,1,2026-06-17,2026-06-17
1327,Luciano Cruz-Coke Carvallo,Senador,1339,Gastón Saavedra Chandía,Senador,1,2026-06-24,2026-06-24
1327,Luciano Cruz-Coke Carvallo,Senador,1340,Gustavo Sanhueza Dueñas,Senador,1,2026-04-08,2026-04-08
1327,Luciano Cruz-Coke Carvallo,Senador,1335,Javier Macaya Danús,Senador,1,2026-07-03,2026-07-03
1327,Luciano Cruz-Coke Carvallo,Senador,1502,Miguel Ángel Becker Alvear,Senador,1,2026-06-17,2026-06-17
1327,Luciano Cruz-Coke Carvallo,Senador,1450,Paulina Vodanovic Rojas,Senador,1,2026-07-03,2026-07-03
1327,Luciano Cruz-Coke Carvallo,Senador,1516,Renzo Trisotti Martínez,Senador,1,2026-04-08,2026-04-08
1327,Luciano Cruz-Coke Carvallo,Senador,1328,Rojo Edwards,Senador,1,2026-06-17,2026-06-17
1122,Luis Alberto Cuello Peña y Lillo,Diputado,1197,Carlos Chandía Alarcón,Diputado,1,2026-06-17,2026-06-17
1122,Luis Alberto Cuello Peña y Lillo,Diputado,1205,Carlos Cuadrado Prats,Diputado,1,2026-06-12,2026-06-12
1122,Luis Alberto Cuello Peña y Lillo,Diputado,1206,Carolina Cucumides Calderón,Diputado,1,2026-07-05,2026-07-05
1122,Luis Alberto Cuello Peña y Lillo,Diputado,1180,Consuelo Veloso Ávila,Diputado,1,2026-04-15,2026-04-15
1122,Luis Alberto Cuello Peña y Lillo,Diputado,1260,César Valenzuela Maass,Diputado,1,2026-04-15,2026-04-15
1122,Luis Alberto Cuello Peña y Lillo,Diputado,1171,Emilia Schneider Videla,Diputado,1,2026-06-08,2026-06-08
1122,Luis Alberto Cuello Peña y Lillo,Diputado,1246,José Antonio Rivas Villalobos,Diputado,1,2026-07-30,2026-07-30
1122,Luis Alberto Cuello Peña y Lillo,Diputado,1141,Luis Malla Valenzuela,Diputado,1,2026-05-13,2026-05-13
1122,Luis Alberto Cuello Peña y Lillo,Diputado,986,Marcela Hernando Pérez,Diputado,1,2026-05-13,2026-05-13
1122,Luis Alberto Cuello Peña y Lillo,Diputado,1209,Matías Fernández Hartwig,Diputado,1,2026-04-15,2026-04-15
1122,Luis Alberto Cuello Peña y Lillo,Diputado,1236,Paula Olmos Contreras,Diputado,1,2026-06-08,2026-06-08
1122,Luis Alberto Cuello Peña y Lillo,Diputado,1263,Sebastián Zamora Soto,Diputado,1,2026-04-15,2026-04-15
1122,Luis Alberto Cuello Peña y Lillo,Diputado,1240,Zandra Parisi Fernández,Diputado,1,2026-05-06,2026-05-06
1141,Luis Malla Valenzuela,Diputado,1257,Alejandra Valdebenito Torres,Diputado,1,2026-07-14,2026-07-14
1141,Luis Malla Valenzuela,Diputado,1245,Alejandro Riquelme Ducci,Diputado,1,2026-07-14,2026-07-14
1141,Luis Malla Valenzuela,Diputado,1222,Andrea Macías Palma,Diputado,1,2026-04-27,2026-04-27
1141,Luis Malla Valenzuela,Diputado,1197,Carlos Chandía Alarcón,Diputado,1,2026-06-08,2026-06-08
1141,Luis Malla Valenzuela,Diputado,1205,Carlos Cuadrado Prats,Diputado,1,2026-05-15,2026-05-15
1141,Luis Malla Valenzuela,Diputado,1239,Fabián Ossandón Briceño,Diputado,1,2026-07-14,2026-07-14
1141,Luis Malla Valenzuela,Diputado,1264,Fernando Zamorano Peralta,Diputado,1,2026-05-15,2026-05-15
1141,Luis Malla Valenzuela,Diputado,1176,Hotuiti Teao Drago,Diputado,1,2026-06-08,2026-06-08
1141,Luis Malla Valenzuela,Diputado,1178,Héctor Ulloa Aguilera,Diputado,1,2026-05-15,2026-05-15
1141,Luis Malla Valenzuela,Diputado,1186,Ignacio Achurra Díaz,Diputado,1,2026-05-13,2026-05-13
1141,Luis Malla Valenzuela,Diputado,1213,Irací Hassler Jacob,Diputado,1,2026-07-21,2026-07-21
1141,Luis Malla Valenzuela,Diputado,1246,José Antonio Rivas Villalobos,Diputado,1,2026-08-11,2026-08-11
1141,Luis Malla Valenzuela,Diputado,1259,Juan Marcelo Valenzuela Henríquez,Diputado,1,2026-04-15,2026-04-15
1141,Luis Malla Valenzuela,Diputado,1220,Leandro Kunstmann Collado,Diputado,1,2026-05-13,2026-05-13
1141,Luis Malla Valenzuela,Diputado,1192,Lilian Betancurt Delgado,Diputado,1,2026-08-12,2026-08-12
1141,Luis Malla Valenzuela,Diputado,1209,Matías Fernández Hartwig,Diputado,1,2026-04-27,2026-04-27
1141,Luis Malla Valenzuela,Diputado,1193,Patricio Briones Moller,Diputado,1,2026-06-08,2026-06-08
1141,Luis Malla Valenzuela,Diputado,1241,Patricio Pinilla Valencia,Diputado,1,2026-08-11,2026-08-11
1141,Luis Malla Valenzuela,Diputado,1236,Paula Olmos Contreras,Diputado,1,2026-07-14,2026-07-14
1141,Luis Malla Valenzuela,Diputado,1228,Paulina Muñoz Minte,Diputado,1,2026-05-13,2026-05-13
1141,Luis Malla Valenzuela,Diputado,1233,Ricardo Neumann Bertín,Diputado,1,2026-05-13,2026-05-13
1141,Luis Malla Valenzuela,Diputado,815,Sergio Bobadilla Muñoz,Diputado,1,2026-07-20,2026-07-20
1141,Luis Malla Valenzuela,Diputado,1211,Sofía González Cortés,Diputado,1,2026-07-21,2026-07-21
1141,Luis Malla Valenzuela,Diputado,1216,Stephanie Jéldrez Ortiz,Diputado,1,2026-07-14,2026-07-14
1141,Luis Malla Valenzuela,Diputado,1243,Tamara Ramírez Ramírez,Diputado,1,2026-05-13,2026-05-13
1141,Luis Malla Valenzuela,Diputado,1191,Valentina Becerra Peña,Diputado,1,2026-08-12,2026-08-12
1141,Luis Malla Valenzuela,Diputado,1231,Ximena Naranjo Pinto,Diputado,1,2026-07-21,2026-07-21
1141,Luis Malla Valenzuela,Diputado,1240,Zandra Parisi Fernández,Diputado,1,2026-04-27,2026-04-27
1141,Luis Malla Valenzuela,Diputado,1215,Álvaro Jofré Cáceres,Diputado,1,2026-07-14,2026-07-14
1141,Luis Malla Valenzuela,Diputado,1238,Álvaro Ortiz Vera,Diputado,1,2026-07-21,2026-07-21
1060,Luis Pardo Sáinz,Diputado,1205,Carlos Cuadrado Prats,Diputado,1,2026-06-22,2026-06-22
1060,Luis Pardo Sáinz,Diputado,1087,Gael Yeomans Araya,Diputado,1,2026-06-22,2026-06-22
1060,Luis Pardo Sáinz,Diputado,915,Germán Verdugo Soto,Diputado,1,2026-06-23,2026-06-23
1060,Luis Pardo Sáinz,Diputado,1152,Gloria Naveillan Arriagada,Diputado,1,2026-06-09,2026-06-09
1060,Luis Pardo Sáinz,Diputado,1099,Jaime Araya Guerrero,Diputado,1,2026-05-13,2026-05-13
1060,Luis Pardo Sáinz,Diputado,872,Jaime Mulet Martínez,Diputado,1,2026-06-22,2026-06-22
1060,Luis Pardo Sáinz,Diputado,1220,Leandro Kunstmann Collado,Diputado,1,2026-05-13,2026-05-13
1060,Luis Pardo Sáinz,Diputado,1141,Luis Malla Valenzuela,Diputado,1,2026-05-13,2026-05-13
1060,Luis Pardo Sáinz,Diputado,1234,Mario Olavarría Rodríguez,Diputado,1,2026-06-09,2026-06-09
1060,Luis Pardo Sáinz,Diputado,1193,Patricio Briones Moller,Diputado,1,2026-06-09,2026-06-09
1060,Luis Pardo Sáinz,Diputado,1228,Paulina Muñoz Minte,Diputado,1,2026-05-13,2026-05-13
1060,Luis Pardo Sáinz,Diputado,1217,Pier Karlezi Hazleby,Diputado,1,2026-06-09,2026-06-09
1060,Luis Pardo Sáinz,Diputado,843,René Manuel García García,Diputado,1,2026-07-06,2026-07-06
1060,Luis Pardo Sáinz,Diputado,1119,Sara Concha Smith,Diputado,1,2026-06-23,2026-06-23
1060,Luis Pardo Sáinz,Diputado,1243,Tamara Ramírez Ramírez,Diputado,1,2026-05-13,2026-05-13
1170,Luis Sánchez Ossa,Diputado,1190,Enrique Bassaletti Riess,Diputado,1,2026-07-29,2026-07-29
1170,Luis Sánchez Ossa,Diputado,1247,Javiera Rodríguez Pascual,Diputado,1,2026-06-10,2026-06-10
1170,Luis Sánchez Ossa,Diputado,1192,Lilian Betancurt Delgado,Diputado,1,2026-06-10,2026-06-10
1170,Luis Sánchez Ossa,Diputado,1249,Omar Sabat Guzmán,Diputado,1,2026-06-18,2026-06-18
1170,Luis Sánchez Ossa,Diputado,1193,Patricio Briones Moller,Diputado,1,2026-06-10,2026-06-10
1170,Luis Sánchez Ossa,Diputado,815,Sergio Bobadilla Muñoz,Diputado,1,2026-07-20,2026-07-20
1170,Luis Sánchez Ossa,Diputado,1216,Stephanie Jéldrez Ortiz,Diputado,1,2026-06-18,2026-06-18
1170,Luis Sánchez Ossa,Diputado,1243,Tamara Ramírez Ramírez,Diputado,1,2026-06-10,2026-06-10
1251,Macarena Santelices Cañas,Diputado,1261,Daniel Valenzuela Salazar,Diputado,1,2026-06-26,2026-06-26
1251,Macarena Santelices Cañas,Diputado,1264,Fernando Zamorano Peralta,Diputado,1,2026-05-29,2026-05-29
1251,Macarena Santelices Cañas,Diputado,915,Germán Verdugo Soto,Diputado,1,2026-08-04,2026-08-04
1251,Macarena Santelices Cañas,Diputado,1258,Guillermo Valdés Carmona,Diputado,1,2026-06-16,2026-06-16
1251,Macarena Santelices Cañas,Diputado,1259,Juan Marcelo Valenzuela Henríquez,Diputado,1,2026-07-06,2026-07-06
1120,Manuel José Ossandón Irarrázabal,Senador,1501,Andrea Balladares Letelier,Senador,1,2026-05-06,2026-05-06
1120,Manuel José Ossandón Irarrázabal,Senador,1515,Arturo Squella Ovalle,Senador,1,2026-06-23,2026-06-23
1120,Manuel José Ossandón Irarrázabal,Senador,1342,Enrique Van Rysselberghe Herrera,Senador,1,2026-05-06,2026-05-06
1120,Manuel José Ossandón Irarrázabal,Senador,1329,Fidel Espinoza Sandoval,Senador,1,2026-07-07,2026-07-07
1120,Manuel José Ossandón Irarrázabal,Senador,1332,María José Gatica Bertin,Senador,1,2026-05-06,2026-05-06
1120,Manuel José Ossandón Irarrázabal,Senador,1503,Miguel Ángel Calisto Águila,Senador,1,2026-05-19,2026-05-19
1120,Manuel José Ossandón Irarrázabal,Senador,1328,Rojo Edwards,Senador,1,2026-06-23,2026-06-23
1120,Manuel José Ossandón Irarrázabal,Senador,1331,Sergio Gahona Salazar,Senador,1,2026-05-19,2026-05-19
1120,Manuel José Ossandón Irarrázabal,Senador,1510,Vanessa Kaiser Barents-Von Hohenhagen,Senador,1,2026-05-06,2026-05-06
1174,Marco Antonio Sulantay Olivares,Diputado,1195,Carlos Carvajal Gallardo,Diputado,1,2026-06-04,2026-06-04
1174,Marco Antonio Sulantay Olivares,Diputado,1224,Cristian Mella Andaur,Diputado,1,2026-06-04,2026-06-04
1174,Marco Antonio Sulantay Olivares,Diputado,1190,Enrique Bassaletti Riess,Diputado,1,2026-07-14,2026-07-14
1174,Marco Antonio Sulantay Olivares,Diputado,1189,Jaime Bassa Mercado,Diputado,1,2026-06-15,2026-06-15
1174,Marco Antonio Sulantay Olivares,Diputado,1263,Sebastián Zamora Soto,Diputado,1,2026-06-15,2026-06-15
1174,Marco Antonio Sulantay Olivares,Diputado,1219,Tomás Kast Sommerhoff,Diputado,1,2026-06-04,2026-06-04
1188,Marcos Barraza Gómez,Diputado,1224,Cristian Mella Andaur,Diputado,1,2026-06-16,2026-06-16
1188,Marcos Barraza Gómez,Diputado,1261,Daniel Valenzuela Salazar,Diputado,1,2026-07-28,2026-07-28
1188,Marcos Barraza Gómez,Diputado,1251,Macarena Santelices Cañas,Diputado,1,2026-05-14,2026-05-14
1188,Marcos Barraza Gómez,Diputado,1236,Paula Olmos Contreras,Diputado,1,2026-06-08,2026-06-08
1188,Marcos Barraza Gómez,Diputado,1238,Álvaro Ortiz Vera,Diputado,1,2026-07-29,2026-07-29
1038,Marcos Ilabaca Cerda,Diputado,1128,Ana María Gazmuri Vieira,Diputado,1,2026-06-16,2026-06-16
1038,Marcos Ilabaca Cerda,Diputado,1222,Andrea Macías Palma,Diputado,1,2026-03-25,2026-03-25
1038,Marcos Ilabaca Cerda,Diputado,1206,Carolina Cucumides Calderón,Diputado,1,2026-08-10,2026-08-10
1038,Marcos Ilabaca Cerda,Diputado,1252,Constanza Schonhaut Soto,Diputado,1,2026-08-10,2026-08-10
1038,Marcos Ilabaca Cerda,Diputado,1180,Consuelo Veloso Ávila,Diputado,1,2026-06-16,2026-06-16
1038,Marcos Ilabaca Cerda,Diputado,1224,Cristian Mella Andaur,Diputado,1,2026-06-16,2026-06-16
1038,Marcos Ilabaca Cerda,Diputado,1171,Emilia Schneider Videla,Diputado,1,2026-03-25,2026-03-25
1038,Marcos Ilabaca Cerda,Diputado,1204,Francisco Crisóstomo Llanos,Diputado,1,2026-08-10,2026-08-10
1038,Marcos Ilabaca Cerda,Diputado,1210,Gustavo Gatica Villarroel,Diputado,1,2026-03-25,2026-03-25
1038,Marcos Ilabaca Cerda,Diputado,1213,Irací Hassler Jacob,Diputado,1,2026-06-16,2026-06-16
1038,Marcos Ilabaca Cerda,Diputado,1189,Jaime Bassa Mercado,Diputado,1,2026-06-16,2026-06-16
1038,Marcos Ilabaca Cerda,Diputado,1148,Javiera Morales Alvarado,Diputado,1,2026-03-25,2026-03-25
1038,Marcos Ilabaca Cerda,Diputado,1159,Lorena Pizarro Sierra,Diputado,1,2026-06-16,2026-06-16
1038,Marcos Ilabaca Cerda,Diputado,1209,Matías Fernández Hartwig,Diputado,1,2026-03-25,2026-03-25
1038,Marcos Ilabaca Cerda,Diputado,1211,Sofía González Cortés,Diputado,1,2026-06-16,2026-06-16
1234,Mario Olavarría Rodríguez,Diputado,1260,César Valenzuela Maass,Diputado,1,2026-06-08,2026-06-08
1234,Mario Olavarría Rodríguez,Diputado,1261,Daniel Valenzuela Salazar,Diputado,1,2026-05-12,2026-05-12
1234,Mario Olavarría Rodríguez,Diputado,1255,Eileen Urqueta Rojas,Diputado,1,2026-05-12,2026-05-12
1234,Mario Olavarría Rodríguez,Diputado,1237,Francisco Orrego Gutiérrez,Diputado,1,2026-08-11,2026-08-11
1234,Mario Olavarría Rodríguez,Diputado,986,Marcela Hernando Pérez,Diputado,1,2026-08-11,2026-08-11
1234,Mario Olavarría Rodríguez,Diputado,843,René Manuel García García,Diputado,1,2026-06-03,2026-06-03
1234,Mario Olavarría Rodríguez,Diputado,1242,Rodrigo Ramírez Parra,Diputado,1,2026-05-12,2026-05-12
1234,Mario Olavarría Rodríguez,Diputado,1243,Tamara Ramírez Ramírez,Diputado,1,2026-06-08,2026-06-08
1234,Mario Olavarría Rodríguez,Diputado,1256,Tatiana Urrutia Herrera,Diputado,1,2026-05-31,2026-05-31
1074,Marisela Santibáñez Novoa,Diputado,1222,Andrea Macías Palma,Diputado,1,2026-05-31,2026-05-31
1074,Marisela Santibáñez Novoa,Diputado,1221,Benjamín Lorca Inzunza,Diputado,1,2026-06-09,2026-06-09
1074,Marisela Santibáñez Novoa,Diputado,1206,Carolina Cucumides Calderón,Diputado,1,2026-07-05,2026-07-05
1074,Marisela Santibáñez Novoa,Diputado,1104,Chiara Barchiesi Chávez,Diputado,1,2026-05-06,2026-05-06
1074,Marisela Santibáñez Novoa,Diputado,1244,Claudia Reyes Larenas,Diputado,1,2026-06-22,2026-06-22
1074,Marisela Santibáñez Novoa,Diputado,1180,Consuelo Veloso Ávila,Diputado,1,2026-05-04,2026-05-04
1074,Marisela Santibáñez Novoa,Diputado,1100,Cristián Araya Lerdo de Tejada,Diputado,1,2026-05-06,2026-05-06
1074,Marisela Santibáñez Novoa,Diputado,1082,Cristóbal Urruticoechea Ríos,Diputado,1,2026-04-21,2026-04-21
1074,Marisela Santibáñez Novoa,Diputado,1223,Hans Marowski Cuevas,Diputado,1,2026-04-21,2026-04-21
1074,Marisela Santibáñez Novoa,Diputado,1178,Héctor Ulloa Aguilera,Diputado,1,2026-05-31,2026-05-31
1074,Marisela Santibáñez Novoa,Diputado,1218,José Antonio Kast Adriasola,Diputado,1,2026-06-09,2026-06-09
1074,Marisela Santibáñez Novoa,Diputado,1146,José Carlos Meza Pereira,Diputado,1,2026-05-06,2026-05-06
1074,Marisela Santibáñez Novoa,Diputado,1133,Juan Irarrázaval Rossel,Diputado,1,2026-06-09,2026-06-09
1074,Marisela Santibáñez Novoa,Diputado,1141,Luis Malla Valenzuela,Diputado,1,2026-06-08,2026-06-08
1074,Marisela Santibáñez Novoa,Diputado,986,Marcela Hernando Pérez,Diputado,1,2026-06-08,2026-06-08
1074,Marisela Santibáñez Novoa,Diputado,1188,Marcos Barraza Gómez,Diputado,1,2026-08-12,2026-08-12
1074,Marisela Santibáñez Novoa,Diputado,1157,Marlene Pérez Cartes,Diputado,1,2026-05-31,2026-05-31
1074,Marisela Santibáñez Novoa,Diputado,1107,María Francisca Bello Campos,Diputado,1,2026-04-15,2026-04-15
1074,Marisela Santibáñez Novoa,Diputado,1209,Matías Fernández Hartwig,Diputado,1,2026-04-15,2026-04-15
1074,Marisela Santibáñez Novoa,Diputado,1131,Mauro González Villarroel,Diputado,1,2026-05-31,2026-05-31
1074,Marisela Santibáñez Novoa,Diputado,1181,Nelson Venegas Salazar,Diputado,1,2026-06-15,2026-06-15
1074,Marisela Santibáñez Novoa,Diputado,1249,Omar Sabat Guzmán,Diputado,1,2026-04-21,2026-04-21
1074,Marisela Santibáñez Novoa,Diputado,1236,Paula Olmos Contreras,Diputado,1,2026-06-19,2026-06-19
1074,Marisela Santibáñez Novoa,Diputado,1228,Paulina Muñoz Minte,Diputado,1,2026-05-04,2026-05-04
1074,Marisela Santibáñez Novoa,Diputado,1198,Paz Charpentier Rajcevich,Diputado,1,2026-06-22,2026-06-22
1074,Marisela Santibáñez Novoa,Diputado,1182,Sebastián Videla Castillo,Diputado,1,2026-06-08,2026-06-08
1074,Marisela Santibáñez Novoa,Diputado,1216,Stephanie Jéldrez Ortiz,Diputado,1,2026-06-22,2026-06-22
1074,Marisela Santibáñez Novoa,Diputado,1219,Tomás Kast Sommerhoff,Diputado,1,2026-06-04,2026-06-04
1074,Marisela Santibáñez Novoa,Diputado,1215,Álvaro Jofré Cáceres,Diputado,1,2026-04-21,2026-04-21
1074,Marisela Santibáñez Novoa,Diputado,1238,Álvaro Ortiz Vera,Diputado,1,2026-04-21,2026-04-21
1157,Marlene Pérez Cartes,Diputado,1165,Agustín Romero Leiva,Diputado,1,2026-07-14,2026-07-14
1157,Marlene Pérez Cartes,Diputado,1222,Andrea Macías Palma,Diputado,1,2026-05-31,2026-05-31
1157,Marlene Pérez Cartes,Diputado,1197,Carlos Chandía Alarcón,Diputado,1,2026-08-11,2026-08-11
1157,Marlene Pérez Cartes,Diputado,1177,Carolina Tello Rojas,Diputado,1,2026-05-31,2026-05-31
1157,Marlene Pérez Cartes,Diputado,1227,Claudia Mora Vega,Diputado,1,2026-08-11,2026-08-11
1157,Marlene Pérez Cartes,Diputado,1212,Erich Grohs Marín,Diputado,1,2026-08-05,2026-08-05
1157,Marlene Pérez Cartes,Diputado,1239,Fabián Ossandón Briceño,Diputado,1,2026-05-31,2026-05-31
1157,Marlene Pérez Cartes,Diputado,1237,Francisco Orrego Gutiérrez,Diputado,1,2026-07-14,2026-07-14
1157,Marlene Pérez Cartes,Diputado,1178,Héctor Ulloa Aguilera,Diputado,1,2026-05-31,2026-05-31
1157,Marlene Pérez Cartes,Diputado,1193,Patricio Briones Moller,Diputado,1,2026-08-11,2026-08-11
1157,Marlene Pérez Cartes,Diputado,1228,Paulina Muñoz Minte,Diputado,1,2026-08-05,2026-08-05
1157,Marlene Pérez Cartes,Diputado,1203,Sebastián Cristoffanini Jaraquemada,Diputado,1,2026-08-05,2026-08-05
1157,Marlene Pérez Cartes,Diputado,1263,Sebastián Zamora Soto,Diputado,1,2026-07-14,2026-07-14
1157,Marlene Pérez Cartes,Diputado,1216,Stephanie Jéldrez Ortiz,Diputado,1,2026-07-14,2026-07-14
1107,María Francisca Bello Campos,Diputado,1257,Alejandra Valdebenito Torres,Diputado,1,2026-05-29,2026-05-29
1107,María Francisca Bello Campos,Diputado,1128,Ana María Gazmuri Vieira,Diputado,1,2026-05-26,2026-05-26
1107,María Francisca Bello Campos,Diputado,1195,Carlos Carvajal Gallardo,Diputado,1,2026-04-15,2026-04-15
1107,María Francisca Bello Campos,Diputado,1206,Carolina Cucumides Calderón,Diputado,1,2026-05-04,2026-05-04
1107,María Francisca Bello Campos,Diputado,1194,Daniel Bustos Leal,Diputado,1,2026-05-04,2026-05-04
1107,María Francisca Bello Campos,Diputado,1140,Daniel Lilayu Vivanco,Diputado,1,2026-05-29,2026-05-29
1107,María Francisca Bello Campos,Diputado,1142,Daniel Manouchehri Lobos,Diputado,1,2026-05-29,2026-05-29
1107,María Francisca Bello Campos,Diputado,1255,Eileen Urqueta Rojas,Diputado,1,2026-05-04,2026-05-04
1107,María Francisca Bello Campos,Diputado,1171,Emilia Schneider Videla,Diputado,1,2026-04-28,2026-04-28
1107,María Francisca Bello Campos,Diputado,1116,Felipe Camaño Cárdenas,Diputado,1,2026-04-06,2026-04-06
1107,María Francisca Bello Campos,Diputado,1176,Hotuiti Teao Drago,Diputado,1,2026-04-15,2026-04-15
1107,María Francisca Bello Campos,Diputado,1178,Héctor Ulloa Aguilera,Diputado,1,2026-04-06,2026-04-06
1107,María Francisca Bello Campos,Diputado,1189,Jaime Bassa Mercado,Diputado,1,2026-04-15,2026-04-15
1107,María Francisca Bello Campos,Diputado,872,Jaime Mulet Martínez,Diputado,1,2026-05-04,2026-05-04
1107,María Francisca Bello Campos,Diputado,1259,Juan Marcelo Valenzuela Henríquez,Diputado,1,2026-05-13,2026-05-13
1107,María Francisca Bello Campos,Diputado,1127,Lorena Fries Monleón,Diputado,1,2026-05-26,2026-05-26
1107,María Francisca Bello Campos,Diputado,1122,Luis Alberto Cuello Peña y Lillo,Diputado,1,2026-04-15,2026-04-15
1107,María Francisca Bello Campos,Diputado,1251,Macarena Santelices Cañas,Diputado,1,2026-05-29,2026-05-29
1107,María Francisca Bello Campos,Diputado,986,Marcela Hernando Pérez,Diputado,1,2026-08-11,2026-08-11
1107,María Francisca Bello Campos,Diputado,1131,Mauro González Villarroel,Diputado,1,2026-05-13,2026-05-13
1107,María Francisca Bello Campos,Diputado,1117,Nathalie Castillo Rojas,Diputado,1,2026-05-04,2026-05-04
1107,María Francisca Bello Campos,Diputado,1181,Nelson Venegas Salazar,Diputado,1,2026-07-15,2026-07-15
1107,María Francisca Bello Campos,Diputado,1241,Patricio Pinilla Valencia,Diputado,1,2026-04-06,2026-04-06
1107,María Francisca Bello Campos,Diputado,1196,Priscilla Castillo Gerli,Diputado,1,2026-04-06,2026-04-06
1107,María Francisca Bello Campos,Diputado,1184,Roberto Celedón Fernández,Diputado,1,2026-07-15,2026-07-15
1107,María Francisca Bello Campos,Diputado,1263,Sebastián Zamora Soto,Diputado,1,2026-04-15,2026-04-15
1107,María Francisca Bello Campos,Diputado,1215,Álvaro Jofré Cáceres,Diputado,1,2026-05-13,2026-05-13
1332,María José Gatica Bertin,Senador,1501,Andrea Balladares Letelier,Senador,1,2026-05-06,2026-05-06
1332,María José Gatica Bertin,Senador,1518,Cristian Vial Maceratta,Senador,1,2026-09-02,2026-09-02
1332,María José Gatica Bertin,Senador,1500,Danisa Astudillo Peiretti,Senador,1,2026-09-02,2026-09-02
1332,María José Gatica Bertin,Senador,1509,Diego Ibáñez Cotroneo,Senador,1,2026-07-14,2026-07-14
1332,María José Gatica Bertin,Senador,1511,Enrique Lee Flores,Senador,1,2026-05-20,2026-05-20
1332,María José Gatica Bertin,Senador,1342,Enrique Van Rysselberghe Herrera,Senador,1,2026-05-06,2026-05-06
1332,María José Gatica Bertin,Senador,1503,Miguel Ángel Calisto Águila,Senador,1,2026-05-20,2026-05-20
1332,María José Gatica Bertin,Senador,1506,Ricardo Celis Araya,Senador,1,2026-07-14,2026-07-14
1332,María José Gatica Bertin,Senador,1505,Rodolfo Carter Fernández,Senador,1,2026-07-22,2026-07-22
1209,Matías Fernández Hartwig,Diputado,1257,Alejandra Valdebenito Torres,Diputado,1,2026-05-29,2026-05-29
1209,Matías Fernández Hartwig,Diputado,1226,José Montalva Feuerhake,Diputado,1,2026-04-27,2026-04-27
1209,Matías Fernández Hartwig,Diputado,1251,Macarena Santelices Cañas,Diputado,1,2026-05-29,2026-05-29
1209,Matías Fernández Hartwig,Diputado,986,Marcela Hernando Pérez,Diputado,1,2026-08-11,2026-08-11
1209,Matías Fernández Hartwig,Diputado,803,René Alinco Bustos,Diputado,1,2026-08-05,2026-08-05
1209,Matías Fernández Hartwig,Diputado,1263,Sebastián Zamora Soto,Diputado,1,2026-04-15,2026-04-15
1209,Matías Fernández Hartwig,Diputado,1240,Zandra Parisi Fernández,Diputado,1,2026-04-27,2026-04-27
1344,Matías Walker Prieto,Senador,1501,Andrea Balladares Letelier,Senador,1,2026-05-05,2026-05-05
1344,Matías Walker Prieto,Senador,1500,Danisa Astudillo Peiretti,Senador,1,2026-06-24,2026-06-24
1344,Matías Walker Prieto,Senador,1509,Diego Ibáñez Cotroneo,Senador,1,2026-07-14,2026-07-14
1344,Matías Walker Prieto,Senador,1502,Miguel Ángel Becker Alvear,Senador,1,2026-06-24,2026-06-24
1131,Mauro González Villarroel,Diputado,1222,Andrea Macías Palma,Diputado,1,2026-05-31,2026-05-31
1131,Mauro González Villarroel,Diputado,1202,Eduardo Cretton Rebolledo,Diputado,1,2026-07-07,2026-07-07
1131,Mauro González Villarroel,Diputado,1255,Eileen Urqueta Rojas,Diputado,1,2026-05-12,2026-05-12
1131,Mauro González Villarroel,Diputado,1190,Enrique Bassaletti Riess,Diputado,1,2026-08-07,2026-08-07
1131,Mauro González Villarroel,Diputado,1239,Fabián Ossandón Briceño,Diputado,1,2026-05-31,2026-05-31
1131,Mauro González Villarroel,Diputado,1258,Guillermo Valdés Carmona,Diputado,1,2026-04-15,2026-04-15
1131,Mauro González Villarroel,Diputado,1178,Héctor Ulloa Aguilera,Diputado,1,2026-05-31,2026-05-31
1131,Mauro González Villarroel,Diputado,1199,Jaime Coloma Álamos,Diputado,1,2026-07-07,2026-07-07
1131,Mauro González Villarroel,Diputado,1235,Javier Olivares Avendaño,Diputado,1,2026-05-12,2026-05-12
1131,Mauro González Villarroel,Diputado,1208,Jorge Díaz Ibarra,Diputado,1,2026-05-13,2026-05-13
1131,Mauro González Villarroel,Diputado,1259,Juan Marcelo Valenzuela Henríquez,Diputado,1,2026-05-13,2026-05-13
1131,Mauro González Villarroel,Diputado,1234,Mario Olavarría Rodríguez,Diputado,1,2026-05-12,2026-05-12
1131,Mauro González Villarroel,Diputado,1157,Marlene Pérez Cartes,Diputado,1,2026-05-31,2026-05-31
1131,Mauro González Villarroel,Diputado,1193,Patricio Briones Moller,Diputado,1,2026-05-12,2026-05-12
1131,Mauro González Villarroel,Diputado,1184,Roberto Celedón Fernández,Diputado,1,2026-04-15,2026-04-15
1131,Mauro González Villarroel,Diputado,1215,Álvaro Jofré Cáceres,Diputado,1,2026-05-13,2026-05-13
1502,Miguel Ángel Becker Alvear,Senador,1512,Andrés Longton Herrera,Senador,1,2026-06-17,2026-06-17
1502,Miguel Ángel Becker Alvear,Senador,1515,Arturo Squella Ovalle,Senador,1,2026-06-23,2026-06-23
1502,Miguel Ángel Becker Alvear,Senador,1511,Enrique Lee Flores,Senador,1,2026-07-21,2026-07-21
1502,Miguel Ángel Becker Alvear,Senador,1505,Rodolfo Carter Fernández,Senador,1,2026-06-16,2026-06-16
1503,Miguel Ángel Calisto Águila,Senador,1511,Enrique Lee Flores,Senador,1,2026-05-20,2026-05-20
1503,Miguel Ángel Calisto Águila,Senador,1516,Renzo Trisotti Martínez,Senador,1,2026-08-27,2026-08-27
1503,Miguel Ángel Calisto Águila,Senador,1510,Vanessa Kaiser Barents-Von Hohenhagen,Senador,1,2026-05-20,2026-05-20
1166,Natalia Romero Talguia,Diputado,1227,Claudia Mora Vega,Diputado,1,2026-05-18,2026-05-18
1166,Natalia Romero Talguia,Diputado,1244,Claudia Reyes Larenas,Diputado,1,2026-05-18,2026-05-18
1166,Natalia Romero Talguia,Diputado,1252,Constanza Schonhaut Soto,Diputado,1,2026-07-07,2026-07-07
1166,Natalia Romero Talguia,Diputado,1175,Cristián Tapia Ramos,Diputado,1,2026-05-18,2026-05-18
1166,Natalia Romero Talguia,Diputado,1194,Daniel Bustos Leal,Diputado,1,2026-06-29,2026-06-29
1166,Natalia Romero Talguia,Diputado,1190,Enrique Bassaletti Riess,Diputado,1,2026-07-14,2026-07-14
1166,Natalia Romero Talguia,Diputado,1239,Fabián Ossandón Briceño,Diputado,1,2026-07-07,2026-07-07
1166,Natalia Romero Talguia,Diputado,1204,Francisco Crisóstomo Llanos,Diputado,1,2026-07-07,2026-07-07
1166,Natalia Romero Talguia,Diputado,1237,Francisco Orrego Gutiérrez,Diputado,1,2026-07-14,2026-07-14
1166,Natalia Romero Talguia,Diputado,1258,Guillermo Valdés Carmona,Diputado,1,2026-06-29,2026-06-29
1166,Natalia Romero Talguia,Diputado,1186,Ignacio Achurra Díaz,Diputado,1,2026-07-07,2026-07-07
1166,Natalia Romero Talguia,Diputado,1229,Javier Muñoz Riquelme,Diputado,1,2026-06-29,2026-06-29
1166,Natalia Romero Talguia,Diputado,986,Marcela Hernando Pérez,Diputado,1,2026-07-07,2026-07-07
1166,Natalia Romero Talguia,Diputado,1241,Patricio Pinilla Valencia,Diputado,1,2026-07-07,2026-07-07
1166,Natalia Romero Talguia,Diputado,1228,Paulina Muñoz Minte,Diputado,1,2026-05-18,2026-05-18
1166,Natalia Romero Talguia,Diputado,1217,Pier Karlezi Hazleby,Diputado,1,2026-05-18,2026-05-18
1166,Natalia Romero Talguia,Diputado,1242,Rodrigo Ramírez Parra,Diputado,1,2026-06-29,2026-06-29
1166,Natalia Romero Talguia,Diputado,1263,Sebastián Zamora Soto,Diputado,1,2026-07-14,2026-07-14
1166,Natalia Romero Talguia,Diputado,1216,Stephanie Jéldrez Ortiz,Diputado,1,2026-07-14,2026-07-14
1117,Nathalie Castillo Rojas,Diputado,1222,Andrea Macías Palma,Diputado,1,2026-07-29,2026-07-29
1117,Nathalie Castillo Rojas,Diputado,1252,Constanza Schonhaut Soto,Diputado,1,2026-07-07,2026-07-07
1117,Nathalie Castillo Rojas,Diputado,1260,César Valenzuela Maass,Diputado,1,2026-07-29,2026-07-29
1117,Nathalie Castillo Rojas,Diputado,1194,Daniel Bustos Leal,Diputado,1,2026-05-04,2026-05-04
1117,Nathalie Castillo Rojas,Diputado,1171,Emilia Schneider Videla,Diputado,1,2026-06-08,2026-06-08
1117,Nathalie Castillo Rojas,Diputado,1239,Fabián Ossandón Briceño,Diputado,1,2026-07-07,2026-07-07
1117,Nathalie Castillo Rojas,Diputado,1204,Francisco Crisóstomo Llanos,Diputado,1,2026-07-07,2026-07-07
1117,Nathalie Castillo Rojas,Diputado,1210,Gustavo Gatica Villarroel,Diputado,1,2026-08-12,2026-08-12
1117,Nathalie Castillo Rojas,Diputado,1186,Ignacio Achurra Díaz,Diputado,1,2026-07-07,2026-07-07
1117,Nathalie Castillo Rojas,Diputado,1213,Irací Hassler Jacob,Diputado,1,2026-08-12,2026-08-12
1117,Nathalie Castillo Rojas,Diputado,1189,Jaime Bassa Mercado,Diputado,1,2026-06-12,2026-06-12
1117,Nathalie Castillo Rojas,Diputado,1208,Jorge Díaz Ibarra,Diputado,1,2026-05-28,2026-05-28
1117,Nathalie Castillo Rojas,Diputado,1166,Natalia Romero Talguia,Diputado,1,2026-07-07,2026-07-07
1181,Nelson Venegas Salazar,Diputado,1222,Andrea Macías Palma,Diputado,1,2026-07-06,2026-07-06
1181,Nelson Venegas Salazar,Diputado,1195,Carlos Carvajal Gallardo,Diputado,1,2026-08-12,2026-08-12
1181,Nelson Venegas Salazar,Diputado,1260,César Valenzuela Maass,Diputado,1,2026-06-22,2026-06-22
1181,Nelson Venegas Salazar,Diputado,1261,Daniel Valenzuela Salazar,Diputado,1,2026-08-12,2026-08-12
1181,Nelson Venegas Salazar,Diputado,1210,Gustavo Gatica Villarroel,Diputado,1,2026-07-13,2026-07-13
1181,Nelson Venegas Salazar,Diputado,1189,Jaime Bassa Mercado,Diputado,1,2026-07-13,2026-07-13
1181,Nelson Venegas Salazar,Diputado,1236,Paula Olmos Contreras,Diputado,1,2026-08-12,2026-08-12
1181,Nelson Venegas Salazar,Diputado,1184,Roberto Celedón Fernández,Diputado,1,2026-07-15,2026-07-15
1181,Nelson Venegas Salazar,Diputado,1243,Tamara Ramírez Ramírez,Diputado,1,2026-07-20,2026-07-20
1181,Nelson Venegas Salazar,Diputado,1256,Tatiana Urrutia Herrera,Diputado,1,2026-07-15,2026-07-15
1249,Omar Sabat Guzmán,Diputado,1261,Daniel Valenzuela Salazar,Diputado,1,2026-06-18,2026-06-18
1249,Omar Sabat Guzmán,Diputado,803,René Alinco Bustos,Diputado,1,2026-05-13,2026-05-13
1249,Omar Sabat Guzmán,Diputado,843,René Manuel García García,Diputado,1,2026-06-03,2026-06-03
1039,Pamela Jiles Moreno,Diputado,1061,Andrea Parra Sauterel,Diputado,1,2026-06-10,2026-06-10
1039,Pamela Jiles Moreno,Diputado,1110,Carlos Bianchi Chelech,Diputado,1,2026-06-10,2026-06-10
1039,Pamela Jiles Moreno,Diputado,1195,Carlos Carvajal Gallardo,Diputado,1,2026-06-10,2026-06-10
1039,Pamela Jiles Moreno,Diputado,1197,Carlos Chandía Alarcón,Diputado,1,2026-08-05,2026-08-05
1039,Pamela Jiles Moreno,Diputado,1205,Carlos Cuadrado Prats,Diputado,1,2026-06-10,2026-06-10
1039,Pamela Jiles Moreno,Diputado,1082,Cristóbal Urruticoechea Ríos,Diputado,1,2026-04-21,2026-04-21
1039,Pamela Jiles Moreno,Diputado,1202,Eduardo Cretton Rebolledo,Diputado,1,2026-04-21,2026-04-21
1039,Pamela Jiles Moreno,Diputado,1116,Felipe Camaño Cárdenas,Diputado,1,2026-08-05,2026-08-05
1039,Pamela Jiles Moreno,Diputado,1054,Francesca Muñoz González,Diputado,1,2026-06-23,2026-06-23
1039,Pamela Jiles Moreno,Diputado,1152,Gloria Naveillan Arriagada,Diputado,1,2026-04-21,2026-04-21
1039,Pamela Jiles Moreno,Diputado,1258,Guillermo Valdés Carmona,Diputado,1,2026-05-06,2026-05-06
1039,Pamela Jiles Moreno,Diputado,1223,Hans Marowski Cuevas,Diputado,1,2026-04-21,2026-04-21
1039,Pamela Jiles Moreno,Diputado,1189,Jaime Bassa Mercado,Diputado,1,2026-06-10,2026-06-10
1039,Pamela Jiles Moreno,Diputado,1229,Javier Muñoz Riquelme,Diputado,1,2026-08-05,2026-08-05
1039,Pamela Jiles Moreno,Diputado,1062,Joanna Pérez Olea,Diputado,1,2026-08-05,2026-08-05
1039,Pamela Jiles Moreno,Diputado,1226,José Montalva Feuerhake,Diputado,1,2026-06-10,2026-06-10
1039,Pamela Jiles Moreno,Diputado,1133,Juan Irarrázaval Rossel,Diputado,1,2026-06-23,2026-06-23
1039,Pamela Jiles Moreno,Diputado,986,Marcela Hernando Pérez,Diputado,1,2026-08-05,2026-08-05
1039,Pamela Jiles Moreno,Diputado,1241,Patricio Pinilla Valencia,Diputado,1,2026-06-10,2026-06-10
1039,Pamela Jiles Moreno,Diputado,1228,Paulina Muñoz Minte,Diputado,1,2026-04-21,2026-04-21
1039,Pamela Jiles Moreno,Diputado,1217,Pier Karlezi Hazleby,Diputado,1,2026-04-21,2026-04-21
1039,Pamela Jiles Moreno,Diputado,1196,Priscilla Castillo Gerli,Diputado,1,2026-08-05,2026-08-05
1039,Pamela Jiles Moreno,Diputado,1077,Raúl Soto Mardones,Diputado,1,2026-06-10,2026-06-10
1039,Pamela Jiles Moreno,Diputado,1184,Roberto Celedón Fernández,Diputado,1,2026-06-23,2026-06-23
1039,Pamela Jiles Moreno,Diputado,1119,Sara Concha Smith,Diputado,1,2026-06-23,2026-06-23
1039,Pamela Jiles Moreno,Diputado,1059,Ximena Ossandón Irarrázabal,Diputado,1,2026-08-05,2026-08-05
1193,Patricio Briones Moller,Diputado,1257,Alejandra Valdebenito Torres,Diputado,1,2026-06-16,2026-06-16
1193,Patricio Briones Moller,Diputado,1195,Carlos Carvajal Gallardo,Diputado,1,2026-06-04,2026-06-04
1193,Patricio Briones Moller,Diputado,1206,Carolina Cucumides Calderón,Diputado,1,2026-06-02,2026-06-02
1193,Patricio Briones Moller,Diputado,1224,Cristian Mella Andaur,Diputado,1,2026-06-04,2026-06-04
1193,Patricio Briones Moller,Diputado,1260,César Valenzuela Maass,Diputado,1,2026-06-11,2026-06-11
1193,Patricio Briones Moller,Diputado,1262,Diego Vergara Rodríguez,Diputado,1,2026-08-05,2026-08-05
1193,Patricio Briones Moller,Diputado,1202,Eduardo Cretton Rebolledo,Diputado,1,2026-07-27,2026-07-27
1193,Patricio Briones Moller,Diputado,1212,Erich Grohs Marín,Diputado,1,2026-08-05,2026-08-05
1193,Patricio Briones Moller,Diputado,1253,Fernando Ugarte Tejeda,Diputado,1,2026-07-06,2026-07-06
1193,Patricio Briones Moller,Diputado,915,Germán Verdugo Soto,Diputado,1,2026-08-04,2026-08-04
1193,Patricio Briones Moller,Diputado,1213,Irací Hassler Jacob,Diputado,1,2026-05-29,2026-05-29
1193,Patricio Briones Moller,Diputado,872,Jaime Mulet Martínez,Diputado,1,2026-05-06,2026-05-06
1193,Patricio Briones Moller,Diputado,986,Marcela Hernando Pérez,Diputado,1,2026-06-08,2026-06-08
1193,Patricio Briones Moller,Diputado,1249,Omar Sabat Guzmán,Diputado,1,2026-08-11,2026-08-11
1193,Patricio Briones Moller,Diputado,1241,Patricio Pinilla Valencia,Diputado,1,2026-07-06,2026-07-06
1193,Patricio Briones Moller,Diputado,1198,Paz Charpentier Rajcevich,Diputado,1,2026-07-27,2026-07-27
1193,Patricio Briones Moller,Diputado,1233,Ricardo Neumann Bertín,Diputado,1,2026-07-27,2026-07-27
1193,Patricio Briones Moller,Diputado,1242,Rodrigo Ramírez Parra,Diputado,1,2026-05-12,2026-05-12
1193,Patricio Briones Moller,Diputado,815,Sergio Bobadilla Muñoz,Diputado,1,2026-07-21,2026-07-21
1241,Patricio Pinilla Valencia,Diputado,1260,César Valenzuela Maass,Diputado,1,2026-06-02,2026-06-02
1241,Patricio Pinilla Valencia,Diputado,1261,Daniel Valenzuela Salazar,Diputado,1,2026-08-12,2026-08-12
1241,Patricio Pinilla Valencia,Diputado,1255,Eileen Urqueta Rojas,Diputado,1,2026-08-11,2026-08-11
1241,Patricio Pinilla Valencia,Diputado,1248,Felipe Ross Correa,Diputado,1,2026-07-06,2026-07-06
1241,Patricio Pinilla Valencia,Diputado,1253,Fernando Ugarte Tejeda,Diputado,1,2026-07-06,2026-07-06
1241,Patricio Pinilla Valencia,Diputado,1251,Macarena Santelices Cañas,Diputado,1,2026-07-06,2026-07-06
1241,Patricio Pinilla Valencia,Diputado,843,René Manuel García García,Diputado,1,2026-07-07,2026-07-07
1241,Patricio Pinilla Valencia,Diputado,1256,Tatiana Urrutia Herrera,Diputado,1,2026-08-11,2026-08-11
1236,Paula Olmos Contreras,Diputado,1245,Alejandro Riquelme Ducci,Diputado,1,2026-07-14,2026-07-14
1236,Paula Olmos Contreras,Diputado,1261,Daniel Valenzuela Salazar,Diputado,1,2026-08-12,2026-08-12
1236,Paula Olmos Contreras,Diputado,1254,Ignacio Urcullú Clèment-Lund,Diputado,1,2026-05-12,2026-05-12
1236,Paula Olmos Contreras,Diputado,872,Jaime Mulet Martínez,Diputado,1,2026-05-12,2026-05-12
1236,Paula Olmos Contreras,Diputado,1238,Álvaro Ortiz Vera,Diputado,1,2026-06-02,2026-06-02
1228,Paulina Muñoz Minte,Diputado,1244,Claudia Reyes Larenas,Diputado,1,2026-05-18,2026-05-18
1228,Paulina Muñoz Minte,Diputado,1232,Cristian Neira Martínez,Diputado,1,2026-07-30,2026-07-30
1228,Paulina Muñoz Minte,Diputado,1262,Diego Vergara Rodríguez,Diputado,1,2026-08-05,2026-08-05
1228,Paulina Muñoz Minte,Diputado,1255,Eileen Urqueta Rojas,Diputado,1,2026-05-04,2026-05-04
1228,Paulina Muñoz Minte,Diputado,1248,Felipe Ross Correa,Diputado,1,2026-06-05,2026-06-05
1228,Paulina Muñoz Minte,Diputado,915,Germán Verdugo Soto,Diputado,1,2026-04-15,2026-04-15
1228,Paulina Muñoz Minte,Diputado,872,Jaime Mulet Martínez,Diputado,1,2026-08-06,2026-08-06
1228,Paulina Muñoz Minte,Diputado,1247,Javiera Rodríguez Pascual,Diputado,1,2026-05-04,2026-05-04
1228,Paulina Muñoz Minte,Diputado,1251,Macarena Santelices Cañas,Diputado,1,2026-08-05,2026-08-05
1228,Paulina Muñoz Minte,Diputado,986,Marcela Hernando Pérez,Diputado,1,2026-08-11,2026-08-11
1228,Paulina Muñoz Minte,Diputado,1249,Omar Sabat Guzmán,Diputado,1,2026-08-05,2026-08-05
1228,Paulina Muñoz Minte,Diputado,843,René Manuel García García,Diputado,1,2026-05-18,2026-05-18
1228,Paulina Muñoz Minte,Diputado,1233,Ricardo Neumann Bertín,Diputado,1,2026-05-13,2026-05-13
1228,Paulina Muñoz Minte,Diputado,1243,Tamara Ramírez Ramírez,Diputado,1,2026-05-13,2026-05-13
1228,Paulina Muñoz Minte,Diputado,1231,Ximena Naranjo Pinto,Diputado,1,2026-05-04,2026-05-04
1337,Paulina Núñez Urrutia,Senador,1501,Andrea Balladares Letelier,Senador,1,2026-06-24,2026-06-24
1337,Paulina Núñez Urrutia,Senador,1511,Enrique Lee Flores,Senador,1,2026-08-10,2026-08-10
1337,Paulina Núñez Urrutia,Senador,1505,Rodolfo Carter Fernández,Senador,1,2026-06-17,2026-06-17
1450,Paulina Vodanovic Rojas,Senador,1501,Andrea Balladares Letelier,Senador,1,2026-07-03,2026-07-03
1450,Paulina Vodanovic Rojas,Senador,1512,Andrés Longton Herrera,Senador,1,2026-07-14,2026-07-14
1450,Paulina Vodanovic Rojas,Senador,1515,Arturo Squella Ovalle,Senador,1,2026-07-14,2026-07-14
1450,Paulina Vodanovic Rojas,Senador,1509,Diego Ibáñez Cotroneo,Senador,1,2026-08-05,2026-08-05
1450,Paulina Vodanovic Rojas,Senador,1511,Enrique Lee Flores,Senador,1,2026-03-18,2026-03-18
1450,Paulina Vodanovic Rojas,Senador,1504,Karol Cariola Oliva,Senador,1,2026-03-18,2026-03-18
1450,Paulina Vodanovic Rojas,Senador,1502,Miguel Ángel Becker Alvear,Senador,1,2026-06-16,2026-06-16
1198,Paz Charpentier Rajcevich,Diputado,1245,Alejandro Riquelme Ducci,Diputado,1,2026-07-09,2026-07-09
1198,Paz Charpentier Rajcevich,Diputado,1205,Carlos Cuadrado Prats,Diputado,1,2026-08-05,2026-08-05
1198,Paz Charpentier Rajcevich,Diputado,1227,Claudia Mora Vega,Diputado,1,2026-06-22,2026-06-22
1198,Paz Charpentier Rajcevich,Diputado,1202,Eduardo Cretton Rebolledo,Diputado,1,2026-07-27,2026-07-27
1198,Paz Charpentier Rajcevich,Diputado,1237,Francisco Orrego Gutiérrez,Diputado,1,2026-07-21,2026-07-21
1198,Paz Charpentier Rajcevich,Diputado,1228,Paulina Muñoz Minte,Diputado,1,2026-08-05,2026-08-05
1198,Paz Charpentier Rajcevich,Diputado,1203,Sebastián Cristoffanini Jaraquemada,Diputado,1,2026-06-23,2026-06-23
1198,Paz Charpentier Rajcevich,Diputado,1263,Sebastián Zamora Soto,Diputado,1,2026-07-27,2026-07-27
1198,Paz Charpentier Rajcevich,Diputado,1216,Stephanie Jéldrez Ortiz,Diputado,1,2026-06-22,2026-06-22
1198,Paz Charpentier Rajcevich,Diputado,1219,Tomás Kast Sommerhoff,Diputado,1,2026-08-05,2026-08-05
1198,Paz Charpentier Rajcevich,Diputado,1240,Zandra Parisi Fernández,Diputado,1,2026-06-22,2026-06-22
1110,Pedro Araya Guerrero,Senador,1512,Andrés Longton Herrera,Senador,1,2026-07-21,2026-07-21
1110,Pedro Araya Guerrero,Senador,911,Carlos Ignacio Kuschel Silva,Senador,1,2026-08-19,2026-08-19
1110,Pedro Araya Guerrero,Senador,1339,Gastón Saavedra Chandía,Senador,1,2026-08-13,2026-08-13
1110,Pedro Araya Guerrero,Senador,1330,Iván Flores García,Senador,1,2026-04-08,2026-04-08
1110,Pedro Araya Guerrero,Senador,1335,Javier Macaya Danús,Senador,1,2026-06-30,2026-06-30
1110,Pedro Araya Guerrero,Senador,1332,María José Gatica Bertin,Senador,1,2026-08-19,2026-08-19
1110,Pedro Araya Guerrero,Senador,1502,Miguel Ángel Becker Alvear,Senador,1,2026-08-19,2026-08-19
1110,Pedro Araya Guerrero,Senador,1506,Ricardo Celis Araya,Senador,1,2026-08-13,2026-08-13
1110,Pedro Araya Guerrero,Senador,1510,Vanessa Kaiser Barents-Von Hohenhagen,Senador,1,2026-06-30,2026-06-30
1110,Pedro Araya Guerrero,Senador,1224,Ximena Ordenes Neira,Senador,1,2026-07-22,2026-07-22
1217,Pier Karlezi Hazleby,Diputado,1230,Alex Nahuelquin Nahuelquin,Diputado,1,2026-06-16,2026-06-16
1217,Pier Karlezi Hazleby,Diputado,1227,Claudia Mora Vega,Diputado,1,2026-05-18,2026-05-18
1217,Pier Karlezi Hazleby,Diputado,1244,Claudia Reyes Larenas,Diputado,1,2026-05-18,2026-05-18
1217,Pier Karlezi Hazleby,Diputado,1225,Cristian Menchaca Pinochet,Diputado,1,2026-05-12,2026-05-12
1217,Pier Karlezi Hazleby,Diputado,1262,Diego Vergara Rodríguez,Diputado,1,2026-06-23,2026-06-23
1217,Pier Karlezi Hazleby,Diputado,915,Germán Verdugo Soto,Diputado,1,2026-04-15,2026-04-15
1217,Pier Karlezi Hazleby,Diputado,1258,Guillermo Valdés Carmona,Diputado,1,2026-04-21,2026-04-21
1217,Pier Karlezi Hazleby,Diputado,1259,Juan Marcelo Valenzuela Henríquez,Diputado,1,2026-04-21,2026-04-21
1217,Pier Karlezi Hazleby,Diputado,986,Marcela Hernando Pérez,Diputado,1,2026-08-11,2026-08-11
1217,Pier Karlezi Hazleby,Diputado,1249,Omar Sabat Guzmán,Diputado,1,2026-04-21,2026-04-21
1217,Pier Karlezi Hazleby,Diputado,1241,Patricio Pinilla Valencia,Diputado,1,2026-04-25,2026-04-25
1217,Pier Karlezi Hazleby,Diputado,1233,Ricardo Neumann Bertín,Diputado,1,2026-06-23,2026-06-23
1217,Pier Karlezi Hazleby,Diputado,1243,Tamara Ramírez Ramírez,Diputado,1,2026-04-21,2026-04-21
1217,Pier Karlezi Hazleby,Diputado,1231,Ximena Naranjo Pinto,Diputado,1,2026-04-14,2026-04-14
1217,Pier Karlezi Hazleby,Diputado,1240,Zandra Parisi Fernández,Diputado,1,2026-07-24,2026-07-24
1217,Pier Karlezi Hazleby,Diputado,1238,Álvaro Ortiz Vera,Diputado,1,2026-04-21,2026-04-21
1196,Priscilla Castillo Gerli,Diputado,1197,Carlos Chandía Alarcón,Diputado,1,2026-08-05,2026-08-05
1196,Priscilla Castillo Gerli,Diputado,1237,Francisco Orrego Gutiérrez,Diputado,1,2026-08-05,2026-08-05
1196,Priscilla Castillo Gerli,Diputado,986,Marcela Hernando Pérez,Diputado,1,2026-08-05,2026-08-05
1044,Raúl Leiva Carvajal,Diputado,1104,Chiara Barchiesi Chávez,Diputado,1,2026-05-13,2026-05-13
1044,Raúl Leiva Carvajal,Diputado,1244,Claudia Reyes Larenas,Diputado,1,2026-06-16,2026-06-16
1044,Raúl Leiva Carvajal,Diputado,1082,Cristóbal Urruticoechea Ríos,Diputado,1,2026-08-05,2026-08-05
1044,Raúl Leiva Carvajal,Diputado,1261,Daniel Valenzuela Salazar,Diputado,1,2026-06-18,2026-06-18
1044,Raúl Leiva Carvajal,Diputado,1190,Enrique Bassaletti Riess,Diputado,1,2026-08-07,2026-08-07
1044,Raúl Leiva Carvajal,Diputado,1116,Felipe Camaño Cárdenas,Diputado,1,2026-08-05,2026-08-05
1044,Raúl Leiva Carvajal,Diputado,1183,Flor Weisse Novoa,Diputado,1,2026-06-16,2026-06-16
1044,Raúl Leiva Carvajal,Diputado,1237,Francisco Orrego Gutiérrez,Diputado,1,2026-08-07,2026-08-07
1044,Raúl Leiva Carvajal,Diputado,1087,Gael Yeomans Araya,Diputado,1,2026-06-22,2026-06-22
1044,Raúl Leiva Carvajal,Diputado,1065,Guillermo Ramírez Diez,Diputado,1,2026-06-22,2026-06-22
1044,Raúl Leiva Carvajal,Diputado,1105,Héctor Barría Angulo,Diputado,1,2026-05-06,2026-05-06
1044,Raúl Leiva Carvajal,Diputado,1178,Héctor Ulloa Aguilera,Diputado,1,2026-05-06,2026-05-06
1044,Raúl Leiva Carvajal,Diputado,872,Jaime Mulet Martínez,Diputado,1,2026-06-22,2026-06-22
1044,Raúl Leiva Carvajal,Diputado,1235,Javier Olivares Avendaño,Diputado,1,2026-06-18,2026-06-18
1044,Raúl Leiva Carvajal,Diputado,1208,Jorge Díaz Ibarra,Diputado,1,2026-05-13,2026-05-13
1044,Raúl Leiva Carvajal,Diputado,1218,José Antonio Kast Adriasola,Diputado,1,2026-06-16,2026-06-16
1044,Raúl Leiva Carvajal,Diputado,1259,Juan Marcelo Valenzuela Henríquez,Diputado,1,2026-05-13,2026-05-13
1044,Raúl Leiva Carvajal,Diputado,1060,Luis Pardo Sáinz,Diputado,1,2026-06-22,2026-06-22
1044,Raúl Leiva Carvajal,Diputado,1170,Luis Sánchez Ossa,Diputado,1,2026-06-18,2026-06-18
1044,Raúl Leiva Carvajal,Diputado,1107,María Francisca Bello Campos,Diputado,1,2026-05-13,2026-05-13
1044,Raúl Leiva Carvajal,Diputado,1249,Omar Sabat Guzmán,Diputado,1,2026-06-18,2026-06-18
1044,Raúl Leiva Carvajal,Diputado,1193,Patricio Briones Moller,Diputado,1,2026-05-06,2026-05-06
1044,Raúl Leiva Carvajal,Diputado,1236,Paula Olmos Contreras,Diputado,1,2026-05-06,2026-05-06
1044,Raúl Leiva Carvajal,Diputado,1228,Paulina Muñoz Minte,Diputado,1,2026-08-05,2026-08-05
1044,Raúl Leiva Carvajal,Diputado,1198,Paz Charpentier Rajcevich,Diputado,1,2026-08-05,2026-08-05
1044,Raúl Leiva Carvajal,Diputado,1217,Pier Karlezi Hazleby,Diputado,1,2026-08-05,2026-08-05
1044,Raúl Leiva Carvajal,Diputado,1216,Stephanie Jéldrez Ortiz,Diputado,1,2026-06-18,2026-06-18
1044,Raúl Leiva Carvajal,Diputado,1215,Álvaro Jofré Cáceres,Diputado,1,2026-05-13,2026-05-13
1077,Raúl Soto Mardones,Diputado,1128,Ana María Gazmuri Vieira,Diputado,1,2026-07-08,2026-07-08
1077,Raúl Soto Mardones,Diputado,1252,Constanza Schonhaut Soto,Diputado,1,2026-07-08,2026-07-08
1077,Raúl Soto Mardones,Diputado,1232,Cristian Neira Martínez,Diputado,1,2026-07-08,2026-07-08
1077,Raúl Soto Mardones,Diputado,1142,Daniel Manouchehri Lobos,Diputado,1,2026-06-24,2026-06-24
1077,Raúl Soto Mardones,Diputado,1087,Gael Yeomans Araya,Diputado,1,2026-06-24,2026-06-24
1077,Raúl Soto Mardones,Diputado,1105,Héctor Barría Angulo,Diputado,1,2026-06-24,2026-06-24
1077,Raúl Soto Mardones,Diputado,1213,Irací Hassler Jacob,Diputado,1,2026-05-29,2026-05-29
1077,Raúl Soto Mardones,Diputado,1189,Jaime Bassa Mercado,Diputado,1,2026-06-10,2026-06-10
1077,Raúl Soto Mardones,Diputado,1208,Jorge Díaz Ibarra,Diputado,1,2026-06-24,2026-06-24
1077,Raúl Soto Mardones,Diputado,1259,Juan Marcelo Valenzuela Henríquez,Diputado,1,2026-06-24,2026-06-24
1077,Raúl Soto Mardones,Diputado,1141,Luis Malla Valenzuela,Diputado,1,2026-07-20,2026-07-20
1077,Raúl Soto Mardones,Diputado,986,Marcela Hernando Pérez,Diputado,1,2026-07-20,2026-07-20
1077,Raúl Soto Mardones,Diputado,1193,Patricio Briones Moller,Diputado,1,2026-05-29,2026-05-29
1077,Raúl Soto Mardones,Diputado,1182,Sebastián Videla Castillo,Diputado,1,2026-07-20,2026-07-20
1077,Raúl Soto Mardones,Diputado,815,Sergio Bobadilla Muñoz,Diputado,1,2026-07-20,2026-07-20
1077,Raúl Soto Mardones,Diputado,1238,Álvaro Ortiz Vera,Diputado,1,2026-06-24,2026-06-24
803,René Alinco Bustos,Diputado,815,Sergio Bobadilla Muñoz,Diputado,1,2026-05-13,2026-05-13
843,René Manuel García García,Diputado,986,Marcela Hernando Pérez,Diputado,1,2026-07-07,2026-07-07
1233,Ricardo Neumann Bertín,Diputado,1262,Diego Vergara Rodríguez,Diputado,1,2026-06-23,2026-06-23
1233,Ricardo Neumann Bertín,Diputado,1237,Francisco Orrego Gutiérrez,Diputado,1,2026-06-23,2026-06-23
1233,Ricardo Neumann Bertín,Diputado,915,Germán Verdugo Soto,Diputado,1,2026-06-23,2026-06-23
1233,Ricardo Neumann Bertín,Diputado,1251,Macarena Santelices Cañas,Diputado,1,2026-06-23,2026-06-23
1233,Ricardo Neumann Bertín,Diputado,803,René Alinco Bustos,Diputado,1,2026-05-13,2026-05-13
1233,Ricardo Neumann Bertín,Diputado,1263,Sebastián Zamora Soto,Diputado,1,2026-07-27,2026-07-27
1233,Ricardo Neumann Bertín,Diputado,1243,Tamara Ramírez Ramírez,Diputado,1,2026-05-13,2026-05-13
1102,Roberto Arroyo Muñoz,Diputado,1165,Agustín Romero Leiva,Diputado,1,2026-08-06,2026-08-06
1102,Roberto Arroyo Muñoz,Diputado,1257,Alejandra Valdebenito Torres,Diputado,1,2026-06-16,2026-06-16
1102,Roberto Arroyo Muñoz,Diputado,1128,Ana María Gazmuri Vieira,Diputado,1,2026-06-19,2026-06-19
1102,Roberto Arroyo Muñoz,Diputado,1110,Carlos Bianchi Chelech,Diputado,1,2026-06-16,2026-06-16
1102,Roberto Arroyo Muñoz,Diputado,1227,Claudia Mora Vega,Diputado,1,2026-05-18,2026-05-18
1102,Roberto Arroyo Muñoz,Diputado,1244,Claudia Reyes Larenas,Diputado,1,2026-05-18,2026-05-18
1102,Roberto Arroyo Muñoz,Diputado,1180,Consuelo Veloso Ávila,Diputado,1,2026-08-11,2026-08-11
1102,Roberto Arroyo Muñoz,Diputado,1255,Eileen Urqueta Rojas,Diputado,1,2026-08-12,2026-08-12
1102,Roberto Arroyo Muñoz,Diputado,1190,Enrique Bassaletti Riess,Diputado,1,2026-06-16,2026-06-16
1102,Roberto Arroyo Muñoz,Diputado,1116,Felipe Camaño Cárdenas,Diputado,1,2026-07-24,2026-07-24
1102,Roberto Arroyo Muñoz,Diputado,1201,Flor Contreras Vivallo,Diputado,1,2026-07-31,2026-07-31
1102,Roberto Arroyo Muñoz,Diputado,1114,Félix Bugueño Sotelo,Diputado,1,2026-08-05,2026-08-05
1102,Roberto Arroyo Muñoz,Diputado,1108,Juan Carlos Beltrán Silva,Diputado,1,2026-07-31,2026-07-31
1102,Roberto Arroyo Muñoz,Diputado,1141,Luis Malla Valenzuela,Diputado,1,2026-08-12,2026-08-12
1102,Roberto Arroyo Muñoz,Diputado,1251,Macarena Santelices Cañas,Diputado,1,2026-06-16,2026-06-16
1102,Roberto Arroyo Muñoz,Diputado,986,Marcela Hernando Pérez,Diputado,1,2026-08-11,2026-08-11
1102,Roberto Arroyo Muñoz,Diputado,1107,María Francisca Bello Campos,Diputado,1,2026-08-11,2026-08-11
1102,Roberto Arroyo Muñoz,Diputado,1166,Natalia Romero Talguia,Diputado,1,2026-05-18,2026-05-18
1102,Roberto Arroyo Muñoz,Diputado,1228,Paulina Muñoz Minte,Diputado,1,2026-05-18,2026-05-18
1102,Roberto Arroyo Muñoz,Diputado,803,René Alinco Bustos,Diputado,1,2026-08-05,2026-08-05
1102,Roberto Arroyo Muñoz,Diputado,1263,Sebastián Zamora Soto,Diputado,1,2026-06-15,2026-06-15
1102,Roberto Arroyo Muñoz,Diputado,1211,Sofía González Cortés,Diputado,1,2026-07-24,2026-07-24
1102,Roberto Arroyo Muñoz,Diputado,1191,Valentina Becerra Peña,Diputado,1,2026-08-12,2026-08-12
1184,Roberto Celedón Fernández,Diputado,1237,Francisco Orrego Gutiérrez,Diputado,1,2026-06-23,2026-06-23
1184,Roberto Celedón Fernández,Diputado,1258,Guillermo Valdés Carmona,Diputado,1,2026-04-15,2026-04-15
1184,Roberto Celedón Fernández,Diputado,1236,Paula Olmos Contreras,Diputado,1,2026-06-02,2026-06-02
1184,Roberto Celedón Fernández,Diputado,1256,Tatiana Urrutia Herrera,Diputado,1,2026-07-15,2026-07-15
1184,Roberto Celedón Fernández,Diputado,1219,Tomás Kast Sommerhoff,Diputado,1,2026-04-15,2026-04-15
1184,Roberto Celedón Fernández,Diputado,1207,Valentina Cáceres Monsálvez,Diputado,1,2026-07-15,2026-07-15
1184,Roberto Celedón Fernández,Diputado,1231,Ximena Naranjo Pinto,Diputado,1,2026-06-02,2026-06-02
1184,Roberto Celedón Fernández,Diputado,1240,Zandra Parisi Fernández,Diputado,1,2026-06-02,2026-06-02
1184,Roberto Celedón Fernández,Diputado,1238,Álvaro Ortiz Vera,Diputado,1,2026-06-02,2026-06-02
1505,Rodolfo Carter Fernández,Senador,1512,Andrés Longton Herrera,Senador,1,2026-06-24,2026-06-24
1242,Rodrigo Ramírez Parra,Diputado,1255,Eileen Urqueta Rojas,Diputado,1,2026-05-12,2026-05-12
1242,Rodrigo Ramírez Parra,Diputado,1258,Guillermo Valdés Carmona,Diputado,1,2026-06-29,2026-06-29
1328,Rojo Edwards,Senador,1512,Andrés Longton Herrera,Senador,1,2026-06-17,2026-06-17
1328,Rojo Edwards,Senador,1500,Danisa Astudillo Peiretti,Senador,1,2026-09-02,2026-09-02
1328,Rojo Edwards,Senador,1509,Diego Ibáñez Cotroneo,Senador,1,2026-08-19,2026-08-19
1328,Rojo Edwards,Senador,1517,Ignacio Urrutia Bonilla,Senador,1,2026-06-23,2026-06-23
1328,Rojo Edwards,Senador,1335,Javier Macaya Danús,Senador,1,2026-08-19,2026-08-19
1328,Rojo Edwards,Senador,1332,María José Gatica Bertin,Senador,1,2026-09-02,2026-09-02
1328,Rojo Edwards,Senador,1506,Ricardo Celis Araya,Senador,1,2026-08-19,2026-08-19
1328,Rojo Edwards,Senador,1510,Vanessa Kaiser Barents-Von Hohenhagen,Senador,1,2026-06-23,2026-06-23
1119,Sara Concha Smith,Diputado,1221,Benjamín Lorca Inzunza,Diputado,1,2026-06-09,2026-06-09
1119,Sara Concha Smith,Diputado,1197,Carlos Chandía Alarcón,Diputado,1,2026-06-15,2026-06-15
1119,Sara Concha Smith,Diputado,1244,Claudia Reyes Larenas,Diputado,1,2026-05-18,2026-05-18
1119,Sara Concha Smith,Diputado,1180,Consuelo Veloso Ávila,Diputado,1,2026-05-04,2026-05-04
1119,Sara Concha Smith,Diputado,1194,Daniel Bustos Leal,Diputado,1,2026-06-29,2026-06-29
1119,Sara Concha Smith,Diputado,1140,Daniel Lilayu Vivanco,Diputado,1,2026-06-29,2026-06-29
1119,Sara Concha Smith,Diputado,1261,Daniel Valenzuela Salazar,Diputado,1,2026-05-12,2026-05-12
1119,Sara Concha Smith,Diputado,1258,Guillermo Valdés Carmona,Diputado,1,2026-06-29,2026-06-29
1119,Sara Concha Smith,Diputado,1223,Hans Marowski Cuevas,Diputado,1,2026-06-23,2026-06-23
1119,Sara Concha Smith,Diputado,1189,Jaime Bassa Mercado,Diputado,1,2026-06-15,2026-06-15
1119,Sara Concha Smith,Diputado,872,Jaime Mulet Martínez,Diputado,1,2026-08-04,2026-08-04
1119,Sara Concha Smith,Diputado,1229,Javier Muñoz Riquelme,Diputado,1,2026-06-29,2026-06-29
1119,Sara Concha Smith,Diputado,1235,Javier Olivares Avendaño,Diputado,1,2026-05-12,2026-05-12
1119,Sara Concha Smith,Diputado,1132,Jorge Guzmán Zepeda,Diputado,1,2026-05-12,2026-05-12
1119,Sara Concha Smith,Diputado,1218,José Antonio Kast Adriasola,Diputado,1,2026-06-09,2026-06-09
1119,Sara Concha Smith,Diputado,1226,José Montalva Feuerhake,Diputado,1,2026-06-23,2026-06-23
1119,Sara Concha Smith,Diputado,1174,Marco Antonio Sulantay Olivares,Diputado,1,2026-06-15,2026-06-15
1119,Sara Concha Smith,Diputado,1234,Mario Olavarría Rodríguez,Diputado,1,2026-05-12,2026-05-12
1119,Sara Concha Smith,Diputado,1131,Mauro González Villarroel,Diputado,1,2026-05-12,2026-05-12
1119,Sara Concha Smith,Diputado,1233,Ricardo Neumann Bertín,Diputado,1,2026-06-23,2026-06-23
1119,Sara Concha Smith,Diputado,1184,Roberto Celedón Fernández,Diputado,1,2026-06-23,2026-06-23
1119,Sara Concha Smith,Diputado,1263,Sebastián Zamora Soto,Diputado,1,2026-06-15,2026-06-15
1119,Sara Concha Smith,Diputado,815,Sergio Bobadilla Muñoz,Diputado,1,2026-06-23,2026-06-23
1119,Sara Concha Smith,Diputado,1219,Tomás Kast Sommerhoff,Diputado,1,2026-06-23,2026-06-23
1119,Sara Concha Smith,Diputado,1191,Valentina Becerra Peña,Diputado,1,2026-05-04,2026-05-04
1119,Sara Concha Smith,Diputado,1240,Zandra Parisi Fernández,Diputado,1,2026-08-04,2026-08-04
1203,Sebastián Cristoffanini Jaraquemada,Diputado,1245,Alejandro Riquelme Ducci,Diputado,1,2026-06-16,2026-06-16
1203,Sebastián Cristoffanini Jaraquemada,Diputado,1225,Cristian Menchaca Pinochet,Diputado,1,2026-06-16,2026-06-16
1203,Sebastián Cristoffanini Jaraquemada,Diputado,1232,Cristian Neira Martínez,Diputado,1,2026-06-09,2026-06-09
1203,Sebastián Cristoffanini Jaraquemada,Diputado,1261,Daniel Valenzuela Salazar,Diputado,1,2026-07-14,2026-07-14
1203,Sebastián Cristoffanini Jaraquemada,Diputado,1262,Diego Vergara Rodríguez,Diputado,1,2026-06-23,2026-06-23
1203,Sebastián Cristoffanini Jaraquemada,Diputado,1223,Hans Marowski Cuevas,Diputado,1,2026-06-23,2026-06-23
1203,Sebastián Cristoffanini Jaraquemada,Diputado,872,Jaime Mulet Martínez,Diputado,1,2026-05-12,2026-05-12
1203,Sebastián Cristoffanini Jaraquemada,Diputado,1226,José Montalva Feuerhake,Diputado,1,2026-05-12,2026-05-12
1203,Sebastián Cristoffanini Jaraquemada,Diputado,1220,Leandro Kunstmann Collado,Diputado,1,2026-06-16,2026-06-16
1203,Sebastián Cristoffanini Jaraquemada,Diputado,1234,Mario Olavarría Rodríguez,Diputado,1,2026-08-05,2026-08-05
1203,Sebastián Cristoffanini Jaraquemada,Diputado,1249,Omar Sabat Guzmán,Diputado,1,2026-08-05,2026-08-05
1203,Sebastián Cristoffanini Jaraquemada,Diputado,1236,Paula Olmos Contreras,Diputado,1,2026-05-12,2026-05-12
1203,Sebastián Cristoffanini Jaraquemada,Diputado,1228,Paulina Muñoz Minte,Diputado,1,2026-08-05,2026-08-05
1203,Sebastián Cristoffanini Jaraquemada,Diputado,1217,Pier Karlezi Hazleby,Diputado,1,2026-06-23,2026-06-23
1203,Sebastián Cristoffanini Jaraquemada,Diputado,1233,Ricardo Neumann Bertín,Diputado,1,2026-06-23,2026-06-23
1203,Sebastián Cristoffanini Jaraquemada,Diputado,1216,Stephanie Jéldrez Ortiz,Diputado,1,2026-07-14,2026-07-14
1333,Sebastián Keitel Bianchi,Senador,1334,Alejandro Kusanovic Glusevic,Senador,1,2026-08-27,2026-08-27
1333,Sebastián Keitel Bianchi,Senador,911,Carlos Ignacio Kuschel Silva,Senador,1,2026-06-03,2026-06-03
1333,Sebastián Keitel Bianchi,Senador,1509,Diego Ibáñez Cotroneo,Senador,1,2026-07-22,2026-07-22
1333,Sebastián Keitel Bianchi,Senador,1342,Enrique Van Rysselberghe Herrera,Senador,1,2026-04-08,2026-04-08
1333,Sebastián Keitel Bianchi,Senador,1343,Esteban Velásquez Núñez,Senador,1,2026-08-11,2026-08-11
1333,Sebastián Keitel Bianchi,Senador,1339,Gastón Saavedra Chandía,Senador,1,2026-04-08,2026-04-08
1333,Sebastián Keitel Bianchi,Senador,1335,Javier Macaya Danús,Senador,1,2026-04-08,2026-04-08
1333,Sebastián Keitel Bianchi,Senador,1503,Miguel Ángel Calisto Águila,Senador,1,2026-08-27,2026-08-27
1333,Sebastián Keitel Bianchi,Senador,1450,Paulina Vodanovic Rojas,Senador,1,2026-06-16,2026-06-16
1333,Sebastián Keitel Bianchi,Senador,1516,Renzo Trisotti Martínez,Senador,1,2026-08-27,2026-08-27
1333,Sebastián Keitel Bianchi,Senador,1513,Vlado Mirosevic Verdugo,Senador,1,2026-07-22,2026-07-22
1182,Sebastián Videla Castillo,Diputado,1230,Alex Nahuelquin Nahuelquin,Diputado,1,2026-08-11,2026-08-11
1182,Sebastián Videla Castillo,Diputado,1222,Andrea Macías Palma,Diputado,1,2026-07-06,2026-07-06
1182,Sebastián Videla Castillo,Diputado,1187,Carlo Arqueros Pizarro,Diputado,1,2026-08-11,2026-08-11
1182,Sebastián Videla Castillo,Diputado,1206,Carolina Cucumides Calderón,Diputado,1,2026-07-06,2026-07-06
1182,Sebastián Videla Castillo,Diputado,1227,Claudia Mora Vega,Diputado,1,2026-07-20,2026-07-20
1182,Sebastián Videla Castillo,Diputado,1261,Daniel Valenzuela Salazar,Diputado,1,2026-08-12,2026-08-12
1182,Sebastián Videla Castillo,Diputado,1255,Eileen Urqueta Rojas,Diputado,1,2026-08-11,2026-08-11
1182,Sebastián Videla Castillo,Diputado,1201,Flor Contreras Vivallo,Diputado,1,2026-08-03,2026-08-03
1182,Sebastián Videla Castillo,Diputado,1237,Francisco Orrego Gutiérrez,Diputado,1,2026-06-05,2026-06-05
1182,Sebastián Videla Castillo,Diputado,1210,Gustavo Gatica Villarroel,Diputado,1,2026-07-13,2026-07-13
1182,Sebastián Videla Castillo,Diputado,1189,Jaime Bassa Mercado,Diputado,1,2026-07-13,2026-07-13
1182,Sebastián Videla Castillo,Diputado,1199,Jaime Coloma Álamos,Diputado,1,2026-06-05,2026-06-05
1182,Sebastián Videla Castillo,Diputado,1208,Jorge Díaz Ibarra,Diputado,1,2026-07-20,2026-07-20
1182,Sebastián Videla Castillo,Diputado,1218,José Antonio Kast Adriasola,Diputado,1,2026-06-05,2026-06-05
1182,Sebastián Videla Castillo,Diputado,1259,Juan Marcelo Valenzuela Henríquez,Diputado,1,2026-04-15,2026-04-15
1182,Sebastián Videla Castillo,Diputado,1234,Mario Olavarría Rodríguez,Diputado,1,2026-07-20,2026-07-20
1182,Sebastián Videla Castillo,Diputado,1236,Paula Olmos Contreras,Diputado,1,2026-08-12,2026-08-12
1182,Sebastián Videla Castillo,Diputado,1228,Paulina Muñoz Minte,Diputado,1,2026-06-05,2026-06-05
1182,Sebastián Videla Castillo,Diputado,815,Sergio Bobadilla Muñoz,Diputado,1,2026-07-20,2026-07-20
1182,Sebastián Videla Castillo,Diputado,1215,Álvaro Jofré Cáceres,Diputado,1,2026-06-05,2026-06-05
1263,Sebastián Zamora Soto,Diputado,815,Sergio Bobadilla Muñoz,Diputado,1,2026-07-20,2026-07-20
815,Sergio Bobadilla Muñoz,Diputado,915,Germán Verdugo Soto,Diputado,1,2026-06-23,2026-06-23
815,Sergio Bobadilla Muñoz,Diputado,986,Marcela Hernando Pérez,Diputado,1,2026-07-20,2026-07-20
1331,Sergio Gahona Salazar,Senador,1338,Claudia Pascual Grau,Senador,1,2026-07-15,2026-07-15
1331,Sergio Gahona Salazar,Senador,1502,Miguel Ángel Becker Alvear,Senador,1,2026-05-19,2026-05-19
1331,Sergio Gahona Salazar,Senador,1503,Miguel Ángel Calisto Águila,Senador,1,2026-05-19,2026-05-19
1331,Sergio Gahona Salazar,Senador,1506,Ricardo Celis Araya,Senador,1,2026-07-15,2026-07-15
1211,Sofía González Cortés,Diputado,1222,Andrea Macías Palma,Diputado,1,2026-07-29,2026-07-29
1211,Sofía González Cortés,Diputado,1227,Claudia Mora Vega,Diputado,1,2026-07-21,2026-07-21
1211,Sofía González Cortés,Diputado,1224,Cristian Mella Andaur,Diputado,1,2026-06-16,2026-06-16
1211,Sofía González Cortés,Diputado,1226,José Montalva Feuerhake,Diputado,1,2026-06-16,2026-06-16
1211,Sofía González Cortés,Diputado,1259,Juan Marcelo Valenzuela Henríquez,Diputado,1,2026-06-12,2026-06-12
1211,Sofía González Cortés,Diputado,986,Marcela Hernando Pérez,Diputado,1,2026-06-17,2026-06-17
1211,Sofía González Cortés,Diputado,1217,Pier Karlezi Hazleby,Diputado,1,2026-07-24,2026-07-24
1211,Sofía González Cortés,Diputado,1243,Tamara Ramírez Ramírez,Diputado,1,2026-07-30,2026-07-30
1211,Sofía González Cortés,Diputado,1256,Tatiana Urrutia Herrera,Diputado,1,2026-08-11,2026-08-11
1211,Sofía González Cortés,Diputado,1231,Ximena Naranjo Pinto,Diputado,1,2026-07-21,2026-07-21
1172,Stephan Schubert Rubio,Diputado,1230,Alex Nahuelquin Nahuelquin,Diputado,1,2026-06-16,2026-06-16
1172,Stephan Schubert Rubio,Diputado,1201,Flor Contreras Vivallo,Diputado,1,2026-06-16,2026-06-16
1172,Stephan Schubert Rubio,Diputado,1237,Francisco Orrego Gutiérrez,Diputado,1,2026-06-16,2026-06-16
1172,Stephan Schubert Rubio,Diputado,1193,Patricio Briones Moller,Diputado,1,2026-06-16,2026-06-16
1172,Stephan Schubert Rubio,Diputado,1217,Pier Karlezi Hazleby,Diputado,1,2026-06-16,2026-06-16
1216,Stephanie Jéldrez Ortiz,Diputado,1257,Alejandra Valdebenito Torres,Diputado,1,2026-07-14,2026-07-14
1216,Stephanie Jéldrez Ortiz,Diputado,1245,Alejandro Riquelme Ducci,Diputado,1,2026-07-14,2026-07-14
1216,Stephanie Jéldrez Ortiz,Diputado,1244,Claudia Reyes Larenas,Diputado,1,2026-06-22,2026-06-22
1216,Stephanie Jéldrez Ortiz,Diputado,1239,Fabián Ossandón Briceño,Diputado,1,2026-07-14,2026-07-14
1216,Stephanie Jéldrez Ortiz,Diputado,1253,Fernando Ugarte Tejeda,Diputado,1,2026-07-14,2026-07-14
1216,Stephanie Jéldrez Ortiz,Diputado,1237,Francisco Orrego Gutiérrez,Diputado,1,2026-07-14,2026-07-14
1216,Stephanie Jéldrez Ortiz,Diputado,1223,Hans Marowski Cuevas,Diputado,1,2026-06-18,2026-06-18
1216,Stephanie Jéldrez Ortiz,Diputado,1254,Ignacio Urcullú Clèment-Lund,Diputado,1,2026-07-14,2026-07-14
1216,Stephanie Jéldrez Ortiz,Diputado,1235,Javier Olivares Avendaño,Diputado,1,2026-06-18,2026-06-18
1216,Stephanie Jéldrez Ortiz,Diputado,1220,Leandro Kunstmann Collado,Diputado,1,2026-06-11,2026-06-11
1216,Stephanie Jéldrez Ortiz,Diputado,1249,Omar Sabat Guzmán,Diputado,1,2026-06-18,2026-06-18
1216,Stephanie Jéldrez Ortiz,Diputado,1236,Paula Olmos Contreras,Diputado,1,2026-07-14,2026-07-14
1216,Stephanie Jéldrez Ortiz,Diputado,1263,Sebastián Zamora Soto,Diputado,1,2026-07-14,2026-07-14
1216,Stephanie Jéldrez Ortiz,Diputado,1219,Tomás Kast Sommerhoff,Diputado,1,2026-06-18,2026-06-18
1216,Stephanie Jéldrez Ortiz,Diputado,1240,Zandra Parisi Fernández,Diputado,1,2026-06-22,2026-06-22
1243,Tamara Ramírez Ramírez,Diputado,1260,César Valenzuela Maass,Diputado,1,2026-06-08,2026-06-08
1243,Tamara Ramírez Ramírez,Diputado,1261,Daniel Valenzuela Salazar,Diputado,1,2026-06-10,2026-06-10
1243,Tamara Ramírez Ramírez,Diputado,1246,José Antonio Rivas Villalobos,Diputado,1,2026-07-30,2026-07-30
1219,Tomás Kast Sommerhoff,Diputado,1245,Alejandro Riquelme Ducci,Diputado,1,2026-08-07,2026-08-07
1219,Tomás Kast Sommerhoff,Diputado,1227,Claudia Mora Vega,Diputado,1,2026-06-17,2026-06-17
1219,Tomás Kast Sommerhoff,Diputado,1244,Claudia Reyes Larenas,Diputado,1,2026-06-16,2026-06-16
1219,Tomás Kast Sommerhoff,Diputado,1224,Cristian Mella Andaur,Diputado,1,2026-06-04,2026-06-04
1219,Tomás Kast Sommerhoff,Diputado,1232,Cristian Neira Martínez,Diputado,1,2026-06-03,2026-06-03
1219,Tomás Kast Sommerhoff,Diputado,915,Germán Verdugo Soto,Diputado,1,2026-08-04,2026-08-04
1219,Tomás Kast Sommerhoff,Diputado,1258,Guillermo Valdés Carmona,Diputado,1,2026-04-15,2026-04-15
1219,Tomás Kast Sommerhoff,Diputado,1247,Javiera Rodríguez Pascual,Diputado,1,2026-08-07,2026-08-07
1219,Tomás Kast Sommerhoff,Diputado,1226,José Montalva Feuerhake,Diputado,1,2026-06-23,2026-06-23
1219,Tomás Kast Sommerhoff,Diputado,1220,Leandro Kunstmann Collado,Diputado,1,2026-08-07,2026-08-07
1219,Tomás Kast Sommerhoff,Diputado,1236,Paula Olmos Contreras,Diputado,1,2026-05-06,2026-05-06
1219,Tomás Kast Sommerhoff,Diputado,1228,Paulina Muñoz Minte,Diputado,1,2026-08-05,2026-08-05
1219,Tomás Kast Sommerhoff,Diputado,815,Sergio Bobadilla Muñoz,Diputado,1,2026-07-20,2026-07-20
1219,Tomás Kast Sommerhoff,Diputado,1243,Tamara Ramírez Ramírez,Diputado,1,2026-06-23,2026-06-23
1191,Valentina Becerra Peña,Diputado,1245,Alejandro Riquelme Ducci,Diputado,1,2026-08-07,2026-08-07
1191,Valentina Becerra Peña,Diputado,1230,Alex Nahuelquin Nahuelquin,Diputado,1,2026-08-12,2026-08-12
1191,Valentina Becerra Peña,Diputado,1250,Bernardo Salinas Maya,Diputado,1,2026-07-01,2026-07-01
1191,Valentina Becerra Peña,Diputado,1227,Claudia Mora Vega,Diputado,1,2026-06-22,2026-06-22
1191,Valentina Becerra Peña,Diputado,1244,Claudia Reyes Larenas,Diputado,1,2026-06-22,2026-06-22
1191,Valentina Becerra Peña,Diputado,1224,Cristian Mella Andaur,Diputado,1,2026-07-01,2026-07-01
1191,Valentina Becerra Peña,Diputado,1262,Diego Vergara Rodríguez,Diputado,1,2026-06-23,2026-06-23
1191,Valentina Becerra Peña,Diputado,1202,Eduardo Cretton Rebolledo,Diputado,1,2026-07-27,2026-07-27
1191,Valentina Becerra Peña,Diputado,1237,Francisco Orrego Gutiérrez,Diputado,1,2026-07-01,2026-07-01
1191,Valentina Becerra Peña,Diputado,1220,Leandro Kunstmann Collado,Diputado,1,2026-08-07,2026-08-07
1191,Valentina Becerra Peña,Diputado,1192,Lilian Betancurt Delgado,Diputado,1,2026-08-12,2026-08-12
1191,Valentina Becerra Peña,Diputado,1251,Macarena Santelices Cañas,Diputado,1,2026-06-23,2026-06-23
1191,Valentina Becerra Peña,Diputado,1193,Patricio Briones Moller,Diputado,1,2026-07-27,2026-07-27
1191,Valentina Becerra Peña,Diputado,1228,Paulina Muñoz Minte,Diputado,1,2026-05-04,2026-05-04
1191,Valentina Becerra Peña,Diputado,1217,Pier Karlezi Hazleby,Diputado,1,2026-06-23,2026-06-23
1191,Valentina Becerra Peña,Diputado,1203,Sebastián Cristoffanini Jaraquemada,Diputado,1,2026-06-23,2026-06-23
1191,Valentina Becerra Peña,Diputado,1216,Stephanie Jéldrez Ortiz,Diputado,1,2026-06-22,2026-06-22
1191,Valentina Becerra Peña,Diputado,1219,Tomás Kast Sommerhoff,Diputado,1,2026-08-07,2026-08-07
1191,Valentina Becerra Peña,Diputado,1231,Ximena Naranjo Pinto,Diputado,1,2026-05-04,2026-05-04
1191,Valentina Becerra Peña,Diputado,1240,Zandra Parisi Fernández,Diputado,1,2026-06-22,2026-06-22
1207,Valentina Cáceres Monsálvez,Diputado,1224,Cristian Mella Andaur,Diputado,1,2026-06-08,2026-06-08
1207,Valentina Cáceres Monsálvez,Diputado,1261,Daniel Valenzuela Salazar,Diputado,1,2026-08-12,2026-08-12
1207,Valentina Cáceres Monsálvez,Diputado,1255,Eileen Urqueta Rojas,Diputado,1,2026-07-22,2026-07-22
1207,Valentina Cáceres Monsálvez,Diputado,1213,Irací Hassler Jacob,Diputado,1,2026-06-08,2026-06-08
1207,Valentina Cáceres Monsálvez,Diputado,1259,Juan Marcelo Valenzuela Henríquez,Diputado,1,2026-06-12,2026-06-12
1231,Ximena Naranjo Pinto,Diputado,1243,Tamara Ramírez Ramírez,Diputado,1,2026-06-09,2026-06-09
1231,Ximena Naranjo Pinto,Diputado,1240,Zandra Parisi Fernández,Diputado,1,2026-06-02,2026-06-02
1224,Ximena Ordenes Neira,Senador,1341,Alejandra Sepúlveda Orbenes,Senador,1,2026-05-06,2026-05-06
1224,Ximena Ordenes Neira,Senador,1512,Andrés Longton Herrera,Senador,1,2026-06-16,2026-06-16
1224,Ximena Ordenes Neira,Senador,1338,Claudia Pascual Grau,Senador,1,2026-06-03,2026-06-03
1224,Ximena Ordenes Neira,Senador,1507,Daniella Cicardini Milla,Senador,1,2026-05-06,2026-05-06
1224,Ximena Ordenes Neira,Senador,1500,Danisa Astudillo Peiretti,Senador,1,2026-06-17,2026-06-17
1224,Ximena Ordenes Neira,Senador,1509,Diego Ibáñez Cotroneo,Senador,1,2026-07-22,2026-07-22
1224,Ximena Ordenes Neira,Senador,1343,Esteban Velásquez Núñez,Senador,1,2026-06-17,2026-06-17
1224,Ximena Ordenes Neira,Senador,1340,Gustavo Sanhueza Dueñas,Senador,1,2026-06-03,2026-06-03
1224,Ximena Ordenes Neira,Senador,1330,Iván Flores García,Senador,1,2026-06-16,2026-06-16
1224,Ximena Ordenes Neira,Senador,1504,Karol Cariola Oliva,Senador,1,2026-04-07,2026-04-07
1224,Ximena Ordenes Neira,Senador,1320,Loreto Carvajal Ambiado,Senador,1,2026-05-06,2026-05-06
1224,Ximena Ordenes Neira,Senador,1332,María José Gatica Bertin,Senador,1,2026-07-22,2026-07-22
1224,Ximena Ordenes Neira,Senador,1513,Vlado Mirosevic Verdugo,Senador,1,2026-07-22,2026-07-22
1059,Ximena Ossandón Irarrázabal,Diputado,1222,Andrea Macías Palma,Diputado,1,2026-05-31,2026-05-31
1059,Ximena Ossandón Irarrázabal,Diputado,1221,Benjamín Lorca Inzunza,Diputado,1,2026-05-15,2026-05-15
1059,Ximena Ossandón Irarrázabal,Diputado,1206,Carolina Cucumides Calderón,Diputado,1,2026-04-22,2026-04-22
1059,Ximena Ossandón Irarrázabal,Diputado,1104,Chiara Barchiesi Chávez,Diputado,1,2026-05-06,2026-05-06
1059,Ximena Ossandón Irarrázabal,Diputado,1190,Enrique Bassaletti Riess,Diputado,1,2026-08-07,2026-08-07
1059,Ximena Ossandón Irarrázabal,Diputado,1212,Erich Grohs Marín,Diputado,1,2026-08-05,2026-08-05
1059,Ximena Ossandón Irarrázabal,Diputado,1239,Fabián Ossandón Briceño,Diputado,1,2026-05-31,2026-05-31
1059,Ximena Ossandón Irarrázabal,Diputado,1253,Fernando Ugarte Tejeda,Diputado,1,2026-04-14,2026-04-14
1059,Ximena Ossandón Irarrázabal,Diputado,1264,Fernando Zamorano Peralta,Diputado,1,2026-05-15,2026-05-15
1059,Ximena Ossandón Irarrázabal,Diputado,915,Germán Verdugo Soto,Diputado,1,2026-06-23,2026-06-23
1059,Ximena Ossandón Irarrázabal,Diputado,1152,Gloria Naveillan Arriagada,Diputado,1,2026-08-07,2026-08-07
1059,Ximena Ossandón Irarrázabal,Diputado,1105,Héctor Barría Angulo,Diputado,1,2026-05-06,2026-05-06
1059,Ximena Ossandón Irarrázabal,Diputado,1213,Irací Hassler Jacob,Diputado,1,2026-06-08,2026-06-08
1059,Ximena Ossandón Irarrázabal,Diputado,1099,Jaime Araya Guerrero,Diputado,1,2026-08-07,2026-08-07
1059,Ximena Ossandón Irarrázabal,Diputado,872,Jaime Mulet Martínez,Diputado,1,2026-08-05,2026-08-05
1059,Ximena Ossandón Irarrázabal,Diputado,1229,Javier Muñoz Riquelme,Diputado,1,2026-08-05,2026-08-05
1059,Ximena Ossandón Irarrázabal,Diputado,1235,Javier Olivares Avendaño,Diputado,1,2026-06-05,2026-06-05
1059,Ximena Ossandón Irarrázabal,Diputado,1246,José Antonio Rivas Villalobos,Diputado,1,2026-07-30,2026-07-30
1059,Ximena Ossandón Irarrázabal,Diputado,1226,José Montalva Feuerhake,Diputado,1,2026-05-15,2026-05-15
1059,Ximena Ossandón Irarrázabal,Diputado,1073,Juan Santana Castillo,Diputado,1,2026-05-06,2026-05-06
1059,Ximena Ossandón Irarrázabal,Diputado,1141,Luis Malla Valenzuela,Diputado,1,2026-05-15,2026-05-15
1059,Ximena Ossandón Irarrázabal,Diputado,1188,Marcos Barraza Gómez,Diputado,1,2026-05-14,2026-05-14
1059,Ximena Ossandón Irarrázabal,Diputado,1181,Nelson Venegas Salazar,Diputado,1,2026-06-15,2026-06-15
1059,Ximena Ossandón Irarrázabal,Diputado,1249,Omar Sabat Guzmán,Diputado,1,2026-08-05,2026-08-05
1059,Ximena Ossandón Irarrázabal,Diputado,1193,Patricio Briones Moller,Diputado,1,2026-05-06,2026-05-06
1059,Ximena Ossandón Irarrázabal,Diputado,1241,Patricio Pinilla Valencia,Diputado,1,2026-07-30,2026-07-30
1059,Ximena Ossandón Irarrázabal,Diputado,1236,Paula Olmos Contreras,Diputado,1,2026-05-06,2026-05-06
1059,Ximena Ossandón Irarrázabal,Diputado,1228,Paulina Muñoz Minte,Diputado,1,2026-08-05,2026-08-05
1059,Ximena Ossandón Irarrázabal,Diputado,1196,Priscilla Castillo Gerli,Diputado,1,2026-08-05,2026-08-05
1059,Ximena Ossandón Irarrázabal,Diputado,1233,Ricardo Neumann Bertín,Diputado,1,2026-06-23,2026-06-23
1059,Ximena Ossandón Irarrázabal,Diputado,1119,Sara Concha Smith,Diputado,1,2026-06-23,2026-06-23
1059,Ximena Ossandón Irarrázabal,Diputado,1203,Sebastián Cristoffanini Jaraquemada,Diputado,1,2026-08-05,2026-08-05
1059,Ximena Ossandón Irarrázabal,Diputado,815,Sergio Bobadilla Muñoz,Diputado,1,2026-06-23,2026-06-23
1059,Ximena Ossandón Irarrázabal,Diputado,1256,Tatiana Urrutia Herrera,Diputado,1,2026-05-15,2026-05-15
1059,Ximena Ossandón Irarrázabal,Diputado,1215,Álvaro Jofré Cáceres,Diputado,1,2026-06-05,2026-06-05
1215,Yasna Provoste Campillay,Senador,1334,Alejandro Kusanovic Glusevic,Senador,1,2026-08-27,2026-08-27
1215,Yasna Provoste Campillay,Senador,1514,Beatriz Sánchez Muñoz,Senador,1,2026-08-19,2026-08-19
1215,Yasna Provoste Campillay,Senador,1340,Gustavo Sanhueza Dueñas,Senador,1,2026-06-03,2026-06-03
1215,Yasna Provoste Campillay,Senador,1330,Iván Flores García,Senador,1,2026-07-08,2026-07-08
1215,Yasna Provoste Campillay,Senador,1327,Luciano Cruz-Coke Carvallo,Senador,1,2026-03-24,2026-03-24
1215,Yasna Provoste Campillay,Senador,1503,Miguel Ángel Calisto Águila,Senador,1,2026-08-27,2026-08-27
1215,Yasna Provoste Campillay,Senador,1450,Paulina Vodanovic Rojas,Senador,1,2026-07-22,2026-07-22
1215,Yasna Provoste Campillay,Senador,1516,Renzo Trisotti Martínez,Senador,1,2026-08-27,2026-08-27
1215,Yasna Provoste Campillay,Senador,1333,Sebastián Keitel Bianchi,Senador,1,2026-08-27,2026-08-27
1215,Yasna Provoste Campillay,Senador,1224,Ximena Ordenes Neira,Senador,1,2026-06-03,2026-06-03
1240,Zandra Parisi Fernández,Diputado,1244,Claudia Reyes Larenas,Diputado,1,2026-06-22,2026-06-22
1240,Zandra Parisi Fernández,Diputado,1255,Eileen Urqueta Rojas,Diputado,1,2026-05-09,2026-05-09
1240,Zandra Parisi Fernández,Diputado,915,Germán Verdugo Soto,Diputado,1,2026-08-04,2026-08-04
1240,Zandra Parisi Fernández,Diputado,872,Jaime Mulet Martínez,Diputado,1,2026-08-04,2026-08-04
1240,Zandra Parisi Fernández,Diputado,986,Marcela Hernando Pérez,Diputado,1,2026-04-22,2026-04-22
1240,Zandra Parisi Fernández,Diputado,1241,Patricio Pinilla Valencia,Diputado,1,2026-05-28,2026-05-28
1240,Zandra Parisi Fernández,Diputado,843,René Manuel García García,Diputado,1,2026-08-04,2026-08-04
1017,Álvaro Carter Fernández,Diputado,1075,Diego Schalper Sepúlveda,Diputado,1,2026-07-29,2026-07-29
1017,Álvaro Carter Fernández,Diputado,1132,Jorge Guzmán Zepeda,Diputado,1,2026-06-18,2026-06-18
1017,Álvaro Carter Fernández,Diputado,1220,Leandro Kunstmann Collado,Diputado,1,2026-06-11,2026-06-11
1017,Álvaro Carter Fernández,Diputado,1157,Marlene Pérez Cartes,Diputado,1,2026-07-14,2026-07-14
1017,Álvaro Carter Fernández,Diputado,1166,Natalia Romero Talguia,Diputado,1,2026-07-14,2026-07-14
1017,Álvaro Carter Fernández,Diputado,1249,Omar Sabat Guzmán,Diputado,1,2026-06-18,2026-06-18
1017,Álvaro Carter Fernández,Diputado,1044,Raúl Leiva Carvajal,Diputado,1,2026-06-18,2026-06-18
1017,Álvaro Carter Fernández,Diputado,815,Sergio Bobadilla Muñoz,Diputado,1,2026-07-20,2026-07-20
1215,Álvaro Jofré Cáceres,Diputado,1257,Alejandra Valdebenito Torres,Diputado,1,2026-07-14,2026-07-14
1215,Álvaro Jofré Cáceres,Diputado,1245,Alejandro Riquelme Ducci,Diputado,1,2026-07-14,2026-07-14
1215,Álvaro Jofré Cáceres,Diputado,1230,Alex Nahuelquin Nahuelquin,Diputado,1,2026-08-06,2026-08-06
1215,Álvaro Jofré Cáceres,Diputado,1244,Claudia Reyes Larenas,Diputado,1,2026-06-25,2026-06-25
1215,Álvaro Jofré Cáceres,Diputado,1232,Cristian Neira Martínez,Diputado,1,2026-06-03,2026-06-03
1215,Álvaro Jofré Cáceres,Diputado,1262,Diego Vergara Rodríguez,Diputado,1,2026-08-05,2026-08-05
1215,Álvaro Jofré Cáceres,Diputado,1239,Fabián Ossandón Briceño,Diputado,1,2026-07-14,2026-07-14
1215,Álvaro Jofré Cáceres,Diputado,1237,Francisco Orrego Gutiérrez,Diputado,1,2026-06-05,2026-06-05
1215,Álvaro Jofré Cáceres,Diputado,915,Germán Verdugo Soto,Diputado,1,2026-04-15,2026-04-15
1215,Álvaro Jofré Cáceres,Diputado,872,Jaime Mulet Martínez,Diputado,1,2026-08-06,2026-08-06
1215,Álvaro Jofré Cáceres,Diputado,1218,José Antonio Kast Adriasola,Diputado,1,2026-06-05,2026-06-05
1215,Álvaro Jofré Cáceres,Diputado,1259,Juan Marcelo Valenzuela Henríquez,Diputado,1,2026-05-13,2026-05-13
1215,Álvaro Jofré Cáceres,Diputado,1251,Macarena Santelices Cañas,Diputado,1,2026-06-03,2026-06-03
1215,Álvaro Jofré Cáceres,Diputado,1236,Paula Olmos Contreras,Diputado,1,2026-07-14,2026-07-14
1215,Álvaro Jofré Cáceres,Diputado,843,René Manuel García García,Diputado,1,2026-06-03,2026-06-03
1215,Álvaro Jofré Cáceres,Diputado,1216,Stephanie Jéldrez Ortiz,Diputado,1,2026-07-14,2026-07-14
1215,Álvaro Jofré Cáceres,Diputado,1219,Tomás Kast Sommerhoff,Diputado,1,2026-06-03,2026-06-03
1215,Álvaro Jofré Cáceres,Diputado,1231,Ximena Naranjo Pinto,Diputado,1,2026-06-16,2026-06-16
1215,Álvaro Jofré Cáceres,Diputado,1238,Álvaro Ortiz Vera,Diputado,1,2026-04-21,2026-04-21
1238,Álvaro Ortiz Vera,Diputado,1260,César Valenzuela Maass,Diputado,1,2026-07-29,2026-07-29
1238,Álvaro Ortiz Vera,Diputado,1255,Eileen Urqueta Rojas,Diputado,1,2026-07-21,2026-07-21
1238,Álvaro Ortiz Vera,Diputado,1258,Guillermo Valdés Carmona,Diputado,1,2026-06-05,2026-06-05
1238,Álvaro Ortiz Vera,Diputado,872,Jaime Mulet Martínez,Diputado,1,2026-04-15,2026-04-15
1238,Álvaro Ortiz Vera,Diputado,1259,Juan Marcelo Valenzuela Henríquez,Diputado,1,2026-06-24,2026-06-24
1238,Álvaro Ortiz Vera,Diputado,1249,Omar Sabat Guzmán,Diputado,1,2026-04-21,2026-04-21
1238,Álvaro Ortiz Vera,Diputado,1240,Zandra Parisi Fernández,Diputado,1,2026-06-02,2026-06-02
