diputado_id,diputado_nombre,group_type,scope,min_chamber_binary_minority_share,comparisons,matches,divergences,agreement_pct,group_names_observed
803,René Alinco Bustos,caucus,all,0.00,305,228,77,74.7541,"Comité Democracia Cristiana, Federación Regionalista Verde Social e Independientes"
803,René Alinco Bustos,caucus,minority_ge_05,0.05,236,170,66,72.0339,"Comité Democracia Cristiana, Federación Regionalista Verde Social e Independientes"
803,René Alinco Bustos,caucus,minority_ge_10,0.10,228,162,66,71.0526,"Comité Democracia Cristiana, Federación Regionalista Verde Social e Independientes"
803,René Alinco Bustos,caucus,minority_ge_20,0.20,215,150,65,69.7674,"Comité Democracia Cristiana, Federación Regionalista Verde Social e Independientes"
803,René Alinco Bustos,party,all,0.00,0,0,0,,Independientes
803,René Alinco Bustos,party,minority_ge_05,0.05,0,0,0,,Independientes
803,René Alinco Bustos,party,minority_ge_10,0.10,0,0,0,,Independientes
803,René Alinco Bustos,party,minority_ge_20,0.20,0,0,0,,Independientes
815,Sergio Bobadilla Muñoz,caucus,all,0.00,347,340,7,97.9827,Unión Demócrata Independiente
815,Sergio Bobadilla Muñoz,caucus,minority_ge_05,0.05,259,252,7,97.2973,Unión Demócrata Independiente
815,Sergio Bobadilla Muñoz,caucus,minority_ge_10,0.10,248,241,7,97.1774,Unión Demócrata Independiente
815,Sergio Bobadilla Muñoz,caucus,minority_ge_20,0.20,229,222,7,96.9432,Unión Demócrata Independiente
815,Sergio Bobadilla Muñoz,party,all,0.00,347,339,8,97.6945,Unión Demócrata Independiente
815,Sergio Bobadilla Muñoz,party,minority_ge_05,0.05,259,251,8,96.9112,Unión Demócrata Independiente
815,Sergio Bobadilla Muñoz,party,minority_ge_10,0.10,248,241,7,97.1774,Unión Demócrata Independiente
815,Sergio Bobadilla Muñoz,party,minority_ge_20,0.20,230,223,7,96.9565,Unión Demócrata Independiente
843,René Manuel García García,caucus,all,0.00,312,289,23,92.6282,"Renovación Nacional, Evopoli e Independientes"
843,René Manuel García García,caucus,minority_ge_05,0.05,225,204,21,90.6667,"Renovación Nacional, Evopoli e Independientes"
843,René Manuel García García,caucus,minority_ge_10,0.10,216,197,19,91.2037,"Renovación Nacional, Evopoli e Independientes"
843,René Manuel García García,caucus,minority_ge_20,0.20,199,182,17,91.4573,"Renovación Nacional, Evopoli e Independientes"
843,René Manuel García García,party,all,0.00,312,288,24,92.3077,Renovación Nacional
843,René Manuel García García,party,minority_ge_05,0.05,225,203,22,90.2222,Renovación Nacional
843,René Manuel García García,party,minority_ge_10,0.10,216,196,20,90.7407,Renovación Nacional
843,René Manuel García García,party,minority_ge_20,0.20,200,182,18,91.0000,Renovación Nacional
872,Jaime Mulet Martínez,caucus,all,0.00,331,289,42,87.3112,"Comité Democracia Cristiana, Federación Regionalista Verde Social e Independientes"
872,Jaime Mulet Martínez,caucus,minority_ge_05,0.05,250,210,40,84.0000,"Comité Democracia Cristiana, Federación Regionalista Verde Social e Independientes"
872,Jaime Mulet Martínez,caucus,minority_ge_10,0.10,239,199,40,83.2636,"Comité Democracia Cristiana, Federación Regionalista Verde Social e Independientes"
872,Jaime Mulet Martínez,caucus,minority_ge_20,0.20,220,181,39,82.2727,"Comité Democracia Cristiana, Federación Regionalista Verde Social e Independientes"
872,Jaime Mulet Martínez,party,all,0.00,0,0,0,,Federación Regionalista Verde Social
872,Jaime Mulet Martínez,party,minority_ge_05,0.05,0,0,0,,Federación Regionalista Verde Social
872,Jaime Mulet Martínez,party,minority_ge_10,0.10,0,0,0,,Federación Regionalista Verde Social
872,Jaime Mulet Martínez,party,minority_ge_20,0.20,0,0,0,,Federación Regionalista Verde Social
915,Germán Verdugo Soto,caucus,all,0.00,344,329,15,95.6395,Comité Partido Nacional Libertarios
915,Germán Verdugo Soto,caucus,minority_ge_05,0.05,255,244,11,95.6863,Comité Partido Nacional Libertarios
915,Germán Verdugo Soto,caucus,minority_ge_10,0.10,244,235,9,96.3115,Comité Partido Nacional Libertarios
915,Germán Verdugo Soto,caucus,minority_ge_20,0.20,225,219,6,97.3333,Comité Partido Nacional Libertarios
915,Germán Verdugo Soto,party,all,0.00,344,329,15,95.6395,Partido Nacional Libertario
915,Germán Verdugo Soto,party,minority_ge_05,0.05,255,244,11,95.6863,Partido Nacional Libertario
915,Germán Verdugo Soto,party,minority_ge_10,0.10,244,235,9,96.3115,Partido Nacional Libertario
915,Germán Verdugo Soto,party,minority_ge_20,0.20,225,219,6,97.3333,Partido Nacional Libertario
986,Marcela Hernando Pérez,caucus,all,0.00,318,254,64,79.8742,"Socialista, Liberal, Radical e Independientes"
986,Marcela Hernando Pérez,caucus,minority_ge_05,0.05,235,175,60,74.4681,"Socialista, Liberal, Radical e Independientes"
986,Marcela Hernando Pérez,caucus,minority_ge_10,0.10,226,169,57,74.7788,"Socialista, Liberal, Radical e Independientes"
986,Marcela Hernando Pérez,caucus,minority_ge_20,0.20,207,152,55,73.4300,"Socialista, Liberal, Radical e Independientes"
986,Marcela Hernando Pérez,party,all,0.00,0,0,0,,Partido Radical de Chile
986,Marcela Hernando Pérez,party,minority_ge_05,0.05,0,0,0,,Partido Radical de Chile
986,Marcela Hernando Pérez,party,minority_ge_10,0.10,0,0,0,,Partido Radical de Chile
986,Marcela Hernando Pérez,party,minority_ge_20,0.20,0,0,0,,Partido Radical de Chile
1009,Jorge Alessandri Vergara,caucus,all,0.00,326,320,6,98.1595,Unión Demócrata Independiente
1009,Jorge Alessandri Vergara,caucus,minority_ge_05,0.05,248,242,6,97.5806,Unión Demócrata Independiente
1009,Jorge Alessandri Vergara,caucus,minority_ge_10,0.10,238,232,6,97.4790,Unión Demócrata Independiente
1009,Jorge Alessandri Vergara,caucus,minority_ge_20,0.20,226,220,6,97.3451,Unión Demócrata Independiente
1009,Jorge Alessandri Vergara,party,all,0.00,326,318,8,97.5460,Unión Demócrata Independiente
1009,Jorge Alessandri Vergara,party,minority_ge_05,0.05,248,240,8,96.7742,Unión Demócrata Independiente
1009,Jorge Alessandri Vergara,party,minority_ge_10,0.10,238,231,7,97.0588,Unión Demócrata Independiente
1009,Jorge Alessandri Vergara,party,minority_ge_20,0.20,227,220,7,96.9163,Unión Demócrata Independiente
1012,Boris Barrera Moreno,caucus,all,0.00,364,363,1,99.7253,Comité Comunista e Independientes
1012,Boris Barrera Moreno,caucus,minority_ge_05,0.05,269,269,0,100.0000,Comité Comunista e Independientes
1012,Boris Barrera Moreno,caucus,minority_ge_10,0.10,258,258,0,100.0000,Comité Comunista e Independientes
1012,Boris Barrera Moreno,caucus,minority_ge_20,0.20,239,239,0,100.0000,Comité Comunista e Independientes
1012,Boris Barrera Moreno,party,all,0.00,364,363,1,99.7253,Partido Comunista
1012,Boris Barrera Moreno,party,minority_ge_05,0.05,269,269,0,100.0000,Partido Comunista
1012,Boris Barrera Moreno,party,minority_ge_10,0.10,258,258,0,100.0000,Partido Comunista
1012,Boris Barrera Moreno,party,minority_ge_20,0.20,239,239,0,100.0000,Partido Comunista
1013,Alejandro Bernales Maldonado,caucus,all,0.00,340,256,84,75.2941,"Socialista, Liberal, Radical e Independientes"
1013,Alejandro Bernales Maldonado,caucus,minority_ge_05,0.05,260,181,79,69.6154,"Socialista, Liberal, Radical e Independientes"
1013,Alejandro Bernales Maldonado,caucus,minority_ge_10,0.10,250,173,77,69.2000,"Socialista, Liberal, Radical e Independientes"
1013,Alejandro Bernales Maldonado,caucus,minority_ge_20,0.20,231,155,76,67.0996,"Socialista, Liberal, Radical e Independientes"
1013,Alejandro Bernales Maldonado,party,all,0.00,0,0,0,,Partido Liberal de Chile
1013,Alejandro Bernales Maldonado,party,minority_ge_05,0.05,0,0,0,,Partido Liberal de Chile
1013,Alejandro Bernales Maldonado,party,minority_ge_10,0.10,0,0,0,,Partido Liberal de Chile
1013,Alejandro Bernales Maldonado,party,minority_ge_20,0.20,0,0,0,,Partido Liberal de Chile
1015,Jorge Brito Hasbún,caucus,all,0.00,315,309,6,98.0952,Frente Amplio
1015,Jorge Brito Hasbún,caucus,minority_ge_05,0.05,235,230,5,97.8723,Frente Amplio
1015,Jorge Brito Hasbún,caucus,minority_ge_10,0.10,225,220,5,97.7778,Frente Amplio
1015,Jorge Brito Hasbún,caucus,minority_ge_20,0.20,211,209,2,99.0521,Frente Amplio
1015,Jorge Brito Hasbún,party,all,0.00,315,309,6,98.0952,Frente Amplio
1015,Jorge Brito Hasbún,party,minority_ge_05,0.05,235,230,5,97.8723,Frente Amplio
1015,Jorge Brito Hasbún,party,minority_ge_10,0.10,225,220,5,97.7778,Frente Amplio
1015,Jorge Brito Hasbún,party,minority_ge_20,0.20,210,208,2,99.0476,Frente Amplio
1017,Álvaro Carter Fernández,caucus,all,0.00,344,344,0,100.0000,Comité Partido Republicano
1017,Álvaro Carter Fernández,caucus,minority_ge_05,0.05,253,253,0,100.0000,Comité Partido Republicano
1017,Álvaro Carter Fernández,caucus,minority_ge_10,0.10,242,242,0,100.0000,Comité Partido Republicano
1017,Álvaro Carter Fernández,caucus,minority_ge_20,0.20,223,223,0,100.0000,Comité Partido Republicano
1017,Álvaro Carter Fernández,party,all,0.00,344,344,0,100.0000,Partido Republicano
1017,Álvaro Carter Fernández,party,minority_ge_05,0.05,253,253,0,100.0000,Partido Republicano
1017,Álvaro Carter Fernández,party,minority_ge_10,0.10,242,242,0,100.0000,Partido Republicano
1017,Álvaro Carter Fernández,party,minority_ge_20,0.20,223,223,0,100.0000,Partido Republicano
1021,Andrés Celis Montt,caucus,all,0.00,320,310,10,96.8750,"Renovación Nacional, Evopoli e Independientes"
1021,Andrés Celis Montt,caucus,minority_ge_05,0.05,241,231,10,95.8506,"Renovación Nacional, Evopoli e Independientes"
1021,Andrés Celis Montt,caucus,minority_ge_10,0.10,232,223,9,96.1207,"Renovación Nacional, Evopoli e Independientes"
1021,Andrés Celis Montt,caucus,minority_ge_20,0.20,217,211,6,97.2350,"Renovación Nacional, Evopoli e Independientes"
1021,Andrés Celis Montt,party,all,0.00,320,309,11,96.5625,Renovación Nacional
1021,Andrés Celis Montt,party,minority_ge_05,0.05,241,230,11,95.4357,Renovación Nacional
1021,Andrés Celis Montt,party,minority_ge_10,0.10,231,221,10,95.6710,Renovación Nacional
1021,Andrés Celis Montt,party,minority_ge_20,0.20,216,209,7,96.7593,Renovación Nacional
1025,Catalina Del Real Mihovilovic,caucus,all,0.00,305,305,0,100.0000,Comité Partido Republicano
1025,Catalina Del Real Mihovilovic,caucus,minority_ge_05,0.05,224,224,0,100.0000,Comité Partido Republicano
1025,Catalina Del Real Mihovilovic,caucus,minority_ge_10,0.10,213,213,0,100.0000,Comité Partido Republicano
1025,Catalina Del Real Mihovilovic,caucus,minority_ge_20,0.20,194,194,0,100.0000,Comité Partido Republicano
1025,Catalina Del Real Mihovilovic,party,all,0.00,305,305,0,100.0000,Partido Republicano
1025,Catalina Del Real Mihovilovic,party,minority_ge_05,0.05,224,224,0,100.0000,Partido Republicano
1025,Catalina Del Real Mihovilovic,party,minority_ge_10,0.10,213,213,0,100.0000,Partido Republicano
1025,Catalina Del Real Mihovilovic,party,minority_ge_20,0.20,194,194,0,100.0000,Partido Republicano
1028,Eduardo Durán Salinas,caucus,all,0.00,345,339,6,98.2609,"Renovación Nacional, Evopoli e Independientes"
1028,Eduardo Durán Salinas,caucus,minority_ge_05,0.05,258,252,6,97.6744,"Renovación Nacional, Evopoli e Independientes"
1028,Eduardo Durán Salinas,caucus,minority_ge_10,0.10,250,244,6,97.6000,"Renovación Nacional, Evopoli e Independientes"
1028,Eduardo Durán Salinas,caucus,minority_ge_20,0.20,232,229,3,98.7069,"Renovación Nacional, Evopoli e Independientes"
1028,Eduardo Durán Salinas,party,all,0.00,346,339,7,97.9769,Renovación Nacional
1028,Eduardo Durán Salinas,party,minority_ge_05,0.05,259,252,7,97.2973,Renovación Nacional
1028,Eduardo Durán Salinas,party,minority_ge_10,0.10,250,243,7,97.2000,Renovación Nacional
1028,Eduardo Durán Salinas,party,minority_ge_20,0.20,231,228,3,98.7013,Renovación Nacional
1038,Marcos Ilabaca Cerda,caucus,all,0.00,305,297,8,97.3770,"Socialista, Liberal, Radical e Independientes"
1038,Marcos Ilabaca Cerda,caucus,minority_ge_05,0.05,222,214,8,96.3964,"Socialista, Liberal, Radical e Independientes"
1038,Marcos Ilabaca Cerda,caucus,minority_ge_10,0.10,214,206,8,96.2617,"Socialista, Liberal, Radical e Independientes"
1038,Marcos Ilabaca Cerda,caucus,minority_ge_20,0.20,196,190,6,96.9388,"Socialista, Liberal, Radical e Independientes"
1038,Marcos Ilabaca Cerda,party,all,0.00,310,297,13,95.8065,Partido Socialista
1038,Marcos Ilabaca Cerda,party,minority_ge_05,0.05,227,214,13,94.2731,Partido Socialista
1038,Marcos Ilabaca Cerda,party,minority_ge_10,0.10,218,205,13,94.0367,Partido Socialista
1038,Marcos Ilabaca Cerda,party,minority_ge_20,0.20,200,191,9,95.5000,Partido Socialista
1039,Pamela Jiles Moreno,caucus,all,0.00,340,290,50,85.2941,Comité Partido de la Gente
1039,Pamela Jiles Moreno,caucus,minority_ge_05,0.05,259,209,50,80.6950,Comité Partido de la Gente
1039,Pamela Jiles Moreno,caucus,minority_ge_10,0.10,248,199,49,80.2419,Comité Partido de la Gente
1039,Pamela Jiles Moreno,caucus,minority_ge_20,0.20,229,181,48,79.0393,Comité Partido de la Gente
1039,Pamela Jiles Moreno,party,all,0.00,345,289,56,83.7681,Partido de la Gente
1039,Pamela Jiles Moreno,party,minority_ge_05,0.05,264,208,56,78.7879,Partido de la Gente
1039,Pamela Jiles Moreno,party,minority_ge_10,0.10,253,198,55,78.2609,Partido de la Gente
1039,Pamela Jiles Moreno,party,minority_ge_20,0.20,234,180,54,76.9231,Partido de la Gente
1044,Raúl Leiva Carvajal,caucus,all,0.00,307,296,11,96.4169,"Socialista, Liberal, Radical e Independientes"
1044,Raúl Leiva Carvajal,caucus,minority_ge_05,0.05,232,222,10,95.6897,"Socialista, Liberal, Radical e Independientes"
1044,Raúl Leiva Carvajal,caucus,minority_ge_10,0.10,222,214,8,96.3964,"Socialista, Liberal, Radical e Independientes"
1044,Raúl Leiva Carvajal,caucus,minority_ge_20,0.20,204,197,7,96.5686,"Socialista, Liberal, Radical e Independientes"
1044,Raúl Leiva Carvajal,party,all,0.00,311,295,16,94.8553,Partido Socialista
1044,Raúl Leiva Carvajal,party,minority_ge_05,0.05,236,221,15,93.6441,Partido Socialista
1044,Raúl Leiva Carvajal,party,minority_ge_10,0.10,226,212,14,93.8053,Partido Socialista
1044,Raúl Leiva Carvajal,party,minority_ge_20,0.20,208,197,11,94.7115,Partido Socialista
1054,Francesca Muñoz González,caucus,all,0.00,0,0,0,,Por definir
1054,Francesca Muñoz González,caucus,minority_ge_05,0.05,0,0,0,,Por definir
1054,Francesca Muñoz González,caucus,minority_ge_10,0.10,0,0,0,,Por definir
1054,Francesca Muñoz González,caucus,minority_ge_20,0.20,0,0,0,,Por definir
1054,Francesca Muñoz González,party,all,0.00,167,165,2,98.8024,Partido Cristiano de Chile;Partido Social Cristiano
1054,Francesca Muñoz González,party,minority_ge_05,0.05,135,133,2,98.5185,Partido Cristiano de Chile;Partido Social Cristiano
1054,Francesca Muñoz González,party,minority_ge_10,0.10,126,124,2,98.4127,Partido Cristiano de Chile;Partido Social Cristiano
1054,Francesca Muñoz González,party,minority_ge_20,0.20,116,115,1,99.1379,Partido Cristiano de Chile;Partido Social Cristiano
1056,Emilia Nuyado Ancapichun,caucus,all,0.00,360,342,18,95.0000,"Socialista, Liberal, Radical e Independientes"
1056,Emilia Nuyado Ancapichun,caucus,minority_ge_05,0.05,265,250,15,94.3396,"Socialista, Liberal, Radical e Independientes"
1056,Emilia Nuyado Ancapichun,caucus,minority_ge_10,0.10,255,242,13,94.9020,"Socialista, Liberal, Radical e Independientes"
1056,Emilia Nuyado Ancapichun,caucus,minority_ge_20,0.20,236,227,9,96.1864,"Socialista, Liberal, Radical e Independientes"
1056,Emilia Nuyado Ancapichun,party,all,0.00,362,344,18,95.0276,Partido Socialista
1056,Emilia Nuyado Ancapichun,party,minority_ge_05,0.05,267,252,15,94.3820,Partido Socialista
1056,Emilia Nuyado Ancapichun,party,minority_ge_10,0.10,257,244,13,94.9416,Partido Socialista
1056,Emilia Nuyado Ancapichun,party,minority_ge_20,0.20,238,231,7,97.0588,Partido Socialista
1059,Ximena Ossandón Irarrázabal,caucus,all,0.00,351,332,19,94.5869,"Renovación Nacional, Evopoli e Independientes"
1059,Ximena Ossandón Irarrázabal,caucus,minority_ge_05,0.05,258,240,18,93.0233,"Renovación Nacional, Evopoli e Independientes"
1059,Ximena Ossandón Irarrázabal,caucus,minority_ge_10,0.10,248,231,17,93.1452,"Renovación Nacional, Evopoli e Independientes"
1059,Ximena Ossandón Irarrázabal,caucus,minority_ge_20,0.20,232,217,15,93.5345,"Renovación Nacional, Evopoli e Independientes"
1059,Ximena Ossandón Irarrázabal,party,all,0.00,352,333,19,94.6023,Renovación Nacional
1059,Ximena Ossandón Irarrázabal,party,minority_ge_05,0.05,259,241,18,93.0502,Renovación Nacional
1059,Ximena Ossandón Irarrázabal,party,minority_ge_10,0.10,248,231,17,93.1452,Renovación Nacional
1059,Ximena Ossandón Irarrázabal,party,minority_ge_20,0.20,232,217,15,93.5345,Renovación Nacional
1060,Luis Pardo Sáinz,caucus,all,0.00,351,342,9,97.4359,"Renovación Nacional, Evopoli e Independientes"
1060,Luis Pardo Sáinz,caucus,minority_ge_05,0.05,260,251,9,96.5385,"Renovación Nacional, Evopoli e Independientes"
1060,Luis Pardo Sáinz,caucus,minority_ge_10,0.10,250,242,8,96.8000,"Renovación Nacional, Evopoli e Independientes"
1060,Luis Pardo Sáinz,caucus,minority_ge_20,0.20,233,226,7,96.9957,"Renovación Nacional, Evopoli e Independientes"
1060,Luis Pardo Sáinz,party,all,0.00,350,341,9,97.4286,Renovación Nacional
1060,Luis Pardo Sáinz,party,minority_ge_05,0.05,259,250,9,96.5251,Renovación Nacional
1060,Luis Pardo Sáinz,party,minority_ge_10,0.10,248,240,8,96.7742,Renovación Nacional
1060,Luis Pardo Sáinz,party,minority_ge_20,0.20,232,225,7,96.9828,Renovación Nacional
1061,Andrea Parra Sauterel,caucus,all,0.00,350,329,21,94.0000,Partido Por la Democracia e Independientes
1061,Andrea Parra Sauterel,caucus,minority_ge_05,0.05,264,244,20,92.4242,Partido Por la Democracia e Independientes
1061,Andrea Parra Sauterel,caucus,minority_ge_10,0.10,253,233,20,92.0949,Partido Por la Democracia e Independientes
1061,Andrea Parra Sauterel,caucus,minority_ge_20,0.20,234,219,15,93.5897,Partido Por la Democracia e Independientes
1061,Andrea Parra Sauterel,party,all,0.00,330,318,12,96.3636,Partido Por la Democracia
1061,Andrea Parra Sauterel,party,minority_ge_05,0.05,248,237,11,95.5645,Partido Por la Democracia
1061,Andrea Parra Sauterel,party,minority_ge_10,0.10,237,226,11,95.3586,Partido Por la Democracia
1061,Andrea Parra Sauterel,party,minority_ge_20,0.20,218,211,7,96.7890,Partido Por la Democracia
1062,Joanna Pérez Olea,caucus,all,0.00,311,283,28,90.9968,"Renovación Nacional, Evopoli e Independientes"
1062,Joanna Pérez Olea,caucus,minority_ge_05,0.05,243,215,28,88.4774,"Renovación Nacional, Evopoli e Independientes"
1062,Joanna Pérez Olea,caucus,minority_ge_10,0.10,234,208,26,88.8889,"Renovación Nacional, Evopoli e Independientes"
1062,Joanna Pérez Olea,caucus,minority_ge_20,0.20,216,193,23,89.3519,"Renovación Nacional, Evopoli e Independientes"
1062,Joanna Pérez Olea,party,all,0.00,0,0,0,,Partido Demócratas Chile
1062,Joanna Pérez Olea,party,minority_ge_05,0.05,0,0,0,,Partido Demócratas Chile
1062,Joanna Pérez Olea,party,minority_ge_10,0.10,0,0,0,,Partido Demócratas Chile
1062,Joanna Pérez Olea,party,minority_ge_20,0.20,0,0,0,,Partido Demócratas Chile
1065,Guillermo Ramírez Diez,caucus,all,0.00,317,308,9,97.1609,Unión Demócrata Independiente
1065,Guillermo Ramírez Diez,caucus,minority_ge_05,0.05,255,246,9,96.4706,Unión Demócrata Independiente
1065,Guillermo Ramírez Diez,caucus,minority_ge_10,0.10,244,236,8,96.7213,Unión Demócrata Independiente
1065,Guillermo Ramírez Diez,caucus,minority_ge_20,0.20,226,221,5,97.7876,Unión Demócrata Independiente
1065,Guillermo Ramírez Diez,party,all,0.00,317,308,9,97.1609,Unión Demócrata Independiente
1065,Guillermo Ramírez Diez,party,minority_ge_05,0.05,255,246,9,96.4706,Unión Demócrata Independiente
1065,Guillermo Ramírez Diez,party,minority_ge_10,0.10,244,236,8,96.7213,Unión Demócrata Independiente
1065,Guillermo Ramírez Diez,party,minority_ge_20,0.20,226,221,5,97.7876,Unión Demócrata Independiente
1073,Juan Santana Castillo,caucus,all,0.00,320,303,17,94.6875,"Socialista, Liberal, Radical e Independientes"
1073,Juan Santana Castillo,caucus,minority_ge_05,0.05,247,234,13,94.7368,"Socialista, Liberal, Radical e Independientes"
1073,Juan Santana Castillo,caucus,minority_ge_10,0.10,239,227,12,94.9791,"Socialista, Liberal, Radical e Independientes"
1073,Juan Santana Castillo,caucus,minority_ge_20,0.20,225,219,6,97.3333,"Socialista, Liberal, Radical e Independientes"
1073,Juan Santana Castillo,party,all,0.00,318,305,13,95.9119,Partido Socialista
1073,Juan Santana Castillo,party,minority_ge_05,0.05,245,236,9,96.3265,Partido Socialista
1073,Juan Santana Castillo,party,minority_ge_10,0.10,237,229,8,96.6245,Partido Socialista
1073,Juan Santana Castillo,party,minority_ge_20,0.20,226,222,4,98.2301,Partido Socialista
1074,Marisela Santibáñez Novoa,caucus,all,0.00,320,310,10,96.8750,Comité Comunista e Independientes
1074,Marisela Santibáñez Novoa,caucus,minority_ge_05,0.05,241,235,6,97.5104,Comité Comunista e Independientes
1074,Marisela Santibáñez Novoa,caucus,minority_ge_10,0.10,231,226,5,97.8355,Comité Comunista e Independientes
1074,Marisela Santibáñez Novoa,caucus,minority_ge_20,0.20,217,213,4,98.1567,Comité Comunista e Independientes
1074,Marisela Santibáñez Novoa,party,all,0.00,0,0,0,,Independientes
1074,Marisela Santibáñez Novoa,party,minority_ge_05,0.05,0,0,0,,Independientes
1074,Marisela Santibáñez Novoa,party,minority_ge_10,0.10,0,0,0,,Independientes
1074,Marisela Santibáñez Novoa,party,minority_ge_20,0.20,0,0,0,,Independientes
1075,Diego Schalper Sepúlveda,caucus,all,0.00,328,321,7,97.8659,"Renovación Nacional, Evopoli e Independientes"
1075,Diego Schalper Sepúlveda,caucus,minority_ge_05,0.05,249,242,7,97.1888,"Renovación Nacional, Evopoli e Independientes"
1075,Diego Schalper Sepúlveda,caucus,minority_ge_10,0.10,239,233,6,97.4895,"Renovación Nacional, Evopoli e Independientes"
1075,Diego Schalper Sepúlveda,caucus,minority_ge_20,0.20,223,219,4,98.2063,"Renovación Nacional, Evopoli e Independientes"
1075,Diego Schalper Sepúlveda,party,all,0.00,328,322,6,98.1707,Renovación Nacional
1075,Diego Schalper Sepúlveda,party,minority_ge_05,0.05,249,243,6,97.5904,Renovación Nacional
1075,Diego Schalper Sepúlveda,party,minority_ge_10,0.10,238,233,5,97.8992,Renovación Nacional
1075,Diego Schalper Sepúlveda,party,minority_ge_20,0.20,222,219,3,98.6486,Renovación Nacional
1077,Raúl Soto Mardones,caucus,all,0.00,331,323,8,97.5831,Partido Por la Democracia e Independientes
1077,Raúl Soto Mardones,caucus,minority_ge_05,0.05,247,239,8,96.7611,Partido Por la Democracia e Independientes
1077,Raúl Soto Mardones,caucus,minority_ge_10,0.10,236,228,8,96.6102,Partido Por la Democracia e Independientes
1077,Raúl Soto Mardones,caucus,minority_ge_20,0.20,219,213,6,97.2603,Partido Por la Democracia e Independientes
1077,Raúl Soto Mardones,party,all,0.00,331,314,17,94.8640,Partido Por la Democracia
1077,Raúl Soto Mardones,party,minority_ge_05,0.05,248,231,17,93.1452,Partido Por la Democracia
1077,Raúl Soto Mardones,party,minority_ge_10,0.10,237,220,17,92.8270,Partido Por la Democracia
1077,Raúl Soto Mardones,party,minority_ge_20,0.20,219,205,14,93.6073,Partido Por la Democracia
1082,Cristóbal Urruticoechea Ríos,caucus,all,0.00,295,292,3,98.9831,Comité Partido Nacional Libertarios
1082,Cristóbal Urruticoechea Ríos,caucus,minority_ge_05,0.05,234,231,3,98.7179,Comité Partido Nacional Libertarios
1082,Cristóbal Urruticoechea Ríos,caucus,minority_ge_10,0.10,226,223,3,98.6726,Comité Partido Nacional Libertarios
1082,Cristóbal Urruticoechea Ríos,caucus,minority_ge_20,0.20,213,210,3,98.5915,Comité Partido Nacional Libertarios
1082,Cristóbal Urruticoechea Ríos,party,all,0.00,295,292,3,98.9831,Partido Nacional Libertario
1082,Cristóbal Urruticoechea Ríos,party,minority_ge_05,0.05,234,231,3,98.7179,Partido Nacional Libertario
1082,Cristóbal Urruticoechea Ríos,party,minority_ge_10,0.10,226,223,3,98.6726,Partido Nacional Libertario
1082,Cristóbal Urruticoechea Ríos,party,minority_ge_20,0.20,213,210,3,98.5915,Partido Nacional Libertario
1086,Gonzalo Winter Etcheberry,caucus,all,0.00,315,306,9,97.1429,Frente Amplio
1086,Gonzalo Winter Etcheberry,caucus,minority_ge_05,0.05,230,222,8,96.5217,Frente Amplio
1086,Gonzalo Winter Etcheberry,caucus,minority_ge_10,0.10,221,213,8,96.3801,Frente Amplio
1086,Gonzalo Winter Etcheberry,caucus,minority_ge_20,0.20,204,198,6,97.0588,Frente Amplio
1086,Gonzalo Winter Etcheberry,party,all,0.00,316,307,9,97.1519,Frente Amplio
1086,Gonzalo Winter Etcheberry,party,minority_ge_05,0.05,231,223,8,96.5368,Frente Amplio
1086,Gonzalo Winter Etcheberry,party,minority_ge_10,0.10,222,214,8,96.3964,Frente Amplio
1086,Gonzalo Winter Etcheberry,party,minority_ge_20,0.20,204,198,6,97.0588,Frente Amplio
1087,Gael Yeomans Araya,caucus,all,0.00,338,334,4,98.8166,Frente Amplio
1087,Gael Yeomans Araya,caucus,minority_ge_05,0.05,253,251,2,99.2095,Frente Amplio
1087,Gael Yeomans Araya,caucus,minority_ge_10,0.10,243,242,1,99.5885,Frente Amplio
1087,Gael Yeomans Araya,caucus,minority_ge_20,0.20,230,229,1,99.5652,Frente Amplio
1087,Gael Yeomans Araya,party,all,0.00,338,334,4,98.8166,Frente Amplio
1087,Gael Yeomans Araya,party,minority_ge_05,0.05,253,251,2,99.2095,Frente Amplio
1087,Gael Yeomans Araya,party,minority_ge_10,0.10,243,242,1,99.5885,Frente Amplio
1087,Gael Yeomans Araya,party,minority_ge_20,0.20,229,228,1,99.5633,Frente Amplio
1099,Jaime Araya Guerrero,caucus,all,0.00,316,305,11,96.5190,Partido Por la Democracia e Independientes
1099,Jaime Araya Guerrero,caucus,minority_ge_05,0.05,237,228,9,96.2025,Partido Por la Democracia e Independientes
1099,Jaime Araya Guerrero,caucus,minority_ge_10,0.10,227,218,9,96.0352,Partido Por la Democracia e Independientes
1099,Jaime Araya Guerrero,caucus,minority_ge_20,0.20,212,203,9,95.7547,Partido Por la Democracia e Independientes
1099,Jaime Araya Guerrero,party,all,0.00,0,0,0,,Independientes
1099,Jaime Araya Guerrero,party,minority_ge_05,0.05,0,0,0,,Independientes
1099,Jaime Araya Guerrero,party,minority_ge_10,0.10,0,0,0,,Independientes
1099,Jaime Araya Guerrero,party,minority_ge_20,0.20,0,0,0,,Independientes
1100,Cristián Araya Lerdo de Tejada,caucus,all,0.00,354,354,0,100.0000,Comité Partido Republicano
1100,Cristián Araya Lerdo de Tejada,caucus,minority_ge_05,0.05,267,267,0,100.0000,Comité Partido Republicano
1100,Cristián Araya Lerdo de Tejada,caucus,minority_ge_10,0.10,256,256,0,100.0000,Comité Partido Republicano
1100,Cristián Araya Lerdo de Tejada,caucus,minority_ge_20,0.20,237,237,0,100.0000,Comité Partido Republicano
1100,Cristián Araya Lerdo de Tejada,party,all,0.00,354,354,0,100.0000,Partido Republicano
1100,Cristián Araya Lerdo de Tejada,party,minority_ge_05,0.05,267,267,0,100.0000,Partido Republicano
1100,Cristián Araya Lerdo de Tejada,party,minority_ge_10,0.10,256,256,0,100.0000,Partido Republicano
1100,Cristián Araya Lerdo de Tejada,party,minority_ge_20,0.20,237,237,0,100.0000,Partido Republicano
1102,Roberto Arroyo Muñoz,caucus,all,0.00,25,23,2,92.0000,Comité Partido de la Gente;Por definir
1102,Roberto Arroyo Muñoz,caucus,minority_ge_05,0.05,16,14,2,87.5000,Comité Partido de la Gente;Por definir
1102,Roberto Arroyo Muñoz,caucus,minority_ge_10,0.10,16,14,2,87.5000,Comité Partido de la Gente;Por definir
1102,Roberto Arroyo Muñoz,caucus,minority_ge_20,0.20,13,12,1,92.3077,Comité Partido de la Gente;Por definir
1102,Roberto Arroyo Muñoz,party,all,0.00,194,188,6,96.9072,Partido Social Cristiano;Partido de la Gente
1102,Roberto Arroyo Muñoz,party,minority_ge_05,0.05,153,147,6,96.0784,Partido Social Cristiano;Partido de la Gente
1102,Roberto Arroyo Muñoz,party,minority_ge_10,0.10,144,138,6,95.8333,Partido Social Cristiano;Partido de la Gente
1102,Roberto Arroyo Muñoz,party,minority_ge_20,0.20,131,127,4,96.9466,Partido Social Cristiano;Partido de la Gente
1104,Chiara Barchiesi Chávez,caucus,all,0.00,342,341,1,99.7076,Comité Partido Republicano
1104,Chiara Barchiesi Chávez,caucus,minority_ge_05,0.05,257,256,1,99.6109,Comité Partido Republicano
1104,Chiara Barchiesi Chávez,caucus,minority_ge_10,0.10,246,245,1,99.5935,Comité Partido Republicano
1104,Chiara Barchiesi Chávez,caucus,minority_ge_20,0.20,228,227,1,99.5614,Comité Partido Republicano
1104,Chiara Barchiesi Chávez,party,all,0.00,342,341,1,99.7076,Partido Republicano
1104,Chiara Barchiesi Chávez,party,minority_ge_05,0.05,257,256,1,99.6109,Partido Republicano
1104,Chiara Barchiesi Chávez,party,minority_ge_10,0.10,246,245,1,99.5935,Partido Republicano
1104,Chiara Barchiesi Chávez,party,minority_ge_20,0.20,228,227,1,99.5614,Partido Republicano
1105,Héctor Barría Angulo,caucus,all,0.00,318,304,14,95.5975,"Comité Democracia Cristiana, Federación Regionalista Verde Social e Independientes"
1105,Héctor Barría Angulo,caucus,minority_ge_05,0.05,243,232,11,95.4733,"Comité Democracia Cristiana, Federación Regionalista Verde Social e Independientes"
1105,Héctor Barría Angulo,caucus,minority_ge_10,0.10,233,223,10,95.7082,"Comité Democracia Cristiana, Federación Regionalista Verde Social e Independientes"
1105,Héctor Barría Angulo,caucus,minority_ge_20,0.20,219,209,10,95.4338,"Comité Democracia Cristiana, Federación Regionalista Verde Social e Independientes"
1105,Héctor Barría Angulo,party,all,0.00,316,302,14,95.5696,Partido Demócrata Cristiano
1105,Héctor Barría Angulo,party,minority_ge_05,0.05,241,230,11,95.4357,Partido Demócrata Cristiano
1105,Héctor Barría Angulo,party,minority_ge_10,0.10,231,221,10,95.6710,Partido Demócrata Cristiano
1105,Héctor Barría Angulo,party,minority_ge_20,0.20,217,207,10,95.3917,Partido Demócrata Cristiano
1107,María Francisca Bello Campos,caucus,all,0.00,0,0,0,,Frente Amplio
1107,María Francisca Bello Campos,caucus,minority_ge_05,0.05,0,0,0,,Frente Amplio
1107,María Francisca Bello Campos,caucus,minority_ge_10,0.10,0,0,0,,Frente Amplio
1107,María Francisca Bello Campos,caucus,minority_ge_20,0.20,0,0,0,,Frente Amplio
1107,María Francisca Bello Campos,party,all,0.00,0,0,0,,Frente Amplio
1107,María Francisca Bello Campos,party,minority_ge_05,0.05,0,0,0,,Frente Amplio
1107,María Francisca Bello Campos,party,minority_ge_10,0.10,0,0,0,,Frente Amplio
1107,María Francisca Bello Campos,party,minority_ge_20,0.20,0,0,0,,Frente Amplio
1108,Juan Carlos Beltrán Silva,caucus,all,0.00,343,325,18,94.7522,"Renovación Nacional, Evopoli e Independientes"
1108,Juan Carlos Beltrán Silva,caucus,minority_ge_05,0.05,253,235,18,92.8854,"Renovación Nacional, Evopoli e Independientes"
1108,Juan Carlos Beltrán Silva,caucus,minority_ge_10,0.10,243,227,16,93.4156,"Renovación Nacional, Evopoli e Independientes"
1108,Juan Carlos Beltrán Silva,caucus,minority_ge_20,0.20,229,216,13,94.3231,"Renovación Nacional, Evopoli e Independientes"
1108,Juan Carlos Beltrán Silva,party,all,0.00,342,322,20,94.1520,Renovación Nacional
1108,Juan Carlos Beltrán Silva,party,minority_ge_05,0.05,252,232,20,92.0635,Renovación Nacional
1108,Juan Carlos Beltrán Silva,party,minority_ge_10,0.10,242,224,18,92.5620,Renovación Nacional
1108,Juan Carlos Beltrán Silva,party,minority_ge_20,0.20,229,214,15,93.4498,Renovación Nacional
1110,Carlos Bianchi Chelech,caucus,all,0.00,351,331,20,94.3020,Partido Por la Democracia e Independientes
1110,Carlos Bianchi Chelech,caucus,minority_ge_05,0.05,264,246,18,93.1818,Partido Por la Democracia e Independientes
1110,Carlos Bianchi Chelech,caucus,minority_ge_10,0.10,253,235,18,92.8854,Partido Por la Democracia e Independientes
1110,Carlos Bianchi Chelech,caucus,minority_ge_20,0.20,235,219,16,93.1915,Partido Por la Democracia e Independientes
1110,Carlos Bianchi Chelech,party,all,0.00,0,0,0,,Independientes
1110,Carlos Bianchi Chelech,party,minority_ge_05,0.05,0,0,0,,Independientes
1110,Carlos Bianchi Chelech,party,minority_ge_10,0.10,0,0,0,,Independientes
1110,Carlos Bianchi Chelech,party,minority_ge_20,0.20,0,0,0,,Independientes
1114,Félix Bugueño Sotelo,caucus,all,0.00,351,324,27,92.3077,Frente Amplio
1114,Félix Bugueño Sotelo,caucus,minority_ge_05,0.05,262,237,25,90.4580,Frente Amplio
1114,Félix Bugueño Sotelo,caucus,minority_ge_10,0.10,252,228,24,90.4762,Frente Amplio
1114,Félix Bugueño Sotelo,caucus,minority_ge_20,0.20,234,215,19,91.8803,Frente Amplio
1114,Félix Bugueño Sotelo,party,all,0.00,351,324,27,92.3077,Frente Amplio
1114,Félix Bugueño Sotelo,party,minority_ge_05,0.05,262,237,25,90.4580,Frente Amplio
1114,Félix Bugueño Sotelo,party,minority_ge_10,0.10,252,228,24,90.4762,Frente Amplio
1114,Félix Bugueño Sotelo,party,minority_ge_20,0.20,233,214,19,91.8455,Frente Amplio
1116,Felipe Camaño Cárdenas,caucus,all,0.00,337,313,24,92.8783,"Comité Democracia Cristiana, Federación Regionalista Verde Social e Independientes"
1116,Felipe Camaño Cárdenas,caucus,minority_ge_05,0.05,253,231,22,91.3043,"Comité Democracia Cristiana, Federación Regionalista Verde Social e Independientes"
1116,Felipe Camaño Cárdenas,caucus,minority_ge_10,0.10,242,220,22,90.9091,"Comité Democracia Cristiana, Federación Regionalista Verde Social e Independientes"
1116,Felipe Camaño Cárdenas,caucus,minority_ge_20,0.20,224,202,22,90.1786,"Comité Democracia Cristiana, Federación Regionalista Verde Social e Independientes"
1116,Felipe Camaño Cárdenas,party,all,0.00,0,0,0,,Independientes
1116,Felipe Camaño Cárdenas,party,minority_ge_05,0.05,0,0,0,,Independientes
1116,Felipe Camaño Cárdenas,party,minority_ge_10,0.10,0,0,0,,Independientes
1116,Felipe Camaño Cárdenas,party,minority_ge_20,0.20,0,0,0,,Independientes
1117,Nathalie Castillo Rojas,caucus,all,0.00,289,283,6,97.9239,Comité Comunista e Independientes
1117,Nathalie Castillo Rojas,caucus,minority_ge_05,0.05,228,227,1,99.5614,Comité Comunista e Independientes
1117,Nathalie Castillo Rojas,caucus,minority_ge_10,0.10,222,221,1,99.5495,Comité Comunista e Independientes
1117,Nathalie Castillo Rojas,caucus,minority_ge_20,0.20,208,207,1,99.5192,Comité Comunista e Independientes
1117,Nathalie Castillo Rojas,party,all,0.00,289,282,7,97.5779,Partido Comunista
1117,Nathalie Castillo Rojas,party,minority_ge_05,0.05,228,227,1,99.5614,Partido Comunista
1117,Nathalie Castillo Rojas,party,minority_ge_10,0.10,222,221,1,99.5495,Partido Comunista
1117,Nathalie Castillo Rojas,party,minority_ge_20,0.20,208,207,1,99.5192,Partido Comunista
1119,Sara Concha Smith,caucus,all,0.00,0,0,0,,Por definir
1119,Sara Concha Smith,caucus,minority_ge_05,0.05,0,0,0,,Por definir
1119,Sara Concha Smith,caucus,minority_ge_10,0.10,0,0,0,,Por definir
1119,Sara Concha Smith,caucus,minority_ge_20,0.20,0,0,0,,Por definir
1119,Sara Concha Smith,party,all,0.00,165,165,0,100.0000,Partido Cristiano de Chile;Partido Social Cristiano
1119,Sara Concha Smith,party,minority_ge_05,0.05,133,133,0,100.0000,Partido Cristiano de Chile;Partido Social Cristiano
1119,Sara Concha Smith,party,minority_ge_10,0.10,124,124,0,100.0000,Partido Cristiano de Chile;Partido Social Cristiano
1119,Sara Concha Smith,party,minority_ge_20,0.20,115,115,0,100.0000,Partido Cristiano de Chile;Partido Social Cristiano
1122,Luis Alberto Cuello Peña y Lillo,caucus,all,0.00,352,350,2,99.4318,Comité Comunista e Independientes
1122,Luis Alberto Cuello Peña y Lillo,caucus,minority_ge_05,0.05,266,265,1,99.6241,Comité Comunista e Independientes
1122,Luis Alberto Cuello Peña y Lillo,caucus,minority_ge_10,0.10,255,255,0,100.0000,Comité Comunista e Independientes
1122,Luis Alberto Cuello Peña y Lillo,caucus,minority_ge_20,0.20,236,236,0,100.0000,Comité Comunista e Independientes
1122,Luis Alberto Cuello Peña y Lillo,party,all,0.00,352,350,2,99.4318,Partido Comunista
1122,Luis Alberto Cuello Peña y Lillo,party,minority_ge_05,0.05,266,265,1,99.6241,Partido Comunista
1122,Luis Alberto Cuello Peña y Lillo,party,minority_ge_10,0.10,255,255,0,100.0000,Partido Comunista
1122,Luis Alberto Cuello Peña y Lillo,party,minority_ge_20,0.20,236,236,0,100.0000,Partido Comunista
1127,Lorena Fries Monleón,caucus,all,0.00,343,335,8,97.6676,Frente Amplio
1127,Lorena Fries Monleón,caucus,minority_ge_05,0.05,258,252,6,97.6744,Frente Amplio
1127,Lorena Fries Monleón,caucus,minority_ge_10,0.10,248,243,5,97.9839,Frente Amplio
1127,Lorena Fries Monleón,caucus,minority_ge_20,0.20,230,226,4,98.2609,Frente Amplio
1127,Lorena Fries Monleón,party,all,0.00,343,335,8,97.6676,Frente Amplio
1127,Lorena Fries Monleón,party,minority_ge_05,0.05,258,252,6,97.6744,Frente Amplio
1127,Lorena Fries Monleón,party,minority_ge_10,0.10,248,243,5,97.9839,Frente Amplio
1127,Lorena Fries Monleón,party,minority_ge_20,0.20,230,226,4,98.2609,Frente Amplio
1128,Ana María Gazmuri Vieira,caucus,all,0.00,316,314,2,99.3671,Comité Comunista e Independientes
1128,Ana María Gazmuri Vieira,caucus,minority_ge_05,0.05,235,234,1,99.5745,Comité Comunista e Independientes
1128,Ana María Gazmuri Vieira,caucus,minority_ge_10,0.10,226,225,1,99.5575,Comité Comunista e Independientes
1128,Ana María Gazmuri Vieira,caucus,minority_ge_20,0.20,208,207,1,99.5192,Comité Comunista e Independientes
1128,Ana María Gazmuri Vieira,party,all,0.00,0,0,0,,Partido Acción Humanista
1128,Ana María Gazmuri Vieira,party,minority_ge_05,0.05,0,0,0,,Partido Acción Humanista
1128,Ana María Gazmuri Vieira,party,minority_ge_10,0.10,0,0,0,,Partido Acción Humanista
1128,Ana María Gazmuri Vieira,party,minority_ge_20,0.20,0,0,0,,Partido Acción Humanista
1131,Mauro González Villarroel,caucus,all,0.00,305,300,5,98.3607,"Renovación Nacional, Evopoli e Independientes"
1131,Mauro González Villarroel,caucus,minority_ge_05,0.05,248,244,4,98.3871,"Renovación Nacional, Evopoli e Independientes"
1131,Mauro González Villarroel,caucus,minority_ge_10,0.10,239,235,4,98.3264,"Renovación Nacional, Evopoli e Independientes"
1131,Mauro González Villarroel,caucus,minority_ge_20,0.20,224,220,4,98.2143,"Renovación Nacional, Evopoli e Independientes"
1131,Mauro González Villarroel,party,all,0.00,303,299,4,98.6799,Renovación Nacional
1131,Mauro González Villarroel,party,minority_ge_05,0.05,246,243,3,98.7805,Renovación Nacional
1131,Mauro González Villarroel,party,minority_ge_10,0.10,237,234,3,98.7342,Renovación Nacional
1131,Mauro González Villarroel,party,minority_ge_20,0.20,222,219,3,98.6486,Renovación Nacional
1132,Jorge Guzmán Zepeda,caucus,all,0.00,358,340,18,94.9721,"Renovación Nacional, Evopoli e Independientes"
1132,Jorge Guzmán Zepeda,caucus,minority_ge_05,0.05,264,246,18,93.1818,"Renovación Nacional, Evopoli e Independientes"
1132,Jorge Guzmán Zepeda,caucus,minority_ge_10,0.10,254,237,17,93.3071,"Renovación Nacional, Evopoli e Independientes"
1132,Jorge Guzmán Zepeda,caucus,minority_ge_20,0.20,236,222,14,94.0678,"Renovación Nacional, Evopoli e Independientes"
1132,Jorge Guzmán Zepeda,party,all,0.00,0,0,0,,Evolución Política
1132,Jorge Guzmán Zepeda,party,minority_ge_05,0.05,0,0,0,,Evolución Política
1132,Jorge Guzmán Zepeda,party,minority_ge_10,0.10,0,0,0,,Evolución Política
1132,Jorge Guzmán Zepeda,party,minority_ge_20,0.20,0,0,0,,Evolución Política
1133,Juan Irarrázaval Rossel,caucus,all,0.00,359,359,0,100.0000,Comité Partido Republicano
1133,Juan Irarrázaval Rossel,caucus,minority_ge_05,0.05,265,265,0,100.0000,Comité Partido Republicano
1133,Juan Irarrázaval Rossel,caucus,minority_ge_10,0.10,254,254,0,100.0000,Comité Partido Republicano
1133,Juan Irarrázaval Rossel,caucus,minority_ge_20,0.20,235,235,0,100.0000,Comité Partido Republicano
1133,Juan Irarrázaval Rossel,party,all,0.00,359,359,0,100.0000,Partido Republicano
1133,Juan Irarrázaval Rossel,party,minority_ge_05,0.05,265,265,0,100.0000,Partido Republicano
1133,Juan Irarrázaval Rossel,party,minority_ge_10,0.10,254,254,0,100.0000,Partido Republicano
1133,Juan Irarrázaval Rossel,party,minority_ge_20,0.20,235,235,0,100.0000,Partido Republicano
1140,Daniel Lilayu Vivanco,caucus,all,0.00,358,346,12,96.6480,Unión Demócrata Independiente
1140,Daniel Lilayu Vivanco,caucus,minority_ge_05,0.05,267,256,11,95.8801,Unión Demócrata Independiente
1140,Daniel Lilayu Vivanco,caucus,minority_ge_10,0.10,256,247,9,96.4844,Unión Demócrata Independiente
1140,Daniel Lilayu Vivanco,caucus,minority_ge_20,0.20,237,231,6,97.4684,Unión Demócrata Independiente
1140,Daniel Lilayu Vivanco,party,all,0.00,358,346,12,96.6480,Unión Demócrata Independiente
1140,Daniel Lilayu Vivanco,party,minority_ge_05,0.05,267,256,11,95.8801,Unión Demócrata Independiente
1140,Daniel Lilayu Vivanco,party,minority_ge_10,0.10,256,247,9,96.4844,Unión Demócrata Independiente
1140,Daniel Lilayu Vivanco,party,minority_ge_20,0.20,237,231,6,97.4684,Unión Demócrata Independiente
1141,Luis Malla Valenzuela,caucus,all,0.00,350,287,63,82.0000,"Socialista, Liberal, Radical e Independientes"
1141,Luis Malla Valenzuela,caucus,minority_ge_05,0.05,260,200,60,76.9231,"Socialista, Liberal, Radical e Independientes"
1141,Luis Malla Valenzuela,caucus,minority_ge_10,0.10,249,192,57,77.1084,"Socialista, Liberal, Radical e Independientes"
1141,Luis Malla Valenzuela,caucus,minority_ge_20,0.20,230,175,55,76.0870,"Socialista, Liberal, Radical e Independientes"
1141,Luis Malla Valenzuela,party,all,0.00,0,0,0,,Partido Liberal de Chile
1141,Luis Malla Valenzuela,party,minority_ge_05,0.05,0,0,0,,Partido Liberal de Chile
1141,Luis Malla Valenzuela,party,minority_ge_10,0.10,0,0,0,,Partido Liberal de Chile
1141,Luis Malla Valenzuela,party,minority_ge_20,0.20,0,0,0,,Partido Liberal de Chile
1142,Daniel Manouchehri Lobos,caucus,all,0.00,340,308,32,90.5882,"Socialista, Liberal, Radical e Independientes"
1142,Daniel Manouchehri Lobos,caucus,minority_ge_05,0.05,257,226,31,87.9377,"Socialista, Liberal, Radical e Independientes"
1142,Daniel Manouchehri Lobos,caucus,minority_ge_10,0.10,246,217,29,88.2114,"Socialista, Liberal, Radical e Independientes"
1142,Daniel Manouchehri Lobos,caucus,minority_ge_20,0.20,228,203,25,89.0351,"Socialista, Liberal, Radical e Independientes"
1142,Daniel Manouchehri Lobos,party,all,0.00,340,308,32,90.5882,Partido Socialista
1142,Daniel Manouchehri Lobos,party,minority_ge_05,0.05,257,226,31,87.9377,Partido Socialista
1142,Daniel Manouchehri Lobos,party,minority_ge_10,0.10,247,218,29,88.2591,Partido Socialista
1142,Daniel Manouchehri Lobos,party,minority_ge_20,0.20,230,205,25,89.1304,Partido Socialista
1143,Cristóbal Martínez Ramírez,caucus,all,0.00,353,342,11,96.8839,Unión Demócrata Independiente
1143,Cristóbal Martínez Ramírez,caucus,minority_ge_05,0.05,264,256,8,96.9697,Unión Demócrata Independiente
1143,Cristóbal Martínez Ramírez,caucus,minority_ge_10,0.10,253,245,8,96.8379,Unión Demócrata Independiente
1143,Cristóbal Martínez Ramírez,caucus,minority_ge_20,0.20,234,227,7,97.0085,Unión Demócrata Independiente
1143,Cristóbal Martínez Ramírez,party,all,0.00,352,339,13,96.3068,Unión Demócrata Independiente
1143,Cristóbal Martínez Ramírez,party,minority_ge_05,0.05,263,253,10,96.1977,Unión Demócrata Independiente
1143,Cristóbal Martínez Ramírez,party,minority_ge_10,0.10,252,243,9,96.4286,Unión Demócrata Independiente
1143,Cristóbal Martínez Ramírez,party,minority_ge_20,0.20,234,226,8,96.5812,Unión Demócrata Independiente
1146,José Carlos Meza Pereira,caucus,all,0.00,331,330,1,99.6979,Comité Partido Republicano
1146,José Carlos Meza Pereira,caucus,minority_ge_05,0.05,247,246,1,99.5951,Comité Partido Republicano
1146,José Carlos Meza Pereira,caucus,minority_ge_10,0.10,236,235,1,99.5763,Comité Partido Republicano
1146,José Carlos Meza Pereira,caucus,minority_ge_20,0.20,221,220,1,99.5475,Comité Partido Republicano
1146,José Carlos Meza Pereira,party,all,0.00,331,330,1,99.6979,Partido Republicano
1146,José Carlos Meza Pereira,party,minority_ge_05,0.05,247,246,1,99.5951,Partido Republicano
1146,José Carlos Meza Pereira,party,minority_ge_10,0.10,236,235,1,99.5763,Partido Republicano
1146,José Carlos Meza Pereira,party,minority_ge_20,0.20,221,220,1,99.5475,Partido Republicano
1148,Javiera Morales Alvarado,caucus,all,0.00,93,92,1,98.9247,Frente Amplio
1148,Javiera Morales Alvarado,caucus,minority_ge_05,0.05,87,86,1,98.8506,Frente Amplio
1148,Javiera Morales Alvarado,caucus,minority_ge_10,0.10,83,82,1,98.7952,Frente Amplio
1148,Javiera Morales Alvarado,caucus,minority_ge_20,0.20,82,82,0,100.0000,Frente Amplio
1148,Javiera Morales Alvarado,party,all,0.00,92,91,1,98.9130,Frente Amplio
1148,Javiera Morales Alvarado,party,minority_ge_05,0.05,86,85,1,98.8372,Frente Amplio
1148,Javiera Morales Alvarado,party,minority_ge_10,0.10,82,81,1,98.7805,Frente Amplio
1148,Javiera Morales Alvarado,party,minority_ge_20,0.20,81,81,0,100.0000,Frente Amplio
1150,Benjamín Moreno Bascur,caucus,all,0.00,364,364,0,100.0000,Comité Partido Republicano
1150,Benjamín Moreno Bascur,caucus,minority_ge_05,0.05,269,269,0,100.0000,Comité Partido Republicano
1150,Benjamín Moreno Bascur,caucus,minority_ge_10,0.10,258,258,0,100.0000,Comité Partido Republicano
1150,Benjamín Moreno Bascur,caucus,minority_ge_20,0.20,239,239,0,100.0000,Comité Partido Republicano
1150,Benjamín Moreno Bascur,party,all,0.00,364,364,0,100.0000,Partido Republicano
1150,Benjamín Moreno Bascur,party,minority_ge_05,0.05,269,269,0,100.0000,Partido Republicano
1150,Benjamín Moreno Bascur,party,minority_ge_10,0.10,258,258,0,100.0000,Partido Republicano
1150,Benjamín Moreno Bascur,party,minority_ge_20,0.20,239,239,0,100.0000,Partido Republicano
1152,Gloria Naveillan Arriagada,caucus,all,0.00,304,295,9,97.0395,Comité Partido Nacional Libertarios
1152,Gloria Naveillan Arriagada,caucus,minority_ge_05,0.05,243,235,8,96.7078,Comité Partido Nacional Libertarios
1152,Gloria Naveillan Arriagada,caucus,minority_ge_10,0.10,235,227,8,96.5957,Comité Partido Nacional Libertarios
1152,Gloria Naveillan Arriagada,caucus,minority_ge_20,0.20,219,211,8,96.3470,Comité Partido Nacional Libertarios
1152,Gloria Naveillan Arriagada,party,all,0.00,304,295,9,97.0395,Partido Nacional Libertario
1152,Gloria Naveillan Arriagada,party,minority_ge_05,0.05,243,235,8,96.7078,Partido Nacional Libertario
1152,Gloria Naveillan Arriagada,party,minority_ge_10,0.10,235,227,8,96.5957,Partido Nacional Libertario
1152,Gloria Naveillan Arriagada,party,minority_ge_20,0.20,219,211,8,96.3470,Partido Nacional Libertario
1153,Coca Ericka Ñanco Vásquez,caucus,all,0.00,200,195,5,97.5000,Frente Amplio
1153,Coca Ericka Ñanco Vásquez,caucus,minority_ge_05,0.05,164,161,3,98.1707,Frente Amplio
1153,Coca Ericka Ñanco Vásquez,caucus,minority_ge_10,0.10,155,153,2,98.7097,Frente Amplio
1153,Coca Ericka Ñanco Vásquez,caucus,minority_ge_20,0.20,143,142,1,99.3007,Frente Amplio
1153,Coca Ericka Ñanco Vásquez,party,all,0.00,200,195,5,97.5000,Frente Amplio
1153,Coca Ericka Ñanco Vásquez,party,minority_ge_05,0.05,164,161,3,98.1707,Frente Amplio
1153,Coca Ericka Ñanco Vásquez,party,minority_ge_10,0.10,155,153,2,98.7097,Frente Amplio
1153,Coca Ericka Ñanco Vásquez,party,minority_ge_20,0.20,142,141,1,99.2958,Frente Amplio
1157,Marlene Pérez Cartes,caucus,all,0.00,305,284,21,93.1148,Unión Demócrata Independiente
1157,Marlene Pérez Cartes,caucus,minority_ge_05,0.05,230,209,21,90.8696,Unión Demócrata Independiente
1157,Marlene Pérez Cartes,caucus,minority_ge_10,0.10,219,198,21,90.4110,Unión Demócrata Independiente
1157,Marlene Pérez Cartes,caucus,minority_ge_20,0.20,205,186,19,90.7317,Unión Demócrata Independiente
1157,Marlene Pérez Cartes,party,all,0.00,0,0,0,,Independientes
1157,Marlene Pérez Cartes,party,minority_ge_05,0.05,0,0,0,,Independientes
1157,Marlene Pérez Cartes,party,minority_ge_10,0.10,0,0,0,,Independientes
1157,Marlene Pérez Cartes,party,minority_ge_20,0.20,0,0,0,,Independientes
1159,Lorena Pizarro Sierra,caucus,all,0.00,339,336,3,99.1150,Comité Comunista e Independientes
1159,Lorena Pizarro Sierra,caucus,minority_ge_05,0.05,259,258,1,99.6139,Comité Comunista e Independientes
1159,Lorena Pizarro Sierra,caucus,minority_ge_10,0.10,248,247,1,99.5968,Comité Comunista e Independientes
1159,Lorena Pizarro Sierra,caucus,minority_ge_20,0.20,230,229,1,99.5652,Comité Comunista e Independientes
1159,Lorena Pizarro Sierra,party,all,0.00,339,335,4,98.8201,Partido Comunista
1159,Lorena Pizarro Sierra,party,minority_ge_05,0.05,259,258,1,99.6139,Partido Comunista
1159,Lorena Pizarro Sierra,party,minority_ge_10,0.10,248,247,1,99.5968,Partido Comunista
1159,Lorena Pizarro Sierra,party,minority_ge_20,0.20,230,229,1,99.5652,Partido Comunista
1165,Agustín Romero Leiva,caucus,all,0.00,357,357,0,100.0000,Comité Partido Republicano
1165,Agustín Romero Leiva,caucus,minority_ge_05,0.05,268,268,0,100.0000,Comité Partido Republicano
1165,Agustín Romero Leiva,caucus,minority_ge_10,0.10,257,257,0,100.0000,Comité Partido Republicano
1165,Agustín Romero Leiva,caucus,minority_ge_20,0.20,238,238,0,100.0000,Comité Partido Republicano
1165,Agustín Romero Leiva,party,all,0.00,357,357,0,100.0000,Partido Republicano
1165,Agustín Romero Leiva,party,minority_ge_05,0.05,268,268,0,100.0000,Partido Republicano
1165,Agustín Romero Leiva,party,minority_ge_10,0.10,257,257,0,100.0000,Partido Republicano
1165,Agustín Romero Leiva,party,minority_ge_20,0.20,238,238,0,100.0000,Partido Republicano
1166,Natalia Romero Talguia,caucus,all,0.00,361,325,36,90.0277,Unión Demócrata Independiente
1166,Natalia Romero Talguia,caucus,minority_ge_05,0.05,268,232,36,86.5672,Unión Demócrata Independiente
1166,Natalia Romero Talguia,caucus,minority_ge_10,0.10,257,221,36,85.9922,Unión Demócrata Independiente
1166,Natalia Romero Talguia,caucus,minority_ge_20,0.20,238,204,34,85.7143,Unión Demócrata Independiente
1166,Natalia Romero Talguia,party,all,0.00,0,0,0,,Independientes
1166,Natalia Romero Talguia,party,minority_ge_05,0.05,0,0,0,,Independientes
1166,Natalia Romero Talguia,party,minority_ge_10,0.10,0,0,0,,Independientes
1166,Natalia Romero Talguia,party,minority_ge_20,0.20,0,0,0,,Independientes
1170,Luis Sánchez Ossa,caucus,all,0.00,349,349,0,100.0000,Comité Partido Republicano
1170,Luis Sánchez Ossa,caucus,minority_ge_05,0.05,257,257,0,100.0000,Comité Partido Republicano
1170,Luis Sánchez Ossa,caucus,minority_ge_10,0.10,246,246,0,100.0000,Comité Partido Republicano
1170,Luis Sánchez Ossa,caucus,minority_ge_20,0.20,227,227,0,100.0000,Comité Partido Republicano
1170,Luis Sánchez Ossa,party,all,0.00,349,349,0,100.0000,Partido Republicano
1170,Luis Sánchez Ossa,party,minority_ge_05,0.05,257,257,0,100.0000,Partido Republicano
1170,Luis Sánchez Ossa,party,minority_ge_10,0.10,246,246,0,100.0000,Partido Republicano
1170,Luis Sánchez Ossa,party,minority_ge_20,0.20,227,227,0,100.0000,Partido Republicano
1171,Emilia Schneider Videla,caucus,all,0.00,360,357,3,99.1667,Frente Amplio
1171,Emilia Schneider Videla,caucus,minority_ge_05,0.05,268,266,2,99.2537,Frente Amplio
1171,Emilia Schneider Videla,caucus,minority_ge_10,0.10,257,256,1,99.6109,Frente Amplio
1171,Emilia Schneider Videla,caucus,minority_ge_20,0.20,238,238,0,100.0000,Frente Amplio
1171,Emilia Schneider Videla,party,all,0.00,359,356,3,99.1643,Frente Amplio
1171,Emilia Schneider Videla,party,minority_ge_05,0.05,267,265,2,99.2509,Frente Amplio
1171,Emilia Schneider Videla,party,minority_ge_10,0.10,256,255,1,99.6094,Frente Amplio
1171,Emilia Schneider Videla,party,minority_ge_20,0.20,237,237,0,100.0000,Frente Amplio
1172,Stephan Schubert Rubio,caucus,all,0.00,310,310,0,100.0000,Comité Partido Republicano
1172,Stephan Schubert Rubio,caucus,minority_ge_05,0.05,222,222,0,100.0000,Comité Partido Republicano
1172,Stephan Schubert Rubio,caucus,minority_ge_10,0.10,213,213,0,100.0000,Comité Partido Republicano
1172,Stephan Schubert Rubio,caucus,minority_ge_20,0.20,195,195,0,100.0000,Comité Partido Republicano
1172,Stephan Schubert Rubio,party,all,0.00,310,310,0,100.0000,Partido Republicano
1172,Stephan Schubert Rubio,party,minority_ge_05,0.05,222,222,0,100.0000,Partido Republicano
1172,Stephan Schubert Rubio,party,minority_ge_10,0.10,213,213,0,100.0000,Partido Republicano
1172,Stephan Schubert Rubio,party,minority_ge_20,0.20,195,195,0,100.0000,Partido Republicano
1173,Daniela Serrano Salazar,caucus,all,0.00,359,357,2,99.4429,Comité Comunista e Independientes
1173,Daniela Serrano Salazar,caucus,minority_ge_05,0.05,268,268,0,100.0000,Comité Comunista e Independientes
1173,Daniela Serrano Salazar,caucus,minority_ge_10,0.10,257,257,0,100.0000,Comité Comunista e Independientes
1173,Daniela Serrano Salazar,caucus,minority_ge_20,0.20,238,238,0,100.0000,Comité Comunista e Independientes
1173,Daniela Serrano Salazar,party,all,0.00,359,357,2,99.4429,Partido Comunista
1173,Daniela Serrano Salazar,party,minority_ge_05,0.05,268,268,0,100.0000,Partido Comunista
1173,Daniela Serrano Salazar,party,minority_ge_10,0.10,257,257,0,100.0000,Partido Comunista
1173,Daniela Serrano Salazar,party,minority_ge_20,0.20,238,238,0,100.0000,Partido Comunista
1174,Marco Antonio Sulantay Olivares,caucus,all,0.00,351,343,8,97.7208,Unión Demócrata Independiente
1174,Marco Antonio Sulantay Olivares,caucus,minority_ge_05,0.05,261,254,7,97.3180,Unión Demócrata Independiente
1174,Marco Antonio Sulantay Olivares,caucus,minority_ge_10,0.10,250,243,7,97.2000,Unión Demócrata Independiente
1174,Marco Antonio Sulantay Olivares,caucus,minority_ge_20,0.20,235,228,7,97.0213,Unión Demócrata Independiente
1174,Marco Antonio Sulantay Olivares,party,all,0.00,350,341,9,97.4286,Unión Demócrata Independiente
1174,Marco Antonio Sulantay Olivares,party,minority_ge_05,0.05,260,252,8,96.9231,Unión Demócrata Independiente
1174,Marco Antonio Sulantay Olivares,party,minority_ge_10,0.10,249,242,7,97.1888,Unión Demócrata Independiente
1174,Marco Antonio Sulantay Olivares,party,minority_ge_20,0.20,235,228,7,97.0213,Unión Demócrata Independiente
1175,Cristián Tapia Ramos,caucus,all,0.00,312,297,15,95.1923,Partido Por la Democracia e Independientes
1175,Cristián Tapia Ramos,caucus,minority_ge_05,0.05,235,221,14,94.0426,Partido Por la Democracia e Independientes
1175,Cristián Tapia Ramos,caucus,minority_ge_10,0.10,225,211,14,93.7778,Partido Por la Democracia e Independientes
1175,Cristián Tapia Ramos,caucus,minority_ge_20,0.20,208,196,12,94.2308,Partido Por la Democracia e Independientes
1175,Cristián Tapia Ramos,party,all,0.00,0,0,0,,Independientes
1175,Cristián Tapia Ramos,party,minority_ge_05,0.05,0,0,0,,Independientes
1175,Cristián Tapia Ramos,party,minority_ge_10,0.10,0,0,0,,Independientes
1175,Cristián Tapia Ramos,party,minority_ge_20,0.20,0,0,0,,Independientes
1176,Hotuiti Teao Drago,caucus,all,0.00,306,297,9,97.0588,Unión Demócrata Independiente
1176,Hotuiti Teao Drago,caucus,minority_ge_05,0.05,221,213,8,96.3801,Unión Demócrata Independiente
1176,Hotuiti Teao Drago,caucus,minority_ge_10,0.10,211,203,8,96.2085,Unión Demócrata Independiente
1176,Hotuiti Teao Drago,caucus,minority_ge_20,0.20,196,188,8,95.9184,Unión Demócrata Independiente
1176,Hotuiti Teao Drago,party,all,0.00,0,0,0,,Independientes
1176,Hotuiti Teao Drago,party,minority_ge_05,0.05,0,0,0,,Independientes
1176,Hotuiti Teao Drago,party,minority_ge_10,0.10,0,0,0,,Independientes
1176,Hotuiti Teao Drago,party,minority_ge_20,0.20,0,0,0,,Independientes
1177,Carolina Tello Rojas,caucus,all,0.00,354,346,8,97.7401,Frente Amplio
1177,Carolina Tello Rojas,caucus,minority_ge_05,0.05,263,257,6,97.7186,Frente Amplio
1177,Carolina Tello Rojas,caucus,minority_ge_10,0.10,253,247,6,97.6285,Frente Amplio
1177,Carolina Tello Rojas,caucus,minority_ge_20,0.20,235,231,4,98.2979,Frente Amplio
1177,Carolina Tello Rojas,party,all,0.00,355,347,8,97.7465,Frente Amplio
1177,Carolina Tello Rojas,party,minority_ge_05,0.05,264,258,6,97.7273,Frente Amplio
1177,Carolina Tello Rojas,party,minority_ge_10,0.10,254,248,6,97.6378,Frente Amplio
1177,Carolina Tello Rojas,party,minority_ge_20,0.20,235,231,4,98.2979,Frente Amplio
1178,Héctor Ulloa Aguilera,caucus,all,0.00,338,320,18,94.6746,Partido Por la Democracia e Independientes
1178,Héctor Ulloa Aguilera,caucus,minority_ge_05,0.05,254,237,17,93.3071,Partido Por la Democracia e Independientes
1178,Héctor Ulloa Aguilera,caucus,minority_ge_10,0.10,244,227,17,93.0328,Partido Por la Democracia e Independientes
1178,Héctor Ulloa Aguilera,caucus,minority_ge_20,0.20,228,212,16,92.9825,Partido Por la Democracia e Independientes
1178,Héctor Ulloa Aguilera,party,all,0.00,0,0,0,,Independientes
1178,Héctor Ulloa Aguilera,party,minority_ge_05,0.05,0,0,0,,Independientes
1178,Héctor Ulloa Aguilera,party,minority_ge_10,0.10,0,0,0,,Independientes
1178,Héctor Ulloa Aguilera,party,minority_ge_20,0.20,0,0,0,,Independientes
1180,Consuelo Veloso Ávila,caucus,all,0.00,357,348,9,97.4790,Frente Amplio
1180,Consuelo Veloso Ávila,caucus,minority_ge_05,0.05,264,257,7,97.3485,Frente Amplio
1180,Consuelo Veloso Ávila,caucus,minority_ge_10,0.10,254,248,6,97.6378,Frente Amplio
1180,Consuelo Veloso Ávila,caucus,minority_ge_20,0.20,236,233,3,98.7288,Frente Amplio
1180,Consuelo Veloso Ávila,party,all,0.00,357,348,9,97.4790,Frente Amplio
1180,Consuelo Veloso Ávila,party,minority_ge_05,0.05,264,257,7,97.3485,Frente Amplio
1180,Consuelo Veloso Ávila,party,minority_ge_10,0.10,254,248,6,97.6378,Frente Amplio
1180,Consuelo Veloso Ávila,party,minority_ge_20,0.20,235,232,3,98.7234,Frente Amplio
1181,Nelson Venegas Salazar,caucus,all,0.00,333,317,16,95.1952,"Socialista, Liberal, Radical e Independientes"
1181,Nelson Venegas Salazar,caucus,minority_ge_05,0.05,255,245,10,96.0784,"Socialista, Liberal, Radical e Independientes"
1181,Nelson Venegas Salazar,caucus,minority_ge_10,0.10,247,238,9,96.3563,"Socialista, Liberal, Radical e Independientes"
1181,Nelson Venegas Salazar,caucus,minority_ge_20,0.20,229,222,7,96.9432,"Socialista, Liberal, Radical e Independientes"
1181,Nelson Venegas Salazar,party,all,0.00,334,317,17,94.9102,Partido Socialista
1181,Nelson Venegas Salazar,party,minority_ge_05,0.05,256,245,11,95.7031,Partido Socialista
1181,Nelson Venegas Salazar,party,minority_ge_10,0.10,247,237,10,95.9514,Partido Socialista
1181,Nelson Venegas Salazar,party,minority_ge_20,0.20,230,222,8,96.5217,Partido Socialista
1182,Sebastián Videla Castillo,caucus,all,0.00,350,278,72,79.4286,"Socialista, Liberal, Radical e Independientes"
1182,Sebastián Videla Castillo,caucus,minority_ge_05,0.05,262,194,68,74.0458,"Socialista, Liberal, Radical e Independientes"
1182,Sebastián Videla Castillo,caucus,minority_ge_10,0.10,251,185,66,73.7052,"Socialista, Liberal, Radical e Independientes"
1182,Sebastián Videla Castillo,caucus,minority_ge_20,0.20,232,167,65,71.9828,"Socialista, Liberal, Radical e Independientes"
1182,Sebastián Videla Castillo,party,all,0.00,0,0,0,,Independientes
1182,Sebastián Videla Castillo,party,minority_ge_05,0.05,0,0,0,,Independientes
1182,Sebastián Videla Castillo,party,minority_ge_10,0.10,0,0,0,,Independientes
1182,Sebastián Videla Castillo,party,minority_ge_20,0.20,0,0,0,,Independientes
1183,Flor Weisse Novoa,caucus,all,0.00,282,271,11,96.0993,Unión Demócrata Independiente
1183,Flor Weisse Novoa,caucus,minority_ge_05,0.05,194,185,9,95.3608,Unión Demócrata Independiente
1183,Flor Weisse Novoa,caucus,minority_ge_10,0.10,189,180,9,95.2381,Unión Demócrata Independiente
1183,Flor Weisse Novoa,caucus,minority_ge_20,0.20,172,165,7,95.9302,Unión Demócrata Independiente
1183,Flor Weisse Novoa,party,all,0.00,283,270,13,95.4064,Unión Demócrata Independiente
1183,Flor Weisse Novoa,party,minority_ge_05,0.05,195,184,11,94.3590,Unión Demócrata Independiente
1183,Flor Weisse Novoa,party,minority_ge_10,0.10,190,180,10,94.7368,Unión Demócrata Independiente
1183,Flor Weisse Novoa,party,minority_ge_20,0.20,173,165,8,95.3757,Unión Demócrata Independiente
1184,Roberto Celedón Fernández,caucus,all,0.00,364,346,18,95.0549,Frente Amplio
1184,Roberto Celedón Fernández,caucus,minority_ge_05,0.05,269,258,11,95.9108,Frente Amplio
1184,Roberto Celedón Fernández,caucus,minority_ge_10,0.10,258,249,9,96.5116,Frente Amplio
1184,Roberto Celedón Fernández,caucus,minority_ge_20,0.20,239,235,4,98.3264,Frente Amplio
1184,Roberto Celedón Fernández,party,all,0.00,0,0,0,,Independientes
1184,Roberto Celedón Fernández,party,minority_ge_05,0.05,0,0,0,,Independientes
1184,Roberto Celedón Fernández,party,minority_ge_10,0.10,0,0,0,,Independientes
1184,Roberto Celedón Fernández,party,minority_ge_20,0.20,0,0,0,,Independientes
1186,Ignacio Achurra Díaz,caucus,all,0.00,361,357,4,98.8920,Frente Amplio
1186,Ignacio Achurra Díaz,caucus,minority_ge_05,0.05,267,263,4,98.5019,Frente Amplio
1186,Ignacio Achurra Díaz,caucus,minority_ge_10,0.10,257,254,3,98.8327,Frente Amplio
1186,Ignacio Achurra Díaz,caucus,minority_ge_20,0.20,239,237,2,99.1632,Frente Amplio
1186,Ignacio Achurra Díaz,party,all,0.00,362,358,4,98.8950,Frente Amplio
1186,Ignacio Achurra Díaz,party,minority_ge_05,0.05,268,264,4,98.5075,Frente Amplio
1186,Ignacio Achurra Díaz,party,minority_ge_10,0.10,258,255,3,98.8372,Frente Amplio
1186,Ignacio Achurra Díaz,party,minority_ge_20,0.20,239,237,2,99.1632,Frente Amplio
1187,Carlo Arqueros Pizarro,caucus,all,0.00,361,361,0,100.0000,Comité Partido Republicano
1187,Carlo Arqueros Pizarro,caucus,minority_ge_05,0.05,266,266,0,100.0000,Comité Partido Republicano
1187,Carlo Arqueros Pizarro,caucus,minority_ge_10,0.10,255,255,0,100.0000,Comité Partido Republicano
1187,Carlo Arqueros Pizarro,caucus,minority_ge_20,0.20,236,236,0,100.0000,Comité Partido Republicano
1187,Carlo Arqueros Pizarro,party,all,0.00,361,361,0,100.0000,Partido Republicano
1187,Carlo Arqueros Pizarro,party,minority_ge_05,0.05,266,266,0,100.0000,Partido Republicano
1187,Carlo Arqueros Pizarro,party,minority_ge_10,0.10,255,255,0,100.0000,Partido Republicano
1187,Carlo Arqueros Pizarro,party,minority_ge_20,0.20,236,236,0,100.0000,Partido Republicano
1188,Marcos Barraza Gómez,caucus,all,0.00,364,364,0,100.0000,Comité Comunista e Independientes
1188,Marcos Barraza Gómez,caucus,minority_ge_05,0.05,269,269,0,100.0000,Comité Comunista e Independientes
1188,Marcos Barraza Gómez,caucus,minority_ge_10,0.10,258,258,0,100.0000,Comité Comunista e Independientes
1188,Marcos Barraza Gómez,caucus,minority_ge_20,0.20,239,239,0,100.0000,Comité Comunista e Independientes
1188,Marcos Barraza Gómez,party,all,0.00,364,363,1,99.7253,Partido Comunista
1188,Marcos Barraza Gómez,party,minority_ge_05,0.05,269,269,0,100.0000,Partido Comunista
1188,Marcos Barraza Gómez,party,minority_ge_10,0.10,258,258,0,100.0000,Partido Comunista
1188,Marcos Barraza Gómez,party,minority_ge_20,0.20,239,239,0,100.0000,Partido Comunista
1189,Jaime Bassa Mercado,caucus,all,0.00,350,337,13,96.2857,Frente Amplio
1189,Jaime Bassa Mercado,caucus,minority_ge_05,0.05,261,253,8,96.9349,Frente Amplio
1189,Jaime Bassa Mercado,caucus,minority_ge_10,0.10,250,243,7,97.2000,Frente Amplio
1189,Jaime Bassa Mercado,caucus,minority_ge_20,0.20,232,227,5,97.8448,Frente Amplio
1189,Jaime Bassa Mercado,party,all,0.00,350,337,13,96.2857,Frente Amplio
1189,Jaime Bassa Mercado,party,minority_ge_05,0.05,261,253,8,96.9349,Frente Amplio
1189,Jaime Bassa Mercado,party,minority_ge_10,0.10,250,243,7,97.2000,Frente Amplio
1189,Jaime Bassa Mercado,party,minority_ge_20,0.20,232,227,5,97.8448,Frente Amplio
1190,Enrique Bassaletti Riess,caucus,all,0.00,363,363,0,100.0000,Comité Partido Republicano
1190,Enrique Bassaletti Riess,caucus,minority_ge_05,0.05,269,269,0,100.0000,Comité Partido Republicano
1190,Enrique Bassaletti Riess,caucus,minority_ge_10,0.10,258,258,0,100.0000,Comité Partido Republicano
1190,Enrique Bassaletti Riess,caucus,minority_ge_20,0.20,239,239,0,100.0000,Comité Partido Republicano
1190,Enrique Bassaletti Riess,party,all,0.00,0,0,0,,Independientes
1190,Enrique Bassaletti Riess,party,minority_ge_05,0.05,0,0,0,,Independientes
1190,Enrique Bassaletti Riess,party,minority_ge_10,0.10,0,0,0,,Independientes
1190,Enrique Bassaletti Riess,party,minority_ge_20,0.20,0,0,0,,Independientes
1191,Valentina Becerra Peña,caucus,all,0.00,348,348,0,100.0000,Comité Partido Republicano
1191,Valentina Becerra Peña,caucus,minority_ge_05,0.05,263,263,0,100.0000,Comité Partido Republicano
1191,Valentina Becerra Peña,caucus,minority_ge_10,0.10,252,252,0,100.0000,Comité Partido Republicano
1191,Valentina Becerra Peña,caucus,minority_ge_20,0.20,233,233,0,100.0000,Comité Partido Republicano
1191,Valentina Becerra Peña,party,all,0.00,348,348,0,100.0000,Partido Republicano
1191,Valentina Becerra Peña,party,minority_ge_05,0.05,263,263,0,100.0000,Partido Republicano
1191,Valentina Becerra Peña,party,minority_ge_10,0.10,252,252,0,100.0000,Partido Republicano
1191,Valentina Becerra Peña,party,minority_ge_20,0.20,233,233,0,100.0000,Partido Republicano
1192,Lilian Betancurt Delgado,caucus,all,0.00,208,184,24,88.4615,Comité Partido de la Gente
1192,Lilian Betancurt Delgado,caucus,minority_ge_05,0.05,154,130,24,84.4156,Comité Partido de la Gente
1192,Lilian Betancurt Delgado,caucus,minority_ge_10,0.10,145,121,24,83.4483,Comité Partido de la Gente
1192,Lilian Betancurt Delgado,caucus,minority_ge_20,0.20,133,110,23,82.7068,Comité Partido de la Gente
1192,Lilian Betancurt Delgado,party,all,0.00,214,189,25,88.3178,Partido de la Gente
1192,Lilian Betancurt Delgado,party,minority_ge_05,0.05,160,135,25,84.3750,Partido de la Gente
1192,Lilian Betancurt Delgado,party,minority_ge_10,0.10,151,126,25,83.4437,Partido de la Gente
1192,Lilian Betancurt Delgado,party,minority_ge_20,0.20,139,115,24,82.7338,Partido de la Gente
1193,Patricio Briones Moller,caucus,all,0.00,351,334,17,95.1567,Comité Partido de la Gente
1193,Patricio Briones Moller,caucus,minority_ge_05,0.05,256,239,17,93.3594,Comité Partido de la Gente
1193,Patricio Briones Moller,caucus,minority_ge_10,0.10,245,228,17,93.0612,Comité Partido de la Gente
1193,Patricio Briones Moller,caucus,minority_ge_20,0.20,227,211,16,92.9515,Comité Partido de la Gente
1193,Patricio Briones Moller,party,all,0.00,362,343,19,94.7514,Partido de la Gente
1193,Patricio Briones Moller,party,minority_ge_05,0.05,267,248,19,92.8839,Partido de la Gente
1193,Patricio Briones Moller,party,minority_ge_10,0.10,256,237,19,92.5781,Partido de la Gente
1193,Patricio Briones Moller,party,minority_ge_20,0.20,237,219,18,92.4051,Partido de la Gente
1194,Daniel Bustos Leal,caucus,all,0.00,364,364,0,100.0000,Comité Partido Republicano
1194,Daniel Bustos Leal,caucus,minority_ge_05,0.05,269,269,0,100.0000,Comité Partido Republicano
1194,Daniel Bustos Leal,caucus,minority_ge_10,0.10,258,258,0,100.0000,Comité Partido Republicano
1194,Daniel Bustos Leal,caucus,minority_ge_20,0.20,239,239,0,100.0000,Comité Partido Republicano
1194,Daniel Bustos Leal,party,all,0.00,364,364,0,100.0000,Partido Republicano
1194,Daniel Bustos Leal,party,minority_ge_05,0.05,269,269,0,100.0000,Partido Republicano
1194,Daniel Bustos Leal,party,minority_ge_10,0.10,258,258,0,100.0000,Partido Republicano
1194,Daniel Bustos Leal,party,minority_ge_20,0.20,239,239,0,100.0000,Partido Republicano
1195,Carlos Carvajal Gallardo,caucus,all,0.00,352,337,15,95.7386,Partido Por la Democracia e Independientes
1195,Carlos Carvajal Gallardo,caucus,minority_ge_05,0.05,260,246,14,94.6154,Partido Por la Democracia e Independientes
1195,Carlos Carvajal Gallardo,caucus,minority_ge_10,0.10,249,235,14,94.3775,Partido Por la Democracia e Independientes
1195,Carlos Carvajal Gallardo,caucus,minority_ge_20,0.20,231,218,13,94.3723,Partido Por la Democracia e Independientes
1195,Carlos Carvajal Gallardo,party,all,0.00,0,0,0,,Independientes
1195,Carlos Carvajal Gallardo,party,minority_ge_05,0.05,0,0,0,,Independientes
1195,Carlos Carvajal Gallardo,party,minority_ge_10,0.10,0,0,0,,Independientes
1195,Carlos Carvajal Gallardo,party,minority_ge_20,0.20,0,0,0,,Independientes
1196,Priscilla Castillo Gerli,caucus,all,0.00,363,336,27,92.5620,"Comité Democracia Cristiana, Federación Regionalista Verde Social e Independientes"
1196,Priscilla Castillo Gerli,caucus,minority_ge_05,0.05,268,242,26,90.2985,"Comité Democracia Cristiana, Federación Regionalista Verde Social e Independientes"
1196,Priscilla Castillo Gerli,caucus,minority_ge_10,0.10,257,231,26,89.8833,"Comité Democracia Cristiana, Federación Regionalista Verde Social e Independientes"
1196,Priscilla Castillo Gerli,caucus,minority_ge_20,0.20,238,212,26,89.0756,"Comité Democracia Cristiana, Federación Regionalista Verde Social e Independientes"
1196,Priscilla Castillo Gerli,party,all,0.00,359,335,24,93.3148,Partido Demócrata Cristiano
1196,Priscilla Castillo Gerli,party,minority_ge_05,0.05,265,242,23,91.3208,Partido Demócrata Cristiano
1196,Priscilla Castillo Gerli,party,minority_ge_10,0.10,254,231,23,90.9449,Partido Demócrata Cristiano
1196,Priscilla Castillo Gerli,party,minority_ge_20,0.20,235,212,23,90.2128,Partido Demócrata Cristiano
1197,Carlos Chandía Alarcón,caucus,all,0.00,354,331,23,93.5028,"Renovación Nacional, Evopoli e Independientes"
1197,Carlos Chandía Alarcón,caucus,minority_ge_05,0.05,260,238,22,91.5385,"Renovación Nacional, Evopoli e Independientes"
1197,Carlos Chandía Alarcón,caucus,minority_ge_10,0.10,252,231,21,91.6667,"Renovación Nacional, Evopoli e Independientes"
1197,Carlos Chandía Alarcón,caucus,minority_ge_20,0.20,235,217,18,92.3404,"Renovación Nacional, Evopoli e Independientes"
1197,Carlos Chandía Alarcón,party,all,0.00,353,329,24,93.2011,Renovación Nacional
1197,Carlos Chandía Alarcón,party,minority_ge_05,0.05,259,236,23,91.1197,Renovación Nacional
1197,Carlos Chandía Alarcón,party,minority_ge_10,0.10,251,229,22,91.2351,Renovación Nacional
1197,Carlos Chandía Alarcón,party,minority_ge_20,0.20,235,216,19,91.9149,Renovación Nacional
1198,Paz Charpentier Rajcevich,caucus,all,0.00,360,360,0,100.0000,Comité Partido Republicano
1198,Paz Charpentier Rajcevich,caucus,minority_ge_05,0.05,268,268,0,100.0000,Comité Partido Republicano
1198,Paz Charpentier Rajcevich,caucus,minority_ge_10,0.10,257,257,0,100.0000,Comité Partido Republicano
1198,Paz Charpentier Rajcevich,caucus,minority_ge_20,0.20,238,238,0,100.0000,Comité Partido Republicano
1198,Paz Charpentier Rajcevich,party,all,0.00,360,360,0,100.0000,Partido Republicano
1198,Paz Charpentier Rajcevich,party,minority_ge_05,0.05,268,268,0,100.0000,Partido Republicano
1198,Paz Charpentier Rajcevich,party,minority_ge_10,0.10,257,257,0,100.0000,Partido Republicano
1198,Paz Charpentier Rajcevich,party,minority_ge_20,0.20,238,238,0,100.0000,Partido Republicano
1199,Jaime Coloma Álamos,caucus,all,0.00,363,353,10,97.2452,Unión Demócrata Independiente
1199,Jaime Coloma Álamos,caucus,minority_ge_05,0.05,268,259,9,96.6418,Unión Demócrata Independiente
1199,Jaime Coloma Álamos,caucus,minority_ge_10,0.10,257,250,7,97.2763,Unión Demócrata Independiente
1199,Jaime Coloma Álamos,caucus,minority_ge_20,0.20,238,234,4,98.3193,Unión Demócrata Independiente
1199,Jaime Coloma Álamos,party,all,0.00,364,353,11,96.9780,Unión Demócrata Independiente
1199,Jaime Coloma Álamos,party,minority_ge_05,0.05,269,259,10,96.2825,Unión Demócrata Independiente
1199,Jaime Coloma Álamos,party,minority_ge_10,0.10,258,250,8,96.8992,Unión Demócrata Independiente
1199,Jaime Coloma Álamos,party,minority_ge_20,0.20,239,234,5,97.9079,Unión Demócrata Independiente
1200,Cristian Contreras Radovic,caucus,all,0.00,21,20,1,95.2381,Comité Partido de la Gente;Fuera del Comité Partido de la Gente
1200,Cristian Contreras Radovic,caucus,minority_ge_05,0.05,14,13,1,92.8571,Comité Partido de la Gente;Fuera del Comité Partido de la Gente
1200,Cristian Contreras Radovic,caucus,minority_ge_10,0.10,11,10,1,90.9091,Comité Partido de la Gente;Fuera del Comité Partido de la Gente
1200,Cristian Contreras Radovic,caucus,minority_ge_20,0.20,4,3,1,75.0000,Comité Partido de la Gente;Fuera del Comité Partido de la Gente
1200,Cristian Contreras Radovic,party,all,0.00,351,254,97,72.3647,Partido de la Gente
1200,Cristian Contreras Radovic,party,minority_ge_05,0.05,265,168,97,63.3962,Partido de la Gente
1200,Cristian Contreras Radovic,party,minority_ge_10,0.10,254,159,95,62.5984,Partido de la Gente
1200,Cristian Contreras Radovic,party,minority_ge_20,0.20,236,143,93,60.5932,Partido de la Gente
1201,Flor Contreras Vivallo,caucus,all,0.00,349,326,23,93.4097,Comité Partido de la Gente
1201,Flor Contreras Vivallo,caucus,minority_ge_05,0.05,257,234,23,91.0506,Comité Partido de la Gente
1201,Flor Contreras Vivallo,caucus,minority_ge_10,0.10,246,223,23,90.6504,Comité Partido de la Gente
1201,Flor Contreras Vivallo,caucus,minority_ge_20,0.20,228,205,23,89.9123,Comité Partido de la Gente
1201,Flor Contreras Vivallo,party,all,0.00,359,333,26,92.7577,Partido de la Gente
1201,Flor Contreras Vivallo,party,minority_ge_05,0.05,267,241,26,90.2622,Partido de la Gente
1201,Flor Contreras Vivallo,party,minority_ge_10,0.10,256,230,26,89.8438,Partido de la Gente
1201,Flor Contreras Vivallo,party,minority_ge_20,0.20,237,211,26,89.0295,Partido de la Gente
1202,Eduardo Cretton Rebolledo,caucus,all,0.00,363,351,12,96.6942,Unión Demócrata Independiente
1202,Eduardo Cretton Rebolledo,caucus,minority_ge_05,0.05,268,259,9,96.6418,Unión Demócrata Independiente
1202,Eduardo Cretton Rebolledo,caucus,minority_ge_10,0.10,257,250,7,97.2763,Unión Demócrata Independiente
1202,Eduardo Cretton Rebolledo,caucus,minority_ge_20,0.20,238,234,4,98.3193,Unión Demócrata Independiente
1202,Eduardo Cretton Rebolledo,party,all,0.00,364,351,13,96.4286,Unión Demócrata Independiente
1202,Eduardo Cretton Rebolledo,party,minority_ge_05,0.05,269,259,10,96.2825,Unión Demócrata Independiente
1202,Eduardo Cretton Rebolledo,party,minority_ge_10,0.10,258,250,8,96.8992,Unión Demócrata Independiente
1202,Eduardo Cretton Rebolledo,party,minority_ge_20,0.20,239,234,5,97.9079,Unión Demócrata Independiente
1203,Sebastián Cristoffanini Jaraquemada,caucus,all,0.00,360,360,0,100.0000,Comité Partido Republicano
1203,Sebastián Cristoffanini Jaraquemada,caucus,minority_ge_05,0.05,266,266,0,100.0000,Comité Partido Republicano
1203,Sebastián Cristoffanini Jaraquemada,caucus,minority_ge_10,0.10,255,255,0,100.0000,Comité Partido Republicano
1203,Sebastián Cristoffanini Jaraquemada,caucus,minority_ge_20,0.20,236,236,0,100.0000,Comité Partido Republicano
1203,Sebastián Cristoffanini Jaraquemada,party,all,0.00,360,360,0,100.0000,Partido Republicano
1203,Sebastián Cristoffanini Jaraquemada,party,minority_ge_05,0.05,266,266,0,100.0000,Partido Republicano
1203,Sebastián Cristoffanini Jaraquemada,party,minority_ge_10,0.10,255,255,0,100.0000,Partido Republicano
1203,Sebastián Cristoffanini Jaraquemada,party,minority_ge_20,0.20,236,236,0,100.0000,Partido Republicano
1204,Francisco Crisóstomo Llanos,caucus,all,0.00,361,348,13,96.3989,"Socialista, Liberal, Radical e Independientes"
1204,Francisco Crisóstomo Llanos,caucus,minority_ge_05,0.05,266,253,13,95.1128,"Socialista, Liberal, Radical e Independientes"
1204,Francisco Crisóstomo Llanos,caucus,minority_ge_10,0.10,255,244,11,95.6863,"Socialista, Liberal, Radical e Independientes"
1204,Francisco Crisóstomo Llanos,caucus,minority_ge_20,0.20,236,228,8,96.6102,"Socialista, Liberal, Radical e Independientes"
1204,Francisco Crisóstomo Llanos,party,all,0.00,362,349,13,96.4088,Partido Socialista
1204,Francisco Crisóstomo Llanos,party,minority_ge_05,0.05,267,254,13,95.1311,Partido Socialista
1204,Francisco Crisóstomo Llanos,party,minority_ge_10,0.10,257,246,11,95.7198,Partido Socialista
1204,Francisco Crisóstomo Llanos,party,minority_ge_20,0.20,239,231,8,96.6527,Partido Socialista
1205,Carlos Cuadrado Prats,caucus,all,0.00,334,311,23,93.1138,Partido Por la Democracia e Independientes
1205,Carlos Cuadrado Prats,caucus,minority_ge_05,0.05,248,228,20,91.9355,Partido Por la Democracia e Independientes
1205,Carlos Cuadrado Prats,caucus,minority_ge_10,0.10,237,217,20,91.5612,Partido Por la Democracia e Independientes
1205,Carlos Cuadrado Prats,caucus,minority_ge_20,0.20,218,200,18,91.7431,Partido Por la Democracia e Independientes
1205,Carlos Cuadrado Prats,party,all,0.00,331,319,12,96.3746,Partido Por la Democracia
1205,Carlos Cuadrado Prats,party,minority_ge_05,0.05,245,236,9,96.3265,Partido Por la Democracia
1205,Carlos Cuadrado Prats,party,minority_ge_10,0.10,234,225,9,96.1538,Partido Por la Democracia
1205,Carlos Cuadrado Prats,party,minority_ge_20,0.20,215,207,8,96.2791,Partido Por la Democracia
1206,Carolina Cucumides Calderón,caucus,all,0.00,360,348,12,96.6667,"Socialista, Liberal, Radical e Independientes"
1206,Carolina Cucumides Calderón,caucus,minority_ge_05,0.05,265,254,11,95.8491,"Socialista, Liberal, Radical e Independientes"
1206,Carolina Cucumides Calderón,caucus,minority_ge_10,0.10,254,245,9,96.4567,"Socialista, Liberal, Radical e Independientes"
1206,Carolina Cucumides Calderón,caucus,minority_ge_20,0.20,235,229,6,97.4468,"Socialista, Liberal, Radical e Independientes"
1206,Carolina Cucumides Calderón,party,all,0.00,0,0,0,,Independientes
1206,Carolina Cucumides Calderón,party,minority_ge_05,0.05,0,0,0,,Independientes
1206,Carolina Cucumides Calderón,party,minority_ge_10,0.10,0,0,0,,Independientes
1206,Carolina Cucumides Calderón,party,minority_ge_20,0.20,0,0,0,,Independientes
1207,Valentina Cáceres Monsálvez,caucus,all,0.00,349,333,16,95.4155,Frente Amplio
1207,Valentina Cáceres Monsálvez,caucus,minority_ge_05,0.05,257,244,13,94.9416,Frente Amplio
1207,Valentina Cáceres Monsálvez,caucus,minority_ge_10,0.10,246,235,11,95.5285,Frente Amplio
1207,Valentina Cáceres Monsálvez,caucus,minority_ge_20,0.20,229,222,7,96.9432,Frente Amplio
1207,Valentina Cáceres Monsálvez,party,all,0.00,0,0,0,,Independientes
1207,Valentina Cáceres Monsálvez,party,minority_ge_05,0.05,0,0,0,,Independientes
1207,Valentina Cáceres Monsálvez,party,minority_ge_10,0.10,0,0,0,,Independientes
1207,Valentina Cáceres Monsálvez,party,minority_ge_20,0.20,0,0,0,,Independientes
1208,Jorge Díaz Ibarra,caucus,all,0.00,347,335,12,96.5418,"Comité Democracia Cristiana, Federación Regionalista Verde Social e Independientes"
1208,Jorge Díaz Ibarra,caucus,minority_ge_05,0.05,256,246,10,96.0938,"Comité Democracia Cristiana, Federación Regionalista Verde Social e Independientes"
1208,Jorge Díaz Ibarra,caucus,minority_ge_10,0.10,245,235,10,95.9184,"Comité Democracia Cristiana, Federación Regionalista Verde Social e Independientes"
1208,Jorge Díaz Ibarra,caucus,minority_ge_20,0.20,226,216,10,95.5752,"Comité Democracia Cristiana, Federación Regionalista Verde Social e Independientes"
1208,Jorge Díaz Ibarra,party,all,0.00,343,334,9,97.3761,Partido Demócrata Cristiano
1208,Jorge Díaz Ibarra,party,minority_ge_05,0.05,252,245,7,97.2222,Partido Demócrata Cristiano
1208,Jorge Díaz Ibarra,party,minority_ge_10,0.10,241,234,7,97.0954,Partido Demócrata Cristiano
1208,Jorge Díaz Ibarra,party,minority_ge_20,0.20,222,215,7,96.8468,Partido Demócrata Cristiano
1209,Matías Fernández Hartwig,caucus,all,0.00,362,357,5,98.6188,Frente Amplio
1209,Matías Fernández Hartwig,caucus,minority_ge_05,0.05,267,263,4,98.5019,Frente Amplio
1209,Matías Fernández Hartwig,caucus,minority_ge_10,0.10,257,254,3,98.8327,Frente Amplio
1209,Matías Fernández Hartwig,caucus,minority_ge_20,0.20,239,238,1,99.5816,Frente Amplio
1209,Matías Fernández Hartwig,party,all,0.00,362,357,5,98.6188,Frente Amplio
1209,Matías Fernández Hartwig,party,minority_ge_05,0.05,267,263,4,98.5019,Frente Amplio
1209,Matías Fernández Hartwig,party,minority_ge_10,0.10,257,254,3,98.8327,Frente Amplio
1209,Matías Fernández Hartwig,party,minority_ge_20,0.20,238,237,1,99.5798,Frente Amplio
1210,Gustavo Gatica Villarroel,caucus,all,0.00,354,352,2,99.4350,Comité Comunista e Independientes
1210,Gustavo Gatica Villarroel,caucus,minority_ge_05,0.05,266,265,1,99.6241,Comité Comunista e Independientes
1210,Gustavo Gatica Villarroel,caucus,minority_ge_10,0.10,255,255,0,100.0000,Comité Comunista e Independientes
1210,Gustavo Gatica Villarroel,caucus,minority_ge_20,0.20,236,236,0,100.0000,Comité Comunista e Independientes
1210,Gustavo Gatica Villarroel,party,all,0.00,0,0,0,,Independientes
1210,Gustavo Gatica Villarroel,party,minority_ge_05,0.05,0,0,0,,Independientes
1210,Gustavo Gatica Villarroel,party,minority_ge_10,0.10,0,0,0,,Independientes
1210,Gustavo Gatica Villarroel,party,minority_ge_20,0.20,0,0,0,,Independientes
1211,Sofía González Cortés,caucus,all,0.00,355,353,2,99.4366,Comité Comunista e Independientes
1211,Sofía González Cortés,caucus,minority_ge_05,0.05,267,266,1,99.6255,Comité Comunista e Independientes
1211,Sofía González Cortés,caucus,minority_ge_10,0.10,256,255,1,99.6094,Comité Comunista e Independientes
1211,Sofía González Cortés,caucus,minority_ge_20,0.20,237,236,1,99.5781,Comité Comunista e Independientes
1211,Sofía González Cortés,party,all,0.00,355,353,2,99.4366,Partido Comunista
1211,Sofía González Cortés,party,minority_ge_05,0.05,267,266,1,99.6255,Partido Comunista
1211,Sofía González Cortés,party,minority_ge_10,0.10,256,255,1,99.6094,Partido Comunista
1211,Sofía González Cortés,party,minority_ge_20,0.20,237,236,1,99.5781,Partido Comunista
1212,Erich Grohs Marín,caucus,all,0.00,336,334,2,99.4048,Comité Partido Nacional Libertarios
1212,Erich Grohs Marín,caucus,minority_ge_05,0.05,262,260,2,99.2366,Comité Partido Nacional Libertarios
1212,Erich Grohs Marín,caucus,minority_ge_10,0.10,251,249,2,99.2032,Comité Partido Nacional Libertarios
1212,Erich Grohs Marín,caucus,minority_ge_20,0.20,232,230,2,99.1379,Comité Partido Nacional Libertarios
1212,Erich Grohs Marín,party,all,0.00,336,334,2,99.4048,Partido Nacional Libertario
1212,Erich Grohs Marín,party,minority_ge_05,0.05,262,260,2,99.2366,Partido Nacional Libertario
1212,Erich Grohs Marín,party,minority_ge_10,0.10,251,249,2,99.2032,Partido Nacional Libertario
1212,Erich Grohs Marín,party,minority_ge_20,0.20,232,230,2,99.1379,Partido Nacional Libertario
1213,Irací Hassler Jacob,caucus,all,0.00,364,364,0,100.0000,Comité Comunista e Independientes
1213,Irací Hassler Jacob,caucus,minority_ge_05,0.05,269,269,0,100.0000,Comité Comunista e Independientes
1213,Irací Hassler Jacob,caucus,minority_ge_10,0.10,258,258,0,100.0000,Comité Comunista e Independientes
1213,Irací Hassler Jacob,caucus,minority_ge_20,0.20,239,239,0,100.0000,Comité Comunista e Independientes
1213,Irací Hassler Jacob,party,all,0.00,364,363,1,99.7253,Partido Comunista
1213,Irací Hassler Jacob,party,minority_ge_05,0.05,269,269,0,100.0000,Partido Comunista
1213,Irací Hassler Jacob,party,minority_ge_10,0.10,258,258,0,100.0000,Partido Comunista
1213,Irací Hassler Jacob,party,minority_ge_20,0.20,239,239,0,100.0000,Partido Comunista
1214,Constanza Hube Portus,caucus,all,0.00,363,342,21,94.2149,Unión Demócrata Independiente
1214,Constanza Hube Portus,caucus,minority_ge_05,0.05,268,253,15,94.4030,Unión Demócrata Independiente
1214,Constanza Hube Portus,caucus,minority_ge_10,0.10,257,244,13,94.9416,Unión Demócrata Independiente
1214,Constanza Hube Portus,caucus,minority_ge_20,0.20,238,228,10,95.7983,Unión Demócrata Independiente
1214,Constanza Hube Portus,party,all,0.00,364,343,21,94.2308,Unión Demócrata Independiente
1214,Constanza Hube Portus,party,minority_ge_05,0.05,269,254,15,94.4238,Unión Demócrata Independiente
1214,Constanza Hube Portus,party,minority_ge_10,0.10,258,245,13,94.9612,Unión Demócrata Independiente
1214,Constanza Hube Portus,party,minority_ge_20,0.20,239,229,10,95.8159,Unión Demócrata Independiente
1215,Álvaro Jofré Cáceres,caucus,all,0.00,362,360,2,99.4475,Comité Partido Nacional Libertarios
1215,Álvaro Jofré Cáceres,caucus,minority_ge_05,0.05,267,267,0,100.0000,Comité Partido Nacional Libertarios
1215,Álvaro Jofré Cáceres,caucus,minority_ge_10,0.10,256,256,0,100.0000,Comité Partido Nacional Libertarios
1215,Álvaro Jofré Cáceres,caucus,minority_ge_20,0.20,237,237,0,100.0000,Comité Partido Nacional Libertarios
1215,Álvaro Jofré Cáceres,party,all,0.00,362,360,2,99.4475,Partido Nacional Libertario
1215,Álvaro Jofré Cáceres,party,minority_ge_05,0.05,267,267,0,100.0000,Partido Nacional Libertario
1215,Álvaro Jofré Cáceres,party,minority_ge_10,0.10,256,256,0,100.0000,Partido Nacional Libertario
1215,Álvaro Jofré Cáceres,party,minority_ge_20,0.20,237,237,0,100.0000,Partido Nacional Libertario
1216,Stephanie Jéldrez Ortiz,caucus,all,0.00,356,356,0,100.0000,Comité Partido Republicano
1216,Stephanie Jéldrez Ortiz,caucus,minority_ge_05,0.05,267,267,0,100.0000,Comité Partido Republicano
1216,Stephanie Jéldrez Ortiz,caucus,minority_ge_10,0.10,256,256,0,100.0000,Comité Partido Republicano
1216,Stephanie Jéldrez Ortiz,caucus,minority_ge_20,0.20,238,238,0,100.0000,Comité Partido Republicano
1216,Stephanie Jéldrez Ortiz,party,all,0.00,356,356,0,100.0000,Partido Republicano
1216,Stephanie Jéldrez Ortiz,party,minority_ge_05,0.05,267,267,0,100.0000,Partido Republicano
1216,Stephanie Jéldrez Ortiz,party,minority_ge_10,0.10,256,256,0,100.0000,Partido Republicano
1216,Stephanie Jéldrez Ortiz,party,minority_ge_20,0.20,238,238,0,100.0000,Partido Republicano
1217,Pier Karlezi Hazleby,caucus,all,0.00,345,340,5,98.5507,Comité Partido Nacional Libertarios
1217,Pier Karlezi Hazleby,caucus,minority_ge_05,0.05,253,251,2,99.2095,Comité Partido Nacional Libertarios
1217,Pier Karlezi Hazleby,caucus,minority_ge_10,0.10,242,240,2,99.1736,Comité Partido Nacional Libertarios
1217,Pier Karlezi Hazleby,caucus,minority_ge_20,0.20,226,224,2,99.1150,Comité Partido Nacional Libertarios
1217,Pier Karlezi Hazleby,party,all,0.00,345,340,5,98.5507,Partido Nacional Libertario
1217,Pier Karlezi Hazleby,party,minority_ge_05,0.05,253,251,2,99.2095,Partido Nacional Libertario
1217,Pier Karlezi Hazleby,party,minority_ge_10,0.10,242,240,2,99.1736,Partido Nacional Libertario
1217,Pier Karlezi Hazleby,party,minority_ge_20,0.20,226,224,2,99.1150,Partido Nacional Libertario
1218,José Antonio Kast Adriasola,caucus,all,0.00,363,363,0,100.0000,Comité Partido Republicano
1218,José Antonio Kast Adriasola,caucus,minority_ge_05,0.05,268,268,0,100.0000,Comité Partido Republicano
1218,José Antonio Kast Adriasola,caucus,minority_ge_10,0.10,257,257,0,100.0000,Comité Partido Republicano
1218,José Antonio Kast Adriasola,caucus,minority_ge_20,0.20,238,238,0,100.0000,Comité Partido Republicano
1218,José Antonio Kast Adriasola,party,all,0.00,363,363,0,100.0000,Partido Republicano
1218,José Antonio Kast Adriasola,party,minority_ge_05,0.05,268,268,0,100.0000,Partido Republicano
1218,José Antonio Kast Adriasola,party,minority_ge_10,0.10,257,257,0,100.0000,Partido Republicano
1218,José Antonio Kast Adriasola,party,minority_ge_20,0.20,238,238,0,100.0000,Partido Republicano
1219,Tomás Kast Sommerhoff,caucus,all,0.00,337,325,12,96.4392,"Renovación Nacional, Evopoli e Independientes"
1219,Tomás Kast Sommerhoff,caucus,minority_ge_05,0.05,257,245,12,95.3307,"Renovación Nacional, Evopoli e Independientes"
1219,Tomás Kast Sommerhoff,caucus,minority_ge_10,0.10,246,236,10,95.9350,"Renovación Nacional, Evopoli e Independientes"
1219,Tomás Kast Sommerhoff,caucus,minority_ge_20,0.20,227,220,7,96.9163,"Renovación Nacional, Evopoli e Independientes"
1219,Tomás Kast Sommerhoff,party,all,0.00,0,0,0,,Evolución Política
1219,Tomás Kast Sommerhoff,party,minority_ge_05,0.05,0,0,0,,Evolución Política
1219,Tomás Kast Sommerhoff,party,minority_ge_10,0.10,0,0,0,,Evolución Política
1219,Tomás Kast Sommerhoff,party,minority_ge_20,0.20,0,0,0,,Evolución Política
1220,Leandro Kunstmann Collado,caucus,all,0.00,363,362,1,99.7245,Comité Partido Republicano
1220,Leandro Kunstmann Collado,caucus,minority_ge_05,0.05,268,268,0,100.0000,Comité Partido Republicano
1220,Leandro Kunstmann Collado,caucus,minority_ge_10,0.10,257,257,0,100.0000,Comité Partido Republicano
1220,Leandro Kunstmann Collado,caucus,minority_ge_20,0.20,238,238,0,100.0000,Comité Partido Republicano
1220,Leandro Kunstmann Collado,party,all,0.00,363,362,1,99.7245,Partido Republicano
1220,Leandro Kunstmann Collado,party,minority_ge_05,0.05,268,268,0,100.0000,Partido Republicano
1220,Leandro Kunstmann Collado,party,minority_ge_10,0.10,257,257,0,100.0000,Partido Republicano
1220,Leandro Kunstmann Collado,party,minority_ge_20,0.20,238,238,0,100.0000,Partido Republicano
1221,Benjamín Lorca Inzunza,caucus,all,0.00,361,361,0,100.0000,Comité Partido Republicano
1221,Benjamín Lorca Inzunza,caucus,minority_ge_05,0.05,266,266,0,100.0000,Comité Partido Republicano
1221,Benjamín Lorca Inzunza,caucus,minority_ge_10,0.10,256,256,0,100.0000,Comité Partido Republicano
1221,Benjamín Lorca Inzunza,caucus,minority_ge_20,0.20,237,237,0,100.0000,Comité Partido Republicano
1221,Benjamín Lorca Inzunza,party,all,0.00,361,361,0,100.0000,Partido Republicano
1221,Benjamín Lorca Inzunza,party,minority_ge_05,0.05,266,266,0,100.0000,Partido Republicano
1221,Benjamín Lorca Inzunza,party,minority_ge_10,0.10,256,256,0,100.0000,Partido Republicano
1221,Benjamín Lorca Inzunza,party,minority_ge_20,0.20,237,237,0,100.0000,Partido Republicano
1222,Andrea Macías Palma,caucus,all,0.00,345,322,23,93.3333,"Socialista, Liberal, Radical e Independientes"
1222,Andrea Macías Palma,caucus,minority_ge_05,0.05,260,240,20,92.3077,"Socialista, Liberal, Radical e Independientes"
1222,Andrea Macías Palma,caucus,minority_ge_10,0.10,251,234,17,93.2271,"Socialista, Liberal, Radical e Independientes"
1222,Andrea Macías Palma,caucus,minority_ge_20,0.20,232,224,8,96.5517,"Socialista, Liberal, Radical e Independientes"
1222,Andrea Macías Palma,party,all,0.00,348,326,22,93.6782,Partido Socialista
1222,Andrea Macías Palma,party,minority_ge_05,0.05,263,244,19,92.7757,Partido Socialista
1222,Andrea Macías Palma,party,minority_ge_10,0.10,254,237,17,93.3071,Partido Socialista
1222,Andrea Macías Palma,party,minority_ge_20,0.20,236,228,8,96.6102,Partido Socialista
1223,Hans Marowski Cuevas,caucus,all,0.00,335,332,3,99.1045,Comité Partido Nacional Libertarios
1223,Hans Marowski Cuevas,caucus,minority_ge_05,0.05,250,249,1,99.6000,Comité Partido Nacional Libertarios
1223,Hans Marowski Cuevas,caucus,minority_ge_10,0.10,239,238,1,99.5816,Comité Partido Nacional Libertarios
1223,Hans Marowski Cuevas,caucus,minority_ge_20,0.20,220,219,1,99.5455,Comité Partido Nacional Libertarios
1223,Hans Marowski Cuevas,party,all,0.00,335,332,3,99.1045,Partido Nacional Libertario
1223,Hans Marowski Cuevas,party,minority_ge_05,0.05,250,249,1,99.6000,Partido Nacional Libertario
1223,Hans Marowski Cuevas,party,minority_ge_10,0.10,239,238,1,99.5816,Partido Nacional Libertario
1223,Hans Marowski Cuevas,party,minority_ge_20,0.20,220,219,1,99.5455,Partido Nacional Libertario
1224,Cristian Mella Andaur,caucus,all,0.00,359,346,13,96.3788,"Comité Democracia Cristiana, Federación Regionalista Verde Social e Independientes"
1224,Cristian Mella Andaur,caucus,minority_ge_05,0.05,265,252,13,95.0943,"Comité Democracia Cristiana, Federación Regionalista Verde Social e Independientes"
1224,Cristian Mella Andaur,caucus,minority_ge_10,0.10,254,241,13,94.8819,"Comité Democracia Cristiana, Federación Regionalista Verde Social e Independientes"
1224,Cristian Mella Andaur,caucus,minority_ge_20,0.20,237,224,13,94.5148,"Comité Democracia Cristiana, Federación Regionalista Verde Social e Independientes"
1224,Cristian Mella Andaur,party,all,0.00,356,344,12,96.6292,Partido Demócrata Cristiano
1224,Cristian Mella Andaur,party,minority_ge_05,0.05,263,251,12,95.4373,Partido Demócrata Cristiano
1224,Cristian Mella Andaur,party,minority_ge_10,0.10,252,240,12,95.2381,Partido Demócrata Cristiano
1224,Cristian Mella Andaur,party,minority_ge_20,0.20,235,223,12,94.8936,Partido Demócrata Cristiano
1225,Cristian Menchaca Pinochet,caucus,all,0.00,349,348,1,99.7135,Comité Partido Republicano
1225,Cristian Menchaca Pinochet,caucus,minority_ge_05,0.05,259,259,0,100.0000,Comité Partido Republicano
1225,Cristian Menchaca Pinochet,caucus,minority_ge_10,0.10,248,248,0,100.0000,Comité Partido Republicano
1225,Cristian Menchaca Pinochet,caucus,minority_ge_20,0.20,231,231,0,100.0000,Comité Partido Republicano
1225,Cristian Menchaca Pinochet,party,all,0.00,0,0,0,,Independientes
1225,Cristian Menchaca Pinochet,party,minority_ge_05,0.05,0,0,0,,Independientes
1225,Cristian Menchaca Pinochet,party,minority_ge_10,0.10,0,0,0,,Independientes
1225,Cristian Menchaca Pinochet,party,minority_ge_20,0.20,0,0,0,,Independientes
1226,José Montalva Feuerhake,caucus,all,0.00,361,330,31,91.4127,Partido Por la Democracia e Independientes
1226,José Montalva Feuerhake,caucus,minority_ge_05,0.05,268,239,29,89.1791,Partido Por la Democracia e Independientes
1226,José Montalva Feuerhake,caucus,minority_ge_10,0.10,257,229,28,89.1051,Partido Por la Democracia e Independientes
1226,José Montalva Feuerhake,caucus,minority_ge_20,0.20,238,213,25,89.4958,Partido Por la Democracia e Independientes
1226,José Montalva Feuerhake,party,all,0.00,0,0,0,,Independientes
1226,José Montalva Feuerhake,party,minority_ge_05,0.05,0,0,0,,Independientes
1226,José Montalva Feuerhake,party,minority_ge_10,0.10,0,0,0,,Independientes
1226,José Montalva Feuerhake,party,minority_ge_20,0.20,0,0,0,,Independientes
1227,Claudia Mora Vega,caucus,all,0.00,359,349,10,97.2145,"Renovación Nacional, Evopoli e Independientes"
1227,Claudia Mora Vega,caucus,minority_ge_05,0.05,266,256,10,96.2406,"Renovación Nacional, Evopoli e Independientes"
1227,Claudia Mora Vega,caucus,minority_ge_10,0.10,256,247,9,96.4844,"Renovación Nacional, Evopoli e Independientes"
1227,Claudia Mora Vega,caucus,minority_ge_20,0.20,238,231,7,97.0588,"Renovación Nacional, Evopoli e Independientes"
1227,Claudia Mora Vega,party,all,0.00,359,349,10,97.2145,Renovación Nacional
1227,Claudia Mora Vega,party,minority_ge_05,0.05,266,256,10,96.2406,Renovación Nacional
1227,Claudia Mora Vega,party,minority_ge_10,0.10,255,246,9,96.4706,Renovación Nacional
1227,Claudia Mora Vega,party,minority_ge_20,0.20,237,230,7,97.0464,Renovación Nacional
1228,Paulina Muñoz Minte,caucus,all,0.00,363,362,1,99.7245,Comité Partido Nacional Libertarios
1228,Paulina Muñoz Minte,caucus,minority_ge_05,0.05,268,267,1,99.6269,Comité Partido Nacional Libertarios
1228,Paulina Muñoz Minte,caucus,minority_ge_10,0.10,257,256,1,99.6109,Comité Partido Nacional Libertarios
1228,Paulina Muñoz Minte,caucus,minority_ge_20,0.20,238,237,1,99.5798,Comité Partido Nacional Libertarios
1228,Paulina Muñoz Minte,party,all,0.00,363,362,1,99.7245,Partido Nacional Libertario
1228,Paulina Muñoz Minte,party,minority_ge_05,0.05,268,267,1,99.6269,Partido Nacional Libertario
1228,Paulina Muñoz Minte,party,minority_ge_10,0.10,257,256,1,99.6109,Partido Nacional Libertario
1228,Paulina Muñoz Minte,party,minority_ge_20,0.20,238,237,1,99.5798,Partido Nacional Libertario
1229,Javier Muñoz Riquelme,caucus,all,0.00,349,335,14,95.9885,"Comité Democracia Cristiana, Federación Regionalista Verde Social e Independientes"
1229,Javier Muñoz Riquelme,caucus,minority_ge_05,0.05,255,241,14,94.5098,"Comité Democracia Cristiana, Federación Regionalista Verde Social e Independientes"
1229,Javier Muñoz Riquelme,caucus,minority_ge_10,0.10,244,230,14,94.2623,"Comité Democracia Cristiana, Federación Regionalista Verde Social e Independientes"
1229,Javier Muñoz Riquelme,caucus,minority_ge_20,0.20,225,211,14,93.7778,"Comité Democracia Cristiana, Federación Regionalista Verde Social e Independientes"
1229,Javier Muñoz Riquelme,party,all,0.00,347,334,13,96.2536,Partido Demócrata Cristiano
1229,Javier Muñoz Riquelme,party,minority_ge_05,0.05,254,241,13,94.8819,Partido Demócrata Cristiano
1229,Javier Muñoz Riquelme,party,minority_ge_10,0.10,243,230,13,94.6502,Partido Demócrata Cristiano
1229,Javier Muñoz Riquelme,party,minority_ge_20,0.20,224,211,13,94.1964,Partido Demócrata Cristiano
1230,Alex Nahuelquin Nahuelquin,caucus,all,0.00,345,319,26,92.4638,Comité Partido de la Gente
1230,Alex Nahuelquin Nahuelquin,caucus,minority_ge_05,0.05,253,227,26,89.7233,Comité Partido de la Gente
1230,Alex Nahuelquin Nahuelquin,caucus,minority_ge_10,0.10,242,216,26,89.2562,Comité Partido de la Gente
1230,Alex Nahuelquin Nahuelquin,caucus,minority_ge_20,0.20,224,198,26,88.3929,Comité Partido de la Gente
1230,Alex Nahuelquin Nahuelquin,party,all,0.00,359,330,29,91.9220,Partido de la Gente
1230,Alex Nahuelquin Nahuelquin,party,minority_ge_05,0.05,267,238,29,89.1386,Partido de la Gente
1230,Alex Nahuelquin Nahuelquin,party,minority_ge_10,0.10,256,227,29,88.6719,Partido de la Gente
1230,Alex Nahuelquin Nahuelquin,party,minority_ge_20,0.20,237,208,29,87.7637,Partido de la Gente
1231,Ximena Naranjo Pinto,caucus,all,0.00,364,346,18,95.0549,Unión Demócrata Independiente
1231,Ximena Naranjo Pinto,caucus,minority_ge_05,0.05,269,251,18,93.3086,Unión Demócrata Independiente
1231,Ximena Naranjo Pinto,caucus,minority_ge_10,0.10,258,240,18,93.0233,Unión Demócrata Independiente
1231,Ximena Naranjo Pinto,caucus,minority_ge_20,0.20,239,222,17,92.8870,Unión Demócrata Independiente
1231,Ximena Naranjo Pinto,party,all,0.00,0,0,0,,Independientes
1231,Ximena Naranjo Pinto,party,minority_ge_05,0.05,0,0,0,,Independientes
1231,Ximena Naranjo Pinto,party,minority_ge_10,0.10,0,0,0,,Independientes
1231,Ximena Naranjo Pinto,party,minority_ge_20,0.20,0,0,0,,Independientes
1232,Cristian Neira Martínez,caucus,all,0.00,360,357,3,99.1667,Comité Partido Republicano
1232,Cristian Neira Martínez,caucus,minority_ge_05,0.05,267,264,3,98.8764,Comité Partido Republicano
1232,Cristian Neira Martínez,caucus,minority_ge_10,0.10,256,253,3,98.8281,Comité Partido Republicano
1232,Cristian Neira Martínez,caucus,minority_ge_20,0.20,237,234,3,98.7342,Comité Partido Republicano
1232,Cristian Neira Martínez,party,all,0.00,360,357,3,99.1667,Partido Republicano
1232,Cristian Neira Martínez,party,minority_ge_05,0.05,267,264,3,98.8764,Partido Republicano
1232,Cristian Neira Martínez,party,minority_ge_10,0.10,256,253,3,98.8281,Partido Republicano
1232,Cristian Neira Martínez,party,minority_ge_20,0.20,237,234,3,98.7342,Partido Republicano
1233,Ricardo Neumann Bertín,caucus,all,0.00,357,347,10,97.1989,Unión Demócrata Independiente
1233,Ricardo Neumann Bertín,caucus,minority_ge_05,0.05,268,259,9,96.6418,Unión Demócrata Independiente
1233,Ricardo Neumann Bertín,caucus,minority_ge_10,0.10,257,250,7,97.2763,Unión Demócrata Independiente
1233,Ricardo Neumann Bertín,caucus,minority_ge_20,0.20,238,234,4,98.3193,Unión Demócrata Independiente
1233,Ricardo Neumann Bertín,party,all,0.00,357,346,11,96.9188,Unión Demócrata Independiente
1233,Ricardo Neumann Bertín,party,minority_ge_05,0.05,268,258,10,96.2687,Unión Demócrata Independiente
1233,Ricardo Neumann Bertín,party,minority_ge_10,0.10,257,249,8,96.8872,Unión Demócrata Independiente
1233,Ricardo Neumann Bertín,party,minority_ge_20,0.20,238,233,5,97.8992,Unión Demócrata Independiente
1234,Mario Olavarría Rodríguez,caucus,all,0.00,291,284,7,97.5945,Unión Demócrata Independiente
1234,Mario Olavarría Rodríguez,caucus,minority_ge_05,0.05,221,214,7,96.8326,Unión Demócrata Independiente
1234,Mario Olavarría Rodríguez,caucus,minority_ge_10,0.10,213,206,7,96.7136,Unión Demócrata Independiente
1234,Mario Olavarría Rodríguez,caucus,minority_ge_20,0.20,202,195,7,96.5347,Unión Demócrata Independiente
1234,Mario Olavarría Rodríguez,party,all,0.00,292,285,7,97.6027,Unión Demócrata Independiente
1234,Mario Olavarría Rodríguez,party,minority_ge_05,0.05,222,215,7,96.8468,Unión Demócrata Independiente
1234,Mario Olavarría Rodríguez,party,minority_ge_10,0.10,214,207,7,96.7290,Unión Demócrata Independiente
1234,Mario Olavarría Rodríguez,party,minority_ge_20,0.20,203,196,7,96.5517,Unión Demócrata Independiente
1235,Javier Olivares Avendaño,caucus,all,0.00,349,286,63,81.9484,Comité Partido de la Gente
1235,Javier Olivares Avendaño,caucus,minority_ge_05,0.05,254,192,62,75.5906,Comité Partido de la Gente
1235,Javier Olivares Avendaño,caucus,minority_ge_10,0.10,243,181,62,74.4856,Comité Partido de la Gente
1235,Javier Olivares Avendaño,caucus,minority_ge_20,0.20,225,164,61,72.8889,Comité Partido de la Gente
1235,Javier Olivares Avendaño,party,all,0.00,362,298,64,82.3204,Partido de la Gente
1235,Javier Olivares Avendaño,party,minority_ge_05,0.05,267,204,63,76.4045,Partido de la Gente
1235,Javier Olivares Avendaño,party,minority_ge_10,0.10,256,193,63,75.3906,Partido de la Gente
1235,Javier Olivares Avendaño,party,minority_ge_20,0.20,237,175,62,73.8397,Partido de la Gente
1236,Paula Olmos Contreras,caucus,all,0.00,282,263,19,93.2624,Comité Partido de la Gente
1236,Paula Olmos Contreras,caucus,minority_ge_05,0.05,209,190,19,90.9091,Comité Partido de la Gente
1236,Paula Olmos Contreras,caucus,minority_ge_10,0.10,201,183,18,91.0448,Comité Partido de la Gente
1236,Paula Olmos Contreras,caucus,minority_ge_20,0.20,187,169,18,90.3743,Comité Partido de la Gente
1236,Paula Olmos Contreras,party,all,0.00,289,265,24,91.6955,Partido de la Gente
1236,Paula Olmos Contreras,party,minority_ge_05,0.05,216,192,24,88.8889,Partido de la Gente
1236,Paula Olmos Contreras,party,minority_ge_10,0.10,208,185,23,88.9423,Partido de la Gente
1236,Paula Olmos Contreras,party,minority_ge_20,0.20,193,170,23,88.0829,Partido de la Gente
1237,Francisco Orrego Gutiérrez,caucus,all,0.00,362,340,22,93.9227,"Renovación Nacional, Evopoli e Independientes"
1237,Francisco Orrego Gutiérrez,caucus,minority_ge_05,0.05,268,248,20,92.5373,"Renovación Nacional, Evopoli e Independientes"
1237,Francisco Orrego Gutiérrez,caucus,minority_ge_10,0.10,257,239,18,92.9961,"Renovación Nacional, Evopoli e Independientes"
1237,Francisco Orrego Gutiérrez,caucus,minority_ge_20,0.20,238,222,16,93.2773,"Renovación Nacional, Evopoli e Independientes"
1237,Francisco Orrego Gutiérrez,party,all,0.00,361,339,22,93.9058,Renovación Nacional
1237,Francisco Orrego Gutiérrez,party,minority_ge_05,0.05,267,247,20,92.5094,Renovación Nacional
1237,Francisco Orrego Gutiérrez,party,minority_ge_10,0.10,256,238,18,92.9688,Renovación Nacional
1237,Francisco Orrego Gutiérrez,party,minority_ge_20,0.20,238,222,16,93.2773,Renovación Nacional
1238,Álvaro Ortiz Vera,caucus,all,0.00,361,349,12,96.6759,"Comité Democracia Cristiana, Federación Regionalista Verde Social e Independientes"
1238,Álvaro Ortiz Vera,caucus,minority_ge_05,0.05,266,257,9,96.6165,"Comité Democracia Cristiana, Federación Regionalista Verde Social e Independientes"
1238,Álvaro Ortiz Vera,caucus,minority_ge_10,0.10,255,246,9,96.4706,"Comité Democracia Cristiana, Federación Regionalista Verde Social e Independientes"
1238,Álvaro Ortiz Vera,caucus,minority_ge_20,0.20,236,227,9,96.1864,"Comité Democracia Cristiana, Federación Regionalista Verde Social e Independientes"
1238,Álvaro Ortiz Vera,party,all,0.00,359,347,12,96.6574,Partido Demócrata Cristiano
1238,Álvaro Ortiz Vera,party,minority_ge_05,0.05,265,256,9,96.6038,Partido Demócrata Cristiano
1238,Álvaro Ortiz Vera,party,minority_ge_10,0.10,254,245,9,96.4567,Partido Demócrata Cristiano
1238,Álvaro Ortiz Vera,party,minority_ge_20,0.20,235,226,9,96.1702,Partido Demócrata Cristiano
1239,Fabián Ossandón Briceño,caucus,all,0.00,339,288,51,84.9558,Comité Partido de la Gente
1239,Fabián Ossandón Briceño,caucus,minority_ge_05,0.05,252,202,50,80.1587,Comité Partido de la Gente
1239,Fabián Ossandón Briceño,caucus,minority_ge_10,0.10,241,192,49,79.6680,Comité Partido de la Gente
1239,Fabián Ossandón Briceño,caucus,minority_ge_20,0.20,224,175,49,78.1250,Comité Partido de la Gente
1239,Fabián Ossandón Briceño,party,all,0.00,345,288,57,83.4783,Partido de la Gente
1239,Fabián Ossandón Briceño,party,minority_ge_05,0.05,258,202,56,78.2946,Partido de la Gente
1239,Fabián Ossandón Briceño,party,minority_ge_10,0.10,247,192,55,77.7328,Partido de la Gente
1239,Fabián Ossandón Briceño,party,minority_ge_20,0.20,229,174,55,75.9825,Partido de la Gente
1240,Zandra Parisi Fernández,caucus,all,0.00,280,255,25,91.0714,Comité Partido de la Gente
1240,Zandra Parisi Fernández,caucus,minority_ge_05,0.05,207,182,25,87.9227,Comité Partido de la Gente
1240,Zandra Parisi Fernández,caucus,minority_ge_10,0.10,196,171,25,87.2449,Comité Partido de la Gente
1240,Zandra Parisi Fernández,caucus,minority_ge_20,0.20,180,156,24,86.6667,Comité Partido de la Gente
1240,Zandra Parisi Fernández,party,all,0.00,294,265,29,90.1361,Partido de la Gente
1240,Zandra Parisi Fernández,party,minority_ge_05,0.05,221,192,29,86.8778,Partido de la Gente
1240,Zandra Parisi Fernández,party,minority_ge_10,0.10,210,181,29,86.1905,Partido de la Gente
1240,Zandra Parisi Fernández,party,minority_ge_20,0.20,194,166,28,85.5670,Partido de la Gente
1241,Patricio Pinilla Valencia,caucus,all,0.00,355,327,28,92.1127,"Comité Democracia Cristiana, Federación Regionalista Verde Social e Independientes"
1241,Patricio Pinilla Valencia,caucus,minority_ge_05,0.05,263,238,25,90.4943,"Comité Democracia Cristiana, Federación Regionalista Verde Social e Independientes"
1241,Patricio Pinilla Valencia,caucus,minority_ge_10,0.10,252,227,25,90.0794,"Comité Democracia Cristiana, Federación Regionalista Verde Social e Independientes"
1241,Patricio Pinilla Valencia,caucus,minority_ge_20,0.20,233,208,25,89.2704,"Comité Democracia Cristiana, Federación Regionalista Verde Social e Independientes"
1241,Patricio Pinilla Valencia,party,all,0.00,354,325,29,91.8079,Partido Demócrata Cristiano
1241,Patricio Pinilla Valencia,party,minority_ge_05,0.05,262,236,26,90.0763,Partido Demócrata Cristiano
1241,Patricio Pinilla Valencia,party,minority_ge_10,0.10,251,225,26,89.6414,Partido Demócrata Cristiano
1241,Patricio Pinilla Valencia,party,minority_ge_20,0.20,232,206,26,88.7931,Partido Demócrata Cristiano
1242,Rodrigo Ramírez Parra,caucus,all,0.00,352,345,7,98.0114,"Renovación Nacional, Evopoli e Independientes"
1242,Rodrigo Ramírez Parra,caucus,minority_ge_05,0.05,262,255,7,97.3282,"Renovación Nacional, Evopoli e Independientes"
1242,Rodrigo Ramírez Parra,caucus,minority_ge_10,0.10,253,247,6,97.6285,"Renovación Nacional, Evopoli e Independientes"
1242,Rodrigo Ramírez Parra,caucus,minority_ge_20,0.20,235,231,4,98.2979,"Renovación Nacional, Evopoli e Independientes"
1242,Rodrigo Ramírez Parra,party,all,0.00,0,0,0,,Independientes
1242,Rodrigo Ramírez Parra,party,minority_ge_05,0.05,0,0,0,,Independientes
1242,Rodrigo Ramírez Parra,party,minority_ge_10,0.10,0,0,0,,Independientes
1242,Rodrigo Ramírez Parra,party,minority_ge_20,0.20,0,0,0,,Independientes
1243,Tamara Ramírez Ramírez,caucus,all,0.00,349,302,47,86.5330,Comité Partido de la Gente
1243,Tamara Ramírez Ramírez,caucus,minority_ge_05,0.05,260,214,46,82.3077,Comité Partido de la Gente
1243,Tamara Ramírez Ramírez,caucus,minority_ge_10,0.10,249,204,45,81.9277,Comité Partido de la Gente
1243,Tamara Ramírez Ramírez,caucus,minority_ge_20,0.20,230,186,44,80.8696,Comité Partido de la Gente
1243,Tamara Ramírez Ramírez,party,all,0.00,354,301,53,85.0282,Partido de la Gente
1243,Tamara Ramírez Ramírez,party,minority_ge_05,0.05,265,213,52,80.3774,Partido de la Gente
1243,Tamara Ramírez Ramírez,party,minority_ge_10,0.10,254,203,51,79.9213,Partido de la Gente
1243,Tamara Ramírez Ramírez,party,minority_ge_20,0.20,235,185,50,78.7234,Partido de la Gente
1244,Claudia Reyes Larenas,caucus,all,0.00,346,344,2,99.4220,Comité Partido Republicano
1244,Claudia Reyes Larenas,caucus,minority_ge_05,0.05,259,257,2,99.2278,Comité Partido Republicano
1244,Claudia Reyes Larenas,caucus,minority_ge_10,0.10,248,246,2,99.1935,Comité Partido Republicano
1244,Claudia Reyes Larenas,caucus,minority_ge_20,0.20,230,228,2,99.1304,Comité Partido Republicano
1244,Claudia Reyes Larenas,party,all,0.00,346,344,2,99.4220,Partido Republicano
1244,Claudia Reyes Larenas,party,minority_ge_05,0.05,259,257,2,99.2278,Partido Republicano
1244,Claudia Reyes Larenas,party,minority_ge_10,0.10,248,246,2,99.1935,Partido Republicano
1244,Claudia Reyes Larenas,party,minority_ge_20,0.20,230,228,2,99.1304,Partido Republicano
1245,Alejandro Riquelme Ducci,caucus,all,0.00,354,353,1,99.7175,Comité Partido Republicano
1245,Alejandro Riquelme Ducci,caucus,minority_ge_05,0.05,260,260,0,100.0000,Comité Partido Republicano
1245,Alejandro Riquelme Ducci,caucus,minority_ge_10,0.10,249,249,0,100.0000,Comité Partido Republicano
1245,Alejandro Riquelme Ducci,caucus,minority_ge_20,0.20,232,232,0,100.0000,Comité Partido Republicano
1245,Alejandro Riquelme Ducci,party,all,0.00,354,353,1,99.7175,Partido Republicano
1245,Alejandro Riquelme Ducci,party,minority_ge_05,0.05,260,260,0,100.0000,Partido Republicano
1245,Alejandro Riquelme Ducci,party,minority_ge_10,0.10,249,249,0,100.0000,Partido Republicano
1245,Alejandro Riquelme Ducci,party,minority_ge_20,0.20,232,232,0,100.0000,Partido Republicano
1246,José Antonio Rivas Villalobos,caucus,all,0.00,339,324,15,95.5752,"Socialista, Liberal, Radical e Independientes"
1246,José Antonio Rivas Villalobos,caucus,minority_ge_05,0.05,252,239,13,94.8413,"Socialista, Liberal, Radical e Independientes"
1246,José Antonio Rivas Villalobos,caucus,minority_ge_10,0.10,245,233,12,95.1020,"Socialista, Liberal, Radical e Independientes"
1246,José Antonio Rivas Villalobos,caucus,minority_ge_20,0.20,229,220,9,96.0699,"Socialista, Liberal, Radical e Independientes"
1246,José Antonio Rivas Villalobos,party,all,0.00,338,324,14,95.8580,Partido Socialista
1246,José Antonio Rivas Villalobos,party,minority_ge_05,0.05,251,239,12,95.2191,Partido Socialista
1246,José Antonio Rivas Villalobos,party,minority_ge_10,0.10,245,233,12,95.1020,Partido Socialista
1246,José Antonio Rivas Villalobos,party,minority_ge_20,0.20,230,220,10,95.6522,Partido Socialista
1247,Javiera Rodríguez Pascual,caucus,all,0.00,364,364,0,100.0000,Comité Partido Republicano
1247,Javiera Rodríguez Pascual,caucus,minority_ge_05,0.05,269,269,0,100.0000,Comité Partido Republicano
1247,Javiera Rodríguez Pascual,caucus,minority_ge_10,0.10,258,258,0,100.0000,Comité Partido Republicano
1247,Javiera Rodríguez Pascual,caucus,minority_ge_20,0.20,239,239,0,100.0000,Comité Partido Republicano
1247,Javiera Rodríguez Pascual,party,all,0.00,364,364,0,100.0000,Partido Republicano
1247,Javiera Rodríguez Pascual,party,minority_ge_05,0.05,269,269,0,100.0000,Partido Republicano
1247,Javiera Rodríguez Pascual,party,minority_ge_10,0.10,258,258,0,100.0000,Partido Republicano
1247,Javiera Rodríguez Pascual,party,minority_ge_20,0.20,239,239,0,100.0000,Partido Republicano
1248,Felipe Ross Correa,caucus,all,0.00,351,349,2,99.4302,Comité Partido Republicano
1248,Felipe Ross Correa,caucus,minority_ge_05,0.05,263,262,1,99.6198,Comité Partido Republicano
1248,Felipe Ross Correa,caucus,minority_ge_10,0.10,254,253,1,99.6063,Comité Partido Republicano
1248,Felipe Ross Correa,caucus,minority_ge_20,0.20,239,238,1,99.5816,Comité Partido Republicano
1248,Felipe Ross Correa,party,all,0.00,351,349,2,99.4302,Partido Republicano
1248,Felipe Ross Correa,party,minority_ge_05,0.05,263,262,1,99.6198,Partido Republicano
1248,Felipe Ross Correa,party,minority_ge_10,0.10,254,253,1,99.6063,Partido Republicano
1248,Felipe Ross Correa,party,minority_ge_20,0.20,239,238,1,99.5816,Partido Republicano
1249,Omar Sabat Guzmán,caucus,all,0.00,352,335,17,95.1705,Unión Demócrata Independiente
1249,Omar Sabat Guzmán,caucus,minority_ge_05,0.05,267,251,16,94.0075,Unión Demócrata Independiente
1249,Omar Sabat Guzmán,caucus,minority_ge_10,0.10,256,242,14,94.5312,Unión Demócrata Independiente
1249,Omar Sabat Guzmán,caucus,minority_ge_20,0.20,237,226,11,95.3586,Unión Demócrata Independiente
1249,Omar Sabat Guzmán,party,all,0.00,0,0,0,,Independientes
1249,Omar Sabat Guzmán,party,minority_ge_05,0.05,0,0,0,,Independientes
1249,Omar Sabat Guzmán,party,minority_ge_10,0.10,0,0,0,,Independientes
1249,Omar Sabat Guzmán,party,minority_ge_20,0.20,0,0,0,,Independientes
1250,Bernardo Salinas Maya,caucus,all,0.00,292,291,1,99.6575,Comité Comunista e Independientes
1250,Bernardo Salinas Maya,caucus,minority_ge_05,0.05,213,212,1,99.5305,Comité Comunista e Independientes
1250,Bernardo Salinas Maya,caucus,minority_ge_10,0.10,203,202,1,99.5074,Comité Comunista e Independientes
1250,Bernardo Salinas Maya,caucus,minority_ge_20,0.20,184,183,1,99.4565,Comité Comunista e Independientes
1250,Bernardo Salinas Maya,party,all,0.00,0,0,0,,Independientes
1250,Bernardo Salinas Maya,party,minority_ge_05,0.05,0,0,0,,Independientes
1250,Bernardo Salinas Maya,party,minority_ge_10,0.10,0,0,0,,Independientes
1250,Bernardo Salinas Maya,party,minority_ge_20,0.20,0,0,0,,Independientes
1251,Macarena Santelices Cañas,caucus,all,0.00,352,352,0,100.0000,Comité Partido Republicano
1251,Macarena Santelices Cañas,caucus,minority_ge_05,0.05,262,262,0,100.0000,Comité Partido Republicano
1251,Macarena Santelices Cañas,caucus,minority_ge_10,0.10,251,251,0,100.0000,Comité Partido Republicano
1251,Macarena Santelices Cañas,caucus,minority_ge_20,0.20,232,232,0,100.0000,Comité Partido Republicano
1251,Macarena Santelices Cañas,party,all,0.00,352,352,0,100.0000,Partido Republicano
1251,Macarena Santelices Cañas,party,minority_ge_05,0.05,262,262,0,100.0000,Partido Republicano
1251,Macarena Santelices Cañas,party,minority_ge_10,0.10,251,251,0,100.0000,Partido Republicano
1251,Macarena Santelices Cañas,party,minority_ge_20,0.20,232,232,0,100.0000,Partido Republicano
1252,Constanza Schonhaut Soto,caucus,all,0.00,349,344,5,98.5673,Frente Amplio
1252,Constanza Schonhaut Soto,caucus,minority_ge_05,0.05,262,258,4,98.4733,Frente Amplio
1252,Constanza Schonhaut Soto,caucus,minority_ge_10,0.10,251,248,3,98.8048,Frente Amplio
1252,Constanza Schonhaut Soto,caucus,minority_ge_20,0.20,233,232,1,99.5708,Frente Amplio
1252,Constanza Schonhaut Soto,party,all,0.00,349,344,5,98.5673,Frente Amplio
1252,Constanza Schonhaut Soto,party,minority_ge_05,0.05,262,258,4,98.4733,Frente Amplio
1252,Constanza Schonhaut Soto,party,minority_ge_10,0.10,251,248,3,98.8048,Frente Amplio
1252,Constanza Schonhaut Soto,party,minority_ge_20,0.20,233,232,1,99.5708,Frente Amplio
1253,Fernando Ugarte Tejeda,caucus,all,0.00,363,363,0,100.0000,Comité Partido Republicano
1253,Fernando Ugarte Tejeda,caucus,minority_ge_05,0.05,269,269,0,100.0000,Comité Partido Republicano
1253,Fernando Ugarte Tejeda,caucus,minority_ge_10,0.10,258,258,0,100.0000,Comité Partido Republicano
1253,Fernando Ugarte Tejeda,caucus,minority_ge_20,0.20,239,239,0,100.0000,Comité Partido Republicano
1253,Fernando Ugarte Tejeda,party,all,0.00,363,363,0,100.0000,Partido Republicano
1253,Fernando Ugarte Tejeda,party,minority_ge_05,0.05,269,269,0,100.0000,Partido Republicano
1253,Fernando Ugarte Tejeda,party,minority_ge_10,0.10,258,258,0,100.0000,Partido Republicano
1253,Fernando Ugarte Tejeda,party,minority_ge_20,0.20,239,239,0,100.0000,Partido Republicano
1254,Ignacio Urcullú Clèment-Lund,caucus,all,0.00,361,361,0,100.0000,Comité Partido Republicano
1254,Ignacio Urcullú Clèment-Lund,caucus,minority_ge_05,0.05,268,268,0,100.0000,Comité Partido Republicano
1254,Ignacio Urcullú Clèment-Lund,caucus,minority_ge_10,0.10,257,257,0,100.0000,Comité Partido Republicano
1254,Ignacio Urcullú Clèment-Lund,caucus,minority_ge_20,0.20,239,239,0,100.0000,Comité Partido Republicano
1254,Ignacio Urcullú Clèment-Lund,party,all,0.00,361,361,0,100.0000,Partido Republicano
1254,Ignacio Urcullú Clèment-Lund,party,minority_ge_05,0.05,268,268,0,100.0000,Partido Republicano
1254,Ignacio Urcullú Clèment-Lund,party,minority_ge_10,0.10,257,257,0,100.0000,Partido Republicano
1254,Ignacio Urcullú Clèment-Lund,party,minority_ge_20,0.20,239,239,0,100.0000,Partido Republicano
1255,Eileen Urqueta Rojas,caucus,all,0.00,357,320,37,89.6359,Comité Partido de la Gente
1255,Eileen Urqueta Rojas,caucus,minority_ge_05,0.05,262,225,37,85.8779,Comité Partido de la Gente
1255,Eileen Urqueta Rojas,caucus,minority_ge_10,0.10,251,214,37,85.2590,Comité Partido de la Gente
1255,Eileen Urqueta Rojas,caucus,minority_ge_20,0.20,232,197,35,84.9138,Comité Partido de la Gente
1255,Eileen Urqueta Rojas,party,all,0.00,363,320,43,88.1543,Partido de la Gente
1255,Eileen Urqueta Rojas,party,minority_ge_05,0.05,268,225,43,83.9552,Partido de la Gente
1255,Eileen Urqueta Rojas,party,minority_ge_10,0.10,257,214,43,83.2685,Partido de la Gente
1255,Eileen Urqueta Rojas,party,minority_ge_20,0.20,238,197,41,82.7731,Partido de la Gente
1256,Tatiana Urrutia Herrera,caucus,all,0.00,341,336,5,98.5337,Frente Amplio
1256,Tatiana Urrutia Herrera,caucus,minority_ge_05,0.05,258,254,4,98.4496,Frente Amplio
1256,Tatiana Urrutia Herrera,caucus,minority_ge_10,0.10,247,244,3,98.7854,Frente Amplio
1256,Tatiana Urrutia Herrera,caucus,minority_ge_20,0.20,229,228,1,99.5633,Frente Amplio
1256,Tatiana Urrutia Herrera,party,all,0.00,341,336,5,98.5337,Frente Amplio
1256,Tatiana Urrutia Herrera,party,minority_ge_05,0.05,258,254,4,98.4496,Frente Amplio
1256,Tatiana Urrutia Herrera,party,minority_ge_10,0.10,247,244,3,98.7854,Frente Amplio
1256,Tatiana Urrutia Herrera,party,minority_ge_20,0.20,229,228,1,99.5633,Frente Amplio
1257,Alejandra Valdebenito Torres,caucus,all,0.00,353,337,16,95.4674,Unión Demócrata Independiente
1257,Alejandra Valdebenito Torres,caucus,minority_ge_05,0.05,266,251,15,94.3609,Unión Demócrata Independiente
1257,Alejandra Valdebenito Torres,caucus,minority_ge_10,0.10,255,240,15,94.1176,Unión Demócrata Independiente
1257,Alejandra Valdebenito Torres,caucus,minority_ge_20,0.20,236,221,15,93.6441,Unión Demócrata Independiente
1257,Alejandra Valdebenito Torres,party,all,0.00,352,336,16,95.4545,Unión Demócrata Independiente
1257,Alejandra Valdebenito Torres,party,minority_ge_05,0.05,265,250,15,94.3396,Unión Demócrata Independiente
1257,Alejandra Valdebenito Torres,party,minority_ge_10,0.10,254,240,14,94.4882,Unión Demócrata Independiente
1257,Alejandra Valdebenito Torres,party,minority_ge_20,0.20,236,222,14,94.0678,Unión Demócrata Independiente
1258,Guillermo Valdés Carmona,caucus,all,0.00,352,330,22,93.7500,Comité Partido de la Gente
1258,Guillermo Valdés Carmona,caucus,minority_ge_05,0.05,257,235,22,91.4397,Comité Partido de la Gente
1258,Guillermo Valdés Carmona,caucus,minority_ge_10,0.10,246,225,21,91.4634,Comité Partido de la Gente
1258,Guillermo Valdés Carmona,caucus,minority_ge_20,0.20,227,208,19,91.6300,Comité Partido de la Gente
1258,Guillermo Valdés Carmona,party,all,0.00,361,336,25,93.0748,Partido de la Gente
1258,Guillermo Valdés Carmona,party,minority_ge_05,0.05,266,241,25,90.6015,Partido de la Gente
1258,Guillermo Valdés Carmona,party,minority_ge_10,0.10,255,231,24,90.5882,Partido de la Gente
1258,Guillermo Valdés Carmona,party,minority_ge_20,0.20,236,214,22,90.6780,Partido de la Gente
1259,Juan Marcelo Valenzuela Henríquez,caucus,all,0.00,339,309,30,91.1504,Comité Partido de la Gente
1259,Juan Marcelo Valenzuela Henríquez,caucus,minority_ge_05,0.05,249,219,30,87.9518,Comité Partido de la Gente
1259,Juan Marcelo Valenzuela Henríquez,caucus,minority_ge_10,0.10,238,208,30,87.3950,Comité Partido de la Gente
1259,Juan Marcelo Valenzuela Henríquez,caucus,minority_ge_20,0.20,221,192,29,86.8778,Comité Partido de la Gente
1259,Juan Marcelo Valenzuela Henríquez,party,all,0.00,351,321,30,91.4530,Partido de la Gente
1259,Juan Marcelo Valenzuela Henríquez,party,minority_ge_05,0.05,261,231,30,88.5057,Partido de la Gente
1259,Juan Marcelo Valenzuela Henríquez,party,minority_ge_10,0.10,250,220,30,88.0000,Partido de la Gente
1259,Juan Marcelo Valenzuela Henríquez,party,minority_ge_20,0.20,232,203,29,87.5000,Partido de la Gente
1260,César Valenzuela Maass,caucus,all,0.00,359,346,13,96.3788,"Socialista, Liberal, Radical e Independientes"
1260,César Valenzuela Maass,caucus,minority_ge_05,0.05,264,252,12,95.4545,"Socialista, Liberal, Radical e Independientes"
1260,César Valenzuela Maass,caucus,minority_ge_10,0.10,253,244,9,96.4427,"Socialista, Liberal, Radical e Independientes"
1260,César Valenzuela Maass,caucus,minority_ge_20,0.20,234,228,6,97.4359,"Socialista, Liberal, Radical e Independientes"
1260,César Valenzuela Maass,party,all,0.00,359,348,11,96.9359,Partido Socialista
1260,César Valenzuela Maass,party,minority_ge_05,0.05,264,254,10,96.2121,Partido Socialista
1260,César Valenzuela Maass,party,minority_ge_10,0.10,254,246,8,96.8504,Partido Socialista
1260,César Valenzuela Maass,party,minority_ge_20,0.20,237,231,6,97.4684,Partido Socialista
1261,Daniel Valenzuela Salazar,caucus,all,0.00,328,314,14,95.7317,"Renovación Nacional, Evopoli e Independientes"
1261,Daniel Valenzuela Salazar,caucus,minority_ge_05,0.05,252,238,14,94.4444,"Renovación Nacional, Evopoli e Independientes"
1261,Daniel Valenzuela Salazar,caucus,minority_ge_10,0.10,244,231,13,94.6721,"Renovación Nacional, Evopoli e Independientes"
1261,Daniel Valenzuela Salazar,caucus,minority_ge_20,0.20,225,214,11,95.1111,"Renovación Nacional, Evopoli e Independientes"
1261,Daniel Valenzuela Salazar,party,all,0.00,0,0,0,,Independientes
1261,Daniel Valenzuela Salazar,party,minority_ge_05,0.05,0,0,0,,Independientes
1261,Daniel Valenzuela Salazar,party,minority_ge_10,0.10,0,0,0,,Independientes
1261,Daniel Valenzuela Salazar,party,minority_ge_20,0.20,0,0,0,,Independientes
1262,Diego Vergara Rodríguez,caucus,all,0.00,360,360,0,100.0000,Comité Partido Republicano
1262,Diego Vergara Rodríguez,caucus,minority_ge_05,0.05,268,268,0,100.0000,Comité Partido Republicano
1262,Diego Vergara Rodríguez,caucus,minority_ge_10,0.10,257,257,0,100.0000,Comité Partido Republicano
1262,Diego Vergara Rodríguez,caucus,minority_ge_20,0.20,238,238,0,100.0000,Comité Partido Republicano
1262,Diego Vergara Rodríguez,party,all,0.00,360,360,0,100.0000,Partido Republicano
1262,Diego Vergara Rodríguez,party,minority_ge_05,0.05,268,268,0,100.0000,Partido Republicano
1262,Diego Vergara Rodríguez,party,minority_ge_10,0.10,257,257,0,100.0000,Partido Republicano
1262,Diego Vergara Rodríguez,party,minority_ge_20,0.20,238,238,0,100.0000,Partido Republicano
1263,Sebastián Zamora Soto,caucus,all,0.00,349,348,1,99.7135,Comité Partido Republicano
1263,Sebastián Zamora Soto,caucus,minority_ge_05,0.05,257,256,1,99.6109,Comité Partido Republicano
1263,Sebastián Zamora Soto,caucus,minority_ge_10,0.10,246,245,1,99.5935,Comité Partido Republicano
1263,Sebastián Zamora Soto,caucus,minority_ge_20,0.20,227,226,1,99.5595,Comité Partido Republicano
1263,Sebastián Zamora Soto,party,all,0.00,0,0,0,,Independientes
1263,Sebastián Zamora Soto,party,minority_ge_05,0.05,0,0,0,,Independientes
1263,Sebastián Zamora Soto,party,minority_ge_10,0.10,0,0,0,,Independientes
1263,Sebastián Zamora Soto,party,minority_ge_20,0.20,0,0,0,,Independientes
1264,Fernando Zamorano Peralta,caucus,all,0.00,352,333,19,94.6023,Partido Por la Democracia e Independientes
1264,Fernando Zamorano Peralta,caucus,minority_ge_05,0.05,259,242,17,93.4363,Partido Por la Democracia e Independientes
1264,Fernando Zamorano Peralta,caucus,minority_ge_10,0.10,249,232,17,93.1727,Partido Por la Democracia e Independientes
1264,Fernando Zamorano Peralta,caucus,minority_ge_20,0.20,231,216,15,93.5065,Partido Por la Democracia e Independientes
1264,Fernando Zamorano Peralta,party,all,0.00,338,325,13,96.1538,Partido Por la Democracia
1264,Fernando Zamorano Peralta,party,minority_ge_05,0.05,248,237,11,95.5645,Partido Por la Democracia
1264,Fernando Zamorano Peralta,party,minority_ge_10,0.10,238,227,11,95.3782,Partido Por la Democracia
1264,Fernando Zamorano Peralta,party,minority_ge_20,0.20,220,210,10,95.4545,Partido Por la Democracia
