boletin,fecha,sesion,etapa,subetapa,documento_url,fuente
18131-06,2026-03-17,,Primer trámite constitucional / C. Diputados,Ingreso de proyecto,https://www.camara.cl/verDoc.aspx?prmID=18360&prmTIPO=INICIATIVA,https://www.camara.cl/legislacion/ProyectosDeLey/tramitacion.aspx?prmID=18794&prmBOLETIN=18131-06
18132-04,2026-03-17,,Primer trámite constitucional / C. Diputados,Ingreso de proyecto,https://www.camara.cl/verDoc.aspx?prmID=18361&prmTIPO=INICIATIVA,https://www.camara.cl/legislacion/ProyectosDeLey/tramitacion.aspx?prmID=18795&prmBOLETIN=18132-04
18132-04,2026-03-18,,Primer trámite constitucional / C. Diputados,Oficio N°21.091 a la Corte Suprema,https://www.camara.cl/verDoc.aspx?prmID=35940&prmTIPO=OFICIOPLEY,https://www.camara.cl/legislacion/ProyectosDeLey/tramitacion.aspx?prmID=18795&prmBOLETIN=18132-04
18133-07,2026-03-17,,Primer trámite constitucional / C. Diputados,Ingreso de proyecto,https://www.camara.cl/verDoc.aspx?prmID=18363&prmTIPO=INICIATIVA,https://www.camara.cl/legislacion/ProyectosDeLey/tramitacion.aspx?prmID=18797&prmBOLETIN=18133-07
18134-11,2026-03-18,,Primer trámite constitucional / Senado,Ingreso de proyecto,https://www.camara.cl/verDoc.aspx?prmID=18362&prmTIPO=INICIATIVA,https://www.camara.cl/legislacion/ProyectosDeLey/tramitacion.aspx?prmID=18796&prmBOLETIN=18134-11
18134-11,2026-09-01,53ª / 374,Primer trámite constitucional / Senado,Cuenta del Mensaje 288-374 que retira y hace presente la urgencia Simple,,https://www.camara.cl/legislacion/ProyectosDeLey/tramitacion.aspx?prmID=18796&prmBOLETIN=18134-11
18135-06,2026-03-17,,Primer trámite constitucional / C. Diputados,Ingreso de proyecto,https://www.camara.cl/verDoc.aspx?prmID=18364&prmTIPO=INICIATIVA,https://www.camara.cl/legislacion/ProyectosDeLey/tramitacion.aspx?prmID=18798&prmBOLETIN=18135-06
18136-11,2026-03-17,,Primer trámite constitucional / C. Diputados,Ingreso de proyecto,https://www.camara.cl/verDoc.aspx?prmID=18365&prmTIPO=INICIATIVA,https://www.camara.cl/legislacion/ProyectosDeLey/tramitacion.aspx?prmID=18799&prmBOLETIN=18136-11
18137-05,2026-03-24,4ª / 374,Primer trámite constitucional / C. Diputados,Cuenta del Mensaje 19-374 que hace presente la urgencia Discusión inmediata,,https://www.camara.cl/legislacion/ProyectosDeLey/tramitacion.aspx?prmID=18800&prmBOLETIN=18137-05
18137-05,2026-03-24,,Primer trámite constitucional / C. Diputados,Ingreso de proyecto. Incluye IF N° 74/23.03.2026.,https://www.camara.cl/verDoc.aspx?prmID=18366&prmTIPO=INICIATIVA,https://www.camara.cl/legislacion/ProyectosDeLey/tramitacion.aspx?prmID=18800&prmBOLETIN=18137-05
18137-05,2026-03-24,,Primer trámite constitucional / C. Diputados,Oficio de ley a Cámara Revisora,https://www.camara.cl/verDoc.aspx?prmID=35952&prmTIPO=OFICIOPLEY,https://www.camara.cl/legislacion/ProyectosDeLey/tramitacion.aspx?prmID=18800&prmBOLETIN=18137-05
18137-05,2026-03-24,,Primer trámite constitucional / C. Diputados,"Oficio del Presidente de la República (N°4-374), mediante el cual formula indicaciones al proyecto. Se adjunta informe financiero N° 75/24.03.2026.",https://www.camara.cl/verDoc.aspx?prmID=35951&prmTIPO=OFICIOPLEY,https://www.camara.cl/legislacion/ProyectosDeLey/tramitacion.aspx?prmID=18800&prmBOLETIN=18137-05
18137-05,2026-03-24,,Primer trámite constitucional / C. Diputados,Texto del Mensaje.,https://www.camara.cl/verDoc.aspx?prmID=35949&prmTIPO=OFICIOPLEY,https://www.camara.cl/legislacion/ProyectosDeLey/tramitacion.aspx?prmID=18800&prmBOLETIN=18137-05
18137-05,2026-03-25,4ª / 374,Segundo trámite constitucional / Senado,Discusión general,https://www.camara.cl/verDoc.aspx?prmID=79980&prmTIPO=BOLETINOFICIAL,https://www.camara.cl/legislacion/ProyectosDeLey/tramitacion.aspx?prmID=18800&prmBOLETIN=18137-05
18137-05,2026-03-25,,Segundo trámite constitucional / Senado,Oficio modificaciones a Cámara de Origen,https://www.camara.cl/verDoc.aspx?prmID=35963&prmTIPO=OFICIOPLEY,https://www.camara.cl/legislacion/ProyectosDeLey/tramitacion.aspx?prmID=18800&prmBOLETIN=18137-05
18137-05,2026-03-25,,Segundo trámite constitucional / Senado,Primer informe de comisión,https://www.camara.cl/verDoc.aspx?prmID=27921&prmTIPO=INFORMEPLEY,https://www.camara.cl/legislacion/ProyectosDeLey/tramitacion.aspx?prmID=18800&prmBOLETIN=18137-05
18137-05,2026-03-25,,Tercer trámite constitucional / C. Diputados,"Oficio N° 21.129, que comunica aprobacion de modificaciones",https://www.camara.cl/verDoc.aspx?prmID=35965&prmTIPO=OFICIOPLEY,https://www.camara.cl/legislacion/ProyectosDeLey/tramitacion.aspx?prmID=18800&prmBOLETIN=18137-05
18137-05,2026-03-25,,Tercer trámite constitucional / C. Diputados,Oficio de ley al Ejecutivo,https://www.camara.cl/verDoc.aspx?prmID=35966&prmTIPO=OFICIOPLEY,https://www.camara.cl/legislacion/ProyectosDeLey/tramitacion.aspx?prmID=18800&prmBOLETIN=18137-05
18138-07,2026-03-17,,Primer trámite constitucional / C. Diputados,Ingreso de proyecto,https://www.camara.cl/verDoc.aspx?prmID=18369&prmTIPO=INICIATIVA,https://www.camara.cl/legislacion/ProyectosDeLey/tramitacion.aspx?prmID=18803&prmBOLETIN=18138-07
18139-07,2026-03-24,,Primer trámite constitucional / Senado,Ingreso de proyecto,https://www.camara.cl/verDoc.aspx?prmID=18367&prmTIPO=INICIATIVA,https://www.camara.cl/legislacion/ProyectosDeLey/tramitacion.aspx?prmID=18801&prmBOLETIN=18139-07
18140-07,2026-03-17,,Primer trámite constitucional / C. Diputados,Ingreso de proyecto,https://www.camara.cl/verDoc.aspx?prmID=18370&prmTIPO=INICIATIVA,https://www.camara.cl/legislacion/ProyectosDeLey/tramitacion.aspx?prmID=18804&prmBOLETIN=18140-07
18141-07,2026-03-17,,Primer trámite constitucional / C. Diputados,Ingreso de proyecto,https://www.camara.cl/verDoc.aspx?prmID=18371&prmTIPO=INICIATIVA,https://www.camara.cl/legislacion/ProyectosDeLey/tramitacion.aspx?prmID=18805&prmBOLETIN=18141-07
18142-35,2026-03-24,,Primer trámite constitucional / Senado,Ingreso de proyecto,https://www.camara.cl/verDoc.aspx?prmID=18368&prmTIPO=INICIATIVA,https://www.camara.cl/legislacion/ProyectosDeLey/tramitacion.aspx?prmID=18802&prmBOLETIN=18142-35
18143-07,2026-03-17,,Primer trámite constitucional / C. Diputados,Ingreso de proyecto,https://www.camara.cl/verDoc.aspx?prmID=18372&prmTIPO=INICIATIVA,https://www.camara.cl/legislacion/ProyectosDeLey/tramitacion.aspx?prmID=18806&prmBOLETIN=18143-07
18144-07,2026-03-25,,Primer trámite constitucional / Senado,Ingreso de proyecto,https://www.camara.cl/verDoc.aspx?prmID=18373&prmTIPO=INICIATIVA,https://www.camara.cl/legislacion/ProyectosDeLey/tramitacion.aspx?prmID=18807&prmBOLETIN=18144-07
18144-07,2026-03-25,,Primer trámite constitucional / Senado,Oficio N° 88 a la Corte Suprema,https://www.camara.cl/verDoc.aspx?prmID=35960&prmTIPO=OFICIOPLEY,https://www.camara.cl/legislacion/ProyectosDeLey/tramitacion.aspx?prmID=18807&prmBOLETIN=18144-07
18144-07,2026-03-25,,Primer trámite constitucional / Senado,Oficio N° a la Corte Suprema,https://www.camara.cl/verDoc.aspx?prmID=35959&prmTIPO=OFICIOPLEY,https://www.camara.cl/legislacion/ProyectosDeLey/tramitacion.aspx?prmID=18807&prmBOLETIN=18144-07
18145-07,2026-03-25,,Primer trámite constitucional / C. Diputados,Ingreso de proyecto,https://www.camara.cl/verDoc.aspx?prmID=18374&prmTIPO=INICIATIVA,https://www.camara.cl/legislacion/ProyectosDeLey/tramitacion.aspx?prmID=18808&prmBOLETIN=18145-07
18146-07,2026-03-25,,Primer trámite constitucional / C. Diputados,Ingreso de proyecto,https://www.camara.cl/verDoc.aspx?prmID=18375&prmTIPO=INICIATIVA,https://www.camara.cl/legislacion/ProyectosDeLey/tramitacion.aspx?prmID=18809&prmBOLETIN=18146-07
18147-07,2026-03-25,,Primer trámite constitucional / Senado,Ingreso de proyecto,https://www.camara.cl/verDoc.aspx?prmID=18376&prmTIPO=INICIATIVA,https://www.camara.cl/legislacion/ProyectosDeLey/tramitacion.aspx?prmID=18810&prmBOLETIN=18147-07
18148-07,2026-03-25,,Primer trámite constitucional / Senado,Ingreso de proyecto,https://www.camara.cl/verDoc.aspx?prmID=18377&prmTIPO=INICIATIVA,https://www.camara.cl/legislacion/ProyectosDeLey/tramitacion.aspx?prmID=18811&prmBOLETIN=18148-07
18149-07,2026-03-27,,Primer trámite constitucional / C. Diputados,Ingreso de proyecto,https://www.camara.cl/verDoc.aspx?prmID=18378&prmTIPO=INICIATIVA,https://www.camara.cl/legislacion/ProyectosDeLey/tramitacion.aspx?prmID=18812&prmBOLETIN=18149-07
18150-07,2026-03-27,,Primer trámite constitucional / C. Diputados,Ingreso de proyecto,https://www.camara.cl/verDoc.aspx?prmID=18381&prmTIPO=INICIATIVA,https://www.camara.cl/legislacion/ProyectosDeLey/tramitacion.aspx?prmID=18815&prmBOLETIN=18150-07
18151-24,2026-03-17,,Primer trámite constitucional / C. Diputados,Ingreso de proyecto,https://www.camara.cl/verDoc.aspx?prmID=18382&prmTIPO=INICIATIVA,https://www.camara.cl/legislacion/ProyectosDeLey/tramitacion.aspx?prmID=18816&prmBOLETIN=18151-24
18151-24,2026-04-07,,Primer trámite constitucional / C. Diputados,"Oficio N° 21136. Comunica a la Comisión de Cultura, Artes y Comunicaciones el acuerdo de la Sala, en orden a remitir el proyecto de ley a la Comisión de Constitución, Legislación, Justicia y Reglamento, con posterioridad a su despacho.",https://www.camara.cl/verDoc.aspx?prmID=35989&prmTIPO=OFICIOPLEY,https://www.camara.cl/legislacion/ProyectosDeLey/tramitacion.aspx?prmID=18816&prmBOLETIN=18151-24
18151-24,2026-04-07,,Primer trámite constitucional / C. Diputados,"Oficio N° 21137. Comunica a la Comisión de Constitución, Legislación, Justicia y Reglamento el acuerdo de la Sala para remitirle el proyecto de ley, una vez que sea despachado por la Comisión de Cultura, Artes y Comunicaciones.",https://www.camara.cl/verDoc.aspx?prmID=35990&prmTIPO=OFICIOPLEY,https://www.camara.cl/legislacion/ProyectosDeLey/tramitacion.aspx?prmID=18816&prmBOLETIN=18151-24
18152-07,2026-04-07,,Primer trámite constitucional / C. Diputados,Ingreso de proyecto,https://www.camara.cl/verDoc.aspx?prmID=18383&prmTIPO=INICIATIVA,https://www.camara.cl/legislacion/ProyectosDeLey/tramitacion.aspx?prmID=18817&prmBOLETIN=18152-07
18152-07,2026-04-07,,Primer trámite constitucional / C. Diputados,"Oficio N° 21141. Comunica a la Comisión de Constitución, Legislación, Justicia y Reglamento que la Sala acordó remitir el proyecto de ley a la Comisión de Seguridad Ciudadana, con posterioridad a su despacho.",https://www.camara.cl/verDoc.aspx?prmID=35998&prmTIPO=OFICIOPLEY,https://www.camara.cl/legislacion/ProyectosDeLey/tramitacion.aspx?prmID=18817&prmBOLETIN=18152-07
18152-07,2026-04-07,,Primer trámite constitucional / C. Diputados,"Oficio N° 21142. Comunica a la Comisión de Seguridad Ciudadana la asignación del proyecto de ley, una vez que sea despachado por la Comisión de Constitución, Legislación, Justicia y Reglamento.",https://www.camara.cl/verDoc.aspx?prmID=35999&prmTIPO=OFICIOPLEY,https://www.camara.cl/legislacion/ProyectosDeLey/tramitacion.aspx?prmID=18817&prmBOLETIN=18152-07
18153-24,2026-04-07,,Primer trámite constitucional / C. Diputados,Ingreso de proyecto,https://www.camara.cl/verDoc.aspx?prmID=18384&prmTIPO=INICIATIVA,https://www.camara.cl/legislacion/ProyectosDeLey/tramitacion.aspx?prmID=18818&prmBOLETIN=18153-24
18154-25,2026-04-07,,Primer trámite constitucional / C. Diputados,Ingreso de proyecto,https://www.camara.cl/verDoc.aspx?prmID=18385&prmTIPO=INICIATIVA,https://www.camara.cl/legislacion/ProyectosDeLey/tramitacion.aspx?prmID=18819&prmBOLETIN=18154-25
18155-25,2026-04-07,,Primer trámite constitucional / C. Diputados,Ingreso de proyecto. Incluye IF N°79 / 07.04.2026,https://www.camara.cl/verDoc.aspx?prmID=18379&prmTIPO=INICIATIVA,https://www.camara.cl/legislacion/ProyectosDeLey/tramitacion.aspx?prmID=18813&prmBOLETIN=18155-25
18155-25,2026-04-07,,Primer trámite constitucional / C. Diputados,"Oficio N° 21140. Remite a la Comisión de Constitución, Legislación, Justicia y Reglamento el proyecto de ley,correspondiente al boletín N° 18.155-25, inicialmente asignado a la Comisión de Seguridad Ciudadana.",https://www.camara.cl/verDoc.aspx?prmID=35997&prmTIPO=OFICIOPLEY,https://www.camara.cl/legislacion/ProyectosDeLey/tramitacion.aspx?prmID=18813&prmBOLETIN=18155-25
18155-25,2026-04-07,,Primer trámite constitucional / C. Diputados,Texto del mensaje,https://www.camara.cl/verDoc.aspx?prmID=35983&prmTIPO=OFICIOPLEY,https://www.camara.cl/legislacion/ProyectosDeLey/tramitacion.aspx?prmID=18813&prmBOLETIN=18155-25
18155-25,2026-04-20,,Primer trámite constitucional / C. Diputados,Oficio N°21.165. Comunica que la Cámara de Diputados accedió a la solicitud para fusionar el proyecto boletín N° 18.155-25 con el proyecto boletín N° 18.161-07.,https://www.camara.cl/verDoc.aspx?prmID=36053&prmTIPO=OFICIOPLEY,https://www.camara.cl/legislacion/ProyectosDeLey/tramitacion.aspx?prmID=18813&prmBOLETIN=18155-25
18155-25,2026-05-04,,Primer trámite constitucional / C. Diputados,S.E. el Presidente de la República formula indicación al proyecto. (029-374).,https://www.camara.cl/verDoc.aspx?prmID=36104&prmTIPO=OFICIOPLEY,https://www.camara.cl/legislacion/ProyectosDeLey/tramitacion.aspx?prmID=18813&prmBOLETIN=18155-25
18155-25,2026-05-06,,Primer trámite constitucional / C. Diputados,Primer informe de comisión,https://www.camara.cl/verDoc.aspx?prmID=27963&prmTIPO=INFORMEPLEY,https://www.camara.cl/legislacion/ProyectosDeLey/tramitacion.aspx?prmID=18813&prmBOLETIN=18155-25
18155-25,2026-05-13,,Primer trámite constitucional / C. Diputados,Oficio de ley a Cámara Revisora,https://www.camara.cl/verDoc.aspx?prmID=36170&prmTIPO=OFICIOPLEY,https://www.camara.cl/legislacion/ProyectosDeLey/tramitacion.aspx?prmID=18813&prmBOLETIN=18155-25
18155-25,2026-09-01,53ª / 374,Segundo trámite constitucional / Senado,Cuenta del Mensaje 288-374 que retira y hace presente la urgencia Simple,,https://www.camara.cl/legislacion/ProyectosDeLey/tramitacion.aspx?prmID=18813&prmBOLETIN=18155-25
18156-04,2026-04-07,,Primer trámite constitucional / C. Diputados,Ingreso de proyecto. Incluye IF N°078 / 07.04.2026,https://www.camara.cl/verDoc.aspx?prmID=18380&prmTIPO=INICIATIVA,https://www.camara.cl/legislacion/ProyectosDeLey/tramitacion.aspx?prmID=18814&prmBOLETIN=18156-04
18156-04,2026-04-07,,Primer trámite constitucional / C. Diputados,Texto del mensaje,https://www.camara.cl/verDoc.aspx?prmID=35984&prmTIPO=OFICIOPLEY,https://www.camara.cl/legislacion/ProyectosDeLey/tramitacion.aspx?prmID=18814&prmBOLETIN=18156-04
18156-04,2026-04-15,,Primer trámite constitucional / C. Diputados,"Oficio de S.E. el Presidente de la República (N° 014-374), mediante el cual formula indicaciones al proyecto.",https://www.camara.cl/verDoc.aspx?prmID=36048&prmTIPO=OFICIOPLEY,https://www.camara.cl/legislacion/ProyectosDeLey/tramitacion.aspx?prmID=18814&prmBOLETIN=18156-04
18156-04,2026-04-16,,Primer trámite constitucional / C. Diputados,Primer informe de comisión,https://www.camara.cl/verDoc.aspx?prmID=27941&prmTIPO=INFORMEPLEY,https://www.camara.cl/legislacion/ProyectosDeLey/tramitacion.aspx?prmID=18814&prmBOLETIN=18156-04
18156-04,2026-04-21,,Primer trámite constitucional / C. Diputados,Oficio de ley a Cámara Revisora. Oficio de ley a Cámara revisora.,https://www.camara.cl/verDoc.aspx?prmID=36058&prmTIPO=OFICIOPLEY,https://www.camara.cl/legislacion/ProyectosDeLey/tramitacion.aspx?prmID=18814&prmBOLETIN=18156-04
18156-04,2026-05-18,18ª / 374,Segundo trámite constitucional / Senado,"Discusión general. Aprobado en general, queda pendiente la discusión en particular.",https://www.camara.cl/verDoc.aspx?prmID=80261&prmTIPO=BOLETINOFICIAL,https://www.camara.cl/legislacion/ProyectosDeLey/tramitacion.aspx?prmID=18814&prmBOLETIN=18156-04
18156-04,2026-05-18,,Segundo trámite constitucional / Senado,Primer informe de comisión,https://www.camara.cl/verDoc.aspx?prmID=27979&prmTIPO=INFORMEPLEY,https://www.camara.cl/legislacion/ProyectosDeLey/tramitacion.aspx?prmID=18814&prmBOLETIN=18156-04
18156-04,2026-05-19,20ª / 374,Segundo trámite constitucional / Senado,Discusión general,https://www.camara.cl/verDoc.aspx?prmID=80303&prmTIPO=BOLETINOFICIAL,https://www.camara.cl/legislacion/ProyectosDeLey/tramitacion.aspx?prmID=18814&prmBOLETIN=18156-04
18156-04,2026-05-19,20ª / 374,Segundo trámite constitucional / Senado,La Honorable Senadora señora Pascual hace reserva de constitucionalidad en la discusión del proyecto de ley,https://www.camara.cl/verDoc.aspx?prmID=80303&prmTIPO=BOLETINOFICIAL,https://www.camara.cl/legislacion/ProyectosDeLey/tramitacion.aspx?prmID=18814&prmBOLETIN=18156-04
18156-04,2026-05-19,20ª / 374,Segundo trámite constitucional / Senado,La Honorable Senadora señora Provoste hace reserva de constitucionalidad en la discusión del proyecto de ley,https://www.camara.cl/verDoc.aspx?prmID=80303&prmTIPO=BOLETINOFICIAL,https://www.camara.cl/legislacion/ProyectosDeLey/tramitacion.aspx?prmID=18814&prmBOLETIN=18156-04
18156-04,2026-05-19,20ª / 374,Segundo trámite constitucional / Senado,La Honorable Senadora señora Sánchez hace reserva de constitucionalidad en la discusión del proyecto de ley,https://www.camara.cl/verDoc.aspx?prmID=80303&prmTIPO=BOLETINOFICIAL,https://www.camara.cl/legislacion/ProyectosDeLey/tramitacion.aspx?prmID=18814&prmBOLETIN=18156-04
18156-04,2026-05-20,,Segundo trámite constitucional / Senado,Oficio modificaciones a Cámara de Origen,https://www.camara.cl/verDoc.aspx?prmID=36225&prmTIPO=OFICIOPLEY,https://www.camara.cl/legislacion/ProyectosDeLey/tramitacion.aspx?prmID=18814&prmBOLETIN=18156-04
18156-04,2026-06-02,28ª / 374,Tercer trámite constitucional / C. Diputados,Cuenta del Mensaje 118-374 que hace presente la urgencia Discusión inmediata,,https://www.camara.cl/legislacion/ProyectosDeLey/tramitacion.aspx?prmID=18814&prmBOLETIN=18156-04
18156-04,2026-06-02,,Tercer trámite constitucional / C. Diputados,"Oficio N° 21.262, que comunica aprobacion de modificaciones",https://www.camara.cl/verDoc.aspx?prmID=36664&prmTIPO=OFICIOPLEY,https://www.camara.cl/legislacion/ProyectosDeLey/tramitacion.aspx?prmID=18814&prmBOLETIN=18156-04
18156-04,2026-06-02,,Tercer trámite constitucional / C. Diputados,Oficio de ley al Ejecutivo,https://www.camara.cl/verDoc.aspx?prmID=36665&prmTIPO=OFICIOPLEY,https://www.camara.cl/legislacion/ProyectosDeLey/tramitacion.aspx?prmID=18814&prmBOLETIN=18156-04
18157-33,2026-04-06,,Primer trámite constitucional / C. Diputados,Ingreso de proyecto,https://www.camara.cl/verDoc.aspx?prmID=18388&prmTIPO=INICIATIVA,https://www.camara.cl/legislacion/ProyectosDeLey/tramitacion.aspx?prmID=18822&prmBOLETIN=18157-33
18157-33,2026-05-28,,Primer trámite constitucional / C. Diputados,Primer informe de comisión,https://www.camara.cl/verDoc.aspx?prmID=27996&prmTIPO=INFORMEPLEY,https://www.camara.cl/legislacion/ProyectosDeLey/tramitacion.aspx?prmID=18822&prmBOLETIN=18157-33
18157-33,2026-06-08,,Primer trámite constitucional / C. Diputados,Oficio de ley a Cámara Revisora,https://www.camara.cl/verDoc.aspx?prmID=36689&prmTIPO=OFICIOPLEY,https://www.camara.cl/legislacion/ProyectosDeLey/tramitacion.aspx?prmID=18822&prmBOLETIN=18157-33
18157-33,2026-07-27,,Segundo trámite constitucional / Senado,Primer informe de comisión,https://www.camara.cl/verDoc.aspx?prmID=28115&prmTIPO=INFORMEPLEY,https://www.camara.cl/legislacion/ProyectosDeLey/tramitacion.aspx?prmID=18822&prmBOLETIN=18157-33
18157-33,2026-08-04,47ª / 374,Segundo trámite constitucional / Senado,Cuenta del Mensaje 232-374 que retira y hace presente la urgencia Suma,,https://www.camara.cl/legislacion/ProyectosDeLey/tramitacion.aspx?prmID=18822&prmBOLETIN=18157-33
18157-33,2026-08-18,51ª / 374,Segundo trámite constitucional / Senado,Discusión general,https://www.camara.cl/verDoc.aspx?prmID=81083&prmTIPO=BOLETINOFICIAL,https://www.camara.cl/legislacion/ProyectosDeLey/tramitacion.aspx?prmID=18822&prmBOLETIN=18157-33
18157-33,2026-08-18,,Segundo trámite constitucional / Senado,Oficio modificaciones a Cámara de Origen,https://www.camara.cl/verDoc.aspx?prmID=37057&prmTIPO=OFICIOPLEY,https://www.camara.cl/legislacion/ProyectosDeLey/tramitacion.aspx?prmID=18822&prmBOLETIN=18157-33
18158-13,2026-04-06,,Primer trámite constitucional / C. Diputados,Ingreso de proyecto,https://www.camara.cl/verDoc.aspx?prmID=18389&prmTIPO=INICIATIVA,https://www.camara.cl/legislacion/ProyectosDeLey/tramitacion.aspx?prmID=18823&prmBOLETIN=18158-13
18159-11,2026-04-07,,Primer trámite constitucional / Senado,Ingreso de proyecto,https://www.camara.cl/verDoc.aspx?prmID=18386&prmTIPO=INICIATIVA,https://www.camara.cl/legislacion/ProyectosDeLey/tramitacion.aspx?prmID=18820&prmBOLETIN=18159-11
18159-11,2026-04-15,,Primer trámite constitucional / Senado,Primer informe de comisión,https://www.camara.cl/verDoc.aspx?prmID=27931&prmTIPO=INFORMEPLEY,https://www.camara.cl/legislacion/ProyectosDeLey/tramitacion.aspx?prmID=18820&prmBOLETIN=18159-11
18159-11,2026-06-17,33ª / 374,Primer trámite constitucional / Senado,Discusión general,https://www.camara.cl/verDoc.aspx?prmID=80506&prmTIPO=BOLETINOFICIAL,https://www.camara.cl/legislacion/ProyectosDeLey/tramitacion.aspx?prmID=18820&prmBOLETIN=18159-11
18159-11,2026-06-17,,Primer trámite constitucional / Senado,Oficio de ley a Cámara Revisora,https://www.camara.cl/verDoc.aspx?prmID=36755&prmTIPO=OFICIOPLEY,https://www.camara.cl/legislacion/ProyectosDeLey/tramitacion.aspx?prmID=18820&prmBOLETIN=18159-11
18160-07,2026-04-07,,Primer trámite constitucional / C. Diputados,Ingreso de proyecto,https://www.camara.cl/verDoc.aspx?prmID=18390&prmTIPO=INICIATIVA,https://www.camara.cl/legislacion/ProyectosDeLey/tramitacion.aspx?prmID=18824&prmBOLETIN=18160-07
18161-07,2026-04-07,,Primer trámite constitucional / C. Diputados,Ingreso de proyecto,https://www.camara.cl/verDoc.aspx?prmID=18391&prmTIPO=INICIATIVA,https://www.camara.cl/legislacion/ProyectosDeLey/tramitacion.aspx?prmID=18825&prmBOLETIN=18161-07
18161-07,2026-04-20,,Primer trámite constitucional / C. Diputados,Oficio N°21.165. Comunica que la Cámara de Diputados accedió a la solicitud para fusionar el proyecto boletín N° 18.155-25 con el proyecto boletín N° 18.161-07.,https://www.camara.cl/verDoc.aspx?prmID=36053&prmTIPO=OFICIOPLEY,https://www.camara.cl/legislacion/ProyectosDeLey/tramitacion.aspx?prmID=18825&prmBOLETIN=18161-07
18161-07,2026-05-04,,Primer trámite constitucional / C. Diputados,S.E. el Presidente de la República formula indicación al proyecto. (029-374).,https://www.camara.cl/verDoc.aspx?prmID=36104&prmTIPO=OFICIOPLEY,https://www.camara.cl/legislacion/ProyectosDeLey/tramitacion.aspx?prmID=18825&prmBOLETIN=18161-07
18161-07,2026-05-06,,Primer trámite constitucional / C. Diputados,Primer informe de comisión,https://www.camara.cl/verDoc.aspx?prmID=27963&prmTIPO=INFORMEPLEY,https://www.camara.cl/legislacion/ProyectosDeLey/tramitacion.aspx?prmID=18825&prmBOLETIN=18161-07
18161-07,2026-05-13,,Primer trámite constitucional / C. Diputados,Oficio de ley a Cámara Revisora,https://www.camara.cl/verDoc.aspx?prmID=36170&prmTIPO=OFICIOPLEY,https://www.camara.cl/legislacion/ProyectosDeLey/tramitacion.aspx?prmID=18825&prmBOLETIN=18161-07
18161-07,2026-09-01,53ª / 374,Segundo trámite constitucional / Senado,Cuenta del Mensaje 288-374 que retira y hace presente la urgencia Simple,,https://www.camara.cl/legislacion/ProyectosDeLey/tramitacion.aspx?prmID=18825&prmBOLETIN=18161-07
18162-07,2026-04-08,,Primer trámite constitucional / Senado,Ingreso de proyecto,https://www.camara.cl/verDoc.aspx?prmID=18387&prmTIPO=INICIATIVA,https://www.camara.cl/legislacion/ProyectosDeLey/tramitacion.aspx?prmID=18821&prmBOLETIN=18162-07
18162-07,2026-04-08,,Primer trámite constitucional / Senado,Oficio N° 103-26 a la Corte Suprema,https://www.camara.cl/verDoc.aspx?prmID=36028&prmTIPO=OFICIOPLEY,https://www.camara.cl/legislacion/ProyectosDeLey/tramitacion.aspx?prmID=18821&prmBOLETIN=18162-07
18162-07,2026-04-08,,Primer trámite constitucional / Senado,Oficio N° a la Corte Suprema,https://www.camara.cl/verDoc.aspx?prmID=36027&prmTIPO=OFICIOPLEY,https://www.camara.cl/legislacion/ProyectosDeLey/tramitacion.aspx?prmID=18821&prmBOLETIN=18162-07
18163-14,2026-04-08,,Primer trámite constitucional / C. Diputados,Ingreso de proyecto,https://www.camara.cl/verDoc.aspx?prmID=18394&prmTIPO=INICIATIVA,https://www.camara.cl/legislacion/ProyectosDeLey/tramitacion.aspx?prmID=18828&prmBOLETIN=18163-14
18164-17,2026-04-08,,Primer trámite constitucional / Senado,Ingreso de proyecto,https://www.camara.cl/verDoc.aspx?prmID=18392&prmTIPO=INICIATIVA,https://www.camara.cl/legislacion/ProyectosDeLey/tramitacion.aspx?prmID=18826&prmBOLETIN=18164-17
18165-07,2026-04-08,,Primer trámite constitucional / Senado,Ingreso de proyecto,https://www.camara.cl/verDoc.aspx?prmID=18393&prmTIPO=INICIATIVA,https://www.camara.cl/legislacion/ProyectosDeLey/tramitacion.aspx?prmID=18827&prmBOLETIN=18165-07
18166-24,2026-04-08,,Primer trámite constitucional / C. Diputados,Ingreso de proyecto,https://www.camara.cl/verDoc.aspx?prmID=18395&prmTIPO=INICIATIVA,https://www.camara.cl/legislacion/ProyectosDeLey/tramitacion.aspx?prmID=18829&prmBOLETIN=18166-24
18166-24,2026-07-17,,Primer trámite constitucional / C. Diputados,S.E. el Presidente de la República formula indicaciones al proyecto. (107-374). Incluye informe financiero N° 173/17.07.2026.,https://www.camara.cl/verDoc.aspx?prmID=36870&prmTIPO=OFICIOPLEY,https://www.camara.cl/legislacion/ProyectosDeLey/tramitacion.aspx?prmID=18829&prmBOLETIN=18166-24
18166-24,2026-08-10,,Primer trámite constitucional / C. Diputados,Primer informe de comisión,https://www.camara.cl/verDoc.aspx?prmID=28158&prmTIPO=INFORMEPLEY,https://www.camara.cl/legislacion/ProyectosDeLey/tramitacion.aspx?prmID=18829&prmBOLETIN=18166-24
18167-11,2026-04-08,,Primer trámite constitucional / C. Diputados,Ingreso de proyecto,https://www.camara.cl/verDoc.aspx?prmID=18396&prmTIPO=INICIATIVA,https://www.camara.cl/legislacion/ProyectosDeLey/tramitacion.aspx?prmID=18830&prmBOLETIN=18167-11
18168-03,2026-04-08,,Primer trámite constitucional / C. Diputados,Ingreso de proyecto,https://www.camara.cl/verDoc.aspx?prmID=18397&prmTIPO=INICIATIVA,https://www.camara.cl/legislacion/ProyectosDeLey/tramitacion.aspx?prmID=18831&prmBOLETIN=18168-03
18169-07,2026-04-09,,Primer trámite constitucional / C. Diputados,Ingreso de proyecto,https://www.camara.cl/verDoc.aspx?prmID=18398&prmTIPO=INICIATIVA,https://www.camara.cl/legislacion/ProyectosDeLey/tramitacion.aspx?prmID=18832&prmBOLETIN=18169-07
18170-13,2026-04-09,,Primer trámite constitucional / C. Diputados,Ingreso de proyecto,https://www.camara.cl/verDoc.aspx?prmID=18399&prmTIPO=INICIATIVA,https://www.camara.cl/legislacion/ProyectosDeLey/tramitacion.aspx?prmID=18833&prmBOLETIN=18170-13
18171-13,2026-04-09,,Primer trámite constitucional / C. Diputados,Ingreso de proyecto,https://www.camara.cl/verDoc.aspx?prmID=18400&prmTIPO=INICIATIVA,https://www.camara.cl/legislacion/ProyectosDeLey/tramitacion.aspx?prmID=18834&prmBOLETIN=18171-13
18172-21,2026-04-08,,Primer trámite constitucional / Senado,Ingreso de proyecto,https://www.camara.cl/verDoc.aspx?prmID=18402&prmTIPO=INICIATIVA,https://www.camara.cl/legislacion/ProyectosDeLey/tramitacion.aspx?prmID=18836&prmBOLETIN=18172-21
18173-21,2026-04-08,,Primer trámite constitucional / Senado,Ingreso de proyecto,https://www.camara.cl/verDoc.aspx?prmID=18401&prmTIPO=INICIATIVA,https://www.camara.cl/legislacion/ProyectosDeLey/tramitacion.aspx?prmID=18835&prmBOLETIN=18173-21
18174-07,2026-04-13,,Primer trámite constitucional / C. Diputados,Ingreso de proyecto,https://www.camara.cl/verDoc.aspx?prmID=18405&prmTIPO=INICIATIVA,https://www.camara.cl/legislacion/ProyectosDeLey/tramitacion.aspx?prmID=18839&prmBOLETIN=18174-07
18175-02,2026-04-10,,Primer trámite constitucional / C. Diputados,Ingreso de proyecto,https://www.camara.cl/verDoc.aspx?prmID=18406&prmTIPO=INICIATIVA,https://www.camara.cl/legislacion/ProyectosDeLey/tramitacion.aspx?prmID=18840&prmBOLETIN=18175-02
18176-35,2026-04-14,,Primer trámite constitucional / Senado,Ingreso de proyecto,https://www.camara.cl/verDoc.aspx?prmID=18403&prmTIPO=INICIATIVA,https://www.camara.cl/legislacion/ProyectosDeLey/tramitacion.aspx?prmID=18837&prmBOLETIN=18176-35
18176-35,2026-05-13,,Primer trámite constitucional / Senado,Primer informe de comisión,https://www.camara.cl/verDoc.aspx?prmID=27974&prmTIPO=INFORMEPLEY,https://www.camara.cl/legislacion/ProyectosDeLey/tramitacion.aspx?prmID=18837&prmBOLETIN=18176-35
18176-35,2026-06-09,28ª / 374,Primer trámite constitucional / Senado,Discusión general,https://www.camara.cl/verDoc.aspx?prmID=80423&prmTIPO=BOLETINOFICIAL,https://www.camara.cl/legislacion/ProyectosDeLey/tramitacion.aspx?prmID=18837&prmBOLETIN=18176-35
18176-35,2026-06-09,,Primer trámite constitucional / Senado,Oficio de ley a Cámara Revisora,https://www.camara.cl/verDoc.aspx?prmID=36703&prmTIPO=OFICIOPLEY,https://www.camara.cl/legislacion/ProyectosDeLey/tramitacion.aspx?prmID=18837&prmBOLETIN=18176-35
18176-35,2026-07-13,42ª / 374,Segundo trámite constitucional / C. Diputados,Cuenta del Mensaje 198-374 que hace presente la urgencia Simple,,https://www.camara.cl/legislacion/ProyectosDeLey/tramitacion.aspx?prmID=18837&prmBOLETIN=18176-35
18176-35,2026-08-18,,Segundo trámite constitucional / C. Diputados,Primer informe de comisión,https://www.camara.cl/verDoc.aspx?prmID=28182&prmTIPO=INFORMEPLEY,https://www.camara.cl/legislacion/ProyectosDeLey/tramitacion.aspx?prmID=18837&prmBOLETIN=18176-35
18177-01,2026-04-14,,Primer trámite constitucional / C. Diputados,Ingreso de proyecto,https://www.camara.cl/verDoc.aspx?prmID=18407&prmTIPO=INICIATIVA,https://www.camara.cl/legislacion/ProyectosDeLey/tramitacion.aspx?prmID=18841&prmBOLETIN=18177-01
18178-10,2026-04-15,,Primer trámite constitucional / C. Diputados,Ingreso de proyecto. Contiene texto del Acuerdo e Informe Financiero,https://www.camara.cl/verDoc.aspx?prmID=18404&prmTIPO=INICIATIVA,https://www.camara.cl/legislacion/ProyectosDeLey/tramitacion.aspx?prmID=18838&prmBOLETIN=18178-10
18178-10,2026-04-15,,Primer trámite constitucional / C. Diputados,Texto del Mensaje.,https://www.camara.cl/verDoc.aspx?prmID=36041&prmTIPO=OFICIOPLEY,https://www.camara.cl/legislacion/ProyectosDeLey/tramitacion.aspx?prmID=18838&prmBOLETIN=18178-10
18178-10,2026-04-21,,Primer trámite constitucional / C. Diputados,Primer informe de comisión,https://www.camara.cl/verDoc.aspx?prmID=27942&prmTIPO=INFORMEPLEY,https://www.camara.cl/legislacion/ProyectosDeLey/tramitacion.aspx?prmID=18838&prmBOLETIN=18178-10
18178-10,2026-06-08,30ª / 374,Primer trámite constitucional / C. Diputados,Cuenta del Mensaje 130-374 que hace presente la urgencia Simple,,https://www.camara.cl/legislacion/ProyectosDeLey/tramitacion.aspx?prmID=18838&prmBOLETIN=18178-10
18178-10,2026-06-08,,Primer trámite constitucional / C. Diputados,Oficio de ley a Cámara Revisora,https://www.camara.cl/verDoc.aspx?prmID=36685&prmTIPO=OFICIOPLEY,https://www.camara.cl/legislacion/ProyectosDeLey/tramitacion.aspx?prmID=18838&prmBOLETIN=18178-10
18178-10,2026-06-17,,Segundo trámite constitucional / Senado,Primer informe de comisión,https://www.camara.cl/verDoc.aspx?prmID=28052&prmTIPO=INFORMEPLEY,https://www.camara.cl/legislacion/ProyectosDeLey/tramitacion.aspx?prmID=18838&prmBOLETIN=18178-10
18178-10,2026-07-08,41ª / 374,Segundo trámite constitucional / Senado,Discusión general,https://www.camara.cl/verDoc.aspx?prmID=80582&prmTIPO=BOLETINOFICIAL,https://www.camara.cl/legislacion/ProyectosDeLey/tramitacion.aspx?prmID=18838&prmBOLETIN=18178-10
18178-10,2026-07-08,,Segundo trámite constitucional / Senado,Oficio aprobación sin modificaciones a Cámara de Origen,https://www.camara.cl/verDoc.aspx?prmID=36805&prmTIPO=OFICIOPLEY,https://www.camara.cl/legislacion/ProyectosDeLey/tramitacion.aspx?prmID=18838&prmBOLETIN=18178-10
18178-10,2026-07-13,,Trámite finalización en Cámara de Origen / C. Diputados,Oficio de ley al Ejecutivo,https://www.camara.cl/verDoc.aspx?prmID=36993&prmTIPO=OFICIOPLEY,https://www.camara.cl/legislacion/ProyectosDeLey/tramitacion.aspx?prmID=18838&prmBOLETIN=18178-10
18179-18,2026-04-14,,Primer trámite constitucional / C. Diputados,Ingreso de proyecto,https://www.camara.cl/verDoc.aspx?prmID=18408&prmTIPO=INICIATIVA,https://www.camara.cl/legislacion/ProyectosDeLey/tramitacion.aspx?prmID=18842&prmBOLETIN=18179-18
18180-13,2026-04-14,,Primer trámite constitucional / C. Diputados,Ingreso de proyecto,https://www.camara.cl/verDoc.aspx?prmID=18409&prmTIPO=INICIATIVA,https://www.camara.cl/legislacion/ProyectosDeLey/tramitacion.aspx?prmID=18843&prmBOLETIN=18180-13
18181-13,2026-04-14,,Primer trámite constitucional / C. Diputados,Ingreso de proyecto,https://www.camara.cl/verDoc.aspx?prmID=18410&prmTIPO=INICIATIVA,https://www.camara.cl/legislacion/ProyectosDeLey/tramitacion.aspx?prmID=18844&prmBOLETIN=18181-13
18182-07,2026-04-14,,Primer trámite constitucional / Senado,Ingreso de proyecto,https://www.camara.cl/verDoc.aspx?prmID=18411&prmTIPO=INICIATIVA,https://www.camara.cl/legislacion/ProyectosDeLey/tramitacion.aspx?prmID=18845&prmBOLETIN=18182-07
18183-07,2026-04-14,,Primer trámite constitucional / Senado,Ingreso de proyecto,https://www.camara.cl/verDoc.aspx?prmID=18412&prmTIPO=INICIATIVA,https://www.camara.cl/legislacion/ProyectosDeLey/tramitacion.aspx?prmID=18846&prmBOLETIN=18183-07
18184-07,2026-04-14,,Primer trámite constitucional / Senado,Ingreso de proyecto,https://www.camara.cl/verDoc.aspx?prmID=18413&prmTIPO=INICIATIVA,https://www.camara.cl/legislacion/ProyectosDeLey/tramitacion.aspx?prmID=18847&prmBOLETIN=18184-07
18185-07,2026-04-14,,Primer trámite constitucional / Senado,Ingreso de proyecto,https://www.camara.cl/verDoc.aspx?prmID=18414&prmTIPO=INICIATIVA,https://www.camara.cl/legislacion/ProyectosDeLey/tramitacion.aspx?prmID=18848&prmBOLETIN=18185-07
18186-07,2026-04-14,,Primer trámite constitucional / Senado,Ingreso de proyecto,https://www.camara.cl/verDoc.aspx?prmID=18415&prmTIPO=INICIATIVA,https://www.camara.cl/legislacion/ProyectosDeLey/tramitacion.aspx?prmID=18849&prmBOLETIN=18186-07
18187-07,2026-04-14,,Primer trámite constitucional / Senado,Ingreso de proyecto,https://www.camara.cl/verDoc.aspx?prmID=18416&prmTIPO=INICIATIVA,https://www.camara.cl/legislacion/ProyectosDeLey/tramitacion.aspx?prmID=18850&prmBOLETIN=18187-07
18188-07,2026-04-14,,Primer trámite constitucional / Senado,Ingreso de proyecto,https://www.camara.cl/verDoc.aspx?prmID=18417&prmTIPO=INICIATIVA,https://www.camara.cl/legislacion/ProyectosDeLey/tramitacion.aspx?prmID=18851&prmBOLETIN=18188-07
18189-14,2026-04-15,,Primer trámite constitucional / C. Diputados,Ingreso de proyecto,https://www.camara.cl/verDoc.aspx?prmID=18425&prmTIPO=INICIATIVA,https://www.camara.cl/legislacion/ProyectosDeLey/tramitacion.aspx?prmID=18859&prmBOLETIN=18189-14
18189-14,2026-08-05,,Primer trámite constitucional / C. Diputados,Primer informe de comisión,https://www.camara.cl/verDoc.aspx?prmID=28137&prmTIPO=INFORMEPLEY,https://www.camara.cl/legislacion/ProyectosDeLey/tramitacion.aspx?prmID=18859&prmBOLETIN=18189-14
18189-14,2026-08-17,57ª / 374,Primer trámite constitucional / C. Diputados,Cuenta del Mensaje 263-374 que retira y hace presente la urgencia Suma,,https://www.camara.cl/legislacion/ProyectosDeLey/tramitacion.aspx?prmID=18859&prmBOLETIN=18189-14
18189-14,2026-08-19,,Primer trámite constitucional / C. Diputados,Oficio de ley a Cámara Revisora,https://www.camara.cl/verDoc.aspx?prmID=37103&prmTIPO=OFICIOPLEY,https://www.camara.cl/legislacion/ProyectosDeLey/tramitacion.aspx?prmID=18859&prmBOLETIN=18189-14
18190-11,2026-04-15,,Primer trámite constitucional / C. Diputados,Ingreso de proyecto,https://www.camara.cl/verDoc.aspx?prmID=18424&prmTIPO=INICIATIVA,https://www.camara.cl/legislacion/ProyectosDeLey/tramitacion.aspx?prmID=18858&prmBOLETIN=18190-11
18191-37,2026-04-15,,Primer trámite constitucional / Senado,Ingreso de proyecto,https://www.camara.cl/verDoc.aspx?prmID=18418&prmTIPO=INICIATIVA,https://www.camara.cl/legislacion/ProyectosDeLey/tramitacion.aspx?prmID=18852&prmBOLETIN=18191-37
18192-25,2026-04-15,,Primer trámite constitucional / Senado,Ingreso de proyecto,https://www.camara.cl/verDoc.aspx?prmID=18419&prmTIPO=INICIATIVA,https://www.camara.cl/legislacion/ProyectosDeLey/tramitacion.aspx?prmID=18853&prmBOLETIN=18192-25
18192-25,2026-04-21,,Primer trámite constitucional / Senado,Oficio N° 111-26 a la Corte Suprema,https://www.camara.cl/verDoc.aspx?prmID=36062&prmTIPO=OFICIOPLEY,https://www.camara.cl/legislacion/ProyectosDeLey/tramitacion.aspx?prmID=18853&prmBOLETIN=18192-25
18192-25,2026-04-21,,Primer trámite constitucional / Senado,Oficio N° a la Corte Suprema,https://www.camara.cl/verDoc.aspx?prmID=36059&prmTIPO=OFICIOPLEY,https://www.camara.cl/legislacion/ProyectosDeLey/tramitacion.aspx?prmID=18853&prmBOLETIN=18192-25
18193-06,2026-04-15,,Primer trámite constitucional / Senado,Ingreso de proyecto,https://www.camara.cl/verDoc.aspx?prmID=18420&prmTIPO=INICIATIVA,https://www.camara.cl/legislacion/ProyectosDeLey/tramitacion.aspx?prmID=18854&prmBOLETIN=18193-06
18194-08,2026-04-15,,Primer trámite constitucional / Senado,Ingreso de proyecto,https://www.camara.cl/verDoc.aspx?prmID=18421&prmTIPO=INICIATIVA,https://www.camara.cl/legislacion/ProyectosDeLey/tramitacion.aspx?prmID=18855&prmBOLETIN=18194-08
18195-07,2026-04-15,,Primer trámite constitucional / Senado,Ingreso de proyecto,https://www.camara.cl/verDoc.aspx?prmID=18422&prmTIPO=INICIATIVA,https://www.camara.cl/legislacion/ProyectosDeLey/tramitacion.aspx?prmID=18856&prmBOLETIN=18195-07
18196-04,2026-04-15,,Primer trámite constitucional / C. Diputados,Ingreso de proyecto,https://www.camara.cl/verDoc.aspx?prmID=18426&prmTIPO=INICIATIVA,https://www.camara.cl/legislacion/ProyectosDeLey/tramitacion.aspx?prmID=18860&prmBOLETIN=18196-04
18197-04,2026-04-15,,Primer trámite constitucional / C. Diputados,Ingreso de proyecto,https://www.camara.cl/verDoc.aspx?prmID=18423&prmTIPO=INICIATIVA,https://www.camara.cl/legislacion/ProyectosDeLey/tramitacion.aspx?prmID=18857&prmBOLETIN=18197-04
18197-04,2026-04-20,,Primer trámite constitucional / C. Diputados,Oficio N° 21.170. Comunica el acuerdo de la Cámara de Diputados que radica el proyecto en la Comisión de Hacienda.,https://www.camara.cl/verDoc.aspx?prmID=36051&prmTIPO=OFICIOPLEY,https://www.camara.cl/legislacion/ProyectosDeLey/tramitacion.aspx?prmID=18857&prmBOLETIN=18197-04
18197-04,2026-06-08,,Primer trámite constitucional / C. Diputados,Eximido del trámite ante Comisión Derivado a Comisión de Hacienda,https://www.camara.cl/verDoc.aspx?prmID=28032&prmTIPO=INFORMEPLEY,https://www.camara.cl/legislacion/ProyectosDeLey/tramitacion.aspx?prmID=18857&prmBOLETIN=18197-04
18198-15,2026-04-15,,Primer trámite constitucional / C. Diputados,Ingreso de proyecto,https://www.camara.cl/verDoc.aspx?prmID=18427&prmTIPO=INICIATIVA,https://www.camara.cl/legislacion/ProyectosDeLey/tramitacion.aspx?prmID=18861&prmBOLETIN=18198-15
18198-15,2026-04-20,,Primer trámite constitucional / C. Diputados,"Oficio N° 21.171. Comunica que la Cámara de Diputados acordó remitir el proyecto a la Comisión de Pesca, Acuicultura e Intereses Marítimos.",https://www.camara.cl/verDoc.aspx?prmID=36055&prmTIPO=OFICIOPLEY,https://www.camara.cl/legislacion/ProyectosDeLey/tramitacion.aspx?prmID=18861&prmBOLETIN=18198-15
18199-12,2026-04-20,,Primer trámite constitucional / C. Diputados,Ingreso de proyecto,https://www.camara.cl/verDoc.aspx?prmID=18447&prmTIPO=INICIATIVA,https://www.camara.cl/legislacion/ProyectosDeLey/tramitacion.aspx?prmID=18881&prmBOLETIN=18199-12
18200-06,2026-04-20,,Primer trámite constitucional / C. Diputados,Ingreso de proyecto,https://www.camara.cl/verDoc.aspx?prmID=18434&prmTIPO=INICIATIVA,https://www.camara.cl/legislacion/ProyectosDeLey/tramitacion.aspx?prmID=18868&prmBOLETIN=18200-06
18201-06,2026-04-20,,Primer trámite constitucional / C. Diputados,Ingreso de proyecto,https://www.camara.cl/verDoc.aspx?prmID=18430&prmTIPO=INICIATIVA,https://www.camara.cl/legislacion/ProyectosDeLey/tramitacion.aspx?prmID=18864&prmBOLETIN=18201-06
18202-06,2026-04-20,,Primer trámite constitucional / C. Diputados,Ingreso de proyecto,https://www.camara.cl/verDoc.aspx?prmID=18433&prmTIPO=INICIATIVA,https://www.camara.cl/legislacion/ProyectosDeLey/tramitacion.aspx?prmID=18867&prmBOLETIN=18202-06
18203-06,2026-04-20,,Primer trámite constitucional / C. Diputados,Ingreso de proyecto,https://www.camara.cl/verDoc.aspx?prmID=18432&prmTIPO=INICIATIVA,https://www.camara.cl/legislacion/ProyectosDeLey/tramitacion.aspx?prmID=18866&prmBOLETIN=18203-06
18204-06,2026-04-20,,Primer trámite constitucional / C. Diputados,Ingreso de proyecto,https://www.camara.cl/verDoc.aspx?prmID=18431&prmTIPO=INICIATIVA,https://www.camara.cl/legislacion/ProyectosDeLey/tramitacion.aspx?prmID=18865&prmBOLETIN=18204-06
18205-29,2026-04-15,,Primer trámite constitucional / C. Diputados,Ingreso de proyecto,https://www.camara.cl/verDoc.aspx?prmID=18428&prmTIPO=INICIATIVA,https://www.camara.cl/legislacion/ProyectosDeLey/tramitacion.aspx?prmID=18862&prmBOLETIN=18205-29
18206-13,2026-04-16,,Primer trámite constitucional / C. Diputados,Ingreso de proyecto,https://www.camara.cl/verDoc.aspx?prmID=18435&prmTIPO=INICIATIVA,https://www.camara.cl/legislacion/ProyectosDeLey/tramitacion.aspx?prmID=18869&prmBOLETIN=18206-13
18207-06,2026-04-20,,Primer trámite constitucional / C. Diputados,Ingreso de proyecto,https://www.camara.cl/verDoc.aspx?prmID=18436&prmTIPO=INICIATIVA,https://www.camara.cl/legislacion/ProyectosDeLey/tramitacion.aspx?prmID=18870&prmBOLETIN=18207-06
18208-25,2026-04-20,,Primer trámite constitucional / Senado,Ingreso de proyecto,https://www.camara.cl/verDoc.aspx?prmID=18429&prmTIPO=INICIATIVA,https://www.camara.cl/legislacion/ProyectosDeLey/tramitacion.aspx?prmID=18863&prmBOLETIN=18208-25
18208-25,2026-04-21,,Primer trámite constitucional / Senado,Oficio N° 109-26 a la Corte Suprema,https://www.camara.cl/verDoc.aspx?prmID=36060&prmTIPO=OFICIOPLEY,https://www.camara.cl/legislacion/ProyectosDeLey/tramitacion.aspx?prmID=18863&prmBOLETIN=18208-25
18208-25,2026-08-18,51ª / 374,Primer trámite constitucional / Senado,Cuenta del Mensaje 268-374 que retira y hace presente la urgencia Suma,,https://www.camara.cl/legislacion/ProyectosDeLey/tramitacion.aspx?prmID=18863&prmBOLETIN=18208-25
18208-25,2026-08-28,,Primer trámite constitucional / Senado,Primer informe de comisión,https://www.camara.cl/verDoc.aspx?prmID=28196&prmTIPO=INFORMEPLEY,https://www.camara.cl/legislacion/ProyectosDeLey/tramitacion.aspx?prmID=18863&prmBOLETIN=18208-25
18209-04,2026-04-20,,Primer trámite constitucional / C. Diputados,Ingreso de proyecto,https://www.camara.cl/verDoc.aspx?prmID=18439&prmTIPO=INICIATIVA,https://www.camara.cl/legislacion/ProyectosDeLey/tramitacion.aspx?prmID=18873&prmBOLETIN=18209-04
18210-06,2026-04-21,,Primer trámite constitucional / C. Diputados,Ingreso de proyecto,https://www.camara.cl/verDoc.aspx?prmID=18440&prmTIPO=INICIATIVA,https://www.camara.cl/legislacion/ProyectosDeLey/tramitacion.aspx?prmID=18874&prmBOLETIN=18210-06
18210-06,2026-07-23,,Primer trámite constitucional / C. Diputados,Primer informe de comisión,https://www.camara.cl/verDoc.aspx?prmID=28112&prmTIPO=INFORMEPLEY,https://www.camara.cl/legislacion/ProyectosDeLey/tramitacion.aspx?prmID=18874&prmBOLETIN=18210-06
18210-06,2026-08-12,,Primer trámite constitucional / C. Diputados,Oficio de ley a Cámara Revisora,https://www.camara.cl/verDoc.aspx?prmID=37011&prmTIPO=OFICIOPLEY,https://www.camara.cl/legislacion/ProyectosDeLey/tramitacion.aspx?prmID=18874&prmBOLETIN=18210-06
18211-25,2026-04-22,,Primer trámite constitucional / C. Diputados,Ingreso de proyecto,https://www.camara.cl/verDoc.aspx?prmID=18441&prmTIPO=INICIATIVA,https://www.camara.cl/legislacion/ProyectosDeLey/tramitacion.aspx?prmID=18875&prmBOLETIN=18211-25
18211-25,2026-06-17,,Primer trámite constitucional / C. Diputados,Primer informe de comisión,https://www.camara.cl/verDoc.aspx?prmID=28051&prmTIPO=INFORMEPLEY,https://www.camara.cl/legislacion/ProyectosDeLey/tramitacion.aspx?prmID=18875&prmBOLETIN=18211-25
18211-25,2026-06-24,,Primer trámite constitucional insistido / C. Diputados,Oficio de ley a Cámara Revisora,https://www.camara.cl/verDoc.aspx?prmID=36773&prmTIPO=OFICIOPLEY,https://www.camara.cl/legislacion/ProyectosDeLey/tramitacion.aspx?prmID=18875&prmBOLETIN=18211-25
18211-25,2026-09-01,53ª / 374,Segundo trámite constitucional / Senado,Cuenta del Mensaje 286-374 que retira y hace presente la urgencia Discusión inmediata,,https://www.camara.cl/legislacion/ProyectosDeLey/tramitacion.aspx?prmID=18875&prmBOLETIN=18211-25
18212-07,2026-04-21,,Primer trámite constitucional / C. Diputados,Ingreso de proyecto,https://www.camara.cl/verDoc.aspx?prmID=18442&prmTIPO=INICIATIVA,https://www.camara.cl/legislacion/ProyectosDeLey/tramitacion.aspx?prmID=18876&prmBOLETIN=18212-07
18213-07,2026-04-07,,Primer trámite constitucional / C. Diputados,Ingreso de proyecto,https://www.camara.cl/verDoc.aspx?prmID=18444&prmTIPO=INICIATIVA,https://www.camara.cl/legislacion/ProyectosDeLey/tramitacion.aspx?prmID=18878&prmBOLETIN=18213-07
18214-07,2026-04-15,,Primer trámite constitucional / C. Diputados,Ingreso de proyecto,https://www.camara.cl/verDoc.aspx?prmID=18443&prmTIPO=INICIATIVA,https://www.camara.cl/legislacion/ProyectosDeLey/tramitacion.aspx?prmID=18877&prmBOLETIN=18214-07
18215-10,2026-04-22,,Primer trámite constitucional / C. Diputados,Ingreso de proyecto,https://www.camara.cl/verDoc.aspx?prmID=18437&prmTIPO=INICIATIVA,https://www.camara.cl/legislacion/ProyectosDeLey/tramitacion.aspx?prmID=18871&prmBOLETIN=18215-10
18215-10,2026-04-22,,Primer trámite constitucional / C. Diputados,Texto del acuerdo internacional.,https://www.camara.cl/verDoc.aspx?prmID=36162&prmTIPO=OFICIOPLEY,https://www.camara.cl/legislacion/ProyectosDeLey/tramitacion.aspx?prmID=18871&prmBOLETIN=18215-10
18215-10,2026-05-05,,Primer trámite constitucional / C. Diputados,Primer informe de comisión,https://www.camara.cl/verDoc.aspx?prmID=27958&prmTIPO=INFORMEPLEY,https://www.camara.cl/legislacion/ProyectosDeLey/tramitacion.aspx?prmID=18871&prmBOLETIN=18215-10
18215-10,2026-05-13,,Primer trámite constitucional / C. Diputados,Oficio de ley a Cámara Revisora,https://www.camara.cl/verDoc.aspx?prmID=36172&prmTIPO=OFICIOPLEY,https://www.camara.cl/legislacion/ProyectosDeLey/tramitacion.aspx?prmID=18871&prmBOLETIN=18215-10
18215-10,2026-06-10,,Segundo trámite constitucional / Senado,Primer informe de comisión,https://www.camara.cl/verDoc.aspx?prmID=28041&prmTIPO=INFORMEPLEY,https://www.camara.cl/legislacion/ProyectosDeLey/tramitacion.aspx?prmID=18871&prmBOLETIN=18215-10
18215-10,2026-06-16,30ª / 374,Segundo trámite constitucional / Senado,Cuenta del Mensaje 153-374 que retira y hace presente la urgencia Simple,https://www.camara.cl/verDoc.aspx?prmID=80501&prmTIPO=BOLETINOFICIAL,https://www.camara.cl/legislacion/ProyectosDeLey/tramitacion.aspx?prmID=18871&prmBOLETIN=18215-10
18215-10,2026-07-08,41ª / 374,Segundo trámite constitucional / Senado,Discusión general,https://www.camara.cl/verDoc.aspx?prmID=80582&prmTIPO=BOLETINOFICIAL,https://www.camara.cl/legislacion/ProyectosDeLey/tramitacion.aspx?prmID=18871&prmBOLETIN=18215-10
18215-10,2026-07-08,,Segundo trámite constitucional / Senado,Oficio aprobación sin modificaciones a Cámara de Origen,https://www.camara.cl/verDoc.aspx?prmID=36806&prmTIPO=OFICIOPLEY,https://www.camara.cl/legislacion/ProyectosDeLey/tramitacion.aspx?prmID=18871&prmBOLETIN=18215-10
18215-10,2026-07-13,,Trámite finalización en Cámara de Origen / C. Diputados,Oficio de ley al Ejecutivo,https://www.camara.cl/verDoc.aspx?prmID=36992&prmTIPO=OFICIOPLEY,https://www.camara.cl/legislacion/ProyectosDeLey/tramitacion.aspx?prmID=18871&prmBOLETIN=18215-10
18216-05,2026-04-22,16ª / 374,Primer trámite constitucional / C. Diputados,Ingreso de proyecto. Contiene Informes Financiero y de Impacto Regulatorio,https://www.camara.cl/verDoc.aspx?prmID=18438&prmTIPO=INICIATIVA,https://www.camara.cl/legislacion/ProyectosDeLey/tramitacion.aspx?prmID=18872&prmBOLETIN=18216-05
18216-05,2026-04-22,16ª / 374,Primer trámite constitucional / C. Diputados,Texto del mensaje,https://www.camara.cl/verDoc.aspx?prmID=36065&prmTIPO=OFICIOPLEY,https://www.camara.cl/legislacion/ProyectosDeLey/tramitacion.aspx?prmID=18872&prmBOLETIN=18216-05
18216-05,2026-04-24,,Primer trámite constitucional / C. Diputados,Oficio N° 21184. Oficio a la Corte Suprema.,https://www.camara.cl/verDoc.aspx?prmID=36091&prmTIPO=OFICIOPLEY,https://www.camara.cl/legislacion/ProyectosDeLey/tramitacion.aspx?prmID=18872&prmBOLETIN=18216-05
18216-05,2026-05-11,,Primer trámite constitucional / C. Diputados,S.E. el Presidente de la República formula indicaciones al proyecto. (033-374). Incluye informe financiero complementario N° 093 /11.05.2026.,https://www.camara.cl/verDoc.aspx?prmID=36160&prmTIPO=OFICIOPLEY,https://www.camara.cl/legislacion/ProyectosDeLey/tramitacion.aspx?prmID=18872&prmBOLETIN=18216-05
18216-05,2026-05-13,,Primer trámite constitucional / C. Diputados,S.E. el Presidente de la República formula indicaciones al proyecto. (037-374). Incluye informe financiero complementario N° 097/13.05.2026.,https://www.camara.cl/verDoc.aspx?prmID=36182&prmTIPO=OFICIOPLEY,https://www.camara.cl/legislacion/ProyectosDeLey/tramitacion.aspx?prmID=18872&prmBOLETIN=18216-05
18216-05,2026-05-18,,Primer trámite constitucional / C. Diputados,Primer informe de comisión,https://www.camara.cl/verDoc.aspx?prmID=27980&prmTIPO=INFORMEPLEY,https://www.camara.cl/legislacion/ProyectosDeLey/tramitacion.aspx?prmID=18872&prmBOLETIN=18216-05
18216-05,2026-05-18,,Primer trámite constitucional / C. Diputados,Primer informe de comisión,https://www.camara.cl/verDoc.aspx?prmID=27983&prmTIPO=INFORMEPLEY,https://www.camara.cl/legislacion/ProyectosDeLey/tramitacion.aspx?prmID=18872&prmBOLETIN=18216-05
18216-05,2026-05-18,,Primer trámite constitucional / C. Diputados,S.E. el Presidente de la República formula indicaciones al proyecto. (043-374). Incluye informe financiero complementario N° 100/13.05.2026.,https://www.camara.cl/verDoc.aspx?prmID=36193&prmTIPO=OFICIOPLEY,https://www.camara.cl/legislacion/ProyectosDeLey/tramitacion.aspx?prmID=18872&prmBOLETIN=18216-05
18216-05,2026-05-20,,Primer trámite constitucional / C. Diputados,Oficio de ley a Cámara Revisora,https://www.camara.cl/verDoc.aspx?prmID=36238&prmTIPO=OFICIOPLEY,https://www.camara.cl/legislacion/ProyectosDeLey/tramitacion.aspx?prmID=18872&prmBOLETIN=18216-05
18216-05,2026-06-02,,Segundo trámite constitucional / Senado,Oficio N°H-10. Oficio consulta al señor Ministro de Hacienda,https://www.camara.cl/verDoc.aspx?prmID=37117&prmTIPO=OFICIOPLEY,https://www.camara.cl/legislacion/ProyectosDeLey/tramitacion.aspx?prmID=18872&prmBOLETIN=18216-05
18216-05,2026-06-19,,Segundo trámite constitucional / Senado,Primer informe de comisión,https://www.camara.cl/verDoc.aspx?prmID=28055&prmTIPO=INFORMEPLEY,https://www.camara.cl/legislacion/ProyectosDeLey/tramitacion.aspx?prmID=18872&prmBOLETIN=18216-05
18216-05,2026-06-23,35ª / 374,Segundo trámite constitucional / Senado,Discusión general,https://www.camara.cl/verDoc.aspx?prmID=80507&prmTIPO=BOLETINOFICIAL,https://www.camara.cl/legislacion/ProyectosDeLey/tramitacion.aspx?prmID=18872&prmBOLETIN=18216-05
18216-05,2026-06-24,36ª / 374,Segundo trámite constitucional / Senado,Discusión general,https://www.camara.cl/verDoc.aspx?prmID=80549&prmTIPO=BOLETINOFICIAL,https://www.camara.cl/legislacion/ProyectosDeLey/tramitacion.aspx?prmID=18872&prmBOLETIN=18216-05
18216-05,2026-06-24,37ª / 374,Segundo trámite constitucional / Senado,Discusión general. Aprobado en general Se fija como plazo para presentar indicaciones el 06/07/2026 a las 12:00,https://www.camara.cl/verDoc.aspx?prmID=80562&prmTIPO=BOLETINOFICIAL,https://www.camara.cl/legislacion/ProyectosDeLey/tramitacion.aspx?prmID=18872&prmBOLETIN=18216-05
18216-05,2026-07-07,,Segundo trámite constitucional / Senado,I.F. 153. Informe Financiero,https://www.camara.cl/verDoc.aspx?prmID=36782&prmTIPO=OFICIOPLEY,https://www.camara.cl/legislacion/ProyectosDeLey/tramitacion.aspx?prmID=18872&prmBOLETIN=18216-05
18216-05,2026-07-08,,Segundo trámite constitucional / Senado,IF 158. Informe Financiero,https://www.camara.cl/verDoc.aspx?prmID=36801&prmTIPO=OFICIOPLEY,https://www.camara.cl/legislacion/ProyectosDeLey/tramitacion.aspx?prmID=18872&prmBOLETIN=18216-05
18216-05,2026-07-09,,Segundo trámite constitucional / Senado,IF 162. Informe Financiero,https://www.camara.cl/verDoc.aspx?prmID=36809&prmTIPO=OFICIOPLEY,https://www.camara.cl/legislacion/ProyectosDeLey/tramitacion.aspx?prmID=18872&prmBOLETIN=18216-05
18216-05,2026-07-09,,Segundo trámite constitucional / Senado,IIR. Informe de impacto regulatorio,https://www.camara.cl/verDoc.aspx?prmID=36810&prmTIPO=OFICIOPLEY,https://www.camara.cl/legislacion/ProyectosDeLey/tramitacion.aspx?prmID=18872&prmBOLETIN=18216-05
18216-05,2026-07-09,,Segundo trámite constitucional / Senado,Segundo informe de comisión. Pasa a Comisión de Hacienda,https://www.camara.cl/verDoc.aspx?prmID=28080&prmTIPO=INFORMEPLEY,https://www.camara.cl/legislacion/ProyectosDeLey/tramitacion.aspx?prmID=18872&prmBOLETIN=18216-05
18216-05,2026-07-11,,Segundo trámite constitucional / Senado,Oficio N° H-19 a la Corte Suprema,https://www.camara.cl/verDoc.aspx?prmID=36813&prmTIPO=OFICIOPLEY,https://www.camara.cl/legislacion/ProyectosDeLey/tramitacion.aspx?prmID=18872&prmBOLETIN=18216-05
18216-05,2026-07-13,,Segundo trámite constitucional / Senado,Oficio N° MA-27-2026 a la Corte Suprema,https://www.camara.cl/verDoc.aspx?prmID=36814&prmTIPO=OFICIOPLEY,https://www.camara.cl/legislacion/ProyectosDeLey/tramitacion.aspx?prmID=18872&prmBOLETIN=18216-05
18216-05,2026-07-13,,Segundo trámite constitucional / Senado,Segundo informe de comisión. Pasa a Comisión de Hacienda,https://www.camara.cl/verDoc.aspx?prmID=28081&prmTIPO=INFORMEPLEY,https://www.camara.cl/legislacion/ProyectosDeLey/tramitacion.aspx?prmID=18872&prmBOLETIN=18216-05
18216-05,2026-07-14,,Segundo trámite constitucional / Senado,Oficio N° H-20 a la Corte Suprema,https://www.camara.cl/verDoc.aspx?prmID=36826&prmTIPO=OFICIOPLEY,https://www.camara.cl/legislacion/ProyectosDeLey/tramitacion.aspx?prmID=18872&prmBOLETIN=18216-05
18216-05,2026-07-14,,Segundo trámite constitucional / Senado,Segundo informe de comisión,https://www.camara.cl/verDoc.aspx?prmID=28086&prmTIPO=INFORMEPLEY,https://www.camara.cl/legislacion/ProyectosDeLey/tramitacion.aspx?prmID=18872&prmBOLETIN=18216-05
18216-05,2026-07-15,43ª / 374,Segundo trámite constitucional / Senado,Discusión particular,https://www.camara.cl/verDoc.aspx?prmID=80741&prmTIPO=BOLETINOFICIAL,https://www.camara.cl/legislacion/ProyectosDeLey/tramitacion.aspx?prmID=18872&prmBOLETIN=18216-05
18216-05,2026-07-15,43ª / 374,Segundo trámite constitucional / Senado,El Honorable Senador señor De Urresti hace reserva de constitucionalidad,https://www.camara.cl/verDoc.aspx?prmID=80741&prmTIPO=BOLETINOFICIAL,https://www.camara.cl/legislacion/ProyectosDeLey/tramitacion.aspx?prmID=18872&prmBOLETIN=18216-05
18216-05,2026-07-15,43ª / 374,Segundo trámite constitucional / Senado,La Honorable Senadora señora Provoste hace reserva de constitucionalidad,https://www.camara.cl/verDoc.aspx?prmID=80741&prmTIPO=BOLETINOFICIAL,https://www.camara.cl/legislacion/ProyectosDeLey/tramitacion.aspx?prmID=18872&prmBOLETIN=18216-05
18216-05,2026-07-16,43ª / 374,Segundo trámite constitucional / Senado,El Ejecutivo hace reserva de constitucionalidad,https://www.camara.cl/verDoc.aspx?prmID=80741&prmTIPO=BOLETINOFICIAL,https://www.camara.cl/legislacion/ProyectosDeLey/tramitacion.aspx?prmID=18872&prmBOLETIN=18216-05
18216-05,2026-07-16,43ª / 374,Segundo trámite constitucional / Senado,El Honorable Senador señor Castro hace reserva de constitucionalidad,https://www.camara.cl/verDoc.aspx?prmID=80741&prmTIPO=BOLETINOFICIAL,https://www.camara.cl/legislacion/ProyectosDeLey/tramitacion.aspx?prmID=18872&prmBOLETIN=18216-05
18216-05,2026-07-16,43ª / 374,Segundo trámite constitucional / Senado,El Honorable Senador señora Ibáñez hace reserva de constitucionalidad,https://www.camara.cl/verDoc.aspx?prmID=80741&prmTIPO=BOLETINOFICIAL,https://www.camara.cl/legislacion/ProyectosDeLey/tramitacion.aspx?prmID=18872&prmBOLETIN=18216-05
18216-05,2026-07-16,43ª / 374,Segundo trámite constitucional / Senado,La Honorable Senadora señora Pascual hace reserva de constitucionalidad,https://www.camara.cl/verDoc.aspx?prmID=80741&prmTIPO=BOLETINOFICIAL,https://www.camara.cl/legislacion/ProyectosDeLey/tramitacion.aspx?prmID=18872&prmBOLETIN=18216-05
18216-05,2026-07-17,,Segundo trámite constitucional / Senado,Oficio modificaciones a Cámara de Origen,https://www.camara.cl/verDoc.aspx?prmID=36869&prmTIPO=OFICIOPLEY,https://www.camara.cl/legislacion/ProyectosDeLey/tramitacion.aspx?prmID=18872&prmBOLETIN=18216-05
18216-05,2026-07-21,,Comisión Mixta por rechazo de modificaciones / Senado,Oficio N° 249-26. Toma conocimiento rechazo enmienda y designa integrantes Comisión Mixta,https://www.camara.cl/verDoc.aspx?prmID=36879&prmTIPO=OFICIOPLEY,https://www.camara.cl/legislacion/ProyectosDeLey/tramitacion.aspx?prmID=18872&prmBOLETIN=18216-05
18216-05,2026-07-21,,Tercer trámite constitucional / C. Diputados,Oficio rechazo modificaciones a Cámara Revisora,https://www.camara.cl/verDoc.aspx?prmID=36876&prmTIPO=OFICIOPLEY,https://www.camara.cl/legislacion/ProyectosDeLey/tramitacion.aspx?prmID=18872&prmBOLETIN=18216-05
18216-05,2026-07-22,,Comisión Mixta por rechazo de modificaciones / Senado,Informe de Comisión Mixta,https://www.camara.cl/verDoc.aspx?prmID=28108&prmTIPO=INFORMEPLEY,https://www.camara.cl/legislacion/ProyectosDeLey/tramitacion.aspx?prmID=18872&prmBOLETIN=18216-05
18216-05,2026-07-22,,Comisión Mixta por rechazo de modificaciones / Senado,Oficio N° 21417. Comunica integración Comisión Mixta,https://www.camara.cl/verDoc.aspx?prmID=36882&prmTIPO=OFICIOPLEY,https://www.camara.cl/legislacion/ProyectosDeLey/tramitacion.aspx?prmID=18872&prmBOLETIN=18216-05
18216-05,2026-07-22,,Disc. informe C.Mixta por rechazo de modific. en C. Origen / C. Diputados,Oficio aprobación de informe de Comisión Mixta a C. Revisora,https://www.camara.cl/verDoc.aspx?prmID=36892&prmTIPO=OFICIOPLEY,https://www.camara.cl/legislacion/ProyectosDeLey/tramitacion.aspx?prmID=18872&prmBOLETIN=18216-05
18216-05,2026-08-04,47ª / 374,Disc. informe C.Mixta por rechazo de modif. C. Revisora / Senado,Cuenta del Mensaje 222-374 que retira la urgencia Discusión inmediata,,https://www.camara.cl/legislacion/ProyectosDeLey/tramitacion.aspx?prmID=18872&prmBOLETIN=18216-05
18216-05,2026-08-04,,Disc. informe C.Mixta por rechazo de modif. C. Revisora / Senado,Oficio aprobación de informe de Comisión Mixta a C.de Origen,https://www.camara.cl/verDoc.aspx?prmID=36951&prmTIPO=OFICIOPLEY,https://www.camara.cl/legislacion/ProyectosDeLey/tramitacion.aspx?prmID=18872&prmBOLETIN=18216-05
18216-05,2026-08-04,,Trámite finalización en Cámara de Origen / C. Diputados,Oficio de ley al Ejecutivo,https://www.camara.cl/verDoc.aspx?prmID=36954&prmTIPO=OFICIOPLEY,https://www.camara.cl/legislacion/ProyectosDeLey/tramitacion.aspx?prmID=18872&prmBOLETIN=18216-05
18216-05,2026-08-05,,Trámite finalización en Cámara de Origen / C. Diputados,Oficio N° 123-374. Observaciones de S.E. el Presidente de la República,https://www.camara.cl/verDoc.aspx?prmID=36955&prmTIPO=OFICIOPLEY,https://www.camara.cl/legislacion/ProyectosDeLey/tramitacion.aspx?prmID=18872&prmBOLETIN=18216-05
18216-05,2026-08-06,,Discusión veto en Cámara de Origen / C. Diputados,Informe de comisión,https://www.camara.cl/verDoc.aspx?prmID=28194&prmTIPO=INFORMEPLEY,https://www.camara.cl/legislacion/ProyectosDeLey/tramitacion.aspx?prmID=18872&prmBOLETIN=18216-05
18216-05,2026-08-10,,Discusión veto en Cámara de Origen / C. Diputados,Oficio aprobación veto a Cámara Revisora,https://www.camara.cl/verDoc.aspx?prmID=36989&prmTIPO=OFICIOPLEY,https://www.camara.cl/legislacion/ProyectosDeLey/tramitacion.aspx?prmID=18872&prmBOLETIN=18216-05
18216-05,2026-08-12,,Discusión veto en Cámara Revisora / Senado,Informe de comisión,https://www.camara.cl/verDoc.aspx?prmID=28166&prmTIPO=INFORMEPLEY,https://www.camara.cl/legislacion/ProyectosDeLey/tramitacion.aspx?prmID=18872&prmBOLETIN=18216-05
18216-05,2026-08-12,,Discusión veto en Cámara Revisora / Senado,Oficio aprobación veto a Cámara de Origen,https://www.camara.cl/verDoc.aspx?prmID=37023&prmTIPO=OFICIOPLEY,https://www.camara.cl/legislacion/ProyectosDeLey/tramitacion.aspx?prmID=18872&prmBOLETIN=18216-05
18216-05,2026-08-13,,Trámite en Tribunal Constitucional / C. Diputados,Oficio N° 21499. Comunica al Ejecutivo resultado del veto.,https://www.camara.cl/verDoc.aspx?prmID=37025&prmTIPO=OFICIOPLEY,https://www.camara.cl/legislacion/ProyectosDeLey/tramitacion.aspx?prmID=18872&prmBOLETIN=18216-05
18216-05,2026-08-13,,Trámite en Tribunal Constitucional / C. Diputados,Oficio al Tribunal Constitucional,https://www.camara.cl/verDoc.aspx?prmID=37024&prmTIPO=OFICIOPLEY,https://www.camara.cl/legislacion/ProyectosDeLey/tramitacion.aspx?prmID=18872&prmBOLETIN=18216-05
18216-05,2026-09-01,,Trámite en Tribunal Constitucional / C. Diputados,Oficio N°2059/2026. Respuesta Ministerio de Hacienda,https://www.camara.cl/verDoc.aspx?prmID=37119&prmTIPO=OFICIOPLEY,https://www.camara.cl/legislacion/ProyectosDeLey/tramitacion.aspx?prmID=18872&prmBOLETIN=18216-05
18217-07,2026-04-22,,Primer trámite constitucional / Senado,Ingreso de proyecto,https://www.camara.cl/verDoc.aspx?prmID=18445&prmTIPO=INICIATIVA,https://www.camara.cl/legislacion/ProyectosDeLey/tramitacion.aspx?prmID=18879&prmBOLETIN=18217-07
18217-07,2026-04-22,,Primer trámite constitucional / Senado,Oficio N° 120-26 a la Corte Suprema,https://www.camara.cl/verDoc.aspx?prmID=36071&prmTIPO=OFICIOPLEY,https://www.camara.cl/legislacion/ProyectosDeLey/tramitacion.aspx?prmID=18879&prmBOLETIN=18217-07
18218-25,2026-04-22,,Primer trámite constitucional / Senado,Ingreso de proyecto,https://www.camara.cl/verDoc.aspx?prmID=18446&prmTIPO=INICIATIVA,https://www.camara.cl/legislacion/ProyectosDeLey/tramitacion.aspx?prmID=18880&prmBOLETIN=18218-25
18218-25,2026-04-22,,Primer trámite constitucional / Senado,Oficio N° 121-26 a la Corte Suprema,https://www.camara.cl/verDoc.aspx?prmID=36072&prmTIPO=OFICIOPLEY,https://www.camara.cl/legislacion/ProyectosDeLey/tramitacion.aspx?prmID=18880&prmBOLETIN=18218-25
18218-25,2026-04-22,,Primer trámite constitucional / Senado,Oficio N° a la Corte Suprema,https://www.camara.cl/verDoc.aspx?prmID=36068&prmTIPO=OFICIOPLEY,https://www.camara.cl/legislacion/ProyectosDeLey/tramitacion.aspx?prmID=18880&prmBOLETIN=18218-25
18219-07,2026-04-22,,Primer trámite constitucional / C. Diputados,Ingreso de proyecto,https://www.camara.cl/verDoc.aspx?prmID=18451&prmTIPO=INICIATIVA,https://www.camara.cl/legislacion/ProyectosDeLey/tramitacion.aspx?prmID=18885&prmBOLETIN=18219-07
18220-07,2026-04-21,,Primer trámite constitucional / C. Diputados,Ingreso de proyecto,https://www.camara.cl/verDoc.aspx?prmID=18462&prmTIPO=INICIATIVA,https://www.camara.cl/legislacion/ProyectosDeLey/tramitacion.aspx?prmID=18896&prmBOLETIN=18220-07
18221-11,2026-04-20,,Primer trámite constitucional / C. Diputados,Ingreso de proyecto,https://www.camara.cl/verDoc.aspx?prmID=18450&prmTIPO=INICIATIVA,https://www.camara.cl/legislacion/ProyectosDeLey/tramitacion.aspx?prmID=18884&prmBOLETIN=18221-11
18222-06,2026-04-22,,Primer trámite constitucional / C. Diputados,Ingreso de proyecto,https://www.camara.cl/verDoc.aspx?prmID=18454&prmTIPO=INICIATIVA,https://www.camara.cl/legislacion/ProyectosDeLey/tramitacion.aspx?prmID=18888&prmBOLETIN=18222-06
18222-06,2026-05-04,,Primer trámite constitucional / C. Diputados,"Oficio N° 21198. Comunica a la Comisión de Gobierno Interior, Nacionalidad, Ciudadanía y Regionalización el acuerdo de la Sala, en orden a remitir a la Comisión de Mujeres y Equidad de Género, el proyecto de ley, con posterioridad a su despacho.",https://www.camara.cl/verDoc.aspx?prmID=36099&prmTIPO=OFICIOPLEY,https://www.camara.cl/legislacion/ProyectosDeLey/tramitacion.aspx?prmID=18888&prmBOLETIN=18222-06
18222-06,2026-05-04,,Primer trámite constitucional / C. Diputados,"Oficio N° 21199. Comunica a la Comisión de Mujeres y Equidad de género el acuerdo de la Sala, en orden a remitirle el proyecto de ley, una vez qdespachado por la Comisión de Gobierno Interior, Nacionalidad Ciudadanía y Regionalización.",https://www.camara.cl/verDoc.aspx?prmID=36100&prmTIPO=OFICIOPLEY,https://www.camara.cl/legislacion/ProyectosDeLey/tramitacion.aspx?prmID=18888&prmBOLETIN=18222-06
18223-15,2026-04-25,,Primer trámite constitucional / C. Diputados,Ingreso de proyecto,https://www.camara.cl/verDoc.aspx?prmID=18455&prmTIPO=INICIATIVA,https://www.camara.cl/legislacion/ProyectosDeLey/tramitacion.aspx?prmID=18889&prmBOLETIN=18223-15
18224-18,2026-04-27,,Primer trámite constitucional / C. Diputados,Ingreso de proyecto,https://www.camara.cl/verDoc.aspx?prmID=18459&prmTIPO=INICIATIVA,https://www.camara.cl/legislacion/ProyectosDeLey/tramitacion.aspx?prmID=18893&prmBOLETIN=18224-18
18224-18,2026-06-18,,Primer trámite constitucional / C. Diputados,Eximido del trámite ante Comisión Derivado a Comisión de Ciencias y Tecnología,https://www.camara.cl/verDoc.aspx?prmID=28054&prmTIPO=INFORMEPLEY,https://www.camara.cl/legislacion/ProyectosDeLey/tramitacion.aspx?prmID=18893&prmBOLETIN=18224-18
18224-18,2026-08-31,61ª / 374,Primer trámite constitucional / C. Diputados,Cuenta del Mensaje 281-374 que retira y hace presente la urgencia Suma,,https://www.camara.cl/legislacion/ProyectosDeLey/tramitacion.aspx?prmID=18893&prmBOLETIN=18224-18
18225-07,2026-04-28,,Primer trámite constitucional / C. Diputados,Ingreso de proyecto,https://www.camara.cl/verDoc.aspx?prmID=18456&prmTIPO=INICIATIVA,https://www.camara.cl/legislacion/ProyectosDeLey/tramitacion.aspx?prmID=18890&prmBOLETIN=18225-07
18226-15,2026-04-28,,Primer trámite constitucional / C. Diputados,Ingreso de proyecto,https://www.camara.cl/verDoc.aspx?prmID=18457&prmTIPO=INICIATIVA,https://www.camara.cl/legislacion/ProyectosDeLey/tramitacion.aspx?prmID=18891&prmBOLETIN=18226-15
18227-11,2026-04-28,,Primer trámite constitucional / C. Diputados,Ingreso de proyecto,https://www.camara.cl/verDoc.aspx?prmID=18458&prmTIPO=INICIATIVA,https://www.camara.cl/legislacion/ProyectosDeLey/tramitacion.aspx?prmID=18892&prmBOLETIN=18227-11
18228-04,2026-04-28,,Primer trámite constitucional / C. Diputados,Ingreso de proyecto,https://www.camara.cl/verDoc.aspx?prmID=18453&prmTIPO=INICIATIVA,https://www.camara.cl/legislacion/ProyectosDeLey/tramitacion.aspx?prmID=18887&prmBOLETIN=18228-04
18228-04,2026-05-04,,Primer trámite constitucional / C. Diputados,"Oficio N° 21200. Comunica a la Comisión de Futuro, Ciencias, Tecnología, Conocimiento e Innovación,la asignación del proyecto de ley, correspondiente al boletín N° 18228-04, inicialmente asignado a la Comisión de Educación",https://www.camara.cl/verDoc.aspx?prmID=36103&prmTIPO=OFICIOPLEY,https://www.camara.cl/legislacion/ProyectosDeLey/tramitacion.aspx?prmID=18887&prmBOLETIN=18228-04
18228-04,2026-06-08,,Primer trámite constitucional / C. Diputados,Eximido del trámite ante Comisión Derivado a Comisión de Ciencias y Tecnología,https://www.camara.cl/verDoc.aspx?prmID=28022&prmTIPO=INFORMEPLEY,https://www.camara.cl/legislacion/ProyectosDeLey/tramitacion.aspx?prmID=18887&prmBOLETIN=18228-04
18228-04,2026-06-22,,Primer trámite constitucional / C. Diputados,Primer informe de comisión,https://www.camara.cl/verDoc.aspx?prmID=28057&prmTIPO=INFORMEPLEY,https://www.camara.cl/legislacion/ProyectosDeLey/tramitacion.aspx?prmID=18887&prmBOLETIN=18228-04
18229-11,2026-04-29,,Primer trámite constitucional / C. Diputados,Ingreso de proyecto,https://www.camara.cl/verDoc.aspx?prmID=18460&prmTIPO=INICIATIVA,https://www.camara.cl/legislacion/ProyectosDeLey/tramitacion.aspx?prmID=18894&prmBOLETIN=18229-11
18230-13,2026-04-30,,Primer trámite constitucional / C. Diputados,Ingreso de proyecto. Incluye IF N° 087/30.04.2026.,https://www.camara.cl/verDoc.aspx?prmID=18449&prmTIPO=INICIATIVA,https://www.camara.cl/legislacion/ProyectosDeLey/tramitacion.aspx?prmID=18883&prmBOLETIN=18230-13
18230-13,2026-04-30,,Primer trámite constitucional / C. Diputados,Texto del Mensaje.,https://www.camara.cl/verDoc.aspx?prmID=36094&prmTIPO=OFICIOPLEY,https://www.camara.cl/legislacion/ProyectosDeLey/tramitacion.aspx?prmID=18883&prmBOLETIN=18230-13
18230-13,2026-05-10,,Primer trámite constitucional / C. Diputados,Primer informe de comisión. Pasa a Comisión de Hacienda,https://www.camara.cl/verDoc.aspx?prmID=27978&prmTIPO=INFORMEPLEY,https://www.camara.cl/legislacion/ProyectosDeLey/tramitacion.aspx?prmID=18883&prmBOLETIN=18230-13
18230-13,2026-06-02,,Primer trámite constitucional / C. Diputados,Primer informe de comisión,https://www.camara.cl/verDoc.aspx?prmID=28004&prmTIPO=INFORMEPLEY,https://www.camara.cl/legislacion/ProyectosDeLey/tramitacion.aspx?prmID=18883&prmBOLETIN=18230-13
18230-13,2026-06-03,,Primer trámite constitucional / C. Diputados,Oficio de ley a Cámara Revisora,https://www.camara.cl/verDoc.aspx?prmID=36670&prmTIPO=OFICIOPLEY,https://www.camara.cl/legislacion/ProyectosDeLey/tramitacion.aspx?prmID=18883&prmBOLETIN=18230-13
18230-13,2026-06-09,,Segundo trámite constitucional / Senado,Primer informe de comisión,https://www.camara.cl/verDoc.aspx?prmID=28038&prmTIPO=INFORMEPLEY,https://www.camara.cl/legislacion/ProyectosDeLey/tramitacion.aspx?prmID=18883&prmBOLETIN=18230-13
18230-13,2026-06-10,29ª / 374,Segundo trámite constitucional / Senado,Discusión general. Aprobado en general Se fija como plazo para presentar indicaciones el 15/06/2026 a las 13:00,https://www.camara.cl/verDoc.aspx?prmID=80481&prmTIPO=BOLETINOFICIAL,https://www.camara.cl/legislacion/ProyectosDeLey/tramitacion.aspx?prmID=18883&prmBOLETIN=18230-13
18230-13,2026-06-16,30ª / 374,Segundo trámite constitucional / Senado,Cuenta del Mensaje 150-374 que hace presente la urgencia Discusión inmediata,https://www.camara.cl/verDoc.aspx?prmID=80501&prmTIPO=BOLETINOFICIAL,https://www.camara.cl/legislacion/ProyectosDeLey/tramitacion.aspx?prmID=18883&prmBOLETIN=18230-13
18230-13,2026-06-16,30ª / 374,Segundo trámite constitucional / Senado,Discusión particular,https://www.camara.cl/verDoc.aspx?prmID=80501&prmTIPO=BOLETINOFICIAL,https://www.camara.cl/legislacion/ProyectosDeLey/tramitacion.aspx?prmID=18883&prmBOLETIN=18230-13
18230-13,2026-06-16,,Segundo trámite constitucional / Senado,Oficio N° 201-26. Oficio aprobación sin modificaciones a C. Revisora,https://www.camara.cl/verDoc.aspx?prmID=36746&prmTIPO=OFICIOPLEY,https://www.camara.cl/legislacion/ProyectosDeLey/tramitacion.aspx?prmID=18883&prmBOLETIN=18230-13
18230-13,2026-06-17,,Trámite finalización en Cámara de Origen / C. Diputados,Oficio de ley al Ejecutivo,https://www.camara.cl/verDoc.aspx?prmID=36759&prmTIPO=OFICIOPLEY,https://www.camara.cl/legislacion/ProyectosDeLey/tramitacion.aspx?prmID=18883&prmBOLETIN=18230-13
18231-35,2026-05-04,,Primer trámite constitucional / Senado,Ingreso de proyecto,https://www.camara.cl/verDoc.aspx?prmID=18448&prmTIPO=INICIATIVA,https://www.camara.cl/legislacion/ProyectosDeLey/tramitacion.aspx?prmID=18882&prmBOLETIN=18231-35
18231-35,2026-07-14,,Primer trámite constitucional / Senado,Primer informe de comisión,https://www.camara.cl/verDoc.aspx?prmID=28089&prmTIPO=INFORMEPLEY,https://www.camara.cl/legislacion/ProyectosDeLey/tramitacion.aspx?prmID=18882&prmBOLETIN=18231-35
18231-35,2026-08-04,47ª / 374,Primer trámite constitucional / Senado,Discusión general,https://www.camara.cl/verDoc.aspx?prmID=80921&prmTIPO=BOLETINOFICIAL,https://www.camara.cl/legislacion/ProyectosDeLey/tramitacion.aspx?prmID=18882&prmBOLETIN=18231-35
18231-35,2026-08-04,,Primer trámite constitucional / Senado,Oficio de ley a Cámara Revisora,https://www.camara.cl/verDoc.aspx?prmID=36946&prmTIPO=OFICIOPLEY,https://www.camara.cl/legislacion/ProyectosDeLey/tramitacion.aspx?prmID=18882&prmBOLETIN=18231-35
18232-25,2026-05-04,,Primer trámite constitucional / C. Diputados,Ingreso de proyecto. Incluye IF N° 090/30.04.2026.,https://www.camara.cl/verDoc.aspx?prmID=18452&prmTIPO=INICIATIVA,https://www.camara.cl/legislacion/ProyectosDeLey/tramitacion.aspx?prmID=18886&prmBOLETIN=18232-25
18232-25,2026-05-04,,Primer trámite constitucional / C. Diputados,Texto del Mensaje.,https://www.camara.cl/verDoc.aspx?prmID=36095&prmTIPO=OFICIOPLEY,https://www.camara.cl/legislacion/ProyectosDeLey/tramitacion.aspx?prmID=18886&prmBOLETIN=18232-25
18232-25,2026-05-12,,Primer trámite constitucional / C. Diputados,Primer informe de comisión,https://www.camara.cl/verDoc.aspx?prmID=27970&prmTIPO=INFORMEPLEY,https://www.camara.cl/legislacion/ProyectosDeLey/tramitacion.aspx?prmID=18886&prmBOLETIN=18232-25
18232-25,2026-05-18,25ª / 374,Primer trámite constitucional / C. Diputados,Cuenta del Mensaje 96-374 que hace presente la urgencia Discusión inmediata,,https://www.camara.cl/legislacion/ProyectosDeLey/tramitacion.aspx?prmID=18886&prmBOLETIN=18232-25
18232-25,2026-05-18,,Primer trámite constitucional / C. Diputados,Oficio de ley a Cámara Revisora,https://www.camara.cl/verDoc.aspx?prmID=36194&prmTIPO=OFICIOPLEY,https://www.camara.cl/legislacion/ProyectosDeLey/tramitacion.aspx?prmID=18886&prmBOLETIN=18232-25
18232-25,2026-05-19,,Segundo trámite constitucional / Senado,Primer informe de comisión,https://www.camara.cl/verDoc.aspx?prmID=27984&prmTIPO=INFORMEPLEY,https://www.camara.cl/legislacion/ProyectosDeLey/tramitacion.aspx?prmID=18886&prmBOLETIN=18232-25
18232-25,2026-05-20,22ª / 374,Segundo trámite constitucional / Senado,Discusión general,https://www.camara.cl/verDoc.aspx?prmID=80308&prmTIPO=BOLETINOFICIAL,https://www.camara.cl/legislacion/ProyectosDeLey/tramitacion.aspx?prmID=18886&prmBOLETIN=18232-25
18232-25,2026-05-20,,Segundo trámite constitucional / Senado,Oficio aprobación sin modificaciones a Cámara de Origen,https://www.camara.cl/verDoc.aspx?prmID=36232&prmTIPO=OFICIOPLEY,https://www.camara.cl/legislacion/ProyectosDeLey/tramitacion.aspx?prmID=18886&prmBOLETIN=18232-25
18232-25,2626-05-25,,Trámite finalización en Cámara de Origen / C. Diputados,Oficio de ley al Ejecutivo,https://www.camara.cl/verDoc.aspx?prmID=36239&prmTIPO=OFICIOPLEY,https://www.camara.cl/legislacion/ProyectosDeLey/tramitacion.aspx?prmID=18886&prmBOLETIN=18232-25
18233-07,2026-04-22,,Primer trámite constitucional / Senado,Ingreso de proyecto,https://www.camara.cl/verDoc.aspx?prmID=18461&prmTIPO=INICIATIVA,https://www.camara.cl/legislacion/ProyectosDeLey/tramitacion.aspx?prmID=18895&prmBOLETIN=18233-07
18234-35,2026-04-29,,Primer trámite constitucional / C. Diputados,Ingreso de proyecto,https://www.camara.cl/verDoc.aspx?prmID=18464&prmTIPO=INICIATIVA,https://www.camara.cl/legislacion/ProyectosDeLey/tramitacion.aspx?prmID=18898&prmBOLETIN=18234-35
18235-19,2026-04-29,,Primer trámite constitucional / C. Diputados,Ingreso de proyecto,https://www.camara.cl/verDoc.aspx?prmID=18463&prmTIPO=INICIATIVA,https://www.camara.cl/legislacion/ProyectosDeLey/tramitacion.aspx?prmID=18897&prmBOLETIN=18235-19
18236-18,2026-05-04,,Primer trámite constitucional / C. Diputados,Ingreso de proyecto,https://www.camara.cl/verDoc.aspx?prmID=18465&prmTIPO=INICIATIVA,https://www.camara.cl/legislacion/ProyectosDeLey/tramitacion.aspx?prmID=18899&prmBOLETIN=18236-18
18236-18,2026-05-06,,Primer trámite constitucional / C. Diputados,Eximido del trámite ante Comisión Derivado a Comisión Mujeres y Equidad de Género,https://www.camara.cl/verDoc.aspx?prmID=27957&prmTIPO=INFORMEPLEY,https://www.camara.cl/legislacion/ProyectosDeLey/tramitacion.aspx?prmID=18899&prmBOLETIN=18236-18
18236-18,2026-05-06,,Primer trámite constitucional / C. Diputados,"Oficio N° 21216. Comunica a la Comisión de Mujeres y Equidad de Género el acuerdo de los Comités Parlamentarios,en orden a asignarle el proyecto de ley, radicado originalmente en la Comisión de Familia.",https://www.camara.cl/verDoc.aspx?prmID=36148&prmTIPO=OFICIOPLEY,https://www.camara.cl/legislacion/ProyectosDeLey/tramitacion.aspx?prmID=18899&prmBOLETIN=18236-18
18236-18,2026-05-06,,Primer trámite constitucional / C. Diputados,"Oficio N° 21218. Comunica a la Comisión de Familia el acuerdo de los Comités Parlamentarios, en orden a remitir a la Comisión de Mujeres y Equidad de Género el proyecto de ley.",https://www.camara.cl/verDoc.aspx?prmID=36144&prmTIPO=OFICIOPLEY,https://www.camara.cl/legislacion/ProyectosDeLey/tramitacion.aspx?prmID=18899&prmBOLETIN=18236-18
18236-18,2026-08-10,,Primer trámite constitucional / C. Diputados,Oficio N°21.470. Comunica que la Cámara de Diputados acordó acceder a la solicitud para refundir los proyectos de ley correspondientes a los boletines Nos. 18.236-18 y 18.414-18.,https://www.camara.cl/verDoc.aspx?prmID=36983&prmTIPO=OFICIOPLEY,https://www.camara.cl/legislacion/ProyectosDeLey/tramitacion.aspx?prmID=18899&prmBOLETIN=18236-18
18237-33,2026-05-04,,Primer trámite constitucional / C. Diputados,Ingreso de proyecto,https://www.camara.cl/verDoc.aspx?prmID=18466&prmTIPO=INICIATIVA,https://www.camara.cl/legislacion/ProyectosDeLey/tramitacion.aspx?prmID=18900&prmBOLETIN=18237-33
18237-33,2026-05-28,,Primer trámite constitucional / C. Diputados,Primer informe de comisión,https://www.camara.cl/verDoc.aspx?prmID=27996&prmTIPO=INFORMEPLEY,https://www.camara.cl/legislacion/ProyectosDeLey/tramitacion.aspx?prmID=18900&prmBOLETIN=18237-33
18237-33,2026-06-08,,Primer trámite constitucional / C. Diputados,Oficio de ley a Cámara Revisora,https://www.camara.cl/verDoc.aspx?prmID=36689&prmTIPO=OFICIOPLEY,https://www.camara.cl/legislacion/ProyectosDeLey/tramitacion.aspx?prmID=18900&prmBOLETIN=18237-33
18237-33,2026-07-27,,Segundo trámite constitucional / Senado,Primer informe de comisión,https://www.camara.cl/verDoc.aspx?prmID=28115&prmTIPO=INFORMEPLEY,https://www.camara.cl/legislacion/ProyectosDeLey/tramitacion.aspx?prmID=18900&prmBOLETIN=18237-33
18237-33,2026-08-04,47ª / 374,Segundo trámite constitucional / Senado,Cuenta del Mensaje 232-374 que retira y hace presente la urgencia Suma,,https://www.camara.cl/legislacion/ProyectosDeLey/tramitacion.aspx?prmID=18900&prmBOLETIN=18237-33
18237-33,2026-08-18,51ª / 374,Segundo trámite constitucional / Senado,Discusión general,https://www.camara.cl/verDoc.aspx?prmID=81083&prmTIPO=BOLETINOFICIAL,https://www.camara.cl/legislacion/ProyectosDeLey/tramitacion.aspx?prmID=18900&prmBOLETIN=18237-33
18237-33,2026-08-18,,Segundo trámite constitucional / Senado,Oficio modificaciones a Cámara de Origen,https://www.camara.cl/verDoc.aspx?prmID=37057&prmTIPO=OFICIOPLEY,https://www.camara.cl/legislacion/ProyectosDeLey/tramitacion.aspx?prmID=18900&prmBOLETIN=18237-33
18238-25,2026-05-05,,Primer trámite constitucional / Senado,Ingreso de proyecto,https://www.camara.cl/verDoc.aspx?prmID=18467&prmTIPO=INICIATIVA,https://www.camara.cl/legislacion/ProyectosDeLey/tramitacion.aspx?prmID=18901&prmBOLETIN=18238-25
18239-36,2026-05-06,,Primer trámite constitucional / Senado,Ingreso de proyecto,https://www.camara.cl/verDoc.aspx?prmID=18468&prmTIPO=INICIATIVA,https://www.camara.cl/legislacion/ProyectosDeLey/tramitacion.aspx?prmID=18902&prmBOLETIN=18239-36
18239-36,2026-05-06,,Primer trámite constitucional / Senado,Oficio N° 136-26 a la Corte Suprema,https://www.camara.cl/verDoc.aspx?prmID=36147&prmTIPO=OFICIOPLEY,https://www.camara.cl/legislacion/ProyectosDeLey/tramitacion.aspx?prmID=18902&prmBOLETIN=18239-36
18239-36,2026-05-06,,Primer trámite constitucional / Senado,Oficio N° a la Corte Suprema,https://www.camara.cl/verDoc.aspx?prmID=36134&prmTIPO=OFICIOPLEY,https://www.camara.cl/legislacion/ProyectosDeLey/tramitacion.aspx?prmID=18902&prmBOLETIN=18239-36
18239-36,2026-08-10,,Primer trámite constitucional / Senado,Primer informe de comisión. Pasa a Comisión de la Mujer y Equidad de Género,https://www.camara.cl/verDoc.aspx?prmID=28184&prmTIPO=INFORMEPLEY,https://www.camara.cl/legislacion/ProyectosDeLey/tramitacion.aspx?prmID=18902&prmBOLETIN=18239-36
18239-36,2026-09-01,53ª / 374,Primer trámite constitucional / Senado,Cuenta del Mensaje 284-374 que retira y hace presente la urgencia Suma,,https://www.camara.cl/legislacion/ProyectosDeLey/tramitacion.aspx?prmID=18902&prmBOLETIN=18239-36
18240-13,2026-05-05,,Primer trámite constitucional / Senado,Ingreso de proyecto,https://www.camara.cl/verDoc.aspx?prmID=18470&prmTIPO=INICIATIVA,https://www.camara.cl/legislacion/ProyectosDeLey/tramitacion.aspx?prmID=18904&prmBOLETIN=18240-13
18241-03,2026-05-05,,Primer trámite constitucional / Senado,Ingreso de proyecto,https://www.camara.cl/verDoc.aspx?prmID=18469&prmTIPO=INICIATIVA,https://www.camara.cl/legislacion/ProyectosDeLey/tramitacion.aspx?prmID=18903&prmBOLETIN=18241-03
18242-13,2026-05-06,,Primer trámite constitucional / Senado,Ingreso de proyecto,https://www.camara.cl/verDoc.aspx?prmID=18471&prmTIPO=INICIATIVA,https://www.camara.cl/legislacion/ProyectosDeLey/tramitacion.aspx?prmID=18905&prmBOLETIN=18242-13
18243-13,2026-04-16,,Primer trámite constitucional / C. Diputados,Ingreso de proyecto,https://www.camara.cl/verDoc.aspx?prmID=18472&prmTIPO=INICIATIVA,https://www.camara.cl/legislacion/ProyectosDeLey/tramitacion.aspx?prmID=18906&prmBOLETIN=18243-13
18244-07,2026-05-05,,Primer trámite constitucional / C. Diputados,Ingreso de proyecto,https://www.camara.cl/verDoc.aspx?prmID=18473&prmTIPO=INICIATIVA,https://www.camara.cl/legislacion/ProyectosDeLey/tramitacion.aspx?prmID=18907&prmBOLETIN=18244-07
18245-12,2026-05-05,,Primer trámite constitucional / C. Diputados,Ingreso de proyecto,https://www.camara.cl/verDoc.aspx?prmID=18475&prmTIPO=INICIATIVA,https://www.camara.cl/legislacion/ProyectosDeLey/tramitacion.aspx?prmID=18909&prmBOLETIN=18245-12
18246-18,2026-05-06,,Primer trámite constitucional / C. Diputados,Ingreso de proyecto,https://www.camara.cl/verDoc.aspx?prmID=18474&prmTIPO=INICIATIVA,https://www.camara.cl/legislacion/ProyectosDeLey/tramitacion.aspx?prmID=18908&prmBOLETIN=18246-18
18246-18,2026-05-12,,Primer trámite constitucional / C. Diputados,"Oficio N°21.227. Remite el proyecto a la Comisión de Futuro, Ciencias, Tecnología, Conocimiento e Innovación.",https://www.camara.cl/verDoc.aspx?prmID=36159&prmTIPO=OFICIOPLEY,https://www.camara.cl/legislacion/ProyectosDeLey/tramitacion.aspx?prmID=18908&prmBOLETIN=18246-18
18246-18,2026-06-08,,Primer trámite constitucional / C. Diputados,Eximido del trámite ante Comisión Derivado a Comisión de Ciencias y Tecnología,https://www.camara.cl/verDoc.aspx?prmID=28024&prmTIPO=INFORMEPLEY,https://www.camara.cl/legislacion/ProyectosDeLey/tramitacion.aspx?prmID=18908&prmBOLETIN=18246-18
18246-18,2026-08-31,61ª / 374,Primer trámite constitucional / C. Diputados,Cuenta del Mensaje 281-374 que retira y hace presente la urgencia Suma,,https://www.camara.cl/legislacion/ProyectosDeLey/tramitacion.aspx?prmID=18908&prmBOLETIN=18246-18
18247-13,2026-05-06,,Primer trámite constitucional / C. Diputados,Ingreso de proyecto,https://www.camara.cl/verDoc.aspx?prmID=18476&prmTIPO=INICIATIVA,https://www.camara.cl/legislacion/ProyectosDeLey/tramitacion.aspx?prmID=18910&prmBOLETIN=18247-13
18248-07,2026-05-06,,Primer trámite constitucional / C. Diputados,Ingreso de proyecto,https://www.camara.cl/verDoc.aspx?prmID=18477&prmTIPO=INICIATIVA,https://www.camara.cl/legislacion/ProyectosDeLey/tramitacion.aspx?prmID=18911&prmBOLETIN=18248-07
18249-07,2026-05-06,,Primer trámite constitucional / C. Diputados,Ingreso de proyecto,https://www.camara.cl/verDoc.aspx?prmID=18478&prmTIPO=INICIATIVA,https://www.camara.cl/legislacion/ProyectosDeLey/tramitacion.aspx?prmID=18912&prmBOLETIN=18249-07
18250-07,2026-05-07,,Primer trámite constitucional / C. Diputados,Ingreso de proyecto,https://www.camara.cl/verDoc.aspx?prmID=18479&prmTIPO=INICIATIVA,https://www.camara.cl/legislacion/ProyectosDeLey/tramitacion.aspx?prmID=18913&prmBOLETIN=18250-07
18250-07,2026-05-13,,Primer trámite constitucional / C. Diputados,"Oficio N° 21232. Comunica a la Comisión de Seguridad Ciudadana la asignación del proyecto de ley, radicado inicialmente en la Comisión de Constitución, Legislación, Justicia y Reglamento.",https://www.camara.cl/verDoc.aspx?prmID=36173&prmTIPO=OFICIOPLEY,https://www.camara.cl/legislacion/ProyectosDeLey/tramitacion.aspx?prmID=18913&prmBOLETIN=18250-07
18251-07,2026-05-09,,Primer trámite constitucional / C. Diputados,Ingreso de proyecto,https://www.camara.cl/verDoc.aspx?prmID=18480&prmTIPO=INICIATIVA,https://www.camara.cl/legislacion/ProyectosDeLey/tramitacion.aspx?prmID=18914&prmBOLETIN=18251-07
18252-07,2026-05-09,,Primer trámite constitucional / C. Diputados,Ingreso de proyecto,https://www.camara.cl/verDoc.aspx?prmID=18481&prmTIPO=INICIATIVA,https://www.camara.cl/legislacion/ProyectosDeLey/tramitacion.aspx?prmID=18915&prmBOLETIN=18252-07
18253-25,2026-05-13,,Primer trámite constitucional / Senado,Ingreso de proyecto,https://www.camara.cl/verDoc.aspx?prmID=18483&prmTIPO=INICIATIVA,https://www.camara.cl/legislacion/ProyectosDeLey/tramitacion.aspx?prmID=18917&prmBOLETIN=18253-25
18254-11,2026-05-13,,Primer trámite constitucional / Senado,Ingreso de proyecto,https://www.camara.cl/verDoc.aspx?prmID=18482&prmTIPO=INICIATIVA,https://www.camara.cl/legislacion/ProyectosDeLey/tramitacion.aspx?prmID=18916&prmBOLETIN=18254-11
18255-31,2026-05-18,,Primer trámite constitucional / C. Diputados,Ingreso de proyecto. Incluye IF N° 99/15.05.2026.,https://www.camara.cl/verDoc.aspx?prmID=18484&prmTIPO=INICIATIVA,https://www.camara.cl/legislacion/ProyectosDeLey/tramitacion.aspx?prmID=18918&prmBOLETIN=18255-31
18255-31,2026-05-18,,Primer trámite constitucional / C. Diputados,Texto del Mensaje.,https://www.camara.cl/verDoc.aspx?prmID=36186&prmTIPO=OFICIOPLEY,https://www.camara.cl/legislacion/ProyectosDeLey/tramitacion.aspx?prmID=18918&prmBOLETIN=18255-31
18255-31,2026-08-19,,Primer trámite constitucional / C. Diputados,Primer informe de comisión,https://www.camara.cl/verDoc.aspx?prmID=28191&prmTIPO=INFORMEPLEY,https://www.camara.cl/legislacion/ProyectosDeLey/tramitacion.aspx?prmID=18918&prmBOLETIN=18255-31
18255-31,2026-08-31,61ª / 374,Primer trámite constitucional / C. Diputados,Cuenta del Mensaje 283-374 que hace presente la urgencia Suma,,https://www.camara.cl/legislacion/ProyectosDeLey/tramitacion.aspx?prmID=18918&prmBOLETIN=18255-31
18256-10,2026-05-18,,Primer trámite constitucional / C. Diputados,Ingreso de proyecto. Incluye IF N° 95/18.05.2026.,https://www.camara.cl/verDoc.aspx?prmID=18485&prmTIPO=INICIATIVA,https://www.camara.cl/legislacion/ProyectosDeLey/tramitacion.aspx?prmID=18919&prmBOLETIN=18256-10
18256-10,2026-05-18,,Primer trámite constitucional / C. Diputados,Texto del Mensaje.,https://www.camara.cl/verDoc.aspx?prmID=36189&prmTIPO=OFICIOPLEY,https://www.camara.cl/legislacion/ProyectosDeLey/tramitacion.aspx?prmID=18919&prmBOLETIN=18256-10
18256-10,2026-06-02,,Primer trámite constitucional / C. Diputados,Primer informe de comisión,https://www.camara.cl/verDoc.aspx?prmID=28025&prmTIPO=INFORMEPLEY,https://www.camara.cl/legislacion/ProyectosDeLey/tramitacion.aspx?prmID=18919&prmBOLETIN=18256-10
18256-10,2026-06-10,,Primer trámite constitucional / C. Diputados,Oficio de ley a Cámara Revisora,https://www.camara.cl/verDoc.aspx?prmID=36710&prmTIPO=OFICIOPLEY,https://www.camara.cl/legislacion/ProyectosDeLey/tramitacion.aspx?prmID=18919&prmBOLETIN=18256-10
18256-10,2026-06-17,,Segundo trámite constitucional / Senado,Primer informe de comisión,https://www.camara.cl/verDoc.aspx?prmID=28053&prmTIPO=INFORMEPLEY,https://www.camara.cl/legislacion/ProyectosDeLey/tramitacion.aspx?prmID=18919&prmBOLETIN=18256-10
18256-10,2026-08-19,52ª / 374,Segundo trámite constitucional / Senado,Discusión general,https://www.camara.cl/verDoc.aspx?prmID=81121&prmTIPO=BOLETINOFICIAL,https://www.camara.cl/legislacion/ProyectosDeLey/tramitacion.aspx?prmID=18919&prmBOLETIN=18256-10
18256-10,2026-08-19,,Segundo trámite constitucional / Senado,Oficio aprobación sin modificaciones a Cámara de Origen,https://www.camara.cl/verDoc.aspx?prmID=37100&prmTIPO=OFICIOPLEY,https://www.camara.cl/legislacion/ProyectosDeLey/tramitacion.aspx?prmID=18919&prmBOLETIN=18256-10
18257-10,2026-05-18,,Primer trámite constitucional / C. Diputados,Ingreso de proyecto. Incluye IF N° 96/18.05.2026.,https://www.camara.cl/verDoc.aspx?prmID=18486&prmTIPO=INICIATIVA,https://www.camara.cl/legislacion/ProyectosDeLey/tramitacion.aspx?prmID=18920&prmBOLETIN=18257-10
18257-10,2026-05-18,,Primer trámite constitucional / C. Diputados,Texto del Mensaje.,https://www.camara.cl/verDoc.aspx?prmID=36191&prmTIPO=OFICIOPLEY,https://www.camara.cl/legislacion/ProyectosDeLey/tramitacion.aspx?prmID=18920&prmBOLETIN=18257-10
18257-10,2026-06-09,,Primer trámite constitucional / C. Diputados,Primer informe de comisión,https://www.camara.cl/verDoc.aspx?prmID=28042&prmTIPO=INFORMEPLEY,https://www.camara.cl/legislacion/ProyectosDeLey/tramitacion.aspx?prmID=18920&prmBOLETIN=18257-10
18257-10,2026-06-24,,Primer trámite constitucional / C. Diputados,Oficio de ley a Cámara Revisora,https://www.camara.cl/verDoc.aspx?prmID=36771&prmTIPO=OFICIOPLEY,https://www.camara.cl/legislacion/ProyectosDeLey/tramitacion.aspx?prmID=18920&prmBOLETIN=18257-10
18257-10,2026-07-15,,Segundo trámite constitucional / Senado,Primer informe de comisión,https://www.camara.cl/verDoc.aspx?prmID=28093&prmTIPO=INFORMEPLEY,https://www.camara.cl/legislacion/ProyectosDeLey/tramitacion.aspx?prmID=18920&prmBOLETIN=18257-10
18257-10,2026-08-19,52ª / 374,Segundo trámite constitucional / Senado,Discusión general,https://www.camara.cl/verDoc.aspx?prmID=81121&prmTIPO=BOLETINOFICIAL,https://www.camara.cl/legislacion/ProyectosDeLey/tramitacion.aspx?prmID=18920&prmBOLETIN=18257-10
18257-10,2026-08-19,,Segundo trámite constitucional / Senado,Oficio aprobación sin modificaciones a Cámara de Origen,https://www.camara.cl/verDoc.aspx?prmID=37098&prmTIPO=OFICIOPLEY,https://www.camara.cl/legislacion/ProyectosDeLey/tramitacion.aspx?prmID=18920&prmBOLETIN=18257-10
18257-10,2026-09-01,,Trámite finalización en Cámara de Origen / C. Diputados,Oficio de ley al Ejecutivo,https://www.camara.cl/verDoc.aspx?prmID=37111&prmTIPO=OFICIOPLEY,https://www.camara.cl/legislacion/ProyectosDeLey/tramitacion.aspx?prmID=18920&prmBOLETIN=18257-10
18258-07,2026-05-18,,Primer trámite constitucional / C. Diputados,Ingreso de proyecto. Incluye IF N° 101/18.05.2026.,https://www.camara.cl/verDoc.aspx?prmID=18487&prmTIPO=INICIATIVA,https://www.camara.cl/legislacion/ProyectosDeLey/tramitacion.aspx?prmID=18921&prmBOLETIN=18258-07
18258-07,2026-05-18,,Primer trámite constitucional / C. Diputados,Texto del Mensaje,https://www.camara.cl/verDoc.aspx?prmID=36192&prmTIPO=OFICIOPLEY,https://www.camara.cl/legislacion/ProyectosDeLey/tramitacion.aspx?prmID=18921&prmBOLETIN=18258-07
18258-07,2026-07-20,,Primer trámite constitucional / C. Diputados,Primer informe de comisión,https://www.camara.cl/verDoc.aspx?prmID=28098&prmTIPO=INFORMEPLEY,https://www.camara.cl/legislacion/ProyectosDeLey/tramitacion.aspx?prmID=18921&prmBOLETIN=18258-07
18258-07,2026-08-04,,Primer trámite constitucional / C. Diputados,Oficio de ley a Cámara Revisora,https://www.camara.cl/verDoc.aspx?prmID=36943&prmTIPO=OFICIOPLEY,https://www.camara.cl/legislacion/ProyectosDeLey/tramitacion.aspx?prmID=18921&prmBOLETIN=18258-07
18258-07,2026-09-01,53ª / 374,Segundo trámite constitucional / Senado,Cuenta del Mensaje 286-374 que retira y hace presente la urgencia Discusión inmediata,,https://www.camara.cl/legislacion/ProyectosDeLey/tramitacion.aspx?prmID=18921&prmBOLETIN=18258-07
18259-08,2026-05-18,,Primer trámite constitucional / C. Diputados,Ingreso de proyecto,https://www.camara.cl/verDoc.aspx?prmID=18488&prmTIPO=INICIATIVA,https://www.camara.cl/legislacion/ProyectosDeLey/tramitacion.aspx?prmID=18922&prmBOLETIN=18259-08
18259-08,2026-05-19,,Primer trámite constitucional / C. Diputados,Texto del mensaje,https://www.camara.cl/verDoc.aspx?prmID=36199&prmTIPO=OFICIOPLEY,https://www.camara.cl/legislacion/ProyectosDeLey/tramitacion.aspx?prmID=18922&prmBOLETIN=18259-08
18259-08,2026-07-07,,Primer trámite constitucional / C. Diputados,S.E. el Presidente de la República formula indicaciones al proyecto. (096-374). Incluye informe financiero complementario N° 154/06.07.2026.,https://www.camara.cl/verDoc.aspx?prmID=36783&prmTIPO=OFICIOPLEY,https://www.camara.cl/legislacion/ProyectosDeLey/tramitacion.aspx?prmID=18922&prmBOLETIN=18259-08
18259-08,2026-07-13,,Primer trámite constitucional / C. Diputados,Primer informe de comisión. Pasa a Comisión de Hacienda,https://www.camara.cl/verDoc.aspx?prmID=28082&prmTIPO=INFORMEPLEY,https://www.camara.cl/legislacion/ProyectosDeLey/tramitacion.aspx?prmID=18922&prmBOLETIN=18259-08
18259-08,2026-07-20,,Primer trámite constitucional / C. Diputados,Primer informe de comisión,https://www.camara.cl/verDoc.aspx?prmID=28096&prmTIPO=INFORMEPLEY,https://www.camara.cl/legislacion/ProyectosDeLey/tramitacion.aspx?prmID=18922&prmBOLETIN=18259-08
18259-08,2026-07-22,,Primer trámite constitucional / C. Diputados,Oficio de ley a Cámara Revisora,https://www.camara.cl/verDoc.aspx?prmID=36901&prmTIPO=OFICIOPLEY,https://www.camara.cl/legislacion/ProyectosDeLey/tramitacion.aspx?prmID=18922&prmBOLETIN=18259-08
18259-08,2026-09-01,53ª / 374,Segundo trámite constitucional / Senado,Cuenta del Mensaje 284-374 que retira y hace presente la urgencia Suma,,https://www.camara.cl/legislacion/ProyectosDeLey/tramitacion.aspx?prmID=18922&prmBOLETIN=18259-08
18260-07,2026-05-19,,Primer trámite constitucional / Senado,Ingreso de proyecto,https://www.camara.cl/verDoc.aspx?prmID=18489&prmTIPO=INICIATIVA,https://www.camara.cl/legislacion/ProyectosDeLey/tramitacion.aspx?prmID=18923&prmBOLETIN=18260-07
18260-07,2026-05-19,,Primer trámite constitucional / Senado,Oficio N° a la Corte Suprema,https://www.camara.cl/verDoc.aspx?prmID=36219&prmTIPO=OFICIOPLEY,https://www.camara.cl/legislacion/ProyectosDeLey/tramitacion.aspx?prmID=18923&prmBOLETIN=18260-07
18260-07,2026-05-19,,Primer trámite constitucional / Senado,Oficio N°155 a la Corte Suprema,https://www.camara.cl/verDoc.aspx?prmID=36223&prmTIPO=OFICIOPLEY,https://www.camara.cl/legislacion/ProyectosDeLey/tramitacion.aspx?prmID=18923&prmBOLETIN=18260-07
18261-13,2026-05-19,,Primer trámite constitucional / Senado,Ingreso de proyecto,https://www.camara.cl/verDoc.aspx?prmID=18490&prmTIPO=INICIATIVA,https://www.camara.cl/legislacion/ProyectosDeLey/tramitacion.aspx?prmID=18924&prmBOLETIN=18261-13
18262-06,2026-05-11,,Primer trámite constitucional / C. Diputados,Ingreso de proyecto,https://www.camara.cl/verDoc.aspx?prmID=18503&prmTIPO=INICIATIVA,https://www.camara.cl/legislacion/ProyectosDeLey/tramitacion.aspx?prmID=18951&prmBOLETIN=18262-06
18263-03,2026-05-11,,Primer trámite constitucional / C. Diputados,Ingreso de proyecto,https://www.camara.cl/verDoc.aspx?prmID=18505&prmTIPO=INICIATIVA,https://www.camara.cl/legislacion/ProyectosDeLey/tramitacion.aspx?prmID=18953&prmBOLETIN=18263-03
18264-07,2026-05-12,,Primer trámite constitucional / C. Diputados,Ingreso de proyecto,https://www.camara.cl/verDoc.aspx?prmID=18496&prmTIPO=INICIATIVA,https://www.camara.cl/legislacion/ProyectosDeLey/tramitacion.aspx?prmID=18944&prmBOLETIN=18264-07
18265-07,2026-05-12,,Primer trámite constitucional / C. Diputados,Ingreso de proyecto,https://www.camara.cl/verDoc.aspx?prmID=18502&prmTIPO=INICIATIVA,https://www.camara.cl/legislacion/ProyectosDeLey/tramitacion.aspx?prmID=18950&prmBOLETIN=18265-07
18265-07,2026-05-20,,Primer trámite constitucional / C. Diputados,Eximido del trámite ante Comisión Derivado a Comisión de Seguridad Ciudadana,https://www.camara.cl/verDoc.aspx?prmID=28152&prmTIPO=INFORMEPLEY,https://www.camara.cl/legislacion/ProyectosDeLey/tramitacion.aspx?prmID=18950&prmBOLETIN=18265-07
18266-15,2026-05-12,,Primer trámite constitucional / C. Diputados,Ingreso de proyecto,https://www.camara.cl/verDoc.aspx?prmID=18497&prmTIPO=INICIATIVA,https://www.camara.cl/legislacion/ProyectosDeLey/tramitacion.aspx?prmID=18945&prmBOLETIN=18266-15
18267-24,2026-05-13,,Primer trámite constitucional / C. Diputados,Ingreso de proyecto,https://www.camara.cl/verDoc.aspx?prmID=18498&prmTIPO=INICIATIVA,https://www.camara.cl/legislacion/ProyectosDeLey/tramitacion.aspx?prmID=18946&prmBOLETIN=18267-24
18267-24,2026-07-17,,Primer trámite constitucional / C. Diputados,Oficio N° . S.E. el Presidente de la República formula indicaciones al proyecto. (107-374). Incluye informe financiero N° 173/17.07.2026.,https://www.camara.cl/verDoc.aspx?prmID=36870&prmTIPO=OFICIOPLEY,https://www.camara.cl/legislacion/ProyectosDeLey/tramitacion.aspx?prmID=18946&prmBOLETIN=18267-24
18267-24,2026-08-10,,Primer trámite constitucional / C. Diputados,Primer informe de comisión,https://www.camara.cl/verDoc.aspx?prmID=28158&prmTIPO=INFORMEPLEY,https://www.camara.cl/legislacion/ProyectosDeLey/tramitacion.aspx?prmID=18946&prmBOLETIN=18267-24
18268-06,2026-05-13,,Primer trámite constitucional / C. Diputados,Ingreso de proyecto,https://www.camara.cl/verDoc.aspx?prmID=18501&prmTIPO=INICIATIVA,https://www.camara.cl/legislacion/ProyectosDeLey/tramitacion.aspx?prmID=18949&prmBOLETIN=18268-06
18269-01,2026-05-13,,Primer trámite constitucional / C. Diputados,Ingreso de proyecto,https://www.camara.cl/verDoc.aspx?prmID=18500&prmTIPO=INICIATIVA,https://www.camara.cl/legislacion/ProyectosDeLey/tramitacion.aspx?prmID=18948&prmBOLETIN=18269-01
18269-01,2026-06-22,36ª / 374,Primer trámite constitucional / C. Diputados,Cuenta del Mensaje 159-374 que retira la urgencia Simple,,https://www.camara.cl/legislacion/ProyectosDeLey/tramitacion.aspx?prmID=18948&prmBOLETIN=18269-01
18270-25,2026-05-13,,Primer trámite constitucional / C. Diputados,Ingreso de proyecto,https://www.camara.cl/verDoc.aspx?prmID=18499&prmTIPO=INICIATIVA,https://www.camara.cl/legislacion/ProyectosDeLey/tramitacion.aspx?prmID=18947&prmBOLETIN=18270-25
18271-07,2026-05-13,,Primer trámite constitucional / C. Diputados,Ingreso de proyecto,https://www.camara.cl/verDoc.aspx?prmID=18504&prmTIPO=INICIATIVA,https://www.camara.cl/legislacion/ProyectosDeLey/tramitacion.aspx?prmID=18952&prmBOLETIN=18271-07
18272-37,2026-05-19,,Primer trámite constitucional / Senado,Ingreso de proyecto,https://www.camara.cl/verDoc.aspx?prmID=18491&prmTIPO=INICIATIVA,https://www.camara.cl/legislacion/ProyectosDeLey/tramitacion.aspx?prmID=18936&prmBOLETIN=18272-37
18272-37,2026-08-06,,Primer trámite constitucional / Senado,Primer informe de comisión,https://www.camara.cl/verDoc.aspx?prmID=28133&prmTIPO=INFORMEPLEY,https://www.camara.cl/legislacion/ProyectosDeLey/tramitacion.aspx?prmID=18936&prmBOLETIN=18272-37
18273-21,2026-05-19,,Primer trámite constitucional / Senado,Ingreso de proyecto,https://www.camara.cl/verDoc.aspx?prmID=18492&prmTIPO=INICIATIVA,https://www.camara.cl/legislacion/ProyectosDeLey/tramitacion.aspx?prmID=18937&prmBOLETIN=18273-21
18274-07,2026-05-19,,Primer trámite constitucional / Senado,Ingreso de proyecto,https://www.camara.cl/verDoc.aspx?prmID=18493&prmTIPO=INICIATIVA,https://www.camara.cl/legislacion/ProyectosDeLey/tramitacion.aspx?prmID=18938&prmBOLETIN=18274-07
18275-12,2026-05-19,,Primer trámite constitucional / Senado,Ingreso de proyecto,https://www.camara.cl/verDoc.aspx?prmID=18494&prmTIPO=INICIATIVA,https://www.camara.cl/legislacion/ProyectosDeLey/tramitacion.aspx?prmID=18939&prmBOLETIN=18275-12
18276-07,2026-05-20,,Primer trámite constitucional / Senado,Ingreso de proyecto,https://www.camara.cl/verDoc.aspx?prmID=18495&prmTIPO=INICIATIVA,https://www.camara.cl/legislacion/ProyectosDeLey/tramitacion.aspx?prmID=18940&prmBOLETIN=18276-07
18277-04,2026-05-20,,Primer trámite constitucional / Senado,Ingreso de proyecto,https://www.camara.cl/verDoc.aspx?prmID=18506&prmTIPO=INICIATIVA,https://www.camara.cl/legislacion/ProyectosDeLey/tramitacion.aspx?prmID=18954&prmBOLETIN=18277-04
18278-13,2026-05-20,,Primer trámite constitucional / Senado,Ingreso de proyecto,https://www.camara.cl/verDoc.aspx?prmID=18507&prmTIPO=INICIATIVA,https://www.camara.cl/legislacion/ProyectosDeLey/tramitacion.aspx?prmID=18955&prmBOLETIN=18278-13
18278-13,2026-06-02,,Primer trámite constitucional / Senado,Oficio N° 172 a la Corte Suprema,https://www.camara.cl/verDoc.aspx?prmID=36661&prmTIPO=OFICIOPLEY,https://www.camara.cl/legislacion/ProyectosDeLey/tramitacion.aspx?prmID=18955&prmBOLETIN=18278-13
18279-10,2026-06-02,,Primer trámite constitucional / Senado,Ingreso de proyecto,https://www.camara.cl/verDoc.aspx?prmID=18513&prmTIPO=INICIATIVA,https://www.camara.cl/legislacion/ProyectosDeLey/tramitacion.aspx?prmID=18961&prmBOLETIN=18279-10
18279-10,2026-06-02,,Primer trámite constitucional / Senado,Oficio N°. Acuerdo,https://www.camara.cl/verDoc.aspx?prmID=36654&prmTIPO=OFICIOPLEY,https://www.camara.cl/legislacion/ProyectosDeLey/tramitacion.aspx?prmID=18961&prmBOLETIN=18279-10
18279-10,2026-06-10,,Primer trámite constitucional / Senado,Primer informe de comisión,https://www.camara.cl/verDoc.aspx?prmID=28039&prmTIPO=INFORMEPLEY,https://www.camara.cl/legislacion/ProyectosDeLey/tramitacion.aspx?prmID=18961&prmBOLETIN=18279-10
18279-10,2026-08-19,52ª / 374,Primer trámite constitucional / Senado,Discusión general,https://www.camara.cl/verDoc.aspx?prmID=81121&prmTIPO=BOLETINOFICIAL,https://www.camara.cl/legislacion/ProyectosDeLey/tramitacion.aspx?prmID=18961&prmBOLETIN=18279-10
18279-10,2026-08-19,,Primer trámite constitucional / Senado,Oficio de ley a Cámara Revisora,https://www.camara.cl/verDoc.aspx?prmID=37099&prmTIPO=OFICIOPLEY,https://www.camara.cl/legislacion/ProyectosDeLey/tramitacion.aspx?prmID=18961&prmBOLETIN=18279-10
18280-21,2026-05-31,,Primer trámite constitucional / C. Diputados,Ingreso de proyecto,https://www.camara.cl/verDoc.aspx?prmID=18508&prmTIPO=INICIATIVA,https://www.camara.cl/legislacion/ProyectosDeLey/tramitacion.aspx?prmID=18956&prmBOLETIN=18280-21
18281-15,2026-05-14,,Primer trámite constitucional / C. Diputados,Ingreso de proyecto,https://www.camara.cl/verDoc.aspx?prmID=18511&prmTIPO=INICIATIVA,https://www.camara.cl/legislacion/ProyectosDeLey/tramitacion.aspx?prmID=18959&prmBOLETIN=18281-15
18282-07,2026-05-15,,Primer trámite constitucional / C. Diputados,Ingreso de proyecto,https://www.camara.cl/verDoc.aspx?prmID=18512&prmTIPO=INICIATIVA,https://www.camara.cl/legislacion/ProyectosDeLey/tramitacion.aspx?prmID=18960&prmBOLETIN=18282-07
18282-07,2026-08-31,61ª / 374,Primer trámite constitucional / C. Diputados,Cuenta del Mensaje 281-374 que retira y hace presente la urgencia Suma,,https://www.camara.cl/legislacion/ProyectosDeLey/tramitacion.aspx?prmID=18960&prmBOLETIN=18282-07
18283-35,2026-05-15,,Primer trámite constitucional / C. Diputados,Ingreso de proyecto,https://www.camara.cl/verDoc.aspx?prmID=18509&prmTIPO=INICIATIVA,https://www.camara.cl/legislacion/ProyectosDeLey/tramitacion.aspx?prmID=18957&prmBOLETIN=18283-35
18283-35,2026-06-02,,Primer trámite constitucional / C. Diputados,Oficio N° 21257. Por acuerdo de la Sala. remite a la Comisión de Trabajo y Seguridad Social el proyecto de ley asignado originalmente a la Comisión de Personas Mayores.,https://www.camara.cl/verDoc.aspx?prmID=36656&prmTIPO=OFICIOPLEY,https://www.camara.cl/legislacion/ProyectosDeLey/tramitacion.aspx?prmID=18957&prmBOLETIN=18283-35
18284-29,2026-05-17,,Primer trámite constitucional / C. Diputados,Ingreso de proyecto,https://www.camara.cl/verDoc.aspx?prmID=18520&prmTIPO=INICIATIVA,https://www.camara.cl/legislacion/ProyectosDeLey/tramitacion.aspx?prmID=18968&prmBOLETIN=18284-29
18285-05,2026-05-18,,Primer trámite constitucional / C. Diputados,Ingreso de proyecto,https://www.camara.cl/verDoc.aspx?prmID=18510&prmTIPO=INICIATIVA,https://www.camara.cl/legislacion/ProyectosDeLey/tramitacion.aspx?prmID=18958&prmBOLETIN=18285-05
18286-03,2026-06-02,28ª / 374,Primer trámite constitucional / C. Diputados,Ingreso de proyecto. Tiene Informe Financiero.,https://www.camara.cl/verDoc.aspx?prmID=18514&prmTIPO=INICIATIVA,https://www.camara.cl/legislacion/ProyectosDeLey/tramitacion.aspx?prmID=18962&prmBOLETIN=18286-03
18286-03,2026-06-02,28ª / 374,Primer trámite constitucional / C. Diputados,Texto del proyecto,https://www.camara.cl/verDoc.aspx?prmID=36657&prmTIPO=OFICIOPLEY,https://www.camara.cl/legislacion/ProyectosDeLey/tramitacion.aspx?prmID=18962&prmBOLETIN=18286-03
18286-03,2026-08-17,57ª / 374,Primer trámite constitucional / C. Diputados,Cuenta del Mensaje 262-374 que retira y hace presente la urgencia Simple,,https://www.camara.cl/legislacion/ProyectosDeLey/tramitacion.aspx?prmID=18962&prmBOLETIN=18286-03
18287-11,2026-05-26,,Primer trámite constitucional / C. Diputados,Ingreso de proyecto,https://www.camara.cl/verDoc.aspx?prmID=18523&prmTIPO=INICIATIVA,https://www.camara.cl/legislacion/ProyectosDeLey/tramitacion.aspx?prmID=18971&prmBOLETIN=18287-11
18288-06,2026-05-21,,Primer trámite constitucional / C. Diputados,Ingreso de proyecto,https://www.camara.cl/verDoc.aspx?prmID=18515&prmTIPO=INICIATIVA,https://www.camara.cl/legislacion/ProyectosDeLey/tramitacion.aspx?prmID=18963&prmBOLETIN=18288-06
18289-01,2026-05-20,,Primer trámite constitucional / C. Diputados,Ingreso de proyecto,https://www.camara.cl/verDoc.aspx?prmID=18517&prmTIPO=INICIATIVA,https://www.camara.cl/legislacion/ProyectosDeLey/tramitacion.aspx?prmID=18965&prmBOLETIN=18289-01
18290-15,2026-05-18,,Primer trámite constitucional / C. Diputados,Ingreso de proyecto,https://www.camara.cl/verDoc.aspx?prmID=18516&prmTIPO=INICIATIVA,https://www.camara.cl/legislacion/ProyectosDeLey/tramitacion.aspx?prmID=18964&prmBOLETIN=18290-15
18291-07,2026-05-27,,Primer trámite constitucional / C. Diputados,Ingreso de proyecto,https://www.camara.cl/verDoc.aspx?prmID=18522&prmTIPO=INICIATIVA,https://www.camara.cl/legislacion/ProyectosDeLey/tramitacion.aspx?prmID=18970&prmBOLETIN=18291-07
18291-07,2026-06-03,,Primer trámite constitucional / C. Diputados,"Oficio N° 21266. Comunica a la Comisión de Constitución, Legislación, Justicia y Reglamento el acuerdo de la Sala, en orden a remitir el proyecto de ley a la Comisión de Seguridad Ciudadana, con posterioridad a su despacho.",https://www.camara.cl/verDoc.aspx?prmID=36667&prmTIPO=OFICIOPLEY,https://www.camara.cl/legislacion/ProyectosDeLey/tramitacion.aspx?prmID=18970&prmBOLETIN=18291-07
18291-07,2026-06-03,,Primer trámite constitucional / C. Diputados,"Oficio N° 21267. Comunica a la Comisión de Seguridad Ciudadana el acuerdo de la Sala para asignarle el proyecto de ley, una vez despachado por la Comisión de Constitución, Legislación, Justicia y Reglamento.",https://www.camara.cl/verDoc.aspx?prmID=36668&prmTIPO=OFICIOPLEY,https://www.camara.cl/legislacion/ProyectosDeLey/tramitacion.aspx?prmID=18970&prmBOLETIN=18291-07
18292-07,2026-05-27,,Primer trámite constitucional / C. Diputados,Ingreso de proyecto,https://www.camara.cl/verDoc.aspx?prmID=18521&prmTIPO=INICIATIVA,https://www.camara.cl/legislacion/ProyectosDeLey/tramitacion.aspx?prmID=18969&prmBOLETIN=18292-07
18293-15,2026-05-28,,Primer trámite constitucional / C. Diputados,Ingreso de proyecto,https://www.camara.cl/verDoc.aspx?prmID=18519&prmTIPO=INICIATIVA,https://www.camara.cl/legislacion/ProyectosDeLey/tramitacion.aspx?prmID=18967&prmBOLETIN=18293-15
18294-15,2026-06-05,,Primer trámite constitucional / C. Diputados,Ingreso de proyecto,https://www.camara.cl/verDoc.aspx?prmID=18548&prmTIPO=INICIATIVA,https://www.camara.cl/legislacion/ProyectosDeLey/tramitacion.aspx?prmID=18997&prmBOLETIN=18294-15
18295-07,2026-05-28,,Primer trámite constitucional / C. Diputados,Ingreso de proyecto,https://www.camara.cl/verDoc.aspx?prmID=18518&prmTIPO=INICIATIVA,https://www.camara.cl/legislacion/ProyectosDeLey/tramitacion.aspx?prmID=18966&prmBOLETIN=18295-07
18295-07,2026-06-17,,Primer trámite constitucional / C. Diputados,Oficio N°21.323. Comunica que la Cámara de Diputados rechazó la solicitud de la Comisión de Seguridad Ciudadana para que se le remita el proyecto de ley.,https://www.camara.cl/verDoc.aspx?prmID=36750&prmTIPO=OFICIOPLEY,https://www.camara.cl/legislacion/ProyectosDeLey/tramitacion.aspx?prmID=18966&prmBOLETIN=18295-07
18296-05,2026-06-03,29ª / 374,Primer trámite constitucional / C. Diputados,Ingreso de proyecto. Incluye IF N° 119/03.06.2026.,https://www.camara.cl/verDoc.aspx?prmID=18526&prmTIPO=INICIATIVA,https://www.camara.cl/legislacion/ProyectosDeLey/tramitacion.aspx?prmID=18974&prmBOLETIN=18296-05
18296-05,2026-06-03,,Primer trámite constitucional / C. Diputados,Texto del Mensaje.,https://www.camara.cl/verDoc.aspx?prmID=36666&prmTIPO=OFICIOPLEY,https://www.camara.cl/legislacion/ProyectosDeLey/tramitacion.aspx?prmID=18974&prmBOLETIN=18296-05
18296-05,2026-06-15,,Primer trámite constitucional / C. Diputados,Primer informe de comisión,https://www.camara.cl/verDoc.aspx?prmID=28045&prmTIPO=INFORMEPLEY,https://www.camara.cl/legislacion/ProyectosDeLey/tramitacion.aspx?prmID=18974&prmBOLETIN=18296-05
18296-05,2026-06-16,,Primer trámite constitucional / C. Diputados,Primer informe de comisión,https://www.camara.cl/verDoc.aspx?prmID=28047&prmTIPO=INFORMEPLEY,https://www.camara.cl/legislacion/ProyectosDeLey/tramitacion.aspx?prmID=18974&prmBOLETIN=18296-05
18296-05,2026-06-17,,Primer trámite constitucional / C. Diputados,Oficio de ley a Cámara Revisora,https://www.camara.cl/verDoc.aspx?prmID=36752&prmTIPO=OFICIOPLEY,https://www.camara.cl/legislacion/ProyectosDeLey/tramitacion.aspx?prmID=18974&prmBOLETIN=18296-05
18296-05,2026-06-23,35ª / 374,Segundo trámite constitucional / Senado,Cuenta del Mensaje 169-374 que retira y hace presente la urgencia Suma,,https://www.camara.cl/legislacion/ProyectosDeLey/tramitacion.aspx?prmID=18974&prmBOLETIN=18296-05
18296-05,2026-06-30,,Segundo trámite constitucional / Senado,Primer informe de comisión,https://www.camara.cl/verDoc.aspx?prmID=28064&prmTIPO=INFORMEPLEY,https://www.camara.cl/legislacion/ProyectosDeLey/tramitacion.aspx?prmID=18974&prmBOLETIN=18296-05
18296-05,2026-07-07,40ª / 374,Segundo trámite constitucional / Senado,Discusión general,https://www.camara.cl/verDoc.aspx?prmID=80604&prmTIPO=BOLETINOFICIAL,https://www.camara.cl/legislacion/ProyectosDeLey/tramitacion.aspx?prmID=18974&prmBOLETIN=18296-05
18296-05,2026-07-07,,Segundo trámite constitucional / Senado,Oficio aprobación sin modificaciones a Cámara de Origen,https://www.camara.cl/verDoc.aspx?prmID=36791&prmTIPO=OFICIOPLEY,https://www.camara.cl/legislacion/ProyectosDeLey/tramitacion.aspx?prmID=18974&prmBOLETIN=18296-05
18296-05,2026-07-08,,Trámite finalización en Cámara de Origen / C. Diputados,Oficio de ley al Ejecutivo,https://www.camara.cl/verDoc.aspx?prmID=36799&prmTIPO=OFICIOPLEY,https://www.camara.cl/legislacion/ProyectosDeLey/tramitacion.aspx?prmID=18974&prmBOLETIN=18296-05
18297-07,2026-06-02,,Primer trámite constitucional / Senado,Ingreso de proyecto,https://www.camara.cl/verDoc.aspx?prmID=18527&prmTIPO=INICIATIVA,https://www.camara.cl/legislacion/ProyectosDeLey/tramitacion.aspx?prmID=18975&prmBOLETIN=18297-07
18297-07,2026-06-23,35ª / 374,Primer trámite constitucional / Senado,Cuenta del Mensaje 168-374 que retira la urgencia Suma,,https://www.camara.cl/legislacion/ProyectosDeLey/tramitacion.aspx?prmID=18975&prmBOLETIN=18297-07
18297-07,2026-07-08,,Primer trámite constitucional / Senado,Oficio N°25 al Fiscal Judicial de la Corte Suprema,https://www.camara.cl/verDoc.aspx?prmID=36912&prmTIPO=OFICIOPLEY,https://www.camara.cl/legislacion/ProyectosDeLey/tramitacion.aspx?prmID=18975&prmBOLETIN=18297-07
18297-07,2026-07-14,,Primer trámite constitucional / Senado,"Oficio N° 4722. Respuesta del Ministerio de Justicia y Derechos Humanos a oficio enviado por la Comisión, respecto a la materia.",https://www.camara.cl/verDoc.aspx?prmID=36916&prmTIPO=OFICIOPLEY,https://www.camara.cl/legislacion/ProyectosDeLey/tramitacion.aspx?prmID=18975&prmBOLETIN=18297-07
18297-07,2026-07-14,,Primer trámite constitucional / Senado,Oficio N°93-2026. Respuesta del señor Fiscal Judicial de la Excma. Corte Suprema a consulta de la Comisión sobre la mencionada iniciativa.,https://www.camara.cl/verDoc.aspx?prmID=36915&prmTIPO=OFICIOPLEY,https://www.camara.cl/legislacion/ProyectosDeLey/tramitacion.aspx?prmID=18975&prmBOLETIN=18297-07
18298-07,2026-06-02,,Primer trámite constitucional / Senado,Ingreso de proyecto,https://www.camara.cl/verDoc.aspx?prmID=18524&prmTIPO=INICIATIVA,https://www.camara.cl/legislacion/ProyectosDeLey/tramitacion.aspx?prmID=18972&prmBOLETIN=18298-07
18299-35,2026-06-03,,Primer trámite constitucional / Senado,Ingreso de proyecto,https://www.camara.cl/verDoc.aspx?prmID=18525&prmTIPO=INICIATIVA,https://www.camara.cl/legislacion/ProyectosDeLey/tramitacion.aspx?prmID=18973&prmBOLETIN=18299-35
18299-35,2026-06-03,,Primer trámite constitucional / Senado,Oficio N° a la Corte Suprema,https://www.camara.cl/verDoc.aspx?prmID=36671&prmTIPO=OFICIOPLEY,https://www.camara.cl/legislacion/ProyectosDeLey/tramitacion.aspx?prmID=18973&prmBOLETIN=18299-35
18300-04,2026-06-03,,Primer trámite constitucional / Senado,Ingreso de proyecto,https://www.camara.cl/verDoc.aspx?prmID=18528&prmTIPO=INICIATIVA,https://www.camara.cl/legislacion/ProyectosDeLey/tramitacion.aspx?prmID=18976&prmBOLETIN=18300-04
18301-10,2026-06-04,,Primer trámite constitucional / C. Diputados,Ingreso de proyecto. Tiene texto del convenio e informe financiero,https://www.camara.cl/verDoc.aspx?prmID=18540&prmTIPO=INICIATIVA,https://www.camara.cl/legislacion/ProyectosDeLey/tramitacion.aspx?prmID=18989&prmBOLETIN=18301-10
18301-10,2026-06-08,,Primer trámite constitucional / C. Diputados,Texto del proyecto,https://www.camara.cl/verDoc.aspx?prmID=36679&prmTIPO=OFICIOPLEY,https://www.camara.cl/legislacion/ProyectosDeLey/tramitacion.aspx?prmID=18989&prmBOLETIN=18301-10
18301-10,2026-07-22,,Primer trámite constitucional / C. Diputados,Oficio de ley a Cámara Revisora,https://www.camara.cl/verDoc.aspx?prmID=36883&prmTIPO=OFICIOPLEY,https://www.camara.cl/legislacion/ProyectosDeLey/tramitacion.aspx?prmID=18989&prmBOLETIN=18301-10
18301-10,2026-08-12,,Segundo trámite constitucional / Senado,Primer informe de comisión,https://www.camara.cl/verDoc.aspx?prmID=28167&prmTIPO=INFORMEPLEY,https://www.camara.cl/legislacion/ProyectosDeLey/tramitacion.aspx?prmID=18989&prmBOLETIN=18301-10
18302-11,2026-06-03,,Primer trámite constitucional / Senado,Ingreso de proyecto,https://www.camara.cl/verDoc.aspx?prmID=18530&prmTIPO=INICIATIVA,https://www.camara.cl/legislacion/ProyectosDeLey/tramitacion.aspx?prmID=18978&prmBOLETIN=18302-11
18302-11,2026-08-18,51ª / 374,Primer trámite constitucional / Senado,Cuenta del Mensaje 267-374 que retira y hace presente la urgencia Simple,,https://www.camara.cl/legislacion/ProyectosDeLey/tramitacion.aspx?prmID=18978&prmBOLETIN=18302-11
18302-11,2026-08-18,,Primer trámite constitucional / Senado,Primer informe de comisión,https://www.camara.cl/verDoc.aspx?prmID=28186&prmTIPO=INFORMEPLEY,https://www.camara.cl/legislacion/ProyectosDeLey/tramitacion.aspx?prmID=18978&prmBOLETIN=18302-11
18302-11,2026-08-19,52ª / 374,Primer trámite constitucional / Senado,Discusión general. Aprobado en general Se fija como plazo para presentar indicaciones el 27/08/2026 a las 12:00,https://www.camara.cl/verDoc.aspx?prmID=81121&prmTIPO=BOLETINOFICIAL,https://www.camara.cl/legislacion/ProyectosDeLey/tramitacion.aspx?prmID=18978&prmBOLETIN=18302-11
18302-11,2026-08-27,,Primer trámite constitucional / Senado,Oficio N°. I.F. 205-2026,https://www.camara.cl/verDoc.aspx?prmID=37105&prmTIPO=OFICIOPLEY,https://www.camara.cl/legislacion/ProyectosDeLey/tramitacion.aspx?prmID=18978&prmBOLETIN=18302-11
18303-15,2026-06-03,,Primer trámite constitucional / Senado,Ingreso de proyecto,https://www.camara.cl/verDoc.aspx?prmID=18531&prmTIPO=INICIATIVA,https://www.camara.cl/legislacion/ProyectosDeLey/tramitacion.aspx?prmID=18979&prmBOLETIN=18303-15
18304-06,2026-06-03,,Primer trámite constitucional / Senado,Ingreso de proyecto,https://www.camara.cl/verDoc.aspx?prmID=18529&prmTIPO=INICIATIVA,https://www.camara.cl/legislacion/ProyectosDeLey/tramitacion.aspx?prmID=18977&prmBOLETIN=18304-06
18305-04,2026-06-03,,Primer trámite constitucional / Senado,Ingreso de proyecto,https://www.camara.cl/verDoc.aspx?prmID=18532&prmTIPO=INICIATIVA,https://www.camara.cl/legislacion/ProyectosDeLey/tramitacion.aspx?prmID=18980&prmBOLETIN=18305-04
18306-15,2026-05-29,,Primer trámite constitucional / C. Diputados,Ingreso de proyecto,https://www.camara.cl/verDoc.aspx?prmID=18537&prmTIPO=INICIATIVA,https://www.camara.cl/legislacion/ProyectosDeLey/tramitacion.aspx?prmID=18985&prmBOLETIN=18306-15
18307-03,2026-05-29,,Primer trámite constitucional / C. Diputados,Ingreso de proyecto,https://www.camara.cl/verDoc.aspx?prmID=18539&prmTIPO=INICIATIVA,https://www.camara.cl/legislacion/ProyectosDeLey/tramitacion.aspx?prmID=18987&prmBOLETIN=18307-03
18308-11,2026-05-29,,Primer trámite constitucional / C. Diputados,Ingreso de proyecto,https://www.camara.cl/verDoc.aspx?prmID=18538&prmTIPO=INICIATIVA,https://www.camara.cl/legislacion/ProyectosDeLey/tramitacion.aspx?prmID=18986&prmBOLETIN=18308-11
18309-14,2026-05-31,,Primer trámite constitucional / C. Diputados,Ingreso de proyecto,https://www.camara.cl/verDoc.aspx?prmID=18535&prmTIPO=INICIATIVA,https://www.camara.cl/legislacion/ProyectosDeLey/tramitacion.aspx?prmID=18983&prmBOLETIN=18309-14
18310-03,2026-05-31,,Primer trámite constitucional / C. Diputados,Ingreso de proyecto,https://www.camara.cl/verDoc.aspx?prmID=18543&prmTIPO=INICIATIVA,https://www.camara.cl/legislacion/ProyectosDeLey/tramitacion.aspx?prmID=18992&prmBOLETIN=18310-03
18311-06,2026-05-31,,Primer trámite constitucional / C. Diputados,Ingreso de proyecto,https://www.camara.cl/verDoc.aspx?prmID=18534&prmTIPO=INICIATIVA,https://www.camara.cl/legislacion/ProyectosDeLey/tramitacion.aspx?prmID=18982&prmBOLETIN=18311-06
18312-07,2026-06-01,,Primer trámite constitucional / C. Diputados,Ingreso de proyecto,https://www.camara.cl/verDoc.aspx?prmID=18533&prmTIPO=INICIATIVA,https://www.camara.cl/legislacion/ProyectosDeLey/tramitacion.aspx?prmID=18981&prmBOLETIN=18312-07
18313-08,2026-06-02,,Primer trámite constitucional / C. Diputados,Ingreso de proyecto,https://www.camara.cl/verDoc.aspx?prmID=18536&prmTIPO=INICIATIVA,https://www.camara.cl/legislacion/ProyectosDeLey/tramitacion.aspx?prmID=18984&prmBOLETIN=18313-08
18313-08,2026-06-08,,Primer trámite constitucional / C. Diputados,"Oficio N° 21282. Comunica a la Comisión de Minería y Energía el acuerdo de la Sala, en orden a remitir a la Comisión de Constitución, Legislación, Justicia y Reglamento el proyecto de ley, con posterioridada su despacho.",https://www.camara.cl/verDoc.aspx?prmID=36678&prmTIPO=OFICIOPLEY,https://www.camara.cl/legislacion/ProyectosDeLey/tramitacion.aspx?prmID=18984&prmBOLETIN=18313-08
18313-08,2026-06-08,,Primer trámite constitucional / C. Diputados,"Oficio N° 21283. Comunica a la Comisión de Constitución, Legislación, Justicia y Reglamento el acuerdo de la Sala, en orden a asignarle el proyecto de ley una vez que sea despachado por la Comisión de Minería y Energía.",https://www.camara.cl/verDoc.aspx?prmID=36682&prmTIPO=OFICIOPLEY,https://www.camara.cl/legislacion/ProyectosDeLey/tramitacion.aspx?prmID=18984&prmBOLETIN=18313-08
18314-07,2026-06-08,,Primer trámite constitucional / C. Diputados,Ingreso de proyecto,https://www.camara.cl/verDoc.aspx?prmID=18541&prmTIPO=INICIATIVA,https://www.camara.cl/legislacion/ProyectosDeLey/tramitacion.aspx?prmID=18990&prmBOLETIN=18314-07
18314-07,2026-06-08,,Primer trámite constitucional / C. Diputados,Texto del Mensaje.,https://www.camara.cl/verDoc.aspx?prmID=36680&prmTIPO=OFICIOPLEY,https://www.camara.cl/legislacion/ProyectosDeLey/tramitacion.aspx?prmID=18990&prmBOLETIN=18314-07
18314-07,2026-08-31,61ª / 374,Primer trámite constitucional / C. Diputados,Cuenta del Mensaje 280-374 que retira y hace presente la urgencia Discusión inmediata,,https://www.camara.cl/legislacion/ProyectosDeLey/tramitacion.aspx?prmID=18990&prmBOLETIN=18314-07
18315-07,2026-06-08,,Primer trámite constitucional / C. Diputados,Ingreso de proyecto. Tiene informe financiero,https://www.camara.cl/verDoc.aspx?prmID=18542&prmTIPO=INICIATIVA,https://www.camara.cl/legislacion/ProyectosDeLey/tramitacion.aspx?prmID=18991&prmBOLETIN=18315-07
18315-07,2026-06-08,,Primer trámite constitucional / C. Diputados,Texto del proyecto,https://www.camara.cl/verDoc.aspx?prmID=36681&prmTIPO=OFICIOPLEY,https://www.camara.cl/legislacion/ProyectosDeLey/tramitacion.aspx?prmID=18991&prmBOLETIN=18315-07
18315-07,2026-08-31,61ª / 374,Primer trámite constitucional / C. Diputados,Cuenta del Mensaje 280-374 que retira y hace presente la urgencia Discusión inmediata,,https://www.camara.cl/legislacion/ProyectosDeLey/tramitacion.aspx?prmID=18991&prmBOLETIN=18315-07
18316-02,2026-06-02,,Primer trámite constitucional / C. Diputados,Ingreso de proyecto,https://www.camara.cl/verDoc.aspx?prmID=18549&prmTIPO=INICIATIVA,https://www.camara.cl/legislacion/ProyectosDeLey/tramitacion.aspx?prmID=18998&prmBOLETIN=18316-02
18317-13,2026-06-02,,Primer trámite constitucional / C. Diputados,Ingreso de proyecto,https://www.camara.cl/verDoc.aspx?prmID=18546&prmTIPO=INICIATIVA,https://www.camara.cl/legislacion/ProyectosDeLey/tramitacion.aspx?prmID=18995&prmBOLETIN=18317-13
18318-19,2026-06-02,,Primer trámite constitucional / C. Diputados,Ingreso de proyecto,https://www.camara.cl/verDoc.aspx?prmID=18547&prmTIPO=INICIATIVA,https://www.camara.cl/legislacion/ProyectosDeLey/tramitacion.aspx?prmID=18996&prmBOLETIN=18318-19
18318-19,2026-08-31,61ª / 374,Primer trámite constitucional / C. Diputados,Cuenta del Mensaje 281-374 que retira y hace presente la urgencia Suma,,https://www.camara.cl/legislacion/ProyectosDeLey/tramitacion.aspx?prmID=18996&prmBOLETIN=18318-19
18319-07,2026-06-02,,Primer trámite constitucional / C. Diputados,Ingreso de proyecto,https://www.camara.cl/verDoc.aspx?prmID=18551&prmTIPO=INICIATIVA,https://www.camara.cl/legislacion/ProyectosDeLey/tramitacion.aspx?prmID=19000&prmBOLETIN=18319-07
18320-18,2026-06-02,,Primer trámite constitucional / C. Diputados,Ingreso de proyecto,https://www.camara.cl/verDoc.aspx?prmID=18544&prmTIPO=INICIATIVA,https://www.camara.cl/legislacion/ProyectosDeLey/tramitacion.aspx?prmID=18993&prmBOLETIN=18320-18
18321-14,2026-06-03,,Primer trámite constitucional / C. Diputados,Ingreso de proyecto,https://www.camara.cl/verDoc.aspx?prmID=18545&prmTIPO=INICIATIVA,https://www.camara.cl/legislacion/ProyectosDeLey/tramitacion.aspx?prmID=18994&prmBOLETIN=18321-14
18322-06,2026-06-03,,Primer trámite constitucional / C. Diputados,Ingreso de proyecto,https://www.camara.cl/verDoc.aspx?prmID=18550&prmTIPO=INICIATIVA,https://www.camara.cl/legislacion/ProyectosDeLey/tramitacion.aspx?prmID=18999&prmBOLETIN=18322-06
18323-07,2026-06-09,,Primer trámite constitucional / Senado,Ingreso de proyecto,https://www.camara.cl/verDoc.aspx?prmID=18552&prmTIPO=INICIATIVA,https://www.camara.cl/legislacion/ProyectosDeLey/tramitacion.aspx?prmID=19001&prmBOLETIN=18323-07
18323-07,2026-06-09,,Primer trámite constitucional / Senado,Oficio N° 185 a la Corte Suprema,https://www.camara.cl/verDoc.aspx?prmID=36699&prmTIPO=OFICIOPLEY,https://www.camara.cl/legislacion/ProyectosDeLey/tramitacion.aspx?prmID=19001&prmBOLETIN=18323-07
18323-07,2026-06-09,,Primer trámite constitucional / Senado,Oficio N° a la Corte Suprema,https://www.camara.cl/verDoc.aspx?prmID=36695&prmTIPO=OFICIOPLEY,https://www.camara.cl/legislacion/ProyectosDeLey/tramitacion.aspx?prmID=19001&prmBOLETIN=18323-07
18324-07,2026-06-04,,Primer trámite constitucional / C. Diputados,Ingreso de proyecto,https://www.camara.cl/verDoc.aspx?prmID=18559&prmTIPO=INICIATIVA,https://www.camara.cl/legislacion/ProyectosDeLey/tramitacion.aspx?prmID=19008&prmBOLETIN=18324-07
18324-07,2026-06-10,,Primer trámite constitucional / C. Diputados,Eximido del trámite ante Comisión Derivado a Comisión de Seguridad Ciudadana,https://www.camara.cl/verDoc.aspx?prmID=28151&prmTIPO=INFORMEPLEY,https://www.camara.cl/legislacion/ProyectosDeLey/tramitacion.aspx?prmID=19008&prmBOLETIN=18324-07
18325-06,2026-06-04,,Primer trámite constitucional / C. Diputados,Ingreso de proyecto,https://www.camara.cl/verDoc.aspx?prmID=18554&prmTIPO=INICIATIVA,https://www.camara.cl/legislacion/ProyectosDeLey/tramitacion.aspx?prmID=19003&prmBOLETIN=18325-06
18325-06,2026-06-10,,Primer trámite constitucional / C. Diputados,"Oficio N° 21301. Comunica a la Comisión de Deportes y Recreación el acuerdo de la Sala, en orden a remitirle el proyecto de ley, asignado inicialmente a la Comisión de Gobierno Interior, Nacionalidad, Ciudadanía y Regionalización.",https://www.camara.cl/verDoc.aspx?prmID=36706&prmTIPO=OFICIOPLEY,https://www.camara.cl/legislacion/ProyectosDeLey/tramitacion.aspx?prmID=19003&prmBOLETIN=18325-06
18326-18,2026-06-02,,Primer trámite constitucional / C. Diputados,Ingreso de proyecto,https://www.camara.cl/verDoc.aspx?prmID=18556&prmTIPO=INICIATIVA,https://www.camara.cl/legislacion/ProyectosDeLey/tramitacion.aspx?prmID=19005&prmBOLETIN=18326-18
18327-07,2026-06-04,,Primer trámite constitucional / C. Diputados,Ingreso de proyecto,https://www.camara.cl/verDoc.aspx?prmID=18557&prmTIPO=INICIATIVA,https://www.camara.cl/legislacion/ProyectosDeLey/tramitacion.aspx?prmID=19006&prmBOLETIN=18327-07
18328-05,2026-06-05,,Primer trámite constitucional / C. Diputados,Ingreso de proyecto,https://www.camara.cl/verDoc.aspx?prmID=18553&prmTIPO=INICIATIVA,https://www.camara.cl/legislacion/ProyectosDeLey/tramitacion.aspx?prmID=19002&prmBOLETIN=18328-05
18328-05,2026-06-10,,Primer trámite constitucional / C. Diputados,"Oficio N° 21302. Comunica a la Comisión de Gobierno Interior, Nacionalidad, Ciudadanía y Regionalización el acuerdo de la Sala, en orden a remitir el proyecto de ley, asignado inicialmente en la Comisión de Hacienda.",https://www.camara.cl/verDoc.aspx?prmID=36707&prmTIPO=OFICIOPLEY,https://www.camara.cl/legislacion/ProyectosDeLey/tramitacion.aspx?prmID=19002&prmBOLETIN=18328-05
18329-06,2026-06-05,,Primer trámite constitucional / C. Diputados,Ingreso de proyecto,https://www.camara.cl/verDoc.aspx?prmID=18555&prmTIPO=INICIATIVA,https://www.camara.cl/legislacion/ProyectosDeLey/tramitacion.aspx?prmID=19004&prmBOLETIN=18329-06
18329-06,2026-07-08,,Primer trámite constitucional / C. Diputados,Oficio N° 21371. Comunica que la Cámara de Diputados accedió a la solicitud para fusionar los proyectos de ley correspondientes a los boletines Nos. 18.329-06 y 18.349-06.,https://www.camara.cl/verDoc.aspx?prmID=36796&prmTIPO=OFICIOPLEY,https://www.camara.cl/legislacion/ProyectosDeLey/tramitacion.aspx?prmID=19004&prmBOLETIN=18329-06
18329-06,2026-07-13,42ª / 374,Primer trámite constitucional / C. Diputados,Cuenta del Mensaje 196-374 que retira y hace presente la urgencia Simple,,https://www.camara.cl/legislacion/ProyectosDeLey/tramitacion.aspx?prmID=19004&prmBOLETIN=18329-06
18330-07,2026-06-05,,Primer trámite constitucional / C. Diputados,Ingreso de proyecto,https://www.camara.cl/verDoc.aspx?prmID=18558&prmTIPO=INICIATIVA,https://www.camara.cl/legislacion/ProyectosDeLey/tramitacion.aspx?prmID=19007&prmBOLETIN=18330-07
18331-17,2026-06-05,,Primer trámite constitucional / C. Diputados,Ingreso de proyecto,https://www.camara.cl/verDoc.aspx?prmID=18560&prmTIPO=INICIATIVA,https://www.camara.cl/legislacion/ProyectosDeLey/tramitacion.aspx?prmID=19009&prmBOLETIN=18331-17
18332-25,2026-06-10,,Primer trámite constitucional / Senado,Ingreso de proyecto,https://www.camara.cl/verDoc.aspx?prmID=18561&prmTIPO=INICIATIVA,https://www.camara.cl/legislacion/ProyectosDeLey/tramitacion.aspx?prmID=19010&prmBOLETIN=18332-25
18333-07,2026-06-10,,Primer trámite constitucional / Senado,Ingreso de proyecto,https://www.camara.cl/verDoc.aspx?prmID=18562&prmTIPO=INICIATIVA,https://www.camara.cl/legislacion/ProyectosDeLey/tramitacion.aspx?prmID=19011&prmBOLETIN=18333-07
18333-07,2026-06-10,,Primer trámite constitucional / Senado,Oficio N° 192 a la Corte Suprema,https://www.camara.cl/verDoc.aspx?prmID=36721&prmTIPO=OFICIOPLEY,https://www.camara.cl/legislacion/ProyectosDeLey/tramitacion.aspx?prmID=19011&prmBOLETIN=18333-07
18334-10,2026-06-10,,Primer trámite constitucional / Senado,Ingreso de proyecto,https://www.camara.cl/verDoc.aspx?prmID=18563&prmTIPO=INICIATIVA,https://www.camara.cl/legislacion/ProyectosDeLey/tramitacion.aspx?prmID=19012&prmBOLETIN=18334-10
18334-10,2026-06-10,,Primer trámite constitucional / Senado,Oficio N°. Enmienda autenticada,https://www.camara.cl/verDoc.aspx?prmID=36705&prmTIPO=OFICIOPLEY,https://www.camara.cl/legislacion/ProyectosDeLey/tramitacion.aspx?prmID=19012&prmBOLETIN=18334-10
18334-10,2026-06-24,,Primer trámite constitucional / Senado,Primer informe de comisión,https://www.camara.cl/verDoc.aspx?prmID=28063&prmTIPO=INFORMEPLEY,https://www.camara.cl/legislacion/ProyectosDeLey/tramitacion.aspx?prmID=19012&prmBOLETIN=18334-10
18334-10,2026-08-19,52ª / 374,Primer trámite constitucional / Senado,Discusión general,https://www.camara.cl/verDoc.aspx?prmID=81121&prmTIPO=BOLETINOFICIAL,https://www.camara.cl/legislacion/ProyectosDeLey/tramitacion.aspx?prmID=19012&prmBOLETIN=18334-10
18334-10,2026-08-19,,Primer trámite constitucional / Senado,Oficio de ley a Cámara Revisora,https://www.camara.cl/verDoc.aspx?prmID=37101&prmTIPO=OFICIOPLEY,https://www.camara.cl/legislacion/ProyectosDeLey/tramitacion.aspx?prmID=19012&prmBOLETIN=18334-10
18335-02,2026-06-10,,Primer trámite constitucional / Senado,Ingreso de proyecto,https://www.camara.cl/verDoc.aspx?prmID=18564&prmTIPO=INICIATIVA,https://www.camara.cl/legislacion/ProyectosDeLey/tramitacion.aspx?prmID=19013&prmBOLETIN=18335-02
18335-02,2026-06-10,,Primer trámite constitucional / Senado,Oficio N° 193-26 a la Corte Suprema,https://www.camara.cl/verDoc.aspx?prmID=36720&prmTIPO=OFICIOPLEY,https://www.camara.cl/legislacion/ProyectosDeLey/tramitacion.aspx?prmID=19013&prmBOLETIN=18335-02
18335-02,2026-06-10,,Primer trámite constitucional / Senado,Oficio N° a la Corte Suprema,https://www.camara.cl/verDoc.aspx?prmID=36718&prmTIPO=OFICIOPLEY,https://www.camara.cl/legislacion/ProyectosDeLey/tramitacion.aspx?prmID=19013&prmBOLETIN=18335-02
18336-15,2026-06-10,,Primer trámite constitucional / Senado,Ingreso de proyecto,https://www.camara.cl/verDoc.aspx?prmID=18566&prmTIPO=INICIATIVA,https://www.camara.cl/legislacion/ProyectosDeLey/tramitacion.aspx?prmID=19015&prmBOLETIN=18336-15
18337-12,2026-06-10,,Primer trámite constitucional / Senado,Ingreso de proyecto,https://www.camara.cl/verDoc.aspx?prmID=18568&prmTIPO=INICIATIVA,https://www.camara.cl/legislacion/ProyectosDeLey/tramitacion.aspx?prmID=19017&prmBOLETIN=18337-12
18337-12,2026-06-23,,Primer trámite constitucional / Senado,Primer informe de comisión,https://www.camara.cl/verDoc.aspx?prmID=28060&prmTIPO=INFORMEPLEY,https://www.camara.cl/legislacion/ProyectosDeLey/tramitacion.aspx?prmID=19017&prmBOLETIN=18337-12
18337-12,2026-08-04,47ª / 374,Primer trámite constitucional / Senado,Cuenta del Mensaje 232-374 que retira y hace presente la urgencia Suma,https://www.camara.cl/verDoc.aspx?prmID=80921&prmTIPO=BOLETINOFICIAL,https://www.camara.cl/legislacion/ProyectosDeLey/tramitacion.aspx?prmID=19017&prmBOLETIN=18337-12
18337-12,2026-08-19,52ª / 374,Primer trámite constitucional / Senado,Discusión general,https://www.camara.cl/verDoc.aspx?prmID=81121&prmTIPO=BOLETINOFICIAL,https://www.camara.cl/legislacion/ProyectosDeLey/tramitacion.aspx?prmID=19017&prmBOLETIN=18337-12
18337-12,2026-08-19,,Primer trámite constitucional / Senado,Oficio de ley a Cámara Revisora,https://www.camara.cl/verDoc.aspx?prmID=37097&prmTIPO=OFICIOPLEY,https://www.camara.cl/legislacion/ProyectosDeLey/tramitacion.aspx?prmID=19017&prmBOLETIN=18337-12
18338-06,2026-06-10,,Primer trámite constitucional / Senado,Ingreso de proyecto,https://www.camara.cl/verDoc.aspx?prmID=18565&prmTIPO=INICIATIVA,https://www.camara.cl/legislacion/ProyectosDeLey/tramitacion.aspx?prmID=19014&prmBOLETIN=18338-06
18339-35,2026-06-16,,Primer trámite constitucional / Senado,Ingreso de proyecto,https://www.camara.cl/verDoc.aspx?prmID=18585&prmTIPO=INICIATIVA,https://www.camara.cl/legislacion/ProyectosDeLey/tramitacion.aspx?prmID=19034&prmBOLETIN=18339-35
18340-03,2026-06-10,,Primer trámite constitucional / Senado,Ingreso de proyecto,https://www.camara.cl/verDoc.aspx?prmID=18567&prmTIPO=INICIATIVA,https://www.camara.cl/legislacion/ProyectosDeLey/tramitacion.aspx?prmID=19016&prmBOLETIN=18340-03
18341-25,2026-06-12,,Primer trámite constitucional / C. Diputados,Ingreso de proyecto. Incluye informe financiero N° 117/01.06.2026.,https://www.camara.cl/verDoc.aspx?prmID=18576&prmTIPO=INICIATIVA,https://www.camara.cl/legislacion/ProyectosDeLey/tramitacion.aspx?prmID=19025&prmBOLETIN=18341-25
18341-25,2026-06-12,,Primer trámite constitucional / C. Diputados,Texto del Mensaje,https://www.camara.cl/verDoc.aspx?prmID=36727&prmTIPO=OFICIOPLEY,https://www.camara.cl/legislacion/ProyectosDeLey/tramitacion.aspx?prmID=19025&prmBOLETIN=18341-25
18341-25,2026-08-31,61ª / 374,Primer trámite constitucional / C. Diputados,Cuenta del Mensaje 281-374 que retira y hace presente la urgencia Suma,,https://www.camara.cl/legislacion/ProyectosDeLey/tramitacion.aspx?prmID=19025&prmBOLETIN=18341-25
18342-02,2026-06-08,,Primer trámite constitucional / C. Diputados,Ingreso de proyecto,https://www.camara.cl/verDoc.aspx?prmID=18571&prmTIPO=INICIATIVA,https://www.camara.cl/legislacion/ProyectosDeLey/tramitacion.aspx?prmID=19020&prmBOLETIN=18342-02
18342-02,2026-06-15,,Primer trámite constitucional / C. Diputados,"Oficio N° 21311. Por acuerdo de la Sala, remite a la Comisión de Gobierno Interior, Nacionalidad, Ciudadanía y Regionalización el proyecto de ley, inicialmente asignado a la Comisión de Defensa Nacional.",https://www.camara.cl/verDoc.aspx?prmID=36730&prmTIPO=OFICIOPLEY,https://www.camara.cl/legislacion/ProyectosDeLey/tramitacion.aspx?prmID=19020&prmBOLETIN=18342-02
18342-02,2026-07-14,,Primer trámite constitucional / C. Diputados,Eximido del trámite ante Comisión Derivado a Comisión de Gobierno Interior Nacionalidad Ciudadanía y Regionalización,https://www.camara.cl/verDoc.aspx?prmID=28084&prmTIPO=INFORMEPLEY,https://www.camara.cl/legislacion/ProyectosDeLey/tramitacion.aspx?prmID=19020&prmBOLETIN=18342-02
18343-16,2026-06-08,,Primer trámite constitucional / C. Diputados,Ingreso de proyecto,https://www.camara.cl/verDoc.aspx?prmID=18574&prmTIPO=INICIATIVA,https://www.camara.cl/legislacion/ProyectosDeLey/tramitacion.aspx?prmID=19023&prmBOLETIN=18343-16
18344-07,2026-06-08,,Primer trámite constitucional / C. Diputados,Ingreso de proyecto,https://www.camara.cl/verDoc.aspx?prmID=18569&prmTIPO=INICIATIVA,https://www.camara.cl/legislacion/ProyectosDeLey/tramitacion.aspx?prmID=19018&prmBOLETIN=18344-07
18345-13,2026-06-08,,Primer trámite constitucional / C. Diputados,Ingreso de proyecto,https://www.camara.cl/verDoc.aspx?prmID=18573&prmTIPO=INICIATIVA,https://www.camara.cl/legislacion/ProyectosDeLey/tramitacion.aspx?prmID=19022&prmBOLETIN=18345-13
18345-13,2026-06-15,,Primer trámite constitucional / C. Diputados,"Oficio N° 21310. Por acuerdo de la Sala, remite a la Comisión de Educación el proyecto de ley, inicialmente asignado a la Comisión de Trabajo y Seguridad Social.",https://www.camara.cl/verDoc.aspx?prmID=36728&prmTIPO=OFICIOPLEY,https://www.camara.cl/legislacion/ProyectosDeLey/tramitacion.aspx?prmID=19022&prmBOLETIN=18345-13
18345-13,2026-08-11,,Primer trámite constitucional / C. Diputados,Eximido del trámite ante Comisión Derivado a Comisión de Educación,https://www.camara.cl/verDoc.aspx?prmID=28155&prmTIPO=INFORMEPLEY,https://www.camara.cl/legislacion/ProyectosDeLey/tramitacion.aspx?prmID=19022&prmBOLETIN=18345-13
18346-11,2026-06-08,,Primer trámite constitucional / C. Diputados,Ingreso de proyecto,https://www.camara.cl/verDoc.aspx?prmID=18575&prmTIPO=INICIATIVA,https://www.camara.cl/legislacion/ProyectosDeLey/tramitacion.aspx?prmID=19024&prmBOLETIN=18346-11
18347-29,2026-06-08,,Primer trámite constitucional / C. Diputados,Ingreso de proyecto,https://www.camara.cl/verDoc.aspx?prmID=18572&prmTIPO=INICIATIVA,https://www.camara.cl/legislacion/ProyectosDeLey/tramitacion.aspx?prmID=19021&prmBOLETIN=18347-29
18348-13,2026-06-09,,Primer trámite constitucional / C. Diputados,Ingreso de proyecto,https://www.camara.cl/verDoc.aspx?prmID=18570&prmTIPO=INICIATIVA,https://www.camara.cl/legislacion/ProyectosDeLey/tramitacion.aspx?prmID=19019&prmBOLETIN=18348-13
18349-06,2026-06-09,,Primer trámite constitucional / C. Diputados,Ingreso de proyecto,https://www.camara.cl/verDoc.aspx?prmID=18580&prmTIPO=INICIATIVA,https://www.camara.cl/legislacion/ProyectosDeLey/tramitacion.aspx?prmID=19029&prmBOLETIN=18349-06
18349-06,2026-07-08,,Primer trámite constitucional / C. Diputados,Oficio N° 21371. Comunica que la Cámara de Diputados accedió a la solicitud para fusionar los proyectos de ley correspondientes a los boletines Nos. 18.329-06 y 18.349-06.,https://www.camara.cl/verDoc.aspx?prmID=36797&prmTIPO=OFICIOPLEY,https://www.camara.cl/legislacion/ProyectosDeLey/tramitacion.aspx?prmID=19029&prmBOLETIN=18349-06
18349-06,2026-07-13,42ª / 374,Primer trámite constitucional / C. Diputados,Cuenta del Mensaje 196-374 que retira y hace presente la urgencia Simple,,https://www.camara.cl/legislacion/ProyectosDeLey/tramitacion.aspx?prmID=19029&prmBOLETIN=18349-06
18350-25,2026-06-09,,Primer trámite constitucional / C. Diputados,Ingreso de proyecto,https://www.camara.cl/verDoc.aspx?prmID=18579&prmTIPO=INICIATIVA,https://www.camara.cl/legislacion/ProyectosDeLey/tramitacion.aspx?prmID=19028&prmBOLETIN=18350-25
18351-07,2026-06-09,,Primer trámite constitucional / C. Diputados,Ingreso de proyecto,https://www.camara.cl/verDoc.aspx?prmID=18582&prmTIPO=INICIATIVA,https://www.camara.cl/legislacion/ProyectosDeLey/tramitacion.aspx?prmID=19031&prmBOLETIN=18351-07
18352-04,2026-06-10,,Primer trámite constitucional / C. Diputados,Ingreso de proyecto,https://www.camara.cl/verDoc.aspx?prmID=18577&prmTIPO=INICIATIVA,https://www.camara.cl/legislacion/ProyectosDeLey/tramitacion.aspx?prmID=19026&prmBOLETIN=18352-04
18353-07,2026-06-09,,Primer trámite constitucional / C. Diputados,Ingreso de proyecto,https://www.camara.cl/verDoc.aspx?prmID=18581&prmTIPO=INICIATIVA,https://www.camara.cl/legislacion/ProyectosDeLey/tramitacion.aspx?prmID=19030&prmBOLETIN=18353-07
18354-07,2026-06-10,,Primer trámite constitucional / C. Diputados,Ingreso de proyecto,https://www.camara.cl/verDoc.aspx?prmID=18578&prmTIPO=INICIATIVA,https://www.camara.cl/legislacion/ProyectosDeLey/tramitacion.aspx?prmID=19027&prmBOLETIN=18354-07
18355-25,2026-06-09,,Primer trámite constitucional / Senado,Ingreso de proyecto,https://www.camara.cl/verDoc.aspx?prmID=18583&prmTIPO=INICIATIVA,https://www.camara.cl/legislacion/ProyectosDeLey/tramitacion.aspx?prmID=19032&prmBOLETIN=18355-25
18356-25,2026-06-16,,Primer trámite constitucional / Senado,Ingreso de proyecto,https://www.camara.cl/verDoc.aspx?prmID=18589&prmTIPO=INICIATIVA,https://www.camara.cl/legislacion/ProyectosDeLey/tramitacion.aspx?prmID=19038&prmBOLETIN=18356-25
18357-06,2026-06-09,,Primer trámite constitucional / Senado,Ingreso de proyecto,https://www.camara.cl/verDoc.aspx?prmID=18584&prmTIPO=INICIATIVA,https://www.camara.cl/legislacion/ProyectosDeLey/tramitacion.aspx?prmID=19033&prmBOLETIN=18357-06
18357-06,2026-06-16,,Primer trámite constitucional / Senado,Oficio N° 197-26 a la Corte Suprema,https://www.camara.cl/verDoc.aspx?prmID=36743&prmTIPO=OFICIOPLEY,https://www.camara.cl/legislacion/ProyectosDeLey/tramitacion.aspx?prmID=19033&prmBOLETIN=18357-06
18357-06,2026-06-16,,Primer trámite constitucional / Senado,Oficio N° a la Corte Suprema,https://www.camara.cl/verDoc.aspx?prmID=36742&prmTIPO=OFICIOPLEY,https://www.camara.cl/legislacion/ProyectosDeLey/tramitacion.aspx?prmID=19033&prmBOLETIN=18357-06
18358-03,2026-06-10,,Primer trámite constitucional / C. Diputados,Ingreso de proyecto,https://www.camara.cl/verDoc.aspx?prmID=18602&prmTIPO=INICIATIVA,https://www.camara.cl/legislacion/ProyectosDeLey/tramitacion.aspx?prmID=19051&prmBOLETIN=18358-03
18359-07,2026-06-10,,Primer trámite constitucional / C. Diputados,Ingreso de proyecto,https://www.camara.cl/verDoc.aspx?prmID=18601&prmTIPO=INICIATIVA,https://www.camara.cl/legislacion/ProyectosDeLey/tramitacion.aspx?prmID=19050&prmBOLETIN=18359-07
18360-07,2026-06-10,,Primer trámite constitucional / C. Diputados,Ingreso de proyecto,https://www.camara.cl/verDoc.aspx?prmID=18600&prmTIPO=INICIATIVA,https://www.camara.cl/legislacion/ProyectosDeLey/tramitacion.aspx?prmID=19049&prmBOLETIN=18360-07
18360-07,2026-06-17,,Primer trámite constitucional / C. Diputados,Eximido del trámite ante Comisión Derivado a Comisión de Seguridad Ciudadana,https://www.camara.cl/verDoc.aspx?prmID=28150&prmTIPO=INFORMEPLEY,https://www.camara.cl/legislacion/ProyectosDeLey/tramitacion.aspx?prmID=19049&prmBOLETIN=18360-07
18361-02,2026-06-11,,Primer trámite constitucional / C. Diputados,Ingreso de proyecto,https://www.camara.cl/verDoc.aspx?prmID=18599&prmTIPO=INICIATIVA,https://www.camara.cl/legislacion/ProyectosDeLey/tramitacion.aspx?prmID=19048&prmBOLETIN=18361-02
18361-02,2026-08-03,,Primer trámite constitucional / C. Diputados,Oficio N°21.426. Comunica que la Cámara de Diputados accedió a la solicitud para refundir los proyectos de ley correspondientes a los boletines Nos. 18.361-02 y 18.381-02.,https://www.camara.cl/verDoc.aspx?prmID=36925&prmTIPO=OFICIOPLEY,https://www.camara.cl/legislacion/ProyectosDeLey/tramitacion.aspx?prmID=19048&prmBOLETIN=18361-02
18362-19,2026-06-11,,Primer trámite constitucional / C. Diputados,Ingreso de proyecto,https://www.camara.cl/verDoc.aspx?prmID=18598&prmTIPO=INICIATIVA,https://www.camara.cl/legislacion/ProyectosDeLey/tramitacion.aspx?prmID=19047&prmBOLETIN=18362-19
18363-06,2026-06-11,,Primer trámite constitucional / C. Diputados,Ingreso de proyecto,https://www.camara.cl/verDoc.aspx?prmID=18597&prmTIPO=INICIATIVA,https://www.camara.cl/legislacion/ProyectosDeLey/tramitacion.aspx?prmID=19046&prmBOLETIN=18363-06
18364-07,2026-06-12,,Primer trámite constitucional / C. Diputados,Ingreso de proyecto,https://www.camara.cl/verDoc.aspx?prmID=18596&prmTIPO=INICIATIVA,https://www.camara.cl/legislacion/ProyectosDeLey/tramitacion.aspx?prmID=19045&prmBOLETIN=18364-07
18365-07,2026-06-12,,Primer trámite constitucional / C. Diputados,Ingreso de proyecto,https://www.camara.cl/verDoc.aspx?prmID=18595&prmTIPO=INICIATIVA,https://www.camara.cl/legislacion/ProyectosDeLey/tramitacion.aspx?prmID=19044&prmBOLETIN=18365-07
18366-25,2026-06-12,,Primer trámite constitucional / C. Diputados,Ingreso de proyecto,https://www.camara.cl/verDoc.aspx?prmID=18594&prmTIPO=INICIATIVA,https://www.camara.cl/legislacion/ProyectosDeLey/tramitacion.aspx?prmID=19043&prmBOLETIN=18366-25
18367-25,2026-06-12,,Primer trámite constitucional / C. Diputados,Ingreso de proyecto,https://www.camara.cl/verDoc.aspx?prmID=18593&prmTIPO=INICIATIVA,https://www.camara.cl/legislacion/ProyectosDeLey/tramitacion.aspx?prmID=19042&prmBOLETIN=18367-25
18368-07,2026-06-17,,Primer trámite constitucional / Senado,Ingreso de proyecto,https://www.camara.cl/verDoc.aspx?prmID=18586&prmTIPO=INICIATIVA,https://www.camara.cl/legislacion/ProyectosDeLey/tramitacion.aspx?prmID=19035&prmBOLETIN=18368-07
18369-07,2026-06-16,,Primer trámite constitucional / Senado,Ingreso de proyecto,https://www.camara.cl/verDoc.aspx?prmID=18588&prmTIPO=INICIATIVA,https://www.camara.cl/legislacion/ProyectosDeLey/tramitacion.aspx?prmID=19037&prmBOLETIN=18369-07
18370-25,2026-06-16,,Primer trámite constitucional / Senado,Ingreso de proyecto,https://www.camara.cl/verDoc.aspx?prmID=18587&prmTIPO=INICIATIVA,https://www.camara.cl/legislacion/ProyectosDeLey/tramitacion.aspx?prmID=19036&prmBOLETIN=18370-25
18370-25,2026-06-17,,Primer trámite constitucional / Senado,Oficio N° a la Corte Suprema,https://www.camara.cl/verDoc.aspx?prmID=36753&prmTIPO=OFICIOPLEY,https://www.camara.cl/legislacion/ProyectosDeLey/tramitacion.aspx?prmID=19036&prmBOLETIN=18370-25
18370-25,2026-06-17,,Primer trámite constitucional / Senado,Oficio N°204-26 a la Corte Suprema,https://www.camara.cl/verDoc.aspx?prmID=36754&prmTIPO=OFICIOPLEY,https://www.camara.cl/legislacion/ProyectosDeLey/tramitacion.aspx?prmID=19036&prmBOLETIN=18370-25
18371-21,2026-06-16,,Primer trámite constitucional / Senado,Ingreso de proyecto,https://www.camara.cl/verDoc.aspx?prmID=18591&prmTIPO=INICIATIVA,https://www.camara.cl/legislacion/ProyectosDeLey/tramitacion.aspx?prmID=19040&prmBOLETIN=18371-21
18372-25,2026-06-17,,Primer trámite constitucional / Senado,Ingreso de proyecto,https://www.camara.cl/verDoc.aspx?prmID=18590&prmTIPO=INICIATIVA,https://www.camara.cl/legislacion/ProyectosDeLey/tramitacion.aspx?prmID=19039&prmBOLETIN=18372-25
18373-07,2026-06-15,,Primer trámite constitucional / C. Diputados,Ingreso de proyecto,https://www.camara.cl/verDoc.aspx?prmID=18606&prmTIPO=INICIATIVA,https://www.camara.cl/legislacion/ProyectosDeLey/tramitacion.aspx?prmID=19055&prmBOLETIN=18373-07
18374-06,2026-06-15,,Primer trámite constitucional / C. Diputados,Ingreso de proyecto,https://www.camara.cl/verDoc.aspx?prmID=18605&prmTIPO=INICIATIVA,https://www.camara.cl/legislacion/ProyectosDeLey/tramitacion.aspx?prmID=19054&prmBOLETIN=18374-06
18375-29,2026-06-15,,Primer trámite constitucional / C. Diputados,Ingreso de proyecto,https://www.camara.cl/verDoc.aspx?prmID=18604&prmTIPO=INICIATIVA,https://www.camara.cl/legislacion/ProyectosDeLey/tramitacion.aspx?prmID=19053&prmBOLETIN=18375-29
18376-13,2026-06-15,,Primer trámite constitucional / C. Diputados,Ingreso de proyecto,https://www.camara.cl/verDoc.aspx?prmID=18608&prmTIPO=INICIATIVA,https://www.camara.cl/legislacion/ProyectosDeLey/tramitacion.aspx?prmID=19057&prmBOLETIN=18376-13
18377-06,2026-06-17,,Primer trámite constitucional / Senado,Ingreso de proyecto,https://www.camara.cl/verDoc.aspx?prmID=18592&prmTIPO=INICIATIVA,https://www.camara.cl/legislacion/ProyectosDeLey/tramitacion.aspx?prmID=19041&prmBOLETIN=18377-06
18378-18,2026-06-19,,Primer trámite constitucional / C. Diputados,Ingreso de proyecto,https://www.camara.cl/verDoc.aspx?prmID=18611&prmTIPO=INICIATIVA,https://www.camara.cl/legislacion/ProyectosDeLey/tramitacion.aspx?prmID=19063&prmBOLETIN=18378-18
18378-18,2026-06-22,,Primer trámite constitucional / C. Diputados,Oficio N° a la Corte Suprema,https://www.camara.cl/verDoc.aspx?prmID=36764&prmTIPO=OFICIOPLEY,https://www.camara.cl/legislacion/ProyectosDeLey/tramitacion.aspx?prmID=19063&prmBOLETIN=18378-18
18378-18,2026-06-22,,Primer trámite constitucional / C. Diputados,Texto del proyecto,https://www.camara.cl/verDoc.aspx?prmID=36763&prmTIPO=OFICIOPLEY,https://www.camara.cl/legislacion/ProyectosDeLey/tramitacion.aspx?prmID=19063&prmBOLETIN=18378-18
18378-18,2026-07-06,,Primer trámite constitucional / C. Diputados,Oficio N° 21.359 a la Corte Suprema,https://www.camara.cl/verDoc.aspx?prmID=36781&prmTIPO=OFICIOPLEY,https://www.camara.cl/legislacion/ProyectosDeLey/tramitacion.aspx?prmID=19063&prmBOLETIN=18378-18
18378-18,2026-08-17,57ª / 374,Primer trámite constitucional / C. Diputados,Cuenta del Mensaje 263-374 que retira y hace presente la urgencia Suma,,https://www.camara.cl/legislacion/ProyectosDeLey/tramitacion.aspx?prmID=19063&prmBOLETIN=18378-18
18379-15,2026-06-17,,Primer trámite constitucional / Senado,Ingreso de proyecto,https://www.camara.cl/verDoc.aspx?prmID=18603&prmTIPO=INICIATIVA,https://www.camara.cl/legislacion/ProyectosDeLey/tramitacion.aspx?prmID=19052&prmBOLETIN=18379-15
18380-07,2026-06-15,,Primer trámite constitucional / C. Diputados,Ingreso de proyecto,https://www.camara.cl/verDoc.aspx?prmID=18609&prmTIPO=INICIATIVA,https://www.camara.cl/legislacion/ProyectosDeLey/tramitacion.aspx?prmID=19059&prmBOLETIN=18380-07
18381-02,2026-06-15,,Primer trámite constitucional / C. Diputados,Ingreso de proyecto,https://www.camara.cl/verDoc.aspx?prmID=18607&prmTIPO=INICIATIVA,https://www.camara.cl/legislacion/ProyectosDeLey/tramitacion.aspx?prmID=19056&prmBOLETIN=18381-02
18382-29,2026-06-15,,Primer trámite constitucional / C. Diputados,Ingreso de proyecto,https://www.camara.cl/verDoc.aspx?prmID=18612&prmTIPO=INICIATIVA,https://www.camara.cl/legislacion/ProyectosDeLey/tramitacion.aspx?prmID=19064&prmBOLETIN=18382-29
18382-29,2026-06-22,,Primer trámite constitucional / C. Diputados,Oficio N° a la Corte Suprema,https://www.camara.cl/verDoc.aspx?prmID=36765&prmTIPO=OFICIOPLEY,https://www.camara.cl/legislacion/ProyectosDeLey/tramitacion.aspx?prmID=19064&prmBOLETIN=18382-29
18382-29,2026-07-06,,Primer trámite constitucional / C. Diputados,Oficio a la Corte Suprema,https://www.camara.cl/verDoc.aspx?prmID=36808&prmTIPO=OFICIOPLEY,https://www.camara.cl/legislacion/ProyectosDeLey/tramitacion.aspx?prmID=19064&prmBOLETIN=18382-29
18383-06,2026-06-22,,Primer trámite constitucional / C. Diputados,Ingreso de proyecto,https://www.camara.cl/verDoc.aspx?prmID=18613&prmTIPO=INICIATIVA,https://www.camara.cl/legislacion/ProyectosDeLey/tramitacion.aspx?prmID=19065&prmBOLETIN=18383-06
18384-08,2026-06-22,,Primer trámite constitucional / C. Diputados,Ingreso de proyecto. Incluye IF N°135/22.06.2026.,https://www.camara.cl/verDoc.aspx?prmID=18610&prmTIPO=INICIATIVA,https://www.camara.cl/legislacion/ProyectosDeLey/tramitacion.aspx?prmID=19062&prmBOLETIN=18384-08
18384-08,2026-06-22,,Primer trámite constitucional / C. Diputados,Texto del Mensaje,https://www.camara.cl/verDoc.aspx?prmID=36762&prmTIPO=OFICIOPLEY,https://www.camara.cl/legislacion/ProyectosDeLey/tramitacion.aspx?prmID=19062&prmBOLETIN=18384-08
18384-08,2026-07-07,,Primer trámite constitucional / C. Diputados,Primer informe de comisión,https://www.camara.cl/verDoc.aspx?prmID=28071&prmTIPO=INFORMEPLEY,https://www.camara.cl/legislacion/ProyectosDeLey/tramitacion.aspx?prmID=19062&prmBOLETIN=18384-08
18384-08,2026-07-08,,Primer trámite constitucional / C. Diputados,Oficio de ley a Cámara Revisora,https://www.camara.cl/verDoc.aspx?prmID=36812&prmTIPO=OFICIOPLEY,https://www.camara.cl/legislacion/ProyectosDeLey/tramitacion.aspx?prmID=19062&prmBOLETIN=18384-08
18384-08,2026-07-21,,Segundo trámite constitucional / Senado,Primer informe de comisión,https://www.camara.cl/verDoc.aspx?prmID=28107&prmTIPO=INFORMEPLEY,https://www.camara.cl/legislacion/ProyectosDeLey/tramitacion.aspx?prmID=19062&prmBOLETIN=18384-08
18384-08,2026-07-22,45ª / 374,Segundo trámite constitucional / Senado,Discusión general,https://www.camara.cl/verDoc.aspx?prmID=80863&prmTIPO=BOLETINOFICIAL,https://www.camara.cl/legislacion/ProyectosDeLey/tramitacion.aspx?prmID=19062&prmBOLETIN=18384-08
18384-08,2026-07-22,,Segundo trámite constitucional / Senado,Oficio modificaciones a Cámara de Origen,https://www.camara.cl/verDoc.aspx?prmID=36886&prmTIPO=OFICIOPLEY,https://www.camara.cl/legislacion/ProyectosDeLey/tramitacion.aspx?prmID=19062&prmBOLETIN=18384-08
18384-08,2026-07-22,48ª / 374,Tercer trámite constitucional / C. Diputados,Cuenta del Mensaje 221-374 que retira y hace presente la urgencia Discusión inmediata,,https://www.camara.cl/legislacion/ProyectosDeLey/tramitacion.aspx?prmID=19062&prmBOLETIN=18384-08
18384-08,2026-07-22,,Tercer trámite constitucional / C. Diputados,"Oficio N° 21.422, que comunica aprobacion de modificaciones",https://www.camara.cl/verDoc.aspx?prmID=36902&prmTIPO=OFICIOPLEY,https://www.camara.cl/legislacion/ProyectosDeLey/tramitacion.aspx?prmID=19062&prmBOLETIN=18384-08
18384-08,2026-07-22,,Tercer trámite constitucional / C. Diputados,Oficio de ley al Ejecutivo,https://www.camara.cl/verDoc.aspx?prmID=36903&prmTIPO=OFICIOPLEY,https://www.camara.cl/legislacion/ProyectosDeLey/tramitacion.aspx?prmID=19062&prmBOLETIN=18384-08
18385-07,2026-06-23,,Primer trámite constitucional / Senado,Ingreso de proyecto,https://www.camara.cl/verDoc.aspx?prmID=18635&prmTIPO=INICIATIVA,https://www.camara.cl/legislacion/ProyectosDeLey/tramitacion.aspx?prmID=19088&prmBOLETIN=18385-07
18386-08,2026-06-16,,Primer trámite constitucional / C. Diputados,Ingreso de proyecto,https://www.camara.cl/verDoc.aspx?prmID=18617&prmTIPO=INICIATIVA,https://www.camara.cl/legislacion/ProyectosDeLey/tramitacion.aspx?prmID=19069&prmBOLETIN=18386-08
18386-08,2026-06-23,,Primer trámite constitucional / C. Diputados,"Oficio N° 21341. Comunica a la Comisión de Minería y Energía el acuerdo de la Sala, en orden a que una vez despachado por esa Comisión se remita el proyecto de ley a la Comisión de Salud.",https://www.camara.cl/verDoc.aspx?prmID=36768&prmTIPO=OFICIOPLEY,https://www.camara.cl/legislacion/ProyectosDeLey/tramitacion.aspx?prmID=19069&prmBOLETIN=18386-08
18386-08,2026-06-23,,Primer trámite constitucional / C. Diputados,"Oficio N° 21342. Comunica a la Comisión de Salud el acuerdo de la Sala, en orden a asignarle el proyecto de ley, una vez despachado por la Comisión de Minería y Energía.",https://www.camara.cl/verDoc.aspx?prmID=36769&prmTIPO=OFICIOPLEY,https://www.camara.cl/legislacion/ProyectosDeLey/tramitacion.aspx?prmID=19069&prmBOLETIN=18386-08
18387-11,2026-06-16,,Primer trámite constitucional / C. Diputados,Ingreso de proyecto,https://www.camara.cl/verDoc.aspx?prmID=18615&prmTIPO=INICIATIVA,https://www.camara.cl/legislacion/ProyectosDeLey/tramitacion.aspx?prmID=19067&prmBOLETIN=18387-11
18388-06,2026-06-16,,Primer trámite constitucional / C. Diputados,Ingreso de proyecto,https://www.camara.cl/verDoc.aspx?prmID=18616&prmTIPO=INICIATIVA,https://www.camara.cl/legislacion/ProyectosDeLey/tramitacion.aspx?prmID=19068&prmBOLETIN=18388-06
18389-04,2026-06-23,,Primer trámite constitucional / C. Diputados,Ingreso de proyecto. Tiene informe financiero,https://www.camara.cl/verDoc.aspx?prmID=18618&prmTIPO=INICIATIVA,https://www.camara.cl/legislacion/ProyectosDeLey/tramitacion.aspx?prmID=19070&prmBOLETIN=18389-04
18389-04,2026-06-23,,Primer trámite constitucional / C. Diputados,Texto del proyecto,https://www.camara.cl/verDoc.aspx?prmID=36766&prmTIPO=OFICIOPLEY,https://www.camara.cl/legislacion/ProyectosDeLey/tramitacion.aspx?prmID=19070&prmBOLETIN=18389-04
18389-04,2026-08-03,,Primer trámite constitucional / C. Diputados,Primer informe de comisión. Pasa a Comisión de Hacienda,https://www.camara.cl/verDoc.aspx?prmID=28122&prmTIPO=INFORMEPLEY,https://www.camara.cl/legislacion/ProyectosDeLey/tramitacion.aspx?prmID=19070&prmBOLETIN=18389-04
18389-04,2026-08-05,,Primer trámite constitucional / C. Diputados,Oficio de ley a Cámara Revisora,https://www.camara.cl/verDoc.aspx?prmID=36960&prmTIPO=OFICIOPLEY,https://www.camara.cl/legislacion/ProyectosDeLey/tramitacion.aspx?prmID=19070&prmBOLETIN=18389-04
18389-04,2026-08-05,,Primer trámite constitucional / C. Diputados,Primer informe de comisión,https://www.camara.cl/verDoc.aspx?prmID=28129&prmTIPO=INFORMEPLEY,https://www.camara.cl/legislacion/ProyectosDeLey/tramitacion.aspx?prmID=19070&prmBOLETIN=18389-04
18389-04,2026-09-01,53ª / 374,Segundo trámite constitucional / Senado,Cuenta del Mensaje 284-374 que retira y hace presente la urgencia Suma,,https://www.camara.cl/legislacion/ProyectosDeLey/tramitacion.aspx?prmID=19070&prmBOLETIN=18389-04
18390-07,2026-06-16,,Primer trámite constitucional / C. Diputados,Ingreso de proyecto,https://www.camara.cl/verDoc.aspx?prmID=18620&prmTIPO=INICIATIVA,https://www.camara.cl/legislacion/ProyectosDeLey/tramitacion.aspx?prmID=19072&prmBOLETIN=18390-07
18391-09,2026-06-16,,Primer trámite constitucional / C. Diputados,Ingreso de proyecto,https://www.camara.cl/verDoc.aspx?prmID=18622&prmTIPO=INICIATIVA,https://www.camara.cl/legislacion/ProyectosDeLey/tramitacion.aspx?prmID=19075&prmBOLETIN=18391-09
18392-04,2026-06-16,,Primer trámite constitucional / C. Diputados,Ingreso de proyecto,https://www.camara.cl/verDoc.aspx?prmID=18631&prmTIPO=INICIATIVA,https://www.camara.cl/legislacion/ProyectosDeLey/tramitacion.aspx?prmID=19084&prmBOLETIN=18392-04
18393-08,2026-06-16,,Primer trámite constitucional / C. Diputados,Ingreso de proyecto,https://www.camara.cl/verDoc.aspx?prmID=18628&prmTIPO=INICIATIVA,https://www.camara.cl/legislacion/ProyectosDeLey/tramitacion.aspx?prmID=19081&prmBOLETIN=18393-08
18394-16,2026-06-16,,Primer trámite constitucional / C. Diputados,Ingreso de proyecto,https://www.camara.cl/verDoc.aspx?prmID=18629&prmTIPO=INICIATIVA,https://www.camara.cl/legislacion/ProyectosDeLey/tramitacion.aspx?prmID=19082&prmBOLETIN=18394-16
18395-07,2026-06-16,,Primer trámite constitucional / C. Diputados,Ingreso de proyecto,https://www.camara.cl/verDoc.aspx?prmID=18627&prmTIPO=INICIATIVA,https://www.camara.cl/legislacion/ProyectosDeLey/tramitacion.aspx?prmID=19080&prmBOLETIN=18395-07
18396-06,2026-06-16,,Primer trámite constitucional / C. Diputados,Ingreso de proyecto,https://www.camara.cl/verDoc.aspx?prmID=18621&prmTIPO=INICIATIVA,https://www.camara.cl/legislacion/ProyectosDeLey/tramitacion.aspx?prmID=19074&prmBOLETIN=18396-06
18397-07,2026-06-16,,Primer trámite constitucional / C. Diputados,Ingreso de proyecto,https://www.camara.cl/verDoc.aspx?prmID=18633&prmTIPO=INICIATIVA,https://www.camara.cl/legislacion/ProyectosDeLey/tramitacion.aspx?prmID=19086&prmBOLETIN=18397-07
18397-07,2026-06-24,,Primer trámite constitucional / C. Diputados,Oficio N° 21345. Remite el proyecto a a Comisión de Seguridad Ciudadana.,https://www.camara.cl/verDoc.aspx?prmID=36772&prmTIPO=OFICIOPLEY,https://www.camara.cl/legislacion/ProyectosDeLey/tramitacion.aspx?prmID=19086&prmBOLETIN=18397-07
18398-06,2026-06-16,,Primer trámite constitucional / C. Diputados,Ingreso de proyecto,https://www.camara.cl/verDoc.aspx?prmID=18630&prmTIPO=INICIATIVA,https://www.camara.cl/legislacion/ProyectosDeLey/tramitacion.aspx?prmID=19083&prmBOLETIN=18398-06
18399-06,2026-06-16,,Primer trámite constitucional / C. Diputados,Ingreso de proyecto,https://www.camara.cl/verDoc.aspx?prmID=18625&prmTIPO=INICIATIVA,https://www.camara.cl/legislacion/ProyectosDeLey/tramitacion.aspx?prmID=19078&prmBOLETIN=18399-06
18399-06,2026-07-13,,Primer trámite constitucional / C. Diputados,Primer informe de comisión,https://www.camara.cl/verDoc.aspx?prmID=28119&prmTIPO=INFORMEPLEY,https://www.camara.cl/legislacion/ProyectosDeLey/tramitacion.aspx?prmID=19078&prmBOLETIN=18399-06
18399-06,2026-07-13,,Segundo trámite constitucional / Senado,Oficio a Cámara revisora,https://www.camara.cl/verDoc.aspx?prmID=36820&prmTIPO=OFICIOPLEY,https://www.camara.cl/legislacion/ProyectosDeLey/tramitacion.aspx?prmID=19078&prmBOLETIN=18399-06
18399-06,2026-07-15,,Segundo trámite constitucional / Senado,Oficio rechazo a Cámara de Origen,https://www.camara.cl/verDoc.aspx?prmID=36859&prmTIPO=OFICIOPLEY,https://www.camara.cl/legislacion/ProyectosDeLey/tramitacion.aspx?prmID=19078&prmBOLETIN=18399-06
18400-01,2026-06-16,,Primer trámite constitucional / C. Diputados,Ingreso de proyecto,https://www.camara.cl/verDoc.aspx?prmID=18624&prmTIPO=INICIATIVA,https://www.camara.cl/legislacion/ProyectosDeLey/tramitacion.aspx?prmID=19077&prmBOLETIN=18400-01
18401-31,2026-06-24,,Primer trámite constitucional / C. Diputados,Ingreso de proyecto. Tiene informe financiero,https://www.camara.cl/verDoc.aspx?prmID=18632&prmTIPO=INICIATIVA,https://www.camara.cl/legislacion/ProyectosDeLey/tramitacion.aspx?prmID=19085&prmBOLETIN=18401-31
18401-31,2026-06-24,,Primer trámite constitucional / C. Diputados,Texto del proyecto,https://www.camara.cl/verDoc.aspx?prmID=36770&prmTIPO=OFICIOPLEY,https://www.camara.cl/legislacion/ProyectosDeLey/tramitacion.aspx?prmID=19085&prmBOLETIN=18401-31
18401-31,2026-07-14,,Primer trámite constitucional / C. Diputados,Primer informe de comisión,https://www.camara.cl/verDoc.aspx?prmID=28087&prmTIPO=INFORMEPLEY,https://www.camara.cl/legislacion/ProyectosDeLey/tramitacion.aspx?prmID=19085&prmBOLETIN=18401-31
18401-31,2026-07-14,,Primer trámite constitucional / C. Diputados,Primer informe de comisión,https://www.camara.cl/verDoc.aspx?prmID=28090&prmTIPO=INFORMEPLEY,https://www.camara.cl/legislacion/ProyectosDeLey/tramitacion.aspx?prmID=19085&prmBOLETIN=18401-31
18401-31,2026-07-15,,Primer trámite constitucional / C. Diputados,Oficio de ley a Cámara Revisora,https://www.camara.cl/verDoc.aspx?prmID=36855&prmTIPO=OFICIOPLEY,https://www.camara.cl/legislacion/ProyectosDeLey/tramitacion.aspx?prmID=19085&prmBOLETIN=18401-31
18401-31,2026-08-12,,Segundo trámite constitucional / Senado,Primer informe de comisión. Pasa a Comisión de Hacienda,https://www.camara.cl/verDoc.aspx?prmID=28181&prmTIPO=INFORMEPLEY,https://www.camara.cl/legislacion/ProyectosDeLey/tramitacion.aspx?prmID=19085&prmBOLETIN=18401-31
18401-31,2026-08-18,51ª / 374,Segundo trámite constitucional / Senado,Discusión general. Aprobado en general Se fija como plazo para presentar indicaciones el 24/08/2026 a las 12:00,https://www.camara.cl/verDoc.aspx?prmID=81083&prmTIPO=BOLETINOFICIAL,https://www.camara.cl/legislacion/ProyectosDeLey/tramitacion.aspx?prmID=19085&prmBOLETIN=18401-31
18401-31,2026-08-18,,Segundo trámite constitucional / Senado,Primer informe de comisión,https://www.camara.cl/verDoc.aspx?prmID=28185&prmTIPO=INFORMEPLEY,https://www.camara.cl/legislacion/ProyectosDeLey/tramitacion.aspx?prmID=19085&prmBOLETIN=18401-31
18401-31,2026-08-24,,Segundo trámite constitucional / Senado,Oficio N°. I.F. N° 204,https://www.camara.cl/verDoc.aspx?prmID=37104&prmTIPO=OFICIOPLEY,https://www.camara.cl/legislacion/ProyectosDeLey/tramitacion.aspx?prmID=19085&prmBOLETIN=18401-31
18401-31,2026-09-01,53ª / 374,Segundo trámite constitucional / Senado,Cuenta del Mensaje 291-374 que retira y hace presente la urgencia Discusión inmediata,,https://www.camara.cl/legislacion/ProyectosDeLey/tramitacion.aspx?prmID=19085&prmBOLETIN=18401-31
18401-31,2026-09-01,,Segundo trámite constitucional / Senado,Oficio modificaciones a Cámara de Origen,https://www.camara.cl/verDoc.aspx?prmID=37121&prmTIPO=OFICIOPLEY,https://www.camara.cl/legislacion/ProyectosDeLey/tramitacion.aspx?prmID=19085&prmBOLETIN=18401-31
18401-31,2026-09-01,,Segundo trámite constitucional / Senado,Segundo informe de comisión,https://www.camara.cl/verDoc.aspx?prmID=28199&prmTIPO=INFORMEPLEY,https://www.camara.cl/legislacion/ProyectosDeLey/tramitacion.aspx?prmID=19085&prmBOLETIN=18401-31
18401-31,2026-09-01,,Segundo trámite constitucional / Senado,Segundo informe de comisión. Pasa a Comisión de Hacienda,https://www.camara.cl/verDoc.aspx?prmID=28201&prmTIPO=INFORMEPLEY,https://www.camara.cl/legislacion/ProyectosDeLey/tramitacion.aspx?prmID=19085&prmBOLETIN=18401-31
18402-33,2026-06-17,,Primer trámite constitucional / C. Diputados,Ingreso de proyecto,https://www.camara.cl/verDoc.aspx?prmID=18619&prmTIPO=INICIATIVA,https://www.camara.cl/legislacion/ProyectosDeLey/tramitacion.aspx?prmID=19071&prmBOLETIN=18402-33
18403-24,2026-06-17,,Primer trámite constitucional / C. Diputados,Ingreso de proyecto,https://www.camara.cl/verDoc.aspx?prmID=18626&prmTIPO=INICIATIVA,https://www.camara.cl/legislacion/ProyectosDeLey/tramitacion.aspx?prmID=19079&prmBOLETIN=18403-24
18403-24,2026-08-18,,Primer trámite constitucional / C. Diputados,"Oficio N°21.511. Comunica que la Cámara de Diputados accedió a la solicitud de la Comisión de Cultura, Artes y Comunicaciones para refundir los proyectos de ley correspondientes a los boletines Nos 15.025-24, 17.710-24 y 18.403-24.",https://www.camara.cl/verDoc.aspx?prmID=37042&prmTIPO=OFICIOPLEY,https://www.camara.cl/legislacion/ProyectosDeLey/tramitacion.aspx?prmID=19079&prmBOLETIN=18403-24
18403-24,2026-08-18,,Primer trámite constitucional / C. Diputados,"Oficio N°21.511. Comunica que la Cámara de Diputados accedió a la solicitud de la Comisión de Cultura, Artes y Comunicaciones para refundir los proyectos de ley correspondientes a los boletines Nos 15.025-24, 17.710-24 y 18.403-24.",https://www.camara.cl/verDoc.aspx?prmID=37046&prmTIPO=OFICIOPLEY,https://www.camara.cl/legislacion/ProyectosDeLey/tramitacion.aspx?prmID=19079&prmBOLETIN=18403-24
18404-13,2026-06-24,,Primer trámite constitucional / Senado,Ingreso de proyecto,https://www.camara.cl/verDoc.aspx?prmID=18634&prmTIPO=INICIATIVA,https://www.camara.cl/legislacion/ProyectosDeLey/tramitacion.aspx?prmID=19087&prmBOLETIN=18404-13
18405-25,2026-06-17,,Primer trámite constitucional / C. Diputados,Ingreso de proyecto,https://www.camara.cl/verDoc.aspx?prmID=18623&prmTIPO=INICIATIVA,https://www.camara.cl/legislacion/ProyectosDeLey/tramitacion.aspx?prmID=19076&prmBOLETIN=18405-25
18406-02,2026-06-23,,Primer trámite constitucional / Senado,Ingreso de proyecto,https://www.camara.cl/verDoc.aspx?prmID=18636&prmTIPO=INICIATIVA,https://www.camara.cl/legislacion/ProyectosDeLey/tramitacion.aspx?prmID=19089&prmBOLETIN=18406-02
18407-25,2026-06-24,,Primer trámite constitucional / Senado,Ingreso de proyecto,https://www.camara.cl/verDoc.aspx?prmID=18637&prmTIPO=INICIATIVA,https://www.camara.cl/legislacion/ProyectosDeLey/tramitacion.aspx?prmID=19090&prmBOLETIN=18407-25
18408-25,2026-06-18,,Primer trámite constitucional / C. Diputados,Ingreso de proyecto,https://www.camara.cl/verDoc.aspx?prmID=18646&prmTIPO=INICIATIVA,https://www.camara.cl/legislacion/ProyectosDeLey/tramitacion.aspx?prmID=19099&prmBOLETIN=18408-25
18408-25,2026-07-06,,Primer trámite constitucional / C. Diputados,Oficio N° 21363. Remite el proyecto a la Comisión de Defensa Nacional.,https://www.camara.cl/verDoc.aspx?prmID=36787&prmTIPO=OFICIOPLEY,https://www.camara.cl/legislacion/ProyectosDeLey/tramitacion.aspx?prmID=19099&prmBOLETIN=18408-25
18408-25,2026-07-07,,Primer trámite constitucional / C. Diputados,Eximido del trámite ante Comisión Derivado a Comisión de Defensa Nacional,https://www.camara.cl/verDoc.aspx?prmID=28074&prmTIPO=INFORMEPLEY,https://www.camara.cl/legislacion/ProyectosDeLey/tramitacion.aspx?prmID=19099&prmBOLETIN=18408-25
18409-03,2026-06-18,,Primer trámite constitucional / C. Diputados,Ingreso de proyecto,https://www.camara.cl/verDoc.aspx?prmID=18649&prmTIPO=INICIATIVA,https://www.camara.cl/legislacion/ProyectosDeLey/tramitacion.aspx?prmID=19102&prmBOLETIN=18409-03
18410-07,2026-06-19,,Primer trámite constitucional / C. Diputados,Ingreso de proyecto,https://www.camara.cl/verDoc.aspx?prmID=18651&prmTIPO=INICIATIVA,https://www.camara.cl/legislacion/ProyectosDeLey/tramitacion.aspx?prmID=19104&prmBOLETIN=18410-07
18411-11,2026-06-19,,Primer trámite constitucional / C. Diputados,Ingreso de proyecto,https://www.camara.cl/verDoc.aspx?prmID=18648&prmTIPO=INICIATIVA,https://www.camara.cl/legislacion/ProyectosDeLey/tramitacion.aspx?prmID=19101&prmBOLETIN=18411-11
18412-07,2026-06-22,,Primer trámite constitucional / C. Diputados,Ingreso de proyecto,https://www.camara.cl/verDoc.aspx?prmID=18647&prmTIPO=INICIATIVA,https://www.camara.cl/legislacion/ProyectosDeLey/tramitacion.aspx?prmID=19100&prmBOLETIN=18412-07
18413-07,2026-06-22,,Primer trámite constitucional / C. Diputados,Ingreso de proyecto,https://www.camara.cl/verDoc.aspx?prmID=18650&prmTIPO=INICIATIVA,https://www.camara.cl/legislacion/ProyectosDeLey/tramitacion.aspx?prmID=19103&prmBOLETIN=18413-07
18414-18,2026-06-22,,Primer trámite constitucional / C. Diputados,Ingreso de proyecto,https://www.camara.cl/verDoc.aspx?prmID=18656&prmTIPO=INICIATIVA,https://www.camara.cl/legislacion/ProyectosDeLey/tramitacion.aspx?prmID=19109&prmBOLETIN=18414-18
18414-18,2026-07-13,,Primer trámite constitucional / C. Diputados,"Oficio N° 21381. Comunica a la Comisión de Mujeres y Equidad de Género que la Sala accedió a su solicitud, en orden a que le sea remitido el proyecto de ley.",https://www.camara.cl/verDoc.aspx?prmID=36822&prmTIPO=OFICIOPLEY,https://www.camara.cl/legislacion/ProyectosDeLey/tramitacion.aspx?prmID=19109&prmBOLETIN=18414-18
18414-18,2026-07-13,,Primer trámite constitucional / C. Diputados,Oficio N° 21387. Comunica a la Comisión de Familia que la Sala accedió a la solicitud de la Comisión de Mujeres y Equidad de Género.,https://www.camara.cl/verDoc.aspx?prmID=36823&prmTIPO=OFICIOPLEY,https://www.camara.cl/legislacion/ProyectosDeLey/tramitacion.aspx?prmID=19109&prmBOLETIN=18414-18
18414-18,2026-07-14,,Primer trámite constitucional / C. Diputados,Eximido del trámite ante Comisión Derivado a Comisión Mujeres y Equidad de Género,https://www.camara.cl/verDoc.aspx?prmID=28083&prmTIPO=INFORMEPLEY,https://www.camara.cl/legislacion/ProyectosDeLey/tramitacion.aspx?prmID=19109&prmBOLETIN=18414-18
18414-18,2026-08-10,,Primer trámite constitucional / C. Diputados,Oficio N°21.470. Comunica que la Cámara de Diputados acordó acceder a la solicitud para refundir los proyectos de ley correspondientes a los boletines Nos. 18.236-18 y 18.414-18.,https://www.camara.cl/verDoc.aspx?prmID=36983&prmTIPO=OFICIOPLEY,https://www.camara.cl/legislacion/ProyectosDeLey/tramitacion.aspx?prmID=19109&prmBOLETIN=18414-18
18415-18,2026-06-23,,Primer trámite constitucional / C. Diputados,Ingreso de proyecto,https://www.camara.cl/verDoc.aspx?prmID=18658&prmTIPO=INICIATIVA,https://www.camara.cl/legislacion/ProyectosDeLey/tramitacion.aspx?prmID=19111&prmBOLETIN=18415-18
18415-18,2026-07-14,,Primer trámite constitucional / C. Diputados,"Comunica el acuerdo de los Comités Parlamentarios para radicar el proyecto en la Comisión de Futuro, Ciencias, tecnología, Conocimiento e Innovación",https://www.camara.cl/verDoc.aspx?prmID=36858&prmTIPO=OFICIOPLEY,https://www.camara.cl/legislacion/ProyectosDeLey/tramitacion.aspx?prmID=19111&prmBOLETIN=18415-18
18415-18,2026-08-04,,Primer trámite constitucional / C. Diputados,"Oficio N°21.434. Comunica que la Cámara de Diputados acordó refundir el proyecto de ley con los correspondientes a los boletines 18224-18, 18246-18 y 18318-19, ya refundidos.",https://www.camara.cl/verDoc.aspx?prmID=36930&prmTIPO=OFICIOPLEY,https://www.camara.cl/legislacion/ProyectosDeLey/tramitacion.aspx?prmID=19111&prmBOLETIN=18415-18
18415-18,2026-08-31,61ª / 374,Primer trámite constitucional / C. Diputados,Cuenta del Mensaje 281-374 que retira y hace presente la urgencia Suma,,https://www.camara.cl/legislacion/ProyectosDeLey/tramitacion.aspx?prmID=19111&prmBOLETIN=18415-18
18416-07,2026-06-23,,Primer trámite constitucional / C. Diputados,Ingreso de proyecto,https://www.camara.cl/verDoc.aspx?prmID=18657&prmTIPO=INICIATIVA,https://www.camara.cl/legislacion/ProyectosDeLey/tramitacion.aspx?prmID=19110&prmBOLETIN=18416-07
18417-04,2026-06-23,,Primer trámite constitucional / C. Diputados,Ingreso de proyecto,https://www.camara.cl/verDoc.aspx?prmID=18660&prmTIPO=INICIATIVA,https://www.camara.cl/legislacion/ProyectosDeLey/tramitacion.aspx?prmID=19113&prmBOLETIN=18417-04
18418-04,2026-06-23,,Primer trámite constitucional / C. Diputados,Ingreso de proyecto,https://www.camara.cl/verDoc.aspx?prmID=18655&prmTIPO=INICIATIVA,https://www.camara.cl/legislacion/ProyectosDeLey/tramitacion.aspx?prmID=19108&prmBOLETIN=18418-04
18419-11,2026-06-25,,Primer trámite constitucional / C. Diputados,Ingreso de proyecto,https://www.camara.cl/verDoc.aspx?prmID=18659&prmTIPO=INICIATIVA,https://www.camara.cl/legislacion/ProyectosDeLey/tramitacion.aspx?prmID=19112&prmBOLETIN=18419-11
18420-25,2026-06-24,,Primer trámite constitucional / Senado,Ingreso de proyecto,https://www.camara.cl/verDoc.aspx?prmID=18639&prmTIPO=INICIATIVA,https://www.camara.cl/legislacion/ProyectosDeLey/tramitacion.aspx?prmID=19092&prmBOLETIN=18420-25
18420-25,2026-08-06,,Primer trámite constitucional / Senado,Primer informe de comisión,https://www.camara.cl/verDoc.aspx?prmID=28135&prmTIPO=INFORMEPLEY,https://www.camara.cl/legislacion/ProyectosDeLey/tramitacion.aspx?prmID=19092&prmBOLETIN=18420-25
18420-25,2026-08-11,49ª / 374,Primer trámite constitucional / Senado,Cuenta del Mensaje 256-374 que hace presente la urgencia Simple,https://www.camara.cl/verDoc.aspx?prmID=81061&prmTIPO=BOLETINOFICIAL,https://www.camara.cl/legislacion/ProyectosDeLey/tramitacion.aspx?prmID=19092&prmBOLETIN=18420-25
18420-25,2026-08-11,49ª / 374,Primer trámite constitucional / Senado,Discusión general,https://www.camara.cl/verDoc.aspx?prmID=81061&prmTIPO=BOLETINOFICIAL,https://www.camara.cl/legislacion/ProyectosDeLey/tramitacion.aspx?prmID=19092&prmBOLETIN=18420-25
18421-07,2026-06-30,,Primer trámite constitucional / Senado,Ingreso de proyecto,https://www.camara.cl/verDoc.aspx?prmID=18640&prmTIPO=INICIATIVA,https://www.camara.cl/legislacion/ProyectosDeLey/tramitacion.aspx?prmID=19093&prmBOLETIN=18421-07
18422-06,2026-06-24,,Primer trámite constitucional / Senado,Ingreso de proyecto,https://www.camara.cl/verDoc.aspx?prmID=18644&prmTIPO=INICIATIVA,https://www.camara.cl/legislacion/ProyectosDeLey/tramitacion.aspx?prmID=19097&prmBOLETIN=18422-06
18423-07,2026-06-30,,Primer trámite constitucional / Senado,Ingreso de proyecto,https://www.camara.cl/verDoc.aspx?prmID=18641&prmTIPO=INICIATIVA,https://www.camara.cl/legislacion/ProyectosDeLey/tramitacion.aspx?prmID=19094&prmBOLETIN=18423-07
18423-07,2026-07-07,,Primer trámite constitucional / Senado,Oficio N° a la Corte Suprema,https://www.camara.cl/verDoc.aspx?prmID=36788&prmTIPO=OFICIOPLEY,https://www.camara.cl/legislacion/ProyectosDeLey/tramitacion.aspx?prmID=19094&prmBOLETIN=18423-07
18423-07,2026-07-07,,Primer trámite constitucional / Senado,Oficio N°231 a la Corte Suprema,https://www.camara.cl/verDoc.aspx?prmID=36792&prmTIPO=OFICIOPLEY,https://www.camara.cl/legislacion/ProyectosDeLey/tramitacion.aspx?prmID=19094&prmBOLETIN=18423-07
18424-07,2026-06-24,,Primer trámite constitucional / Senado,Ingreso de proyecto,https://www.camara.cl/verDoc.aspx?prmID=18645&prmTIPO=INICIATIVA,https://www.camara.cl/legislacion/ProyectosDeLey/tramitacion.aspx?prmID=19098&prmBOLETIN=18424-07
18425-15,2026-06-24,,Primer trámite constitucional / Senado,Ingreso de proyecto,https://www.camara.cl/verDoc.aspx?prmID=18642&prmTIPO=INICIATIVA,https://www.camara.cl/legislacion/ProyectosDeLey/tramitacion.aspx?prmID=19095&prmBOLETIN=18425-15
18426-07,2026-06-30,,Primer trámite constitucional / Senado,Ingreso de proyecto,https://www.camara.cl/verDoc.aspx?prmID=18638&prmTIPO=INICIATIVA,https://www.camara.cl/legislacion/ProyectosDeLey/tramitacion.aspx?prmID=19091&prmBOLETIN=18426-07
18427-07,2026-07-03,,Primer trámite constitucional / Senado,Ingreso de proyecto,https://www.camara.cl/verDoc.aspx?prmID=18643&prmTIPO=INICIATIVA,https://www.camara.cl/legislacion/ProyectosDeLey/tramitacion.aspx?prmID=19096&prmBOLETIN=18427-07
18428-10,2026-07-06,,Primer trámite constitucional / C. Diputados,Ingreso de proyecto. Incluye IF N° 144/01.07.2026.,https://www.camara.cl/verDoc.aspx?prmID=18652&prmTIPO=INICIATIVA,https://www.camara.cl/legislacion/ProyectosDeLey/tramitacion.aspx?prmID=19105&prmBOLETIN=18428-10
18428-10,2026-07-06,,Primer trámite constitucional / C. Diputados,Texto del Mensaje,https://www.camara.cl/verDoc.aspx?prmID=36777&prmTIPO=OFICIOPLEY,https://www.camara.cl/legislacion/ProyectosDeLey/tramitacion.aspx?prmID=19105&prmBOLETIN=18428-10
18429-10,2026-07-06,,Primer trámite constitucional / C. Diputados,Ingreso de proyecto. Incluye IF N° 147/01.07.2026.,https://www.camara.cl/verDoc.aspx?prmID=18653&prmTIPO=INICIATIVA,https://www.camara.cl/legislacion/ProyectosDeLey/tramitacion.aspx?prmID=19106&prmBOLETIN=18429-10
18429-10,2026-07-06,,Primer trámite constitucional / C. Diputados,Texto de Mensaje,https://www.camara.cl/verDoc.aspx?prmID=36778&prmTIPO=OFICIOPLEY,https://www.camara.cl/legislacion/ProyectosDeLey/tramitacion.aspx?prmID=19106&prmBOLETIN=18429-10
18429-10,2026-08-17,,Primer trámite constitucional / C. Diputados,Primer informe de comisión,https://www.camara.cl/verDoc.aspx?prmID=28176&prmTIPO=INFORMEPLEY,https://www.camara.cl/legislacion/ProyectosDeLey/tramitacion.aspx?prmID=19106&prmBOLETIN=18429-10
18429-10,2026-08-19,,Primer trámite constitucional / C. Diputados,Oficio de ley a Cámara Revisora,https://www.camara.cl/verDoc.aspx?prmID=37089&prmTIPO=OFICIOPLEY,https://www.camara.cl/legislacion/ProyectosDeLey/tramitacion.aspx?prmID=19106&prmBOLETIN=18429-10
18430-07,2026-06-24,,Primer trámite constitucional / Senado,Ingreso de proyecto,https://www.camara.cl/verDoc.aspx?prmID=18661&prmTIPO=INICIATIVA,https://www.camara.cl/legislacion/ProyectosDeLey/tramitacion.aspx?prmID=19114&prmBOLETIN=18430-07
18430-07,2026-07-07,,Primer trámite constitucional / Senado,Oficio N° a la Corte Suprema,https://www.camara.cl/verDoc.aspx?prmID=36789&prmTIPO=OFICIOPLEY,https://www.camara.cl/legislacion/ProyectosDeLey/tramitacion.aspx?prmID=19114&prmBOLETIN=18430-07
18430-07,2026-07-07,,Primer trámite constitucional / Senado,Oficio N°232 a la Corte Suprema,https://www.camara.cl/verDoc.aspx?prmID=36793&prmTIPO=OFICIOPLEY,https://www.camara.cl/legislacion/ProyectosDeLey/tramitacion.aspx?prmID=19114&prmBOLETIN=18430-07
18431-31,2026-07-06,,Primer trámite constitucional / C. Diputados,Ingreso de proyecto. Incluye IF N° 140/01.07.2026.,https://www.camara.cl/verDoc.aspx?prmID=18654&prmTIPO=INICIATIVA,https://www.camara.cl/legislacion/ProyectosDeLey/tramitacion.aspx?prmID=19107&prmBOLETIN=18431-31
18431-31,2026-07-06,,Primer trámite constitucional / C. Diputados,Texto del Mensaje,https://www.camara.cl/verDoc.aspx?prmID=36779&prmTIPO=OFICIOPLEY,https://www.camara.cl/legislacion/ProyectosDeLey/tramitacion.aspx?prmID=19107&prmBOLETIN=18431-31
18431-31,2026-07-20,,Primer trámite constitucional / C. Diputados,Primer informe de comisión,https://www.camara.cl/verDoc.aspx?prmID=28103&prmTIPO=INFORMEPLEY,https://www.camara.cl/legislacion/ProyectosDeLey/tramitacion.aspx?prmID=19107&prmBOLETIN=18431-31
18431-31,2026-07-22,,Primer trámite constitucional / C. Diputados,Oficio de ley a Cámara Revisora,https://www.camara.cl/verDoc.aspx?prmID=36884&prmTIPO=OFICIOPLEY,https://www.camara.cl/legislacion/ProyectosDeLey/tramitacion.aspx?prmID=19107&prmBOLETIN=18431-31
18431-31,2026-08-05,48ª / 374,Segundo trámite constitucional / Senado,Discusión general. Aprobado en general Queda pendiente discusión particular,https://www.camara.cl/verDoc.aspx?prmID=81063&prmTIPO=BOLETINOFICIAL,https://www.camara.cl/legislacion/ProyectosDeLey/tramitacion.aspx?prmID=19107&prmBOLETIN=18431-31
18431-31,2026-08-05,48ª / 374,Segundo trámite constitucional / Senado,El Ejecutivo retira la urgencia,https://www.camara.cl/verDoc.aspx?prmID=81063&prmTIPO=BOLETINOFICIAL,https://www.camara.cl/legislacion/ProyectosDeLey/tramitacion.aspx?prmID=19107&prmBOLETIN=18431-31
18431-31,2026-08-05,,Segundo trámite constitucional / Senado,Primer informe de comisión,https://www.camara.cl/verDoc.aspx?prmID=28131&prmTIPO=INFORMEPLEY,https://www.camara.cl/legislacion/ProyectosDeLey/tramitacion.aspx?prmID=19107&prmBOLETIN=18431-31
18431-31,2026-08-11,49ª / 374,Segundo trámite constitucional / Senado,Cuenta del Mensaje 252-374 que hace presente la urgencia Discusión inmediata,https://www.camara.cl/verDoc.aspx?prmID=81061&prmTIPO=BOLETINOFICIAL,https://www.camara.cl/legislacion/ProyectosDeLey/tramitacion.aspx?prmID=19107&prmBOLETIN=18431-31
18431-31,2026-08-11,49ª / 374,Segundo trámite constitucional / Senado,Discusión particular,https://www.camara.cl/verDoc.aspx?prmID=81061&prmTIPO=BOLETINOFICIAL,https://www.camara.cl/legislacion/ProyectosDeLey/tramitacion.aspx?prmID=19107&prmBOLETIN=18431-31
18431-31,2026-08-11,,Segundo trámite constitucional / Senado,Oficio aprobación sin modificaciones a Cámara de Origen,https://www.camara.cl/verDoc.aspx?prmID=37000&prmTIPO=OFICIOPLEY,https://www.camara.cl/legislacion/ProyectosDeLey/tramitacion.aspx?prmID=19107&prmBOLETIN=18431-31
18431-31,2026-08-12,,Trámite finalización en Cámara de Origen / C. Diputados,Oficio de ley al Ejecutivo,https://www.camara.cl/verDoc.aspx?prmID=37012&prmTIPO=OFICIOPLEY,https://www.camara.cl/legislacion/ProyectosDeLey/tramitacion.aspx?prmID=19107&prmBOLETIN=18431-31
18432-07,2026-06-25,,Primer trámite constitucional / C. Diputados,Ingreso de proyecto,https://www.camara.cl/verDoc.aspx?prmID=18664&prmTIPO=INICIATIVA,https://www.camara.cl/legislacion/ProyectosDeLey/tramitacion.aspx?prmID=19117&prmBOLETIN=18432-07
18432-07,2026-08-10,53ª / 374,Primer trámite constitucional / C. Diputados,Cuenta del Mensaje 247-374 que hace presente la urgencia Simple,,https://www.camara.cl/legislacion/ProyectosDeLey/tramitacion.aspx?prmID=19117&prmBOLETIN=18432-07
18433-04,2026-06-25,,Primer trámite constitucional / C. Diputados,Ingreso de proyecto,https://www.camara.cl/verDoc.aspx?prmID=18665&prmTIPO=INICIATIVA,https://www.camara.cl/legislacion/ProyectosDeLey/tramitacion.aspx?prmID=19118&prmBOLETIN=18433-04
18434-07,2026-06-28,,Primer trámite constitucional / C. Diputados,Ingreso de proyecto,https://www.camara.cl/verDoc.aspx?prmID=18662&prmTIPO=INICIATIVA,https://www.camara.cl/legislacion/ProyectosDeLey/tramitacion.aspx?prmID=19115&prmBOLETIN=18434-07
18434-07,2026-07-08,,Primer trámite constitucional / C. Diputados,"Oficio N° 21369. Por acuerdo de la Sala, remite a la Comisión de Seguridad Ciudadana el proyecto de ley, asignado inicialmente a la Comisión de Constitución, Legislación, Justicia y Reglamento.",https://www.camara.cl/verDoc.aspx?prmID=36804&prmTIPO=OFICIOPLEY,https://www.camara.cl/legislacion/ProyectosDeLey/tramitacion.aspx?prmID=19115&prmBOLETIN=18434-07
18434-07,2026-08-19,60ª / 374,Primer trámite constitucional / C. Diputados,Cuenta del Mensaje 274-374 que retira y hace presente la urgencia Suma,,https://www.camara.cl/legislacion/ProyectosDeLey/tramitacion.aspx?prmID=19115&prmBOLETIN=18434-07
18435-01,2026-06-29,,Primer trámite constitucional / C. Diputados,Ingreso de proyecto,https://www.camara.cl/verDoc.aspx?prmID=18663&prmTIPO=INICIATIVA,https://www.camara.cl/legislacion/ProyectosDeLey/tramitacion.aspx?prmID=19116&prmBOLETIN=18435-01
18436-15,2026-07-08,,Primer trámite constitucional / C. Diputados,Ingreso de proyecto. Incluye IF N° 146/30.06.2026.,https://www.camara.cl/verDoc.aspx?prmID=18666&prmTIPO=INICIATIVA,https://www.camara.cl/legislacion/ProyectosDeLey/tramitacion.aspx?prmID=19119&prmBOLETIN=18436-15
18436-15,2026-07-08,,Primer trámite constitucional / C. Diputados,Texto del Mensaje,https://www.camara.cl/verDoc.aspx?prmID=36798&prmTIPO=OFICIOPLEY,https://www.camara.cl/legislacion/ProyectosDeLey/tramitacion.aspx?prmID=19119&prmBOLETIN=18436-15
18436-15,2026-08-31,61ª / 374,Primer trámite constitucional / C. Diputados,Cuenta del Mensaje 281-374 que retira y hace presente la urgencia Suma,,https://www.camara.cl/legislacion/ProyectosDeLey/tramitacion.aspx?prmID=19119&prmBOLETIN=18436-15
18437-37,2026-07-07,,Primer trámite constitucional / Senado,Ingreso de proyecto,https://www.camara.cl/verDoc.aspx?prmID=18667&prmTIPO=INICIATIVA,https://www.camara.cl/legislacion/ProyectosDeLey/tramitacion.aspx?prmID=19120&prmBOLETIN=18437-37
18438-02,2026-07-07,,Primer trámite constitucional / Senado,Ingreso de proyecto,https://www.camara.cl/verDoc.aspx?prmID=18668&prmTIPO=INICIATIVA,https://www.camara.cl/legislacion/ProyectosDeLey/tramitacion.aspx?prmID=19121&prmBOLETIN=18438-02
18439-02,2026-07-07,,Primer trámite constitucional / Senado,Ingreso de proyecto,https://www.camara.cl/verDoc.aspx?prmID=18669&prmTIPO=INICIATIVA,https://www.camara.cl/legislacion/ProyectosDeLey/tramitacion.aspx?prmID=19122&prmBOLETIN=18439-02
18440-03,2026-07-07,,Primer trámite constitucional / Senado,Ingreso de proyecto,https://www.camara.cl/verDoc.aspx?prmID=18670&prmTIPO=INICIATIVA,https://www.camara.cl/legislacion/ProyectosDeLey/tramitacion.aspx?prmID=19123&prmBOLETIN=18440-03
18441-03,2026-07-07,,Primer trámite constitucional / Senado,Ingreso de proyecto,https://www.camara.cl/verDoc.aspx?prmID=18671&prmTIPO=INICIATIVA,https://www.camara.cl/legislacion/ProyectosDeLey/tramitacion.aspx?prmID=19124&prmBOLETIN=18441-03
18442-07,2026-07-07,,Primer trámite constitucional / Senado,Ingreso de proyecto,https://www.camara.cl/verDoc.aspx?prmID=18672&prmTIPO=INICIATIVA,https://www.camara.cl/legislacion/ProyectosDeLey/tramitacion.aspx?prmID=19125&prmBOLETIN=18442-07
18442-07,2026-07-15,,Primer trámite constitucional / Senado,Oficio N°239. Consulta Corte Suprema,https://www.camara.cl/verDoc.aspx?prmID=36862&prmTIPO=OFICIOPLEY,https://www.camara.cl/legislacion/ProyectosDeLey/tramitacion.aspx?prmID=19125&prmBOLETIN=18442-07
18442-07,2026-07-27,,Primer trámite constitucional / Senado,"Primer informe de comisión. Pasa a Comisión de Constitución, Legislación, Justicia y Reglamento",https://www.camara.cl/verDoc.aspx?prmID=28124&prmTIPO=INFORMEPLEY,https://www.camara.cl/legislacion/ProyectosDeLey/tramitacion.aspx?prmID=19125&prmBOLETIN=18442-07
18443-07,2026-06-24,,Primer trámite constitucional / C. Diputados,Ingreso de proyecto,https://www.camara.cl/verDoc.aspx?prmID=18674&prmTIPO=INICIATIVA,https://www.camara.cl/legislacion/ProyectosDeLey/tramitacion.aspx?prmID=19127&prmBOLETIN=18443-07
18443-07,2026-07-08,,Primer trámite constitucional / C. Diputados,"Declaración de inadmisibilidad basada en informe técnico N° 4/374/2026, revertida por la Sala en sesión 41-374.",https://www.camara.cl/verDoc.aspx?prmID=36817&prmTIPO=OFICIOPLEY,https://www.camara.cl/legislacion/ProyectosDeLey/tramitacion.aspx?prmID=19127&prmBOLETIN=18443-07
18443-07,2026-07-13,,Primer trámite constitucional / C. Diputados,"Oficio N° 21385. Comunica a la Comisión de Seguridad Ciudadana el acuerdo de la Sala, en orden a que le sea remitido del proyecto de ley, una vez que sea despachado por la Comisión de Constitución, Legislación, Justicia y Reglamento.",https://www.camara.cl/verDoc.aspx?prmID=36825&prmTIPO=OFICIOPLEY,https://www.camara.cl/legislacion/ProyectosDeLey/tramitacion.aspx?prmID=19127&prmBOLETIN=18443-07
18443-07,2026-07-13,,Primer trámite constitucional / C. Diputados,"Oficio N° 21386. Comunica a la Comisión de Constitución, Legislación, Justicia y Reglamento el acuerdo de la Sala, en orden a remitir el proyecto a la Comisión de Seguriddad Ciudadana, con posterioridad a su despacho.",https://www.camara.cl/verDoc.aspx?prmID=36824&prmTIPO=OFICIOPLEY,https://www.camara.cl/legislacion/ProyectosDeLey/tramitacion.aspx?prmID=19127&prmBOLETIN=18443-07
18444-14,2026-06-26,,Primer trámite constitucional / C. Diputados,Ingreso de proyecto,https://www.camara.cl/verDoc.aspx?prmID=18675&prmTIPO=INICIATIVA,https://www.camara.cl/legislacion/ProyectosDeLey/tramitacion.aspx?prmID=19128&prmBOLETIN=18444-14
18445-07,2026-07-08,,Primer trámite constitucional / Senado,Ingreso de proyecto,https://www.camara.cl/verDoc.aspx?prmID=18673&prmTIPO=INICIATIVA,https://www.camara.cl/legislacion/ProyectosDeLey/tramitacion.aspx?prmID=19126&prmBOLETIN=18445-07
18445-07,2026-07-15,,Primer trámite constitucional / Senado,Oficio N°240. Consulta Corte Suprema,https://www.camara.cl/verDoc.aspx?prmID=36863&prmTIPO=OFICIOPLEY,https://www.camara.cl/legislacion/ProyectosDeLey/tramitacion.aspx?prmID=19126&prmBOLETIN=18445-07
18446-07,2026-07-14,,Primer trámite constitucional / Senado,Ingreso de proyecto,https://www.camara.cl/verDoc.aspx?prmID=18694&prmTIPO=INICIATIVA,https://www.camara.cl/legislacion/ProyectosDeLey/tramitacion.aspx?prmID=19147&prmBOLETIN=18446-07
18447-07,2026-06-30,,Primer trámite constitucional / C. Diputados,Ingreso de proyecto,https://www.camara.cl/verDoc.aspx?prmID=18677&prmTIPO=INICIATIVA,https://www.camara.cl/legislacion/ProyectosDeLey/tramitacion.aspx?prmID=19130&prmBOLETIN=18447-07
18448-25,2026-07-01,,Primer trámite constitucional / C. Diputados,Ingreso de proyecto,https://www.camara.cl/verDoc.aspx?prmID=18678&prmTIPO=INICIATIVA,https://www.camara.cl/legislacion/ProyectosDeLey/tramitacion.aspx?prmID=19131&prmBOLETIN=18448-25
18448-25,2026-08-03,,Primer trámite constitucional / C. Diputados,Oficio N°21.427. Comunica que la Cámara de Diputados acordó remitir el proyecto de ley a la Comisión de Personas Mayores y Discapacidad.,https://www.camara.cl/verDoc.aspx?prmID=36926&prmTIPO=OFICIOPLEY,https://www.camara.cl/legislacion/ProyectosDeLey/tramitacion.aspx?prmID=19131&prmBOLETIN=18448-25
18449-06,2026-07-01,,Primer trámite constitucional / C. Diputados,Ingreso de proyecto,https://www.camara.cl/verDoc.aspx?prmID=18676&prmTIPO=INICIATIVA,https://www.camara.cl/legislacion/ProyectosDeLey/tramitacion.aspx?prmID=19129&prmBOLETIN=18449-06
18450-01,2026-07-05,,Primer trámite constitucional / C. Diputados,Ingreso de proyecto,https://www.camara.cl/verDoc.aspx?prmID=18684&prmTIPO=INICIATIVA,https://www.camara.cl/legislacion/ProyectosDeLey/tramitacion.aspx?prmID=19137&prmBOLETIN=18450-01
18451-11,2026-07-08,,Primer trámite constitucional / Senado,Ingreso de proyecto,https://www.camara.cl/verDoc.aspx?prmID=18689&prmTIPO=INICIATIVA,https://www.camara.cl/legislacion/ProyectosDeLey/tramitacion.aspx?prmID=19142&prmBOLETIN=18451-11
18452-02,2026-07-08,,Primer trámite constitucional / Senado,Ingreso de proyecto,https://www.camara.cl/verDoc.aspx?prmID=18690&prmTIPO=INICIATIVA,https://www.camara.cl/legislacion/ProyectosDeLey/tramitacion.aspx?prmID=19143&prmBOLETIN=18452-02
18453-13,2026-07-06,,Primer trámite constitucional / C. Diputados,Ingreso de proyecto,https://www.camara.cl/verDoc.aspx?prmID=18688&prmTIPO=INICIATIVA,https://www.camara.cl/legislacion/ProyectosDeLey/tramitacion.aspx?prmID=19141&prmBOLETIN=18453-13
18454-11,2026-07-06,,Primer trámite constitucional / C. Diputados,Ingreso de proyecto,https://www.camara.cl/verDoc.aspx?prmID=18687&prmTIPO=INICIATIVA,https://www.camara.cl/legislacion/ProyectosDeLey/tramitacion.aspx?prmID=19140&prmBOLETIN=18454-11
18455-07,2026-07-06,,Primer trámite constitucional / C. Diputados,Ingreso de proyecto,https://www.camara.cl/verDoc.aspx?prmID=18685&prmTIPO=INICIATIVA,https://www.camara.cl/legislacion/ProyectosDeLey/tramitacion.aspx?prmID=19138&prmBOLETIN=18455-07
18456-06,2026-07-06,,Primer trámite constitucional / C. Diputados,Ingreso de proyecto,https://www.camara.cl/verDoc.aspx?prmID=18683&prmTIPO=INICIATIVA,https://www.camara.cl/legislacion/ProyectosDeLey/tramitacion.aspx?prmID=19136&prmBOLETIN=18456-06
18457-06,2026-07-06,,Primer trámite constitucional / C. Diputados,Ingreso de proyecto,https://www.camara.cl/verDoc.aspx?prmID=18686&prmTIPO=INICIATIVA,https://www.camara.cl/legislacion/ProyectosDeLey/tramitacion.aspx?prmID=19139&prmBOLETIN=18457-06
18458-07,2026-07-06,,Primer trámite constitucional / C. Diputados,Ingreso de proyecto,https://www.camara.cl/verDoc.aspx?prmID=18680&prmTIPO=INICIATIVA,https://www.camara.cl/legislacion/ProyectosDeLey/tramitacion.aspx?prmID=19133&prmBOLETIN=18458-07
18459-05,2026-06-17,,Primer trámite constitucional / C. Diputados,Ingreso de proyecto,https://www.camara.cl/verDoc.aspx?prmID=18692&prmTIPO=INICIATIVA,https://www.camara.cl/legislacion/ProyectosDeLey/tramitacion.aspx?prmID=19145&prmBOLETIN=18459-05
18459-05,2026-07-14,,Primer trámite constitucional / C. Diputados,"Declaración de inadmisibilidad basada en IT N° 5/374/2026, revertida por la Sala en sesión 43-374, de 14.08.2026",https://www.camara.cl/verDoc.aspx?prmID=36860&prmTIPO=OFICIOPLEY,https://www.camara.cl/legislacion/ProyectosDeLey/tramitacion.aspx?prmID=19145&prmBOLETIN=18459-05
18460-07,2026-07-06,,Primer trámite constitucional / C. Diputados,Ingreso de proyecto,https://www.camara.cl/verDoc.aspx?prmID=18682&prmTIPO=INICIATIVA,https://www.camara.cl/legislacion/ProyectosDeLey/tramitacion.aspx?prmID=19135&prmBOLETIN=18460-07
18461-04,2026-07-07,,Primer trámite constitucional / C. Diputados,Ingreso de proyecto,https://www.camara.cl/verDoc.aspx?prmID=18681&prmTIPO=INICIATIVA,https://www.camara.cl/legislacion/ProyectosDeLey/tramitacion.aspx?prmID=19134&prmBOLETIN=18461-04
18462-11,2026-07-15,,Primer trámite constitucional / Senado,Ingreso de proyecto,https://www.camara.cl/verDoc.aspx?prmID=18698&prmTIPO=INICIATIVA,https://www.camara.cl/legislacion/ProyectosDeLey/tramitacion.aspx?prmID=19151&prmBOLETIN=18462-11
18463-06,2026-05-12,,Primer trámite constitucional / C. Diputados,Ingreso de proyecto,https://www.camara.cl/verDoc.aspx?prmID=18691&prmTIPO=INICIATIVA,https://www.camara.cl/legislacion/ProyectosDeLey/tramitacion.aspx?prmID=19144&prmBOLETIN=18463-06
18464-14,2026-07-15,,Primer trámite constitucional / C. Diputados,Ingreso de proyecto. Tiene informe financiero N°150 (03/07/2026),https://www.camara.cl/verDoc.aspx?prmID=18693&prmTIPO=INICIATIVA,https://www.camara.cl/legislacion/ProyectosDeLey/tramitacion.aspx?prmID=19146&prmBOLETIN=18464-14
18464-14,2026-07-15,,Primer trámite constitucional / C. Diputados,Texto del proyecto,https://www.camara.cl/verDoc.aspx?prmID=36856&prmTIPO=OFICIOPLEY,https://www.camara.cl/legislacion/ProyectosDeLey/tramitacion.aspx?prmID=19146&prmBOLETIN=18464-14
18464-14,2026-07-22,,Primer trámite constitucional / C. Diputados,"Oficio N° 133/14/2026, de la Comisión de Vivienda, consulta opinión de la Corte Suprema respecto del art. 42 propuesto por el numeral 8 del artículo 1 del proyecto.",https://www.camara.cl/verDoc.aspx?prmID=36950&prmTIPO=OFICIOPLEY,https://www.camara.cl/legislacion/ProyectosDeLey/tramitacion.aspx?prmID=19146&prmBOLETIN=18464-14
18464-14,2026-08-05,,Primer trámite constitucional / C. Diputados,Primer informe de comisión. Pasa a Comisión de Hacienda,https://www.camara.cl/verDoc.aspx?prmID=28138&prmTIPO=INFORMEPLEY,https://www.camara.cl/legislacion/ProyectosDeLey/tramitacion.aspx?prmID=19146&prmBOLETIN=18464-14
18464-14,2026-08-19,60ª / 374,Primer trámite constitucional / C. Diputados,Cuenta del Mensaje 274-374 que retira y hace presente la urgencia Suma,,https://www.camara.cl/legislacion/ProyectosDeLey/tramitacion.aspx?prmID=19146&prmBOLETIN=18464-14
18465-03,2026-07-14,,Primer trámite constitucional / Senado,Ingreso de proyecto,https://www.camara.cl/verDoc.aspx?prmID=18695&prmTIPO=INICIATIVA,https://www.camara.cl/legislacion/ProyectosDeLey/tramitacion.aspx?prmID=19148&prmBOLETIN=18465-03
18466-37,2026-07-14,,Primer trámite constitucional / Senado,Ingreso de proyecto,https://www.camara.cl/verDoc.aspx?prmID=18696&prmTIPO=INICIATIVA,https://www.camara.cl/legislacion/ProyectosDeLey/tramitacion.aspx?prmID=19149&prmBOLETIN=18466-37
18467-06,2026-06-11,,Primer trámite constitucional / C. Diputados,Ingreso de proyecto,https://www.camara.cl/verDoc.aspx?prmID=18699&prmTIPO=INICIATIVA,https://www.camara.cl/legislacion/ProyectosDeLey/tramitacion.aspx?prmID=19152&prmBOLETIN=18467-06
18468-13,2026-07-05,,Primer trámite constitucional / C. Diputados,Ingreso de proyecto,https://www.camara.cl/verDoc.aspx?prmID=18700&prmTIPO=INICIATIVA,https://www.camara.cl/legislacion/ProyectosDeLey/tramitacion.aspx?prmID=19153&prmBOLETIN=18468-13
18469-15,2026-07-07,,Primer trámite constitucional / C. Diputados,Ingreso de proyecto,https://www.camara.cl/verDoc.aspx?prmID=18701&prmTIPO=INICIATIVA,https://www.camara.cl/legislacion/ProyectosDeLey/tramitacion.aspx?prmID=19154&prmBOLETIN=18469-15
18470-07,2026-07-15,,Primer trámite constitucional / Senado,Ingreso de proyecto,https://www.camara.cl/verDoc.aspx?prmID=18697&prmTIPO=INICIATIVA,https://www.camara.cl/legislacion/ProyectosDeLey/tramitacion.aspx?prmID=19150&prmBOLETIN=18470-07
18471-07,2026-07-07,,Primer trámite constitucional / C. Diputados,Ingreso de proyecto,https://www.camara.cl/verDoc.aspx?prmID=18702&prmTIPO=INICIATIVA,https://www.camara.cl/legislacion/ProyectosDeLey/tramitacion.aspx?prmID=19155&prmBOLETIN=18471-07
18472-04,2026-07-21,,Primer trámite constitucional / Senado,Ingreso de proyecto,https://www.camara.cl/verDoc.aspx?prmID=18709&prmTIPO=INICIATIVA,https://www.camara.cl/legislacion/ProyectosDeLey/tramitacion.aspx?prmID=19162&prmBOLETIN=18472-04
18473-03,2026-07-07,,Primer trámite constitucional / C. Diputados,Ingreso de proyecto,https://www.camara.cl/verDoc.aspx?prmID=18707&prmTIPO=INICIATIVA,https://www.camara.cl/legislacion/ProyectosDeLey/tramitacion.aspx?prmID=19160&prmBOLETIN=18473-03
18474-11,2026-07-08,,Primer trámite constitucional / C. Diputados,Ingreso de proyecto,https://www.camara.cl/verDoc.aspx?prmID=18703&prmTIPO=INICIATIVA,https://www.camara.cl/legislacion/ProyectosDeLey/tramitacion.aspx?prmID=19156&prmBOLETIN=18474-11
18475-06,2026-07-09,,Primer trámite constitucional / C. Diputados,Ingreso de proyecto,https://www.camara.cl/verDoc.aspx?prmID=18705&prmTIPO=INICIATIVA,https://www.camara.cl/legislacion/ProyectosDeLey/tramitacion.aspx?prmID=19158&prmBOLETIN=18475-06
18476-03,2026-07-09,,Primer trámite constitucional / C. Diputados,Ingreso de proyecto,https://www.camara.cl/verDoc.aspx?prmID=18706&prmTIPO=INICIATIVA,https://www.camara.cl/legislacion/ProyectosDeLey/tramitacion.aspx?prmID=19159&prmBOLETIN=18476-03
18477-07,2026-07-11,,Primer trámite constitucional / C. Diputados,Ingreso de proyecto,https://www.camara.cl/verDoc.aspx?prmID=18704&prmTIPO=INICIATIVA,https://www.camara.cl/legislacion/ProyectosDeLey/tramitacion.aspx?prmID=19157&prmBOLETIN=18477-07
18478-13,2026-07-21,,Primer trámite constitucional / C. Diputados,Ingreso de proyecto. Incluye IF N° 151/14.07.2026.,https://www.camara.cl/verDoc.aspx?prmID=18708&prmTIPO=INICIATIVA,https://www.camara.cl/legislacion/ProyectosDeLey/tramitacion.aspx?prmID=19161&prmBOLETIN=18478-13
18478-13,2026-07-21,46ª / 374,Primer trámite constitucional / C. Diputados,"Oficio N° 21405. Comunica a la Comisión del Trabajo y Seguridad Social el acuerdo de la Sala, en orden a remitir el proyecto de ley a la Comisión de Economía, Fomento; Micro, Pequeña y Mediana Empresa; Protección de los Consumidores y Turismo, con posterioridad a su despacho.",https://www.camara.cl/verDoc.aspx?prmID=36877&prmTIPO=OFICIOPLEY,https://www.camara.cl/legislacion/ProyectosDeLey/tramitacion.aspx?prmID=19161&prmBOLETIN=18478-13
18478-13,2026-07-21,,Primer trámite constitucional / C. Diputados,"Oficio N° 21406. Comunica a la Comisión de Economía, Fomento; Micro, Pequeña y Mediana Empresa; Protección de los Consumidores y Turismo, la asignación del proyecto de ley, una vez despachado por la Comisión del Trabajo y Segurdad Social.",https://www.camara.cl/verDoc.aspx?prmID=36878&prmTIPO=OFICIOPLEY,https://www.camara.cl/legislacion/ProyectosDeLey/tramitacion.aspx?prmID=19161&prmBOLETIN=18478-13
18478-13,2026-07-21,,Primer trámite constitucional / C. Diputados,Texto del Mensaje.,https://www.camara.cl/verDoc.aspx?prmID=36874&prmTIPO=OFICIOPLEY,https://www.camara.cl/legislacion/ProyectosDeLey/tramitacion.aspx?prmID=19161&prmBOLETIN=18478-13
18478-13,2026-08-31,61ª / 374,Primer trámite constitucional / C. Diputados,Cuenta del Mensaje 281-374 que retira y hace presente la urgencia Suma,,https://www.camara.cl/legislacion/ProyectosDeLey/tramitacion.aspx?prmID=19161&prmBOLETIN=18478-13
18479-07,2026-07-13,,Primer trámite constitucional / C. Diputados,Ingreso de proyecto,https://www.camara.cl/verDoc.aspx?prmID=18711&prmTIPO=INICIATIVA,https://www.camara.cl/legislacion/ProyectosDeLey/tramitacion.aspx?prmID=19164&prmBOLETIN=18479-07
18480-07,2026-07-13,,Primer trámite constitucional / C. Diputados,Ingreso de proyecto,https://www.camara.cl/verDoc.aspx?prmID=18717&prmTIPO=INICIATIVA,https://www.camara.cl/legislacion/ProyectosDeLey/tramitacion.aspx?prmID=19170&prmBOLETIN=18480-07
18481-07,2026-07-14,,Primer trámite constitucional / C. Diputados,Ingreso de proyecto,https://www.camara.cl/verDoc.aspx?prmID=18719&prmTIPO=INICIATIVA,https://www.camara.cl/legislacion/ProyectosDeLey/tramitacion.aspx?prmID=19172&prmBOLETIN=18481-07
18482-07,2026-07-14,,Primer trámite constitucional / C. Diputados,Ingreso de proyecto,https://www.camara.cl/verDoc.aspx?prmID=18713&prmTIPO=INICIATIVA,https://www.camara.cl/legislacion/ProyectosDeLey/tramitacion.aspx?prmID=19166&prmBOLETIN=18482-07
18483-01,2026-07-14,,Primer trámite constitucional / C. Diputados,Ingreso de proyecto,https://www.camara.cl/verDoc.aspx?prmID=18718&prmTIPO=INICIATIVA,https://www.camara.cl/legislacion/ProyectosDeLey/tramitacion.aspx?prmID=19171&prmBOLETIN=18483-01
18484-15,2026-07-14,,Primer trámite constitucional / C. Diputados,Ingreso de proyecto,https://www.camara.cl/verDoc.aspx?prmID=18714&prmTIPO=INICIATIVA,https://www.camara.cl/legislacion/ProyectosDeLey/tramitacion.aspx?prmID=19167&prmBOLETIN=18484-15
18485-07,2026-07-14,,Primer trámite constitucional / C. Diputados,Ingreso de proyecto,https://www.camara.cl/verDoc.aspx?prmID=18710&prmTIPO=INICIATIVA,https://www.camara.cl/legislacion/ProyectosDeLey/tramitacion.aspx?prmID=19163&prmBOLETIN=18485-07
18486-03,2026-07-14,,Primer trámite constitucional / C. Diputados,Ingreso de proyecto,https://www.camara.cl/verDoc.aspx?prmID=18716&prmTIPO=INICIATIVA,https://www.camara.cl/legislacion/ProyectosDeLey/tramitacion.aspx?prmID=19169&prmBOLETIN=18486-03
18487-12,2026-07-14,,Primer trámite constitucional / C. Diputados,Ingreso de proyecto,https://www.camara.cl/verDoc.aspx?prmID=18712&prmTIPO=INICIATIVA,https://www.camara.cl/legislacion/ProyectosDeLey/tramitacion.aspx?prmID=19165&prmBOLETIN=18487-12
18488-07,2026-07-21,,Primer trámite constitucional / Senado,Ingreso de proyecto,https://www.camara.cl/verDoc.aspx?prmID=18720&prmTIPO=INICIATIVA,https://www.camara.cl/legislacion/ProyectosDeLey/tramitacion.aspx?prmID=19173&prmBOLETIN=18488-07
18489-07,2026-07-21,,Primer trámite constitucional / Senado,Ingreso de proyecto,https://www.camara.cl/verDoc.aspx?prmID=18721&prmTIPO=INICIATIVA,https://www.camara.cl/legislacion/ProyectosDeLey/tramitacion.aspx?prmID=19174&prmBOLETIN=18489-07
18490-06,2026-07-15,,Primer trámite constitucional / C. Diputados,Ingreso de proyecto,https://www.camara.cl/verDoc.aspx?prmID=18715&prmTIPO=INICIATIVA,https://www.camara.cl/legislacion/ProyectosDeLey/tramitacion.aspx?prmID=19168&prmBOLETIN=18490-06
18491-03,2026-07-21,,Primer trámite constitucional / Senado,Ingreso de proyecto,https://www.camara.cl/verDoc.aspx?prmID=18722&prmTIPO=INICIATIVA,https://www.camara.cl/legislacion/ProyectosDeLey/tramitacion.aspx?prmID=19175&prmBOLETIN=18491-03
18492-13,2026-07-16,,Primer trámite constitucional / C. Diputados,Ingreso de proyecto,https://www.camara.cl/verDoc.aspx?prmID=18730&prmTIPO=INICIATIVA,https://www.camara.cl/legislacion/ProyectosDeLey/tramitacion.aspx?prmID=19183&prmBOLETIN=18492-13
18493-07,2026-07-17,,Primer trámite constitucional / C. Diputados,Ingreso de proyecto,https://www.camara.cl/verDoc.aspx?prmID=18729&prmTIPO=INICIATIVA,https://www.camara.cl/legislacion/ProyectosDeLey/tramitacion.aspx?prmID=19182&prmBOLETIN=18493-07
18494-06,2026-07-17,,Primer trámite constitucional / C. Diputados,Ingreso de proyecto,https://www.camara.cl/verDoc.aspx?prmID=18725&prmTIPO=INICIATIVA,https://www.camara.cl/legislacion/ProyectosDeLey/tramitacion.aspx?prmID=19178&prmBOLETIN=18494-06
18495-04,2026-07-20,,Primer trámite constitucional / C. Diputados,Ingreso de proyecto,https://www.camara.cl/verDoc.aspx?prmID=18723&prmTIPO=INICIATIVA,https://www.camara.cl/legislacion/ProyectosDeLey/tramitacion.aspx?prmID=19176&prmBOLETIN=18495-04
18496-06,2026-07-20,,Primer trámite constitucional / C. Diputados,Ingreso de proyecto,https://www.camara.cl/verDoc.aspx?prmID=18724&prmTIPO=INICIATIVA,https://www.camara.cl/legislacion/ProyectosDeLey/tramitacion.aspx?prmID=19177&prmBOLETIN=18496-06
18497-11,2026-07-20,,Primer trámite constitucional / C. Diputados,Ingreso de proyecto,https://www.camara.cl/verDoc.aspx?prmID=18728&prmTIPO=INICIATIVA,https://www.camara.cl/legislacion/ProyectosDeLey/tramitacion.aspx?prmID=19181&prmBOLETIN=18497-11
18498-19,2026-07-20,,Primer trámite constitucional / C. Diputados,Ingreso de proyecto,https://www.camara.cl/verDoc.aspx?prmID=18726&prmTIPO=INICIATIVA,https://www.camara.cl/legislacion/ProyectosDeLey/tramitacion.aspx?prmID=19179&prmBOLETIN=18498-19
18499-02,2026-07-20,,Primer trámite constitucional / C. Diputados,Ingreso de proyecto,https://www.camara.cl/verDoc.aspx?prmID=18731&prmTIPO=INICIATIVA,https://www.camara.cl/legislacion/ProyectosDeLey/tramitacion.aspx?prmID=19184&prmBOLETIN=18499-02
18500-13,2026-07-20,,Primer trámite constitucional / C. Diputados,Ingreso de proyecto,https://www.camara.cl/verDoc.aspx?prmID=18727&prmTIPO=INICIATIVA,https://www.camara.cl/legislacion/ProyectosDeLey/tramitacion.aspx?prmID=19180&prmBOLETIN=18500-13
18501-10,2026-07-27,,Primer trámite constitucional / C. Diputados,Ingreso de proyecto. Incluye IF N° 149/03.06.2026.,https://www.camara.cl/verDoc.aspx?prmID=18741&prmTIPO=INICIATIVA,https://www.camara.cl/legislacion/ProyectosDeLey/tramitacion.aspx?prmID=19194&prmBOLETIN=18501-10
18501-10,2026-07-27,,Primer trámite constitucional / C. Diputados,Texto del Mensaje.,https://www.camara.cl/verDoc.aspx?prmID=36924&prmTIPO=OFICIOPLEY,https://www.camara.cl/legislacion/ProyectosDeLey/tramitacion.aspx?prmID=19194&prmBOLETIN=18501-10
18502-07,2026-07-22,,Primer trámite constitucional / Senado,Ingreso de proyecto,https://www.camara.cl/verDoc.aspx?prmID=18732&prmTIPO=INICIATIVA,https://www.camara.cl/legislacion/ProyectosDeLey/tramitacion.aspx?prmID=19185&prmBOLETIN=18502-07
18503-13,2026-07-22,,Primer trámite constitucional / Senado,Ingreso de proyecto,https://www.camara.cl/verDoc.aspx?prmID=18733&prmTIPO=INICIATIVA,https://www.camara.cl/legislacion/ProyectosDeLey/tramitacion.aspx?prmID=19186&prmBOLETIN=18503-13
18504-09,2026-07-22,,Primer trámite constitucional / Senado,Ingreso de proyecto,https://www.camara.cl/verDoc.aspx?prmID=18734&prmTIPO=INICIATIVA,https://www.camara.cl/legislacion/ProyectosDeLey/tramitacion.aspx?prmID=19187&prmBOLETIN=18504-09
18505-06,2026-07-30,,Primer trámite constitucional / Senado,Ingreso de proyecto,https://www.camara.cl/verDoc.aspx?prmID=18735&prmTIPO=INICIATIVA,https://www.camara.cl/legislacion/ProyectosDeLey/tramitacion.aspx?prmID=19188&prmBOLETIN=18505-06
18506-07,2026-07-21,,Primer trámite constitucional / C. Diputados,Ingreso de proyecto,https://www.camara.cl/verDoc.aspx?prmID=18737&prmTIPO=INICIATIVA,https://www.camara.cl/legislacion/ProyectosDeLey/tramitacion.aspx?prmID=19190&prmBOLETIN=18506-07
18507-04,2026-07-21,,Primer trámite constitucional / C. Diputados,Ingreso de proyecto,https://www.camara.cl/verDoc.aspx?prmID=18736&prmTIPO=INICIATIVA,https://www.camara.cl/legislacion/ProyectosDeLey/tramitacion.aspx?prmID=19189&prmBOLETIN=18507-04
18507-04,2026-08-04,,Primer trámite constitucional / C. Diputados,"Oficio N° 21429. Comunica a la Comisión de Futuro, Ciencias, Tecnología, Conocimiento e Innovación el acuerdo de la Sala, en orden remiti a ésta el proyecto de ley, correspondiente al boletín N° 18.507-04, inicialmente asignado a la Comisión de Educación.",https://www.camara.cl/verDoc.aspx?prmID=36936&prmTIPO=OFICIOPLEY,https://www.camara.cl/legislacion/ProyectosDeLey/tramitacion.aspx?prmID=19189&prmBOLETIN=18507-04
18507-04,2026-08-13,,Primer trámite constitucional / C. Diputados,Eximido del trámite ante Comisión Derivado a Comisión de Ciencias y Tecnología,https://www.camara.cl/verDoc.aspx?prmID=28168&prmTIPO=INFORMEPLEY,https://www.camara.cl/legislacion/ProyectosDeLey/tramitacion.aspx?prmID=19189&prmBOLETIN=18507-04
18508-04,2026-07-21,,Primer trámite constitucional / C. Diputados,Ingreso de proyecto,https://www.camara.cl/verDoc.aspx?prmID=18740&prmTIPO=INICIATIVA,https://www.camara.cl/legislacion/ProyectosDeLey/tramitacion.aspx?prmID=19193&prmBOLETIN=18508-04
18509-35,2026-07-21,,Primer trámite constitucional / C. Diputados,Ingreso de proyecto,https://www.camara.cl/verDoc.aspx?prmID=18739&prmTIPO=INICIATIVA,https://www.camara.cl/legislacion/ProyectosDeLey/tramitacion.aspx?prmID=19192&prmBOLETIN=18509-35
18509-35,2026-08-03,,Primer trámite constitucional / C. Diputados,"Oficio N° 21431. Comunica a la Comisión de Personas Mayores y Discapacidad el acuerdo de la Sala, en orden a remitir el proyecto de ley a la Comisión de Obras Públicas, Transportes, con posterioridad a su despacho.",https://www.camara.cl/verDoc.aspx?prmID=36938&prmTIPO=OFICIOPLEY,https://www.camara.cl/legislacion/ProyectosDeLey/tramitacion.aspx?prmID=19192&prmBOLETIN=18509-35
18509-35,2026-08-03,,Primer trámite constitucional / C. Diputados,"Oficio N° 21432. Comunica a la Comisión de Obras Públicas, Transporte y Telecomunicaciones la asignación del proyecto de ley, una vez despachado por la Comisión de Personas Mayores.",https://www.camara.cl/verDoc.aspx?prmID=36969&prmTIPO=OFICIOPLEY,https://www.camara.cl/legislacion/ProyectosDeLey/tramitacion.aspx?prmID=19192&prmBOLETIN=18509-35
18510-07,2026-07-22,,Primer trámite constitucional / C. Diputados,Ingreso de proyecto,https://www.camara.cl/verDoc.aspx?prmID=18738&prmTIPO=INICIATIVA,https://www.camara.cl/legislacion/ProyectosDeLey/tramitacion.aspx?prmID=19191&prmBOLETIN=18510-07
18511-07,2026-07-22,,Primer trámite constitucional / C. Diputados,Ingreso de proyecto,https://www.camara.cl/verDoc.aspx?prmID=18746&prmTIPO=INICIATIVA,https://www.camara.cl/legislacion/ProyectosDeLey/tramitacion.aspx?prmID=19199&prmBOLETIN=18511-07
18511-07,2026-08-10,,Primer trámite constitucional / C. Diputados,"Oficio N°21.471. Comunica que la Cámara de Diputados dio su acuerdo a la solicitud de la Comisión de Personas Mayores y Discapacidad, para que se le remita el proyecto de ley en calidad de comisión técnica.",https://www.camara.cl/verDoc.aspx?prmID=36982&prmTIPO=OFICIOPLEY,https://www.camara.cl/legislacion/ProyectosDeLey/tramitacion.aspx?prmID=19199&prmBOLETIN=18511-07
18511-07,2026-08-11,,Primer trámite constitucional / C. Diputados,Eximido del trámite ante Comisión Derivado a Comisión de Personas Mayores y Discapacidad,https://www.camara.cl/verDoc.aspx?prmID=28149&prmTIPO=INFORMEPLEY,https://www.camara.cl/legislacion/ProyectosDeLey/tramitacion.aspx?prmID=19199&prmBOLETIN=18511-07
18512-03,2026-07-22,,Primer trámite constitucional / C. Diputados,Ingreso de proyecto,https://www.camara.cl/verDoc.aspx?prmID=18748&prmTIPO=INICIATIVA,https://www.camara.cl/legislacion/ProyectosDeLey/tramitacion.aspx?prmID=19201&prmBOLETIN=18512-03
18513-03,2026-07-23,,Primer trámite constitucional / C. Diputados,Ingreso de proyecto,https://www.camara.cl/verDoc.aspx?prmID=18743&prmTIPO=INICIATIVA,https://www.camara.cl/legislacion/ProyectosDeLey/tramitacion.aspx?prmID=19196&prmBOLETIN=18513-03
18514-07,2026-07-23,,Primer trámite constitucional / C. Diputados,Ingreso de proyecto,https://www.camara.cl/verDoc.aspx?prmID=18744&prmTIPO=INICIATIVA,https://www.camara.cl/legislacion/ProyectosDeLey/tramitacion.aspx?prmID=19197&prmBOLETIN=18514-07
18514-07,2026-08-04,,Primer trámite constitucional / C. Diputados,"Oficio N° 21436. Remite a la Comisión de Seguridad Ciudadana el proyecto de ley asignado incialmente a la Comisión de Constitución, Legislación, Justicia y Reglamento.",https://www.camara.cl/verDoc.aspx?prmID=36970&prmTIPO=OFICIOPLEY,https://www.camara.cl/legislacion/ProyectosDeLey/tramitacion.aspx?prmID=19197&prmBOLETIN=18514-07
18515-08,2026-07-24,,Primer trámite constitucional / C. Diputados,Ingreso de proyecto,https://www.camara.cl/verDoc.aspx?prmID=18747&prmTIPO=INICIATIVA,https://www.camara.cl/legislacion/ProyectosDeLey/tramitacion.aspx?prmID=19200&prmBOLETIN=18515-08
18516-18,2026-07-24,,Primer trámite constitucional / C. Diputados,Ingreso de proyecto,https://www.camara.cl/verDoc.aspx?prmID=18742&prmTIPO=INICIATIVA,https://www.camara.cl/legislacion/ProyectosDeLey/tramitacion.aspx?prmID=19195&prmBOLETIN=18516-18
18517-15,2026-07-26,,Primer trámite constitucional / C. Diputados,Ingreso de proyecto,https://www.camara.cl/verDoc.aspx?prmID=18745&prmTIPO=INICIATIVA,https://www.camara.cl/legislacion/ProyectosDeLey/tramitacion.aspx?prmID=19198&prmBOLETIN=18517-15
18518-06,2026-07-27,,Primer trámite constitucional / C. Diputados,Ingreso de proyecto,https://www.camara.cl/verDoc.aspx?prmID=18760&prmTIPO=INICIATIVA,https://www.camara.cl/legislacion/ProyectosDeLey/tramitacion.aspx?prmID=19213&prmBOLETIN=18518-06
18519-13,2026-07-27,,Primer trámite constitucional / C. Diputados,Ingreso de proyecto,https://www.camara.cl/verDoc.aspx?prmID=18759&prmTIPO=INICIATIVA,https://www.camara.cl/legislacion/ProyectosDeLey/tramitacion.aspx?prmID=19212&prmBOLETIN=18519-13
18520-07,2026-07-27,,Primer trámite constitucional / C. Diputados,Ingreso de proyecto,https://www.camara.cl/verDoc.aspx?prmID=18758&prmTIPO=INICIATIVA,https://www.camara.cl/legislacion/ProyectosDeLey/tramitacion.aspx?prmID=19211&prmBOLETIN=18520-07
18521-07,2026-08-03,,Primer trámite constitucional / C. Diputados,Ingreso de proyecto,https://www.camara.cl/verDoc.aspx?prmID=18749&prmTIPO=INICIATIVA,https://www.camara.cl/legislacion/ProyectosDeLey/tramitacion.aspx?prmID=19202&prmBOLETIN=18521-07
18521-07,2026-08-03,,Primer trámite constitucional / C. Diputados,Texto del Mensaje.,https://www.camara.cl/verDoc.aspx?prmID=36935&prmTIPO=OFICIOPLEY,https://www.camara.cl/legislacion/ProyectosDeLey/tramitacion.aspx?prmID=19202&prmBOLETIN=18521-07
18521-07,2026-08-17,,Primer trámite constitucional / C. Diputados,"Oficio N°21.502. Solicita el parecer del Presidente de la República para refundir el proyecto de reforma constitucional, iniciado en mensaje correspondiente al boletín N° 18.521-07, con los proyectos de reforma constitucional, iniciados en mociones, correspondientes a los boletines Nos 18.562-07 y 18.566-07.",https://www.camara.cl/verDoc.aspx?prmID=37047&prmTIPO=OFICIOPLEY,https://www.camara.cl/legislacion/ProyectosDeLey/tramitacion.aspx?prmID=19202&prmBOLETIN=18521-07
18521-07,2026-08-31,61ª / 374,Primer trámite constitucional / C. Diputados,Cuenta del Mensaje 281-374 que retira y hace presente la urgencia Suma,,https://www.camara.cl/legislacion/ProyectosDeLey/tramitacion.aspx?prmID=19202&prmBOLETIN=18521-07
18522-10,2026-08-03,,Primer trámite constitucional / C. Diputados,Ingreso de proyecto. Incluye IF N° 178/24.07.2026.,https://www.camara.cl/verDoc.aspx?prmID=18750&prmTIPO=INICIATIVA,https://www.camara.cl/legislacion/ProyectosDeLey/tramitacion.aspx?prmID=19203&prmBOLETIN=18522-10
18522-10,2026-08-03,,Primer trámite constitucional / C. Diputados,Texto del Mensaje.,https://www.camara.cl/verDoc.aspx?prmID=36937&prmTIPO=OFICIOPLEY,https://www.camara.cl/legislacion/ProyectosDeLey/tramitacion.aspx?prmID=19203&prmBOLETIN=18522-10
18522-10,2026-08-11,,Primer trámite constitucional / C. Diputados,Primer informe de comisión,https://www.camara.cl/verDoc.aspx?prmID=28177&prmTIPO=INFORMEPLEY,https://www.camara.cl/legislacion/ProyectosDeLey/tramitacion.aspx?prmID=19203&prmBOLETIN=18522-10
18523-16,2026-08-04,,Primer trámite constitucional / C. Diputados,Ingreso de proyecto,https://www.camara.cl/verDoc.aspx?prmID=18762&prmTIPO=INICIATIVA,https://www.camara.cl/legislacion/ProyectosDeLey/tramitacion.aspx?prmID=19215&prmBOLETIN=18523-16
18524-05,2026-08-04,,Primer trámite constitucional / C. Diputados,Ingreso de proyecto. Incluye IF N° 185/04.08.2026.,https://www.camara.cl/verDoc.aspx?prmID=18751&prmTIPO=INICIATIVA,https://www.camara.cl/legislacion/ProyectosDeLey/tramitacion.aspx?prmID=19204&prmBOLETIN=18524-05
18524-05,2026-08-04,,Primer trámite constitucional / C. Diputados,Texto del Mensaje.,https://www.camara.cl/verDoc.aspx?prmID=36939&prmTIPO=OFICIOPLEY,https://www.camara.cl/legislacion/ProyectosDeLey/tramitacion.aspx?prmID=19204&prmBOLETIN=18524-05
18524-05,2026-08-05,,Primer trámite constitucional / C. Diputados,Oficio de ley a Cámara Revisora,https://www.camara.cl/verDoc.aspx?prmID=36959&prmTIPO=OFICIOPLEY,https://www.camara.cl/legislacion/ProyectosDeLey/tramitacion.aspx?prmID=19204&prmBOLETIN=18524-05
18524-05,2026-08-05,,Primer trámite constitucional / C. Diputados,Primer informe de comisión,https://www.camara.cl/verDoc.aspx?prmID=28132&prmTIPO=INFORMEPLEY,https://www.camara.cl/legislacion/ProyectosDeLey/tramitacion.aspx?prmID=19204&prmBOLETIN=18524-05
18524-05,2026-08-10,,Segundo trámite constitucional / Senado,Primer informe de comisión,https://www.camara.cl/verDoc.aspx?prmID=28142&prmTIPO=INFORMEPLEY,https://www.camara.cl/legislacion/ProyectosDeLey/tramitacion.aspx?prmID=19204&prmBOLETIN=18524-05
18524-05,2026-08-11,49ª / 374,Segundo trámite constitucional / Senado,Cuenta del Mensaje 258-374 que retira y hace presente la urgencia Discusión inmediata,https://www.camara.cl/verDoc.aspx?prmID=81061&prmTIPO=BOLETINOFICIAL,https://www.camara.cl/legislacion/ProyectosDeLey/tramitacion.aspx?prmID=19204&prmBOLETIN=18524-05
18524-05,2026-08-11,49ª / 374,Segundo trámite constitucional / Senado,Discusión general,https://www.camara.cl/verDoc.aspx?prmID=81061&prmTIPO=BOLETINOFICIAL,https://www.camara.cl/legislacion/ProyectosDeLey/tramitacion.aspx?prmID=19204&prmBOLETIN=18524-05
18524-05,2026-08-11,,Segundo trámite constitucional / Senado,Oficio aprobación sin modificaciones a Cámara de Origen,https://www.camara.cl/verDoc.aspx?prmID=37001&prmTIPO=OFICIOPLEY,https://www.camara.cl/legislacion/ProyectosDeLey/tramitacion.aspx?prmID=19204&prmBOLETIN=18524-05
18524-05,2026-08-11,,Trámite finalización en Cámara de Origen / C. Diputados,Oficio de ley al Ejecutivo,https://www.camara.cl/verDoc.aspx?prmID=37008&prmTIPO=OFICIOPLEY,https://www.camara.cl/legislacion/ProyectosDeLey/tramitacion.aspx?prmID=19204&prmBOLETIN=18524-05
18525-06,2026-08-04,,Primer trámite constitucional / C. Diputados,Ingreso de proyecto. Incluye IF N° 187/04.08.2026.,https://www.camara.cl/verDoc.aspx?prmID=18752&prmTIPO=INICIATIVA,https://www.camara.cl/legislacion/ProyectosDeLey/tramitacion.aspx?prmID=19205&prmBOLETIN=18525-06
18525-06,2026-08-04,,Primer trámite constitucional / C. Diputados,Texto del Mensaje.,https://www.camara.cl/verDoc.aspx?prmID=36940&prmTIPO=OFICIOPLEY,https://www.camara.cl/legislacion/ProyectosDeLey/tramitacion.aspx?prmID=19205&prmBOLETIN=18525-06
18525-06,2026-08-11,,Primer trámite constitucional / C. Diputados,S.E. el Presidente de la República formula indicación al proyecto. (136-374). Incluye informe financiero complementario N° 195/11.08.2026.,https://www.camara.cl/verDoc.aspx?prmID=36994&prmTIPO=OFICIOPLEY,https://www.camara.cl/legislacion/ProyectosDeLey/tramitacion.aspx?prmID=19205&prmBOLETIN=18525-06
18525-06,2026-08-17,,Primer trámite constitucional / C. Diputados,Primer informe de comisión,https://www.camara.cl/verDoc.aspx?prmID=28173&prmTIPO=INFORMEPLEY,https://www.camara.cl/legislacion/ProyectosDeLey/tramitacion.aspx?prmID=19205&prmBOLETIN=18525-06
18525-06,2026-08-18,,Primer trámite constitucional / C. Diputados,Oficio de ley a Cámara Revisora,https://www.camara.cl/verDoc.aspx?prmID=37036&prmTIPO=OFICIOPLEY,https://www.camara.cl/legislacion/ProyectosDeLey/tramitacion.aspx?prmID=19205&prmBOLETIN=18525-06
18525-06,2026-09-01,53ª / 374,Segundo trámite constitucional / Senado,Cuenta del Mensaje 286-374 que retira y hace presente la urgencia Discusión inmediata,,https://www.camara.cl/legislacion/ProyectosDeLey/tramitacion.aspx?prmID=19205&prmBOLETIN=18525-06
18526-07,2026-07-30,,Primer trámite constitucional / Senado,Ingreso de proyecto,https://www.camara.cl/verDoc.aspx?prmID=18753&prmTIPO=INICIATIVA,https://www.camara.cl/legislacion/ProyectosDeLey/tramitacion.aspx?prmID=19206&prmBOLETIN=18526-07
18527-04,2026-07-29,,Primer trámite constitucional / C. Diputados,Ingreso de proyecto,https://www.camara.cl/verDoc.aspx?prmID=18757&prmTIPO=INICIATIVA,https://www.camara.cl/legislacion/ProyectosDeLey/tramitacion.aspx?prmID=19210&prmBOLETIN=18527-04
18528-01,2026-07-29,,Primer trámite constitucional / C. Diputados,Ingreso de proyecto,https://www.camara.cl/verDoc.aspx?prmID=18755&prmTIPO=INICIATIVA,https://www.camara.cl/legislacion/ProyectosDeLey/tramitacion.aspx?prmID=19208&prmBOLETIN=18528-01
18529-14,2026-07-15,,Primer trámite constitucional / Senado,Ingreso de proyecto,https://www.camara.cl/verDoc.aspx?prmID=18754&prmTIPO=INICIATIVA,https://www.camara.cl/legislacion/ProyectosDeLey/tramitacion.aspx?prmID=19207&prmBOLETIN=18529-14
18530-02,2026-07-29,,Primer trámite constitucional / C. Diputados,Ingreso de proyecto,https://www.camara.cl/verDoc.aspx?prmID=18756&prmTIPO=INICIATIVA,https://www.camara.cl/legislacion/ProyectosDeLey/tramitacion.aspx?prmID=19209&prmBOLETIN=18530-02
18531-03,2026-07-28,,Primer trámite constitucional / C. Diputados,Ingreso de proyecto,https://www.camara.cl/verDoc.aspx?prmID=18761&prmTIPO=INICIATIVA,https://www.camara.cl/legislacion/ProyectosDeLey/tramitacion.aspx?prmID=19214&prmBOLETIN=18531-03
18531-03,2026-08-06,,Primer trámite constitucional / C. Diputados,"Oficio N° 21459. Comunica a la Comisión de Economía el acuerdo de la Sala, en orden a remitir el proyecto de ley a la Comisión de Defensa, con posterioridad a su despacho.",https://www.camara.cl/verDoc.aspx?prmID=36972&prmTIPO=OFICIOPLEY,https://www.camara.cl/legislacion/ProyectosDeLey/tramitacion.aspx?prmID=19214&prmBOLETIN=18531-03
18531-03,2026-08-06,,Primer trámite constitucional / C. Diputados,"Oficio N° 21460. Comunica a la Comisión de Defensa Nacional el acuerdo de la Sala, por el cual le asigna el proyecto de ley, una vez que sea despachado por la Comisión de Economía.",https://www.camara.cl/verDoc.aspx?prmID=36973&prmTIPO=OFICIOPLEY,https://www.camara.cl/legislacion/ProyectosDeLey/tramitacion.aspx?prmID=19214&prmBOLETIN=18531-03
18532-06,2026-07-29,,Primer trámite constitucional / C. Diputados,Ingreso de proyecto,https://www.camara.cl/verDoc.aspx?prmID=18770&prmTIPO=INICIATIVA,https://www.camara.cl/legislacion/ProyectosDeLey/tramitacion.aspx?prmID=19223&prmBOLETIN=18532-06
18532-06,2026-08-20,,Primer trámite constitucional / C. Diputados,Primer informe de comisión,https://www.camara.cl/verDoc.aspx?prmID=28192&prmTIPO=INFORMEPLEY,https://www.camara.cl/legislacion/ProyectosDeLey/tramitacion.aspx?prmID=19223&prmBOLETIN=18532-06
18533-07,2026-07-29,,Primer trámite constitucional / C. Diputados,Ingreso de proyecto,https://www.camara.cl/verDoc.aspx?prmID=18769&prmTIPO=INICIATIVA,https://www.camara.cl/legislacion/ProyectosDeLey/tramitacion.aspx?prmID=19222&prmBOLETIN=18533-07
18534-13,2026-07-30,,Primer trámite constitucional / C. Diputados,Ingreso de proyecto,https://www.camara.cl/verDoc.aspx?prmID=18765&prmTIPO=INICIATIVA,https://www.camara.cl/legislacion/ProyectosDeLey/tramitacion.aspx?prmID=19218&prmBOLETIN=18534-13
18535-07,2026-07-30,,Primer trámite constitucional / C. Diputados,Ingreso de proyecto,https://www.camara.cl/verDoc.aspx?prmID=18764&prmTIPO=INICIATIVA,https://www.camara.cl/legislacion/ProyectosDeLey/tramitacion.aspx?prmID=19217&prmBOLETIN=18535-07
18536-07,2026-07-31,,Primer trámite constitucional / C. Diputados,Ingreso de proyecto,https://www.camara.cl/verDoc.aspx?prmID=18771&prmTIPO=INICIATIVA,https://www.camara.cl/legislacion/ProyectosDeLey/tramitacion.aspx?prmID=19224&prmBOLETIN=18536-07
18537-06,2026-07-31,,Primer trámite constitucional / C. Diputados,Ingreso de proyecto,https://www.camara.cl/verDoc.aspx?prmID=18768&prmTIPO=INICIATIVA,https://www.camara.cl/legislacion/ProyectosDeLey/tramitacion.aspx?prmID=19221&prmBOLETIN=18537-06
18538-07,2026-07-22,,Primer trámite constitucional / Senado,Ingreso de proyecto,https://www.camara.cl/verDoc.aspx?prmID=18773&prmTIPO=INICIATIVA,https://www.camara.cl/legislacion/ProyectosDeLey/tramitacion.aspx?prmID=19226&prmBOLETIN=18538-07
18538-07,2026-08-05,,Primer trámite constitucional / Senado,Oficio N°256 a la Corte Suprema,https://www.camara.cl/verDoc.aspx?prmID=36962&prmTIPO=OFICIOPLEY,https://www.camara.cl/legislacion/ProyectosDeLey/tramitacion.aspx?prmID=19226&prmBOLETIN=18538-07
18539-21,2026-08-04,,Primer trámite constitucional / Senado,Ingreso de proyecto,https://www.camara.cl/verDoc.aspx?prmID=18775&prmTIPO=INICIATIVA,https://www.camara.cl/legislacion/ProyectosDeLey/tramitacion.aspx?prmID=19228&prmBOLETIN=18539-21
18540-06,2026-08-03,,Primer trámite constitucional / C. Diputados,Ingreso de proyecto,https://www.camara.cl/verDoc.aspx?prmID=18763&prmTIPO=INICIATIVA,https://www.camara.cl/legislacion/ProyectosDeLey/tramitacion.aspx?prmID=19216&prmBOLETIN=18540-06
18541-06,2026-08-04,,Primer trámite constitucional / C. Diputados,Ingreso de proyecto,https://www.camara.cl/verDoc.aspx?prmID=18766&prmTIPO=INICIATIVA,https://www.camara.cl/legislacion/ProyectosDeLey/tramitacion.aspx?prmID=19219&prmBOLETIN=18541-06
18541-06,2026-08-06,,Primer trámite constitucional / C. Diputados,Eximido del trámite ante Comisión Derivado a Comisión de Seguridad Ciudadana,https://www.camara.cl/verDoc.aspx?prmID=28170&prmTIPO=INFORMEPLEY,https://www.camara.cl/legislacion/ProyectosDeLey/tramitacion.aspx?prmID=19219&prmBOLETIN=18541-06
18541-06,2026-08-06,,Primer trámite constitucional / C. Diputados,"Oficio N°21.466. Comunica que los Comités Parlamentarios acordaron remitir el proyecto de ley a la Comisión de Seguridad Ciudadana, en calidad de comisión técnica.",https://www.camara.cl/verDoc.aspx?prmID=36974&prmTIPO=OFICIOPLEY,https://www.camara.cl/legislacion/ProyectosDeLey/tramitacion.aspx?prmID=19219&prmBOLETIN=18541-06
18541-06,2026-08-17,,Primer trámite constitucional / C. Diputados,Eximido del trámite ante Comisión Derivado a Comisión de Seguridad Ciudadana,https://www.camara.cl/verDoc.aspx?prmID=28175&prmTIPO=INFORMEPLEY,https://www.camara.cl/legislacion/ProyectosDeLey/tramitacion.aspx?prmID=19219&prmBOLETIN=18541-06
18542-29,2026-08-04,,Primer trámite constitucional / C. Diputados,Ingreso de proyecto,https://www.camara.cl/verDoc.aspx?prmID=18772&prmTIPO=INICIATIVA,https://www.camara.cl/legislacion/ProyectosDeLey/tramitacion.aspx?prmID=19225&prmBOLETIN=18542-29
18543-35,2026-08-04,,Primer trámite constitucional / C. Diputados,Ingreso de proyecto,https://www.camara.cl/verDoc.aspx?prmID=18767&prmTIPO=INICIATIVA,https://www.camara.cl/legislacion/ProyectosDeLey/tramitacion.aspx?prmID=19220&prmBOLETIN=18543-35
18544-06,2026-08-04,,Primer trámite constitucional / C. Diputados,Ingreso de proyecto,https://www.camara.cl/verDoc.aspx?prmID=18791&prmTIPO=INICIATIVA,https://www.camara.cl/legislacion/ProyectosDeLey/tramitacion.aspx?prmID=19244&prmBOLETIN=18544-06
18544-06,2026-08-18,59ª / 374,Primer trámite constitucional / C. Diputados,Cuenta del Mensaje 272-374 que hace presente la urgencia Simple,,https://www.camara.cl/legislacion/ProyectosDeLey/tramitacion.aspx?prmID=19244&prmBOLETIN=18544-06
18545-07,2026-08-04,,Primer trámite constitucional / C. Diputados,Ingreso de proyecto,https://www.camara.cl/verDoc.aspx?prmID=18790&prmTIPO=INICIATIVA,https://www.camara.cl/legislacion/ProyectosDeLey/tramitacion.aspx?prmID=19243&prmBOLETIN=18545-07
18546-34,2026-08-04,,Primer trámite constitucional / Senado,Ingreso de proyecto,https://www.camara.cl/verDoc.aspx?prmID=18776&prmTIPO=INICIATIVA,https://www.camara.cl/legislacion/ProyectosDeLey/tramitacion.aspx?prmID=19229&prmBOLETIN=18546-34
18546-34,2026-08-05,,Primer trámite constitucional / Senado,Oficio N° a la Corte Suprema,https://www.camara.cl/verDoc.aspx?prmID=36963&prmTIPO=OFICIOPLEY,https://www.camara.cl/legislacion/ProyectosDeLey/tramitacion.aspx?prmID=19229&prmBOLETIN=18546-34
18546-34,2026-08-05,,Primer trámite constitucional / Senado,Oficio N°257 a la Corte Suprema,https://www.camara.cl/verDoc.aspx?prmID=36966&prmTIPO=OFICIOPLEY,https://www.camara.cl/legislacion/ProyectosDeLey/tramitacion.aspx?prmID=19229&prmBOLETIN=18546-34
18547-35,2026-08-04,,Primer trámite constitucional / Senado,Ingreso de proyecto,https://www.camara.cl/verDoc.aspx?prmID=18779&prmTIPO=INICIATIVA,https://www.camara.cl/legislacion/ProyectosDeLey/tramitacion.aspx?prmID=19232&prmBOLETIN=18547-35
18548-11,2026-08-04,,Primer trámite constitucional / Senado,Ingreso de proyecto,https://www.camara.cl/verDoc.aspx?prmID=18777&prmTIPO=INICIATIVA,https://www.camara.cl/legislacion/ProyectosDeLey/tramitacion.aspx?prmID=19230&prmBOLETIN=18548-11
18549-15,2026-08-04,,Primer trámite constitucional / Senado,Ingreso de proyecto,https://www.camara.cl/verDoc.aspx?prmID=18778&prmTIPO=INICIATIVA,https://www.camara.cl/legislacion/ProyectosDeLey/tramitacion.aspx?prmID=19231&prmBOLETIN=18549-15
18550-36,2026-08-04,,Primer trámite constitucional / Senado,Ingreso de proyecto,https://www.camara.cl/verDoc.aspx?prmID=18780&prmTIPO=INICIATIVA,https://www.camara.cl/legislacion/ProyectosDeLey/tramitacion.aspx?prmID=19233&prmBOLETIN=18550-36
18551-04,2026-08-05,,Primer trámite constitucional / Senado,Ingreso de proyecto,https://www.camara.cl/verDoc.aspx?prmID=18774&prmTIPO=INICIATIVA,https://www.camara.cl/legislacion/ProyectosDeLey/tramitacion.aspx?prmID=19227&prmBOLETIN=18551-04
18551-04,2026-08-05,,Primer trámite constitucional / Senado,Oficio N° I.F. 188. Informe Financiero,https://www.camara.cl/verDoc.aspx?prmID=36975&prmTIPO=OFICIOPLEY,https://www.camara.cl/legislacion/ProyectosDeLey/tramitacion.aspx?prmID=19227&prmBOLETIN=18551-04
18551-04,2026-09-01,53ª / 374,Primer trámite constitucional / Senado,Cuenta del Mensaje 286-374 que retira y hace presente la urgencia Discusión inmediata,,https://www.camara.cl/legislacion/ProyectosDeLey/tramitacion.aspx?prmID=19227&prmBOLETIN=18551-04
18552-07,2026-08-04,,Primer trámite constitucional / Senado,Ingreso de proyecto,https://www.camara.cl/verDoc.aspx?prmID=18781&prmTIPO=INICIATIVA,https://www.camara.cl/legislacion/ProyectosDeLey/tramitacion.aspx?prmID=19234&prmBOLETIN=18552-07
18553-11,2026-08-05,,Primer trámite constitucional / Senado,Ingreso de proyecto,https://www.camara.cl/verDoc.aspx?prmID=18782&prmTIPO=INICIATIVA,https://www.camara.cl/legislacion/ProyectosDeLey/tramitacion.aspx?prmID=19235&prmBOLETIN=18553-11
18554-36,2026-08-05,,Primer trámite constitucional / Senado,Ingreso de proyecto,https://www.camara.cl/verDoc.aspx?prmID=18783&prmTIPO=INICIATIVA,https://www.camara.cl/legislacion/ProyectosDeLey/tramitacion.aspx?prmID=19236&prmBOLETIN=18554-36
18554-36,2026-08-11,,Primer trámite constitucional / Senado,Oficio N° a la Corte Suprema,https://www.camara.cl/verDoc.aspx?prmID=36998&prmTIPO=OFICIOPLEY,https://www.camara.cl/legislacion/ProyectosDeLey/tramitacion.aspx?prmID=19236&prmBOLETIN=18554-36
18554-36,2026-08-11,,Primer trámite constitucional / Senado,Oficio N°260-26 a la Corte Suprema,https://www.camara.cl/verDoc.aspx?prmID=36999&prmTIPO=OFICIOPLEY,https://www.camara.cl/legislacion/ProyectosDeLey/tramitacion.aspx?prmID=19236&prmBOLETIN=18554-36
18555-17,2026-08-05,,Primer trámite constitucional / Senado,Ingreso de proyecto,https://www.camara.cl/verDoc.aspx?prmID=18784&prmTIPO=INICIATIVA,https://www.camara.cl/legislacion/ProyectosDeLey/tramitacion.aspx?prmID=19237&prmBOLETIN=18555-17
18556-13,2026-08-05,,Primer trámite constitucional / Senado,Ingreso de proyecto,https://www.camara.cl/verDoc.aspx?prmID=18785&prmTIPO=INICIATIVA,https://www.camara.cl/legislacion/ProyectosDeLey/tramitacion.aspx?prmID=19238&prmBOLETIN=18556-13
18557-03,2026-08-05,,Primer trámite constitucional / Senado,Ingreso de proyecto,https://www.camara.cl/verDoc.aspx?prmID=18786&prmTIPO=INICIATIVA,https://www.camara.cl/legislacion/ProyectosDeLey/tramitacion.aspx?prmID=19239&prmBOLETIN=18557-03
18558-25,2026-08-10,,Primer trámite constitucional / Senado,Ingreso de proyecto,https://www.camara.cl/verDoc.aspx?prmID=18788&prmTIPO=INICIATIVA,https://www.camara.cl/legislacion/ProyectosDeLey/tramitacion.aspx?prmID=19241&prmBOLETIN=18558-25
18559-37,2026-08-10,,Primer trámite constitucional / Senado,Ingreso de proyecto,https://www.camara.cl/verDoc.aspx?prmID=18796&prmTIPO=INICIATIVA,https://www.camara.cl/legislacion/ProyectosDeLey/tramitacion.aspx?prmID=19249&prmBOLETIN=18559-37
18560-35,2026-08-11,,Primer trámite constitucional / Senado,Ingreso de proyecto,https://www.camara.cl/verDoc.aspx?prmID=18797&prmTIPO=INICIATIVA,https://www.camara.cl/legislacion/ProyectosDeLey/tramitacion.aspx?prmID=19250&prmBOLETIN=18560-35
18561-36,2026-08-10,,Primer trámite constitucional / Senado,Ingreso de proyecto,https://www.camara.cl/verDoc.aspx?prmID=18787&prmTIPO=INICIATIVA,https://www.camara.cl/legislacion/ProyectosDeLey/tramitacion.aspx?prmID=19240&prmBOLETIN=18561-36
18562-07,2026-08-05,,Primer trámite constitucional / C. Diputados,Ingreso de proyecto,https://www.camara.cl/verDoc.aspx?prmID=18795&prmTIPO=INICIATIVA,https://www.camara.cl/legislacion/ProyectosDeLey/tramitacion.aspx?prmID=19248&prmBOLETIN=18562-07
18562-07,2026-08-17,,Primer trámite constitucional / C. Diputados,"Oficio N°21.205. Solicita el parecer del Presidente de la República para refundir el proyecto de reforma constitucional, iniciado en mensaje correspondiente al boletín N° 18.521-07, con los proyectos de reforma constitucional, iniciados en mociones, correspondientes a los boletines Nos 18.562-07 y 18.566-07.",https://www.camara.cl/verDoc.aspx?prmID=37047&prmTIPO=OFICIOPLEY,https://www.camara.cl/legislacion/ProyectosDeLey/tramitacion.aspx?prmID=19248&prmBOLETIN=18562-07
18562-07,2026-08-31,61ª / 374,Primer trámite constitucional / C. Diputados,Cuenta del Mensaje 281-374 que retira y hace presente la urgencia Suma,,https://www.camara.cl/legislacion/ProyectosDeLey/tramitacion.aspx?prmID=19248&prmBOLETIN=18562-07
18563-07,2026-08-05,,Primer trámite constitucional / C. Diputados,Ingreso de proyecto,https://www.camara.cl/verDoc.aspx?prmID=18793&prmTIPO=INICIATIVA,https://www.camara.cl/legislacion/ProyectosDeLey/tramitacion.aspx?prmID=19246&prmBOLETIN=18563-07
18564-07,2026-08-05,,Primer trámite constitucional / C. Diputados,Ingreso de proyecto,https://www.camara.cl/verDoc.aspx?prmID=18789&prmTIPO=INICIATIVA,https://www.camara.cl/legislacion/ProyectosDeLey/tramitacion.aspx?prmID=19242&prmBOLETIN=18564-07
18565-03,2026-08-05,,Primer trámite constitucional / C. Diputados,Ingreso de proyecto,https://www.camara.cl/verDoc.aspx?prmID=18794&prmTIPO=INICIATIVA,https://www.camara.cl/legislacion/ProyectosDeLey/tramitacion.aspx?prmID=19247&prmBOLETIN=18565-03
18565-03,2026-08-19,,Primer trámite constitucional / C. Diputados,"Oficio N° 21.475. Remite a la Comisión de Economía, Fomento; Micro, Pequeña y Mediana Empresa; Protección de los Consumidores y Turismo, el proyecto de ley, inicialmente asignado a la Comisión de Constitución, Legislación, Justicia y Reglamento.",https://www.camara.cl/verDoc.aspx?prmID=37096&prmTIPO=OFICIOPLEY,https://www.camara.cl/legislacion/ProyectosDeLey/tramitacion.aspx?prmID=19247&prmBOLETIN=18565-03
18566-07,2026-08-05,,Primer trámite constitucional / C. Diputados,Ingreso de proyecto,https://www.camara.cl/verDoc.aspx?prmID=18792&prmTIPO=INICIATIVA,https://www.camara.cl/legislacion/ProyectosDeLey/tramitacion.aspx?prmID=19245&prmBOLETIN=18566-07
18566-07,2026-08-17,,Primer trámite constitucional / C. Diputados,"Oficio N°21.205. Solicita el parecer del Presidente de la República para refundir el proyecto de reforma constitucional, iniciado en mensaje correspondiente al boletín N° 18.521-07, con los proyectos de reforma constitucional, iniciados en mociones, correspondientes a los boletines Nos 18.562-07 y 18.566-07.",https://www.camara.cl/verDoc.aspx?prmID=37047&prmTIPO=OFICIOPLEY,https://www.camara.cl/legislacion/ProyectosDeLey/tramitacion.aspx?prmID=19245&prmBOLETIN=18566-07
18566-07,2026-08-31,61ª / 374,Primer trámite constitucional / C. Diputados,Cuenta del Mensaje 281-374 que retira y hace presente la urgencia Suma,,https://www.camara.cl/legislacion/ProyectosDeLey/tramitacion.aspx?prmID=19245&prmBOLETIN=18566-07
18567-07,2026-08-06,,Primer trámite constitucional / C. Diputados,Ingreso de proyecto,https://www.camara.cl/verDoc.aspx?prmID=18799&prmTIPO=INICIATIVA,https://www.camara.cl/legislacion/ProyectosDeLey/tramitacion.aspx?prmID=19252&prmBOLETIN=18567-07
18568-07,2026-08-06,,Primer trámite constitucional / C. Diputados,Ingreso de proyecto,https://www.camara.cl/verDoc.aspx?prmID=18800&prmTIPO=INICIATIVA,https://www.camara.cl/legislacion/ProyectosDeLey/tramitacion.aspx?prmID=19253&prmBOLETIN=18568-07
18569-06,2026-08-06,,Primer trámite constitucional / C. Diputados,Ingreso de proyecto,https://www.camara.cl/verDoc.aspx?prmID=18801&prmTIPO=INICIATIVA,https://www.camara.cl/legislacion/ProyectosDeLey/tramitacion.aspx?prmID=19254&prmBOLETIN=18569-06
18570-07,2026-08-06,,Primer trámite constitucional / C. Diputados,Ingreso de proyecto,https://www.camara.cl/verDoc.aspx?prmID=18798&prmTIPO=INICIATIVA,https://www.camara.cl/legislacion/ProyectosDeLey/tramitacion.aspx?prmID=19251&prmBOLETIN=18570-07
18571-08,2026-08-11,,Primer trámite constitucional / Senado,Ingreso de proyecto,https://www.camara.cl/verDoc.aspx?prmID=18802&prmTIPO=INICIATIVA,https://www.camara.cl/legislacion/ProyectosDeLey/tramitacion.aspx?prmID=19255&prmBOLETIN=18571-08
18572-07,2026-08-11,,Primer trámite constitucional / Senado,Ingreso de proyecto,https://www.camara.cl/verDoc.aspx?prmID=18803&prmTIPO=INICIATIVA,https://www.camara.cl/legislacion/ProyectosDeLey/tramitacion.aspx?prmID=19256&prmBOLETIN=18572-07
18573-25,2026-08-07,,Primer trámite constitucional / C. Diputados,Ingreso de proyecto,https://www.camara.cl/verDoc.aspx?prmID=18804&prmTIPO=INICIATIVA,https://www.camara.cl/legislacion/ProyectosDeLey/tramitacion.aspx?prmID=19257&prmBOLETIN=18573-25
18574-25,2026-08-07,,Primer trámite constitucional / C. Diputados,Ingreso de proyecto,https://www.camara.cl/verDoc.aspx?prmID=18805&prmTIPO=INICIATIVA,https://www.camara.cl/legislacion/ProyectosDeLey/tramitacion.aspx?prmID=19258&prmBOLETIN=18574-25
18575-11,2026-08-05,,Primer trámite constitucional / C. Diputados,Ingreso de proyecto,https://www.camara.cl/verDoc.aspx?prmID=18807&prmTIPO=INICIATIVA,https://www.camara.cl/legislacion/ProyectosDeLey/tramitacion.aspx?prmID=19260&prmBOLETIN=18575-11
18575-11,2026-08-19,,Primer trámite constitucional / C. Diputados,"Oficio N° 21.490. Comunica a la Comisión de Salud el acuerdo de la Sala para remitir el proyecto de ley, con posterioridad a su informe, a las Comisiones de Educación y Hacienda (en lo que corresponda).",https://www.camara.cl/verDoc.aspx?prmID=37095&prmTIPO=OFICIOPLEY,https://www.camara.cl/legislacion/ProyectosDeLey/tramitacion.aspx?prmID=19260&prmBOLETIN=18575-11
18576-06,2026-08-06,,Primer trámite constitucional / C. Diputados,Ingreso de proyecto,https://www.camara.cl/verDoc.aspx?prmID=18806&prmTIPO=INICIATIVA,https://www.camara.cl/legislacion/ProyectosDeLey/tramitacion.aspx?prmID=19259&prmBOLETIN=18576-06
18577-03,2026-08-12,,Primer trámite constitucional / Senado,Ingreso de proyecto,https://www.camara.cl/verDoc.aspx?prmID=18811&prmTIPO=INICIATIVA,https://www.camara.cl/legislacion/ProyectosDeLey/tramitacion.aspx?prmID=19264&prmBOLETIN=18577-03
18578-37,2026-08-12,,Primer trámite constitucional / Senado,Ingreso de proyecto,https://www.camara.cl/verDoc.aspx?prmID=18808&prmTIPO=INICIATIVA,https://www.camara.cl/legislacion/ProyectosDeLey/tramitacion.aspx?prmID=19261&prmBOLETIN=18578-37
18579-07,2026-08-12,,Primer trámite constitucional / Senado,Ingreso de proyecto,https://www.camara.cl/verDoc.aspx?prmID=18809&prmTIPO=INICIATIVA,https://www.camara.cl/legislacion/ProyectosDeLey/tramitacion.aspx?prmID=19262&prmBOLETIN=18579-07
18580-07,2026-08-12,,Primer trámite constitucional / Senado,Ingreso de proyecto,https://www.camara.cl/verDoc.aspx?prmID=18810&prmTIPO=INICIATIVA,https://www.camara.cl/legislacion/ProyectosDeLey/tramitacion.aspx?prmID=19263&prmBOLETIN=18580-07
18581-07,2026-08-13,,Primer trámite constitucional / Senado,Ingreso de proyecto,https://www.camara.cl/verDoc.aspx?prmID=18812&prmTIPO=INICIATIVA,https://www.camara.cl/legislacion/ProyectosDeLey/tramitacion.aspx?prmID=19265&prmBOLETIN=18581-07
18581-07,2026-08-18,,Primer trámite constitucional / Senado,Oficio N° a la Corte Suprema,https://www.camara.cl/verDoc.aspx?prmID=37037&prmTIPO=OFICIOPLEY,https://www.camara.cl/legislacion/ProyectosDeLey/tramitacion.aspx?prmID=19265&prmBOLETIN=18581-07
18581-07,2026-08-18,,Primer trámite constitucional / Senado,Oficio N°268-26 a la Corte Suprema,https://www.camara.cl/verDoc.aspx?prmID=37056&prmTIPO=OFICIOPLEY,https://www.camara.cl/legislacion/ProyectosDeLey/tramitacion.aspx?prmID=19265&prmBOLETIN=18581-07
18582-07,2026-08-13,,Primer trámite constitucional / Senado,Ingreso de proyecto,https://www.camara.cl/verDoc.aspx?prmID=18813&prmTIPO=INICIATIVA,https://www.camara.cl/legislacion/ProyectosDeLey/tramitacion.aspx?prmID=19266&prmBOLETIN=18582-07
18583-14,2026-08-07,,Primer trámite constitucional / C. Diputados,Ingreso de proyecto,https://www.camara.cl/verDoc.aspx?prmID=18820&prmTIPO=INICIATIVA,https://www.camara.cl/legislacion/ProyectosDeLey/tramitacion.aspx?prmID=19273&prmBOLETIN=18583-14
18584-25,2026-08-17,,Primer trámite constitucional / C. Diputados,Ingreso de proyecto. Incluye IF N° 201/17.08.2026.,https://www.camara.cl/verDoc.aspx?prmID=18814&prmTIPO=INICIATIVA,https://www.camara.cl/legislacion/ProyectosDeLey/tramitacion.aspx?prmID=19267&prmBOLETIN=18584-25
18584-25,2026-08-17,,Primer trámite constitucional / C. Diputados,Texto del Mensaje.,https://www.camara.cl/verDoc.aspx?prmID=37090&prmTIPO=OFICIOPLEY,https://www.camara.cl/legislacion/ProyectosDeLey/tramitacion.aspx?prmID=19267&prmBOLETIN=18584-25
18584-25,2026-08-31,61ª / 374,Primer trámite constitucional / C. Diputados,Cuenta del Mensaje 280-374 que retira y hace presente la urgencia Discusión inmediata,,https://www.camara.cl/legislacion/ProyectosDeLey/tramitacion.aspx?prmID=19267&prmBOLETIN=18584-25
18585-25,2026-08-17,,Primer trámite constitucional / C. Diputados,Ingreso de proyecto. Incluye IF N° 202/17.08.2026.,https://www.camara.cl/verDoc.aspx?prmID=18815&prmTIPO=INICIATIVA,https://www.camara.cl/legislacion/ProyectosDeLey/tramitacion.aspx?prmID=19268&prmBOLETIN=18585-25
18585-25,2026-08-17,,Primer trámite constitucional / C. Diputados,Texto del Mensaje.,https://www.camara.cl/verDoc.aspx?prmID=37092&prmTIPO=OFICIOPLEY,https://www.camara.cl/legislacion/ProyectosDeLey/tramitacion.aspx?prmID=19268&prmBOLETIN=18585-25
18585-25,2026-08-31,61ª / 374,Primer trámite constitucional / C. Diputados,Cuenta del Mensaje 280-374 que retira y hace presente la urgencia Discusión inmediata,,https://www.camara.cl/legislacion/ProyectosDeLey/tramitacion.aspx?prmID=19268&prmBOLETIN=18585-25
18586-11,2026-08-10,,Primer trámite constitucional / C. Diputados,Ingreso de proyecto,https://www.camara.cl/verDoc.aspx?prmID=18822&prmTIPO=INICIATIVA,https://www.camara.cl/legislacion/ProyectosDeLey/tramitacion.aspx?prmID=19275&prmBOLETIN=18586-11
18587-06,2026-08-10,,Primer trámite constitucional / C. Diputados,Ingreso de proyecto,https://www.camara.cl/verDoc.aspx?prmID=18819&prmTIPO=INICIATIVA,https://www.camara.cl/legislacion/ProyectosDeLey/tramitacion.aspx?prmID=19272&prmBOLETIN=18587-06
18588-13,2026-08-05,,Primer trámite constitucional / C. Diputados,Ingreso de proyecto,https://www.camara.cl/verDoc.aspx?prmID=18817&prmTIPO=INICIATIVA,https://www.camara.cl/legislacion/ProyectosDeLey/tramitacion.aspx?prmID=19270&prmBOLETIN=18588-13
18589-08,2026-08-10,,Primer trámite constitucional / C. Diputados,Ingreso de proyecto,https://www.camara.cl/verDoc.aspx?prmID=18823&prmTIPO=INICIATIVA,https://www.camara.cl/legislacion/ProyectosDeLey/tramitacion.aspx?prmID=19276&prmBOLETIN=18589-08
18589-08,2026-08-18,,Primer trámite constitucional / C. Diputados,"Oficio N° 21514. Comunica a la Comisión de Minería y Energía el acuerdo de la Sala, en orden a remitir el proyecto de ley a la Comisión de Medio Ambiente y Recursos Naturales, con posterioridad a su despacho.",https://www.camara.cl/verDoc.aspx?prmID=37059&prmTIPO=OFICIOPLEY,https://www.camara.cl/legislacion/ProyectosDeLey/tramitacion.aspx?prmID=19276&prmBOLETIN=18589-08
18589-08,2026-08-18,,Primer trámite constitucional / C. Diputados,"Oficio N° 21515. Comunica a la Comisión de Medio Ambiente y Recursos Naturales el acuerdo de la Sala, en orden a asignarle el proyecto de ley, una vez que sea despachado por la Comisión de Minería y Energía.",https://www.camara.cl/verDoc.aspx?prmID=37060&prmTIPO=OFICIOPLEY,https://www.camara.cl/legislacion/ProyectosDeLey/tramitacion.aspx?prmID=19276&prmBOLETIN=18589-08
18590-07,2026-08-10,,Primer trámite constitucional / C. Diputados,Ingreso de proyecto,https://www.camara.cl/verDoc.aspx?prmID=18818&prmTIPO=INICIATIVA,https://www.camara.cl/legislacion/ProyectosDeLey/tramitacion.aspx?prmID=19271&prmBOLETIN=18590-07
18591-07,2026-08-11,,Primer trámite constitucional / C. Diputados,Ingreso de proyecto,https://www.camara.cl/verDoc.aspx?prmID=18816&prmTIPO=INICIATIVA,https://www.camara.cl/legislacion/ProyectosDeLey/tramitacion.aspx?prmID=19269&prmBOLETIN=18591-07
18592-03,2026-08-11,,Primer trámite constitucional / C. Diputados,Ingreso de proyecto,https://www.camara.cl/verDoc.aspx?prmID=18826&prmTIPO=INICIATIVA,https://www.camara.cl/legislacion/ProyectosDeLey/tramitacion.aspx?prmID=19279&prmBOLETIN=18592-03
18593-07,2026-08-11,,Primer trámite constitucional / C. Diputados,Ingreso de proyecto,https://www.camara.cl/verDoc.aspx?prmID=18825&prmTIPO=INICIATIVA,https://www.camara.cl/legislacion/ProyectosDeLey/tramitacion.aspx?prmID=19278&prmBOLETIN=18593-07
18594-25,2026-08-11,,Primer trámite constitucional / C. Diputados,Ingreso de proyecto,https://www.camara.cl/verDoc.aspx?prmID=18824&prmTIPO=INICIATIVA,https://www.camara.cl/legislacion/ProyectosDeLey/tramitacion.aspx?prmID=19277&prmBOLETIN=18594-25
18595-07,2026-08-11,,Primer trámite constitucional / C. Diputados,Ingreso de proyecto,https://www.camara.cl/verDoc.aspx?prmID=18821&prmTIPO=INICIATIVA,https://www.camara.cl/legislacion/ProyectosDeLey/tramitacion.aspx?prmID=19274&prmBOLETIN=18595-07
18595-07,2026-08-19,,Primer trámite constitucional / C. Diputados,"Oficio N° 21.513. Comunica a la Comisión de Trabajo y Seguridad Social el acuerdo de la Sala en orden a remitirle el proyecto de ley, una vez que sea despachado por la Comisión de Constitución, Legislación, Justicia y Reglamento..",https://www.camara.cl/verDoc.aspx?prmID=37093&prmTIPO=OFICIOPLEY,https://www.camara.cl/legislacion/ProyectosDeLey/tramitacion.aspx?prmID=19274&prmBOLETIN=18595-07
18596-06,2026-08-11,,Primer trámite constitucional / C. Diputados,Ingreso de proyecto,https://www.camara.cl/verDoc.aspx?prmID=18827&prmTIPO=INICIATIVA,https://www.camara.cl/legislacion/ProyectosDeLey/tramitacion.aspx?prmID=19280&prmBOLETIN=18596-06
18597-07,2026-08-18,,Primer trámite constitucional / Senado,Ingreso de proyecto,https://www.camara.cl/verDoc.aspx?prmID=18828&prmTIPO=INICIATIVA,https://www.camara.cl/legislacion/ProyectosDeLey/tramitacion.aspx?prmID=19281&prmBOLETIN=18597-07
18597-07,2026-09-01,53ª / 374,Primer trámite constitucional / Senado,Cuenta del Mensaje 288-374 que retira y hace presente la urgencia Simple,,https://www.camara.cl/legislacion/ProyectosDeLey/tramitacion.aspx?prmID=19281&prmBOLETIN=18597-07
18598-06,2026-07-15,,Primer trámite constitucional / C. Diputados,Ingreso de proyecto,https://www.camara.cl/verDoc.aspx?prmID=18831&prmTIPO=INICIATIVA,https://www.camara.cl/legislacion/ProyectosDeLey/tramitacion.aspx?prmID=19284&prmBOLETIN=18598-06
18598-06,2026-08-19,,Primer trámite constitucional / C. Diputados,"Oficio N°21.524. Comunica que la Cámara de Diputados acordó remitir el proyecto, en primer lugar, a la Comisión de Economía, Fomento; Micro, Pequeña y Mediana Empresa; Protección de los Consumidores y Turismo.",https://www.camara.cl/verDoc.aspx?prmID=37071&prmTIPO=OFICIOPLEY,https://www.camara.cl/legislacion/ProyectosDeLey/tramitacion.aspx?prmID=19284&prmBOLETIN=18598-06
18599-06,2026-08-06,,Primer trámite constitucional / C. Diputados,Ingreso de proyecto,https://www.camara.cl/verDoc.aspx?prmID=18833&prmTIPO=INICIATIVA,https://www.camara.cl/legislacion/ProyectosDeLey/tramitacion.aspx?prmID=19286&prmBOLETIN=18599-06
18599-06,2026-08-19,,Primer trámite constitucional / C. Diputados,"Oficio N°21.525. Comunica que la Cámara acordó remitir el proyecto de ley, luego de la comisión matriz, a la Comisión de Trabajo y Seguridad Social.",https://www.camara.cl/verDoc.aspx?prmID=37072&prmTIPO=OFICIOPLEY,https://www.camara.cl/legislacion/ProyectosDeLey/tramitacion.aspx?prmID=19286&prmBOLETIN=18599-06
18600-06,2026-08-12,,Primer trámite constitucional / C. Diputados,Ingreso de proyecto,https://www.camara.cl/verDoc.aspx?prmID=18834&prmTIPO=INICIATIVA,https://www.camara.cl/legislacion/ProyectosDeLey/tramitacion.aspx?prmID=19287&prmBOLETIN=18600-06
18601-06,2026-08-10,,Primer trámite constitucional / C. Diputados,Ingreso de proyecto,https://www.camara.cl/verDoc.aspx?prmID=18837&prmTIPO=INICIATIVA,https://www.camara.cl/legislacion/ProyectosDeLey/tramitacion.aspx?prmID=19290&prmBOLETIN=18601-06
18602-07,2026-08-11,,Primer trámite constitucional / C. Diputados,Ingreso de proyecto,https://www.camara.cl/verDoc.aspx?prmID=18838&prmTIPO=INICIATIVA,https://www.camara.cl/legislacion/ProyectosDeLey/tramitacion.aspx?prmID=19291&prmBOLETIN=18602-07
18603-13,2026-08-11,,Primer trámite constitucional / C. Diputados,Ingreso de proyecto,https://www.camara.cl/verDoc.aspx?prmID=18840&prmTIPO=INICIATIVA,https://www.camara.cl/legislacion/ProyectosDeLey/tramitacion.aspx?prmID=19293&prmBOLETIN=18603-13
18603-13,2026-08-19,,Primer trámite constitucional / C. Diputados,"Oficio N° 21526. Comunica a la Comisión de Trabajo y Seguridad Social el acuerdo de la Sala, en orden a remitir a la Comisión de Salud, el proyecto de ley, con posterioridad a su despacho.",https://www.camara.cl/verDoc.aspx?prmID=37079&prmTIPO=OFICIOPLEY,https://www.camara.cl/legislacion/ProyectosDeLey/tramitacion.aspx?prmID=19293&prmBOLETIN=18603-13
18603-13,2026-08-19,,Primer trámite constitucional / C. Diputados,"Oficio N° 21527. Comunica a la Comisión de Salud el acuerdo de la Sala, en orden a asignarle el proyecto de ley, una vez que sea despachado por la Comisión de Trabajo y Seguridad Social.",https://www.camara.cl/verDoc.aspx?prmID=37080&prmTIPO=OFICIOPLEY,https://www.camara.cl/legislacion/ProyectosDeLey/tramitacion.aspx?prmID=19293&prmBOLETIN=18603-13
18604-07,2026-08-11,,Primer trámite constitucional / C. Diputados,Ingreso de proyecto,https://www.camara.cl/verDoc.aspx?prmID=18829&prmTIPO=INICIATIVA,https://www.camara.cl/legislacion/ProyectosDeLey/tramitacion.aspx?prmID=19282&prmBOLETIN=18604-07
18605-15,2026-08-12,,Primer trámite constitucional / C. Diputados,Ingreso de proyecto,https://www.camara.cl/verDoc.aspx?prmID=18836&prmTIPO=INICIATIVA,https://www.camara.cl/legislacion/ProyectosDeLey/tramitacion.aspx?prmID=19289&prmBOLETIN=18605-15
18606-08,2026-08-12,,Primer trámite constitucional / C. Diputados,Ingreso de proyecto,https://www.camara.cl/verDoc.aspx?prmID=18835&prmTIPO=INICIATIVA,https://www.camara.cl/legislacion/ProyectosDeLey/tramitacion.aspx?prmID=19288&prmBOLETIN=18606-08
18607-15,2026-08-19,,Primer trámite constitucional / Senado,Ingreso de proyecto,https://www.camara.cl/verDoc.aspx?prmID=18841&prmTIPO=INICIATIVA,https://www.camara.cl/legislacion/ProyectosDeLey/tramitacion.aspx?prmID=19294&prmBOLETIN=18607-15
18608-09,2026-08-19,,Primer trámite constitucional / Senado,Ingreso de proyecto,https://www.camara.cl/verDoc.aspx?prmID=18842&prmTIPO=INICIATIVA,https://www.camara.cl/legislacion/ProyectosDeLey/tramitacion.aspx?prmID=19295&prmBOLETIN=18608-09
18609-07,2026-08-19,,Primer trámite constitucional / Senado,Ingreso de proyecto,https://www.camara.cl/verDoc.aspx?prmID=18846&prmTIPO=INICIATIVA,https://www.camara.cl/legislacion/ProyectosDeLey/tramitacion.aspx?prmID=19299&prmBOLETIN=18609-07
18610-07,2026-08-12,,Primer trámite constitucional / C. Diputados,Ingreso de proyecto,https://www.camara.cl/verDoc.aspx?prmID=18832&prmTIPO=INICIATIVA,https://www.camara.cl/legislacion/ProyectosDeLey/tramitacion.aspx?prmID=19285&prmBOLETIN=18610-07
18610-07,2026-08-19,,Primer trámite constitucional / C. Diputados,"Oficio N° 21529. Comunica a la Comisión de Constitución, Legislación, Justicia y Reglamento el acuerdo de la Sala, en orden a remitir el proyecto de ley a la Comisión de Hacienda, con posterioridad a su despacho.",https://www.camara.cl/verDoc.aspx?prmID=37081&prmTIPO=OFICIOPLEY,https://www.camara.cl/legislacion/ProyectosDeLey/tramitacion.aspx?prmID=19285&prmBOLETIN=18610-07
18610-07,2026-08-19,,Primer trámite constitucional / C. Diputados,"Oficio N° 21530. Comunica a la Comisión de Hacienda el acuerdo de la Sala, en orden a asignarle el proyecto de ley, una vez que sea despachado por la Comisión de Constitución, Legislación, Justicia y Reglamento.",https://www.camara.cl/verDoc.aspx?prmID=37082&prmTIPO=OFICIOPLEY,https://www.camara.cl/legislacion/ProyectosDeLey/tramitacion.aspx?prmID=19285&prmBOLETIN=18610-07
18611-07,2026-08-12,,Primer trámite constitucional / C. Diputados,Ingreso de proyecto,https://www.camara.cl/verDoc.aspx?prmID=18839&prmTIPO=INICIATIVA,https://www.camara.cl/legislacion/ProyectosDeLey/tramitacion.aspx?prmID=19292&prmBOLETIN=18611-07
18612-07,2026-08-14,,Primer trámite constitucional / C. Diputados,Ingreso de proyecto,https://www.camara.cl/verDoc.aspx?prmID=18830&prmTIPO=INICIATIVA,https://www.camara.cl/legislacion/ProyectosDeLey/tramitacion.aspx?prmID=19283&prmBOLETIN=18612-07
18612-07,2026-08-19,,Primer trámite constitucional / C. Diputados,"Oficio N° 21523. Comunica a la Comisión de Seguridad Ciudadana el acuerdo de la Sala, en orden a asignarle el proyecto de ley, radicado inicialmente en la Comisión de Constitución, Legislación, Justicia y Reglamento.",https://www.camara.cl/verDoc.aspx?prmID=37073&prmTIPO=OFICIOPLEY,https://www.camara.cl/legislacion/ProyectosDeLey/tramitacion.aspx?prmID=19283&prmBOLETIN=18612-07
18613-07,2026-08-19,,Primer trámite constitucional / Senado,Ingreso de proyecto,https://www.camara.cl/verDoc.aspx?prmID=18843&prmTIPO=INICIATIVA,https://www.camara.cl/legislacion/ProyectosDeLey/tramitacion.aspx?prmID=19296&prmBOLETIN=18613-07
18614-06,2026-08-19,,Primer trámite constitucional / Senado,Ingreso de proyecto,https://www.camara.cl/verDoc.aspx?prmID=18844&prmTIPO=INICIATIVA,https://www.camara.cl/legislacion/ProyectosDeLey/tramitacion.aspx?prmID=19297&prmBOLETIN=18614-06
18615-07,2026-08-19,,Primer trámite constitucional / Senado,Ingreso de proyecto,https://www.camara.cl/verDoc.aspx?prmID=18845&prmTIPO=INICIATIVA,https://www.camara.cl/legislacion/ProyectosDeLey/tramitacion.aspx?prmID=19298&prmBOLETIN=18615-07
18616-03,2026-08-19,,Primer trámite constitucional / Senado,Ingreso de proyecto,https://www.camara.cl/verDoc.aspx?prmID=18847&prmTIPO=INICIATIVA,https://www.camara.cl/legislacion/ProyectosDeLey/tramitacion.aspx?prmID=19300&prmBOLETIN=18616-03
18617-15,2026-08-19,,Primer trámite constitucional / Senado,Ingreso de proyecto,https://www.camara.cl/verDoc.aspx?prmID=18848&prmTIPO=INICIATIVA,https://www.camara.cl/legislacion/ProyectosDeLey/tramitacion.aspx?prmID=19301&prmBOLETIN=18617-15
18618-19,2026-08-21,,Primer trámite constitucional / Senado,Ingreso de proyecto,https://www.camara.cl/verDoc.aspx?prmID=18849&prmTIPO=INICIATIVA,https://www.camara.cl/legislacion/ProyectosDeLey/tramitacion.aspx?prmID=19302&prmBOLETIN=18618-19
18619-04,2026-08-19,,Primer trámite constitucional / Senado,Ingreso de proyecto,https://www.camara.cl/verDoc.aspx?prmID=18850&prmTIPO=INICIATIVA,https://www.camara.cl/legislacion/ProyectosDeLey/tramitacion.aspx?prmID=19303&prmBOLETIN=18619-04
18620-08,2026-08-27,,Primer trámite constitucional / Senado,Ingreso de proyecto,https://www.camara.cl/verDoc.aspx?prmID=18851&prmTIPO=INICIATIVA,https://www.camara.cl/legislacion/ProyectosDeLey/tramitacion.aspx?prmID=19304&prmBOLETIN=18620-08
18621-34,2026-08-31,,Primer trámite constitucional / C. Diputados,Ingreso de proyecto. Incluye IF N°210/31.08.2026.,https://www.camara.cl/verDoc.aspx?prmID=18852&prmTIPO=INICIATIVA,https://www.camara.cl/legislacion/ProyectosDeLey/tramitacion.aspx?prmID=19305&prmBOLETIN=18621-34
18621-34,2026-08-31,,Primer trámite constitucional / C. Diputados,Texto del Mensaje.,https://www.camara.cl/verDoc.aspx?prmID=37108&prmTIPO=OFICIOPLEY,https://www.camara.cl/legislacion/ProyectosDeLey/tramitacion.aspx?prmID=19305&prmBOLETIN=18621-34
18622-24,2026-07-29,,Primer trámite constitucional / C. Diputados,Ingreso de proyecto,https://www.camara.cl/verDoc.aspx?prmID=18853&prmTIPO=INICIATIVA,https://www.camara.cl/legislacion/ProyectosDeLey/tramitacion.aspx?prmID=19306&prmBOLETIN=18622-24
18623-07,2026-09-01,53ª / 374,Primer trámite constitucional / Senado,Cuenta del Mensaje 290-374 que hace presente la urgencia Suma,,https://www.camara.cl/legislacion/ProyectosDeLey/tramitacion.aspx?prmID=19307&prmBOLETIN=18623-07
18623-07,2026-09-01,,Primer trámite constitucional / Senado,Ingreso de proyecto,https://www.camara.cl/verDoc.aspx?prmID=18854&prmTIPO=INICIATIVA,https://www.camara.cl/legislacion/ProyectosDeLey/tramitacion.aspx?prmID=19307&prmBOLETIN=18623-07
18624-36,2026-09-02,,Primer trámite constitucional / Senado,Ingreso de proyecto,https://www.camara.cl/verDoc.aspx?prmID=18855&prmTIPO=INICIATIVA,https://www.camara.cl/legislacion/ProyectosDeLey/tramitacion.aspx?prmID=19308&prmBOLETIN=18624-36
18625-15,2026-09-02,,Primer trámite constitucional / Senado,Ingreso de proyecto,https://www.camara.cl/verDoc.aspx?prmID=18856&prmTIPO=INICIATIVA,https://www.camara.cl/legislacion/ProyectosDeLey/tramitacion.aspx?prmID=19309&prmBOLETIN=18625-15
18626-17,2026-09-02,,Primer trámite constitucional / Senado,Ingreso de proyecto,https://www.camara.cl/verDoc.aspx?prmID=18857&prmTIPO=INICIATIVA,https://www.camara.cl/legislacion/ProyectosDeLey/tramitacion.aspx?prmID=19310&prmBOLETIN=18626-17
