project_id,boletin,titulo,fecha_ingreso,origen_iniciativa,tipo_iniciativa,tipo_iniciativa_codigo,camara_origen,camara_origen_codigo,admisible,estado_actual,source_url,updated_at
18794,18131-06,"Modifica la ley Nº 18.575, orgánica constitucional de Bases Generales de la Administración del Estado, para incorporar una nueva infracción al principio de probidad administrativa, relacionada con la contratación o nombramiento de personas inhabilitadas para trabajar con niños, niñas o adolescentes",2026-03-17,parlamentario,Moción,2,Cámara de Diputados,1,true,Primer trámite constitucional,https://www.camara.cl/legislacion/ProyectosDeLey/tramitacion.aspx?prmID=18794&prmBOLETIN=18131-06,2026-09-02T15:25:58Z
18795,18132-04,"Modifica la ley Nº 20.370, General de Educación, para sancionar a padres y apoderados cuyos hijos o pupilos participen en hechos constitutivos de acoso escolar",2026-03-17,parlamentario,Moción,2,Cámara de Diputados,1,true,Primer trámite constitucional,https://www.camara.cl/legislacion/ProyectosDeLey/tramitacion.aspx?prmID=18795&prmBOLETIN=18132-04,2026-09-02T15:25:56Z
18797,18133-07,Modifica la Carta Fundamental para asignar a las Fuerzas Armadas un rol coadyuvante en el resguardo del orden público y la seguridad interior del país,2026-03-17,parlamentario,Moción,2,Cámara de Diputados,1,true,Primer trámite constitucional,https://www.camara.cl/legislacion/ProyectosDeLey/tramitacion.aspx?prmID=18797&prmBOLETIN=18133-07,2026-09-02T15:25:56Z
18798,18135-06,"Modifica la ley N° 18.575, orgánica constitucional de Bases Generales de la Administración del Estado, para resguardar la soberanía nacional en la ejecución de políticas públicas",2026-03-17,parlamentario,Moción,2,Cámara de Diputados,1,true,Primer trámite constitucional,https://www.camara.cl/legislacion/ProyectosDeLey/tramitacion.aspx?prmID=18798&prmBOLETIN=18135-06,2026-09-02T15:25:56Z
18799,18136-11,Modifica el Código Sanitario para exigir que el etiquetado de medicamentos y vacunas contenga información sobre precauciones y efectos adversos,2026-03-17,parlamentario,Moción,2,Cámara de Diputados,1,true,Primer trámite constitucional,https://www.camara.cl/legislacion/ProyectosDeLey/tramitacion.aspx?prmID=18799&prmBOLETIN=18136-11,2026-09-02T15:25:56Z
18803,18138-07,Modifica la Carta Fundamental para reconocer el derecho de todas las personas a la autodeterminación en materia de inmunización,2026-03-17,parlamentario,Moción,2,Cámara de Diputados,1,true,Primer trámite constitucional,https://www.camara.cl/legislacion/ProyectosDeLey/tramitacion.aspx?prmID=18803&prmBOLETIN=18138-07,2026-09-02T15:25:56Z
18804,18140-07,Modifica la Carta Fundamental para garantizar la autonomía estratégica en inversiones relevantes,2026-03-17,parlamentario,Moción,2,Cámara de Diputados,1,true,Primer trámite constitucional,https://www.camara.cl/legislacion/ProyectosDeLey/tramitacion.aspx?prmID=18804&prmBOLETIN=18140-07,2026-09-02T15:25:56Z
18805,18141-07,Modifica la Carta Fundamental para establecer un Proyecto Educativo Nacional,2026-03-17,parlamentario,Moción,2,Cámara de Diputados,1,true,Primer trámite constitucional,https://www.camara.cl/legislacion/ProyectosDeLey/tramitacion.aspx?prmID=18805&prmBOLETIN=18141-07,2026-09-02T15:25:56Z
18806,18143-07,Modifica la Carta Fundamental para habilitar la convocatoria a plebiscito con el objeto de restituir la pena de muerte en los casos que indica,2026-03-17,parlamentario,Moción,2,Cámara de Diputados,1,true,Primer trámite constitucional,https://www.camara.cl/legislacion/ProyectosDeLey/tramitacion.aspx?prmID=18806&prmBOLETIN=18143-07,2026-09-02T15:25:56Z
18816,18151-24,"Modifica la ley N° 19.132, que crea empresa Televisión Nacional de Chile, con el objeto de modernizar su misión y estrategia de gobernanza",2026-03-17,parlamentario,Moción,2,Cámara de Diputados,1,true,Primer trámite constitucional,https://www.camara.cl/legislacion/ProyectosDeLey/tramitacion.aspx?prmID=18816&prmBOLETIN=18151-24,2026-09-02T15:25:56Z
18796,18134-11,"Modifica la ley N° 20.606, sobre composición nutricional de los alimentos y su publicidad, para exigir a los establecimientos que expendan alimentos preparados para el consumo humano, que informen si contienen o han sido elaborados con alguno de los ingredientes que indica",2026-03-18,parlamentario,Moción,2,Senado,2,true,Primer trámite constitucional,https://www.camara.cl/legislacion/ProyectosDeLey/tramitacion.aspx?prmID=18796&prmBOLETIN=18134-11,2026-09-02T15:25:56Z
18800,18137-05,"Adopta medidas transitorias para contener el precio del kerosene doméstico en el contexto de la emergencia energética internacional, y otras medidas que indica",2026-03-24,ejecutivo,Mensaje,1,Cámara de Diputados,1,true,Tramitación terminada (Ley N° 21.811 - D.Oficial 26/03/2026),https://www.camara.cl/legislacion/ProyectosDeLey/tramitacion.aspx?prmID=18800&prmBOLETIN=18137-05,2026-09-02T15:25:57Z
18801,18139-07,"Modifica la Carta Fundamental, para eliminar la atribución presidencial  de otorgar indultos particulares",2026-03-24,parlamentario,Moción,2,Senado,2,true,Primer trámite constitucional,https://www.camara.cl/legislacion/ProyectosDeLey/tramitacion.aspx?prmID=18801&prmBOLETIN=18139-07,2026-09-02T15:25:57Z
18802,18142-35,"Establece el reconocimiento y protección integral de los derechos de las personas con síndrome de Down, y modifica el Código del Trabajo, del modo que indica",2026-03-24,parlamentario,Moción,2,Senado,2,true,Primer trámite constitucional,https://www.camara.cl/legislacion/ProyectosDeLey/tramitacion.aspx?prmID=18802&prmBOLETIN=18142-35,2026-09-02T15:25:57Z
18807,18144-07,"Modifica el Código Procesal Penal, para fortalecer la persecución penal del crimen organizado y regular el juicio oral en ausencia del imputado",2026-03-25,parlamentario,Moción,2,Senado,2,true,Primer trámite constitucional,https://www.camara.cl/legislacion/ProyectosDeLey/tramitacion.aspx?prmID=18807&prmBOLETIN=18144-07,2026-09-02T15:25:57Z
18808,18145-07,Modifica la Carta Fundamental para derogar la facultad presidencial de otorgar indultos particulares,2026-03-25,parlamentario,Moción,2,Cámara de Diputados,1,true,Primer trámite constitucional,https://www.camara.cl/legislacion/ProyectosDeLey/tramitacion.aspx?prmID=18808&prmBOLETIN=18145-07,2026-09-02T15:25:57Z
18809,18146-07,Modifica la Carta Fundamental a fin de suprimir la atribución del Presidente de la República para otorgar indultos particulares,2026-03-25,parlamentario,Moción,2,Cámara de Diputados,1,true,Primer trámite constitucional,https://www.camara.cl/legislacion/ProyectosDeLey/tramitacion.aspx?prmID=18809&prmBOLETIN=18146-07,2026-09-02T15:25:57Z
18810,18147-07,"Modifica el Código Penal, con el objeto de establecer una agravante para los delitos cometidos contra autoridades o funcionarios públicos, en los casos que indica.",2026-03-25,parlamentario,Moción,2,Senado,2,true,Primer trámite constitucional,https://www.camara.cl/legislacion/ProyectosDeLey/tramitacion.aspx?prmID=18810&prmBOLETIN=18147-07,2026-09-02T15:25:57Z
18811,18148-07,"Modifica la Carta Fundamental, para fortalecer la conducción estratégica de las Fuerzas Armadas",2026-03-25,parlamentario,Moción,2,Senado,2,true,Primer trámite constitucional,https://www.camara.cl/legislacion/ProyectosDeLey/tramitacion.aspx?prmID=18811&prmBOLETIN=18148-07,2026-09-02T15:25:57Z
18812,18149-07,Modifica la Carta Fundamental con el objeto de eliminar la atribución presidencial de otorgar indultos particulares,2026-03-27,parlamentario,Moción,2,Cámara de Diputados,1,true,Primer trámite constitucional,https://www.camara.cl/legislacion/ProyectosDeLey/tramitacion.aspx?prmID=18812&prmBOLETIN=18149-07,2026-09-02T15:25:57Z
18815,18150-07,Modifica la Carta Fundamental a efectos de inhabilitar a los secretarios regionales ministeriales para ser candidatos a diputados o senadores,2026-03-27,parlamentario,Moción,2,Cámara de Diputados,1,true,Primer trámite constitucional,https://www.camara.cl/legislacion/ProyectosDeLey/tramitacion.aspx?prmID=18815&prmBOLETIN=18150-07,2026-09-02T15:25:57Z
18822,18157-33,Prorroga el plazo para la regularización e inscripción de derechos de aprovechamiento de aguas hasta el año 2030,2026-04-06,parlamentario,Moción,2,Cámara de Diputados,1,true,Tercer trámite constitucional,https://www.camara.cl/legislacion/ProyectosDeLey/tramitacion.aspx?prmID=18822&prmBOLETIN=18157-33,2026-09-02T15:25:57Z
18823,18158-13,Modifica el Código del Trabajo para establecer fuero laboral para trabajadores y trabajadoras con diagnóstico de cáncer,2026-04-06,parlamentario,Moción,2,Cámara de Diputados,1,true,Primer trámite constitucional,https://www.camara.cl/legislacion/ProyectosDeLey/tramitacion.aspx?prmID=18823&prmBOLETIN=18158-13,2026-09-02T15:25:57Z
18817,18152-07,"Modifica normas sobre prisión preventiva, suspensión condicional del procedimiento, cumplimiento de penas sustitutivas y facultades de incautación de las fuerzas de orden y seguridad, en los delitos que indica",2026-04-07,parlamentario,Moción,2,Cámara de Diputados,1,true,Primer trámite constitucional,https://www.camara.cl/legislacion/ProyectosDeLey/tramitacion.aspx?prmID=18817&prmBOLETIN=18152-07,2026-09-02T15:25:57Z
18818,18153-24,Declara patrimonio Biocultural de la Nación las especies vegetales que indica,2026-04-07,parlamentario,Moción,2,Cámara de Diputados,1,true,Primer trámite constitucional,https://www.camara.cl/legislacion/ProyectosDeLey/tramitacion.aspx?prmID=18818&prmBOLETIN=18153-24,2026-09-02T15:25:57Z
18819,18154-25,"Modifica los textos legales que indica con el objeto de tipificar el tráfico internacional, la fabricación y modificación ilegal mediante tecnologías digitales, de armas y sus componentes esenciales",2026-04-07,parlamentario,Moción,2,Cámara de Diputados,1,true,Primer trámite constitucional,https://www.camara.cl/legislacion/ProyectosDeLey/tramitacion.aspx?prmID=18819&prmBOLETIN=18154-25,2026-09-02T15:25:57Z
18813,18155-25,Modifica el Código Penal para establecer nuevas agravantes por delitos cometidos contra la comunidad educativa y en recintos educacionales,2026-04-07,ejecutivo,Mensaje,1,Cámara de Diputados,1,true,Segundo trámite constitucional,https://www.camara.cl/legislacion/ProyectosDeLey/tramitacion.aspx?prmID=18813&prmBOLETIN=18155-25,2026-09-02T15:25:57Z
18814,18156-04,"Establece medidas de seguridad, orden y respeto para la comunidad educativa",2026-04-07,ejecutivo,Mensaje,1,Cámara de Diputados,1,true,Tramitación terminada (Ley N° 21.827 - D.Oficial 12/08/2026),https://www.camara.cl/legislacion/ProyectosDeLey/tramitacion.aspx?prmID=18814&prmBOLETIN=18156-04,2026-09-02T15:25:57Z
18820,18159-11,Establece el 6 de abril de cada año como el Día Nacional de Reconocimiento a las Organizaciones de Pacientes,2026-04-07,parlamentario,Moción,2,Senado,2,true,Segundo trámite constitucional,https://www.camara.cl/legislacion/ProyectosDeLey/tramitacion.aspx?prmID=18820&prmBOLETIN=18159-11,2026-09-02T15:25:57Z
18824,18160-07,Modifica la Carta Fundamental a fin de suprimir la atribución del Presidente de la República para otorgar indultos particulares,2026-04-07,parlamentario,Moción,2,Cámara de Diputados,1,true,Primer trámite constitucional,https://www.camara.cl/legislacion/ProyectosDeLey/tramitacion.aspx?prmID=18824&prmBOLETIN=18160-07,2026-09-02T15:25:57Z
18825,18161-07,Modifica el Código Penal para fortalecer la protección de la comunidad educativa agravando las penas aplicables a los delitos cometidos en contra de docentes y trabajadores de la educación,2026-04-07,parlamentario,Moción,2,Cámara de Diputados,1,true,Segundo trámite constitucional,https://www.camara.cl/legislacion/ProyectosDeLey/tramitacion.aspx?prmID=18825&prmBOLETIN=18161-07,2026-09-02T15:25:57Z
18878,18213-07,Modifica la Constitución Política para restablecer la estabilidad de los precios de los combustibles,2026-04-07,parlamentario,Moción,2,Cámara de Diputados,1,true,Primer trámite constitucional,https://www.camara.cl/legislacion/ProyectosDeLey/tramitacion.aspx?prmID=18878&prmBOLETIN=18213-07,2026-09-02T15:25:57Z
18821,18162-07,"Modifica diversos cuerpos legales, con el objeto de fortalecer el cumplimiento de las sanciones y la persecución de delitos graves en materia de responsabilidad penal adolescente",2026-04-08,parlamentario,Moción,2,Senado,2,true,Primer trámite constitucional,https://www.camara.cl/legislacion/ProyectosDeLey/tramitacion.aspx?prmID=18821&prmBOLETIN=18162-07,2026-09-02T15:25:57Z
18828,18163-14,"Modifica la ley N° 20.898, que establece un procedimiento simplificado para la regularización de viviendas de autoconstrucción, con el objeto de establecer un mecanismo para la formulación de observaciones y subsanación de éstas y extender el plazo de vigencia del procedimiento",2026-04-08,parlamentario,Moción,2,Cámara de Diputados,1,true,Primer trámite constitucional,https://www.camara.cl/legislacion/ProyectosDeLey/tramitacion.aspx?prmID=18828&prmBOLETIN=18163-14,2026-09-02T15:25:57Z
18826,18164-17,"Modifica la ley N° 20.405, del Instituto Nacional de Derechos Humanos, en lo relativo a sus reglas de funcionamiento y obligaciones de información",2026-04-08,parlamentario,Moción,2,Senado,2,true,Primer trámite constitucional,https://www.camara.cl/legislacion/ProyectosDeLey/tramitacion.aspx?prmID=18826&prmBOLETIN=18164-17,2026-09-02T15:25:57Z
18827,18165-07,"Modifica la Carta Fundamental, con el objeto de establecer un período de inhabilidad para que los fiscales del Ministerio Público ejerzan los cargos que indica",2026-04-08,parlamentario,Moción,2,Senado,2,true,Primer trámite constitucional,https://www.camara.cl/legislacion/ProyectosDeLey/tramitacion.aspx?prmID=18827&prmBOLETIN=18165-07,2026-09-02T15:25:57Z
18829,18166-24,Introduce la obligación de las empresas productoras de conciertos y eventos musicales masivos en orden a garantizar la adecuada visibilidad del espectáculo a sus asistentes,2026-04-08,parlamentario,Moción,2,Cámara de Diputados,1,true,Primer trámite constitucional,https://www.camara.cl/legislacion/ProyectosDeLey/tramitacion.aspx?prmID=18829&prmBOLETIN=18166-24,2026-09-02T15:25:57Z
18830,18167-11,"Modifica el Código Sanitario y la ley N° 19.496, que establece normas sobre protección de los derechos de los consumidores, para sancionar la adulteración de fechas de vencimiento y rotulación de productos críticos para la salud",2026-04-08,parlamentario,Moción,2,Cámara de Diputados,1,true,Primer trámite constitucional,https://www.camara.cl/legislacion/ProyectosDeLey/tramitacion.aspx?prmID=18830&prmBOLETIN=18167-11,2026-09-02T15:25:57Z
18831,18168-03,"Modifica la ley N° 19.496, que establece normas sobre protección de los derechos de los consumidores, para incorporar deberes de trazabilidad en la comercialización digital de bienes usados",2026-04-08,parlamentario,Moción,2,Cámara de Diputados,1,true,Primer trámite constitucional,https://www.camara.cl/legislacion/ProyectosDeLey/tramitacion.aspx?prmID=18831&prmBOLETIN=18168-03,2026-09-02T15:25:57Z
18836,18172-21,"Modifica la ley N° 21.027, con el objeto de incorporar a las organizaciones de carpinteros de ribera como asignatarios de caletas artesanales",2026-04-08,parlamentario,Moción,2,Senado,2,true,Primer trámite constitucional,https://www.camara.cl/legislacion/ProyectosDeLey/tramitacion.aspx?prmID=18836&prmBOLETIN=18172-21,2026-09-02T15:25:57Z
18835,18173-21,"Modifica la Ley General de Pesca y Acuicultura, con el objeto de exceptuar a los armadores que señala, de la prohibición establecida en materia de artes y aparejos de pesca para la extracción de jibia",2026-04-08,parlamentario,Moción,2,Senado,2,true,Primer trámite constitucional,https://www.camara.cl/legislacion/ProyectosDeLey/tramitacion.aspx?prmID=18835&prmBOLETIN=18173-21,2026-09-02T15:25:57Z
18832,18169-07,"Modifica diversos cuerpos legales a fin de otorgar atención preferente para la constatación de lesiones a víctimas e imputados, así como para la realización de exámenes toxicológicos a conductores",2026-04-09,parlamentario,Moción,2,Cámara de Diputados,1,true,Primer trámite constitucional,https://www.camara.cl/legislacion/ProyectosDeLey/tramitacion.aspx?prmID=18832&prmBOLETIN=18169-07,2026-09-02T15:25:57Z
18833,18170-13,"Modifica el Código de Trabajo en materia de prevención, investigación y sanción de acoso laboral y sexual",2026-04-09,parlamentario,Moción,2,Cámara de Diputados,1,true,Primer trámite constitucional,https://www.camara.cl/legislacion/ProyectosDeLey/tramitacion.aspx?prmID=18833&prmBOLETIN=18170-13,2026-09-02T15:25:57Z
18834,18171-13,Modifica el Código del Trabajo en lo relativo a la distribución de la jornada laboral,2026-04-09,parlamentario,Moción,2,Cámara de Diputados,1,true,Primer trámite constitucional,https://www.camara.cl/legislacion/ProyectosDeLey/tramitacion.aspx?prmID=18834&prmBOLETIN=18171-13,2026-09-02T15:25:57Z
18840,18175-02,Modifica cuerpos legales que indica en materia de protección del espacio aéreo,2026-04-10,parlamentario,Moción,2,Cámara de Diputados,1,true,Primer trámite constitucional,https://www.camara.cl/legislacion/ProyectosDeLey/tramitacion.aspx?prmID=18840&prmBOLETIN=18175-02,2026-09-02T15:25:57Z
18839,18174-07,"Modifica la ley N° 17.798, sobre control de armas, y el Código Penal y Código Procesal Penal, en materia de responsabilidad de los padres, adoptantes, tutores y cuidadores de menores de edad en el acceso, facilitación, porte y utilización de armas u otros elementos aptos para agredir",2026-04-13,parlamentario,Moción,2,Cámara de Diputados,1,true,Primer trámite constitucional,https://www.camara.cl/legislacion/ProyectosDeLey/tramitacion.aspx?prmID=18839&prmBOLETIN=18174-07,2026-09-02T15:25:57Z
18837,18176-35,"Modifica la ley N° 19.712, del Deporte, con el objeto de promover la inclusión de personas con discapacidad en las actividades deportivas.",2026-04-14,parlamentario,Moción,2,Senado,2,true,Segundo trámite constitucional,https://www.camara.cl/legislacion/ProyectosDeLey/tramitacion.aspx?prmID=18837&prmBOLETIN=18176-35,2026-09-02T15:25:57Z
18841,18177-01,Declara el olivo y la aceituna del Valle de Azapa como patrimonio regional y promueve su denominación de origen,2026-04-14,parlamentario,Moción,2,Cámara de Diputados,1,true,Primer trámite constitucional,https://www.camara.cl/legislacion/ProyectosDeLey/tramitacion.aspx?prmID=18841&prmBOLETIN=18177-01,2026-09-02T15:25:57Z
18842,18179-18,"Prohíbe la apología y promoción de la narcocultura, incorporando medidas preventivas y sancionatorias para evitar la exposición de niños, niñas y adolescentes a contenidos que incentiven la comisión de delitos",2026-04-14,parlamentario,Moción,2,Cámara de Diputados,1,true,Primer trámite constitucional,https://www.camara.cl/legislacion/ProyectosDeLey/tramitacion.aspx?prmID=18842&prmBOLETIN=18179-18,2026-09-02T15:25:58Z
18843,18180-13,Modifica el Código del Trabajo en lo referido al contenido del contrato de trabajo y la protección de derechos a su terminación,2026-04-14,parlamentario,Moción,2,Cámara de Diputados,1,true,Primer trámite constitucional,https://www.camara.cl/legislacion/ProyectosDeLey/tramitacion.aspx?prmID=18843&prmBOLETIN=18180-13,2026-09-02T15:25:57Z
18844,18181-13,Modifica el Código del Trabajo en materia de transparencia sindical y buena fe en las relaciones colectivas,2026-04-14,parlamentario,Moción,2,Cámara de Diputados,1,true,Primer trámite constitucional,https://www.camara.cl/legislacion/ProyectosDeLey/tramitacion.aspx?prmID=18844&prmBOLETIN=18181-13,2026-09-02T15:25:57Z
18845,18182-07,"Deroga la ley N° 80, que manda publicar en el Diario Oficial y en orden correlativo todos los decretos de que tome razón la Dirección del Tesoro",2026-04-14,parlamentario,Moción,2,Senado,2,true,Primer trámite constitucional,https://www.camara.cl/legislacion/ProyectosDeLey/tramitacion.aspx?prmID=18845&prmBOLETIN=18182-07,2026-09-02T15:25:58Z
18846,18183-07,"Deroga la ley N° 1.025, que ordena que los conocimientos de naves vengan visados por los cónsules de la República",2026-04-14,parlamentario,Moción,2,Senado,2,true,Primer trámite constitucional,https://www.camara.cl/legislacion/ProyectosDeLey/tramitacion.aspx?prmID=18846&prmBOLETIN=18183-07,2026-09-02T15:25:58Z
18847,18184-07,"Deroga la ley N° 1.187, sobre internación de mercaderías por los boquetes de Antuco, Lonquimay, Pucón y Nahuelhuapi",2026-04-14,parlamentario,Moción,2,Senado,2,true,Primer trámite constitucional,https://www.camara.cl/legislacion/ProyectosDeLey/tramitacion.aspx?prmID=18847&prmBOLETIN=18184-07,2026-09-02T15:25:58Z
18848,18185-07,"Deroga la ley N° 1.559, que incluye a Pisagua, Coronel y Puerto Montt entre los puertos por los cuales puede incorporarse y exportarse alcoholes, licores espirituosos y vinos de todas clases",2026-04-14,parlamentario,Moción,2,Senado,2,true,Primer trámite constitucional,https://www.camara.cl/legislacion/ProyectosDeLey/tramitacion.aspx?prmID=18848&prmBOLETIN=18185-07,2026-09-02T15:25:58Z
18849,18186-07,"Deroga la ley N° 1.644, que fija la pena en que deben incurrir los tesoreros fiscales, los administradores de Aduana, el Intendente General del Ejército y de la Marina, que no rindan sus cuentas en el plazo de veinte días después de terminado el mes y período en que deben presentarlas",2026-04-14,parlamentario,Moción,2,Senado,2,true,Primer trámite constitucional,https://www.camara.cl/legislacion/ProyectosDeLey/tramitacion.aspx?prmID=18849&prmBOLETIN=18186-07,2026-09-02T15:25:58Z
18850,18187-07,"Deroga la ley N° 1.930, que fija la ley de las monedas de un peso y cincuenta centavos",2026-04-14,parlamentario,Moción,2,Senado,2,true,Primer trámite constitucional,https://www.camara.cl/legislacion/ProyectosDeLey/tramitacion.aspx?prmID=18850&prmBOLETIN=18187-07,2026-09-02T15:25:58Z
18851,18188-07,"Deroga la ley N° 3.297, que prohíbe la exportación de los metales viejos o usados, que se indica",2026-04-14,parlamentario,Moción,2,Senado,2,true,Primer trámite constitucional,https://www.camara.cl/legislacion/ProyectosDeLey/tramitacion.aspx?prmID=18851&prmBOLETIN=18188-07,2026-09-02T15:25:58Z
18838,18178-10,"Aprueba el Acuerdo entre el Gobierno de la República de Chile y el Gobierno de la República de Tayikistán sobre la exención mutua del requisito de visa para titulares de pasaportes diplomáticos oficiales y de servicio, suscrito en Dushanbe, República de Tayikistán, el 9 de marzo de 2023",2026-04-15,ejecutivo,Mensaje,1,Cámara de Diputados,1,true,Tramitación terminada ( - D.Oficial ),https://www.camara.cl/legislacion/ProyectosDeLey/tramitacion.aspx?prmID=18838&prmBOLETIN=18178-10,2026-09-02T15:25:58Z
18859,18189-14,"Modifica la ley N° 20.898, con el objeto de ampliar el régimen excepcional de regularización de viviendas y actualizar la fecha de su aplicación",2026-04-15,parlamentario,Moción,2,Cámara de Diputados,1,true,Segundo trámite constitucional,https://www.camara.cl/legislacion/ProyectosDeLey/tramitacion.aspx?prmID=18859&prmBOLETIN=18189-14,2026-09-02T15:25:58Z
18858,18190-11,"Modifica la ley N° 20.606, sobre composición nutricional de los alimentos y su publicidad, con el objeto de incorporar criterios de rotulación de alimentos para animales",2026-04-15,parlamentario,Moción,2,Cámara de Diputados,1,true,Primer trámite constitucional,https://www.camara.cl/legislacion/ProyectosDeLey/tramitacion.aspx?prmID=18858&prmBOLETIN=18190-11,2026-09-02T15:25:58Z
18852,18191-37,Establece el 13 de octubre de cada año como el Día Nacional de la Gestión Cultural,2026-04-15,parlamentario,Moción,2,Senado,2,true,Primer trámite constitucional,https://www.camara.cl/legislacion/ProyectosDeLey/tramitacion.aspx?prmID=18852&prmBOLETIN=18191-37,2026-09-02T15:25:58Z
18853,18192-25,"Modifica diversos cuerpos legales, con el objeto de fortalecer la persecución penal de la distribución digital ilícita y proteger a los consumidores",2026-04-15,parlamentario,Moción,2,Senado,2,true,Primer trámite constitucional,https://www.camara.cl/legislacion/ProyectosDeLey/tramitacion.aspx?prmID=18853&prmBOLETIN=18192-25,2026-09-02T15:25:58Z
18854,18193-06,"Modifica la ley N° 19.886, Ley de Bases sobre Contratos Administrativos de Suministro y Prestación de Servicios, con el objeto de perfeccionar las disposiciones relativas a los procedimientos de contratación",2026-04-15,parlamentario,Moción,2,Senado,2,true,Primer trámite constitucional,https://www.camara.cl/legislacion/ProyectosDeLey/tramitacion.aspx?prmID=18854&prmBOLETIN=18193-06,2026-09-02T15:25:58Z
18855,18194-08,Crea un régimen jurídico especial aplicable a los minerales críticos,2026-04-15,parlamentario,Moción,2,Senado,2,true,Primer trámite constitucional,https://www.camara.cl/legislacion/ProyectosDeLey/tramitacion.aspx?prmID=18855&prmBOLETIN=18194-08,2026-09-02T15:25:58Z
18856,18195-07,"Modifica la Carta Fundamental, con el objeto de establecer la exigencia para senadores y diputados de someterse a un examen para detectar el consumo de sustancias o drogas estupefacientes o sicotrópicas.",2026-04-15,parlamentario,Moción,2,Senado,2,true,Primer trámite constitucional,https://www.camara.cl/legislacion/ProyectosDeLey/tramitacion.aspx?prmID=18856&prmBOLETIN=18195-07,2026-09-02T15:25:59Z
18860,18196-04,Amplía hipótesis de ingreso de Fuerzas de Orden y Seguridad a recintos universitarios y colegiales,2026-04-15,parlamentario,Moción,2,Cámara de Diputados,1,true,Primer trámite constitucional,https://www.camara.cl/legislacion/ProyectosDeLey/tramitacion.aspx?prmID=18860&prmBOLETIN=18196-04,2026-09-02T15:25:58Z
18857,18197-04,"Modifica la ley N° 20.027, en materia de cobro de créditos de educación superior, para fortalecer las garantías del debido proceso",2026-04-15,parlamentario,Moción,2,Cámara de Diputados,1,true,Primer trámite constitucional,https://www.camara.cl/legislacion/ProyectosDeLey/tramitacion.aspx?prmID=18857&prmBOLETIN=18197-04,2026-09-02T15:25:58Z
18861,18198-15,Modifica cuerpos legales que indica con el objeto de fortalecer la seguridad marítima y pesquera,2026-04-15,parlamentario,Moción,2,Cámara de Diputados,1,true,Primer trámite constitucional,https://www.camara.cl/legislacion/ProyectosDeLey/tramitacion.aspx?prmID=18861&prmBOLETIN=18198-15,2026-09-02T15:25:58Z
18862,18205-29,"Reconoce al fútbol amateur como actividad de interés público y establece normas sobre prevención de la violencia, seguridad, responsabilidad y transparencia en esa actividad",2026-04-15,parlamentario,Moción,2,Cámara de Diputados,1,true,Primer trámite constitucional,https://www.camara.cl/legislacion/ProyectosDeLey/tramitacion.aspx?prmID=18862&prmBOLETIN=18205-29,2026-09-02T15:25:58Z
18877,18214-07,Modifica la Constitución Política para declarar incompatible percibir pensiones de retiro y remuneraciones por ejercer cargos de elección popular o altos cargos de la administración del Estado,2026-04-15,parlamentario,Moción,2,Cámara de Diputados,1,true,Legislatura: 374 Fecha de ingreso: miércoles 15 de abril de 2026 Estado Primer trámite constitucional,https://www.camara.cl/legislacion/ProyectosDeLey/tramitacion.aspx?prmID=18877&prmBOLETIN=18214-07,2026-09-02T15:25:58Z
18869,18206-13,Modifica el Código del Trabajo en materia de contrato por horas y educación dual,2026-04-16,parlamentario,Moción,2,Cámara de Diputados,1,true,Primer trámite constitucional,https://www.camara.cl/legislacion/ProyectosDeLey/tramitacion.aspx?prmID=18869&prmBOLETIN=18206-13,2026-09-02T15:25:58Z
18906,18243-13,Establece como feriado irrenunciable el día Viernes Santo de cada año,2026-04-16,parlamentario,Moción,2,Cámara de Diputados,1,true,Primer trámite constitucional,https://www.camara.cl/legislacion/ProyectosDeLey/tramitacion.aspx?prmID=18906&prmBOLETIN=18243-13,2026-09-02T15:25:58Z
18881,18199-12,"Modifica la ley N° 20.920, que establece marco para la gestión de residuos, la responsabilidad extendida del productor y fomento al reciclaje, para sancionar las infracciones en la gestión de desechos textiles",2026-04-20,parlamentario,Moción,2,Cámara de Diputados,1,true,Primer trámite constitucional,https://www.camara.cl/legislacion/ProyectosDeLey/tramitacion.aspx?prmID=18881&prmBOLETIN=18199-12,2026-09-02T15:25:58Z
18868,18200-06,"Modifica la ley N° 19.886, de bases sobre contratos administrativos de suministro y prestación de servicios, con el objeto de establecer una inhabilidad especial respecto de las personas jurídicas que indica",2026-04-20,parlamentario,Moción,2,Cámara de Diputados,1,true,Primer trámite constitucional,https://www.camara.cl/legislacion/ProyectosDeLey/tramitacion.aspx?prmID=18868&prmBOLETIN=18200-06,2026-09-02T15:25:58Z
18864,18201-06,Rehabilita la nacionalidad chilena a Manuel Guillermo Pinto Pizarro,2026-04-20,parlamentario,Moción,2,Cámara de Diputados,1,true,Primer trámite constitucional,https://www.camara.cl/legislacion/ProyectosDeLey/tramitacion.aspx?prmID=18864&prmBOLETIN=18201-06,2026-09-02T15:25:58Z
18867,18202-06,Rehabilita la nacionalidad chilena a Carlos Javier Araya Labra,2026-04-20,parlamentario,Moción,2,Cámara de Diputados,1,true,Primer trámite constitucional,https://www.camara.cl/legislacion/ProyectosDeLey/tramitacion.aspx?prmID=18867&prmBOLETIN=18202-06,2026-09-02T15:25:58Z
18866,18203-06,Rehabilita la nacionalidad chilena a Cristóbal Parot Fernández,2026-04-20,parlamentario,Moción,2,Cámara de Diputados,1,true,Primer trámite constitucional,https://www.camara.cl/legislacion/ProyectosDeLey/tramitacion.aspx?prmID=18866&prmBOLETIN=18203-06,2026-09-02T15:25:58Z
18865,18204-06,Rehabilita la nacionalidad chilena a Blanca Rosa Fernández Peirano,2026-04-20,parlamentario,Moción,2,Cámara de Diputados,1,true,Primer trámite constitucional,https://www.camara.cl/legislacion/ProyectosDeLey/tramitacion.aspx?prmID=18865&prmBOLETIN=18204-06,2026-09-02T15:25:58Z
18870,18207-06,Rehabilita la nacionalidad chilena a Macarena Ximena Kathia Aguilera Fernández,2026-04-20,parlamentario,Moción,2,Cámara de Diputados,1,true,Primer trámite constitucional,https://www.camara.cl/legislacion/ProyectosDeLey/tramitacion.aspx?prmID=18870&prmBOLETIN=18207-06,2026-09-02T15:25:58Z
18863,18208-25,"Modifica el Código Procesal Penal, para regular la continuidad del juicio oral y permitir la dictación de sentencia definitiva ante la incomparecencia injustificada del acusado",2026-04-20,ejecutivo,Mensaje,1,Senado,2,true,Primer trámite constitucional,https://www.camara.cl/legislacion/ProyectosDeLey/tramitacion.aspx?prmID=18863&prmBOLETIN=18208-25,2026-09-02T15:25:58Z
18873,18209-04,"Establece requisitos de legalidad, transparencia y auditoría para la ejecución de cobros de créditos educativos con garantía estatal",2026-04-20,parlamentario,Moción,2,Cámara de Diputados,1,true,Primer trámite constitucional,https://www.camara.cl/legislacion/ProyectosDeLey/tramitacion.aspx?prmID=18873&prmBOLETIN=18209-04,2026-09-02T15:25:58Z
18884,18221-11,Garantiza el acceso efectivo a prestaciones de salud en zonas rurales y aisladas mediante la incorporación del principio de pertinencia territorial en la atención primaria municipal,2026-04-20,parlamentario,Moción,2,Cámara de Diputados,1,true,Primer trámite constitucional,https://www.camara.cl/legislacion/ProyectosDeLey/tramitacion.aspx?prmID=18884&prmBOLETIN=18221-11,2026-09-02T15:25:58Z
18874,18210-06,Concede la nacionalidad chilena por gracia al ciudadano uruguayo Pablo Lemoine,2026-04-21,parlamentario,Moción,2,Cámara de Diputados,1,true,Segundo trámite constitucional,https://www.camara.cl/legislacion/ProyectosDeLey/tramitacion.aspx?prmID=18874&prmBOLETIN=18210-06,2026-09-02T15:25:58Z
18876,18212-07,"Modifica el código penal y la ley Nº 20.084, con el objeto de establecer la responsabilidad penal de los padres o guardadores por omisión grave del deber de cuidado",2026-04-21,parlamentario,Moción,2,Cámara de Diputados,1,true,Primer trámite constitucional,https://www.camara.cl/legislacion/ProyectosDeLey/tramitacion.aspx?prmID=18876&prmBOLETIN=18212-07,2026-09-02T15:25:58Z
18896,18220-07,Reforma constitucional que extiende el periodo en el que las autoridades del Gobierno deben comparecer y suministrar antecedentes ante las comisiones especiales investigadoras,2026-04-21,parlamentario,Moción,2,Cámara de Diputados,1,true,Primer trámite constitucional,https://www.camara.cl/legislacion/ProyectosDeLey/tramitacion.aspx?prmID=18896&prmBOLETIN=18220-07,2026-09-02T15:25:58Z
18875,18211-25,"Modifica el código penal, con el objeto de tipificar el delito de ocultamiento de identidad en el contexto de eventos masivos y desórdenes públicos",2026-04-22,parlamentario,Moción,2,Cámara de Diputados,1,true,Segundo trámite constitucional,https://www.camara.cl/legislacion/ProyectosDeLey/tramitacion.aspx?prmID=18875&prmBOLETIN=18211-25,2026-09-02T15:25:58Z
18871,18215-10,"Acuerdo de mutua exención del requisito de visa para los titulares de pasaportes diplomáticos, especiales y oficiales entre el Gobierno de la República de Chile y el Gobierno del Estado de Catar",2026-04-22,ejecutivo,Mensaje,1,Cámara de Diputados,1,true,de Catar Legislatura: 374 Fecha de ingreso: miércoles 22 de abril de 2026 Estado Tramitación terminada ( - D.Oficial ),https://www.camara.cl/legislacion/ProyectosDeLey/tramitacion.aspx?prmID=18871&prmBOLETIN=18215-10,2026-09-02T15:25:58Z
18872,18216-05,Para la reconstrucción nacional y el desarrollo económico y social,2026-04-22,ejecutivo,Mensaje,1,Cámara de Diputados,1,true,Trámite en Tribunal Constitucional,https://www.camara.cl/legislacion/ProyectosDeLey/tramitacion.aspx?prmID=18872&prmBOLETIN=18216-05,2026-09-02T15:25:59Z
18879,18217-07,"Modifica diversos cuerpos legales, con el objeto de perfeccionar las disposiciones relativas a la persecución penal de la criminalidad organizada y el terrorismo",2026-04-22,parlamentario,Moción,2,Senado,2,true,Primer trámite constitucional,https://www.camara.cl/legislacion/ProyectosDeLey/tramitacion.aspx?prmID=18879&prmBOLETIN=18217-07,2026-09-02T15:25:59Z
18880,18218-25,"Modifica diversos cuerpos legales, en materia de persecución de conductas que afectan la seguridad en espacios públicos o alteran gravemente la convivencia ciudadana",2026-04-22,parlamentario,Moción,2,Senado,2,true,Primer trámite constitucional,https://www.camara.cl/legislacion/ProyectosDeLey/tramitacion.aspx?prmID=18880&prmBOLETIN=18218-25,2026-09-02T15:25:58Z
18885,18219-07,Modifica cuerpos legales que indica para extender el estatuto de protección al denunciante de delitos de corrupción y criminalidad económica,2026-04-22,parlamentario,Moción,2,Cámara de Diputados,1,true,Primer trámite constitucional,https://www.camara.cl/legislacion/ProyectosDeLey/tramitacion.aspx?prmID=18885&prmBOLETIN=18219-07,2026-09-02T15:25:59Z
18888,18222-06,Modifica el régimen jurídico aplicable a la participación de las mujeres en política,2026-04-22,parlamentario,Moción,2,Cámara de Diputados,1,true,Primer trámite constitucional,https://www.camara.cl/legislacion/ProyectosDeLey/tramitacion.aspx?prmID=18888&prmBOLETIN=18222-06,2026-09-02T15:25:59Z
18895,18233-07,"Modifica la Carta Fundamental, con el objeto de regular la conducción estratégica del Estado en materias de seguridad",2026-04-22,parlamentario,Moción,2,Senado,2,true,en materias de seguridad Legislatura: 374 Fecha de ingreso: miércoles 22 de abril de 2026 Estado Primer trámite constitucional,https://www.camara.cl/legislacion/ProyectosDeLey/tramitacion.aspx?prmID=18895&prmBOLETIN=18233-07,2026-09-02T15:25:59Z
18889,18223-15,"Establece un régimen transitorio de exención de sanciones para conductores de aplicaciones de transporte remunerado de pasajeros, hasta la entrada en vigencia de la ley N° 21.553",2026-04-25,parlamentario,Moción,2,Cámara de Diputados,1,true,Primer trámite constitucional,https://www.camara.cl/legislacion/ProyectosDeLey/tramitacion.aspx?prmID=18889&prmBOLETIN=18223-15,2026-09-02T15:25:59Z
18893,18224-18,"Establece un marco integral de protección de niñas, niños y adolescentes en el uso de redes sociales",2026-04-27,parlamentario,Moción,2,Cámara de Diputados,1,true,Primer trámite constitucional,https://www.camara.cl/legislacion/ProyectosDeLey/tramitacion.aspx?prmID=18893&prmBOLETIN=18224-18,2026-09-02T15:25:59Z
18890,18225-07,"Incorpora una disposición transitoria en la Carta Fundamental para establecer una tarifa gratuita para adultos mayores, personas en situación de discapacidad y cuidadores en el transporte público",2026-04-28,parlamentario,Moción,2,Cámara de Diputados,1,true,Primer trámite constitucional,https://www.camara.cl/legislacion/ProyectosDeLey/tramitacion.aspx?prmID=18890&prmBOLETIN=18225-07,2026-09-02T15:25:59Z
18891,18226-15,Autoriza la aplicación de prefijos telefónicos en la identificación de llamadas de cobranza extrajudicial,2026-04-28,parlamentario,Moción,2,Cámara de Diputados,1,true,Primer trámite constitucional,https://www.camara.cl/legislacion/ProyectosDeLey/tramitacion.aspx?prmID=18891&prmBOLETIN=18226-15,2026-09-02T15:25:59Z
18892,18227-11,Modifica el Código Sanitario para reforzar las exigencias aplicables al etiquetado de productos alimenticios en materia de fecha de vencimiento,2026-04-28,parlamentario,Moción,2,Cámara de Diputados,1,true,Primer trámite constitucional,https://www.camara.cl/legislacion/ProyectosDeLey/tramitacion.aspx?prmID=18892&prmBOLETIN=18227-11,2026-09-02T15:25:59Z
18887,18228-04,"Modifica la ley Nº 20.027, que establece normas para el financiamiento de estudios de educación superior, en materia de cobro de las deudas del Crédito con Aval del Estado",2026-04-28,parlamentario,Moción,2,Cámara de Diputados,1,true,Legislatura: 374 Fecha de ingreso: martes 28 de abril de 2026 Estado Primer trámite constitucional,https://www.camara.cl/legislacion/ProyectosDeLey/tramitacion.aspx?prmID=18887&prmBOLETIN=18228-04,2026-09-02T15:25:59Z
18894,18229-11,Introduce la obligación de contar con desfibriladores externos automáticos en encuentros de fútbol no profesional,2026-04-29,parlamentario,Moción,2,Cámara de Diputados,1,true,Primer trámite constitucional,https://www.camara.cl/legislacion/ProyectosDeLey/tramitacion.aspx?prmID=18894&prmBOLETIN=18229-11,2026-09-02T15:25:59Z
18898,18234-35,Establece el deber de implementar medidas de accesibilidad en la construcción y diseño de viviendas en beneficio de personas mayores,2026-04-29,parlamentario,Moción,2,Cámara de Diputados,1,true,Primer trámite constitucional,https://www.camara.cl/legislacion/ProyectosDeLey/tramitacion.aspx?prmID=18898&prmBOLETIN=18234-35,2026-09-02T15:25:59Z
18897,18235-19,Impone a las plataformas de redes sociales la obligación de eliminar contenido que induzca a la realización de conductas extremas que pongan en riesgo la integridad o salud de las personas,2026-04-29,parlamentario,Moción,2,Cámara de Diputados,1,true,Primer trámite constitucional,https://www.camara.cl/legislacion/ProyectosDeLey/tramitacion.aspx?prmID=18897&prmBOLETIN=18235-19,2026-09-02T15:25:59Z
18883,18230-13,"Reajusta el monto del ingreso mínimo mensual, así como de la asignación familiar y maternal y del subsidio familiar",2026-04-30,ejecutivo,Mensaje,1,Cámara de Diputados,1,true,Tramitación terminada (Ley N° 21.830 - D.Oficial 22/06/2026),https://www.camara.cl/legislacion/ProyectosDeLey/tramitacion.aspx?prmID=18883&prmBOLETIN=18230-13,2026-09-02T15:25:59Z
18882,18231-35,Establece el Día Nacional de la Teletón y el Día Nacional del Encuentro Familiar,2026-05-04,ejecutivo,Mensaje,1,Senado,2,true,Segundo trámite constitucional,https://www.camara.cl/legislacion/ProyectosDeLey/tramitacion.aspx?prmID=18882&prmBOLETIN=18231-35,2026-09-02T15:25:59Z
18886,18232-25,"Modifica la ley N° 21.659, sobre seguridad privada, para aumentar el plazo de presentación y pronunciamiento sobre los estudios de seguridad que dispone, y extiende la prórroga de vigencia de la última autorización del personal de seguridad privada que indica",2026-05-04,ejecutivo,Mensaje,1,Cámara de Diputados,1,true,Tramitación terminada (Ley N° 21.825 - D.Oficial 28/05/2026),https://www.camara.cl/legislacion/ProyectosDeLey/tramitacion.aspx?prmID=18886&prmBOLETIN=18232-25,2026-09-02T15:25:59Z
18899,18236-18,Fortalece la protección de las víctimas de violencia intrafamiliar y previene su revictimización,2026-05-04,parlamentario,Moción,2,Cámara de Diputados,1,true,Primer trámite constitucional,https://www.camara.cl/legislacion/ProyectosDeLey/tramitacion.aspx?prmID=18899&prmBOLETIN=18236-18,2026-09-02T15:25:59Z
18900,18237-33,"Prorroga el plazo establecido en el artículo segundo transitorio de la ley N° 21.435, que reforma el Código de Aguas",2026-05-04,parlamentario,Moción,2,Cámara de Diputados,1,true,Tercer trámite constitucional,https://www.camara.cl/legislacion/ProyectosDeLey/tramitacion.aspx?prmID=18900&prmBOLETIN=18237-33,2026-09-02T15:25:59Z
18901,18238-25,Regula el uso de la fuerza por parte de Gendarmería de Chile,2026-05-05,parlamentario,Moción,2,Senado,2,true,Primer trámite constitucional,https://www.camara.cl/legislacion/ProyectosDeLey/tramitacion.aspx?prmID=18901&prmBOLETIN=18238-25,2026-09-02T15:25:59Z
18904,18240-13,"Modifica el artículo 66 del Código del Trabajo, con el objeto de ampliar el plazo del permiso a que tiene derecho todo trabajador en el caso de muerte de un hijo, cónyuge o conviviente civil",2026-05-05,parlamentario,Moción,2,Senado,2,true,Primer trámite constitucional,https://www.camara.cl/legislacion/ProyectosDeLey/tramitacion.aspx?prmID=18904&prmBOLETIN=18240-13,2026-09-02T15:25:59Z
18903,18241-03,Regula el corretaje de propiedades y su ejercicio mediante plataformas digitales,2026-05-05,parlamentario,Moción,2,Senado,2,true,Primer trámite constitucional,https://www.camara.cl/legislacion/ProyectosDeLey/tramitacion.aspx?prmID=18903&prmBOLETIN=18241-03,2026-09-02T15:25:59Z
18907,18244-07,Modifica el Código Penal para agravar las sanciones en materia de secuestro,2026-05-05,parlamentario,Moción,2,Cámara de Diputados,1,true,Primer trámite constitucional,https://www.camara.cl/legislacion/ProyectosDeLey/tramitacion.aspx?prmID=18907&prmBOLETIN=18244-07,2026-09-02T15:25:59Z
18909,18245-12,Introduce y regula la obligación de las empresas de rellenos sanitarios de elaborar un plan para la reducción de gas metano dentro de sus instalaciones,2026-05-05,parlamentario,Moción,2,Cámara de Diputados,1,true,Primer trámite constitucional,https://www.camara.cl/legislacion/ProyectosDeLey/tramitacion.aspx?prmID=18909&prmBOLETIN=18245-12,2026-09-02T15:25:59Z
18902,18239-36,"Establece sanciones en el caso de acusaciones, denuncias o querellas falsas y regula el procedimiento para su aplicación",2026-05-06,parlamentario,Moción,2,Senado,2,true,Primer trámite constitucional,https://www.camara.cl/legislacion/ProyectosDeLey/tramitacion.aspx?prmID=18902&prmBOLETIN=18239-36,2026-09-02T15:25:59Z
18905,18242-13,"Modifica el Código del Trabajo, con el objeto de permitir la cesión voluntaria de parte del feriado legal a otros trabajadores, en los casos que indica",2026-05-06,parlamentario,Moción,2,Senado,2,true,Primer trámite constitucional,https://www.camara.cl/legislacion/ProyectosDeLey/tramitacion.aspx?prmID=18905&prmBOLETIN=18242-13,2026-09-02T15:25:59Z
18908,18246-18,Protege a los menores de edad frente a la adicción a las nuevas tecnologías y prohíbe el acceso a redes sociales y otras plataformas,2026-05-06,parlamentario,Moción,2,Cámara de Diputados,1,true,Primer trámite constitucional,https://www.camara.cl/legislacion/ProyectosDeLey/tramitacion.aspx?prmID=18908&prmBOLETIN=18246-18,2026-09-02T15:25:59Z
18910,18247-13,Modifica el Código del Trabajo para otorgar un permiso laboral en caso de fallecimiento de los abuelos o nietos del trabajador,2026-05-06,parlamentario,Moción,2,Cámara de Diputados,1,true,Primer trámite constitucional,https://www.camara.cl/legislacion/ProyectosDeLey/tramitacion.aspx?prmID=18910&prmBOLETIN=18247-13,2026-09-02T15:25:59Z
18911,18248-07,Modifica el artículo 149 del Código Procesal Penal con el objeto de permitir la interposición verbal del recurso de apelación por parte del Ministerio Público en el caso de delitos cometidos en contexto de violencia intrafamiliar,2026-05-06,parlamentario,Moción,2,Cámara de Diputados,1,true,Primer trámite constitucional,https://www.camara.cl/legislacion/ProyectosDeLey/tramitacion.aspx?prmID=18911&prmBOLETIN=18248-07,2026-09-02T15:25:59Z
18912,18249-07,Modifica el artículo 325 del Código Procesal Penal con el objeto de permitir la rendición de prueba anticipada en el juicio oral en caso de incomparecencia injustificada del imputado,2026-05-06,parlamentario,Moción,2,Cámara de Diputados,1,true,Primer trámite constitucional,https://www.camara.cl/legislacion/ProyectosDeLey/tramitacion.aspx?prmID=18912&prmBOLETIN=18249-07,2026-09-02T15:25:59Z
18913,18250-07,Tipifica la difusión de amenazas de violencia masiva en recintos de alta concurrencia como delito autónomo contra la seguridad colectiva,2026-05-07,parlamentario,Moción,2,Cámara de Diputados,1,true,Primer trámite constitucional,https://www.camara.cl/legislacion/ProyectosDeLey/tramitacion.aspx?prmID=18913&prmBOLETIN=18250-07,2026-09-02T15:25:59Z
18914,18251-07,Modifica el artículo 445 del Código de Procedimiento Civil para establecer un régimen excepcional de inembargabilidad de la vivienda principal del deudor,2026-05-09,parlamentario,Moción,2,Cámara de Diputados,1,true,Primer trámite constitucional,https://www.camara.cl/legislacion/ProyectosDeLey/tramitacion.aspx?prmID=18914&prmBOLETIN=18251-07,2026-09-02T15:25:59Z
18915,18252-07,Modifica el artículo 38 bis de la Constitución Política de la República,2026-05-09,parlamentario,Moción,2,Cámara de Diputados,1,true,Primer trámite constitucional,https://www.camara.cl/legislacion/ProyectosDeLey/tramitacion.aspx?prmID=18915&prmBOLETIN=18252-07,2026-09-02T15:25:59Z
18951,18262-06,Establece como requisito para el ingreso a cargos de la Administración del Estado el pago de créditos adeudados al Fisco,2026-05-11,parlamentario,Moción,2,Cámara de Diputados,1,true,el pago de créditos adeudados al Fisco Legislatura: 374 Fecha de ingreso: lunes 11 de mayo de 2026 Estado Primer trámite constitucional,https://www.camara.cl/legislacion/ProyectosDeLey/tramitacion.aspx?prmID=18951&prmBOLETIN=18262-06,2026-09-02T15:25:59Z
18953,18263-03,Para la protección de la vivienda propia y el resguardo del pago de los créditos hipotecarios ante el alza de la unidad de fomento,2026-05-11,parlamentario,Moción,2,Cámara de Diputados,1,true,Primer trámite constitucional,https://www.camara.cl/legislacion/ProyectosDeLey/tramitacion.aspx?prmID=18953&prmBOLETIN=18263-03,2026-09-02T15:25:59Z
18944,18264-07,"Modifica el artículo 57 de la Constitución Política de la República, para eliminar la facultad de las autoridades locales y regionales de renunciar a sus cargos para ser candidatos a diputados y senadores",2026-05-12,parlamentario,Moción,2,Cámara de Diputados,1,true,Primer trámite constitucional,https://www.camara.cl/legislacion/ProyectosDeLey/tramitacion.aspx?prmID=18944&prmBOLETIN=18264-07,2026-09-02T15:26:01Z
18950,18265-07,Modifica textos legales que indica en materia de procedencia de la prisión preventiva y penas sustitutivas a las privativas y restrictivas de libertad,2026-05-12,parlamentario,Moción,2,Cámara de Diputados,1,true,Primer trámite constitucional,https://www.camara.cl/legislacion/ProyectosDeLey/tramitacion.aspx?prmID=18950&prmBOLETIN=18265-07,2026-09-02T15:25:59Z
18945,18266-15,Establece un número único de emergencias en concesiones viales,2026-05-12,parlamentario,Moción,2,Cámara de Diputados,1,true,Primer trámite constitucional,https://www.camara.cl/legislacion/ProyectosDeLey/tramitacion.aspx?prmID=18945&prmBOLETIN=18266-15,2026-09-02T15:25:59Z
19144,18463-06,"Suspende la aplicación del mecanismo de actualización de escaños parlamentarios previsto en el artículo 189 de la ley N° 18.700, orgánica constitucional sobre Votaciones Populares y Escrutinios",2026-05-12,parlamentario,Moción,2,Cámara de Diputados,1,true,Primer trámite constitucional,https://www.camara.cl/legislacion/ProyectosDeLey/tramitacion.aspx?prmID=19144&prmBOLETIN=18463-06,2026-09-02T15:26:00Z
18917,18253-25,"Modifica diversos cuerpos legales, con el objeto de fortalecer la protección y seguridad en los establecimientos de salud",2026-05-13,parlamentario,Moción,2,Senado,2,true,Primer trámite constitucional,https://www.camara.cl/legislacion/ProyectosDeLey/tramitacion.aspx?prmID=18917&prmBOLETIN=18253-25,2026-09-02T15:26:00Z
18916,18254-11,"Modifica diversos cuerpos legales, con el objeto de aumentar las sanciones ante el incumplimiento del período de asignación obligatoria por parte de los profesionales del área de la salud que indica",2026-05-13,parlamentario,Moción,2,Senado,2,true,Primer trámite constitucional,https://www.camara.cl/legislacion/ProyectosDeLey/tramitacion.aspx?prmID=18916&prmBOLETIN=18254-11,2026-09-02T15:26:00Z
18946,18267-24,"Modifica la ley N° 19.928, sobre fomento de la música chilena, para regular y proteger la participación de teloneros chilenos en conciertos de artistas extranjeros",2026-05-13,parlamentario,Moción,2,Cámara de Diputados,1,true,Primer trámite constitucional,https://www.camara.cl/legislacion/ProyectosDeLey/tramitacion.aspx?prmID=18946&prmBOLETIN=18267-24,2026-09-02T15:26:00Z
18949,18268-06,Modifica textos legales que indica para fortalecer la transparencia activa y la rendición de cuentas en la ejecución de los aportes fiscales de libre disposición del royalty minero,2026-05-13,parlamentario,Moción,2,Cámara de Diputados,1,true,Primer trámite constitucional,https://www.camara.cl/legislacion/ProyectosDeLey/tramitacion.aspx?prmID=18949&prmBOLETIN=18268-06,2026-09-02T15:26:00Z
18948,18269-01,"Establece medidas de prevención y control de riesgos asociados a perros salvajes o ferales, en la seguridad de las personas, el ganado y la fauna silvestre",2026-05-13,parlamentario,Moción,2,Cámara de Diputados,1,true,Primer trámite constitucional,https://www.camara.cl/legislacion/ProyectosDeLey/tramitacion.aspx?prmID=18948&prmBOLETIN=18269-01,2026-09-02T15:26:00Z
18947,18270-25,"Regula la fabricación, acondicionamiento, importación, comercialización y uso de vehículos blindados de uso particular",2026-05-13,parlamentario,Moción,2,Cámara de Diputados,1,true,Primer trámite constitucional,https://www.camara.cl/legislacion/ProyectosDeLey/tramitacion.aspx?prmID=18947&prmBOLETIN=18270-25,2026-09-02T15:26:00Z
18952,18271-07,Establece la obligación de declarar los aportes provenientes desde el extranjero para personas jurídicas sin fines de lucro,2026-05-13,parlamentario,Moción,2,Cámara de Diputados,1,true,Primer trámite constitucional,https://www.camara.cl/legislacion/ProyectosDeLey/tramitacion.aspx?prmID=18952&prmBOLETIN=18271-07,2026-09-02T15:26:00Z
18959,18281-15,Modifica la Ley de Tránsito para establecer una excepción acotada a la restricción vehicular respecto de vehículos destinados al funcionamiento de ferias libres legalmente autorizadas,2026-05-14,parlamentario,Moción,2,Cámara de Diputados,1,true,Primer trámite constitucional,https://www.camara.cl/legislacion/ProyectosDeLey/tramitacion.aspx?prmID=18959&prmBOLETIN=18281-15,2026-09-02T15:26:00Z
18960,18282-07,"Modifica el Código Penal para sancionar toda forma de instrumentalización de niños, niñas y adolescentes para cometer delitos",2026-05-15,parlamentario,Moción,2,Cámara de Diputados,1,true,Primer trámite constitucional,https://www.camara.cl/legislacion/ProyectosDeLey/tramitacion.aspx?prmID=18960&prmBOLETIN=18282-07,2026-09-02T15:26:00Z
18957,18283-35,Dispone como beneficiarios de la cuota preferente de inclusión laboral a las y los cuidadores no remunerados y otras personas que indica,2026-05-15,parlamentario,Moción,2,Cámara de Diputados,1,true,Primer trámite constitucional,https://www.camara.cl/legislacion/ProyectosDeLey/tramitacion.aspx?prmID=18957&prmBOLETIN=18283-35,2026-09-02T15:26:00Z
18968,18284-29,"Establece medidas de control, prohibición y resguardo de la integridad deportiva respecto de plataformas de apuestas en línea no autorizadas",2026-05-17,parlamentario,Moción,2,Cámara de Diputados,1,true,Primer trámite constitucional,https://www.camara.cl/legislacion/ProyectosDeLey/tramitacion.aspx?prmID=18968&prmBOLETIN=18284-29,2026-09-02T15:26:00Z
18918,18255-31,Establece un beneficio de compensación por la compra de pañales y de medicamentos,2026-05-18,ejecutivo,Mensaje,1,Cámara de Diputados,1,true,Primer trámite constitucional,https://www.camara.cl/legislacion/ProyectosDeLey/tramitacion.aspx?prmID=18918&prmBOLETIN=18255-31,2026-09-02T15:26:00Z
18919,18256-10,"Aprueba el Acuerdo entre la República de Chile y la República Helénica sobre el empleo remunerado de dependientes de miembros de una misión diplomática o representación consular, suscrito en Santiago, el 24 de abril de 2024",2026-05-18,ejecutivo,Mensaje,1,Cámara de Diputados,1,true,Trámite finalización en Cámara de Origen,https://www.camara.cl/legislacion/ProyectosDeLey/tramitacion.aspx?prmID=18919&prmBOLETIN=18256-10,2026-09-02T15:26:00Z
18920,18257-10,"Aprueba el Acuerdo general sobre los privilegios e inmunidades de la Organización Internacional de Policía Criminal-INTERPOL, aprobado en Marrakech, Marruecos, el 24 de noviembre de 2025",2026-05-18,ejecutivo,Mensaje,1,Cámara de Diputados,1,true,Tramitación terminada ( - D.Oficial ),https://www.camara.cl/legislacion/ProyectosDeLey/tramitacion.aspx?prmID=18920&prmBOLETIN=18257-10,2026-09-02T15:26:00Z
18921,18258-07,"Modifica la ley N°18.415, orgánica constitucional de los estados de excepción, en materia de control de identidad y otros",2026-05-18,ejecutivo,Mensaje,1,Cámara de Diputados,1,true,Segundo trámite constitucional,https://www.camara.cl/legislacion/ProyectosDeLey/tramitacion.aspx?prmID=18921&prmBOLETIN=18258-07,2026-09-02T15:26:00Z
18922,18259-08,"Modifica el Código de Minería y las leyes números 21.420 y 21.649, en materia de amparo minero y otras materias que indica",2026-05-18,ejecutivo,Mensaje,1,Cámara de Diputados,1,true,Segundo trámite constitucional,https://www.camara.cl/legislacion/ProyectosDeLey/tramitacion.aspx?prmID=18922&prmBOLETIN=18259-08,2026-09-02T15:26:00Z
18958,18285-05,Modifica los cuerpos legales que indica para fortalecer la publicidad y transparencia en materia de modificación presupuestaria,2026-05-18,parlamentario,Moción,2,Cámara de Diputados,1,true,Primer trámite constitucional,https://www.camara.cl/legislacion/ProyectosDeLey/tramitacion.aspx?prmID=18958&prmBOLETIN=18285-05,2026-09-02T15:26:00Z
18964,18290-15,Establece una exención del pago de peajes en situaciones de emergencia que indica,2026-05-18,parlamentario,Moción,2,Cámara de Diputados,1,true,Primer trámite constitucional,https://www.camara.cl/legislacion/ProyectosDeLey/tramitacion.aspx?prmID=18964&prmBOLETIN=18290-15,2026-09-02T15:26:00Z
18923,18260-07,"Crea los Tribunales de Familia, con el objeto de establecer un procedimiento especial para la determinación de la responsabilidad parental en el caso de daños provocados por niños, niñas y adolescentes.",2026-05-19,parlamentario,Moción,2,Senado,2,true,Primer trámite constitucional,https://www.camara.cl/legislacion/ProyectosDeLey/tramitacion.aspx?prmID=18923&prmBOLETIN=18260-07,2026-09-02T15:26:00Z
18924,18261-13,Declara el día 4 de noviembre de cada año como el Día Nacional del Trabajador de Cementerios,2026-05-19,parlamentario,Moción,2,Senado,2,true,Primer trámite constitucional,https://www.camara.cl/legislacion/ProyectosDeLey/tramitacion.aspx?prmID=18924&prmBOLETIN=18261-13,2026-09-02T15:26:00Z
18936,18272-37,Declara el trabajo de las mujeres descoladoras en la industria pesquera como patrimonio cultural inmaterial de Chile,2026-05-19,parlamentario,Moción,2,Senado,2,true,Primer trámite constitucional,https://www.camara.cl/legislacion/ProyectosDeLey/tramitacion.aspx?prmID=18936&prmBOLETIN=18272-37,2026-09-02T15:26:00Z
18937,18273-21,"Modifica la Ley General de Pesca y Acuicultura, con el objeto de reconocer las actividades conexas a la pesca industrial.",2026-05-19,parlamentario,Moción,2,Senado,2,true,Primer trámite constitucional,https://www.camara.cl/legislacion/ProyectosDeLey/tramitacion.aspx?prmID=18937&prmBOLETIN=18273-21,2026-09-02T15:26:00Z
18938,18274-07,"Modifica la Carta Fundamental, con el objeto de consagrar el deber del Estado de resguardar la soberanía digital",2026-05-19,parlamentario,Moción,2,Senado,2,true,de resguardar la soberanía digital Legislatura: 374 Fecha de ingreso: martes 19 de mayo de 2026 Estado Primer trámite constitucional,https://www.camara.cl/legislacion/ProyectosDeLey/tramitacion.aspx?prmID=18938&prmBOLETIN=18274-07,2026-09-02T15:26:00Z
18939,18275-12,"Modifica diversos cuerpos legales, con el objeto de precisar las funciones ecosistémicas esenciales de los humedales urbanos y los criterios para su delimitación y protección.",2026-05-19,parlamentario,Moción,2,Senado,2,true,Primer trámite constitucional,https://www.camara.cl/legislacion/ProyectosDeLey/tramitacion.aspx?prmID=18939&prmBOLETIN=18275-12,2026-09-02T15:26:00Z
18940,18276-07,"Modifica el número 1° del artículo 447 del Código Penal, con el objeto de actualizar los términos utilizados en la tipificación del delito de hurto doméstico",2026-05-20,parlamentario,Moción,2,Senado,2,true,Primer trámite constitucional,https://www.camara.cl/legislacion/ProyectosDeLey/tramitacion.aspx?prmID=18940&prmBOLETIN=18276-07,2026-09-02T15:26:00Z
18954,18277-04,Restringe el uso de redes sociales por parte de los menores de edad que indica,2026-05-20,parlamentario,Moción,2,Senado,2,true,Primer trámite constitucional,https://www.camara.cl/legislacion/ProyectosDeLey/tramitacion.aspx?prmID=18954&prmBOLETIN=18277-04,2026-09-02T15:26:00Z
18955,18278-13,"Sanciona las acusaciones falsas en materia laboral, y modifica el Código Penal y el Código del Trabajo del modo que indica",2026-05-20,parlamentario,Moción,2,Senado,2,true,Primer trámite constitucional,https://www.camara.cl/legislacion/ProyectosDeLey/tramitacion.aspx?prmID=18955&prmBOLETIN=18278-13,2026-09-02T15:26:00Z
18965,18289-01,"Modifica el DFL N° 30, de 2004, que aprueba el texto refundido, coordinado y sistematizado del decreto con fuerza de ley de Hacienda N° 213, de 1953, sobre ordenanza de aduanas, para establecer sanciones en caso de contrabando de productos agropecuarios infestados",2026-05-20,parlamentario,Moción,2,Cámara de Diputados,1,true,Primer trámite constitucional,https://www.camara.cl/legislacion/ProyectosDeLey/tramitacion.aspx?prmID=18965&prmBOLETIN=18289-01,2026-09-02T15:26:00Z
18963,18288-06,Modifica diversos cuerpos legales para eliminar la facultad de autoridades locales y regionales de renunciar antes del periodo establecido y postular a nuevos cargos de elección popular,2026-05-21,parlamentario,Moción,2,Cámara de Diputados,1,true,Primer trámite constitucional,https://www.camara.cl/legislacion/ProyectosDeLey/tramitacion.aspx?prmID=18963&prmBOLETIN=18288-06,2026-09-02T15:26:00Z
18971,18287-11,Establece un marco general para la implementación de la reproducción humana asistida,2026-05-26,parlamentario,Moción,2,Cámara de Diputados,1,true,Primer trámite constitucional,https://www.camara.cl/legislacion/ProyectosDeLey/tramitacion.aspx?prmID=18971&prmBOLETIN=18287-11,2026-09-02T15:26:00Z
18970,18291-07,Fortalece legítima defensa privilegiada y la protección jurídica de las víctimas de delitos violentos,2026-05-27,parlamentario,Moción,2,Cámara de Diputados,1,true,Primer trámite constitucional,https://www.camara.cl/legislacion/ProyectosDeLey/tramitacion.aspx?prmID=18970&prmBOLETIN=18291-07,2026-09-02T15:26:00Z
18969,18292-07,Modifica cuerpos legales que indica para fortalecer la persecución penal en materia de reincidencia,2026-05-27,parlamentario,Moción,2,Cámara de Diputados,1,true,Primer trámite constitucional,https://www.camara.cl/legislacion/ProyectosDeLey/tramitacion.aspx?prmID=18969&prmBOLETIN=18292-07,2026-09-02T15:26:00Z
18967,18293-15,Modifica ley del tránsito para aumentar la frecuencia de la revisión técnica de los buses de dos pisos,2026-05-28,parlamentario,Moción,2,Cámara de Diputados,1,true,Primer trámite constitucional,https://www.camara.cl/legislacion/ProyectosDeLey/tramitacion.aspx?prmID=18967&prmBOLETIN=18293-15,2026-09-02T15:26:00Z
18966,18295-07,Modifica el Código Penal para sancionar el falso anuncio de atentados o explosivos en establecimientos educacionales,2026-05-28,parlamentario,Moción,2,Cámara de Diputados,1,true,Primer trámite constitucional,https://www.camara.cl/legislacion/ProyectosDeLey/tramitacion.aspx?prmID=18966&prmBOLETIN=18295-07,2026-09-02T15:26:00Z
18985,18306-15,"Modifica la ley N° 18.290, de tránsito, para sancionar la negativa a aceptar el pago de tarifa escolar en el transporte público remunerado de pasajeros",2026-05-29,parlamentario,Moción,2,Cámara de Diputados,1,true,Primer trámite constitucional,https://www.camara.cl/legislacion/ProyectosDeLey/tramitacion.aspx?prmID=18985&prmBOLETIN=18306-15,2026-09-02T15:26:00Z
18987,18307-03,"Modifica la ley N° 19.496, que establece normas sobre protección de los derechos de los consumidores, para disponer la devolución íntegra del valor del pasaje cancelado en el transporte interurbano de pasajeros",2026-05-29,parlamentario,Moción,2,Cámara de Diputados,1,true,Primer trámite constitucional,https://www.camara.cl/legislacion/ProyectosDeLey/tramitacion.aspx?prmID=18987&prmBOLETIN=18307-03,2026-09-02T15:26:00Z
18986,18308-11,"Modifica la ley N° 19.419, que regula actividades que indica relacionadas con el tabaco, para extender su aplicación a los dispositivos alternativos con y sin nicotina",2026-05-29,parlamentario,Moción,2,Cámara de Diputados,1,true,Primer trámite constitucional,https://www.camara.cl/legislacion/ProyectosDeLey/tramitacion.aspx?prmID=18986&prmBOLETIN=18308-11,2026-09-02T15:26:01Z
18956,18280-21,"Modifica la ley N°21.069, que crea el Instituto Nacional de Desarrollo Sustentable de la Pesca Artesanal y de la Acuicultura de Pequeña Escala, Indespa, en lo relativo a la manera de regular el periodo de inscripción y postulación a beneficios que indica",2026-05-31,parlamentario,Moción,2,Cámara de Diputados,1,true,Primer trámite constitucional,https://www.camara.cl/legislacion/ProyectosDeLey/tramitacion.aspx?prmID=18956&prmBOLETIN=18280-21,2026-09-02T15:26:01Z
18983,18309-14,Modifica la Ley General de Urbanismo y Construcciones para exigir la ejecución previa o simultánea de las medidas de mitigación directas en proyectos inmobiliarios,2026-05-31,parlamentario,Moción,2,Cámara de Diputados,1,true,Primer trámite constitucional,https://www.camara.cl/legislacion/ProyectosDeLey/tramitacion.aspx?prmID=18983&prmBOLETIN=18309-14,2026-09-02T15:26:01Z
18992,18310-03,Modifica la ley N° 19.925 para regular la venta de bebidas alcohólicas en grandes cantidades a personas no autorizadas para su expendio o comercialización,2026-05-31,parlamentario,Moción,2,Cámara de Diputados,1,true,Primer trámite constitucional,https://www.camara.cl/legislacion/ProyectosDeLey/tramitacion.aspx?prmID=18992&prmBOLETIN=18310-03,2026-09-02T15:26:01Z
18982,18311-06,Rehabilita la nacionalidad chilena a Carolina Dawabe Valle,2026-05-31,parlamentario,Moción,2,Cámara de Diputados,1,true,Primer trámite constitucional,https://www.camara.cl/legislacion/ProyectosDeLey/tramitacion.aspx?prmID=18982&prmBOLETIN=18311-06,2026-09-02T15:26:01Z
18981,18312-07,"Modifica el Código Penal para agravar las sanciones aplicables a ciertos delitos cometidos por asociaciones delictivas o criminales, o por cuenta o encargo de estas",2026-06-01,parlamentario,Moción,2,Cámara de Diputados,1,true,Primer trámite constitucional,https://www.camara.cl/legislacion/ProyectosDeLey/tramitacion.aspx?prmID=18981&prmBOLETIN=18312-07,2026-09-02T15:26:01Z
18961,18279-10,"Aprueba el Acuerdo que modifica el Convenio entre la República de Chile y el Gobierno de la República de Hungría con el Objeto de Autorizar el Ejercicio de Actividades Remuneradas en el Estado Receptor por los Familiares Dependientes del Personal Diplomático, Consular, Administrativo y Técnico de las Misiones Diplomáticas y Consulares Acreditadas ante los respectivos Gobiernos, y por los Familiares Dependientes de Nacionales Chilenos o Húngaros Acreditados ante Organizaciones Internacionales con Sede en Cualquiera de los Dos Países, adoptado por intercambio de Notas, fechadas en Santiago y Budapest, el 15 de julio de 2024.",2026-06-02,ejecutivo,Mensaje,1,Senado,2,true,"Receptor por los Familiares Dependientes del Personal Diplomático, Consular, Administrativo y Técnico de las Misiones Diplomáticas y Consulares Acreditadas ante los respectivos Gobiernos, y por los Familiares Dependientes de Nacionales Chilenos o Húngaros Acreditados ante Organizaciones Internacionales con Sede en Cualquiera de los Dos Países, adoptado por intercambio de Notas, fechadas en Santiago y Budapest, el 15 de julio de 2024. Legislatura: 374 Fecha de ingreso: martes 02 de junio de 2026 Estado Segundo trámite constitucional",https://www.camara.cl/legislacion/ProyectosDeLey/tramitacion.aspx?prmID=18961&prmBOLETIN=18279-10,2026-09-02T15:26:01Z
18962,18286-03,"Modifica la ley N° 19.799, sobre documentos electrónicos, firma electrónica y servicios de certificación de dicha firma, y otros cuerpos legales relacionados",2026-06-02,ejecutivo,Mensaje,1,Cámara de Diputados,1,true,Primer trámite constitucional,https://www.camara.cl/legislacion/ProyectosDeLey/tramitacion.aspx?prmID=18962&prmBOLETIN=18286-03,2026-09-02T15:26:01Z
18975,18297-07,"Interpreta el artículo primero transitorio de la ley N° 21.772, que modifica el sistema registral y notarial en sus aspectos orgánicos y funcionales, en lo relativo al procedimiento para proveer las vacantes que indica",2026-06-02,parlamentario,Moción,2,Senado,2,true,Primer trámite constitucional,https://www.camara.cl/legislacion/ProyectosDeLey/tramitacion.aspx?prmID=18975&prmBOLETIN=18297-07,2026-09-02T15:26:01Z
18972,18298-07,"Modifica la Carta Fundamental, con el objeto de incluir a las empresas del Estado entre las entidades fiscalizadas por la Contraloría General de la República",2026-06-02,parlamentario,Moción,2,Senado,2,true,entre las entidades fiscalizadas por la Contraloría General de la República Legislatura: 374 Fecha de ingreso: martes 02 de junio de 2026 Estado Primer trámite constitucional,https://www.camara.cl/legislacion/ProyectosDeLey/tramitacion.aspx?prmID=18972&prmBOLETIN=18298-07,2026-09-02T15:26:01Z
18984,18313-08,"Modifica el decreto ley N° 1.349, de 1976, que crea la Comisión Chilena del Cobre, para otorgar a la Contraloría General de la República facultades fiscalizadoras respecto de las empresas estatales productoras de cobre y sus derivados",2026-06-02,parlamentario,Moción,2,Cámara de Diputados,1,true,Primer trámite constitucional,https://www.camara.cl/legislacion/ProyectosDeLey/tramitacion.aspx?prmID=18984&prmBOLETIN=18313-08,2026-09-02T15:26:01Z
18998,18316-02,"Previene y sanciona la fabricación, adaptación y circulación de armas hechizas y dispositivos susceptibles de ser transformados en armas de fuego",2026-06-02,parlamentario,Moción,2,Cámara de Diputados,1,true,Primer trámite constitucional,https://www.camara.cl/legislacion/ProyectosDeLey/tramitacion.aspx?prmID=18998&prmBOLETIN=18316-02,2026-09-02T15:26:01Z
18995,18317-13,Modifica el Código de Trabajo para eximir de la jornada ordinaria de trabajo a quienes se desempeñen en instituciones de beneficencia,2026-06-02,parlamentario,Moción,2,Cámara de Diputados,1,true,Primer trámite constitucional,https://www.camara.cl/legislacion/ProyectosDeLey/tramitacion.aspx?prmID=18995&prmBOLETIN=18317-13,2026-09-02T15:26:01Z
18996,18318-19,"Establece un estatuto de responsabilidad algorítmica y protección digital de niños, niñas y adolescentes",2026-06-02,parlamentario,Moción,2,Cámara de Diputados,1,true,Primer trámite constitucional,https://www.camara.cl/legislacion/ProyectosDeLey/tramitacion.aspx?prmID=18996&prmBOLETIN=18318-19,2026-09-02T15:26:01Z
19000,18319-07,"Modifica el Código Penal para incorporar la circunstancia agravante de atentado contra personas que se desempeñen en centros de acogida y cuidado de niños, niñas y adolescentes reconocidos por el Estado",2026-06-02,parlamentario,Moción,2,Cámara de Diputados,1,true,Legislatura: 374 Fecha de ingreso: martes 02 de junio de 2026 Estado Primer trámite constitucional,https://www.camara.cl/legislacion/ProyectosDeLey/tramitacion.aspx?prmID=19000&prmBOLETIN=18319-07,2026-09-02T15:26:01Z
18993,18320-18,Modifica la ley N° 21.430 para incorporar medidas de protección de la infancia y la adolescencia en entornos digitales,2026-06-02,parlamentario,Moción,2,Cámara de Diputados,1,true,Primer trámite constitucional,https://www.camara.cl/legislacion/ProyectosDeLey/tramitacion.aspx?prmID=18993&prmBOLETIN=18320-18,2026-09-02T15:26:01Z
19005,18326-18,"Refuerza la protección integral de niños, niñas y adolescentes en procesos judiciales y establece medidas de prevención y sanción de falsos informes y denuncias",2026-06-02,parlamentario,Moción,2,Cámara de Diputados,1,true,Primer trámite constitucional,https://www.camara.cl/legislacion/ProyectosDeLey/tramitacion.aspx?prmID=19005&prmBOLETIN=18326-18,2026-09-02T15:26:01Z
18974,18296-05,Autoriza mayor endeudamiento del gobierno central durante el año 2026,2026-06-03,ejecutivo,Mensaje,1,Cámara de Diputados,1,true,Tramitación terminada (Ley N° 21.831 - D.Oficial 10/07/2026),https://www.camara.cl/legislacion/ProyectosDeLey/tramitacion.aspx?prmID=18974&prmBOLETIN=18296-05,2026-09-02T15:26:01Z
18973,18299-35,"Modifica diversos cuerpos legales, con el objeto de promover la responsabilidad familiar respecto de adultos mayores internados en establecimientos de salud",2026-06-03,parlamentario,Moción,2,Senado,2,true,Primer trámite constitucional,https://www.camara.cl/legislacion/ProyectosDeLey/tramitacion.aspx?prmID=18973&prmBOLETIN=18299-35,2026-09-02T15:26:01Z
18976,18300-04,Prohíbe el acceso y uso de redes sociales a menores de catorce años y establece las obligaciones que indica para los prestadores de dichos servicios,2026-06-03,parlamentario,Moción,2,Senado,2,true,Primer trámite constitucional,https://www.camara.cl/legislacion/ProyectosDeLey/tramitacion.aspx?prmID=18976&prmBOLETIN=18300-04,2026-09-02T15:26:01Z
18978,18302-11,"Modifica la ley N° 20.606, sobre composición nutricional de los alimentos y su publicidad, con el objeto de facilitar el acceso a alimentos libres de gluten en establecimientos de comercio y garantizar su inocuidad",2026-06-03,parlamentario,Moción,2,Senado,2,true,Primer trámite constitucional,https://www.camara.cl/legislacion/ProyectosDeLey/tramitacion.aspx?prmID=18978&prmBOLETIN=18302-11,2026-09-02T15:26:01Z
18979,18303-15,Prorroga la vigencia de las licencias de conducir en los casos y plazos que señala,2026-06-03,parlamentario,Moción,2,Senado,2,true,Primer trámite constitucional,https://www.camara.cl/legislacion/ProyectosDeLey/tramitacion.aspx?prmID=18979&prmBOLETIN=18303-15,2026-09-02T15:26:01Z
18977,18304-06,"Modifica la Ley Orgánica Constitucional de los Partidos Políticos, con el objeto de establecer un porcentaje mínimo de participación de afiliados para la validez de los procesos de elección de sus autoridades",2026-06-03,parlamentario,Moción,2,Senado,2,true,Primer trámite constitucional,https://www.camara.cl/legislacion/ProyectosDeLey/tramitacion.aspx?prmID=18977&prmBOLETIN=18304-06,2026-09-02T15:26:01Z
18980,18305-04,"Modifica la Ley sobre Subvención del Estado a Establecimientos Educacionales, con el objeto de prohibir la postulación a las instituciones educativas que indica a alumnos sancionados con la medida de expulsión",2026-06-03,parlamentario,Moción,2,Senado,2,true,"a Establecimientos Educacionales, con el objeto de prohibir la postulación a las instituciones educativas que indica a alumnos sancionados con la medida de expulsión Legislatura: 374 Fecha de ingreso: miércoles 03 de junio de 2026 Estado Primer trámite constitucional",https://www.camara.cl/legislacion/ProyectosDeLey/tramitacion.aspx?prmID=18980&prmBOLETIN=18305-04,2026-09-02T15:26:01Z
18994,18321-14,Fortalece la seguridad en edificaciones habitacionales en altura,2026-06-03,parlamentario,Moción,2,Cámara de Diputados,1,true,Primer trámite constitucional,https://www.camara.cl/legislacion/ProyectosDeLey/tramitacion.aspx?prmID=18994&prmBOLETIN=18321-14,2026-09-02T15:26:01Z
18999,18322-06,"Modifica la ley N°18.695, orgánica constitucional de municipalidades, para disponer la atribución municipal de regular el horario de funcionamiento de los establecimientos de comercio que se indican",2026-06-03,parlamentario,Moción,2,Cámara de Diputados,1,true,Primer trámite constitucional,https://www.camara.cl/legislacion/ProyectosDeLey/tramitacion.aspx?prmID=18999&prmBOLETIN=18322-06,2026-09-02T15:26:01Z
18989,18301-10,"Aprueba el Convenio de Transporte Aéreo entre el Gobierno de la República de Chile y el Gobierno de la República de Costa Rica, suscrito en Lima, Perú, el 13 de diciembre de 2023",2026-06-04,ejecutivo,Mensaje,1,Cámara de Diputados,1,true,Segundo trámite constitucional,https://www.camara.cl/legislacion/ProyectosDeLey/tramitacion.aspx?prmID=18989&prmBOLETIN=18301-10,2026-09-02T15:26:01Z
19008,18324-07,Introduce en el Código Procesal Penal la figura del agente encubierto en línea,2026-06-04,parlamentario,Moción,2,Cámara de Diputados,1,true,Primer trámite constitucional,https://www.camara.cl/legislacion/ProyectosDeLey/tramitacion.aspx?prmID=19008&prmBOLETIN=18324-07,2026-09-02T15:26:03Z
19003,18325-06,Establece un régimen especial de nacionalización para deportistas de alto rendimiento y proyección internacional,2026-06-04,parlamentario,Moción,2,Cámara de Diputados,1,true,Primer trámite constitucional,https://www.camara.cl/legislacion/ProyectosDeLey/tramitacion.aspx?prmID=19003&prmBOLETIN=18325-06,2026-09-02T15:26:01Z
19006,18327-07,"Modifica la ley N° 18.918, orgánica constitucional del Congreso Nacional, para sancionar el incumplimiento de funciones parlamentarias durante la semana distrital",2026-06-04,parlamentario,Moción,2,Cámara de Diputados,1,true,Primer trámite constitucional,https://www.camara.cl/legislacion/ProyectosDeLey/tramitacion.aspx?prmID=19006&prmBOLETIN=18327-07,2026-09-02T15:26:01Z
18997,18294-15,"Modifica la ley N°18.290, de Tránsito, para eximir en todos los casos el pago de peaje a los cuerpos de bomberos",2026-06-05,parlamentario,Moción,2,Cámara de Diputados,1,true,Primer trámite constitucional,https://www.camara.cl/legislacion/ProyectosDeLey/tramitacion.aspx?prmID=18997&prmBOLETIN=18294-15,2026-09-02T15:26:01Z
19002,18328-05,Promueve la austeridad y fortalece los requisitos para destinar recursos públicos en actividades institucionales,2026-06-05,parlamentario,Moción,2,Cámara de Diputados,1,true,Primer trámite constitucional,https://www.camara.cl/legislacion/ProyectosDeLey/tramitacion.aspx?prmID=19002&prmBOLETIN=18328-05,2026-09-02T15:26:01Z
19004,18329-06,Sanciona la ocupación de bienes nacionales de uso público mediante instalaciones precarias que sirven de base a la comisión de delitos,2026-06-05,parlamentario,Moción,2,Cámara de Diputados,1,true,Primer trámite constitucional,https://www.camara.cl/legislacion/ProyectosDeLey/tramitacion.aspx?prmID=19004&prmBOLETIN=18329-06,2026-09-02T15:26:01Z
19007,18330-07,Modifica el Código Procesal Penal para restringir la presentación de querellas por parte de parlamentarios en ejercicio,2026-06-05,parlamentario,Moción,2,Cámara de Diputados,1,true,Primer trámite constitucional,https://www.camara.cl/legislacion/ProyectosDeLey/tramitacion.aspx?prmID=19007&prmBOLETIN=18330-07,2026-09-02T15:26:01Z
19009,18331-17,"Modifica la ley N° 20.405, del Instituto Nacional de Derechos Humanos, en materia de transparencia, responsabilidad institucional, gobierno corporativo y rendición de cuentas",2026-06-05,parlamentario,Moción,2,Cámara de Diputados,1,true,Primer trámite constitucional,https://www.camara.cl/legislacion/ProyectosDeLey/tramitacion.aspx?prmID=19009&prmBOLETIN=18331-17,2026-09-02T15:26:01Z
18990,18314-07,Reforma la Constitución Política en materia de detención para la ejecución de expulsiones administrativas,2026-06-08,ejecutivo,Mensaje,1,Cámara de Diputados,1,true,Primer trámite constitucional,https://www.camara.cl/legislacion/ProyectosDeLey/tramitacion.aspx?prmID=18990&prmBOLETIN=18314-07,2026-09-02T15:26:01Z
18991,18315-07,Amplía las hipótesis de tráfico de migrantes y modifica los textos legales que indica,2026-06-08,ejecutivo,Mensaje,1,Cámara de Diputados,1,true,Primer trámite constitucional,https://www.camara.cl/legislacion/ProyectosDeLey/tramitacion.aspx?prmID=18991&prmBOLETIN=18315-07,2026-09-02T15:26:01Z
19020,18342-02,"Modifica la ley N° 17.798, sobre control de armas, para agravar la sanción aplicable a los delitos perpetrados mediante el uso de fuegos artificiales y facultar a los inspectores municipales para fiscalizar la comercialización, porte y uso de estos elementos",2026-06-08,parlamentario,Moción,2,Cámara de Diputados,1,true,Primer trámite constitucional,https://www.camara.cl/legislacion/ProyectosDeLey/tramitacion.aspx?prmID=19020&prmBOLETIN=18342-02,2026-09-02T15:26:01Z
19023,18343-16,"Modifica el inciso segundo del artículo 355 del Reglamento de la Cámara de Diputados, con el objeto de aumentar el quorum de los acuerdos adoptados por la Comisión de Ética que apliquen sanciones por faltas a los deberes parlamentarios",2026-06-08,parlamentario,Moción,2,Cámara de Diputados,1,true,Primer trámite constitucional,https://www.camara.cl/legislacion/ProyectosDeLey/tramitacion.aspx?prmID=19023&prmBOLETIN=18343-16,2026-09-02T15:26:02Z
19018,18344-07,"Modifica el artículo 19 N° 8 de la Constitución Política de la República, para establecer la obligatoriedad de afiliación al Fondo Nacional de Salud de las altas autoridades del Estado",2026-06-08,parlamentario,Moción,2,Cámara de Diputados,1,true,Legislatura: 374 Fecha de ingreso: lunes 08 de junio de 2026 Estado Primer trámite constitucional,https://www.camara.cl/legislacion/ProyectosDeLey/tramitacion.aspx?prmID=19018&prmBOLETIN=18344-07,2026-09-02T15:26:01Z
19022,18345-13,Modifica el Código del Trabajo para resguardar la inembargabilidad de las remuneraciones de los trabajadores ante acciones de cobranza,2026-06-08,parlamentario,Moción,2,Cámara de Diputados,1,true,Primer trámite constitucional,https://www.camara.cl/legislacion/ProyectosDeLey/tramitacion.aspx?prmID=19022&prmBOLETIN=18345-13,2026-09-02T15:26:02Z
19024,18346-11,Modifica cuerpos legales que indica con el objeto de eximir del requisito de orden médica para la realización del examen de antígeno prostático específico (APE),2026-06-08,parlamentario,Moción,2,Cámara de Diputados,1,true,Primer trámite constitucional,https://www.camara.cl/legislacion/ProyectosDeLey/tramitacion.aspx?prmID=19024&prmBOLETIN=18346-11,2026-09-02T15:26:02Z
19021,18347-29,Establece la obligatoriedad de exámenes de detección de drogas para el personal técnico de divisiones inferiores de clubes de fútbol profesional,2026-06-08,parlamentario,Moción,2,Cámara de Diputados,1,true,Primer trámite constitucional,https://www.camara.cl/legislacion/ProyectosDeLey/tramitacion.aspx?prmID=19021&prmBOLETIN=18347-29,2026-09-02T15:26:02Z
19001,18323-07,Modifica diversos cuerpos legales con el objeto de fortalecer la persecución y sanción del delito de abigeato,2026-06-09,parlamentario,Moción,2,Senado,2,true,Primer trámite constitucional,https://www.camara.cl/legislacion/ProyectosDeLey/tramitacion.aspx?prmID=19001&prmBOLETIN=18323-07,2026-09-02T15:26:02Z
19019,18348-13,Modifica el Código del Trabajo en materia de permiso por fallecimiento de un hijo o de la persona bajo el cuidado personal del trabajador,2026-06-09,parlamentario,Moción,2,Cámara de Diputados,1,true,Primer trámite constitucional,https://www.camara.cl/legislacion/ProyectosDeLey/tramitacion.aspx?prmID=19019&prmBOLETIN=18348-13,2026-09-02T15:26:02Z
19029,18349-06,Modifica el Código Penal y el Código Procesal Penal para tipificar como delito el empleo de bienes de uso público o de libre acceso al público para habitar o pernoctar y establecerlo como un delito de flagrancia permanente,2026-06-09,parlamentario,Moción,2,Cámara de Diputados,1,true,Primer trámite constitucional,https://www.camara.cl/legislacion/ProyectosDeLey/tramitacion.aspx?prmID=19029&prmBOLETIN=18349-06,2026-09-02T15:26:02Z
19028,18350-25,"Modifica la ley N° 21.659, sobre seguridad privada, para eximir del deber de contratar seguros o constituir caución a los organizadores de eventos religiosos masivos",2026-06-09,parlamentario,Moción,2,Cámara de Diputados,1,true,Primer trámite constitucional,https://www.camara.cl/legislacion/ProyectosDeLey/tramitacion.aspx?prmID=19028&prmBOLETIN=18350-25,2026-09-02T15:26:02Z
19031,18351-07,Modifica textos legales que indica en materia de cumplimiento efectivo de penas privativas de libertad respecto de delitos que indica,2026-06-09,parlamentario,Moción,2,Cámara de Diputados,1,true,Primer trámite constitucional,https://www.camara.cl/legislacion/ProyectosDeLey/tramitacion.aspx?prmID=19031&prmBOLETIN=18351-07,2026-09-02T15:26:02Z
19030,18353-07,Conmutación de penas,2026-06-09,parlamentario,Moción,2,Cámara de Diputados,1,true,Primer trámite constitucional,https://www.camara.cl/legislacion/ProyectosDeLey/tramitacion.aspx?prmID=19030&prmBOLETIN=18353-07,2026-09-02T15:26:02Z
19032,18355-25,"Modifica el Código Procesal Penal, con el objeto de promover la persecución y sanción de delitos cometidos en recintos penitenciarios",2026-06-09,parlamentario,Moción,2,Senado,2,true,Primer trámite constitucional,https://www.camara.cl/legislacion/ProyectosDeLey/tramitacion.aspx?prmID=19032&prmBOLETIN=18355-25,2026-09-02T15:26:02Z
19033,18357-06,"Modifica la Ley Orgánica Constitucional de Municipalidades, con la finalidad de permitir la recuperación de espacios públicos ocupados en forma irregular",2026-06-09,parlamentario,Moción,2,Senado,2,true,Primer trámite constitucional,https://www.camara.cl/legislacion/ProyectosDeLey/tramitacion.aspx?prmID=19033&prmBOLETIN=18357-06,2026-09-02T15:26:02Z
19010,18332-25,"Modifica la ley N° 21.802, en lo relativo al plazo para considerar un delito como flagrante, en el caso de detenciones efectuadas por inspectores de seguridad municipal",2026-06-10,parlamentario,Moción,2,Senado,2,true,Primer trámite constitucional,https://www.camara.cl/legislacion/ProyectosDeLey/tramitacion.aspx?prmID=19010&prmBOLETIN=18332-25,2026-09-02T15:26:02Z
19011,18333-07,"Modifica diversos cuerpos legales, con el objeto de sancionar penalmente el reclutamiento de personas por parte de una asociación delictiva o criminal",2026-06-10,parlamentario,Moción,2,Senado,2,true,Primer trámite constitucional,https://www.camara.cl/legislacion/ProyectosDeLey/tramitacion.aspx?prmID=19011&prmBOLETIN=18333-07,2026-09-02T15:26:02Z
19012,18334-10,"Aprueba la &quot;Enmienda del Artículo VI del Estatuto del Organismo Internacional de Energía Atómica&quot;, aprobada por la Conferencia General del Organismo, celebrada el 1 de octubre de 1999 en Viena, Austria",2026-06-10,ejecutivo,Mensaje,1,Senado,2,true,Segundo trámite constitucional,https://www.camara.cl/legislacion/ProyectosDeLey/tramitacion.aspx?prmID=19012&prmBOLETIN=18334-10,2026-09-02T15:26:02Z
19013,18335-02,"Modifica la Ley sobre Control de Armas, con el objeto de fortalecer la trazabilidad, custodia y control de las armas de fuego",2026-06-10,parlamentario,Moción,2,Senado,2,true,Primer trámite constitucional,https://www.camara.cl/legislacion/ProyectosDeLey/tramitacion.aspx?prmID=19013&prmBOLETIN=18335-02,2026-09-02T15:26:02Z
19015,18336-15,"Modifica el Código Aeronáutico, con el objeto de reforzar la protección de los derechos de los pasajeros ante imprevistos ocasionados por razones de seguridad, fuerza mayor o fenómenos meteorológicos",2026-06-10,parlamentario,Moción,2,Senado,2,true,Primer trámite constitucional,https://www.camara.cl/legislacion/ProyectosDeLey/tramitacion.aspx?prmID=19015&prmBOLETIN=18336-15,2026-09-02T15:26:02Z
19017,18337-12,"Modifica la ley N° 21.368, con el objeto de prorrogar la entrada en vigencia de su reglamento y flexibilizar la aplicación de las disposiciones que indica",2026-06-10,parlamentario,Moción,2,Senado,2,true,Segundo trámite constitucional,https://www.camara.cl/legislacion/ProyectosDeLey/tramitacion.aspx?prmID=19017&prmBOLETIN=18337-12,2026-09-02T15:26:02Z
19014,18338-06,"Modifica la ley N° 19.886, Ley de Bases sobre Contratos Administrativos de Suministro y Prestación de Servicios, con el objeto de fortalecer la protección laboral del personal que se desempeña en la manipulación de alimentos y asegurar la correcta prestación de dichos servicios",2026-06-10,parlamentario,Moción,2,Senado,2,true,Primer trámite constitucional,https://www.camara.cl/legislacion/ProyectosDeLey/tramitacion.aspx?prmID=19014&prmBOLETIN=18338-06,2026-09-02T15:26:02Z
19016,18340-03,Excluye la aplicación de la unidad de fomento como mecanismo de reajustabilidad en los contratos que señala y establece mayores deberes de transparencia en su utilización,2026-06-10,parlamentario,Moción,2,Senado,2,true,Primer trámite constitucional,https://www.camara.cl/legislacion/ProyectosDeLey/tramitacion.aspx?prmID=19016&prmBOLETIN=18340-03,2026-09-02T15:26:02Z
19026,18352-04,"Modifica la ley N°20.370, General de Educación, para incorporar la educación emocional y salud mental en el sistema escolar",2026-06-10,parlamentario,Moción,2,Cámara de Diputados,1,true,Primer trámite constitucional,https://www.camara.cl/legislacion/ProyectosDeLey/tramitacion.aspx?prmID=19026&prmBOLETIN=18352-04,2026-09-02T15:26:02Z
19027,18354-07,"Modifica el artículo 19 N°16 de la Constitución Política, para disponer un procedimiento de negociación de reajustes salariales en el sector público y privado",2026-06-10,parlamentario,Moción,2,Cámara de Diputados,1,true,Primer trámite constitucional,https://www.camara.cl/legislacion/ProyectosDeLey/tramitacion.aspx?prmID=19027&prmBOLETIN=18354-07,2026-09-02T15:26:02Z
19051,18358-03,"Modifica la ley N° 19.496, que establece normas sobre protección de los derechos de los consumidores, para consagrar el derecho a poner término a los contratos por la misma forma, vía o canal en que fueron celebrados",2026-06-10,parlamentario,Moción,2,Cámara de Diputados,1,true,Primer trámite constitucional,https://www.camara.cl/legislacion/ProyectosDeLey/tramitacion.aspx?prmID=19051&prmBOLETIN=18358-03,2026-09-02T15:26:02Z
19050,18359-07,Modifica el artículo 52 de la Constitución Política de la República en materia de cumplimiento de los requerimientos de fiscalización realizados por la Cámara de Diputados,2026-06-10,parlamentario,Moción,2,Cámara de Diputados,1,true,Primer trámite constitucional,https://www.camara.cl/legislacion/ProyectosDeLey/tramitacion.aspx?prmID=19050&prmBOLETIN=18359-07,2026-09-02T15:26:02Z
19049,18360-07,Modifica el Código Penal en materia de sanciones aplicables por delitos cometidos en contra de funcionarios y autoridades,2026-06-10,parlamentario,Moción,2,Cámara de Diputados,1,true,Primer trámite constitucional,https://www.camara.cl/legislacion/ProyectosDeLey/tramitacion.aspx?prmID=19049&prmBOLETIN=18360-07,2026-09-02T15:26:02Z
19048,18361-02,"Aumenta la pena aplicable al delito de ingreso no autorizado a recintos militares y policiales, y fortalece la protección de la seguridad pública",2026-06-11,parlamentario,Moción,2,Cámara de Diputados,1,true,Primer trámite constitucional,https://www.camara.cl/legislacion/ProyectosDeLey/tramitacion.aspx?prmID=19048&prmBOLETIN=18361-02,2026-09-02T15:26:02Z
19047,18362-19,Establece la obligación de fijar domicilio en Chile a las plataformas digitales,2026-06-11,parlamentario,Moción,2,Cámara de Diputados,1,true,Primer trámite constitucional,https://www.camara.cl/legislacion/ProyectosDeLey/tramitacion.aspx?prmID=19047&prmBOLETIN=18362-19,2026-09-02T15:26:02Z
19046,18363-06,"Modifica la ley N° 19.925, sobre expendio y consumo de bebidas alcohólicas, en materia de requisitos para acceder a patentes de funcionamiento de establecimientos que expenden alcohol",2026-06-11,parlamentario,Moción,2,Cámara de Diputados,1,true,Primer trámite constitucional,https://www.camara.cl/legislacion/ProyectosDeLey/tramitacion.aspx?prmID=19046&prmBOLETIN=18363-06,2026-09-02T15:26:02Z
19152,18467-06,"Modifica la ley N°18.700, orgánica constitucional sobre Votaciones Populares y Escrutinios, para incorporar el principio de equidad territorial en la distribución de escaños de la Cámara de Diputados",2026-06-11,parlamentario,Moción,2,Cámara de Diputados,1,true,Primer trámite constitucional,https://www.camara.cl/legislacion/ProyectosDeLey/tramitacion.aspx?prmID=19152&prmBOLETIN=18467-06,2026-09-02T15:26:02Z
19025,18341-25,Crea el registro de actos vandálicos e incivilidades,2026-06-12,ejecutivo,Mensaje,1,Cámara de Diputados,1,true,Primer trámite constitucional,https://www.camara.cl/legislacion/ProyectosDeLey/tramitacion.aspx?prmID=19025&prmBOLETIN=18341-25,2026-09-02T15:26:02Z
19045,18364-07,Modifica la carta fundamental para establecer la jornada laboral máxima de 40 horas semanales para los funcionarios públicos,2026-06-12,parlamentario,Moción,2,Cámara de Diputados,1,true,Primer trámite constitucional,https://www.camara.cl/legislacion/ProyectosDeLey/tramitacion.aspx?prmID=19045&prmBOLETIN=18364-07,2026-09-02T15:26:02Z
19044,18365-07,Modifica el artículo 291 bis del Código Penal para aumentar las penas del delito de maltrato animal,2026-06-12,parlamentario,Moción,2,Cámara de Diputados,1,true,Primer trámite constitucional,https://www.camara.cl/legislacion/ProyectosDeLey/tramitacion.aspx?prmID=19044&prmBOLETIN=18365-07,2026-09-02T15:26:02Z
19043,18366-25,Modifica ley N° 21.560 y deroga norma del Código de Justicia Militar,2026-06-12,parlamentario,Moción,2,Cámara de Diputados,1,true,Primer trámite constitucional,https://www.camara.cl/legislacion/ProyectosDeLey/tramitacion.aspx?prmID=19043&prmBOLETIN=18366-25,2026-09-02T15:26:02Z
19042,18367-25,Establece reglas especiales para la determinación de la pena respecto de los delitos de homicidio y lesiones cometidos por adolescentes en contra de funcionarios policiales,2026-06-12,parlamentario,Moción,2,Cámara de Diputados,1,true,Primer trámite constitucional,https://www.camara.cl/legislacion/ProyectosDeLey/tramitacion.aspx?prmID=19042&prmBOLETIN=18367-25,2026-09-02T15:26:02Z
19055,18373-07,"Modifica la ley N° 19.913, que crea la Unidad de Análisis Financiero, para agilizar el acceso a información amparada por secreto o reserva bancaria, manteniendo el control judicial previo",2026-06-15,parlamentario,Moción,2,Cámara de Diputados,1,true,Primer trámite constitucional,https://www.camara.cl/legislacion/ProyectosDeLey/tramitacion.aspx?prmID=19055&prmBOLETIN=18373-07,2026-09-02T15:26:02Z
19054,18374-06,"Modifica la ley N° 18.695, orgánica constitucional de municipalidades, para establecer la obligatoriedad de dar respuesta a los requerimientos de información y antecedentes efectuados por el Concejo Municipal o los concejales que lo integran, a las Corporaciones, Fundaciones y Asociaciones Municipales",2026-06-15,parlamentario,Moción,2,Cámara de Diputados,1,true,Primer trámite constitucional,https://www.camara.cl/legislacion/ProyectosDeLey/tramitacion.aspx?prmID=19054&prmBOLETIN=18374-06,2026-09-02T15:26:02Z
19053,18375-29,Establece normas para la regulación de la emisión de ruido generado por instalaciones deportivas,2026-06-15,parlamentario,Moción,2,Cámara de Diputados,1,true,Primer trámite constitucional,https://www.camara.cl/legislacion/ProyectosDeLey/tramitacion.aspx?prmID=19053&prmBOLETIN=18375-29,2026-09-02T15:26:02Z
19057,18376-13,Establece la modalidad de trabajo a distancia o teletrabajo respecto de trabajadores que indica,2026-06-15,parlamentario,Moción,2,Cámara de Diputados,1,true,Primer trámite constitucional,https://www.camara.cl/legislacion/ProyectosDeLey/tramitacion.aspx?prmID=19057&prmBOLETIN=18376-13,2026-09-02T15:26:02Z
19059,18380-07,Establece causales de inhabilidades y recusación respecto de jueces y fiscales,2026-06-15,parlamentario,Moción,2,Cámara de Diputados,1,true,Primer trámite constitucional,https://www.camara.cl/legislacion/ProyectosDeLey/tramitacion.aspx?prmID=19059&prmBOLETIN=18380-07,2026-09-02T15:26:02Z
19056,18381-02,Aumenta la pena aplicable al delito de ingreso no autorizado a recintos militares y policiales,2026-06-15,parlamentario,Moción,2,Cámara de Diputados,1,true,Primer trámite constitucional,https://www.camara.cl/legislacion/ProyectosDeLey/tramitacion.aspx?prmID=19056&prmBOLETIN=18381-02,2026-09-02T15:26:03Z
19064,18382-29,"Modifica ley N° 19.712, del Deporte, para establecer medidas de seguridad, protección y resguardo de la infancia y la adolescencia, en actividades físicas, deportivas y recreativas",2026-06-15,parlamentario,Moción,2,Cámara de Diputados,1,true,Primer trámite constitucional,https://www.camara.cl/legislacion/ProyectosDeLey/tramitacion.aspx?prmID=19064&prmBOLETIN=18382-29,2026-09-02T15:26:03Z
19034,18339-35,"Modifica el Código Civil, con el objeto de suprimir disposiciones que limitan la capacidad jurídica de personas con discapacidad visual o auditiva",2026-06-16,parlamentario,Moción,2,Senado,2,true,Primer trámite constitucional,https://www.camara.cl/legislacion/ProyectosDeLey/tramitacion.aspx?prmID=19034&prmBOLETIN=18339-35,2026-09-02T15:26:03Z
19038,18356-25,"Modifica la ley N° 21.659, sobre seguridad privada, con el objeto de eximir a las festividades religiosas y culturales que indica, de las obligaciones dispuestas para los eventos masivos",2026-06-16,parlamentario,Moción,2,Senado,2,true,Primer trámite constitucional,https://www.camara.cl/legislacion/ProyectosDeLey/tramitacion.aspx?prmID=19038&prmBOLETIN=18356-25,2026-09-02T15:26:03Z
19037,18369-07,"Modifica la Ordenanza de Aduanas, con el objeto de aumentar las penas asignadas al delito de contrabando de tabaco y sus derivados",2026-06-16,parlamentario,Moción,2,Senado,2,true,Primer trámite constitucional,https://www.camara.cl/legislacion/ProyectosDeLey/tramitacion.aspx?prmID=19037&prmBOLETIN=18369-07,2026-09-02T15:26:03Z
19036,18370-25,"Modifica la ley N° 21.459, con el objeto de actualizar la regulación en materia de delitos informáticos",2026-06-16,parlamentario,Moción,2,Senado,2,true,Primer trámite constitucional,https://www.camara.cl/legislacion/ProyectosDeLey/tramitacion.aspx?prmID=19036&prmBOLETIN=18370-25,2026-09-02T15:26:03Z
19040,18371-21,"Modifica diversos cuerpos legales, con el objeto de sancionar penalmente el tráfico ilícito de recursos hidrobiológicos",2026-06-16,parlamentario,Moción,2,Senado,2,true,Primer trámite constitucional,https://www.camara.cl/legislacion/ProyectosDeLey/tramitacion.aspx?prmID=19040&prmBOLETIN=18371-21,2026-09-02T15:26:03Z
19069,18386-08,Modifica la Ley General de Servicios Eléctricos para facilitar la incorporación y actualización del registro de personas electrodependientes,2026-06-16,parlamentario,Moción,2,Cámara de Diputados,1,true,Primer trámite constitucional,https://www.camara.cl/legislacion/ProyectosDeLey/tramitacion.aspx?prmID=19069&prmBOLETIN=18386-08,2026-09-02T15:26:03Z
19067,18387-11,"Incorpora responsabilidades civiles, administrativas y penales en materia de trasplante y donación de órganos",2026-06-16,parlamentario,Moción,2,Cámara de Diputados,1,true,Primer trámite constitucional,https://www.camara.cl/legislacion/ProyectosDeLey/tramitacion.aspx?prmID=19067&prmBOLETIN=18387-11,2026-09-02T15:26:03Z
19068,18388-06,"Modifica la ley N° 18.700, con el objeto de mantener la actual distribución de escaños de diputados y diputadas",2026-06-16,parlamentario,Moción,2,Cámara de Diputados,1,true,Primer trámite constitucional,https://www.camara.cl/legislacion/ProyectosDeLey/tramitacion.aspx?prmID=19068&prmBOLETIN=18388-06,2026-09-02T15:26:03Z
19072,18390-07,"Modifica la ley N° 19.903, con el objeto de perfeccionar y digitalizar la adición, supresión, modificación y rectificación del inventario de las posesiones efectivas de las herencias intestadas",2026-06-16,parlamentario,Moción,2,Cámara de Diputados,1,true,Primer trámite constitucional,https://www.camara.cl/legislacion/ProyectosDeLey/tramitacion.aspx?prmID=19072&prmBOLETIN=18390-07,2026-09-02T15:26:03Z
19075,18391-09,Regula la responsabilidad de empresas de servicios sanitarios para garantizar la reparación de bienes nacionales de uso público,2026-06-16,parlamentario,Moción,2,Cámara de Diputados,1,true,Primer trámite constitucional,https://www.camara.cl/legislacion/ProyectosDeLey/tramitacion.aspx?prmID=19075&prmBOLETIN=18391-09,2026-09-02T15:26:03Z
19084,18392-04,Promueve la difusión de ceremonias republicanas en los establecimientos educacionales reconocidos por el Estado,2026-06-16,parlamentario,Moción,2,Cámara de Diputados,1,true,Legislatura: 374 Fecha de ingreso: martes 16 de junio de 2026 Estado Primer trámite constitucional,https://www.camara.cl/legislacion/ProyectosDeLey/tramitacion.aspx?prmID=19084&prmBOLETIN=18392-04,2026-09-02T15:26:03Z
19081,18393-08,"Modifica la ley N° 18.410, con el objeto de establecer compensaciones eléctricas automáticas agravadas para usuarios de territorios insulares y aislados afectados por interrupciones prolongadas",2026-06-16,parlamentario,Moción,2,Cámara de Diputados,1,true,Primer trámite constitucional,https://www.camara.cl/legislacion/ProyectosDeLey/tramitacion.aspx?prmID=19081&prmBOLETIN=18393-08,2026-09-02T15:26:04Z
19082,18394-16,Modifica el Reglamento de la Cámara de Diputados para permitir el ingreso del Subsecretario General de la Presidencia a las sesiones de Sala,2026-06-16,parlamentario,Moción,2,Cámara de Diputados,1,true,Primer trámite constitucional,https://www.camara.cl/legislacion/ProyectosDeLey/tramitacion.aspx?prmID=19082&prmBOLETIN=18394-16,2026-09-02T15:26:03Z
19080,18395-07,Sanciona penalmente la usura y la obtención de lucro en las contrataciones con el Estado en situaciones de emergencia o catástrofe,2026-06-16,parlamentario,Moción,2,Cámara de Diputados,1,true,en situaciones de emergencia o catástrofe Legislatura: 374 Fecha de ingreso: martes 16 de junio de 2026 Estado Primer trámite constitucional,https://www.camara.cl/legislacion/ProyectosDeLey/tramitacion.aspx?prmID=19080&prmBOLETIN=18395-07,2026-09-02T15:26:03Z
19074,18396-06,"Modifica la ley N° 18.575, orgánica constitucional sobre Bases Generales de la Administración del Estado, en materia de inhabilidades para el ingreso a la función pública",2026-06-16,parlamentario,Moción,2,Cámara de Diputados,1,true,Primer trámite constitucional,https://www.camara.cl/legislacion/ProyectosDeLey/tramitacion.aspx?prmID=19074&prmBOLETIN=18396-06,2026-09-02T15:26:03Z
19086,18397-07,"Regula el régimen de responsabilidad de organizadores, convocantes y promotores de manifestaciones públicas y modifica el Código Penal en materia de daños en bienes públicos o privados con motivo, ocasión o en contexto de su realización",2026-06-16,parlamentario,Moción,2,Cámara de Diputados,1,true,Primer trámite constitucional,https://www.camara.cl/legislacion/ProyectosDeLey/tramitacion.aspx?prmID=19086&prmBOLETIN=18397-07,2026-09-02T15:26:03Z
19083,18398-06,"Modifica la ley N° 18.695, orgánica constitucional de Municipalidades, en materia de descanso maternal prenatal y postnatal de las concejalas",2026-06-16,parlamentario,Moción,2,Cámara de Diputados,1,true,Primer trámite constitucional,https://www.camara.cl/legislacion/ProyectosDeLey/tramitacion.aspx?prmID=19083&prmBOLETIN=18398-06,2026-09-02T15:26:03Z
19078,18399-06,Declara feriado regional el 10 de agosto de los años 2026 y 2027 en reemplazo de los feriados que indica,2026-06-16,parlamentario,Moción,2,Cámara de Diputados,1,true,Comisión Mixta por rechazo de idea de legislar,https://www.camara.cl/legislacion/ProyectosDeLey/tramitacion.aspx?prmID=19078&prmBOLETIN=18399-06,2026-09-02T15:26:03Z
19077,18400-01,"Establece medidas a favor de la seguridad de las personas y la protección de la biodiversidad y la fauna local, por medio del control de los perros asilvestrados o ferales",2026-06-16,parlamentario,Moción,2,Cámara de Diputados,1,true,Primer trámite constitucional,https://www.camara.cl/legislacion/ProyectosDeLey/tramitacion.aspx?prmID=19077&prmBOLETIN=18400-01,2026-09-02T15:26:03Z
19035,18368-07,"Interpreta el artículo 226 U del Código Procesal Penal, en materia de valoración de la prueba testimonial de personas con identidad reservada",2026-06-17,parlamentario,Moción,2,Senado,2,true,Primer trámite constitucional,https://www.camara.cl/legislacion/ProyectosDeLey/tramitacion.aspx?prmID=19035&prmBOLETIN=18368-07,2026-09-02T15:26:03Z
19039,18372-25,"Modifica la ley N° 21.659, sobre seguridad privada, con el objeto de excluir a las festividades religiosas de las reglas dispuestas para la realización de eventos masivos",2026-06-17,parlamentario,Moción,2,Senado,2,true,Primer trámite constitucional,https://www.camara.cl/legislacion/ProyectosDeLey/tramitacion.aspx?prmID=19039&prmBOLETIN=18372-25,2026-09-02T15:26:03Z
19041,18377-06,"Modifica la ley N° 21.325, de migración y extranjería, en materia de requisitos en procedimientos de reunificación familiar que involucren a niños, niñas y adolescentes",2026-06-17,parlamentario,Moción,2,Senado,2,true,Primer trámite constitucional,https://www.camara.cl/legislacion/ProyectosDeLey/tramitacion.aspx?prmID=19041&prmBOLETIN=18377-06,2026-09-02T15:26:03Z
19052,18379-15,"Modifica la Ley General de Telecomunicaciones, con el objeto de establecer un número telefónico para la comunicación de emergencia viales",2026-06-17,parlamentario,Moción,2,Senado,2,true,Primer trámite constitucional,https://www.camara.cl/legislacion/ProyectosDeLey/tramitacion.aspx?prmID=19052&prmBOLETIN=18379-15,2026-09-02T15:26:03Z
19071,18402-33,"Modifica el Código de Aguas para fortalecer la protección de nacientes, vertientes y cabeceras de cuenca",2026-06-17,parlamentario,Moción,2,Cámara de Diputados,1,true,Primer trámite constitucional,https://www.camara.cl/legislacion/ProyectosDeLey/tramitacion.aspx?prmID=19071&prmBOLETIN=18402-33,2026-09-02T15:26:03Z
19079,18403-24,Aumenta penalidad en delitos contra monumentos nacionales,2026-06-17,parlamentario,Moción,2,Cámara de Diputados,1,true,Primer trámite constitucional,https://www.camara.cl/legislacion/ProyectosDeLey/tramitacion.aspx?prmID=19079&prmBOLETIN=18403-24,2026-09-02T15:26:03Z
19076,18405-25,Autoriza administrativamente controles policiales preventivos en situaciones que indica,2026-06-17,parlamentario,Moción,2,Cámara de Diputados,1,true,Primer trámite constitucional,https://www.camara.cl/legislacion/ProyectosDeLey/tramitacion.aspx?prmID=19076&prmBOLETIN=18405-25,2026-09-02T15:26:03Z
19145,18459-05,"Prohíbe establecer como hecho gravado, base imponible o elemento constitutivo de la obligación tributaria una conducta ilícita o constitutiva de delito",2026-06-17,parlamentario,Moción,2,Cámara de Diputados,1,true,Primer trámite constitucional,https://www.camara.cl/legislacion/ProyectosDeLey/tramitacion.aspx?prmID=19145&prmBOLETIN=18459-05,2026-09-02T15:26:03Z
19099,18408-25,Modifica leyes que indica para permitir la homologación del servicio militar en los procesos de formación e ingreso institucional de Carabineros de Chile y Gendarmería de Chile,2026-06-18,parlamentario,Moción,2,Cámara de Diputados,1,true,Primer trámite constitucional,https://www.camara.cl/legislacion/ProyectosDeLey/tramitacion.aspx?prmID=19099&prmBOLETIN=18408-25,2026-09-02T15:26:03Z
19102,18409-03,"Modifica el artículo 38 de la Ley General de Bancos, incorporando nuevas exigencias en materia de seguridad y autenticación para las personas que realicen trámites presenciales ante instituciones bancarias del país",2026-06-18,parlamentario,Moción,2,Cámara de Diputados,1,true,Primer trámite constitucional,https://www.camara.cl/legislacion/ProyectosDeLey/tramitacion.aspx?prmID=19102&prmBOLETIN=18409-03,2026-09-02T15:26:03Z
19063,18378-18,Fortalece el ejercicio de la responsabilidad parental,2026-06-19,ejecutivo,Mensaje,1,Cámara de Diputados,1,true,Primer trámite constitucional,https://www.camara.cl/legislacion/ProyectosDeLey/tramitacion.aspx?prmID=19063&prmBOLETIN=18378-18,2026-09-02T15:26:03Z
19104,18410-07,Modifica el artículo 60 de la Constitución Política de la República con el objeto de permitir la renuncia al cargo de diputado o senador,2026-06-19,parlamentario,Moción,2,Cámara de Diputados,1,true,Primer trámite constitucional,https://www.camara.cl/legislacion/ProyectosDeLey/tramitacion.aspx?prmID=19104&prmBOLETIN=18410-07,2026-09-02T15:26:03Z
19101,18411-11,"Modifica la ley N° 19.451, que establece normas sobre trasplante y donación de órganos, para impedir la discriminación en el acceso a esta prestación médica respecto de personas adoptadas, con filiación desconocida o sin vínculos familiares biológicos (Ley Thiare)",2026-06-19,parlamentario,Moción,2,Cámara de Diputados,1,true,Primer trámite constitucional,https://www.camara.cl/legislacion/ProyectosDeLey/tramitacion.aspx?prmID=19101&prmBOLETIN=18411-11,2026-09-02T15:26:03Z
19065,18383-06,"Modifica ley N° 10.336, de organización y atribuciones de la Contraloría General de la República, con el objeto de delimitar el régimen de exclusiva confianza en dicha institución",2026-06-22,parlamentario,Moción,2,Cámara de Diputados,1,true,Primer trámite constitucional,https://www.camara.cl/legislacion/ProyectosDeLey/tramitacion.aspx?prmID=19065&prmBOLETIN=18383-06,2026-09-02T15:26:03Z
19062,18384-08,Ley de protección tarifaria eléctrica,2026-06-22,ejecutivo,Mensaje,1,Cámara de Diputados,1,true,Tramitación terminada (Ley N° 21.833 - D.Oficial 31/07/2026),https://www.camara.cl/legislacion/ProyectosDeLey/tramitacion.aspx?prmID=19062&prmBOLETIN=18384-08,2026-09-02T15:26:03Z
19100,18412-07,"Modifica ley N° 18.415, orgánica constitucional de los Estados de Excepción, con el objeto de introducir el concepto de bienes y servicios esenciales durante su vigencia",2026-06-22,parlamentario,Moción,2,Cámara de Diputados,1,true,Primer trámite constitucional,https://www.camara.cl/legislacion/ProyectosDeLey/tramitacion.aspx?prmID=19100&prmBOLETIN=18412-07,2026-09-02T15:26:03Z
19103,18413-07,Modifica la Constitución Política de la República en materia de admisibilidad y efectos de las acusaciones constitucionales,2026-06-22,parlamentario,Moción,2,Cámara de Diputados,1,true,Primer trámite constitucional,https://www.camara.cl/legislacion/ProyectosDeLey/tramitacion.aspx?prmID=19103&prmBOLETIN=18413-07,2026-09-02T15:26:03Z
19109,18414-18,Modifica cuerpos legales que indica en materia de notificaciones de medidas cautelares dictadas en procesos de violencia intrafamiliar,2026-06-22,parlamentario,Moción,2,Cámara de Diputados,1,true,Primer trámite constitucional,https://www.camara.cl/legislacion/ProyectosDeLey/tramitacion.aspx?prmID=19109&prmBOLETIN=18414-18,2026-09-02T15:26:04Z
19088,18385-07,"Concede amnistía al personal de las Fuerzas Armadas y de Orden y Seguridad Pública por hechos ejecutados en resguardo del orden público, en el período que indica",2026-06-23,parlamentario,Moción,2,Senado,2,true,Primer trámite constitucional,https://www.camara.cl/legislacion/ProyectosDeLey/tramitacion.aspx?prmID=19088&prmBOLETIN=18385-07,2026-09-02T15:26:04Z
19070,18389-04,Faculta a los establecimientos educacionales a implementar un mecanismo de elección mutua en el proceso de admisión escolar,2026-06-23,ejecutivo,Mensaje,1,Cámara de Diputados,1,true,Segundo trámite constitucional,https://www.camara.cl/legislacion/ProyectosDeLey/tramitacion.aspx?prmID=19070&prmBOLETIN=18389-04,2026-09-02T15:26:04Z
19089,18406-02,"Modifica la ley N° 18.575 orgánica constitucional de Bases Generales de la Administración del Estado, en lo relativo al régimen de protección de derechos fundamentales aplicable al personal de las Fuerzas Armadas y de Orden y Seguridad Pública",2026-06-23,parlamentario,Moción,2,Senado,2,true,Primer trámite constitucional,https://www.camara.cl/legislacion/ProyectosDeLey/tramitacion.aspx?prmID=19089&prmBOLETIN=18406-02,2026-09-02T15:26:04Z
19111,18415-18,"Modifica la ley N° 21.663, marco de ciberseguridad, para incorporar los principios de protección a la infancia y adolescencia, restricción etaria e información preventiva en entornos digitales",2026-06-23,parlamentario,Moción,2,Cámara de Diputados,1,true,Primer trámite constitucional,https://www.camara.cl/legislacion/ProyectosDeLey/tramitacion.aspx?prmID=19111&prmBOLETIN=18415-18,2026-09-02T15:26:04Z
19110,18416-07,Modifica el Código Penal para hacer aplicable la imprescriptibilidad de la acción penal a todos los casos de trata de personas contra víctimas menores de edad y establecer reglas especiales de protección penal,2026-06-23,parlamentario,Moción,2,Cámara de Diputados,1,true,Primer trámite constitucional,https://www.camara.cl/legislacion/ProyectosDeLey/tramitacion.aspx?prmID=19110&prmBOLETIN=18416-07,2026-09-02T15:26:04Z
19113,18417-04,"Modifica la ley N° 21.091, para establecer la obligación de resguardar la seguridad en las instituciones de educación superior",2026-06-23,parlamentario,Moción,2,Cámara de Diputados,1,true,Primer trámite constitucional,https://www.camara.cl/legislacion/ProyectosDeLey/tramitacion.aspx?prmID=19113&prmBOLETIN=18417-04,2026-09-02T15:26:04Z
19108,18418-04,"Refuerza el cumplimiento, por parte de las familias, de las medidas convencionales tendientes a resguardar la protección de la convivencia educativa, la seguridad escolar o la integridad física y psíquica del propio estudiante o de terceros",2026-06-23,parlamentario,Moción,2,Cámara de Diputados,1,true,Primer trámite constitucional,https://www.camara.cl/legislacion/ProyectosDeLey/tramitacion.aspx?prmID=19108&prmBOLETIN=18418-04,2026-09-02T15:26:04Z
19085,18401-31,Entrega un bono extraordinario de apoyo a la niñez,2026-06-24,ejecutivo,Mensaje,1,Cámara de Diputados,1,true,Tercer trámite constitucional,https://www.camara.cl/legislacion/ProyectosDeLey/tramitacion.aspx?prmID=19085&prmBOLETIN=18401-31,2026-09-02T15:26:04Z
19087,18404-13,"Modifica el Código del Trabajo, con el objeto de extender los permisos y el fuero a que tienen derecho los trabajadores en el caso de fallecimiento de familiares",2026-06-24,parlamentario,Moción,2,Senado,2,true,Primer trámite constitucional,https://www.camara.cl/legislacion/ProyectosDeLey/tramitacion.aspx?prmID=19087&prmBOLETIN=18404-13,2026-09-02T15:26:04Z
19090,18407-25,"Modifica diversos cuerpos legales, con el objeto de agravar las sanciones aplicables en materia de lavado de activos",2026-06-24,parlamentario,Moción,2,Senado,2,true,Primer trámite constitucional,https://www.camara.cl/legislacion/ProyectosDeLey/tramitacion.aspx?prmID=19090&prmBOLETIN=18407-25,2026-09-02T15:26:04Z
19092,18420-25,"Modifica diversos cuerpos legales, con el objeto de fortalecer la seguridad portuaria ante acciones promovidas por el crimen organizado",2026-06-24,parlamentario,Moción,2,Senado,2,true,Primer trámite constitucional,https://www.camara.cl/legislacion/ProyectosDeLey/tramitacion.aspx?prmID=19092&prmBOLETIN=18420-25,2026-09-02T15:26:04Z
19097,18422-06,"Modifica la Ley de Migración y Extranjería, con el objeto de reforzar la trazabilidad de la información referida a niños, niñas y adolescentes extranjeros que ingresan al país",2026-06-24,parlamentario,Moción,2,Senado,2,true,Primer trámite constitucional,https://www.camara.cl/legislacion/ProyectosDeLey/tramitacion.aspx?prmID=19097&prmBOLETIN=18422-06,2026-09-02T15:26:04Z
19098,18424-07,"Modifica el Código de Procedimiento Civil, con el objeto de establecer la inembargabilidad de determinadas sumas de dinero pertenecientes a deudores de créditos destinados a financiar estudios de educación superior, en las condiciones que indica",2026-06-24,parlamentario,Moción,2,Senado,2,true,Primer trámite constitucional,https://www.camara.cl/legislacion/ProyectosDeLey/tramitacion.aspx?prmID=19098&prmBOLETIN=18424-07,2026-09-02T15:26:04Z
19095,18425-15,"Modifica la Ley de Tránsito, con el objeto de hacer procedente la aplicación de la medida cautelar de suspensión provisoria de la licencia de conducir, en el caso del delito que indica",2026-06-24,parlamentario,Moción,2,Senado,2,true,Primer trámite constitucional,https://www.camara.cl/legislacion/ProyectosDeLey/tramitacion.aspx?prmID=19095&prmBOLETIN=18425-15,2026-09-02T15:26:04Z
19114,18430-07,"Modifica el Código Orgánico de Tribunales, con el objeto de actualizar las reglas de competencia penal respecto de delitos cometidos mediante sistemas informáticos, plataformas tecnológicas u otros medios digitales",2026-06-24,parlamentario,Moción,2,Senado,2,true,Primer trámite constitucional,https://www.camara.cl/legislacion/ProyectosDeLey/tramitacion.aspx?prmID=19114&prmBOLETIN=18430-07,2026-09-02T15:26:04Z
19127,18443-07,Crea el Registro Nacional de Condenados por Delitos Económicos y establece restricciones a beneficios estatales para quienes los cometen,2026-06-24,parlamentario,Moción,2,Cámara de Diputados,1,true,Primer trámite constitucional,https://www.camara.cl/legislacion/ProyectosDeLey/tramitacion.aspx?prmID=19127&prmBOLETIN=18443-07,2026-09-02T15:26:04Z
19112,18419-11,"Modifica el Código Sanitario para establecer el deber del médico de informar a la mujer sobre la actividad cardíaca embrionaria o fetal, y de ofrecerle la oportunidad de escucharla, en forma previa a la interrupción del embarazo",2026-06-25,parlamentario,Moción,2,Cámara de Diputados,1,true,Primer trámite constitucional,https://www.camara.cl/legislacion/ProyectosDeLey/tramitacion.aspx?prmID=19112&prmBOLETIN=18419-11,2026-09-02T15:26:04Z
19117,18432-07,"Modifica el Código Penal para delimitar la aplicación del tipo penal de apremios ilegítimos u otros tratos crueles, inhumanos o degradantes, a conductas cometidas por empleados públicos respecto de personas bajo su custodia",2026-06-25,parlamentario,Moción,2,Cámara de Diputados,1,true,Primer trámite constitucional,https://www.camara.cl/legislacion/ProyectosDeLey/tramitacion.aspx?prmID=19117&prmBOLETIN=18432-07,2026-09-02T15:26:04Z
19118,18433-04,Modifica diversos cuerpos legales para promover la ciudadanía digital y establecer medidas de prevención y protección frente al daño digital en el sistema escolar,2026-06-25,parlamentario,Moción,2,Cámara de Diputados,1,true,Primer trámite constitucional,https://www.camara.cl/legislacion/ProyectosDeLey/tramitacion.aspx?prmID=19118&prmBOLETIN=18433-04,2026-09-02T15:26:04Z
19128,18444-14,Obliga a instalar detectores de humo en viviendas nuevas como requisito para la recepción final de las obras,2026-06-26,parlamentario,Moción,2,Cámara de Diputados,1,true,Primer trámite constitucional,https://www.camara.cl/legislacion/ProyectosDeLey/tramitacion.aspx?prmID=19128&prmBOLETIN=18444-14,2026-09-02T15:26:04Z
19115,18434-07,"Modifica cuerpos legales que indica para sancionar la explotación, facilitación y promoción de servicios sexuales remunerados de terceros",2026-06-28,parlamentario,Moción,2,Cámara de Diputados,1,true,Primer trámite constitucional,https://www.camara.cl/legislacion/ProyectosDeLey/tramitacion.aspx?prmID=19115&prmBOLETIN=18434-07,2026-09-02T15:26:04Z
19116,18435-01,"Establece un mecanismo de trazabilidad y control de insumos, maquinaria y bienes críticos rurales",2026-06-29,parlamentario,Moción,2,Cámara de Diputados,1,true,Primer trámite constitucional,https://www.camara.cl/legislacion/ProyectosDeLey/tramitacion.aspx?prmID=19116&prmBOLETIN=18435-01,2026-09-02T15:26:04Z
19093,18421-07,"Modifica diversos cuerpos legales, con el objeto de sancionar la utilización y reclutamiento de menores de edad por parte de asociaciones delictivas y criminales",2026-06-30,parlamentario,Moción,2,Senado,2,true,Primer trámite constitucional,https://www.camara.cl/legislacion/ProyectosDeLey/tramitacion.aspx?prmID=19093&prmBOLETIN=18421-07,2026-09-02T15:26:04Z
19094,18423-07,"Concede indulto general en favor de las personas que indica, por hechos acaecidos a contar del día 18 de octubre de 2019",2026-06-30,parlamentario,Moción,2,Senado,2,true,Primer trámite constitucional,https://www.camara.cl/legislacion/ProyectosDeLey/tramitacion.aspx?prmID=19094&prmBOLETIN=18423-07,2026-09-02T15:26:04Z
19091,18426-07,"Modifica el Código Penal, con el objeto de aumentar la sanción asignada al homicidio simple y modificar reglas de determinación de la pena respecto de los delitos que indica",2026-06-30,parlamentario,Moción,2,Senado,2,true,Primer trámite constitucional,https://www.camara.cl/legislacion/ProyectosDeLey/tramitacion.aspx?prmID=19091&prmBOLETIN=18426-07,2026-09-02T15:26:04Z
19130,18447-07,Dispone la invariabilidad normativa de los derechos sociales y laborales que señala,2026-06-30,parlamentario,Moción,2,Cámara de Diputados,1,true,Primer trámite constitucional,https://www.camara.cl/legislacion/ProyectosDeLey/tramitacion.aspx?prmID=19130&prmBOLETIN=18447-07,2026-09-02T15:26:04Z
19131,18448-25,"Modifica la ley N°18.961, orgánica constitucional de Carabineros de Chile, en cuanto a los procedimientos de evaluación médica que fundamentan retiros de personal",2026-07-01,parlamentario,Moción,2,Cámara de Diputados,1,true,Primer trámite constitucional,https://www.camara.cl/legislacion/ProyectosDeLey/tramitacion.aspx?prmID=19131&prmBOLETIN=18448-25,2026-09-02T15:26:04Z
19129,18449-06,Fortalece las compras públicas locales,2026-07-01,parlamentario,Moción,2,Cámara de Diputados,1,true,Primer trámite constitucional,https://www.camara.cl/legislacion/ProyectosDeLey/tramitacion.aspx?prmID=19129&prmBOLETIN=18449-06,2026-09-02T15:26:04Z
19096,18427-07,"Modifica el artículo 52 de la Carta Fundamental, en materia de procedencia y admisibilidad de las acusaciones constitucionales",2026-07-03,parlamentario,Moción,2,Senado,2,true,Primer trámite constitucional,https://www.camara.cl/legislacion/ProyectosDeLey/tramitacion.aspx?prmID=19096&prmBOLETIN=18427-07,2026-09-02T15:26:04Z
19137,18450-01,Establece exigencias mínimas de factibilidad sanitaria y acreditación de derechos de agua en la etapa de subdivisión rural,2026-07-05,parlamentario,Moción,2,Cámara de Diputados,1,true,Primer trámite constitucional,https://www.camara.cl/legislacion/ProyectosDeLey/tramitacion.aspx?prmID=19137&prmBOLETIN=18450-01,2026-09-02T15:26:04Z
19153,18468-13,Fortalece la prevención de riesgos laborales en la industria audiovisual,2026-07-05,parlamentario,Moción,2,Cámara de Diputados,1,true,Primer trámite constitucional,https://www.camara.cl/legislacion/ProyectosDeLey/tramitacion.aspx?prmID=19153&prmBOLETIN=18468-13,2026-09-02T15:26:04Z
19105,18428-10,"Aprueba el Sexto Protocolo Adicional al Acuerdo de Alcance Parcial sobre Transporte Internacional Terrestre, suscrito en Montevideo, el 4 de agosto de 2025",2026-07-06,ejecutivo,Mensaje,1,Cámara de Diputados,1,true,Primer trámite constitucional,https://www.camara.cl/legislacion/ProyectosDeLey/tramitacion.aspx?prmID=19105&prmBOLETIN=18428-10,2026-09-02T15:26:04Z
19106,18429-10,"Aprueba el Tratado entre la República de Chile y la República Federativa de Brasil sobre Asistencia Jurídica Mutua en Materia Penal, hecho en Brasilia, el 22 de abril de 2025",2026-07-06,ejecutivo,Mensaje,1,Cámara de Diputados,1,true,Segundo trámite constitucional,https://www.camara.cl/legislacion/ProyectosDeLey/tramitacion.aspx?prmID=19106&prmBOLETIN=18429-10,2026-09-02T15:26:04Z
19107,18431-31,"Modifica la ley N° 21.805, que reconoce el derecho al cuidado y crea el Sistema Nacional de Apoyos y Cuidados, y otros cuerpos normativos que indica",2026-07-06,ejecutivo,Mensaje,1,Cámara de Diputados,1,true,Tramitación terminada (Ley N° 21.835 - D.Oficial 14/08/2026),https://www.camara.cl/legislacion/ProyectosDeLey/tramitacion.aspx?prmID=19107&prmBOLETIN=18431-31,2026-09-02T15:26:04Z
19141,18453-13,Reconoce equivalencias a la experiencia laboral para promover la inserción laboral de las personas jóvenes,2026-07-06,parlamentario,Moción,2,Cámara de Diputados,1,true,Primer trámite constitucional,https://www.camara.cl/legislacion/ProyectosDeLey/tramitacion.aspx?prmID=19141&prmBOLETIN=18453-13,2026-09-02T15:26:04Z
19140,18454-11,Prohíbe la venta de bebidas energéticas a menores de dieciocho años,2026-07-06,parlamentario,Moción,2,Cámara de Diputados,1,true,Primer trámite constitucional,https://www.camara.cl/legislacion/ProyectosDeLey/tramitacion.aspx?prmID=19140&prmBOLETIN=18454-11,2026-09-02T15:26:04Z
19138,18455-07,Restringe la sustitución y remisión de sanciones respecto de adolescentes condenados por delitos de especial gravedad,2026-07-06,parlamentario,Moción,2,Cámara de Diputados,1,true,Primer trámite constitucional,https://www.camara.cl/legislacion/ProyectosDeLey/tramitacion.aspx?prmID=19138&prmBOLETIN=18455-07,2026-09-02T15:26:05Z
19136,18456-06,Dispone como falta a la probidad la no devolución de remuneraciones percibidas en caso de rechazo de licencia médica,2026-07-06,parlamentario,Moción,2,Cámara de Diputados,1,true,Primer trámite constitucional,https://www.camara.cl/legislacion/ProyectosDeLey/tramitacion.aspx?prmID=19136&prmBOLETIN=18456-06,2026-09-02T15:26:05Z
19139,18457-06,"Modifica el decreto ley N°3.063, de 1979, sobre rentas municipales, para exigir antecedentes penales y regularidad migratoria al personal de barberías y peluquerías",2026-07-06,parlamentario,Moción,2,Cámara de Diputados,1,true,Primer trámite constitucional,https://www.camara.cl/legislacion/ProyectosDeLey/tramitacion.aspx?prmID=19139&prmBOLETIN=18457-06,2026-09-02T15:26:05Z
19133,18458-07,Facilita el acceso a la justicia a turistas extranjeros víctimas de delitos en el territorio nacional,2026-07-06,parlamentario,Moción,2,Cámara de Diputados,1,true,Primer trámite constitucional,https://www.camara.cl/legislacion/ProyectosDeLey/tramitacion.aspx?prmID=19133&prmBOLETIN=18458-07,2026-09-02T15:26:05Z
19135,18460-07,Modifica la Constitución Política para establecer un régimen transitorio de apoyo de las fuerzas armadas a las policías en labores de seguridad pública y combate al crimen organizado,2026-07-06,parlamentario,Moción,2,Cámara de Diputados,1,true,Primer trámite constitucional,https://www.camara.cl/legislacion/ProyectosDeLey/tramitacion.aspx?prmID=19135&prmBOLETIN=18460-07,2026-09-02T15:26:05Z
19120,18437-37,Declara el 8 de octubre de cada año como el Día Nacional de Punta Angamos,2026-07-07,parlamentario,Moción,2,Senado,2,true,Primer trámite constitucional,https://www.camara.cl/legislacion/ProyectosDeLey/tramitacion.aspx?prmID=19120&prmBOLETIN=18437-37,2026-09-02T15:26:05Z
19121,18438-02,"Modifica el decreto ley N° 2.460, de 1979, que dicta Ley Orgánica de Policía de Investigaciones de Chile, con el objeto de autorizar el porte de armas de fuego al personal en retiro que señala",2026-07-07,parlamentario,Moción,2,Senado,2,true,Primer trámite constitucional,https://www.camara.cl/legislacion/ProyectosDeLey/tramitacion.aspx?prmID=19121&prmBOLETIN=18438-02,2026-09-02T15:26:06Z
19122,18439-02,"Modifica el decreto ley N°3.356, de 1980, para permitir el porte de armas de fuego al personal en retiro de Carabineros de Chile, en las condiciones que indica",2026-07-07,parlamentario,Moción,2,Senado,2,true,Primer trámite constitucional,https://www.camara.cl/legislacion/ProyectosDeLey/tramitacion.aspx?prmID=19122&prmBOLETIN=18439-02,2026-09-02T15:26:05Z
19123,18440-03,"Modifica la ley N° 19.496, que establece normas sobre protección de los derechos de los consumidores, con el objeto de fortalecer el resguardo de los asistentes a eventos públicos ante la modificación de las condiciones ofrecidas por sus organizadores",2026-07-07,parlamentario,Moción,2,Senado,2,true,Primer trámite constitucional,https://www.camara.cl/legislacion/ProyectosDeLey/tramitacion.aspx?prmID=19123&prmBOLETIN=18440-03,2026-09-02T15:26:05Z
19124,18441-03,"Modifica la ley N° 20.009, con el objeto de promover la aplicación de criterios de accesibilidad e inclusión financiera en procedimientos de autenticación de usuarios en transacciones electrónicas",2026-07-07,parlamentario,Moción,2,Senado,2,true,Primer trámite constitucional,https://www.camara.cl/legislacion/ProyectosDeLey/tramitacion.aspx?prmID=19124&prmBOLETIN=18441-03,2026-09-02T15:26:05Z
19125,18442-07,"Modifica diversos cuerpos legales, con el objeto de agravar las sanciones en el caso de entrega o exhibición de material pornográfico e inadecuado a menores de catorce años",2026-07-07,parlamentario,Moción,2,Senado,2,true,Primer trámite constitucional,https://www.camara.cl/legislacion/ProyectosDeLey/tramitacion.aspx?prmID=19125&prmBOLETIN=18442-07,2026-09-02T15:26:05Z
19134,18461-04,"Modifica la ley N°20.370, general de educación, para regular a los apoderados en el sistema educacional chileno",2026-07-07,parlamentario,Moción,2,Cámara de Diputados,1,true,Primer trámite constitucional,https://www.camara.cl/legislacion/ProyectosDeLey/tramitacion.aspx?prmID=19134&prmBOLETIN=18461-04,2026-09-02T15:26:05Z
19154,18469-15,"Modifica la ley N°18.290, de Tránsito, para ampliar los supuestos de procedencia de la suspensión provisoria de la licencia de conducir",2026-07-07,parlamentario,Moción,2,Cámara de Diputados,1,true,Primer trámite constitucional,https://www.camara.cl/legislacion/ProyectosDeLey/tramitacion.aspx?prmID=19154&prmBOLETIN=18469-15,2026-09-02T15:26:05Z
19155,18471-07,Faculta a las policías a practicar controles preventivos de identidad a mayores de catorce años,2026-07-07,parlamentario,Moción,2,Cámara de Diputados,1,true,Primer trámite constitucional,https://www.camara.cl/legislacion/ProyectosDeLey/tramitacion.aspx?prmID=19155&prmBOLETIN=18471-07,2026-09-02T15:26:05Z
19160,18473-03,Fortalece la transparencia de los créditos hipotecarios con apoyo estatal y dispone como antecedente crediticio el comportamiento de pago de canon de arrendamiento,2026-07-07,parlamentario,Moción,2,Cámara de Diputados,1,true,Primer trámite constitucional,https://www.camara.cl/legislacion/ProyectosDeLey/tramitacion.aspx?prmID=19160&prmBOLETIN=18473-03,2026-09-02T15:26:05Z
19119,18436-15,"Modifica la Ley Orgánica de la Empresa de los Ferrocarriles del Estado, con el objeto de establecer una exención de derechos y tributos municipales por la ejecución de obras ferroviarias y declarar dichas obras como infraestructura ejecutada por el Estado",2026-07-08,ejecutivo,Mensaje,1,Cámara de Diputados,1,true,Legislatura: 374 Fecha de ingreso: miércoles 08 de julio de 2026 Estado Primer trámite constitucional,https://www.camara.cl/legislacion/ProyectosDeLey/tramitacion.aspx?prmID=19119&prmBOLETIN=18436-15,2026-09-02T15:26:05Z
19126,18445-07,"Incorpora la figura del contexto operativo en materia de fundamentación de resoluciones judiciales y de actuaciones del Ministerio Público, en los casos que indica",2026-07-08,parlamentario,Moción,2,Senado,2,true,Primer trámite constitucional,https://www.camara.cl/legislacion/ProyectosDeLey/tramitacion.aspx?prmID=19126&prmBOLETIN=18445-07,2026-09-02T15:26:05Z
19142,18451-11,"Modifica el Código Sanitario, en lo relativo a la información contenida en el etiquetado de medicamentos, productos farmacéuticos y suplementos alimenticios",2026-07-08,parlamentario,Moción,2,Senado,2,true,Primer trámite constitucional,https://www.camara.cl/legislacion/ProyectosDeLey/tramitacion.aspx?prmID=19142&prmBOLETIN=18451-11,2026-09-02T15:26:05Z
19143,18452-02,"Modifica el decreto ley N° 2.460, de 1979, que dicta Ley Orgánica de Policía de Investigaciones de Chile, con el objeto de ampliar la autorización para portar armas a los funcionarios en retiro que indica",2026-07-08,parlamentario,Moción,2,Senado,2,true,Primer trámite constitucional,https://www.camara.cl/legislacion/ProyectosDeLey/tramitacion.aspx?prmID=19143&prmBOLETIN=18452-02,2026-09-02T15:26:05Z
19156,18474-11,Obliga a los administradores de recintos de alta concurrencia pública a adoptar medidas para prevenir en ellos la ocurrencia de suicidios,2026-07-08,parlamentario,Moción,2,Cámara de Diputados,1,true,Primer trámite constitucional,https://www.camara.cl/legislacion/ProyectosDeLey/tramitacion.aspx?prmID=19156&prmBOLETIN=18474-11,2026-09-02T15:26:05Z
19158,18475-06,Dispone incompatibilidades para el ejercicio simultáneo de cargos de elección popular y funciones públicas remuneradas,2026-07-09,parlamentario,Moción,2,Cámara de Diputados,1,true,Primer trámite constitucional,https://www.camara.cl/legislacion/ProyectosDeLey/tramitacion.aspx?prmID=19158&prmBOLETIN=18475-06,2026-09-02T15:26:05Z
19159,18476-03,"Modifica la ley N°19.496, sobre protección de los derechos de los consumidores, para evitar la generación de cobros improcedentes con posterioridad al fallecimiento del titular de contratos de tracto sucesivo o de ejecución continua",2026-07-09,parlamentario,Moción,2,Cámara de Diputados,1,true,Primer trámite constitucional,https://www.camara.cl/legislacion/ProyectosDeLey/tramitacion.aspx?prmID=19159&prmBOLETIN=18476-03,2026-09-02T15:26:05Z
19157,18477-07,Modifica la Constitución Política en lo relativo a procedimientos de acusación constitucional e interpelación,2026-07-11,parlamentario,Moción,2,Cámara de Diputados,1,true,Primer trámite constitucional,https://www.camara.cl/legislacion/ProyectosDeLey/tramitacion.aspx?prmID=19157&prmBOLETIN=18477-07,2026-09-02T15:26:05Z
19164,18479-07,"Modifica la ley N°20.886, sobre tramitación electrónica de los procedimientos judiciales, para habilitar la tramitación de los juicios arbitrales de partición de bienes y de liquidación de la sociedad conyugal a través de la Oficina Judicial Virtual",2026-07-13,parlamentario,Moción,2,Cámara de Diputados,1,true,Primer trámite constitucional,https://www.camara.cl/legislacion/ProyectosDeLey/tramitacion.aspx?prmID=19164&prmBOLETIN=18479-07,2026-09-02T15:26:05Z
19170,18480-07,"Modifica la ley N° 18.918, orgánica constitucional del Congreso Nacional, para obligar a diputadas, diputados, senadoras y senadores a rendir una cuenta pública, de carácter anual e individual, sobre su gestión parlamentaria",2026-07-13,parlamentario,Moción,2,Cámara de Diputados,1,true,Primer trámite constitucional,https://www.camara.cl/legislacion/ProyectosDeLey/tramitacion.aspx?prmID=19170&prmBOLETIN=18480-07,2026-09-02T15:26:05Z
19147,18446-07,Tiene por objeto ampliar la aplicación de la circunstancia eximente de responsabilidad penal de la legítima defensa al caso que indica,2026-07-14,parlamentario,Moción,2,Senado,2,true,Primer trámite constitucional,https://www.camara.cl/legislacion/ProyectosDeLey/tramitacion.aspx?prmID=19147&prmBOLETIN=18446-07,2026-09-02T15:26:05Z
19148,18465-03,"Modifica la ley N° 19.496, que establece normas sobre protección de los derechos de los consumidores, con el objeto de regular la devolución del monto pagado ante la cancelación, suspensión, postergación o modificación de condiciones esenciales de un espectáculo público o evento masivo",2026-07-14,parlamentario,Moción,2,Senado,2,true,Primer trámite constitucional,https://www.camara.cl/legislacion/ProyectosDeLey/tramitacion.aspx?prmID=19148&prmBOLETIN=18465-03,2026-09-02T15:26:05Z
19149,18466-37,"Modifica la ley N° 19.227 que crea un Fondo Nacional de Fomento del Libro y la Lectura, y modifica cuerpos legales que señala, con el objeto promover el acceso a la lectura",2026-07-14,parlamentario,Moción,2,Senado,2,true,Primer trámite constitucional,https://www.camara.cl/legislacion/ProyectosDeLey/tramitacion.aspx?prmID=19149&prmBOLETIN=18466-37,2026-09-02T15:26:05Z
19172,18481-07,"Modifica las leyes Nº 20.880, 18.575 y 18.918, para fortalecer la probidad e integridad pública en Chile",2026-07-14,parlamentario,Moción,2,Cámara de Diputados,1,true,Primer trámite constitucional,https://www.camara.cl/legislacion/ProyectosDeLey/tramitacion.aspx?prmID=19172&prmBOLETIN=18481-07,2026-09-02T15:26:05Z
19166,18482-07,Modifica la Constitución Política para impedir la participación de autoridades en procesos de formación de leyes de cuya ejecución obtengan un incremento patrimonial significativo,2026-07-14,parlamentario,Moción,2,Cámara de Diputados,1,true,Primer trámite constitucional,https://www.camara.cl/legislacion/ProyectosDeLey/tramitacion.aspx?prmID=19166&prmBOLETIN=18482-07,2026-09-02T15:26:05Z
19171,18483-01,Fortalece la persecución del contrabando de alimentos,2026-07-14,parlamentario,Moción,2,Cámara de Diputados,1,true,Primer trámite constitucional,https://www.camara.cl/legislacion/ProyectosDeLey/tramitacion.aspx?prmID=19171&prmBOLETIN=18483-01,2026-09-02T15:26:05Z
19167,18484-15,"Modifica la ley N°18.290, de Tránsito, para que las escuelas de conducción instruyan programas sobre defensa y reacción ante actos delictuales de alta connotación",2026-07-14,parlamentario,Moción,2,Cámara de Diputados,1,true,Primer trámite constitucional,https://www.camara.cl/legislacion/ProyectosDeLey/tramitacion.aspx?prmID=19167&prmBOLETIN=18484-15,2026-09-02T15:26:05Z
19163,18485-07,Modifica el Código Penal para incorporar la pena de clausura de establecimientos físicos y espacios digitales,2026-07-14,parlamentario,Moción,2,Cámara de Diputados,1,true,Primer trámite constitucional,https://www.camara.cl/legislacion/ProyectosDeLey/tramitacion.aspx?prmID=19163&prmBOLETIN=18485-07,2026-09-02T15:26:05Z
19169,18486-03,"Modifica la ley N°18.490, sobre seguro obligatorio de accidentes personales causados por circulación de vehículos motorizados, para incrementar el monto de los reembolsos por gastos médicos",2026-07-14,parlamentario,Moción,2,Cámara de Diputados,1,true,Primer trámite constitucional,https://www.camara.cl/legislacion/ProyectosDeLey/tramitacion.aspx?prmID=19169&prmBOLETIN=18486-03,2026-09-02T15:26:05Z
19165,18487-12,"Modifica la ley N°19.300, para eliminar las labores de exploración minera de aquellas que deben ingresar al Sistema de Evaluación de Impacto Ambiental",2026-07-14,parlamentario,Moción,2,Cámara de Diputados,1,true,Primer trámite constitucional,https://www.camara.cl/legislacion/ProyectosDeLey/tramitacion.aspx?prmID=19165&prmBOLETIN=18487-12,2026-09-02T15:26:05Z
19151,18462-11,Con el objeto de establecer una ley marco sobre infertilidad y medicina reproductiva,2026-07-15,parlamentario,Moción,2,Senado,2,true,Primer trámite constitucional,https://www.camara.cl/legislacion/ProyectosDeLey/tramitacion.aspx?prmID=19151&prmBOLETIN=18462-11,2026-09-02T15:26:05Z
19146,18464-14,"Modifica el decreto ley N° 2.695, de 1979, estableciendo un nuevo procedimiento para la regularización de la posesión de la pequeña propiedad raíz y la constitución del dominio sobre ella, en situaciones de emergencia",2026-07-15,ejecutivo,Mensaje,1,Cámara de Diputados,1,true,Primer trámite constitucional,https://www.camara.cl/legislacion/ProyectosDeLey/tramitacion.aspx?prmID=19146&prmBOLETIN=18464-14,2026-09-02T15:26:05Z
19150,18470-07,"Modifica la disposición octava transitoria de la Carta Fundamental, con el objeto de aplicar la normativa relativa a la reforma procesal penal a los hechos ocurridos con anterioridad a su entrada en vigencia",2026-07-15,parlamentario,Moción,2,Senado,2,true,Primer trámite constitucional,https://www.camara.cl/legislacion/ProyectosDeLey/tramitacion.aspx?prmID=19150&prmBOLETIN=18470-07,2026-09-02T15:26:05Z
19168,18490-06,"Modifica la ley Nº18.834, sobre Estatuto Administrativo, para consagrar el principio de neutralidad política y reforzar la prohibición de discriminación en la función pública",2026-07-15,parlamentario,Moción,2,Cámara de Diputados,1,true,Primer trámite constitucional,https://www.camara.cl/legislacion/ProyectosDeLey/tramitacion.aspx?prmID=19168&prmBOLETIN=18490-06,2026-09-02T15:26:05Z
19207,18529-14,"Modifica la Ley General de Urbanismo y Construcciones, en materia de caminos locales emplazados en zonas rurales",2026-07-15,parlamentario,Moción,2,Senado,2,true,Primer trámite constitucional,https://www.camara.cl/legislacion/ProyectosDeLey/tramitacion.aspx?prmID=19207&prmBOLETIN=18529-14,2026-09-02T15:26:05Z
19284,18598-06,Modifica la ley N°20.983 para declarar el 17 de septiembre de cada año como feriado nacional y realzar la cueca como danza nacional,2026-07-15,parlamentario,Moción,2,Cámara de Diputados,1,true,Primer trámite constitucional,https://www.camara.cl/legislacion/ProyectosDeLey/tramitacion.aspx?prmID=19284&prmBOLETIN=18598-06,2026-09-02T15:26:06Z
19183,18492-13,Crea en el Código del Trabajo el cargo de responsable de gestión y ordenación del tiempo de trabajo en las empresas,2026-07-16,parlamentario,Moción,2,Cámara de Diputados,1,true,Primer trámite constitucional,https://www.camara.cl/legislacion/ProyectosDeLey/tramitacion.aspx?prmID=19183&prmBOLETIN=18492-13,2026-09-02T15:26:06Z
19182,18493-07,"Modifica la ley N°19.640, orgánica constitucional del Ministerio Público, para disponer la inhabilidad de exfiscales para asumir cargos de exclusiva confianza de S.E. el Presidente de la República",2026-07-17,parlamentario,Moción,2,Cámara de Diputados,1,true,Primer trámite constitucional,https://www.camara.cl/legislacion/ProyectosDeLey/tramitacion.aspx?prmID=19182&prmBOLETIN=18493-07,2026-09-02T15:26:06Z
19178,18494-06,"Elimina en la ley N°18.834, sobre Estatuto Administrativo, la compatibilidad de ser titular de cargos de planta y ejercer cargos de exclusiva confianza en casos que indica",2026-07-17,parlamentario,Moción,2,Cámara de Diputados,1,true,Primer trámite constitucional,https://www.camara.cl/legislacion/ProyectosDeLey/tramitacion.aspx?prmID=19178&prmBOLETIN=18494-06,2026-09-02T15:26:06Z
19176,18495-04,"Modifica la leyes N°20.370, general de Educación, y 21.040, que crea el Sistema de Educación Pública, para implementar en la educación técnico-profesional criterios de territorialidad y descentralización",2026-07-20,parlamentario,Moción,2,Cámara de Diputados,1,true,Primer trámite constitucional,https://www.camara.cl/legislacion/ProyectosDeLey/tramitacion.aspx?prmID=19176&prmBOLETIN=18495-04,2026-09-02T15:26:06Z
19177,18496-06,"Resguarda el uso común de los bienes nacionales de uso público ante ocupaciones mediante estructuras precarias, según criterios de proporcionalidad y no discriminación",2026-07-20,parlamentario,Moción,2,Cámara de Diputados,1,true,Primer trámite constitucional,https://www.camara.cl/legislacion/ProyectosDeLey/tramitacion.aspx?prmID=19177&prmBOLETIN=18496-06,2026-09-02T15:26:06Z
19181,18497-11,"Dispone estándares de resistencia estructural, gestión de riesgos y mantención para las ambulancias terrestres",2026-07-20,parlamentario,Moción,2,Cámara de Diputados,1,true,Primer trámite constitucional,https://www.camara.cl/legislacion/ProyectosDeLey/tramitacion.aspx?prmID=19181&prmBOLETIN=18497-11,2026-09-02T15:26:06Z
19179,18498-19,"Dispone un estatuto de protección de los derechos de creadores de contenido digital en sus relaciones contractuales con plataformas digitales, marcas y agencias de representación",2026-07-20,parlamentario,Moción,2,Cámara de Diputados,1,true,Primer trámite constitucional,https://www.camara.cl/legislacion/ProyectosDeLey/tramitacion.aspx?prmID=19179&prmBOLETIN=18498-19,2026-09-02T15:26:06Z
19184,18499-02,"Modifica la ley N°21.280, sobre el ámbito de aplicación del procedimiento de tutela laboral, para excluir a los funcionarios de las fuerzas Armadas, y de Orden y Seguridad Pública, de tales procedimientos",2026-07-20,parlamentario,Moción,2,Cámara de Diputados,1,true,Primer trámite constitucional,https://www.camara.cl/legislacion/ProyectosDeLey/tramitacion.aspx?prmID=19184&prmBOLETIN=18499-02,2026-09-02T15:26:06Z
19180,18500-13,Modifica el Código del Trabajo para fortalecer la formalidad laboral,2026-07-20,parlamentario,Moción,2,Cámara de Diputados,1,true,Primer trámite constitucional,https://www.camara.cl/legislacion/ProyectosDeLey/tramitacion.aspx?prmID=19180&prmBOLETIN=18500-13,2026-09-02T15:26:06Z
19162,18472-04,"Modifica la Ley General de Educación, con el objeto de reconocer el acceso de los niños y niñas menores de dos años a sala cuna",2026-07-21,parlamentario,Moción,2,Senado,2,true,Primer trámite constitucional,https://www.camara.cl/legislacion/ProyectosDeLey/tramitacion.aspx?prmID=19162&prmBOLETIN=18472-04,2026-09-02T15:26:06Z
19161,18478-13,Perfecciona los mecanismos de adaptabilidad de la jornada de trabajo y establece un régimen especial para el sector turismo y actividades conexas,2026-07-21,ejecutivo,Mensaje,1,Cámara de Diputados,1,true,Primer trámite constitucional,https://www.camara.cl/legislacion/ProyectosDeLey/tramitacion.aspx?prmID=19161&prmBOLETIN=18478-13,2026-09-02T15:26:06Z
19173,18488-07,"Modifica diversos cuerpos legales en materia de persecución penal y patrimonial, y tipifica nuevos delitos para combatir el crimen organizado",2026-07-21,parlamentario,Moción,2,Senado,2,true,Primer trámite constitucional,https://www.camara.cl/legislacion/ProyectosDeLey/tramitacion.aspx?prmID=19173&prmBOLETIN=18488-07,2026-09-02T15:26:06Z
19174,18489-07,Modifica diversos cuerpos legales con el objeto de tipificar el delito de encubrimiento,2026-07-21,parlamentario,Moción,2,Senado,2,true,Primer trámite constitucional,https://www.camara.cl/legislacion/ProyectosDeLey/tramitacion.aspx?prmID=19174&prmBOLETIN=18489-07,2026-09-02T15:26:06Z
19175,18491-03,"Modifica la ley N° 20.423, del sistema institucional para el desarrollo del turismo, con el objeto de establecer la obligación de los prestadores de servicios de alojamiento turístico de cumplir con la infraestructura de asistencia y seguridad para las personas mayores",2026-07-21,parlamentario,Moción,2,Senado,2,true,Primer trámite constitucional,https://www.camara.cl/legislacion/ProyectosDeLey/tramitacion.aspx?prmID=19175&prmBOLETIN=18491-03,2026-09-02T15:26:06Z
19190,18506-07,Modifica el Código Penal para sancionar la simulación de la calidad de integrante de las fuerzas de Orden y Seguridad Pública,2026-07-21,parlamentario,Moción,2,Cámara de Diputados,1,true,Primer trámite constitucional,https://www.camara.cl/legislacion/ProyectosDeLey/tramitacion.aspx?prmID=19190&prmBOLETIN=18506-07,2026-09-02T15:26:06Z
19189,18507-04,Incorpora la alfabetización en materias digitales y sobre inteligencia artificial en el curriculum educacional,2026-07-21,parlamentario,Moción,2,Cámara de Diputados,1,true,Primer trámite constitucional,https://www.camara.cl/legislacion/ProyectosDeLey/tramitacion.aspx?prmID=19189&prmBOLETIN=18507-04,2026-09-02T15:26:06Z
19193,18508-04,Crea una acción de tutela del derecho preferente de los padres a educar a sus hijos,2026-07-21,parlamentario,Moción,2,Cámara de Diputados,1,true,Primer trámite constitucional,https://www.camara.cl/legislacion/ProyectosDeLey/tramitacion.aspx?prmID=19193&prmBOLETIN=18508-04,2026-09-02T15:26:06Z
19192,18509-35,"Modifica la ley N°20.422, sobre igualdad de oportunidades e inclusión social de personas con discapacidad, para especificar el deber de señalización auditiva de estaciones y paradas en los servicios de transporte público",2026-07-21,parlamentario,Moción,2,Cámara de Diputados,1,true,Primer trámite constitucional,https://www.camara.cl/legislacion/ProyectosDeLey/tramitacion.aspx?prmID=19192&prmBOLETIN=18509-35,2026-09-02T15:26:06Z
19185,18502-07,"Modifica el artículo 52 de la Carta Fundamental, en materia de acusación constitucional",2026-07-22,parlamentario,Moción,2,Senado,2,true,Primer trámite constitucional,https://www.camara.cl/legislacion/ProyectosDeLey/tramitacion.aspx?prmID=19185&prmBOLETIN=18502-07,2026-09-02T15:26:07Z
19186,18503-13,"Modifica el Código del Trabajo, con el objeto de asegurar la continuidad de la protección del fuero laboral que regula el artículo 201",2026-07-22,parlamentario,Moción,2,Senado,2,true,Primer trámite constitucional,https://www.camara.cl/legislacion/ProyectosDeLey/tramitacion.aspx?prmID=19186&prmBOLETIN=18503-13,2026-09-02T15:26:06Z
19187,18504-09,"Modifica la Ley de Concesiones de Obras Públicas, para exigir al concesionario nueva obligación de información y transparencia",2026-07-22,parlamentario,Moción,2,Senado,2,true,Primer trámite constitucional,https://www.camara.cl/legislacion/ProyectosDeLey/tramitacion.aspx?prmID=19187&prmBOLETIN=18504-09,2026-09-02T15:26:06Z
19191,18510-07,Modifica el Código Penal en materia de trabajo forzoso y dispone reglas sobre trazabilidad de productos,2026-07-22,parlamentario,Moción,2,Cámara de Diputados,1,true,Primer trámite constitucional,https://www.camara.cl/legislacion/ProyectosDeLey/tramitacion.aspx?prmID=19191&prmBOLETIN=18510-07,2026-09-02T15:26:06Z
19199,18511-07,Incorpora a las víctimas de los delitos de estafa y otros engaños como personas de atención prioritaria en el Servicio Nacional de Acceso a la Justicia y Defensoría de Víctimas,2026-07-22,parlamentario,Moción,2,Cámara de Diputados,1,true,Primer trámite constitucional,https://www.camara.cl/legislacion/ProyectosDeLey/tramitacion.aspx?prmID=19199&prmBOLETIN=18511-07,2026-09-02T15:26:06Z
19201,18512-03,"Incorpora una leyenda informativa obligatoria en la publicidad creada, sustancialmente, mediante inteligencia artificial",2026-07-22,parlamentario,Moción,2,Cámara de Diputados,1,true,Primer trámite constitucional,https://www.camara.cl/legislacion/ProyectosDeLey/tramitacion.aspx?prmID=19201&prmBOLETIN=18512-03,2026-09-02T15:26:06Z
19226,18538-07,Regula la tramitación de las acciones constitucionales de protección y de amparo,2026-07-22,parlamentario,Moción,2,Senado,2,true,Primer trámite constitucional,https://www.camara.cl/legislacion/ProyectosDeLey/tramitacion.aspx?prmID=19226&prmBOLETIN=18538-07,2026-09-02T15:26:06Z
19196,18513-03,"Modifica las leyes N° 19.496, sobre protección de los derechos de los consumidores, y N° 18.290, de Tránsito, para garantizar la alternativa de pago presencial por el servicio de estacionamiento en la vía pública",2026-07-23,parlamentario,Moción,2,Cámara de Diputados,1,true,Primer trámite constitucional,https://www.camara.cl/legislacion/ProyectosDeLey/tramitacion.aspx?prmID=19196&prmBOLETIN=18513-03,2026-09-02T15:26:06Z
19197,18514-07,"Protege la integridad psíquica de los funcionarios que participen como agentes encubiertos o reveladores en investigaciones de delitos sexuales contra niños, niñas y adolescentes",2026-07-23,parlamentario,Moción,2,Cámara de Diputados,1,true,Primer trámite constitucional,https://www.camara.cl/legislacion/ProyectosDeLey/tramitacion.aspx?prmID=19197&prmBOLETIN=18514-07,2026-09-02T15:26:06Z
19200,18515-08,Prohíbe plantaciones de alta combustibilidad en zonas colindantes a líneas eléctricas,2026-07-24,parlamentario,Moción,2,Cámara de Diputados,1,true,Primer trámite constitucional,https://www.camara.cl/legislacion/ProyectosDeLey/tramitacion.aspx?prmID=19200&prmBOLETIN=18515-08,2026-09-02T15:26:06Z
19195,18516-18,"Modifica la ley N°16.618, de menores, para disponer la resolución inmediata de solicitudes de autorización de salida del país en caso de negativa de deudores de pensiones de alimentos",2026-07-24,parlamentario,Moción,2,Cámara de Diputados,1,true,Primer trámite constitucional,https://www.camara.cl/legislacion/ProyectosDeLey/tramitacion.aspx?prmID=19195&prmBOLETIN=18516-18,2026-09-02T15:26:06Z
19198,18517-15,Sanciona la suplantación de identidad mediante el envío de mensajes fraudulentos y dispone en las concesionarias de telecomunicaciones deberes de detección y bloqueo de dichas comunicaciones,2026-07-26,parlamentario,Moción,2,Cámara de Diputados,1,true,Primer trámite constitucional,https://www.camara.cl/legislacion/ProyectosDeLey/tramitacion.aspx?prmID=19198&prmBOLETIN=18517-15,2026-09-02T15:26:06Z
19194,18501-10,"Aprueba el Acuerdo de alcance parcial entre la República de Chile y la República de Trinidad y Tobago, adoptado mediante suscripción virtual, el 25 de abril de 2025",2026-07-27,ejecutivo,Mensaje,1,Cámara de Diputados,1,true,Primer trámite constitucional,https://www.camara.cl/legislacion/ProyectosDeLey/tramitacion.aspx?prmID=19194&prmBOLETIN=18501-10,2026-09-02T15:26:06Z
19213,18518-06,Modifica aspectos procesales en el otorgamiento de pensiones de gracia,2026-07-27,parlamentario,Moción,2,Cámara de Diputados,1,true,Primer trámite constitucional,https://www.camara.cl/legislacion/ProyectosDeLey/tramitacion.aspx?prmID=19213&prmBOLETIN=18518-06,2026-09-02T15:26:06Z
19212,18519-13,Establece un permiso laboral ante situaciones de emergencia o catástrofe declarada por la autoridad,2026-07-27,parlamentario,Moción,2,Cámara de Diputados,1,true,Primer trámite constitucional,https://www.camara.cl/legislacion/ProyectosDeLey/tramitacion.aspx?prmID=19212&prmBOLETIN=18519-13,2026-09-02T15:26:06Z
19211,18520-07,Modifica la Constitución Política en cuanto a la regulación del pago de dieta y asignaciones a congresistas desaforados,2026-07-27,parlamentario,Moción,2,Cámara de Diputados,1,true,Primer trámite constitucional,https://www.camara.cl/legislacion/ProyectosDeLey/tramitacion.aspx?prmID=19211&prmBOLETIN=18520-07,2026-09-02T15:26:06Z
19214,18531-03,Crea un marco de protección de activos estratégicos para la seguridad nacional y económica del país,2026-07-28,parlamentario,Moción,2,Cámara de Diputados,1,true,Primer trámite constitucional,https://www.camara.cl/legislacion/ProyectosDeLey/tramitacion.aspx?prmID=19214&prmBOLETIN=18531-03,2026-09-02T15:26:06Z
19210,18527-04,"Modifica la ley N°21.091, sobre educación superior, para que los establecimientos promuevan la inserción laboral y empleabilidad de sus egresados",2026-07-29,parlamentario,Moción,2,Cámara de Diputados,1,true,Primer trámite constitucional,https://www.camara.cl/legislacion/ProyectosDeLey/tramitacion.aspx?prmID=19210&prmBOLETIN=18527-04,2026-09-02T15:26:06Z
19208,18528-01,"Modifica la ley N°21.020, sobre tenencia responsable de mascotas y animales de compañía, para agravar las penas por abandonar animales en zonas rurales",2026-07-29,parlamentario,Moción,2,Cámara de Diputados,1,true,Primer trámite constitucional,https://www.camara.cl/legislacion/ProyectosDeLey/tramitacion.aspx?prmID=19208&prmBOLETIN=18528-01,2026-09-02T15:26:07Z
19209,18530-02,Modifica las sanciones a los delitos de espionaje y protege la información estratégica del Estado,2026-07-29,parlamentario,Moción,2,Cámara de Diputados,1,true,Legislatura: 374 Fecha de ingreso: miércoles 29 de julio de 2026 Estado Primer trámite constitucional,https://www.camara.cl/legislacion/ProyectosDeLey/tramitacion.aspx?prmID=19209&prmBOLETIN=18530-02,2026-09-02T15:26:07Z
19223,18532-06,Rehabilita la nacionalidad chilena a Adolfo José Ochagavía Hubner,2026-07-29,parlamentario,Moción,2,Cámara de Diputados,1,true,Primer trámite constitucional,https://www.camara.cl/legislacion/ProyectosDeLey/tramitacion.aspx?prmID=19223&prmBOLETIN=18532-06,2026-09-02T15:26:07Z
19222,18533-07,"Sanciona la difusión pública de instrucciones para el abuso y la explotación sexual de niños, niñas y adolescentes y la apología de tales delitos",2026-07-29,parlamentario,Moción,2,Cámara de Diputados,1,true,Primer trámite constitucional,https://www.camara.cl/legislacion/ProyectosDeLey/tramitacion.aspx?prmID=19222&prmBOLETIN=18533-07,2026-09-02T15:26:07Z
19306,18622-24,Establece requisitos de elegibilidad para el acceso a fondos públicos destinados a actividades culturales y artísticas,2026-07-29,parlamentario,Moción,2,Cámara de Diputados,1,true,Primer trámite constitucional,https://www.camara.cl/legislacion/ProyectosDeLey/tramitacion.aspx?prmID=19306&prmBOLETIN=18622-24,2026-09-02T15:26:07Z
19188,18505-06,"Iniciado en moción de los Honorables Senadores señor Flores y señoras Astudillo,  Núñez y Vodanovic, con la que inician un proyecto de ley, que modifica la ley N° 21.325, de Migración y Extranjería, con el objeto de sancionar penalmente la celebración de matrimonios o acuerdos de unión civil con fines migratorios",2026-07-30,parlamentario,Moción,2,Senado,2,true,Primer trámite constitucional,https://www.camara.cl/legislacion/ProyectosDeLey/tramitacion.aspx?prmID=19188&prmBOLETIN=18505-06,2026-09-02T15:26:07Z
19206,18526-07,"Establece una nueva causal de cesación en el cargo de diputado o senador y de otras autoridades que indica, por detección de consumo de sustancias estupefacientes o psicotrópicas de carácter ilícito, sin justificación médica",2026-07-30,parlamentario,Moción,2,Senado,2,true,Primer trámite constitucional,https://www.camara.cl/legislacion/ProyectosDeLey/tramitacion.aspx?prmID=19206&prmBOLETIN=18526-07,2026-09-02T15:26:08Z
19218,18534-13,Modifica el Código del Trabajo para extender la obligación de ofrecer trabajo a distancia o teletrabajo en casos de emergencia declarada por autoridad pública,2026-07-30,parlamentario,Moción,2,Cámara de Diputados,1,true,Primer trámite constitucional,https://www.camara.cl/legislacion/ProyectosDeLey/tramitacion.aspx?prmID=19218&prmBOLETIN=18534-13,2026-09-02T15:26:08Z
19217,18535-07,Modifica el Código Civil para disponer la servidumbre legal de tránsito en casos que indica,2026-07-30,parlamentario,Moción,2,Cámara de Diputados,1,true,Primer trámite constitucional,https://www.camara.cl/legislacion/ProyectosDeLey/tramitacion.aspx?prmID=19217&prmBOLETIN=18535-07,2026-09-02T15:26:08Z
19224,18536-07,Modifica el Código Penal para tipificar el delito de ofensa racial y agravar su pena en las circunstancias que indica,2026-07-31,parlamentario,Moción,2,Cámara de Diputados,1,true,Primer trámite constitucional,https://www.camara.cl/legislacion/ProyectosDeLey/tramitacion.aspx?prmID=19224&prmBOLETIN=18536-07,2026-09-02T15:26:08Z
19221,18537-06,Tipifica la simulacion al celebrar de matrimonios o acuerdos de unión civil con fines migratorios,2026-07-31,parlamentario,Moción,2,Cámara de Diputados,1,true,Primer trámite constitucional,https://www.camara.cl/legislacion/ProyectosDeLey/tramitacion.aspx?prmID=19221&prmBOLETIN=18537-06,2026-09-02T15:26:08Z
19202,18521-07,Modifica la Constitución Política para incorporar una causal de cesación e incompatibilidad por detección de sustancias estupefacientes o sicotrópicas ilícitas,2026-08-03,ejecutivo,Mensaje,1,Cámara de Diputados,1,true,Primer trámite constitucional,https://www.camara.cl/legislacion/ProyectosDeLey/tramitacion.aspx?prmID=19202&prmBOLETIN=18521-07,2026-09-02T15:26:08Z
19203,18522-10,"Aprueba el Acuerdo de servicios aéreos entre el Gobierno de la República de Chile y el Gobierno del Sultanato de Omán, suscrito en Kuala Lumpur, Malasia, el 24 de octubre de 2024",2026-08-03,ejecutivo,Mensaje,1,Cámara de Diputados,1,true,Primer trámite constitucional,https://www.camara.cl/legislacion/ProyectosDeLey/tramitacion.aspx?prmID=19203&prmBOLETIN=18522-10,2026-09-02T15:26:08Z
19216,18540-06,"Modifica la ley N°19.638, sobre constitución jurídica de las iglesias y organizaciones religiosas, para simplificar la obtención de la personalidad jurídica de las entidades religiosas y garantizar su igualdad de trato ante los órganos del Estado.",2026-08-03,parlamentario,Moción,2,Cámara de Diputados,1,true,Primer trámite constitucional,https://www.camara.cl/legislacion/ProyectosDeLey/tramitacion.aspx?prmID=19216&prmBOLETIN=18540-06,2026-09-02T15:26:09Z
19215,18523-16,Modifica el Reglamento de la Cámara de Diputados para incorporar a la infancia y la adolescencia en la denominación de la Comisión de la Familia,2026-08-04,parlamentario,Moción,2,Cámara de Diputados,1,true,Primer trámite constitucional,https://www.camara.cl/legislacion/ProyectosDeLey/tramitacion.aspx?prmID=19215&prmBOLETIN=18523-16,2026-09-02T15:26:09Z
19204,18524-05,Extiende vigencia y aumenta cobertura de la ley N° 21.748 y modifica normas que indica,2026-08-04,ejecutivo,Mensaje,1,Cámara de Diputados,1,true,Tramitación terminada (Ley N° 21.836 - D.Oficial 17/08/2026),https://www.camara.cl/legislacion/ProyectosDeLey/tramitacion.aspx?prmID=19204&prmBOLETIN=18524-05,2026-09-02T15:26:09Z
19205,18525-06,"Modifica la ley N° 21.802, que fortalece la institucionalidad municipal en materia de seguridad pública y prevención del delito",2026-08-04,ejecutivo,Mensaje,1,Cámara de Diputados,1,true,Segundo trámite constitucional,https://www.camara.cl/legislacion/ProyectosDeLey/tramitacion.aspx?prmID=19205&prmBOLETIN=18525-06,2026-09-02T15:26:10Z
19228,18539-21,"Modifica diversos cuerpos legales, con el objeto de tipificar nuevos delitos en el sector pesquero y de regular técnicas especiales de investigación",2026-08-04,parlamentario,Moción,2,Senado,2,true,Primer trámite constitucional,https://www.camara.cl/legislacion/ProyectosDeLey/tramitacion.aspx?prmID=19228&prmBOLETIN=18539-21,2026-09-02T15:26:11Z
19219,18541-06,Modifica el Código Penal para incorporar una agravante en caso de robo o hurto cometido durante situaciones de desastre natural o evacuación preventiva,2026-08-04,parlamentario,Moción,2,Cámara de Diputados,1,true,Primer trámite constitucional,https://www.camara.cl/legislacion/ProyectosDeLey/tramitacion.aspx?prmID=19219&prmBOLETIN=18541-06,2026-09-02T15:26:10Z
19225,18542-29,"Modifica la ley N°19.712, del deporte, para promover la difusión de las disciplinas deportivas en los medios de comunicación social",2026-08-04,parlamentario,Moción,2,Cámara de Diputados,1,true,Primer trámite constitucional,https://www.camara.cl/legislacion/ProyectosDeLey/tramitacion.aspx?prmID=19225&prmBOLETIN=18542-29,2026-09-02T15:26:10Z
19220,18543-35,Fomenta el acceso y participación de personas mayores en actividades económicas,2026-08-04,parlamentario,Moción,2,Cámara de Diputados,1,true,Primer trámite constitucional,https://www.camara.cl/legislacion/ProyectosDeLey/tramitacion.aspx?prmID=19220&prmBOLETIN=18543-35,2026-09-02T15:26:10Z
19244,18544-06,Sanciona la celebración de matrimonios y acuerdos de unión civil destinados a obtener beneficios estatales o residencia en el país,2026-08-04,parlamentario,Moción,2,Cámara de Diputados,1,true,Primer trámite constitucional,https://www.camara.cl/legislacion/ProyectosDeLey/tramitacion.aspx?prmID=19244&prmBOLETIN=18544-06,2026-09-02T15:26:10Z
19243,18545-07,Modifica la Constitución Política para establecer un estatuto especial de aplicación de la ley penal a imputados rebeldes,2026-08-04,parlamentario,Moción,2,Cámara de Diputados,1,true,Primer trámite constitucional,https://www.camara.cl/legislacion/ProyectosDeLey/tramitacion.aspx?prmID=19243&prmBOLETIN=18545-07,2026-09-02T15:26:11Z
19229,18546-34,"Modifica diversos cuerpos legales, con el objeto de regular la gestación por subrogación altruista",2026-08-04,parlamentario,Moción,2,Senado,2,true,Primer trámite constitucional,https://www.camara.cl/legislacion/ProyectosDeLey/tramitacion.aspx?prmID=19229&prmBOLETIN=18546-34,2026-09-02T15:26:11Z
19232,18547-35,"Establece una ley marco para la atención temprana de niños y niñas con discapacidad, rezago del desarrollo o factores de riesgo asociados",2026-08-04,parlamentario,Moción,2,Senado,2,true,Primer trámite constitucional,https://www.camara.cl/legislacion/ProyectosDeLey/tramitacion.aspx?prmID=19232&prmBOLETIN=18547-35,2026-09-02T15:26:12Z
19230,18548-11,"Modifica la ley N° 19.664, con el objeto de establecer la movilidad territorial exclusiva entre zonas extremas y territorios especiales del país para los médicos que deben cumplir su período asistencial obligatorio",2026-08-04,parlamentario,Moción,2,Senado,2,true,Primer trámite constitucional,https://www.camara.cl/legislacion/ProyectosDeLey/tramitacion.aspx?prmID=19230&prmBOLETIN=18548-11,2026-09-02T15:26:12Z
19231,18549-15,"Modifica la Ley de Tránsito, con el objeto de establecer nuevo requisito para obtener la licencia de conducir",2026-08-04,parlamentario,Moción,2,Senado,2,true,Primer trámite constitucional,https://www.camara.cl/legislacion/ProyectosDeLey/tramitacion.aspx?prmID=19231&prmBOLETIN=18549-15,2026-09-02T15:26:12Z
19233,18550-36,"Modifica la ley N° 20.066, con el objeto de establecer entrevistas videograbadas en resguardo de las víctimas de violencia intrafamiliar",2026-08-04,parlamentario,Moción,2,Senado,2,true,Primer trámite constitucional,https://www.camara.cl/legislacion/ProyectosDeLey/tramitacion.aspx?prmID=19233&prmBOLETIN=18550-36,2026-09-02T15:26:12Z
19234,18552-07,"Modifica el numeral 24° del artículo 19, con el objeto de consagrar la recuperación y uso social de los bienes inmuebles abandonados.",2026-08-04,parlamentario,Moción,2,Senado,2,true,Primer trámite constitucional,https://www.camara.cl/legislacion/ProyectosDeLey/tramitacion.aspx?prmID=19234&prmBOLETIN=18552-07,2026-09-02T15:26:14Z
19227,18551-04,"Modifica la ley N° 21.040, que crea el sistema de educación pública, con la finalidad de ajustar la segunda etapa de instalación y el traspaso de los servicios locales de educación",2026-08-05,ejecutivo,Mensaje,1,Senado,2,true,Primer trámite constitucional,https://www.camara.cl/legislacion/ProyectosDeLey/tramitacion.aspx?prmID=19227&prmBOLETIN=18551-04,2026-09-02T15:26:13Z
19235,18553-11,"Modifica diversos cuerpos legales, con el objeto de regular la prevención, detección y atención oncológica en el sector privado",2026-08-05,parlamentario,Moción,2,Senado,2,true,Primer trámite constitucional,https://www.camara.cl/legislacion/ProyectosDeLey/tramitacion.aspx?prmID=19235&prmBOLETIN=18553-11,2026-09-02T15:26:13Z
19236,18554-36,"Modifica diversos cuerpos legales, con el objeto de otorgar protección a los niños y niñas abandonados en establecimientos de salud",2026-08-05,parlamentario,Moción,2,Senado,2,true,Primer trámite constitucional,https://www.camara.cl/legislacion/ProyectosDeLey/tramitacion.aspx?prmID=19236&prmBOLETIN=18554-36,2026-09-02T15:26:13Z
19237,18555-17,"Modifica la ley N° 20.405, del Instituto Nacional de Derechos Humanos, para incorporar la figura de los observadores de derechos humanos acreditados",2026-08-05,parlamentario,Moción,2,Senado,2,true,Primer trámite constitucional,https://www.camara.cl/legislacion/ProyectosDeLey/tramitacion.aspx?prmID=19237&prmBOLETIN=18555-17,2026-09-02T15:26:14Z
19238,18556-13,"Modifica el Código del Trabajo, con el objeto de extender el permiso a que tienen derecho los trabajadores en el caso de fallecimiento de un hijo",2026-08-05,parlamentario,Moción,2,Senado,2,true,Primer trámite constitucional,https://www.camara.cl/legislacion/ProyectosDeLey/tramitacion.aspx?prmID=19238&prmBOLETIN=18556-13,2026-09-02T15:26:13Z
19239,18557-03,"Modifica diversos cuerpos legales, con el objeto de regular la revocación de autorizaciones de cobros recurrentes",2026-08-05,parlamentario,Moción,2,Senado,2,true,Primer trámite constitucional,https://www.camara.cl/legislacion/ProyectosDeLey/tramitacion.aspx?prmID=19239&prmBOLETIN=18557-03,2026-09-02T15:26:14Z
19248,18562-07,Establece controles obligatorios sobre consumo de drogas y una causal de cesación en el cargo de las autoridades y directivos superiores que indica,2026-08-05,parlamentario,Moción,2,Cámara de Diputados,1,true,Primer trámite constitucional,https://www.camara.cl/legislacion/ProyectosDeLey/tramitacion.aspx?prmID=19248&prmBOLETIN=18562-07,2026-09-02T15:26:14Z
19246,18563-07,"Incorpora en el Código Penal el delito de apología pública a la discriminación, el maltrato y el abuso sexual en contra de niños, niñas, adolescentes y personas con discapacidad",2026-08-05,parlamentario,Moción,2,Cámara de Diputados,1,true,Primer trámite constitucional,https://www.camara.cl/legislacion/ProyectosDeLey/tramitacion.aspx?prmID=19246&prmBOLETIN=18563-07,2026-09-02T15:26:14Z
19242,18564-07,Impide temporalmente el alza en el valor del avalúo fiscal de los inmuebles residenciales por la instalación de paneles solares,2026-08-05,parlamentario,Moción,2,Cámara de Diputados,1,true,Primer trámite constitucional,https://www.camara.cl/legislacion/ProyectosDeLey/tramitacion.aspx?prmID=19242&prmBOLETIN=18564-07,2026-09-02T15:26:15Z
19247,18565-03,Incrementa la información sobre cobros en estados de cuenta y el control de cargos recurrentes en medios de pago,2026-08-05,parlamentario,Moción,2,Cámara de Diputados,1,true,Primer trámite constitucional,https://www.camara.cl/legislacion/ProyectosDeLey/tramitacion.aspx?prmID=19247&prmBOLETIN=18565-03,2026-09-02T15:26:15Z
19245,18566-07,Dispone un sistema general de control de consumo de drogas en las autoridades que indica,2026-08-05,parlamentario,Moción,2,Cámara de Diputados,1,true,Primer trámite constitucional,https://www.camara.cl/legislacion/ProyectosDeLey/tramitacion.aspx?prmID=19245&prmBOLETIN=18566-07,2026-09-02T15:26:15Z
19260,18575-11,Promueve el establecimiento de escuelas de medicina en todas las regiones del país,2026-08-05,parlamentario,Moción,2,Cámara de Diputados,1,true,Primer trámite constitucional,https://www.camara.cl/legislacion/ProyectosDeLey/tramitacion.aspx?prmID=19260&prmBOLETIN=18575-11,2026-09-02T15:26:16Z
19270,18588-13,"Suspende transitoriamente los efectos de la ley N°21.643, que modifica el Código del Trabajo y otros cuerpos legales en materia de prevención, investigación y sanción del acoso laboral, sexual o de violencia en el trabajo",2026-08-05,parlamentario,Moción,2,Cámara de Diputados,1,true,Primer trámite constitucional,https://www.camara.cl/legislacion/ProyectosDeLey/tramitacion.aspx?prmID=19270&prmBOLETIN=18588-13,2026-09-02T15:26:15Z
19252,18567-07,Modifica la Constitución Política para permitir a las Cámaras del Congreso Nacional solicitar el trámite de urgencia en la discusión de mociones,2026-08-06,parlamentario,Moción,2,Cámara de Diputados,1,true,Primer trámite constitucional,https://www.camara.cl/legislacion/ProyectosDeLey/tramitacion.aspx?prmID=19252&prmBOLETIN=18567-07,2026-09-02T15:26:16Z
19253,18568-07,Modifica el Código Penal para sancionar supuestos de acceso a sustancias o medicamentos abortivos,2026-08-06,parlamentario,Moción,2,Cámara de Diputados,1,true,Primer trámite constitucional,https://www.camara.cl/legislacion/ProyectosDeLey/tramitacion.aspx?prmID=19253&prmBOLETIN=18568-07,2026-09-02T15:26:16Z
19254,18569-06,"Modifica la ley N°20.000, que sanciona el tráfico ilícito de estupefacientes y sustancias sicotrópicas, para disponer como inhabilidad temporal para acceder a la función pública el haber patrocinado la defensa de imputados por infracciones a esa ley",2026-08-06,parlamentario,Moción,2,Cámara de Diputados,1,true,Primer trámite constitucional,https://www.camara.cl/legislacion/ProyectosDeLey/tramitacion.aspx?prmID=19254&prmBOLETIN=18569-06,2026-09-02T15:26:16Z
19251,18570-07,Modifica la Constitución Política para incorporar al Fiscal Nacional y a los fiscales regionales del Ministerio Público como sujetos acusables constitucionalmente por notable abandono de deberes,2026-08-06,parlamentario,Moción,2,Cámara de Diputados,1,true,Primer trámite constitucional,https://www.camara.cl/legislacion/ProyectosDeLey/tramitacion.aspx?prmID=19251&prmBOLETIN=18570-07,2026-09-02T15:26:17Z
19259,18576-06,Modifica la Ley sobre Rentas Municipales para ampliar el plazo de vigencia de las patentes municipales provisorias,2026-08-06,parlamentario,Moción,2,Cámara de Diputados,1,true,Primer trámite constitucional,https://www.camara.cl/legislacion/ProyectosDeLey/tramitacion.aspx?prmID=19259&prmBOLETIN=18576-06,2026-09-02T15:26:17Z
19286,18599-06,Declara feriado legal el 17 de septiembre de 2026,2026-08-06,parlamentario,Moción,2,Cámara de Diputados,1,true,Primer trámite constitucional,https://www.camara.cl/legislacion/ProyectosDeLey/tramitacion.aspx?prmID=19286&prmBOLETIN=18599-06,2026-09-02T15:26:17Z
19257,18573-25,Autoriza al Presidente de la República para recompensar a quienes aporten antecedentes útiles para la investigación y sanción de delitos vinculados al crimen organizado,2026-08-07,parlamentario,Moción,2,Cámara de Diputados,1,true,Primer trámite constitucional,https://www.camara.cl/legislacion/ProyectosDeLey/tramitacion.aspx?prmID=19257&prmBOLETIN=18573-25,2026-09-02T15:26:18Z
19258,18574-25,Modifica el Código Penal para tipificar supuestos de tenencia de armas cortantes o punzantes en establecimientos penitenciarios,2026-08-07,parlamentario,Moción,2,Cámara de Diputados,1,true,Primer trámite constitucional,https://www.camara.cl/legislacion/ProyectosDeLey/tramitacion.aspx?prmID=19258&prmBOLETIN=18574-25,2026-09-02T15:26:18Z
19273,18583-14,"Modifica el decreto ley N°1.305, de 1975, para garantizar que las postulaciones a los programas habitacionales puedan realizarse de modo individual o colectivo",2026-08-07,parlamentario,Moción,2,Cámara de Diputados,1,true,Primer trámite constitucional,https://www.camara.cl/legislacion/ProyectosDeLey/tramitacion.aspx?prmID=19273&prmBOLETIN=18583-14,2026-09-02T15:26:18Z
19241,18558-25,"Modifica diversos cuerpos legales, con el objeto de establecer la obligación de entrega o puesta en ejecución de claves de descifrado, y de sancionar penalmente su incumplimiento",2026-08-10,parlamentario,Moción,2,Senado,2,true,Primer trámite constitucional,https://www.camara.cl/legislacion/ProyectosDeLey/tramitacion.aspx?prmID=19241&prmBOLETIN=18558-25,2026-09-02T15:26:18Z
19249,18559-37,"Autoriza erigir un monumento, en la región de Arica y Parinacota, en homenaje a &quot;La Cantinera&quot;, heroína de la Guerra del Pacífico",2026-08-10,parlamentario,Moción,2,Senado,2,true,Primer trámite constitucional,https://www.camara.cl/legislacion/ProyectosDeLey/tramitacion.aspx?prmID=19249&prmBOLETIN=18559-37,2026-09-02T15:26:18Z
19240,18561-36,"Modifica diversos cuerpos legales, en materia de control y seguimiento de niñas y niños bajo el régimen de reunificación familiar.",2026-08-10,parlamentario,Moción,2,Senado,2,true,Primer trámite constitucional,https://www.camara.cl/legislacion/ProyectosDeLey/tramitacion.aspx?prmID=19240&prmBOLETIN=18561-36,2026-09-02T15:26:19Z
19275,18586-11,"Modifica la Ley N°19.496, sobre protección de los derechos de los consumidores, para exigir la disponibilidad de servicios higiénicos de uso público en locales comerciales que indica",2026-08-10,parlamentario,Moción,2,Cámara de Diputados,1,true,Primer trámite constitucional,https://www.camara.cl/legislacion/ProyectosDeLey/tramitacion.aspx?prmID=19275&prmBOLETIN=18586-11,2026-09-02T15:26:19Z
19272,18587-06,Sanciona el incumplimiento de órdenes de evacuación o prohibiciones de ingreso emitidas por las autoridades y permite exigir el reembolso de los costos extraordinarios de búsqueda y rescate,2026-08-10,parlamentario,Moción,2,Cámara de Diputados,1,true,Primer trámite constitucional,https://www.camara.cl/legislacion/ProyectosDeLey/tramitacion.aspx?prmID=19272&prmBOLETIN=18587-06,2026-09-02T15:26:19Z
19276,18589-08,"Modifica el decreto ley N°3.525, de 1980, que crea el Servicio Nacional de Geología y Minería, para establecer la competencia de los tribunales para conocer reclamos contra resoluciones emitidas por ese servicio",2026-08-10,parlamentario,Moción,2,Cámara de Diputados,1,true,Primer trámite constitucional,https://www.camara.cl/legislacion/ProyectosDeLey/tramitacion.aspx?prmID=19276&prmBOLETIN=18589-08,2026-09-02T15:26:19Z
19271,18590-07,Tipifica el delito de utilización de menores de catorce años para la comisión de delitos y agrava la responsabilidad penal de las organizaciones criminales que los instrumentalicen,2026-08-10,parlamentario,Moción,2,Cámara de Diputados,1,true,Primer trámite constitucional,https://www.camara.cl/legislacion/ProyectosDeLey/tramitacion.aspx?prmID=19271&prmBOLETIN=18590-07,2026-09-02T15:26:19Z
19290,18601-06,"Modifica la ley N°18.603, orgánica constitucional de los partidos políticos, para fijar un día para realizar a nivel nacional las elecciones internas de los partidos políticos",2026-08-10,parlamentario,Moción,2,Cámara de Diputados,1,true,Primer trámite constitucional,https://www.camara.cl/legislacion/ProyectosDeLey/tramitacion.aspx?prmID=19290&prmBOLETIN=18601-06,2026-09-02T15:26:21Z
19250,18560-35,"Introduce modificaciones en la ley N° 21.545, que establece la promoción de la inclusión, la atención integral, y la protección de los derechos de las personas con trastorno del espectro autista en el ámbito social, de salud y educación, relativas a su implementación",2026-08-11,parlamentario,Moción,2,Senado,2,true,Primer trámite constitucional,https://www.camara.cl/legislacion/ProyectosDeLey/tramitacion.aspx?prmID=19250&prmBOLETIN=18560-35,2026-09-02T15:26:20Z
19255,18571-08,Establece obligaciones que indica para los exportadores de concentrado de cobre,2026-08-11,parlamentario,Moción,2,Senado,2,true,Primer trámite constitucional,https://www.camara.cl/legislacion/ProyectosDeLey/tramitacion.aspx?prmID=19255&prmBOLETIN=18571-08,2026-09-02T15:26:20Z
19256,18572-07,"Modifica el Código Penal, con el objeto de tipificar la incitación pública o apología a la explotación, abuso sexual o pornografía infantil, y consagrar una circunstancia agravante en el caso de que la víctima posea una condición de discapacidad o neurodivergencia",2026-08-11,parlamentario,Moción,2,Senado,2,true,Primer trámite constitucional,https://www.camara.cl/legislacion/ProyectosDeLey/tramitacion.aspx?prmID=19256&prmBOLETIN=18572-07,2026-09-02T15:26:21Z
19269,18591-07,"Modifica la ley Nº 19.903, que establece el procedimiento para el otorgamiento de la posesión efectiva de la herencia, para facilitar el acceso de los herederos a activos financieros hereditarios",2026-08-11,parlamentario,Moción,2,Cámara de Diputados,1,true,Primer trámite constitucional,https://www.camara.cl/legislacion/ProyectosDeLey/tramitacion.aspx?prmID=19269&prmBOLETIN=18591-07,2026-09-02T15:26:21Z
19279,18592-03,"Fortalece los derechos de los pasajeros ante la sobreventa, modificaciones de itinerario, retrasos, cancelaciones y desembarque involuntario en el transporte aéreo",2026-08-11,parlamentario,Moción,2,Cámara de Diputados,1,true,Primer trámite constitucional,https://www.camara.cl/legislacion/ProyectosDeLey/tramitacion.aspx?prmID=19279&prmBOLETIN=18592-03,2026-09-02T15:26:21Z
19278,18593-07,Modifica la Constitución Política para incorporar el derecho a una vivienda digna,2026-08-11,parlamentario,Moción,2,Cámara de Diputados,1,true,Primer trámite constitucional,https://www.camara.cl/legislacion/ProyectosDeLey/tramitacion.aspx?prmID=19278&prmBOLETIN=18593-07,2026-09-02T15:26:22Z
19277,18594-25,Modifica el Código Penal y el Código Procesal Penal para sancionar la extorsión territorial y el cobro de protección,2026-08-11,parlamentario,Moción,2,Cámara de Diputados,1,true,Primer trámite constitucional,https://www.camara.cl/legislacion/ProyectosDeLey/tramitacion.aspx?prmID=19277&prmBOLETIN=18594-25,2026-09-02T15:26:22Z
19274,18595-07,Modifica la Constitución Política para disponer una cotización única de salud para los trabajadores pluriempleados y los pensionados que continúan ejerciendo labores remuneradas,2026-08-11,parlamentario,Moción,2,Cámara de Diputados,1,true,Primer trámite constitucional,https://www.camara.cl/legislacion/ProyectosDeLey/tramitacion.aspx?prmID=19274&prmBOLETIN=18595-07,2026-09-02T15:26:22Z
19280,18596-06,Obliga a registrar un correo electrónico para efectos de notificación en domicilio digital,2026-08-11,parlamentario,Moción,2,Cámara de Diputados,1,true,Primer trámite constitucional,https://www.camara.cl/legislacion/ProyectosDeLey/tramitacion.aspx?prmID=19280&prmBOLETIN=18596-06,2026-09-02T15:26:22Z
19291,18602-07,Modifica diversos cuerpos legales para agravar las sanciones por maltrato contra animales,2026-08-11,parlamentario,Moción,2,Cámara de Diputados,1,true,Primer trámite constitucional,https://www.camara.cl/legislacion/ProyectosDeLey/tramitacion.aspx?prmID=19291&prmBOLETIN=18602-07,2026-09-02T15:26:22Z
19293,18603-13,Dispone un permiso laboral para el retiro de medicamentos en establecimientos de atención primaria y secundaria de salud,2026-08-11,parlamentario,Moción,2,Cámara de Diputados,1,true,Primer trámite constitucional,https://www.camara.cl/legislacion/ProyectosDeLey/tramitacion.aspx?prmID=19293&prmBOLETIN=18603-13,2026-09-02T15:26:23Z
19282,18604-07,Modifica el Código Penal para agravar la pena por la receptación de vehículos en supuestos que indica,2026-08-11,parlamentario,Moción,2,Cámara de Diputados,1,true,Primer trámite constitucional,https://www.camara.cl/legislacion/ProyectosDeLey/tramitacion.aspx?prmID=19282&prmBOLETIN=18604-07,2026-09-02T15:26:23Z
19264,18577-03,"Modifica la ley N° 20.720, que sustituye el régimen concursal vigente por una ley de reorganización y liquidación de empresas y personas, y perfecciona el rol de la Superintendencia del ramo, en los términos que indica",2026-08-12,parlamentario,Moción,2,Senado,2,true,Primer trámite constitucional,https://www.camara.cl/legislacion/ProyectosDeLey/tramitacion.aspx?prmID=19264&prmBOLETIN=18577-03,2026-09-02T15:26:23Z
19261,18578-37,Declara el día 30 de septiembre de cada año como el &quot;Día del Soldado Desconocido&quot;,2026-08-12,parlamentario,Moción,2,Senado,2,true,Primer trámite constitucional,https://www.camara.cl/legislacion/ProyectosDeLey/tramitacion.aspx?prmID=19261&prmBOLETIN=18578-37,2026-09-02T15:26:23Z
19262,18579-07,"Modifica el Código Penal, para incorporar los delitos de atentados graves contra la dignidad y la igualdad e incitación pública al odio",2026-08-12,parlamentario,Moción,2,Senado,2,true,Primer trámite constitucional,https://www.camara.cl/legislacion/ProyectosDeLey/tramitacion.aspx?prmID=19262&prmBOLETIN=18579-07,2026-09-02T15:26:23Z
19263,18580-07,"Modifica el artículo 101 de la Carta Fundamental, con el objeto de establecer la inhabilidad que indica",2026-08-12,parlamentario,Moción,2,Senado,2,true,Primer trámite constitucional,https://www.camara.cl/legislacion/ProyectosDeLey/tramitacion.aspx?prmID=19263&prmBOLETIN=18580-07,2026-09-02T15:26:24Z
19287,18600-06,Declara feriado nacional el 17 de septiembre de 2026,2026-08-12,parlamentario,Moción,2,Cámara de Diputados,1,true,Primer trámite constitucional,https://www.camara.cl/legislacion/ProyectosDeLey/tramitacion.aspx?prmID=19287&prmBOLETIN=18600-06,2026-09-02T15:26:24Z
19289,18605-15,"Modifica la ley N°18.290, de Tránsito, para disponer como infracción gravísima supuestos en que la víctima es una persona adulta mayor, con discapacidad o neurodivergente",2026-08-12,parlamentario,Moción,2,Cámara de Diputados,1,true,Primer trámite constitucional,https://www.camara.cl/legislacion/ProyectosDeLey/tramitacion.aspx?prmID=19289&prmBOLETIN=18605-15,2026-09-02T15:26:24Z
19288,18606-08,Regula situación de labores mineras abandonadas,2026-08-12,parlamentario,Moción,2,Cámara de Diputados,1,true,Primer trámite constitucional,https://www.camara.cl/legislacion/ProyectosDeLey/tramitacion.aspx?prmID=19288&prmBOLETIN=18606-08,2026-09-02T15:26:24Z
19285,18610-07,"Modifica la Constitución Política para disponer un plazo de prescripción en las acciones de cobro de los créditos otorgados conforme a la ley N° 20.027, sobre financiamiento de estudios de educación superior",2026-08-12,parlamentario,Moción,2,Cámara de Diputados,1,true,Primer trámite constitucional,https://www.camara.cl/legislacion/ProyectosDeLey/tramitacion.aspx?prmID=19285&prmBOLETIN=18610-07,2026-09-02T15:26:24Z
19292,18611-07,Modifica el Código Penal para agravar la penalidad en caso de sustracción y receptación de combustibles en supuestos que indica,2026-08-12,parlamentario,Moción,2,Cámara de Diputados,1,true,Primer trámite constitucional,https://www.camara.cl/legislacion/ProyectosDeLey/tramitacion.aspx?prmID=19292&prmBOLETIN=18611-07,2026-09-02T15:26:24Z
19265,18581-07,Establece un procedimiento general de reclamación judicial de actos de la Administración del Estado,2026-08-13,parlamentario,Moción,2,Senado,2,true,Legislatura: 374 Fecha de ingreso: jueves 13 de agosto de 2026 Estado Primer trámite constitucional,https://www.camara.cl/legislacion/ProyectosDeLey/tramitacion.aspx?prmID=19265&prmBOLETIN=18581-07,2026-09-02T15:26:25Z
19266,18582-07,"Consagra los territorios especiales digitales, con el objeto de fortalecer la soberanía digital, la continuidad estratégica del Estado y la cooperación internacional",2026-08-13,parlamentario,Moción,2,Senado,2,true,y la cooperación internacional Legislatura: 374 Fecha de ingreso: jueves 13 de agosto de 2026 Estado Primer trámite constitucional,https://www.camara.cl/legislacion/ProyectosDeLey/tramitacion.aspx?prmID=19266&prmBOLETIN=18582-07,2026-09-02T15:26:25Z
19283,18612-07,Modifica diversos cuerpos legales para fortalecer la protección de redes de suministro de servicios públicos o domiciliarios,2026-08-14,parlamentario,Moción,2,Cámara de Diputados,1,true,Primer trámite constitucional,https://www.camara.cl/legislacion/ProyectosDeLey/tramitacion.aspx?prmID=19283&prmBOLETIN=18612-07,2026-09-02T15:26:25Z
19267,18584-25,Modifica el Código Penal para ampliar el ámbito de aplicación del delito de interrupción u obstaculización de la libre circulación y del funcionamiento de los servicios de transporte,2026-08-17,ejecutivo,Mensaje,1,Cámara de Diputados,1,true,Primer trámite constitucional,https://www.camara.cl/legislacion/ProyectosDeLey/tramitacion.aspx?prmID=19267&prmBOLETIN=18584-25,2026-09-02T15:26:26Z
19268,18585-25,"Modifica el Código Procesal Penal y la ley N°19.970, que crea el sistema nacional de registros de ADN, para agilizar las investigaciones penales",2026-08-17,ejecutivo,Mensaje,1,Cámara de Diputados,1,true,Primer trámite constitucional,https://www.camara.cl/legislacion/ProyectosDeLey/tramitacion.aspx?prmID=19268&prmBOLETIN=18585-25,2026-09-02T15:26:26Z
19281,18597-07,Fortalece el sistema nacional de seguridad pública y crea un nuevo estado de excepción constitucional de seguridad pública,2026-08-18,ejecutivo,Mensaje,1,Senado,2,true,de excepción constitucional de seguridad pública Legislatura: 374 Fecha de ingreso: martes 18 de agosto de 2026 Estado Primer trámite constitucional,https://www.camara.cl/legislacion/ProyectosDeLey/tramitacion.aspx?prmID=19281&prmBOLETIN=18597-07,2026-09-02T15:26:26Z
19294,18607-15,"Autoriza la importación de vehículos usados, en los casos que indica",2026-08-19,parlamentario,Moción,2,Senado,2,true,Primer trámite constitucional,https://www.camara.cl/legislacion/ProyectosDeLey/tramitacion.aspx?prmID=19294&prmBOLETIN=18607-15,2026-09-02T15:26:26Z
19295,18608-09,"Establece la obligación que indica, para los propietarios de predios rurales colindantes con caminos públicos",2026-08-19,parlamentario,Moción,2,Senado,2,true,Primer trámite constitucional,https://www.camara.cl/legislacion/ProyectosDeLey/tramitacion.aspx?prmID=19295&prmBOLETIN=18608-09,2026-09-02T15:26:26Z
19299,18609-07,Con el objeto de consagrar a la persecución de la corrupción como un principio rector para el Estado,2026-08-19,parlamentario,Moción,2,Senado,2,true,Legislatura: 374 Fecha de ingreso: miércoles 19 de agosto de 2026 Estado Primer trámite constitucional,https://www.camara.cl/legislacion/ProyectosDeLey/tramitacion.aspx?prmID=19299&prmBOLETIN=18609-07,2026-09-02T15:26:27Z
19296,18613-07,Consagra nuevas técnicas de investigación para la persecución del delito de abigeato,2026-08-19,parlamentario,Moción,2,Senado,2,true,Primer trámite constitucional,https://www.camara.cl/legislacion/ProyectosDeLey/tramitacion.aspx?prmID=19296&prmBOLETIN=18613-07,2026-09-02T15:26:27Z
19297,18614-06,En materia de solicitudes de reunificación familiar y de permisos de residencia fundados en vínculos matrimoniales o acuerdos de unión civil,2026-08-19,parlamentario,Moción,2,Senado,2,true,Primer trámite constitucional,https://www.camara.cl/legislacion/ProyectosDeLey/tramitacion.aspx?prmID=19297&prmBOLETIN=18614-06,2026-09-02T15:26:26Z
19298,18615-07,Establece nueva obligación de los senadores y diputados relativa a su función de representación,2026-08-19,parlamentario,Moción,2,Senado,2,true,Primer trámite constitucional,https://www.camara.cl/legislacion/ProyectosDeLey/tramitacion.aspx?prmID=19298&prmBOLETIN=18615-07,2026-09-02T15:26:27Z
19300,18616-03,"Establece normas sobre protección de los derechos de los consumidores, con el objeto de regular la situación del deudor de un contrato que contempla seguro de desgravamen que fallece por enfermedad oncológica",2026-08-19,parlamentario,Moción,2,Senado,2,true,Primer trámite constitucional,https://www.camara.cl/legislacion/ProyectosDeLey/tramitacion.aspx?prmID=19300&prmBOLETIN=18616-03,2026-09-02T15:26:28Z
19301,18617-15,"Modifica el Código Aeronáutico, con el objeto de sancionar los actos de insubordinación e interferencia, que comprometan la seguridad operacional y el servicio de transporte aéreo",2026-08-19,parlamentario,Moción,2,Senado,2,true,Primer trámite constitucional,https://www.camara.cl/legislacion/ProyectosDeLey/tramitacion.aspx?prmID=19301&prmBOLETIN=18617-15,2026-09-02T15:26:26Z
19303,18619-04,"Modifica la ley N° 21.091, sobre educación superior, con el objeto de establecer norma de transparencia para las instituciones de educación superior que accedan a financiamiento estatal",2026-08-19,parlamentario,Moción,2,Senado,2,true,Primer trámite constitucional,https://www.camara.cl/legislacion/ProyectosDeLey/tramitacion.aspx?prmID=19303&prmBOLETIN=18619-04,2026-09-02T15:26:27Z
19302,18618-19,Establece la obligación de fijar domicilio en Chile a las plataformas digitales,2026-08-21,parlamentario,Moción,2,Senado,2,true,Primer trámite constitucional,https://www.camara.cl/legislacion/ProyectosDeLey/tramitacion.aspx?prmID=19302&prmBOLETIN=18618-19,2026-09-02T15:26:28Z
19304,18620-08,Establece nuevas obligaciones para las empresas distribuidoras de gas,2026-08-27,parlamentario,Moción,2,Senado,2,true,Primer trámite constitucional,https://www.camara.cl/legislacion/ProyectosDeLey/tramitacion.aspx?prmID=19304&prmBOLETIN=18620-08,2026-09-02T15:26:28Z
19305,18621-34,"Perfecciona las normas sobre medidas cautelares en los procedimientos de violencia intrafamiliar y de violencia contra las mujeres en razón de su género, y modifica las leyes que indica",2026-08-31,ejecutivo,Mensaje,1,Cámara de Diputados,1,true,Primer trámite constitucional,https://www.camara.cl/legislacion/ProyectosDeLey/tramitacion.aspx?prmID=19305&prmBOLETIN=18621-34,2026-09-02T15:26:28Z
19307,18623-07,"Modifica la ley N° 21.719, que regula la protección y el tratamiento de los datos personales y crea la Agencia de Protección de Datos Personales, en el sentido que indica",2026-09-01,ejecutivo,Mensaje,1,Senado,2,true,Primer trámite constitucional,https://www.camara.cl/legislacion/ProyectosDeLey/tramitacion.aspx?prmID=19307&prmBOLETIN=18623-07,2026-09-02T15:26:28Z
19308,18624-36,"Modifica el Código Civil con el objeto de fortalecer la corresponsabilidad parental y regula el establecimiento del cuidado personal compartido en atención al interés superior del niño, niña o adolescente",2026-09-02,parlamentario,Moción,2,Senado,2,true,,https://www.camara.cl/legislacion/ProyectosDeLey/tramitacion.aspx?prmID=19308&prmBOLETIN=18624-36,2026-09-02T15:26:29Z
19309,18625-15,Modifica la Ley de Tránsito para sancionar actos de violencia cometidos con ocasión de la conducción de vehículos motorizados,2026-09-02,parlamentario,Moción,2,Senado,2,true,,https://www.camara.cl/legislacion/ProyectosDeLey/tramitacion.aspx?prmID=19309&prmBOLETIN=18625-15,2026-09-02T15:26:29Z
19310,18626-17,Rehabilita la nacionalidad chilena al señor Álvaro Esteban Ignacio Segovia Toro,2026-09-02,parlamentario,Moción,2,Senado,2,true,,https://www.camara.cl/legislacion/ProyectosDeLey/tramitacion.aspx?prmID=19310&prmBOLETIN=18626-17,2026-09-02T15:26:29Z
19311,18628-10,"Inicia un proyecto de acuerdo que aprueba el ¿Acuerdo de Coproducción Audiovisual entre la República de Chile y la República Oriental del Uruguay¿, suscrito en Santiago, Chile, el 11 de abril de 2025",2026-09-02,ejecutivo,Mensaje,1,Senado,2,true,,https://www.camara.cl/legislacion/ProyectosDeLey/tramitacion.aspx?prmID=19311&prmBOLETIN=18628-10,2026-09-02T15:26:32Z
