vote_id,boletin,fecha,sesion_id,sesion_numero,descripcion,articulo,total_si,total_no,total_abstencion,total_dispensado,tipo_votacion,tipo_votacion_codigo,resultado,resultado_codigo,quorum,quorum_codigo,tipo_votacion_proyecto,tipo_votacion_proyecto_codigo,tramite_constitucional,tramite_constitucional_codigo,tramite_reglamentario,tramite_reglamentario_codigo,verificado_sala,verification_url
88442,16944-25,2026-03-18,4757,2,Boletín N°16944-25,,142,0,1,0,Proyecto de Ley,1,Aprobado,1,Quórum Simple,1,General,1,Primer Trámite,,Primer Informe,,1,https://www.camara.cl/legislacion/sala_sesiones/votacion_detalle.aspx?prmIdVotacion=88442
88450,15347-07,2026-03-23,4758,3,Boletín N°15347-07,,130,12,0,0,Proyecto de Ley,1,Aprobado,1,Quórum Simple,1,General,1,Segundo Trámite,,Primer Informe,,1,https://www.camara.cl/legislacion/sala_sesiones/votacion_detalle.aspx?prmIdVotacion=88450
88451,15347-07,2026-03-23,4758,3,Boletín N°15347-07,"Numeral 1 del artículo único del proyecto, en los términos propuestos por la Comisión de Seguridad Ciudadana, que coincide con el texto aprobado por el Senado, cuya votación separada ha sido solicitada por las diputadas Lorena Fries y Ana María Gazmuri, y que consta en las páginas 1 a 3 del comparado.",112,28,4,0,Proyecto de Ley,1,Aprobado,1,Quórum Simple,1,Particular,2,Segundo Trámite,,Primer Informe,,1,https://www.camara.cl/legislacion/sala_sesiones/votacion_detalle.aspx?prmIdVotacion=88451
88452,15347-07,2026-03-23,4758,3,Boletín N°15347-07,"Numeral 2 del artículo único del proyecto, en los términos propuestos por la Comisión de Seguridad Ciudadana, que coincide con el texto aprobado por el Senado, cuya votación separada ha sido solicitada por la diputada Ana María Gazmuri, y que consta en las páginas 3 a 4 del comparado.",116,26,1,0,Proyecto de Ley,1,Aprobado,1,Quórum Simple,1,Particular,2,Segundo Trámite,,Primer Informe,,1,https://www.camara.cl/legislacion/sala_sesiones/votacion_detalle.aspx?prmIdVotacion=88452
88453,15347-07,2026-03-23,4758,3,Boletín N°15347-07,"Numeral 3 del artículo único del proyecto, en los términos propuestos por la Comisión de Seguridad Ciudadana, que coincide con el texto aprobado por el Senado, cuya votación separada ha sido solicitada por la diputada Ana María Gazmuri, y que consta en las páginas 4 a 5 del comparado.",116,25,2,0,Proyecto de Ley,1,Aprobado,1,Quórum Simple,1,Particular,2,Segundo Trámite,,Primer Informe,,1,https://www.camara.cl/legislacion/sala_sesiones/votacion_detalle.aspx?prmIdVotacion=88453
88454,15347-07,2026-03-23,4758,3,Boletín N°15347-07,"Numeral 4 del artículo único del proyecto, en los términos propuestos por la Comisión de Seguridad Ciudadana, que coincide con el texto aprobado por el Senado, cuya votación separada ha sido solicitada por la diputada Ana María Gazmuri, y que consta en las páginas 5 a 6 del comparado.",115,27,1,0,Proyecto de Ley,1,Aprobado,1,Quórum Simple,1,Particular,2,Segundo Trámite,,Primer Informe,,1,https://www.camara.cl/legislacion/sala_sesiones/votacion_detalle.aspx?prmIdVotacion=88454
88455,15347-07,2026-03-23,4758,3,Boletín N°15347-07,"Numeral 6 del artículo único del proyecto, en los términos propuestos por la Comisión de Seguridad Ciudadana, que coincide con el texto aprobado por el Senado, cuya votación separada ha sido solicitada por la diputada Ana María Gazmuri, y que consta en las páginas 10 a 12 del comparado.",118,25,0,0,Proyecto de Ley,1,Aprobado,1,Quórum Simple,1,Particular,2,Segundo Trámite,,Primer Informe,,1,https://www.camara.cl/legislacion/sala_sesiones/votacion_detalle.aspx?prmIdVotacion=88455
88456,15347-07,2026-03-23,4758,3,Boletín N°15347-07,"Artículo transitorio del proyecto, en los términos propuestos por la Comisión de Seguridad Ciudadana, cuya votación separada ha sido solicitada por la diputada Lorena Fries, y que consta en las páginas 12 a 13 del comparado.",142,1,0,0,Proyecto de Ley,1,Aprobado,1,Quórum Simple,1,Particular,2,Segundo Trámite,,Primer Informe,,1,https://www.camara.cl/legislacion/sala_sesiones/votacion_detalle.aspx?prmIdVotacion=88456
88472,17737-14,2026-03-24,4759,4,Boletín N°17737-14,,149,0,1,0,Proyecto de Ley,1,Aprobado,1,Quórum Simple,1,General,1,Primer Trámite,,Primer Informe,,1,https://www.camara.cl/legislacion/sala_sesiones/votacion_detalle.aspx?prmIdVotacion=88472
88474,17474-06,2026-03-24,4759,4,Boletín N°17474-06,,95,48,7,0,Proyecto de Ley,1,Aprobado,1,Quórum Simple,1,General,1,Primer Trámite,,Primer Informe,,1,https://www.camara.cl/legislacion/sala_sesiones/votacion_detalle.aspx?prmIdVotacion=88474
88475,17474-06,2026-03-24,4759,4,Boletín N°17474-06,"Numeral 1) del artículo 1 del proyecto, cuya votación separada ha sido solicitada por la exdiputada Camila Musante, y que consta en la página 1 del comparado.",83,45,22,0,Proyecto de Ley,1,Aprobado,1,Quórum Simple,1,Particular,2,Primer Trámite,,Primer Informe,,1,https://www.camara.cl/legislacion/sala_sesiones/votacion_detalle.aspx?prmIdVotacion=88475
88476,16985-06,2026-03-24,4759,4,Boletín N°16985-06,"Modificaciones incorporadas por el Senado en el proyecto de ley, originado en mensaje, que “Establece, para el personal de Gendarmería de Chile, la obligación de efectuar declaraciones de intereses y patrimonio, en conformidad con lo dispuesto en la ley N° 20.880, sobre probidad en la función pública y prevención de los conflictos de intereses.”, que requieren para su aprobación del voto favorable de 78 diputadas y diputados por tratarse de normas de rango orgánico constitucional y de quórum calificado.",150,0,0,0,Proyecto de Ley,1,Aprobado,1,Quórum Calificado,2,Única,6,Tercer Trámite,,Sin Informe,,1,https://www.camara.cl/legislacion/sala_sesiones/votacion_detalle.aspx?prmIdVotacion=88476
88477,16487-12,2026-03-24,4759,4,Boletín N°16487-12,"Artículo único del proyecto, en los términos propuestos por la Comisión de Medio Ambiente y Recursos Naturales, tanto en su primer como en su segundo informe.",75,71,4,0,Proyecto de Ley,1,Unánime,2,Quórum Simple,1,Particular,2,Primer Trámite,,Segundo Informe,,1,https://www.camara.cl/legislacion/sala_sesiones/votacion_detalle.aspx?prmIdVotacion=88477
88489,18137-05,2026-03-24,4760,5,Boletín N°18137-05,,109,3,37,0,Proyecto de Ley,1,Aprobado,1,Quórum Simple,1,General,1,Primer Trámite,,Primer Informe,,1,https://www.camara.cl/legislacion/sala_sesiones/votacion_detalle.aspx?prmIdVotacion=88489
88490,18137-05,2026-03-24,4760,5,Boletín N°18137-05,"Artículo 1 del proyecto en los términos propuestos por la Comisión de Hacienda, que coincide con el mensaje, cuya votación separada ha sido solicitada por el diputado Jorge Brito, y que consta en las páginas 1 a 3 del comparado.",149,0,0,0,Proyecto de Ley,1,Aprobado,1,Quórum Simple,1,Particular,2,Primer Trámite,,Primer Informe,,1,https://www.camara.cl/legislacion/sala_sesiones/votacion_detalle.aspx?prmIdVotacion=88490
88491,18137-05,2026-03-24,4760,5,Boletín N°18137-05,"Artículo 2 del proyecto, en los términos propuestos por la Comisión de Hacienda, cuya votación separada ha sido solicitada por el diputado Jorge Brito, y que consta en las páginas 4 a 7 del comparado.",148,1,0,0,Proyecto de Ley,1,Aprobado,1,Quórum Simple,1,Particular,2,Primer Trámite,,Primer Informe,,1,https://www.camara.cl/legislacion/sala_sesiones/votacion_detalle.aspx?prmIdVotacion=88491
88492,18137-05,2026-03-24,4760,5,Boletín N°18137-05,"Artículo 3 del proyecto, en los términos propuestos por la Comisión de Hacienda, cuya votación separada ha sido solicitada por el diputado Jorge Brito, y que consta en las páginas 8 a 15 del comparado.",149,0,0,0,Proyecto de Ley,1,Aprobado,1,Quórum Simple,1,Particular,2,Primer Trámite,,Primer Informe,,1,https://www.camara.cl/legislacion/sala_sesiones/votacion_detalle.aspx?prmIdVotacion=88492
88493,18137-05,2026-03-24,4760,5,Boletín N°18137-05,"Artículo 4 del proyecto en los términos propuestos por la Comisión de Hacienda, que coincide con el mensaje, cuya votación separada ha sido solicitada por los diputados Boris Barrera, Jorge Brito, y Juan Marcelo Valenzuela, y que consta en las páginas 15 a 17 del comparado.",92,51,6,0,Proyecto de Ley,1,Aprobado,1,Quórum Simple,1,Particular,2,Primer Trámite,,Primer Informe,,1,https://www.camara.cl/legislacion/sala_sesiones/votacion_detalle.aspx?prmIdVotacion=88493
88494,18137-05,2026-03-24,4760,5,Boletín N°18137-05,"Artículos primero, segundo y tercero transitorios del proyecto, y que constan en las páginas 17 a 18 del comparado.",149,0,0,0,Proyecto de Ley,1,Aprobado,1,Quórum Simple,1,Particular,2,Primer Trámite,,Primer Informe,,1,https://www.camara.cl/legislacion/sala_sesiones/votacion_detalle.aspx?prmIdVotacion=88494
88500,18003-35,2026-03-25,4761,6,Boletín N°18003-35,,149,0,0,0,Proyecto de Ley,1,Aprobado,1,Quórum Calificado,2,General,1,Primer Trámite,,Primer Informe,,1,https://www.camara.cl/legislacion/sala_sesiones/votacion_detalle.aspx?prmIdVotacion=88500
88501,10634-29,2026-03-25,4761,6,Boletín N°10634-29,"Modificaciones incorporadas por el Senado en el proyecto de ley, originado en mensaje, que “Modifica la ley N° 20.019, que Regula las Sociedades Anónimas Deportivas Profesionales, en materia de fiscalización, de conflictos de interés, y de fomento de la participación de los hinchas en la propiedad de las mismas.”, con la salvedad de la enmienda que requiere quorum especial de aprobación y de aquellas cuya votación separada ha sido solicitada.",148,0,1,0,Proyecto de Ley,1,Aprobado,1,Quórum Simple,1,Única,6,Tercer Trámite,,Sin Informe,,1,https://www.camara.cl/legislacion/sala_sesiones/votacion_detalle.aspx?prmIdVotacion=88501
88502,10634-29,2026-03-25,4761,6,Boletín N°10634-29,"Enmienda del Senado que incorpora un nuevo numeral 6 al artículo 1º del proyecto de ley, mediante el cual se agrega un artículo 2 quáter, cuya votación separada fue solicitada por el diputado Diego Schalper, y que consta en las páginas 9 a 11 del comparado.",119,19,11,0,Proyecto de Ley,1,Aprobado,1,Quórum Simple,1,Única,6,Tercer Trámite,,Sin Informe,,1,https://www.camara.cl/legislacion/sala_sesiones/votacion_detalle.aspx?prmIdVotacion=88502
88503,10634-29,2026-03-25,4761,6,Boletín N°10634-29,"Enmienda del Senado que incorpora un nuevo numeral 7 al artículo 1º del proyecto de ley, que reemplaza el artículo 3, cuya votación separada fue solicitada por el diputado Diego Schalper, y que consta en las páginas 11 a 17 del comparado.",125,13,11,0,Proyecto de Ley,1,Aprobado,1,Quórum Simple,1,Única,6,Tercer Trámite,,Sin Informe,,1,https://www.camara.cl/legislacion/sala_sesiones/votacion_detalle.aspx?prmIdVotacion=88503
88504,10634-29,2026-03-25,4761,6,Boletín N°10634-29,"Enmienda del Senado que incorpora un nuevo numeral 32 al artículo 1º del proyecto de ley, mediante el cual se agrega un artículo 24 bis, cuya votación separada fue solicitada por el diputado Diego Schalper, y que consta en las páginas 77 y 78 del comparado.",127,7,15,0,Proyecto de Ley,1,Aprobado,1,Quórum Simple,1,Única,6,Tercer Trámite,,Sin Informe,,1,https://www.camara.cl/legislacion/sala_sesiones/votacion_detalle.aspx?prmIdVotacion=88504
88505,10634-29,2026-03-25,4761,6,Boletín N°10634-29,"Enmienda del Senado que incorpora un nuevo numeral 10 al inciso primero del artículo 39 ter, contenido en el numeral 39 del artículo 1º del proyecto de ley, que requiere para su aprobación del voto favorable de 78 diputadas y diputados por tratarse de una norma de rango orgánico constitucional, y que consta en las páginas 95 y 96 del comparado.",149,0,0,0,Proyecto de Ley,1,Aprobado,1,Quórum Calificado,2,Única,6,Tercer Trámite,,Sin Informe,,1,https://www.camara.cl/legislacion/sala_sesiones/votacion_detalle.aspx?prmIdVotacion=88505
88506,10634-29,2026-03-25,4761,6,Boletín N°10634-29,"Enmienda del Senado que incorpora un nuevo artículo primero transitorio, cuya votación separada fue solicitada por el diputado Diego Schalper, y que consta en las páginas 135 y 136 del comparado.",126,17,6,0,Proyecto de Ley,1,Aprobado,1,Quórum Simple,1,Única,6,Tercer Trámite,,Sin Informe,,1,https://www.camara.cl/legislacion/sala_sesiones/votacion_detalle.aspx?prmIdVotacion=88506
88507,10634-29,2026-03-25,4761,6,Boletín N°10634-29,"Enmienda del Senado que incorpora un nuevo artículo segundo transitorio, cuya votación separada fue solicitada por el diputado Diego Schalper, y que consta en las páginas 136 y 137 del comparado.",127,16,6,0,Proyecto de Ley,1,Aprobado,1,Quórum Simple,1,Única,6,Tercer Trámite,,Sin Informe,,1,https://www.camara.cl/legislacion/sala_sesiones/votacion_detalle.aspx?prmIdVotacion=88507
88517,18137-05,2026-03-25,4762,7,Boletín N°18137-05,"Modificaciones incorporadas por el Senado en el proyecto de ley, originado en mensaje, que “Adopta medidas transitorias para contener el precio del kerosene doméstico en el contexto de la emergencia energética internacional, y otras medidas que indica.”, con la salvedad de aquellas cuya votación separada ha sido solicitada.",120,1,12,0,Proyecto de Ley,1,Aprobado,1,Quórum Simple,1,Única,6,Tercer Trámite,,Sin Informe,,1,https://www.camara.cl/legislacion/sala_sesiones/votacion_detalle.aspx?prmIdVotacion=88517
88518,18137-05,2026-03-25,4762,7,Boletín N°18137-05,"Enmienda del Senado que incorpora un inciso final, nuevo, al artículo 2 del proyecto, cuya votación separada fue solicitada por el diputado Jorge Brito, y que consta en las páginas 7 y 8 del comparado.",133,0,0,0,Proyecto de Ley,1,Aprobado,1,Quórum Simple,1,Única,6,Tercer Trámite,,Sin Informe,,1,https://www.camara.cl/legislacion/sala_sesiones/votacion_detalle.aspx?prmIdVotacion=88518
88519,18137-05,2026-03-25,4762,7,Boletín N°18137-05,"Enmiendas del Senado al artículo 3 del proyecto, cuya votación separada fue solicitada por el diputado Jorge Brito, y que constan en las páginas 10 a 16 del comparado.",133,0,0,0,Proyecto de Ley,1,Aprobado,1,Quórum Simple,1,Única,6,Tercer Trámite,,Sin Informe,,1,https://www.camara.cl/legislacion/sala_sesiones/votacion_detalle.aspx?prmIdVotacion=88519
88544,16569-25,2026-04-06,4763,8,Boletín N°16569-25,"Modificaciones incorporadas por el Senado en el proyecto de ley, originado en moción y mensaje, que “Amplía la penalización dispuesta en el artículo 304 bis del Código Penal, para fortalecer la seguridad perimetral de los recintos penales.”.",16,124,5,0,Proyecto de Ley,1,Unánime,2,Quórum Simple,1,Única,6,Tercer Trámite,,Sin Informe,,1,https://www.camara.cl/legislacion/sala_sesiones/votacion_detalle.aspx?prmIdVotacion=88544
88545,17234-15,2026-04-06,4763,8,Boletín N°17234-15,"Artículo único del proyecto, en los términos propuestos por la Comisión de Obras Públicas, Transportes y Telecomunicaciones, en su segundo informe.",140,0,5,0,Proyecto de Ley,1,Aprobado,1,Quórum Simple,1,Particular,2,Primer Trámite,,Segundo Informe,,1,https://www.camara.cl/legislacion/sala_sesiones/votacion_detalle.aspx?prmIdVotacion=88545
88564,17504-22,2026-04-07,4764,9,Boletín N°17504-22,,144,0,0,0,Proyecto de Ley,1,Aprobado,1,Quórum Simple,1,General,1,Segundo Trámite,,Primer Informe,,1,https://www.camara.cl/legislacion/sala_sesiones/votacion_detalle.aspx?prmIdVotacion=88564
88594,17246-15,2026-04-08,4765,10,Boletín N°17246-15,"Modificaciones incorporadas por el Senado en el proyecto de ley, originado en moción, que “Modifica las leyes que indica para mejorar la fiscalización y aumentar las sanciones por evasión del pago de tarifas en el transporte público remunerado de pasajeros.”.",145,0,2,0,Proyecto de Ley,1,Aprobado,1,Quórum Simple,1,Única,6,Tercer Trámite,,Sin Informe,,1,https://www.camara.cl/legislacion/sala_sesiones/votacion_detalle.aspx?prmIdVotacion=88594
88611,17880-13,2026-04-13,4766,11,Boletín N°17880-13,,140,0,0,0,Proyecto de Ley,1,Aprobado,1,Quórum Calificado,2,General,1,Primer Trámite,,Primer Informe,,1,https://www.camara.cl/legislacion/sala_sesiones/votacion_detalle.aspx?prmIdVotacion=88611
88612,17170-07,2026-04-13,4766,11,Boletín N°17170-07,,131,1,8,0,Proyecto de Ley,1,Aprobado,1,Quórum Simple,1,General,1,Primer Trámite,,Primer Informe,,1,https://www.camara.cl/legislacion/sala_sesiones/votacion_detalle.aspx?prmIdVotacion=88612
88613,17170-07,2026-04-13,4766,11,Boletín N°17170-07,"Numeral 1) del artículo único del proyecto, cuya votación separada ha sido solicitada por la diputada Coca Ericka Ñanco, y que consta en la página 1 del comparado.",110,8,21,0,Proyecto de Ley,1,Aprobado,1,Quórum Simple,1,Particular,2,Primer Trámite,,Primer Informe,,1,https://www.camara.cl/legislacion/sala_sesiones/votacion_detalle.aspx?prmIdVotacion=88613
88614,17170-07,2026-04-13,4766,11,Boletín N°17170-07,"Numeral 2) del artículo único del proyecto, cuya votación separada ha sido solicitada por la diputada Coca Ericka Ñanco, y que consta en la página 2 del comparado.",110,6,23,0,Proyecto de Ley,1,Aprobado,1,Quórum Simple,1,Particular,2,Primer Trámite,,Primer Informe,,1,https://www.camara.cl/legislacion/sala_sesiones/votacion_detalle.aspx?prmIdVotacion=88614
88633,17354-37,2026-04-14,4767,12,Boletín N°17354-37,,113,22,9,0,Proyecto de Ley,1,Aprobado,1,Quórum Simple,1,General,1,Segundo Trámite,,Primer Informe,,1,https://www.camara.cl/legislacion/sala_sesiones/votacion_detalle.aspx?prmIdVotacion=88633
88634,17690-07,2026-04-14,4767,12,Boletín N°17690-07,,76,63,5,0,Proyecto de Ley,1,Unánime,2,Quórum Calificado,2,General,1,Primer Trámite,,Primer Informe,,1,https://www.camara.cl/legislacion/sala_sesiones/votacion_detalle.aspx?prmIdVotacion=88634
88646,17757-29,2026-04-15,4768,13,Boletín N°17757-29,,104,37,1,0,Proyecto de Ley,1,Aprobado,1,Quórum Simple,1,General,1,Primer Trámite,,Primer Informe,,1,https://www.camara.cl/legislacion/sala_sesiones/votacion_detalle.aspx?prmIdVotacion=88646
88647,17522-12,2026-04-15,4768,13,Boletín N°17522-12,,77,49,12,2,Proyecto de Ley,1,Aprobado,1,Quórum Simple,1,General,1,Primer Trámite,,Primer Informe,,1,https://www.camara.cl/legislacion/sala_sesiones/votacion_detalle.aspx?prmIdVotacion=88647
88648,17522-12,2026-04-15,4768,13,Boletín N°17522-12,,74,54,11,2,Proyecto de Ley,1,Unánime,2,Quórum Calificado,2,General,1,Primer Trámite,,Primer Informe,,1,https://www.camara.cl/legislacion/sala_sesiones/votacion_detalle.aspx?prmIdVotacion=88648
88679,18043-06,2026-04-21,4770,15,Boletín N°18043-06,,116,1,32,0,Proyecto de Ley,1,Aprobado,1,Quórum Simple,1,General,1,Primer Trámite,,Primer Informe,,1,https://www.camara.cl/legislacion/sala_sesiones/votacion_detalle.aspx?prmIdVotacion=88679
88680,18156-04,2026-04-21,4770,15,Boletín N°18156-04,,103,43,3,0,Proyecto de Ley,1,Aprobado,1,Quórum Simple,1,General,1,Primer Trámite,,Primer Informe,,1,https://www.camara.cl/legislacion/sala_sesiones/votacion_detalle.aspx?prmIdVotacion=88680
88681,18156-04,2026-04-21,4770,15,Boletín N°18156-04,"Artículo 16 J incorporado por el artículo 1 del proyecto, con la indicación renovada, que agrega los siguientes incisos cuarto y quinto nuevos:
“El personal responsable de la revisión deberá contar con capacitación en enfoque de derechos de niños, niñas y adolescentes; en protocolos de actuación en contextos educativos; en técnicas de prevención y manejo de situaciones de conflicto; y en el conocimiento del marco normativo aplicable, conforme a las orientaciones que imparta el Ministerio de Educación.
Sin perjuicio de lo anterior, el procedimiento deberá ejecutarse resguardando el deber de evitar cualquier forma de contacto físico o exposición innecesaria de los involucrados, y realizarse en lugares especialmente designados para tales fines.”",74,74,1,0,Proyecto de Ley,1,Unánime,2,Quórum Simple,1,Particular,2,Primer Trámite,,Primer Informe,,1,https://www.camara.cl/legislacion/sala_sesiones/votacion_detalle.aspx?prmIdVotacion=88681
88682,18156-04,2026-04-21,4770,15,Boletín N°18156-04,"En votación el artículo 16 J incorporado por el artículo 1 del proyecto, con la salvedad de su inciso final, en los términos aprobados por la Comisión de Educación, cuya votación separada fue solicitada por la diputada Daniela Serrano; y que consta en las páginas 1 a 3 del comparado.",89,50,10,0,Proyecto de Ley,1,Aprobado,1,Quórum Simple,1,Particular,2,Primer Trámite,,Primer Informe,,1,https://www.camara.cl/legislacion/sala_sesiones/votacion_detalle.aspx?prmIdVotacion=88682
88683,18156-04,2026-04-21,4770,15,Boletín N°18156-04,"Indicación renovada que sustituye el inciso final del artículo 16 J incorporado por el artículo 1 del proyecto, por uno del siguiente tenor:
“El personal autorizado, capacitado y legalmente habilitado no podrá realizar la revisión de manera forzosa. En caso de negativa del estudiante, este deberá ser inmediatamente trasladado para ser puesto en custodia de sus padres y/o apoderado. Excepcionalmente, ante la negativa, el personal podrá trasladarlo inmediatamente y dejarlo a disposición de alguna de las fuerzas de orden y seguridad pública, siempre y cuando existan indicios serios de la comisión de un crimen o un delito y que implique un riesgo cierto para la seguridad de la comunidad educativa.”",60,76,13,0,Proyecto de Ley,1,Unánime,2,Quórum Simple,1,Particular,2,Primer Trámite,,Primer Informe,,1,https://www.camara.cl/legislacion/sala_sesiones/votacion_detalle.aspx?prmIdVotacion=88683
88684,18156-04,2026-04-21,4770,15,Boletín N°18156-04,"Inciso final del artículo 16 J incorporado por el artículo 1 del proyecto, en los términos aprobados por la Comisión de Educación, cuya votación separada fue solicitada por la diputada Daniela Serrano; y que consta en las páginas 3 y 4 del comparado.",86,49,14,0,Proyecto de Ley,1,Aprobado,1,Quórum Simple,1,Particular,2,Primer Trámite,,Primer Informe,,1,https://www.camara.cl/legislacion/sala_sesiones/votacion_detalle.aspx?prmIdVotacion=88684
88685,18156-04,2026-04-21,4770,15,Boletín N°18156-04,"Indicación renovada que agrega un inciso final nuevo al artículo 16 J incorporado por el artículo 1 del proyecto, del siguiente tenor:
“La medida prevista en este artículo requerirá aprobación previa del Consejo Escolar o de la comunidad educativa, según corresponda.”",58,78,13,0,Proyecto de Ley,1,Unánime,2,Quórum Simple,1,Particular,2,Primer Trámite,,Primer Informe,,1,https://www.camara.cl/legislacion/sala_sesiones/votacion_detalle.aspx?prmIdVotacion=88685
88686,18156-04,2026-04-21,4770,15,Boletín N°18156-04,"Indicación renovada, que agrega un inciso final nuevo al artículo 16 J, incorporado por el artículo 1 del proyecto de ley, del siguiente   tenor:
“La medida prevista en este artículo, sólo podrá realizarse sobre mayores de catorce años.”",70,78,0,0,Proyecto de Ley,1,Unánime,2,Quórum Simple,1,Particular,2,Primer Trámite,,Primer Informe,,1,https://www.camara.cl/legislacion/sala_sesiones/votacion_detalle.aspx?prmIdVotacion=88686
88687,18156-04,2026-04-21,4770,15,Boletín N°18156-04,"Indicación renovada, que agrega un inciso final nuevo al artículo 16 J, incorporado por el artículo 1 del proyecto de ley, del siguiente tenor:
“En todo caso e independiente del resultado del procedimiento, el director del establecimiento educacional deberá informar a los padres o apoderados del estudiante la circunstancia de haberse realizado el control de mochilas o bolsos a su estudiante.”",72,77,0,0,Proyecto de Ley,1,Unánime,2,Quórum Simple,1,Particular,2,Primer Trámite,,Primer Informe,,1,https://www.camara.cl/legislacion/sala_sesiones/votacion_detalle.aspx?prmIdVotacion=88687
88688,18156-04,2026-04-21,4770,15,Boletín N°18156-04,"Indicación renovada, que agrega un inciso final nuevo al artículo 16 J, incorporado por el artículo 1 del proyecto de ley, del siguiente tenor:
“La comunicación de antecedentes a las Fuerzas de Orden y Seguridad Pública que prevé la medida de este artículo, sólo podrá ejercerse con la venia del apoderado del estudiante.”",39,86,24,0,Proyecto de Ley,1,Unánime,2,Quórum Simple,1,Particular,2,Primer Trámite,,Primer Informe,,1,https://www.camara.cl/legislacion/sala_sesiones/votacion_detalle.aspx?prmIdVotacion=88688
88689,18156-04,2026-04-21,4770,15,Boletín N°18156-04,"Indicación renovada, que agrega un inciso final nuevo al artículo 16 J, incorporado por el artículo 1 del proyecto de ley, del siguiente tenor:
“Para los efectos de este artículo se entenderá que los ‘elementos que pudiesen ser utilizados para agredir a otros, para atentar contra la infraestructura del establecimiento educacional o que fueren potencialmente peligrosos para la comunidad educativa’, como alguna de las armas enumeradas en el artículo 2º y 3º del Decreto 400 que fija texto refundido, coordinado y sistematizado de la Ley Nº17.798, sobre control de armas, u otros elementos similares que tengan objetivamente la capacidad de producir los efectos ahí señalados.”",51,89,9,0,Proyecto de Ley,1,Unánime,2,Quórum Simple,1,Particular,2,Primer Trámite,,Primer Informe,,1,https://www.camara.cl/legislacion/sala_sesiones/votacion_detalle.aspx?prmIdVotacion=88689
88690,18156-04,2026-04-21,4770,15,Boletín N°18156-04,"Indicación renovada, que agrega un inciso final nuevo al artículo 16 J, incorporado por el artículo 1 del proyecto de ley, del siguiente tenor:
“Sin perjuicio de las limitaciones a su uso establecidas en la ley N° 21.801, las medidas de revisión no podrán extenderse a dispositivos móviles electrónicos de comunicación personal, ni implicar su manipulación, revisión física o digital, acceso a su contenido, ni la exigencia de su desbloqueo o exhibición.”",60,89,0,0,Proyecto de Ley,1,Unánime,2,Quórum Simple,1,Particular,2,Primer Trámite,,Primer Informe,,1,https://www.camara.cl/legislacion/sala_sesiones/votacion_detalle.aspx?prmIdVotacion=88690
88691,18156-04,2026-04-21,4770,15,Boletín N°18156-04,"Indicación renovada, que agrega un inciso final nuevo al artículo 16 J, incorporado por el artículo 1 del proyecto de ley, del siguiente tenor:
“En el contexto de la ejecución de la medida de que trata este artículo, no podrá revisarse ni reproducirse el contenido de cuadernos, agendas, papelería o demás contenido impreso que porte el estudiante. En ningún caso esta prohibición obstará la revisión de los mismos con fines pedagógicos por los docentes durante la realización de clases u otros profesionales de la educación para efectos de comunicación con su apoderado. La revisión de estos elementos constituirá una afectación al derecho a la vida privada del estudiante.”",57,91,1,0,Proyecto de Ley,1,Unánime,2,Quórum Simple,1,Particular,2,Primer Trámite,,Primer Informe,,1,https://www.camara.cl/legislacion/sala_sesiones/votacion_detalle.aspx?prmIdVotacion=88691
88692,18156-04,2026-04-21,4770,15,Boletín N°18156-04,"Indicación renovada, que agrega un inciso final nuevo al artículo 16 J, incorporado por el artículo 1 del proyecto de ley, del siguiente tenor:
“En casos de estudiantes con Necesidades Educativas Especiales (NEE), la revisión debe contar el asesoramiento o presencia de un profesional del equipo de convivencia o del PIE, para asegurar una contención emocional adecuada y evitar que la medida sea percibida como una persecución basada en su condición.”",75,67,7,0,Proyecto de Ley,1,Aprobado,1,Quórum Simple,1,Particular,2,Primer Trámite,,Primer Informe,,1,https://www.camara.cl/legislacion/sala_sesiones/votacion_detalle.aspx?prmIdVotacion=88692
88693,18156-04,2026-04-21,4770,15,Boletín N°18156-04,"Artículo 16 K, incorporado por el artículo 1 del proyecto, cuya votación separada ha sido solicitada por las diputadas Daniela Serrano y Emilia Schneider; y que consta en las páginas 4 y 5 del comparado.",98,47,4,0,Proyecto de Ley,1,Aprobado,1,Quórum Simple,1,Particular,2,Primer Trámite,,Primer Informe,,1,https://www.camara.cl/legislacion/sala_sesiones/votacion_detalle.aspx?prmIdVotacion=88693
88694,18156-04,2026-04-21,4770,15,Boletín N°18156-04,"Artículo 87 ter, incorporado por el artículo 2 del proyecto, con la indicación renovada, que agrega un nuevo inciso segundo del siguiente tenor:
“La revisión se hará en el establecimiento educacional, en un espacio privado destinado a tal efecto, con la presencia del director o sostenedor del establecimiento y de la madre, padre, apoderado o tutor del estudiante. Si el padre o apoderado no pudiere asistir a supervigilar el procedimiento, se le deberá informar al estudiante de su derecho a exigir la presencia de otro trabajador del establecimiento de su confianza, quien actuará como garante de sus derechos. Si el estudiante se negare a señalar a un adulto para estos efectos, deberá estar presente un integrante del equipo de convivencia escolar, del PIE o, en su ausencia, de otro docente que conozca al estudiante, para proporcionar contención socioemocional inmediata y asegurar que el procedimiento no interrumpa de forma permanente la trayectoria educativa del estudiante. El procedimiento no podrá realizarse sin la presencia de las personas señaladas y en ningún caso el funcionario policial podrá obstaculizar la supervisión del procedimiento.""",52,97,0,0,Proyecto de Ley,1,Unánime,2,Quórum Simple,1,Particular,2,Primer Trámite,,Primer Informe,,1,https://www.camara.cl/legislacion/sala_sesiones/votacion_detalle.aspx?prmIdVotacion=88694
88695,18156-04,2026-04-21,4770,15,Boletín N°18156-04,"Artículo 87 ter incorporado por el artículo 2 del proyecto, en los términos aprobados por la Comisión de Educación, cuya votación separada ha sido solicitada por las diputadas Daniela Serrano y Emilia Schneider; y que consta en las páginas 5 y 6 del comparado.",90,50,9,0,Proyecto de Ley,1,Aprobado,1,Quórum Simple,1,Particular,2,Primer Trámite,,Primer Informe,,1,https://www.camara.cl/legislacion/sala_sesiones/votacion_detalle.aspx?prmIdVotacion=88695
88696,18156-04,2026-04-21,4770,15,Boletín N°18156-04,"Indicación renovada, que agrega un nuevo inciso segundo al artículo 87 ter, incorporado por el artículo 2 del proyecto de ley, del siguiente tenor:
“El conjunto de los procedimientos detallados en los incisos precedentes deberán realizarse en la forma más expedita posible, limitándose al tiempo estrictamente necesario para los fines señalados y en ningún caso podrán extenderse más allá de una hora.”",58,91,0,0,Proyecto de Ley,1,Unánime,2,Quórum Simple,1,Particular,2,Primer Trámite,,Primer Informe,,1,https://www.camara.cl/legislacion/sala_sesiones/votacion_detalle.aspx?prmIdVotacion=88696
88697,18156-04,2026-04-21,4770,15,Boletín N°18156-04,"Indicación renovada, que agrega un nuevo inciso segundo al artículo 87 ter, incorporado por el artículo 2 del proyecto de ley, del siguiente tenor:
“El procedimiento deberá evitar el uso de esposas o elementos de coerción física, salvo peligro vital, y resguardando la honra del estudiante para evitar su estigmatización ante la comunidad.”",59,78,12,0,Proyecto de Ley,1,Unánime,2,Quórum Simple,1,Particular,2,Primer Trámite,,Primer Informe,,1,https://www.camara.cl/legislacion/sala_sesiones/votacion_detalle.aspx?prmIdVotacion=88697
88698,18156-04,2026-04-21,4770,15,Boletín N°18156-04,"Indicación renovada, que agrega un nuevo inciso segundo al artículo 87 ter, incorporado por el artículo 2 del proyecto de ley, del siguiente tenor:
“En el ejercicio de esta facultad, los funcionarios policiales deberán exhibir su placa y señalar su nombre, grado y dotación, respetando siempre la igualdad de trato, la no discriminación arbitraria y el interés superior del niño, niña o adolescente.”",71,78,0,0,Proyecto de Ley,1,Unánime,2,Quórum Simple,1,Particular,2,Primer Trámite,,Primer Informe,,1,https://www.camara.cl/legislacion/sala_sesiones/votacion_detalle.aspx?prmIdVotacion=88698
88699,18156-04,2026-04-21,4770,15,Boletín N°18156-04,"Indicación renovada, que agrega un nuevo inciso segundo al artículo 87 ter, incorporado por el artículo 2 del proyecto de ley, del siguiente tenor:
“El abuso en el ejercicio del procedimiento reglado en este artículo podrá ser constitutivo del delito previsto y sancionado en el artículo 255 del Código Penal. Sin perjuicio de las responsabilidades penales que hubiere, ejercer las atribuciones señaladas en este artículo de manera abusiva o aplicando un trato denigrante al estudiante, constituirá una falta administrativa.”",58,91,0,0,Proyecto de Ley,1,Unánime,2,Quórum Simple,1,Particular,2,Primer Trámite,,Primer Informe,,1,https://www.camara.cl/legislacion/sala_sesiones/votacion_detalle.aspx?prmIdVotacion=88699
88700,18156-04,2026-04-21,4770,15,Boletín N°18156-04,"Numeral 1) del artículo 5 del proyecto, cuya votación separada ha sido solicitada por la diputada Daniela Serrano; y que consta en las páginas 11 y 12 del comparado.",88,48,13,0,Proyecto de Ley,1,Aprobado,1,Quórum Simple,1,Particular,2,Primer Trámite,,Primer Informe,,1,https://www.camara.cl/legislacion/sala_sesiones/votacion_detalle.aspx?prmIdVotacion=88700
88701,18156-04,2026-04-21,4770,15,Boletín N°18156-04,"Indicación renovada que reemplaza el numeral 2) del artículo 5 del proyecto, por uno del siguiente tenor:
“2) Incorpórese, en el actual párrafo sexto, que pasó a ser séptimo, a continuación del punto aparte, que pasa a ser seguido, el siguiente texto:
“Se entenderá, asimismo, que afectan gravemente la convivencia escolar aquellos actos cometidos por cualquier miembro de la comunidad educativa que tengan como consecuencia la interrupción total o parcial de las clases o la alteración sustancial del normal desarrollo de la jornada escolar, durante un periodo significativo de la jornada o cuya reiteración afecte la continuidad del servicio educativo. No afectará de manera grave la convivencia escolar aquellas manifestaciones de carácter pacífico realizadas bajo el legítimo derecho de organización, así como tampoco aquellas alteraciones realizadas por alumnos diagnosticados con alguna condición del neurodesarrollo u otras similares. De igual modo, las actividades extraprogramáticas organizadas por la comunidad escolar se entenderán siempre dentro del normal desarrollo de la jornada escolar.”.”",72,76,0,0,Proyecto de Ley,1,Unánime,2,Quórum Simple,1,Particular,2,Primer Trámite,,Primer Informe,,1,https://www.camara.cl/legislacion/sala_sesiones/votacion_detalle.aspx?prmIdVotacion=88701
88702,18156-04,2026-04-21,4770,15,Boletín N°18156-04,"Numeral 2) del artículo 5 del proyecto, en los términos aprobados por la Comisión de Educación, cuya votación separada ha sido solicitada por las diputadas Daniela Serrano y Emilia Schneider, y los diputados Jaime Araya, Juan Santana y César Valenzuela; y que consta en las páginas 12 y 13 del comparado.",87,57,4,0,Proyecto de Ley,1,Aprobado,1,Quórum Simple,1,Particular,2,Primer Trámite,,Primer Informe,,1,https://www.camara.cl/legislacion/sala_sesiones/votacion_detalle.aspx?prmIdVotacion=88702
88703,18156-04,2026-04-21,4770,15,Boletín N°18156-04,"Indicación renovada que agrega una frase final al numeral 2) del artículo 5 del proyecto, del siguiente tenor: 
“, a menos que dicha interrupción o alteración se haya producido con ocasión del ejercicio del derecho a la huelga legal de los trabajadores de la educación o de otro estamento de la comunidad educativa; o a raíz de movilizaciones estudiantiles aprobadas democráticamente por los órganos deliberativos del cuerpo estudiantil.”",61,88,0,0,Proyecto de Ley,1,Unánime,2,Quórum Simple,1,Particular,2,Primer Trámite,,Primer Informe,,1,https://www.camara.cl/legislacion/sala_sesiones/votacion_detalle.aspx?prmIdVotacion=88703
88704,18156-04,2026-04-21,4770,15,Boletín N°18156-04,"Indicación renovada, que reemplaza el artículo 6 del proyecto de ley, por uno del siguiente tenor:
“El Estado garantizará la continuidad del beneficio de gratuidad para aquellos estudiantes con trayectorias de interrupción escolar o que hayan sido sancionados bajo la Ley N° 20.084, supeditando su mantención a la participación obligatoria en programas de acompañamiento socioeducativo y tutorías de inserción universitaria. El Ministerio de Educación, en conjunto con el Ministerio de Justicia, diseñará planes de transición que aseguren que la educación superior actúe como un factor protector y motor de movilidad social, evitando la desvinculación definitiva del sistema educativo.”",61,88,0,0,Proyecto de Ley,1,Unánime,2,Quórum Simple,1,Particular,2,Primer Trámite,,Primer Informe,,1,https://www.camara.cl/legislacion/sala_sesiones/votacion_detalle.aspx?prmIdVotacion=88704
88705,18156-04,2026-04-21,4770,15,Boletín N°18156-04,"Indicación renovada, que reemplaza el artículo 6 del proyecto de ley, por uno del siguiente tenor:
“En ningún caso podrá condicionarse la asignación de este mecanismo de financiamiento a criterios personales del estudiante diversos a los socioeconómicos que la ley dispone.”",62,87,0,0,Proyecto de Ley,1,Unánime,2,Quórum Simple,1,Particular,2,Primer Trámite,,Primer Informe,,1,https://www.camara.cl/legislacion/sala_sesiones/votacion_detalle.aspx?prmIdVotacion=88705
88706,18156-04,2026-04-21,4770,15,Boletín N°18156-04,"Artículo 6 del proyecto, en los términos aprobados por la Comisión de Educación, cuya votación separada ha sido solicitada por las diputadas Daniela Serrano, Andrea Parra y Emilia Schneider, y los diputados Héctor Barría, Carlos Bianchi, Jaime Araya, Raúl Soto, Héctor Ulloa, Cristián Tapia, José Montalva, Fernando Zamorano, Carlos Carvajal, Carlos Cuadrado, Juan Santana y César Valenzuela; y que consta en las páginas 21 a 24 del comparado.",83,65,1,0,Proyecto de Ley,1,Aprobado,1,Quórum Simple,1,Particular,2,Primer Trámite,,Primer Informe,,1,https://www.camara.cl/legislacion/sala_sesiones/votacion_detalle.aspx?prmIdVotacion=88706
88707,18156-04,2026-04-21,4770,15,Boletín N°18156-04,"Artículo transitorio nuevo propuesto por la indicación renovada, del siguiente tenor:
“Artículo transitorio.- Dentro del plazo de seis meses contado desde la publicación de la presente ley, el Ministerio de Educación deberá dictar las orientaciones y lineamientos técnicos para la capacitación del personal de los establecimientos educacionales que pueda participar en los procedimientos de revisión regulados en esta ley.
Asimismo, los establecimientos educacionales deberán adoptar las medidas necesarias para dar cumplimiento a dichas orientaciones en un plazo máximo de doce meses desde su dictación.
Mientras no se dé cumplimiento a lo anterior, las revisiones solo podrán ser realizadas por personal que cuente con capacitación previa en convivencia escolar y resguardo de derechos de niños, niñas y adolescentes.”",72,75,2,0,Proyecto de Ley,1,Unánime,2,Quórum Simple,1,Particular,2,Primer Trámite,,Primer Informe,,1,https://www.camara.cl/legislacion/sala_sesiones/votacion_detalle.aspx?prmIdVotacion=88707
88718,17235-07,2026-04-22,4771,16,Boletín N°17235-07,,149,0,1,0,Proyecto de Ley,1,Aprobado,1,Quórum Simple,1,General,1,Primer Trámite,,Primer Informe,,1,https://www.camara.cl/legislacion/sala_sesiones/votacion_detalle.aspx?prmIdVotacion=88718
88738,16851-14,2026-05-04,4772,17,Boletín N°16851-14,,140,0,0,0,Proyecto de Ley,1,Aprobado,1,Quórum Simple,1,General,1,Primer Trámite,,Primer Informe,,1,https://www.camara.cl/legislacion/sala_sesiones/votacion_detalle.aspx?prmIdVotacion=88738
88754,17724-34,2026-05-05,4773,18,Boletín N°17724-34,"Modificaciones incorporadas por el Senado en el proyecto de ley, originado en mensaje, que “Reemplaza el artículo 5 bis del decreto ley N° 3.500, de 1980.”, que requieren para su aprobación del voto favorable de 78 diputadas y diputados por tratarse de normas de quórum calificado.",147,0,0,0,Proyecto de Ley,1,Aprobado,1,Quórum Calificado,2,Única,6,Tercer Trámite,,Sin Informe,,1,https://www.camara.cl/legislacion/sala_sesiones/votacion_detalle.aspx?prmIdVotacion=88754
88755,18016-13,2026-05-05,4773,18,Boletín N°18016-13,,91,43,14,0,Proyecto de Ley,1,Aprobado,1,Quórum Simple,1,General,1,Primer Trámite,,Primer Informe,,1,https://www.camara.cl/legislacion/sala_sesiones/votacion_detalle.aspx?prmIdVotacion=88755
88756,17381-03,2026-05-05,4773,18,Boletín N°17381-03,,76,68,4,0,Proyecto de Ley,1,Aprobado,1,Quórum Simple,1,General,1,Primer Trámite,,Primer Informe,,1,https://www.camara.cl/legislacion/sala_sesiones/votacion_detalle.aspx?prmIdVotacion=88756
88757,17381-03,2026-05-05,4773,18,Boletín N°17381-03,En votación particular el artículo único del proyecto y su disposición transitoria.,77,68,3,0,Proyecto de Ley,1,Aprobado,1,Quórum Simple,1,Particular,2,Primer Trámite,,Primer Informe,,1,https://www.camara.cl/legislacion/sala_sesiones/votacion_detalle.aspx?prmIdVotacion=88757
88758,17471-07,2026-05-05,4773,18,Boletín N°17471-07,,27,105,16,0,Proyecto de Ley,1,Unánime,2,Quórum Simple,1,General,1,Primer Trámite,,Primer Informe,,1,https://www.camara.cl/legislacion/sala_sesiones/votacion_detalle.aspx?prmIdVotacion=88758
88759,17872-33,2026-05-05,4773,18,Boletín N°17872-33,,78,65,3,2,Proyecto de Ley,1,Aprobado,1,Quórum Simple,1,General,1,Primer Trámite,,Primer Informe,,1,https://www.camara.cl/legislacion/sala_sesiones/votacion_detalle.aspx?prmIdVotacion=88759
88760,17872-33,2026-05-05,4773,18,Boletín N°17872-33,"En votación particular el artículo único del proyecto y su disposición transitoria, en los términos propuestos en la moción.",73,66,7,2,Proyecto de Ley,1,Unánime,2,Quórum Simple,1,Particular,2,Primer Trámite,,Primer Informe,,1,https://www.camara.cl/legislacion/sala_sesiones/votacion_detalle.aspx?prmIdVotacion=88760
88761,17405-07,2026-05-05,4773,18,Boletín N°17405-07,,82,46,17,0,Proyecto de Ley,1,Aprobado,1,Quórum Simple,1,General,1,Primer Trámite,,Primer Informe,,1,https://www.camara.cl/legislacion/sala_sesiones/votacion_detalle.aspx?prmIdVotacion=88761
88794,18107-07,2026-05-06,4775,20,Boletín N°18107-07,,73,73,1,0,Proyecto de Ley,1,Unánime,2,Quórum Calificado,2,General,1,Primer Trámite,,Primer Informe,,1,https://www.camara.cl/legislacion/sala_sesiones/votacion_detalle.aspx?prmIdVotacion=88794
88810,14309-04,2026-05-11,4776,21,Boletín N°14309-04,"Modificaciones incorporadas por el Senado en el proyecto de ley, originado en mensaje, que “Establece un sistema de subvenciones para la modalidad educativa de reingreso.”, con la salvedad de aquellas cuya votación separada ha sido solicitada.",120,0,12,0,Proyecto de Ley,1,Aprobado,1,Quórum Simple,1,Única,6,Tercer Trámite,,Sin Informe,,1,https://www.camara.cl/legislacion/sala_sesiones/votacion_detalle.aspx?prmIdVotacion=88810
88811,14309-04,2026-05-11,4776,21,Boletín N°14309-04,"Enmienda del Senado que agrega un nuevo artículo 10 al proyecto, cuya votación separada ha sido solicitada por la diputada Daniela Serrano, y que consta en las páginas 11 y 12 del comparado.",116,0,23,0,Proyecto de Ley,1,Aprobado,1,Quórum Simple,1,Única,6,Tercer Trámite,,Sin Informe,,1,https://www.camara.cl/legislacion/sala_sesiones/votacion_detalle.aspx?prmIdVotacion=88811
88812,14309-04,2026-05-11,4776,21,Boletín N°14309-04,"Enmiendas del Senado al artículo primero transitorio, cuya votación separada ha sido solicitada por el diputado Ricardo Neumann, y que consta en las páginas 20 a 23 del comparado.",67,72,0,0,Proyecto de Ley,1,Unánime,2,Quórum Simple,1,Única,6,Tercer Trámite,,Sin Informe,,1,https://www.camara.cl/legislacion/sala_sesiones/votacion_detalle.aspx?prmIdVotacion=88812
88813,14309-04,2026-05-11,4776,21,Boletín N°14309-04,"Enmienda del Senado que agrega un nuevo artículo segundo transitorio, cuya votación separada ha sido solicitada por la diputada Daniela Serrano y el diputado Ricardo Neumann, y que consta en las páginas 24 y 25 del comparado.",58,81,0,0,Proyecto de Ley,1,Unánime,2,Quórum Simple,1,Única,6,Tercer Trámite,,Sin Informe,,1,https://www.camara.cl/legislacion/sala_sesiones/votacion_detalle.aspx?prmIdVotacion=88813
88826,17112-19,2026-05-12,4777,22,Boletín N°17112-19,,22,59,67,0,Proyecto de Ley,1,Unánime,2,Quórum Simple,1,General,1,Primer Trámite,,Primer Informe,,1,https://www.camara.cl/legislacion/sala_sesiones/votacion_detalle.aspx?prmIdVotacion=88826
88869,18215-10,2026-05-13,4779,24,Boletín N°18215-10,"Proyecto de acuerdo que aprueba el “Acuerdo de mutua exención del requisito de visa para los titulares de pasaportes diplomáticos, especiales y oficiales entre el Gobierno de la República de Chile y el Gobierno del Estado de Catar.”.",139,2,1,0,Proyecto de Ley,1,Aprobado,1,Quórum Simple,1,Única,6,Primer Trámite,,Primer Informe,,1,https://www.camara.cl/legislacion/sala_sesiones/votacion_detalle.aspx?prmIdVotacion=88869
88870,18155-25,2026-05-13,4779,24,Boletín N°18155-25,,104,16,22,0,Proyecto de Ley,1,Aprobado,1,Quórum Simple,1,General,1,Primer Trámite,,Primer Informe,,1,https://www.camara.cl/legislacion/sala_sesiones/votacion_detalle.aspx?prmIdVotacion=88870
88871,18155-25,2026-05-13,4779,24,Boletín N°18155-25,"Numeral 1 del artículo único del proyecto, en los términos propuestos por la Comisión de Constitución, cuya votación separada ha sido solicitada por los diputados Marcos Barraza y Juan Marcelo Valenzuela, y que consta en las páginas 8 y 9 del comparado.",81,49,12,0,Proyecto de Ley,1,Aprobado,1,Quórum Simple,1,Particular,2,Primer Trámite,,Primer Informe,,1,https://www.camara.cl/legislacion/sala_sesiones/votacion_detalle.aspx?prmIdVotacion=88871
88872,15258-25,2026-05-13,4779,24,Boletín N°15258-25,,105,14,23,0,Proyecto de Ley,1,Aprobado,1,Quórum Simple,1,General,1,Primer Trámite,,Primer Informe,,1,https://www.camara.cl/legislacion/sala_sesiones/votacion_detalle.aspx?prmIdVotacion=88872
88881,18232-25,2026-05-18,4780,25,Boletín N°18232-25,,143,0,0,0,Proyecto de Ley,1,Aprobado,1,Quórum Simple,1,General,1,Primer Trámite,,Primer Informe,,1,https://www.camara.cl/legislacion/sala_sesiones/votacion_detalle.aspx?prmIdVotacion=88881
88893,18216-05,2026-05-20,4782,27,Boletín N°18216-05,,90,59,1,0,Proyecto de Ley,1,Aprobado,1,Quórum Simple,1,General,1,Primer Trámite,,Primer Informe,,1,https://www.camara.cl/legislacion/sala_sesiones/votacion_detalle.aspx?prmIdVotacion=88893
88894,18216-05,2026-05-20,4782,27,Boletín N°18216-05,Artículo 11 número 6; el artículo 14; el artículo 16 inciso final; y el artículo 17 del proyecto,84,67,0,0,Proyecto de Ley,1,Aprobado,1,Quórum Calificado,2,General,1,Primer Trámite,,Primer Informe,,1,https://www.camara.cl/legislacion/sala_sesiones/votacion_detalle.aspx?prmIdVotacion=88894
88895,18216-05,2026-05-20,4782,27,Boletín N°18216-05,"Artículo 1 del proyecto, en los términos propuestos por la Comisión de Hacienda, cuya votación separada ha sido solicitada por las diputadas Ana María Gazmuri, Gael Yeomans, y los diputados Boris Barrera, Jorge Brito, Raúl Leiva y Raúl Soto, y que consta en las páginas 1 a 5 del comparado.",153,1,0,0,Proyecto de Ley,1,Aprobado,1,Quórum Simple,1,Particular,2,Primer Trámite,,Primer Informe,,1,https://www.camara.cl/legislacion/sala_sesiones/votacion_detalle.aspx?prmIdVotacion=88895
88896,18216-05,2026-05-20,4782,27,Boletín N°18216-05,"Artículo 2 del proyecto, en los términos propuestos por la Comisión de Hacienda, cuya votación separada ha sido solicitada por las diputadas Ana María Gazmuri, Gael Yeomans, y los diputados Boris Barrera, Jorge Brito, Raúl Leiva y Raúl Soto, y que consta en la página 7 del comparado.",154,0,0,0,Proyecto de Ley,1,Aprobado,1,Quórum Simple,1,Particular,2,Primer Trámite,,Primer Informe,,1,https://www.camara.cl/legislacion/sala_sesiones/votacion_detalle.aspx?prmIdVotacion=88896
88897,18216-05,2026-05-20,4782,27,Boletín N°18216-05,"Artículo 3 del proyecto, en los términos propuestos por la Comisión de Hacienda, cuya votación separada ha sido solicitada por las diputadas Ana María Gazmuri, Gael Yeomans, y por los diputados Boris Barrera, Jorge Brito, Raúl Leiva, que consta en las páginas 8 a 18 del Comparado, con la salvedad del artículo 24 ter que agrega su numeral 2), cuya votación separada a su vez ha sido solicitada.",89,64,1,0,Proyecto de Ley,1,Aprobado,1,Quórum Simple,1,Particular,2,Primer Trámite,,Primer Informe,,1,https://www.camara.cl/legislacion/sala_sesiones/votacion_detalle.aspx?prmIdVotacion=88897
88898,18216-05,2026-05-20,4782,27,Boletín N°18216-05,"Artículo 24 ter contenido en el numeral 2) del artículo 3 del proyecto, en los términos propuestos por la Comisión de Hacienda, cuya votación separada ha sido solicitada por el diputado Raul Leiva, y que consta en las páginas 13 a 16 del Comparado.",84,70,0,0,Proyecto de Ley,1,Aprobado,1,Quórum Simple,1,Particular,2,Primer Trámite,,Primer Informe,,1,https://www.camara.cl/legislacion/sala_sesiones/votacion_detalle.aspx?prmIdVotacion=88898
88899,18216-05,2026-05-20,4782,27,Boletín N°18216-05,"Reclamación de la declaración de inadmisibilidad efectuada por la Comisión de Hacienda (Art.65 inc. 3, incide en la administración financiera) respecto de la indicación del diputado Barrera, para incorporar en el numeral 2) del artículo 3, un artículo nuevo:
Agréguese, a continuación del artículo 24 quinquies en el decreto con fuerza de ley N° 2, de 1959, del Ministerio de Obras Públicas, sobre Plan Habitacional, contenido en el decreto Nº 1.101, de 1960, creado por esta ley, un artículo 24 sexies, del siguiente tenor: 
“Artículo 24 sexies.- El Servicio de Impuestos Internos estará habilitado para llevar un registro actualizado de los contribuyentes que hayan comunicado su opción de ingresar al régimen de la presente ley señalando quienes hayan comunicado  su  decisión  de  salida, con indicación, en este último caso, de que no podrán volver a ingresar. Dicho registro, sin incluir datos de carácter personal conforme a la ley Nº 19.628, deberá contener al menos el número total de contribuyentes activos en el régimen, el número de contribuyentes que han ejercido la opción de salida desde la entrada en vigencia del presente régimen y el número de viviendas económicas comprendidas en cada categoría, desagregado por región. Esta información puede ser actualizada semestralmente y estará disponible en el sitio web del Servicio.”.",67,86,1,0,Proyecto de Ley,1,Unánime,2,Quórum Simple,1,Particular,2,Primer Trámite,,Primer Informe,,1,https://www.camara.cl/legislacion/sala_sesiones/votacion_detalle.aspx?prmIdVotacion=88899
88900,18216-05,2026-05-20,4782,27,Boletín N°18216-05,"Artículo 4 del mensaje, que la Comisión de Hacienda propone rechazar, y que consta en las páginas 18 a 24 del comparado.",77,77,0,0,Proyecto de Ley,1,Unánime,2,Quórum Simple,1,Particular,2,Primer Trámite,,Primer Informe,,1,https://www.camara.cl/legislacion/sala_sesiones/votacion_detalle.aspx?prmIdVotacion=88900
88901,18216-05,2026-05-20,4782,27,Boletín N°18216-05,"Artículo 4 en los términos propuestos por la Comisión de Hacienda y por la Comisión de Medio Ambiente (artículo 5 del mensaje), cuya votación separada ha sido solicitada por la diputada Ana María Gazmuri, y los diputados Boris Barrera y Jaime Coloma, que consta en las páginas 24 a 25 del comparado.",86,67,1,0,Proyecto de Ley,1,Aprobado,1,Quórum Simple,1,Particular,2,Primer Trámite,,Primer Informe,,1,https://www.camara.cl/legislacion/sala_sesiones/votacion_detalle.aspx?prmIdVotacion=88901
88902,18216-05,2026-05-20,4782,27,Boletín N°18216-05,"Artículo 5 en los términos propuestos por la Comisión de Hacienda y por la Comisión de Medio Ambiente (artículo 6 del mensaje), cuya votación separada ha sido solicitada por la diputada Ana María Gazmuri y por el diputado Boris Barrera, y que consta en la página 26 del Comparado.",98,56,0,0,Proyecto de Ley,1,Aprobado,1,Quórum Simple,1,Particular,2,Primer Trámite,,Primer Informe,,1,https://www.camara.cl/legislacion/sala_sesiones/votacion_detalle.aspx?prmIdVotacion=88902
88903,18216-05,2026-05-20,4782,27,Boletín N°18216-05,"Artículo 6 en los términos propuestos por la Comisión de Hacienda y por la Comisión de Medio Ambiente (artículo 7 del mensaje), cuya votación separada ha sido solicitada por la diputada Ana María Gazmuri y por el diputado Boris Barrera, y que consta en la página 27 a 51 del Comparado.",90,61,3,0,Proyecto de Ley,1,Aprobado,1,Quórum Simple,1,Particular,2,Primer Trámite,,Primer Informe,,1,https://www.camara.cl/legislacion/sala_sesiones/votacion_detalle.aspx?prmIdVotacion=88903
88904,18216-05,2026-05-20,4782,27,Boletín N°18216-05,"Artículo 8 del mensaje, que la Comisión de Hacienda propone rechazar, y que consta en la página 51 y 52 del comparado.",43,104,7,0,Proyecto de Ley,1,Unánime,2,Quórum Simple,1,Particular,2,Primer Trámite,,Primer Informe,,1,https://www.camara.cl/legislacion/sala_sesiones/votacion_detalle.aspx?prmIdVotacion=88904
88905,18216-05,2026-05-20,4782,27,Boletín N°18216-05,"Artículo 7 del texto propuesto por la Comisión de Hacienda (que sustituye el artículo 9 del mensaje), cuya votación separada ha sido solicitada por las diputadas Ana María Gazmuri, Gael Yeomans y los diputados Boris Barrera, Jorge Brito, Raúl Leiva, que consta en las páginas 52 a 67 del comparado.",88,66,0,0,Proyecto de Ley,1,Aprobado,1,Quórum Simple,1,Particular,2,Primer Trámite,,Primer Informe,,1,https://www.camara.cl/legislacion/sala_sesiones/votacion_detalle.aspx?prmIdVotacion=88905
88906,18216-05,2026-05-20,4782,27,Boletín N°18216-05,"Artículo 8 del proyecto (art 10 del mensaje), en los términos propuestos por la Comisión de Hacienda, cuya votación separada ha sido solicitada por la diputada Gael Yeomans y los diputados Boris Barrera, Jorge Brito y Raúl Soto, que consta en las páginas 67 a 213 del Comparado, con la salvedad de sus numerales 3) y 4), cuya votación separada a su vez ha sido solicitada.",87,65,2,0,Proyecto de Ley,1,Aprobado,1,Quórum Simple,1,Particular,2,Primer Trámite,,Primer Informe,,1,https://www.camara.cl/legislacion/sala_sesiones/votacion_detalle.aspx?prmIdVotacion=88906
88907,18216-05,2026-05-20,4782,27,Boletín N°18216-05,"Numeral 3) del artículo 8 del proyecto (art 10 del mensaje), en los términos propuestos por la Comisión de Hacienda, cuya votación separada ha sido solicitada por el diputado Raúl Leiva, y que consta en las páginas 182 a 188 del Comparado.",81,69,4,0,Proyecto de Ley,1,Aprobado,1,Quórum Simple,1,Particular,2,Primer Trámite,,Primer Informe,,1,https://www.camara.cl/legislacion/sala_sesiones/votacion_detalle.aspx?prmIdVotacion=88907
88908,18216-05,2026-05-20,4782,27,Boletín N°18216-05,"Numeral 4) del artículo 8 del proyecto (art 10 del mensaje), en los términos propuestos por la Comisión de Hacienda, cuya votación separada ha sido solicitada por el diputado Raúl Leiva, y que consta en las páginas 188 a 213 del Comparado.",90,63,1,0,Proyecto de Ley,1,Aprobado,1,Quórum Simple,1,Particular,2,Primer Trámite,,Primer Informe,,1,https://www.camara.cl/legislacion/sala_sesiones/votacion_detalle.aspx?prmIdVotacion=88908
88909,18216-05,2026-05-20,4782,27,Boletín N°18216-05,"Artículo 9 del proyecto, en los términos propuestos por la Comisión de Hacienda, cuya votación separada ha sido solicitada por las diputadas Ana María Gazmuri, Gael Yeomans y por los diputados Boris Barrera, Jorge Brito, Raúl Leiva, y que consta en las páginas 213 a 330 del Comparado",82,71,1,0,Proyecto de Ley,1,Aprobado,1,Quórum Simple,1,Particular,2,Primer Trámite,,Primer Informe,,1,https://www.camara.cl/legislacion/sala_sesiones/votacion_detalle.aspx?prmIdVotacion=88909
88910,18216-05,2026-05-20,4782,27,Boletín N°18216-05,"Reclamación de la declaración de inadmisibilidad efectuada por la Comisión de Hacienda (incide en  administración financiera o presupuestaria del Estado, Art. 65, inciso tercero y no tiene relación con ideas matrices o fundamentales del proyecto, Art. 69) respecto de la indicación del diputado Jorge Brito, que consta en las páginas 603 a 620 del informe de la Comisión de Hacienda, y que se refiere a la modificación del Código del Trabajo para establecer un sistema de Sala Cuna Universal.",80,65,9,0,Proyecto de Ley,1,Aprobado,1,Quórum Simple,1,Particular,2,Primer Trámite,,Primer Informe,,1,https://www.camara.cl/legislacion/sala_sesiones/votacion_detalle.aspx?prmIdVotacion=88910
88911,18216-05,2026-05-20,4782,27,Boletín N°18216-05,En votación la indicación renovada del diputado Jorge Brito que consta en las páginas 603 a 620 del informe de la Comisión de Hacienda.,82,48,24,0,Proyecto de Ley,1,Aprobado,1,Quórum Simple,1,Particular,2,Primer Trámite,,Primer Informe,,1,https://www.camara.cl/legislacion/sala_sesiones/votacion_detalle.aspx?prmIdVotacion=88911
88912,18216-05,2026-05-20,4782,27,Boletín N°18216-05,"Artículo 10 del texto propuesto por la Comisión de Hacienda (que sustituye el 12 del mensaje), cuya votación separada ha sido solicitada por las diputadas Ana María Gazmuri, Gael Yeomans y los diputados Boris Barrera, Jorge Brito, Raúl Leiva, que consta en las páginas 330 a 338 del comparado.",95,57,1,0,Proyecto de Ley,1,Aprobado,1,Quórum Simple,1,Particular,2,Primer Trámite,,Primer Informe,,1,https://www.camara.cl/legislacion/sala_sesiones/votacion_detalle.aspx?prmIdVotacion=88912
88913,18216-05,2026-05-20,4782,27,Boletín N°18216-05,"Reclamación de la declaración de inadmisibilidad efectuada por la Comisión de Hacienda (Art. 65 inciso cuarto N°1, exenciones tributarias.) respecto de la indicación del diputado Cesar Valenzuela, para agregar el siguiente artículo 10 bis nuevo en el proyecto de ley: 
""Artículo 10 bis.- La exención regulada en el artículo anterior entrará en vigencia en la medida que se dicte una ley que asegure la compensación de manera íntegra de los ingresos al Fondo Común Municipal que se dejarán de percibir por aplicación de la misma. Dicha iniciativa deberá ser ingresada por el Presidente de la República antes del 30 julio del 2026.""",67,84,2,0,Proyecto de Ley,1,Unánime,2,Quórum Simple,1,Particular,2,Primer Trámite,,Primer Informe,,1,https://www.camara.cl/legislacion/sala_sesiones/votacion_detalle.aspx?prmIdVotacion=88913
88914,18216-05,2026-05-20,4782,27,Boletín N°18216-05,"Reclamación de la declaración de inadmisibilidad efectuada por la Comisión de Hacienda (Art. 65 inciso cuarto N°1, exenciones tributarias.) respecto de la indicación de las diputadas y diputados Gazmuri, Hassler, Castillo, Pizarro, Serrano, Santibáñez, González, Barrera, Barraza, Salinas, Cuello y Gatica, para agregar el siguiente artículo 10 bis nuevo en el proyecto de ley: 
""Artículo 10 bis.- Es contrario a la probidad y transparencia de la función pública, que el beneficio fiscal del Impuesto Territorial del artículo anterior, sea percibido por alguna  persona  contribuyente  adulto  mayor,  en  tanto  tenga  cargo  de  responsabilidad pública de Subsecretario o Ministro de Estado.""",65,87,1,0,Proyecto de Ley,1,Unánime,2,Quórum Simple,1,Particular,2,Primer Trámite,,Primer Informe,,1,https://www.camara.cl/legislacion/sala_sesiones/votacion_detalle.aspx?prmIdVotacion=88914
88915,18216-05,2026-05-20,4782,27,Boletín N°18216-05,"Artículo 11 propuesto por la Comisión de Hacienda y Medio Ambiente (correspondiente al art 13 del mensaje), cuya votación separada ha sido solicitada por la diputada Gael Yeomans y los diputados Boris Barrera, Jorge Brito, Raúl Leiva, y que consta en las páginas 338 a 365 del comparado, con la salvedad de su numeral 6).",85,66,2,0,Proyecto de Ley,1,Aprobado,1,Quórum Simple,1,Particular,2,Primer Trámite,,Primer Informe,,1,https://www.camara.cl/legislacion/sala_sesiones/votacion_detalle.aspx?prmIdVotacion=88915
88916,18216-05,2026-05-20,4782,27,Boletín N°18216-05,"Numeral 6) del artículo 11 propuesto por la Comisión de Hacienda (correspondiente al art 13 del mensaje), que la Comisión de Medio Ambiente propone rechazar, que consta en la página 352 del comparado, y que requiere para su aprobación del voto favorable de 78 diputadas y diputados por tratarse de una norma de rango orgánico constitucional.",0,151,2,0,Proyecto de Ley,1,Unánime,2,Quórum Calificado,2,Particular,2,Primer Trámite,,Primer Informe,,1,https://www.camara.cl/legislacion/sala_sesiones/votacion_detalle.aspx?prmIdVotacion=88916
88917,18216-05,2026-05-20,4782,27,Boletín N°18216-05,"Renovación de una indicación de las diputadas y diputados Serrano, Gatica, Bassa, Crisóstomo y Tello, para agregar un nuevo numeral al artículo 11 del proyecto, para incorporar un nuevo artículo 29 bis en la ley 19.300 del siguiente tenor: 
""Art 29 bis.- La  acción  de  reclamación  a  que  se  refiere  el  artículo  anterior  podrá ser  ejercida,  asimismo,  por  quienes  acrediten  ser  titulares  de  derechos  o  intereses legítimos  que  puedan  resultar  afectados  por los  impactos  del  proyecto  o  actividad evaluado,  con   independencia   de   si   hubieren   participado   en   el   proceso   de participación ciudadana.""",68,85,0,0,Proyecto de Ley,1,Unánime,2,Quórum Simple,1,Particular,2,Primer Trámite,,Primer Informe,,1,https://www.camara.cl/legislacion/sala_sesiones/votacion_detalle.aspx?prmIdVotacion=88917
88918,18216-05,2026-05-20,4782,27,Boletín N°18216-05,"Renovado una indicación de las diputadas y diputados Serrano, Gatica, Bassa, Crisóstomo y Tello para  reemplazar  los  artículos  12,  13,  14,  15  y  16  del  texto propuesto por la Comisión de Hacienda,  por  uno  del siguiente tenor: 
“Artículo 12.- En caso que una Resolución de Calificación Ambiental sea anulada por sentencia  judicial  firme  y  ejecutoriada,  el  titular  podrá  solicitar  indemnización, cumpliendo los requisitos que el ordenamiento jurídico dispone para el error judicial.”",71,82,0,0,Proyecto de Ley,1,Unánime,2,Quórum Simple,1,Particular,2,Primer Trámite,,Primer Informe,,1,https://www.camara.cl/legislacion/sala_sesiones/votacion_detalle.aspx?prmIdVotacion=88918
88919,18216-05,2026-05-20,4782,27,Boletín N°18216-05,"Artículo 12 del texto propuesto por la Comisión de Hacienda y por la Comisión de Medio Ambiente (que sustituye al artículo 14 del mensaje), cuya votación separada ha sido solicitada por la diputada Gael Yeomans y los diputados Boris Barrera, Jorge Brito, Raúl Leiva y Raúl Soto, y que consta en la página 365 a 367 del comparado.",80,73,0,0,Proyecto de Ley,1,Aprobado,1,Quórum Simple,1,Particular,2,Primer Trámite,,Primer Informe,,1,https://www.camara.cl/legislacion/sala_sesiones/votacion_detalle.aspx?prmIdVotacion=88919
88920,18216-05,2026-05-20,4782,27,Boletín N°18216-05,"Artículo 13 del texto propuesto por la Comisión de Hacienda y la Comisión de Medio Ambiente (que sustituye al artículo 15 del mensaje), cuya votación separada ha sido solicitada por los diputados Boris Barrera, Raúl Leiva, y que consta en las páginas 367 a 371 del comparado.",91,61,1,0,Proyecto de Ley,1,Aprobado,1,Quórum Simple,1,Particular,2,Primer Trámite,,Primer Informe,,1,https://www.camara.cl/legislacion/sala_sesiones/votacion_detalle.aspx?prmIdVotacion=88920
88921,18216-05,2026-05-20,4782,27,Boletín N°18216-05,"Artículo 14 del texto propuesto por la Comisión de Hacienda y la Comisión de Medio Ambiente (que sustituye al artículo 16 del mensaje), cuya votación separada ha sido solicitada por la diputada Ana María Gazmuri y por los diputados Boris Barrera y Raúl Leiva, que consta en la página 371 del comparado, y que requiere para su aprobación del voto favorable de 78 diputadas y diputados por tratarse de una norma de rango orgánico constitucional.",84,69,0,0,Proyecto de Ley,1,Aprobado,1,Quórum Calificado,2,Particular,2,Primer Trámite,,Primer Informe,,1,https://www.camara.cl/legislacion/sala_sesiones/votacion_detalle.aspx?prmIdVotacion=88921
88922,18216-05,2026-05-20,4782,27,Boletín N°18216-05,"Artículo 15 del texto propuesto por la Comisión de Hacienda y la Comisión de Medio Ambiente (artículo 17 del mensaje), cuya votación separada ha sido solicitada por los diputados Boris Barrera, Raúl Leiva, y que consta en las páginas 371 a 372 del comparado.",83,69,1,0,Proyecto de Ley,1,Aprobado,1,Quórum Simple,1,Particular,2,Primer Trámite,,Primer Informe,,1,https://www.camara.cl/legislacion/sala_sesiones/votacion_detalle.aspx?prmIdVotacion=88922
88923,18216-05,2026-05-20,4782,27,Boletín N°18216-05,"Artículo 16 del texto propuesto por la Comisión de Hacienda y la Comisión de Medio Ambiente (que sustituye al artículo 18 del mensaje), cuya votación separada ha sido solicitada por la diputada Ana María Gazmurio y por los diputados Boris Barrera, Raúl Leiva, y que consta en las páginas 372 a 373 del comparado.
Cabe hacer presente que su inciso final requiere para su aprobación del voto favorable de 78 diputadas y diputados por tratarse de una norma de rango orgánico constitucional.",82,71,0,0,Proyecto de Ley,1,Aprobado,1,Quórum Simple,1,Particular,2,Primer Trámite,,Primer Informe,,1,https://www.camara.cl/legislacion/sala_sesiones/votacion_detalle.aspx?prmIdVotacion=88923
88924,18216-05,2026-05-20,4782,27,Boletín N°18216-05,"Artículo 17 del proyecto (artículo 19 del mensaje), en los términos propuestos por la Comisión de Hacienda y la Comisión de Medio Ambiente, cuya votación separada ha sido solicitada por las diputadas Ana María Gazmuri, Gael Yeomans y por los diputados Boris Barrera, Jorge Brito, que consta en la página 373 a 387 del Comparado, y que requiere para su aprobación del voto favorable de 78 diputadas y diputados por tratarse de una norma de rango orgánico constitucional.",84,68,0,0,Proyecto de Ley,1,Aprobado,1,Quórum Simple,1,Particular,2,Primer Trámite,,Primer Informe,,1,https://www.camara.cl/legislacion/sala_sesiones/votacion_detalle.aspx?prmIdVotacion=88924
88925,18216-05,2026-05-20,4782,27,Boletín N°18216-05,"Artículo 18 del texto propuesto por la Comisión de Hacienda y la Comisión de Medio Ambiente (art 20 del mensaje), cuya votación separada ha sido solicitada por las diputadas Ana María Gazmuri, Gael Yeomans y por los diputados Boris Barrera, Jorge Brito, y que consta en las páginas 387 a 388 del Comparado.",90,60,3,0,Proyecto de Ley,1,Aprobado,1,Quórum Simple,1,Particular,2,Primer Trámite,,Primer Informe,,1,https://www.camara.cl/legislacion/sala_sesiones/votacion_detalle.aspx?prmIdVotacion=88925
88926,18216-05,2026-05-20,4782,27,Boletín N°18216-05,"Artículo 19 del texto propuesto por la Comisión de Hacienda y la Comisión de Medio Ambiente (que sustituye el artículo 21 del mensaje), cuya votación separada ha sido solicitada por las diputadas Ana María Gazmuri, Gael Yeomans y por los diputados Boris Barrera, Jorge Brito, y que consta en las páginas 388 a 398 del Comparado.",95,58,0,0,Proyecto de Ley,1,Aprobado,1,Quórum Simple,1,Particular,2,Primer Trámite,,Primer Informe,,1,https://www.camara.cl/legislacion/sala_sesiones/votacion_detalle.aspx?prmIdVotacion=88926
88927,18216-05,2026-05-20,4782,27,Boletín N°18216-05,"Artículo 20 nuevo, propuesto por la Comisión de Hacienda, cuya votación separada ha sido solicitada por la diputada Ana María Gazmuri y por el diputado Boris Barrera, y que consta en la página 398 del Comparado.",95,57,1,0,Proyecto de Ley,1,Aprobado,1,Quórum Simple,1,Particular,2,Primer Trámite,,Primer Informe,,1,https://www.camara.cl/legislacion/sala_sesiones/votacion_detalle.aspx?prmIdVotacion=88927
88928,18216-05,2026-05-20,4782,27,Boletín N°18216-05,"Artículo 21 del texto propuesto por la Comisión de Hacienda (que sustituye al artículo 22 del mensaje), cuya votación separada ha sido solicitada por las diputadas Ana María Gazmuri, Gael Yeomans y por los diputados Boris Barrera, Jorge Brito, y que consta en las páginas 399 a 412 del Comparado.",93,29,16,0,Proyecto de Ley,1,Aprobado,1,Quórum Simple,1,Particular,2,Primer Trámite,,Primer Informe,,1,https://www.camara.cl/legislacion/sala_sesiones/votacion_detalle.aspx?prmIdVotacion=88928
88929,18216-05,2026-05-20,4782,27,Boletín N°18216-05,"Artículo 23 del mensaje, que la Comisión de Hacienda propone rechazar, y que consta en las páginas 412 a 413 del comparado.",6,139,0,0,Proyecto de Ley,1,Unánime,2,Quórum Simple,1,Particular,2,Primer Trámite,,Primer Informe,,1,https://www.camara.cl/legislacion/sala_sesiones/votacion_detalle.aspx?prmIdVotacion=88929
88930,18216-05,2026-05-20,4782,27,Boletín N°18216-05,"Artículo 22 del texto propuesto por la Comisión de Hacienda (artículo 24 del mensaje), cuya votación separada ha sido solicitada por el diputado Boris Barrera, y que consta en las páginas 413 a 417 del Comparado",97,52,0,0,Proyecto de Ley,1,Aprobado,1,Quórum Simple,1,Particular,2,Primer Trámite,,Primer Informe,,1,https://www.camara.cl/legislacion/sala_sesiones/votacion_detalle.aspx?prmIdVotacion=88930
88931,18216-05,2026-05-20,4782,27,Boletín N°18216-05,"Artículo 23 del texto sugerido por la Comisión de Hacienda (que sustituye el artículo 25 del mensaje), cuya votación separada ha sido solicitada por los diputados Boris Barrera y Raúl Leiva, y que consta en la página 417 del Comparado.",83,69,0,0,Proyecto de Ley,1,Aprobado,1,Quórum Simple,1,Particular,2,Primer Trámite,,Primer Informe,,1,https://www.camara.cl/legislacion/sala_sesiones/votacion_detalle.aspx?prmIdVotacion=88931
88932,18216-05,2026-05-20,4782,27,Boletín N°18216-05,"Artículo 26 del mensaje, que la Comisión de Hacienda y la Comisión de Trabajo y Seguridad Social proponen rechazar, y que consta en las páginas 417 a 436 del comparado.",60,91,1,0,Proyecto de Ley,1,Unánime,2,Quórum Simple,1,Particular,2,Primer Trámite,,Primer Informe,,1,https://www.camara.cl/legislacion/sala_sesiones/votacion_detalle.aspx?prmIdVotacion=88932
88933,18216-05,2026-05-20,4782,27,Boletín N°18216-05,"Artículo 27 del mensaje, que la Comisión de Hacienda y la Comisión de Trabajo y Seguridad Social proponen rechazar, y que consta en las páginas 436 a 440 del comparado.",58,94,0,0,Proyecto de Ley,1,Unánime,2,Quórum Simple,1,Particular,2,Primer Trámite,,Primer Informe,,1,https://www.camara.cl/legislacion/sala_sesiones/votacion_detalle.aspx?prmIdVotacion=88933
88934,18216-05,2026-05-20,4782,27,Boletín N°18216-05,"Artículo 24 del texto propuesto por la Comisión de Hacienda (art 28 del mensaje), cuya votación separada ha sido solicitada por la diputada Ana María Gazmuri y por el diputado Boris Barrera, y que consta en las páginas 440 a 443 del Comparado.",122,30,0,0,Proyecto de Ley,1,Aprobado,1,Quórum Simple,1,Particular,2,Primer Trámite,,Primer Informe,,1,https://www.camara.cl/legislacion/sala_sesiones/votacion_detalle.aspx?prmIdVotacion=88934
88935,18216-05,2026-05-20,4782,27,Boletín N°18216-05,"Artículo 25 del texto propuesto por la Comisión de Hacienda (art 29 del mensaje), cuya votación separada ha sido solicitada por la diputada Ana María Gazmuri y por el diputado Boris Barrera, y que consta en las páginas 443 a 444 del Comparado.",138,14,0,0,Proyecto de Ley,1,Aprobado,1,Quórum Simple,1,Particular,2,Primer Trámite,,Primer Informe,,1,https://www.camara.cl/legislacion/sala_sesiones/votacion_detalle.aspx?prmIdVotacion=88935
88936,18216-05,2026-05-20,4782,27,Boletín N°18216-05,"Artículo 26 en los términos propuestos por la Comisión de Trabajo y Seguridad Social (art 30 del mensaje), y que consta en las páginas 444 a 446 del Comparado.",127,6,19,0,Proyecto de Ley,1,Aprobado,1,Quórum Simple,1,Particular,2,Primer Trámite,,Primer Informe,,1,https://www.camara.cl/legislacion/sala_sesiones/votacion_detalle.aspx?prmIdVotacion=88936
88937,18216-05,2026-05-20,4782,27,Boletín N°18216-05,"Artículo 27 del texto propuesto por la Comisión de Hacienda (artículo 31 del mensaje), cuya votación separada ha sido solicitada por el diputado Boris Barrera, y que consta en las páginas 446 a 453 del Comparado",139,12,1,0,Proyecto de Ley,1,Aprobado,1,Quórum Simple,1,Particular,2,Primer Trámite,,Primer Informe,,1,https://www.camara.cl/legislacion/sala_sesiones/votacion_detalle.aspx?prmIdVotacion=88937
88938,18216-05,2026-05-20,4782,27,Boletín N°18216-05,"Artículo 28 del texto propuesto por la Comisión de Hacienda (art 32 del mensaje), cuya votación separada ha sido solicitada por la diputada Ana María Gazmuri y por el diputado Boris Barrera, y que consta en las páginas 453 a 455 del Comparado.",142,10,0,0,Proyecto de Ley,1,Aprobado,1,Quórum Simple,1,Particular,2,Primer Trámite,,Primer Informe,,1,https://www.camara.cl/legislacion/sala_sesiones/votacion_detalle.aspx?prmIdVotacion=88938
88939,18216-05,2026-05-20,4782,27,Boletín N°18216-05,"Artículo 29 del texto propuesto por la Comisión de Hacienda (que sustituye el artículo 33), cuya votación separada ha sido solicitada por las diputadas Ana María Gazmuri, Gael Yeomans y los diputados Boris Barrera, Jorge Brito, Raúl Leiva, y que consta en las páginas 455 a 483 del Comparado, con la salvedad de sus numerales 3) y 4), cuya votación separada a su vez ha sido solicitada.",81,69,2,0,Proyecto de Ley,1,Aprobado,1,Quórum Simple,1,Particular,2,Primer Trámite,,Primer Informe,,1,https://www.camara.cl/legislacion/sala_sesiones/votacion_detalle.aspx?prmIdVotacion=88939
88940,18216-05,2026-05-20,4782,27,Boletín N°18216-05,"Número 3 del artículo 29 del texto propuesto por la Comisión de Hacienda (que sustituye el artículo 33), cuya votación separada ha sido solicitada por el diputado Raúl Leiva, y que consta en las páginas 474 a 479 del Comparado.",82,69,2,0,Proyecto de Ley,1,Aprobado,1,Quórum Simple,1,Particular,2,Primer Trámite,,Primer Informe,,1,https://www.camara.cl/legislacion/sala_sesiones/votacion_detalle.aspx?prmIdVotacion=88940
88941,18216-05,2026-05-20,4782,27,Boletín N°18216-05,"Número 4 del artículo 29 del texto propuesto por la Comisión de Hacienda (que sustituye el artículo 33), cuya votación separada ha sido solicitada por el diputado Raúl Leiva, y que consta en las páginas 479 y 480 del Comparado.",81,71,1,0,Proyecto de Ley,1,Aprobado,1,Quórum Simple,1,Particular,2,Primer Trámite,,Primer Informe,,1,https://www.camara.cl/legislacion/sala_sesiones/votacion_detalle.aspx?prmIdVotacion=88941
88942,18216-05,2026-05-20,4782,27,Boletín N°18216-05,"Artículo 30 nuevo del texto propuesto por la Comisión de Hacienda, cuya votación separada ha sido solicitada por la diputada Ana María Gazmuri y por el diputado Boris Barrera, y que consta en las páginas 483 a 486 del Comparado, con la salvedad de su inciso tercero, cuya votación separada a su vez ha sido solicitada.",101,49,3,0,Proyecto de Ley,1,Aprobado,1,Quórum Simple,1,Particular,2,Primer Trámite,,Primer Informe,,1,https://www.camara.cl/legislacion/sala_sesiones/votacion_detalle.aspx?prmIdVotacion=88942
88943,18216-05,2026-05-20,4782,27,Boletín N°18216-05,"Inciso tercero del artículo 30 nuevo del texto propuesto por la Comisión de Hacienda, cuya votación separada ha sido solicitada por el diputado Patricio Pinilla, y que consta en las páginas 484 a 485 del Comparado.",152,0,1,0,Proyecto de Ley,1,Aprobado,1,Quórum Simple,1,Particular,2,Primer Trámite,,Primer Informe,,1,https://www.camara.cl/legislacion/sala_sesiones/votacion_detalle.aspx?prmIdVotacion=88943
88944,18216-05,2026-05-20,4782,27,Boletín N°18216-05,"Renovación de indicación de las diputadas y diputados Crisóstomo,  Bassa,  Gatica  y  Serrano para agregar un artículo final, permanente, de cuyo tenor dará lectura el señor Secretario:
“Articulo  permanente  nuevo. -Sin    perjuicio    de    las    normas establecidas  en  esta  ley  para  las  medidas  cautelares  que  pueden  adoptar  los tribunales  de  justicia  en  las  hipótesis  que  esta  ley  establece,  los  tribunales  podrán aplicar  los  plazos  y  reglas  generales,  desatendiendo  los  plazos  restrictivos  de  esta ley,  cuando consideren necesario  hacerlo, fundado  en  alguno  de  los  principios  que ordenan la regulación medio ambiental o aquellos regulados en el artículo 19 de la Constitución, lo que deberá fundarse en una resolución”.",62,87,4,0,Proyecto de Ley,1,Unánime,2,Quórum Simple,1,Particular,2,Primer Trámite,,Primer Informe,,1,https://www.camara.cl/legislacion/sala_sesiones/votacion_detalle.aspx?prmIdVotacion=88944
88945,18216-05,2026-05-20,4782,27,Boletín N°18216-05,"Renovación de una indicación de las diputadas y los diputados  Crisóstomo,  Bassa,  Gatica  y  Serrano para agregar un artículo final, permanente, de cuyo tenor dará lectura el señor Secretario:
“Articulo  permanente  nuevo.- Sin   perjuicio   de   la   regulación establecida  en  esta  ley  para  determinar  la  indemnización  a  que  da  origen  la revocación judicial  de  la  resolución de  calificación  ambiental;  para  que  el  monto  se considere   firme y ejecutoriado, deberá someterse al juicio,   procedimiento y estándares que se establecen para la responsabilidad del Estado por error judicial”.",71,82,0,0,Proyecto de Ley,1,Unánime,2,Quórum Simple,1,Particular,2,Primer Trámite,,Primer Informe,,1,https://www.camara.cl/legislacion/sala_sesiones/votacion_detalle.aspx?prmIdVotacion=88945
88946,18216-05,2026-05-20,4782,27,Boletín N°18216-05,"Renovación de una indicación de la diputada Ana María Gazmuri para agregar un artículo nuevo permanente, de cuyo tenor dará lectura el señor Secretario: 
“Artículo  nuevo permanente.- Modifícase   la   ley   N°   16.282,   que   fija   disposiciones permanentes para casos de sismos o catástrofes, en el siguiente sentido:
Agrégase el siguiente artículo 2° bis:
“Artículo 2° bis.-Las  empresas  concesionarias  de  distribución  eléctrica, de servicios sanitarios y de distribución de gas estarán obligadas a reconectar, de forma gratuita y sin condición previa de pago, a los usuarios residenciales y a las micro, pequeñas o  medianas  empresas  en  los  términos  de  la  ley  N°  20.416,  con  domicilio  en  zonas declaradas en estado de catástrofe conforme a esta ley, que hubieren sido desconectados con anterioridad o durante la vigencia de dicha declaración por causales vinculadas alno pago de obligaciones dinerarias.
La   reconexión   deberá   efectuarse   dentro   de   los   siguientes   plazos, contados desde la solicitud del usuario:
a) Cuarenta y ocho horas para el suministro eléctrico.
b) Cuarenta y ocho horas para el suministro de gas.
c) Veinticuatro horas para el suministro de agua potable y alcantarillado. 
Queda prohibido a las empresas concesionarias cobrar al usuario cargo alguno por concepto de reconexión, reposición, visita técnica, revisión de instalaciones u otro similar, cualquiera sea la denominación que se le asigne, cuando la reconexión opere en virtud de lo dispuesto en este artículo.
Los    plazos    establecidos    en    este    artículo    son    perentorios.    Su incumplimiento dará derecho al usuario a exigir una compensación equivalente a tres días de suministro gratuito por cada día de retardo, la que será descontada automáticamente de la facturación del período siguiente.
El  usuario  podrá  demandar  el  cumplimiento  forzoso  de  las  obligaciones establecidas en este artículo ante el tribunal civil competente”.",80,69,4,0,Proyecto de Ley,1,Aprobado,1,Quórum Simple,1,Particular,2,Primer Trámite,,Primer Informe,,1,https://www.camara.cl/legislacion/sala_sesiones/votacion_detalle.aspx?prmIdVotacion=88946
88947,18216-05,2026-05-20,4782,27,Boletín N°18216-05,"Reclamación de la declaración de inadmisibilidad efectuada por la Comisión de Hacienda (art 69, ideas matrices) respecto de la indicación del diputado Raúl Soto, de cuyo tenor dará lectura el señor Secretario: 
“Incorpórese el siguiente artículo nuevo al proyecto de ley, del tenor que a continuación se expone: 
Artículo nuevo: Reemplazase el artículo 9° de la ley 18.010, por el siguiente texto:  
Artículo  9°:  No  se  podrá  estipular,  en  ningún  caso,  el  pago  de  intereses  sobre intereses, ni capitalizarlos en cada vencimiento o renovación. Los intereses capitalizados con  infracción de lo dispuesto en el inciso anterior serán inoponibles al deudor y no tendrán efecto alguno.”.",81,68,4,0,Proyecto de Ley,1,Aprobado,1,Quórum Simple,1,Particular,2,Primer Trámite,,Primer Informe,,1,https://www.camara.cl/legislacion/sala_sesiones/votacion_detalle.aspx?prmIdVotacion=88947
88948,18216-05,2026-05-20,4782,27,Boletín N°18216-05,"Indicación renovada del diputado Raúl Soto para agregar un nuevo artículo permanente: 
“Incorpórese el siguiente artículo nuevo al proyecto de ley, del tenor que a continuación se expone: 
Artículo nuevo: Reemplazase el artículo 9° de la ley 18.010, por el siguiente texto:  
Artículo  9°:  No  se  podrá  estipular,  en  ningún  caso,  el  pago  de  intereses  sobre intereses, ni capitalizarlos en cada vencimiento o renovación. Los intereses capitalizados con  infracción de lo dispuesto en el inciso anterior serán inoponibles al deudor y no tendrán efecto alguno.”.",79,57,17,0,Proyecto de Ley,1,Aprobado,1,Quórum Simple,1,Particular,2,Primer Trámite,,Primer Informe,,1,https://www.camara.cl/legislacion/sala_sesiones/votacion_detalle.aspx?prmIdVotacion=88948
88949,18216-05,2026-05-20,4782,27,Boletín N°18216-05,"Reclamación de la declaración de inadmisibilidad efectuada por la Comisión de Hacienda (administración financiera o presupuestaria del Estado, Art. 65, inciso tercero y no tiene relación con ideas matrices o fundamentales del proyecto, Art. 69) respecto de la indicación del diputado Jorge Brito, de cuyo tenor dará lectura el señor Secretario: 
“Para agregar un nuevo artículo del siguiente tenor: 
“Artículo nuevo.- Modifícase la ley N° 21.808 que crea el nuevo Subsidio Unificado al Empleo, en el siguiente sentido: 
a) Deróguese el artículo 7 
b) En el artículo 18 modifíquese la frase “doce meses” por “veinticuatro meses”. 
c) En su artículo primero  transitorio  modificase  “séptimo”  por  “quinto”.  
d)  En  su  artículo  segundo  transitorio eliminase el numeral 1.”.",67,83,3,0,Proyecto de Ley,1,Unánime,2,Quórum Simple,1,Particular,2,Primer Trámite,,Primer Informe,,1,https://www.camara.cl/legislacion/sala_sesiones/votacion_detalle.aspx?prmIdVotacion=88949
88950,18216-05,2026-05-20,4782,27,Boletín N°18216-05,"Reclamación de la declaración de inadmisibilidad efectuada por la Comisión de Hacienda (art 69, ideas matrices) respecto de la indicación de las diputadas y los diputados Gazmuri, Hassler, Castillo, Pizarro, Serrano, Santibáñez, González, Barrera, Barraza, Salinas, Cuello y Gatica para incorporar un nuevo artículo, de cuyo tenor dará lectura el señor Secretario: 
""Artículo nuevo. Modifíquese el decreto con fuerza de ley N° 4/20.018, de 2006, del Ministerio de Minería, que fija el texto refundido, coordinado y sistematizado del decreto con fuerza de ley N° 1, de Minería, de 1982, Ley General de Servicios Eléctricos, en materia de energía eléctrica, en el siguiente sentido: 
Agrégase en el artículo 212°-11, en el inciso primero, luego del segundo punto seguido, la siguiente expresión: 'Los consejeros no podrán percibir una remuneración bruta  mensual  mayor  a  ochenta  unidades  tributarias  mensuales.  En  el  caso  de  su Presidente,  dicha  remuneración  no  podrá  exceder  las  noventa  unidades  tributarias mensuales.'.""",76,76,1,0,Proyecto de Ley,1,Unánime,2,Quórum Simple,1,Particular,2,Primer Trámite,,Primer Informe,,1,https://www.camara.cl/legislacion/sala_sesiones/votacion_detalle.aspx?prmIdVotacion=88950
88951,18216-05,2026-05-20,4782,27,Boletín N°18216-05,"Reclamación de la declaración de inadmisibilidad efectuada por la Comisión de Hacienda (Art 65, inciso cuarto N° 1, materia de tributos) respecto de la indicación de las diputadas y los diputados Manouchehri, Yeomans, Barrera, Hassler, Ulloa, Malla y Brito, para incorporar un nuevo artículo:
""Artículo nuevo.- Introdúcense las siguientes modificaciones en la Ley Nº 16.271, de Impuesto a las Herencias, Asignaciones y Donaciones, cuyo texto refundido, coordinado y sistematizado se encuentra fijado en el artículo 8° del decreto con fuerza de ley N° 1, del año 2000, del Ministerio de Justicia: 
1. Reemplázase en el artículo 1 la expresión “artículo 1.386” por “artículos 1136 y 1386”. 
2. Reemplázase, en el inciso primero del numeral 8º del artículo 18, la frase “En caso que estas donaciones se efectúen a los legitimarios en uno o varios ejercicios comerciales, todas las donaciones se acumularán en los términos del artículo 23 hasta por un lapso de 10 años comerciales, para cuyo efecto el legitimario deberá informar las donaciones conforme al siguiente inciso” por la oración “No gozarán de esta exención las donaciones efectuadas a personas que tengan la calidad de legitimarios o sean beneficiarias de la cuarta de mejoras del donante, según lo dispuesto en el artículo 1184 del Código Civil. Tampoco gozarán de esta exención las donaciones efectuadas a partes relacionadas con el donante en los términos del numeral 17 del artículo 8 del Código Tributario.”.",74,78,1,0,Proyecto de Ley,1,Unánime,2,Quórum Simple,1,Particular,2,Primer Trámite,,Primer Informe,,1,https://www.camara.cl/legislacion/sala_sesiones/votacion_detalle.aspx?prmIdVotacion=88951
88952,18216-05,2026-05-20,4782,27,Boletín N°18216-05,"Reclamación de la declaración de inadmisibilidad efectuada por la Comisión de Hacienda (Art. 69, ideas matrices; Art.65 inc.3 y Art.65 N°2, incide en materia financiera del Estado y en materia tributaria) respecto de la indicación de las diputadas y los diputados Manouchehri, Yeomans, Barrera, Hassler, Ulloa, Malla y Brito, para agregar un artículo nuevo, que introduce modificaciones a la ley N° 20.712, sobre Administración de fondos de terceros y carteras individuales y deroga los cuerpos legales que indica, y que consta en las páginas 525 a 528 del informe de la Comisión de Hacienda.",64,89,0,0,Proyecto de Ley,1,Unánime,2,Quórum Simple,1,Particular,2,Primer Trámite,,Primer Informe,,1,https://www.camara.cl/legislacion/sala_sesiones/votacion_detalle.aspx?prmIdVotacion=88952
88953,18216-05,2026-05-20,4782,27,Boletín N°18216-05,"Reclamación de la declaración de inadmisibilidad efectuada por la Comisión de Trabajo y Seguridad Social (Art 65, inciso cuarto N° 1, fijación y cálculo de impuestos) respecto de la indicación de las diputadas Gazmuri, Hassler, Castillo, Pizarro, Serrano, Santibáñez  y González,  y  de  los  diputados Barrera, Barraza, Salinas, Cuello y Gatica, para agregar un artículo nuevo:
“Artículo 36: Impuesto a los súper ricos.
Establécese  un  impuesto  al  patrimonio,  al  que  quedarán  sujetos  los siguientes contribuyentes:
1.Personas  naturales  domiciliadas  o  residentes  en  Chile  cuyo patrimonio neto total, determinado conforme a las reglas del presente artículo, exceda de USD 100.000.000 (cien millones de dólares de los Estados Unidos de América), o su equivalente en moneda nacional al 31 de diciembre de cada año.
2.Personas naturales cuyo patrimonio neto total, determinado conforme a las reglas del presente artículo, exceda de USD 100.000.000 (cien millones de dólares de los Estados Unidos de América), o su equivalente en moneda nacional al 31 de diciembre de cada año, que trasladaron su residencia o domicilio tributario fuera de Chile, las que estarán afectas durante un período de cinco años contados desde el año del traslado.
La base imponible del impuesto estará constituida por el patrimonio neto total del contribuyente descontado el monto total de sus deudas exigibles, determinado con referencia al 31 de diciembre del año respectivo. El patrimonio neto total se entenderá como el valor de mercado de la totalidad de sus activos, incluyendo bienes, derechos, acciones, participaciones en sociedades cotizadas y no cotizadas en bolsa, instrumentos financieros, activos en el extranjero, descontados los pasivos.
La  tasa  del  impuesto  será  de  un  2%  del  patrimonio  neto  total  del contribuyente Contra este impuesto se podrá imputar el total de impuestos personales efectivamente pagados en Chile, durante el respectivo año.
El  Servicio  de  Impuestos  Internos  podrá  requerir  información  a organismos públicos nacionales e instituciones financieras privadas, así como autoridades extranjeras conforme a los tratados internacionales vigentes y mecanismos de intercambio automático  de información,  incluyendo  registros  de  beneficiarios  finales  y  estándares internacionales de transparencia fiscal.
a)Plan  Nacional  de Infraestructura  para  la  Educación  Pública,  cuyo objeto será la conservación y reposición de establecimientos educacionales de nivel inicial, básica y media.
b)Garantizar el derecho a gratuidad en el transporte público urbano e interurbano a los estudiantes de enseñanza media.
c)Ampliación  de  los  siguientes  programas  de  la  Junta  Nacional  de Auxilio Escolar y Becas:
i.Servicios Médicos.
ii.Hogares  y  Residencias  Estudiantiles  
ii.  Beca  Mantención  para Educación Superior.
iii.Útiles Escolares.
iv.Programa de Alimentación Escolar.
d) Ampliación de los siguientes programas del Servicio Nacional de Capacitación y Empleo:
i. Subsidio Empleo a la mujer.
II.Subisidio al Empleo Joven.
ii. Becas de Capacitación del Fondo de Cesantía Solidario.
El exceso de lo recaudado por el impuesto al patrimonio establecido en este artículo se destinará a Ingresos Generales de la Nación.”.",55,93,5,0,Proyecto de Ley,1,Unánime,2,Quórum Simple,1,Particular,2,Primer Trámite,,Primer Informe,,1,https://www.camara.cl/legislacion/sala_sesiones/votacion_detalle.aspx?prmIdVotacion=88953
88954,18216-05,2026-05-20,4782,27,Boletín N°18216-05,"Reclamación de la declaración de inadmisibilidad efectuada por la Comisión de Hacienda (Art.65 inc. cuarto N°1, materia de tributos) respecto de la indicación de las diputadas y los diputados Manouchehri, Yeomans, Barrera, Hassler, Ulloa, Malla y Brito, para incorporar un nuevo artículo, de cuyo tenor dará lectura el señor Secretario: 
""Artículo nuevo.- Modifícase el artículo vigésimo quinto de la Ley N° 21.755, en orden a establecer en forma permanente la tasa del Impuesto de Primera Categoría a 12,5% para los contribuyentes acogidos al régimen Pro-Pyme contenido en el numeral 3) de  la  letra  D)  del  artículo  14  de  la  Ley  sobre  Impuesto  a  la  Renta,  derogándose  la gradualidad que dispone su elevación a 15% en el año comercial 2028 y a 25% a contar del año comercial 2029. La tasa permanente del 12,5% mantendrá las mismas condiciones de cumplimiento de la cotización empleadora establecidas en el artículo cuarto transitorio de la Ley N° 21.735."".",74,75,4,0,Proyecto de Ley,1,Unánime,2,Quórum Simple,1,Particular,2,Primer Trámite,,Primer Informe,,1,https://www.camara.cl/legislacion/sala_sesiones/votacion_detalle.aspx?prmIdVotacion=88954
88955,18216-05,2026-05-20,4782,27,Boletín N°18216-05,"Reclamación de la declaración de inadmisibilidad efectuada por la Comisión de Hacienda (Art.69 ideas matrices) respecto de la indicación de las diputadas y los diputados Manouchehri, Yeomans, Barrera, Hassler, Ulloa, Malla y Brito, para incorporar un nuevo artículo:
""Artículo nuevo.- Se establecerá el derecho al olvido en materia financiera, en los siguientes términos: 
1)  Los responsables  del  tratamiento  de  datos personales  de  carácter económico, financiero, bancario o comercial deberán eliminar de sus registros, internos o de comunicación a terceros, los datos personales relativos a información financiera de deudas impagas o extinguidas de personas naturales, cuando la deuda se hubiere hecho exigible  o  se  hubiere  extinguido -lo  primero  que  ocurra-hace  más  de  cinco  años contados desde la entrada en vigencia de la presente ley. 
2) Las entidades del sistema financiero, bancario y comercial no podrán utilizar la información eliminada en virtud de este artículo, ni la información relativa a deudas extinguidas,  prescritas  o  pagadas,  como  criterio  para  denegar  el  acceso  al  crédito,  a productos financieros o a la apertura de cuentas a una persona natural. Toda denegación de crédito a una persona natural deberá ser fundada por escrito y entregada al solicitante, indicando los criterios objetivos en que se sustenta. 
3) El incumplimiento de las obligaciones establecidas en este artículo se sancionará conforme a la Ley N° 19.628, sobre Protección de la Vida Privada, y, una vez en plena vigencia, conforme a la Ley N° 21.719, sin perjuicio del derecho del titular a obtener indemnización por el daño patrimonial y moral causado."".",74,78,1,0,Proyecto de Ley,1,Unánime,2,Quórum Simple,1,Particular,2,Primer Trámite,,Primer Informe,,1,https://www.camara.cl/legislacion/sala_sesiones/votacion_detalle.aspx?prmIdVotacion=88955
88956,18216-05,2026-05-20,4782,27,Boletín N°18216-05,"Reclamación de la declaración de inadmisibilidad efectuada por la Comisión de Hacienda (Art.69 ideas matrices) respecto de la indicación de las diputadas y los diputados Manouchehri, Yeomans, Barrera, Hassler, Ulloa, Malla y Brito, para incorporar un nuevo artículo:  
""Artículo nuevo.- Por  el  plazo  de  ciento  ochenta  días  contado  desde  la publicación  de  la  presente  ley,  los  acreedores  bancarios  y  no  bancarios  sujetos  a  la fiscalización de la Comisión para el Mercado Financiero estarán obligados a ofrecer a sus deudores  personas  naturales  con  ingresos  mensuales  inferiores  a  treinta  unidades tributarias mensuales, un plan voluntario de regularización que contemple la condonación íntegra de los intereses penales y de las comisiones devengadas por mora, así como una reprogramación de hasta cuarenta y ocho cuotas, sin nuevas comisiones de cobranza extrajudicial. 
La Comisión para el Mercado Financiero, en conjunto con el Servicio Nacional del Consumidor, definirá las condiciones operativas del régimen y supervisará su aplicación. La adhesión del deudor será voluntaria y no podrá significar, en caso alguno, una agravación de las condiciones originales del crédito."".",73,79,0,0,Proyecto de Ley,1,Unánime,2,Quórum Simple,1,Particular,2,Primer Trámite,,Primer Informe,,1,https://www.camara.cl/legislacion/sala_sesiones/votacion_detalle.aspx?prmIdVotacion=88956
88957,18216-05,2026-05-20,4782,27,Boletín N°18216-05,"Reclamación de la declaración de inadmisibilidad efectuada por la Comisión de Hacienda (Art. 65 inciso cuarto N°1, materia de tributos) respecto de la indicación de las diputadas y los diputados Manouchehri, Yeomans, Barrera, Hassler, Ulloa, Malla y Brito, para incorporar un nuevo artículo:
""Artículo nuevo.- Establécese  un  mecanismo  permanente  de  devolución mensual automática del Impuesto al Valor Agregado pagado por personas pertenecientes a hogares clasificados en el 60% más vulnerable según el Registro Social de Hogares, respecto del consumo de los siguientes bienes y servicios: (i) productos contenidos en la canasta básica de alimentos definida por el Instituto Nacional de Estadísticas; (ii) cuentas de electricidad, agua potable y gas de red, hasta los topes que determine el reglamento; (iii) medicamentos contenidos en el Petitorio Nacional de Medicamentos del Ministerio de Salud y bioequivalentes certificados por el Instituto de Salud Pública; y (iv) servicios de internet fijo domiciliario. 
La  devolución  se  efectuará  automáticamente,  mes  a  mes,  mediante abono en el Bolsillo Familiar Electrónico regulado por la Ley N° 21.550, sobre la base del consumo  promedio  per  cápita  estimado  por  el  Servicio  de  Impuestos  Internos  en coordinación con el Ministerio de Desarrollo Social y Familia. El monto máximo a devolver no podrá exceder de una unidad tributaria mensual por hogar."".",74,76,2,0,Proyecto de Ley,1,Unánime,2,Quórum Simple,1,Particular,2,Primer Trámite,,Primer Informe,,1,https://www.camara.cl/legislacion/sala_sesiones/votacion_detalle.aspx?prmIdVotacion=88957
88958,18216-05,2026-05-20,4782,27,Boletín N°18216-05,"Artículo primero transitorio del texto propuesto por la Comisión de Hacienda (que sustituye el artículo primero transitorio del mensaje), cuya votación separada ha sido solicitada por los diputados Boris Barrera y Raúl Leiva, y que consta en las páginas 486 a 495 del Comparado.",92,59,2,0,Proyecto de Ley,1,Aprobado,1,Quórum Simple,1,Particular,2,Primer Trámite,,Primer Informe,,1,https://www.camara.cl/legislacion/sala_sesiones/votacion_detalle.aspx?prmIdVotacion=88958
88959,18216-05,2026-05-20,4782,27,Boletín N°18216-05,"Artículo tercero transitorio del texto propuesto por la Comisión de Hacienda (que sustituye el artículo tercero transitorio del mensaje), cuya votación separada ha sido solicitada por los diputados Boris Barrera y Raúl Leiva, y que consta en las páginas 498 a 541 del Comparado.",89,62,2,0,Proyecto de Ley,1,Aprobado,1,Quórum Simple,1,Particular,2,Primer Trámite,,Primer Informe,,1,https://www.camara.cl/legislacion/sala_sesiones/votacion_detalle.aspx?prmIdVotacion=88959
88960,18216-05,2026-05-20,4782,27,Boletín N°18216-05,"Artículo cuarto transitorio del texto propuesto por la Comisión de Hacienda (que sustituye el artículo cuarto transitorio del mensaje), cuya votación separada ha sido solicitada por la diputada Gael Yeomans y los diputados Boris Barrera y Jorge Brito, y que consta en las páginas 541 a 548 del Comparado.",96,56,1,0,Proyecto de Ley,1,Aprobado,1,Quórum Simple,1,Particular,2,Primer Trámite,,Primer Informe,,1,https://www.camara.cl/legislacion/sala_sesiones/votacion_detalle.aspx?prmIdVotacion=88960
88961,18216-05,2026-05-20,4782,27,Boletín N°18216-05,"Artículo quinto transitorio del texto propuesto por la Comisión de Hacienda (que sustituye el artículo quinto transitorio del mensaje), cuya votación separada ha sido solicitada por los diputados Boris Barrera y Raúl Leiva, y que consta en las páginas 548 a 552 del Comparado.",84,66,3,0,Proyecto de Ley,1,Aprobado,1,Quórum Simple,1,Particular,2,Primer Trámite,,Primer Informe,,1,https://www.camara.cl/legislacion/sala_sesiones/votacion_detalle.aspx?prmIdVotacion=88961
88962,18216-05,2026-05-20,4782,27,Boletín N°18216-05,"Artículo sexto transitorio del texto propuesto por la Comisión de Hacienda (que sustituye el artículo sexto transitorio del mensaje), cuya votación separada ha sido solicitada por la diputada Ana María Gazmuri y por los diputados Boris Barrera y Raúl Leiva, y que consta en las páginas 552 a 554 del Comparado.",77,76,0,0,Proyecto de Ley,1,Aprobado,1,Quórum Simple,1,Particular,2,Primer Trámite,,Primer Informe,,1,https://www.camara.cl/legislacion/sala_sesiones/votacion_detalle.aspx?prmIdVotacion=88962
88963,18216-05,2026-05-20,4782,27,Boletín N°18216-05,"Artículo séptimo transitorio del proyecto, en los términos propuestos por la Comisión de Hacienda, cuya votación separada ha sido solicitada por el diputado Boris Barrera, y que consta en las páginas 554 a 556 del Comparado.",90,63,0,0,Proyecto de Ley,1,Aprobado,1,Quórum Simple,1,Particular,2,Primer Trámite,,Primer Informe,,1,https://www.camara.cl/legislacion/sala_sesiones/votacion_detalle.aspx?prmIdVotacion=88963
88964,18216-05,2026-05-20,4782,27,Boletín N°18216-05,"Artículo noveno transitorio del proyecto, en los términos propuestos por la Comisión de Hacienda, cuya votación separada ha sido solicitada por el diputado Boris Barrera, y que consta en las páginas 556 a 557 del Comparado.",87,66,0,0,Proyecto de Ley,1,Aprobado,1,Quórum Simple,1,Particular,2,Primer Trámite,,Primer Informe,,1,https://www.camara.cl/legislacion/sala_sesiones/votacion_detalle.aspx?prmIdVotacion=88964
88965,18216-05,2026-05-20,4782,27,Boletín N°18216-05,"Artículo décimo transitorio del proyecto, en los términos propuestos por la Comisión de Hacienda, cuya votación separada ha sido solicitada por el diputado Boris Barrera, y que consta en las páginas 557 a 562 del Comparado.",138,11,4,0,Proyecto de Ley,1,Aprobado,1,Quórum Simple,1,Particular,2,Primer Trámite,,Primer Informe,,1,https://www.camara.cl/legislacion/sala_sesiones/votacion_detalle.aspx?prmIdVotacion=88965
88966,18216-05,2026-05-20,4782,27,Boletín N°18216-05,"Artículo décimo segundo transitorio del proyecto, en los términos propuestos por la Comisión de Hacienda, cuya votación separada ha sido solicitada por la diputada Ana María Gazmuri y por los diputados Boris Barrera y Raúl Leiva, y que consta en las páginas 571 a 575 del Comparado.",94,55,4,0,Proyecto de Ley,1,Aprobado,1,Quórum Simple,1,Particular,2,Primer Trámite,,Primer Informe,,1,https://www.camara.cl/legislacion/sala_sesiones/votacion_detalle.aspx?prmIdVotacion=88966
88967,18216-05,2026-05-20,4782,27,Boletín N°18216-05,"Artículo décimo tercero transitorio del proyecto, en los términos propuestos por la Comisión de Hacienda y por la Comisión de Medio Ambiente, cuya votación separada ha sido solicitada por la diputada Ana María Gazmuri y por el diputado Boris Barrera, y que consta en la página 575 del Comparado.",83,69,1,0,Proyecto de Ley,1,Aprobado,1,Quórum Simple,1,Particular,2,Primer Trámite,,Primer Informe,,1,https://www.camara.cl/legislacion/sala_sesiones/votacion_detalle.aspx?prmIdVotacion=88967
88968,18216-05,2026-05-20,4782,27,Boletín N°18216-05,"Artículo décimo cuarto transitorio del proyecto, en los términos propuestos por la Comisión de Medio Ambiente, cuya votación separada ha sido solicitada por la diputada Gael Yeomans, y los diputados Boris Barrera, Jorge Brito y Raúl Leiva, y que consta en la página 575 del Comparado.",86,65,2,0,Proyecto de Ley,1,Aprobado,1,Quórum Simple,1,Particular,2,Primer Trámite,,Primer Informe,,1,https://www.camara.cl/legislacion/sala_sesiones/votacion_detalle.aspx?prmIdVotacion=88968
88969,18216-05,2026-05-20,4782,27,Boletín N°18216-05,"Artículo décimo quinto transitorio del proyecto, en los términos propuestos por la Comisión de Hacienda, cuya votación separada ha sido solicitada por la diputada Ana María Gazmuri y por el diputado Boris Barrera, y que consta en la página 576 del Comparado.",89,63,0,0,Proyecto de Ley,1,Aprobado,1,Quórum Simple,1,Particular,2,Primer Trámite,,Primer Informe,,1,https://www.camara.cl/legislacion/sala_sesiones/votacion_detalle.aspx?prmIdVotacion=88969
88970,18216-05,2026-05-20,4782,27,Boletín N°18216-05,"Artículo décimo sexto transitorio del proyecto, en los términos propuestos por la Comisión de Hacienda, cuya votación separada ha sido solicitada por el diputado Boris Barrera, y que consta en las páginas 576 y 577 del Comparado.",81,70,2,0,Proyecto de Ley,1,Aprobado,1,Quórum Simple,1,Particular,2,Primer Trámite,,Primer Informe,,1,https://www.camara.cl/legislacion/sala_sesiones/votacion_detalle.aspx?prmIdVotacion=88970
88971,18216-05,2026-05-20,4782,27,Boletín N°18216-05,"Nuevo artículo décimo séptimo transitorio del proyecto, en los términos propuestos por la Comisión de Hacienda, cuya votación separada ha sido solicitada por la diputada Ana María Gazmuri y por el diputado Boris Barrera, y que consta en las páginas 577 a 578 del Comparado.",81,69,1,0,Proyecto de Ley,1,Aprobado,1,Quórum Simple,1,Particular,2,Primer Trámite,,Primer Informe,,1,https://www.camara.cl/legislacion/sala_sesiones/votacion_detalle.aspx?prmIdVotacion=88971
88972,18216-05,2026-05-20,4782,27,Boletín N°18216-05,"Nuevo artículo décimo octavo transitorio del proyecto, en los términos propuestos por la Comisión de Hacienda, cuya votación separada ha sido solicitada por las diputadas Ana María Gazmuri, Gael Yeomans y el diputado Jorge Brito, y que consta en las páginas 578 a 579 del Comparado.",80,72,1,0,Proyecto de Ley,1,Aprobado,1,Quórum Simple,1,Particular,2,Primer Trámite,,Primer Informe,,1,https://www.camara.cl/legislacion/sala_sesiones/votacion_detalle.aspx?prmIdVotacion=88972
88973,18216-05,2026-05-20,4782,27,Boletín N°18216-05,"Nuevo artículo décimo noveno transitorio del proyecto, en los términos propuestos por la Comisión de Hacienda (que reemplaza al artículo décimo séptimo transitorio del mensaje), cuya votación separada ha sido solicitada por el diputado por las diputadas Ana María Gazmuri, Gael Yeomans y el diputado Jorge Brito, y que consta en la página 579 del Comparado.",80,73,0,0,Proyecto de Ley,1,Aprobado,1,Quórum Simple,1,Particular,2,Primer Trámite,,Primer Informe,,1,https://www.camara.cl/legislacion/sala_sesiones/votacion_detalle.aspx?prmIdVotacion=88973
88974,18216-05,2026-05-20,4782,27,Boletín N°18216-05,"Renovación de una indicación de las diputadas y los diputados Serrano, Gatica, Bassa, Crisóstomo y Tello para agregar el siguiente nuevo artículo transitorio, de cuyo tenor dará lectura el señor Secretario:
“Artículo transitorio nuevo.- Las  disposiciones  de  la  presente  ley,  en materias ambientales y  tributarias, que  contemplen    reducción  de  plazos administrativos o establezcan reglas de silencio administrativo, entrarán en vigencia únicamente una vez que se haya verificado el reforzamiento de dotación y recursos de  los  órganos  de  la  Administración  del  Estado  y  de  las  unidades  administrativas respectivas  que  deban  asumir  la  mayor  carga  de  trabajo  derivada  de  dichas modificaciones. La ley que  disponga  el  referido  reforzamiento  institucional  deberá señalar expresamente, en una disposición transitoria, que se ha dado cumplimiento a lo establecido en el inciso precedente.”.",71,82,0,0,Proyecto de Ley,1,Unánime,2,Quórum Simple,1,Particular,2,Primer Trámite,,Primer Informe,,1,https://www.camara.cl/legislacion/sala_sesiones/votacion_detalle.aspx?prmIdVotacion=88974
88975,18216-05,2026-05-20,4782,27,Boletín N°18216-05,"Reclamación de la declaración de inadmisibilidad efectuada por la Comisión de Hacienda (art 69, ideas matrices) respecto de la indicación del diputado Raúl Soto:
“Incorpórese el siguiente artículo transitorio nuevo, del siguiente tenor: 
Artículo  transitorio nuevo:  Con  la  finalidad  de  aliviar  el  negativo  impacto que han provocado las alzas en el precio de los combustibles fósiles y de bienes y servicios de la canasta básica en la economía de los hogares, concédase un Bono Familiar de libre disposición compuesto por seis aportes mensuales de cien mil pesos de cargo fiscal, para los  hogares  cuyos  ingresos  totales  de  los  miembros  que  los  integran  no  superen,  en  su conjunto, los dos millones de pesos mensuales. 
El Bono Familiar de Libre Disposición que concede esta ley no constituirá remuneración  o  renta  para  ningún  efecto  legal  y,  en  consecuencia,  no  será  imponible  ni tributable y no estará afecto a descuento alguno. 
Los  hogares  beneficiarios  podrán  postular  mediante  la  presentación  de sus  antecedentes  en  las  plataformas  digitales  que  el  Ministerio  de  Desarrollo  Social  y Familia dispondrá para tales efectos, así como también de manera presencial en las oficinas de Chile Atiende. Las postulaciones se podrán presentar durante los 30 días siguientes a la  publicación  de  esta  ley  en  el  Diario  Oficial.  Mediante resolución  exenta  dictada  por  la Subsecretaría   de   Evaluación   Social,   visada   por   la   Dirección   de   Presupuestos,   se establecerá la forma de verificación de los requisitos establecidos en esta ley. 
El  Bono  Familiar  de  libre  disposición  será  pagado  a  través  de  bolsillo electrónico de conformidad con el artículo 10° de la ley 21550. El pago del primer aporte se efectuará  dentro  de  sesenta  días  corridos  contados  desde  la  publicación  de  la  ley  en  el Diario Oficial.  
Quienes perciban indebidamente el Bono Familiar de libre disposición que establece este artículo deberán restituir las sumas indebidamente percibidas, reajustadas de  conformidad  con  la  variación  que  experimente  el  Índice  de  Precios  al  Consumidor determinada por el Instituto Nacional de Estadísticas, o la institución que lo reemplace, entre el mes anterior a aquel en que se percibió y el que antecede a su restitución. 
El mayor gasto fiscal que represente la aplicación de esta ley se financiará con  cargo  a  los  recursos  del  Tesoro  Público.”.",76,75,2,0,Proyecto de Ley,1,Unánime,2,Quórum Simple,1,Particular,2,Primer Trámite,,Primer Informe,,1,https://www.camara.cl/legislacion/sala_sesiones/votacion_detalle.aspx?prmIdVotacion=88975
88976,18216-05,2026-05-20,4782,27,Boletín N°18216-05,"Reclamación de la declaración de inadmisibilidad efectuada por la Comisión de Hacienda (Art.65  inc.3,  incide  en  la  administración  financiera  del Estado.) respecto de la indicación de las diputadas y diputados Manouchehri, Yeomans, Barrera, Hassler, Ulloa, Brito, para agregar el siguiente artículo transitorio, nuevo: 
“Artículo transitorio nuevo.- Subsidio al pie para la adquisición de Viviendas Nuevas. Establécese un subsidio de hasta 200 Unidades de Fomento para personas que adquieran  créditos  hipotecarios  sujetos  a  las  Garantías  Apoyo  a  la  Vivienda  Nueva establecidas en el artículo sexto transitorio de la ley Nº 21.543, que crea un Fondo de Garantías Especiales, el que se regirá por las reglas que se señalan a continuación y por las demás normas de aplicación general contempladas en uno o más decretos del Ministerio de Hacienda dictados bajo la fórmula “Por orden del Presidente de la República”. 
Los  financiamientos  beneficiados  por  el  subsidio  deberán  destinarse exclusivamente al pago de la proporción del precio de adquisición de viviendas nuevas que cumplan con los requisitos indicados en este artículo, que no sea cubierta por un crédito de una institución financiera. La totalidad del monto será entregado a la institución financiera, la que deberá enterarlo al vendedor de la vivienda, según la fórmula que determine el Ministerio de Hacienda mediante el o los decretos a los que se refiere el inciso primero. 
El beneficio no será aplicable a compraventas de promesas celebradas con anterioridad al 31 de abril de 2026. La institución financiera deberá registrar en un soporte idóneo, por medio escrito o electrónico equivalente, una declaración jurada simple suscrita por el solicitante, que dé cuenta de que la promesa o la compraventa es elegible para el beneficio, de conformidad con lo establecido en el inciso anterior. El incumplimiento de esta obligación, o la falsedad en la declaración jurada, dará lugar a las sanciones correspondientes,  según  lo  dispuesto  en  el  artículo  1  de  la  Ley  N°  21.748  y  demás normativas aplicables. 
Se entregarán hasta cincuenta mil subsidios a personas naturales, de conformidad con las reglas que se señalan a continuación: 
a) Ser persona natural que, al momento de la postulación y otorgamiento del subsidio, no sea propietaria, asignataria o beneficiaria de una vivienda, ni de derechos reales sobre un inmueble destinado a uso habitacional. 
b) Que el valor de la vivienda no supere las 4.000 unidades de fomento. 
c) Que la persona cumpla con los requisitos para acceder al Programa de Garantías Apoyo a la Vivienda Nueva, de conformidad con el artículo sexto transitorio de la ley Nº 21.543, que crea un Fondo de Garantías Especiales. 
d) Que cumpla con los demás requisitos establecidos en el o los decretos a que se refiere el inciso primero. 
Sólo se podrá solicitar financiamientos con las condiciones señaladas en el presente artículo hasta veinticuatro meses después de la fecha de publicación de esta ley. 
Un decreto dictado por el Ministerio de Hacienda, a través de uno o más decretos supremos, bajo la fórmula “Por orden del Presidente de la República”, que deberá ser visado por la Dirección de Presupuestos, establecerá las reglas necesarias para la implementación de lo establecido en este artículo. 
Sin perjuicio de lo anterior, el Ministerio de Hacienda podrá requerir del Administrador  del  Fondo  de  Garantías  Especiales  o  de  cada  una  de  las  instituciones acreedoras toda aquella información, nominada o innominada, que permita la oportuna verificación de los beneficios entregados y de los cambios en las circunstancias de los beneficiarios, entre otros elementos necesarios para verificar el adecuado funcionamiento del subsidio.”.",67,86,0,0,Proyecto de Ley,1,Unánime,2,Quórum Simple,1,Particular,2,Primer Trámite,,Primer Informe,,1,https://www.camara.cl/legislacion/sala_sesiones/votacion_detalle.aspx?prmIdVotacion=88976
88977,18216-05,2026-05-20,4782,27,Boletín N°18216-05,"Reclamación de la declaración de inadmisibilidad efectuada por la Comisión de Hacienda (Art.65  inc.3,  incide  en  la  administración financiera del Estado) respecto de la indicación de las diputadas y diputados Manouchehri, Yeomans, Barrera, Hassler, Ulloa, Brito, para agregar el siguiente artículo transitorio, nuevo:
“Artículo transitorio nuevo.- Transcurridos dos años desde la entrada en vigencia de la presente ley, el Ministerio de Hacienda deberá contratar una evaluación externa que se pronuncie sobre la implementación y aplicación de las medidas contenidas en la presente ley, refiriéndose, a lo menos, a su efecto sobre la recaudación fiscal, su impacto  en  la  actividad  económica,  sus  efectos  distributivos  y  el  cumplimiento  de  los compromisos  en  materia  de  gastos  adquiridos  durante  la  tramitación  de  la  misma.  El resultado de esa evaluación será remitido a la Comisión de Hacienda de la Cámara de Diputados y a la Comisión de Hacienda del Senado, y deberá será publicado en el sitio web del  Ministerio  de  Hacienda."".",75,77,1,0,Proyecto de Ley,1,Unánime,2,Quórum Simple,1,Particular,2,Primer Trámite,,Primer Informe,,1,https://www.camara.cl/legislacion/sala_sesiones/votacion_detalle.aspx?prmIdVotacion=88977
88978,18216-05,2026-05-20,4782,27,Boletín N°18216-05,"Reclamación de la declaración de inadmisibilidad efectuada por la Comisión de Hacienda (Art.65 inc.3, incide en la administración financiera del Estado) respecto de la indicación de las diputadas y los diputados Manouchehri, Yeomans, Barrera, Hassler, Ulloa y Brito, para incorporar un nuevo artículo:
""Artículo transitorio nuevo.- Los contribuyentes acogidos a lo dispuesto en el N° 3 de la letra D) del artículo 14 de la Ley sobre Impuesto a la Renta, que adquieran, en el periodo comprendido entre la entrada en vigencia de esta ley y el 31 de diciembre de 2028, activos intangibles destinados al interés, desarrollo o mantención de la empresa o negocio, podrán depreciar dichos activos de manera instantánea e íntegra, en el mismo ejercicio comercial en que sean adquiridos, los que quedarán valorados en 1 peso. 
Para estos efectos, sólo se considerarán activos intangibles susceptibles de acogerse al régimen que contempla el inciso anterior, los siguientes: 
a) Los derechos de propiedad industrial protegidos conforme a la ley N° 19.039. 
b) Los derechos de propiedad intelectual protegidos conforme a la ley N° 17.336. 
c) Una nueva variedad vegetal protegida conforme a la ley N° 19.342. 
Conforme a lo anterior, en ningún caso será aplicable este régimen de amortización respecto del activo intangible que regula el número 9 del artículo 31 de la Ley sobre Impuesto a la Renta. 
Para la revisión o fiscalización de lo contemplado en este artículo, los organismos ante los cuales se registran los bienes intangibles señalados en las letras a), b) y c) precedentes deberán informar al Servicio de Impuestos Internos, en la forma que este último determine mediante una resolución, los bienes intangibles que sean inscritos o transferidos durante la vigencia de esta ley. Por su parte, el Servicio de Impuestos Internos, mediante una actuación sometida al trámite de consulta pública establecido en el N° 1 de la letra A del artículo 6° del Código Tributario, contenido en el decreto ley N° 830, de 1974, instruirá sobre la forma de hacer efectivo lo establecido en este artículo en relación a la acreditación del desembolso asociado a los bienes intangibles respectivos”.",70,81,2,0,Proyecto de Ley,1,Unánime,2,Quórum Simple,1,Particular,2,Primer Trámite,,Primer Informe,,1,https://www.camara.cl/legislacion/sala_sesiones/votacion_detalle.aspx?prmIdVotacion=88978
88979,18216-05,2026-05-20,4782,27,Boletín N°18216-05,"Reclamación de la declaración de inadmisibilidad efectuada por la Comisión de Hacienda (modificar elementos de un tributo, de conformidad con lo dispuesto  en  el  artículo  65  inciso  cuarto  N°1) respecto de la indicación del diputado Manouchehri:
""Artículo transitorio nuevo.- Sin perjuicio de las modificaciones al artículo 20 de la Ley sobre Impuesto a la Renta contenidas en el artículo 10 de la presente ley, la tasa de impuesto de primera categoría aplicable a las rentas devengadas o percibidas a partir del año 2026 y siguientes, se sujetará a las siguientes reglas.
1.Para las rentas devengadas o percibidas durante el año comercial 2026, un 27%. 
2.Para las rentas devengadas o percibidas durante el año comercial 2027, un 26%.
3.Para las rentas devengadas o percibidas durante el año comercial 2028, un 25%, siempre que al cierre del año comercial anterior se cumplan copulativamente las siguientes condiciones: (i) El Balance Cíclicamente Ajustado no sea inferior a -1,00% del Producto Interno Bruto, y (ii) La deuda pública sea inferior a 45% del Producto Interno Bruto.  
4.Para las rentas devengadas o percibidas durante el año comercial 2029  o  aquel  que  corresponda  al  año  siguiente  en  que  se  cumplan  las  condiciones establecidas en la letra c) anterior, la tasa se rebajará en un punto porcentual respecto de la tasa del año comercial anterior siempre que se cumplan copulativamente las siguientes condiciones: (i) El Balance Cíclicamente Ajustado no sea inferior a -0,50% del Producto Interno Bruto, y (ii) La deuda pública sea inferior a 45% del Producto Interno Bruto. 
5.Para las rentas devengadas o percibidas durante el año comercial 2030  o  aquel  que  o  aquel  que  corresponda  al  año  siguiente  en  que  se  cumplan  las condiciones establecidas en la letra d) anterior, la tasa será de un 23% siempre que se cumplan copulativamente las siguientes condiciones: (i) El Balance Cíclicamente Ajustado no sea inferior a 0,00% del Producto Interno Bruto, y (ii) La deuda pública sea inferior a 45% del Producto Interno Bruto.”.",71,81,1,0,Proyecto de Ley,1,Unánime,2,Quórum Simple,1,Particular,2,Primer Trámite,,Primer Informe,,1,https://www.camara.cl/legislacion/sala_sesiones/votacion_detalle.aspx?prmIdVotacion=88979
88980,18216-05,2026-05-20,4782,27,Boletín N°18216-05,"Reclamación de la declaración de inadmisibilidad efectuada por la Comisión de Hacienda (Art.69, ideas matrices) respecto de la indicación del diputado Brito y la diputada Yeomans, para agregar un artículo transitorio nuevo, del siguiente tenor: 
“Artículo final transitorio.- Respecto del Presidente de la República en ejercicio a la fecha de publicación de la presente ley, de sus Ministros de Estado y de los diputados y senadores en ejercicio en dicha oportunidad, continuará aplicándose el régimen tributario vigente con anterioridad a la entrada en vigencia de esta ley, así como las normas relativas a la determinación y cálculo de los impuestos que graven su patrimonio, bienes, inversiones o participaciones en sociedades. 
En consecuencia, las disposiciones de la presente ley no les serán aplicables mientras se encuentren en el ejercicio de sus respectivos cargos.”. 
En votación la reconsideración de la declaración de inadmisibilidad. 
(Quienes votan a favor lo hacen por la admisibilidad; quienes votan en contra por su inadmisibilidad)",68,83,2,0,Proyecto de Ley,1,Unánime,2,Quórum Simple,1,Particular,2,Primer Trámite,,Primer Informe,,1,https://www.camara.cl/legislacion/sala_sesiones/votacion_detalle.aspx?prmIdVotacion=88980
88981,18216-05,2026-05-20,4782,27,Boletín N°18216-05,Indicación renovada del Ejecutivo para reemplazar el artículo décimo primero transitorio.,92,57,4,0,Proyecto de Ley,1,Aprobado,1,Quórum Simple,1,Particular,2,Primer Trámite,,Primer Informe,,1,https://www.camara.cl/legislacion/sala_sesiones/votacion_detalle.aspx?prmIdVotacion=88981
88984,18216-05,2026-05-20,4782,27,Boletín N°18216-05,"Reclamación de la declaración de inadmisibilidad efectuada por la Comisión de Hacienda (Art.65 inc. cuarto N°1, materia de tributos) respecto de la indicación del diputado Raúl Soto para  reemplazar  el  artículo sexto transitorio del proyecto de ley.",72,79,2,0,Proyecto de Ley,1,Unánime,2,Quórum Simple,1,Particular,2,Primer Trámite,,Primer Informe,,1,https://www.camara.cl/legislacion/sala_sesiones/votacion_detalle.aspx?prmIdVotacion=88984
89000,18156-04,2026-06-02,4783,28,Boletín N°18156-04,"Modificaciones incorporadas por el Senado en el proyecto de ley, originado en mensaje, que “Establece medidas de seguridad, orden y respeto para la comunidad educativa.”, con la salvedad de aquellas cuya votación separada ha sido solicitada.",105,46,0,0,Proyecto de Ley,1,Aprobado,1,Quórum Simple,1,Única,6,Tercer Trámite,,Sin Informe,,1,https://www.camara.cl/legislacion/sala_sesiones/votacion_detalle.aspx?prmIdVotacion=89000
89001,18156-04,2026-06-02,4783,28,Boletín N°18156-04,"Enmienda del Senado al número 2 del artículo 1 del proyecto, que elimina el artículo 16 K, cuya votación separada ha sido solicitada por el diputado Benjamín Moreno, y que consta en la página 17 del comparado.",119,31,1,0,Proyecto de Ley,1,Aprobado,1,Quórum Simple,1,Única,6,Tercer Trámite,,Sin Informe,,1,https://www.camara.cl/legislacion/sala_sesiones/votacion_detalle.aspx?prmIdVotacion=89001
89002,18156-04,2026-06-02,4783,28,Boletín N°18156-04,"Enmienda del Senado al artículo 5 del proyecto, incorporando un nuevo numeral 2 a dicho artículo, cuya votación separada ha sido solicitada por la diputada Daniela Serrano, y que consta en las páginas 38 y 39 del comparado.",105,45,1,0,Proyecto de Ley,1,Aprobado,1,Quórum Simple,1,Única,6,Tercer Trámite,,Sin Informe,,1,https://www.camara.cl/legislacion/sala_sesiones/votacion_detalle.aspx?prmIdVotacion=89002
89003,17287-14,2026-06-02,4783,28,Boletín N°17287-14,"En votación las modificaciones incorporadas por el Senado en el proyecto de ley, originado en moción, que “Modifica textos legales que indica para agilizar la obtención de permisos de urbanización y edificación.”.",126,15,9,0,Proyecto de Ley,1,Aprobado,1,Quórum Simple,1,Única,6,Tercer Trámite,,Sin Informe,,1,https://www.camara.cl/legislacion/sala_sesiones/votacion_detalle.aspx?prmIdVotacion=89003
89031,16808-25,2026-06-03,4784,29,Boletín N°16808-25,,149,0,0,0,Proyecto de Ley,1,Aprobado,1,Quórum Simple,1,General,1,Primer Trámite,,Primer Informe,,1,https://www.camara.cl/legislacion/sala_sesiones/votacion_detalle.aspx?prmIdVotacion=89031
89032,16808-25,2026-06-03,4784,29,Boletín N°16808-25,"Indicación renovada de la diputada Carolina Tello, del siguiente tenor:

“Nuevo numeral.- Para agregar al artículo 3° de la ley N°19.913 un inciso final, del siguiente tenor:
“Para  efectos  de  la  fiscalización  del  cumplimiento  de  las obligaciones establecidas en la presente ley, cuando un sujeto obligado incurra en una infracción grave que dificulte o impida la verificación del origen, destino o trazabilidad de sus operaciones, la Unidad de Análisis Financiero podrá requerir la   información   financiera   necesaria   para   dichos   fines,   conforme   a   los procedimientos y autorizaciones establecidos en la legislación vigente.”.",61,86,2,0,Proyecto de Ley,1,Unánime,2,Quórum Simple,1,Particular,2,Primer Trámite,,Primer Informe,,1,https://www.camara.cl/legislacion/sala_sesiones/votacion_detalle.aspx?prmIdVotacion=89032
89033,18230-13,2026-06-03,4784,29,Boletín N°18230-13,,136,1,12,0,Proyecto de Ley,1,Aprobado,1,Quórum Simple,1,General,1,Primer Trámite,,Primer Informe,,1,https://www.camara.cl/legislacion/sala_sesiones/votacion_detalle.aspx?prmIdVotacion=89033
89034,18230-13,2026-06-03,4784,29,Boletín N°18230-13,Artículos 2 y 3 del texto propuesto por la Comisión de Trabajo y Seguridad Social.,91,46,12,0,Proyecto de Ley,1,Aprobado,1,Quórum Calificado,2,General,1,Primer Trámite,,Primer Informe,,1,https://www.camara.cl/legislacion/sala_sesiones/votacion_detalle.aspx?prmIdVotacion=89034
89035,18230-13,2026-06-03,4784,29,Boletín N°18230-13,"Artículo 1 del proyecto, en los términos propuestos por la Comisión de Trabajo y Seguridad Social, cuya votación separada ha sido solicitada por las diputadas Gazmuri, Serrano y Yeomans, y por los diputados Barraza y Brito, y que consta en la página 1 del comparado.",89,49,11,0,Proyecto de Ley,1,Aprobado,1,Quórum Simple,1,Particular,2,Primer Trámite,,Primer Informe,,1,https://www.camara.cl/legislacion/sala_sesiones/votacion_detalle.aspx?prmIdVotacion=89035
89036,18230-13,2026-06-03,4784,29,Boletín N°18230-13,"Nuevo artículo 2 del proyecto, en los términos propuestos por la Comisión de Hacienda, cuya votación separada ha sido solicitada por las diputadas Gazmuri, Serrano y Yeomans, y por los diputados Barraza y Brito, y que consta en las páginas 1 a 2 del comparado.",91,48,10,0,Proyecto de Ley,1,Aprobado,1,Quórum Simple,1,Particular,2,Primer Trámite,,Primer Informe,,1,https://www.camara.cl/legislacion/sala_sesiones/votacion_detalle.aspx?prmIdVotacion=89036
89037,18230-13,2026-06-03,4784,29,Boletín N°18230-13,"Nuevo artículo 3 del proyecto, en los términos propuestos por la Comisión de Hacienda, y que consta en la página 2 del comparado.",91,49,9,0,Proyecto de Ley,1,Aprobado,1,Quórum Simple,1,Particular,2,Primer Trámite,,Primer Informe,,1,https://www.camara.cl/legislacion/sala_sesiones/votacion_detalle.aspx?prmIdVotacion=89037
89038,18230-13,2026-06-03,4784,29,Boletín N°18230-13,"Nuevo artículo 6 del proyecto, en los términos propuestos por la Comisión de Hacienda, y que consta en las páginas 7 y 8 del comparado.",132,6,11,0,Proyecto de Ley,1,Aprobado,1,Quórum Simple,1,Particular,2,Primer Trámite,,Primer Informe,,1,https://www.camara.cl/legislacion/sala_sesiones/votacion_detalle.aspx?prmIdVotacion=89038
89067,17956-10,2026-06-08,4786,30,Boletín N°17956-10,"En votación el proyecto de acuerdo que aprueba el “Acuerdo sobre transporte aéreo entre la República de Chile y el Reino de España, suscrito en Montreal, Canadá, el 1 de octubre de 2022.”.",128,0,0,0,Proyecto de Ley,1,Aprobado,1,Quórum Simple,1,Única,6,Segundo Trámite,,Primer Informe,,1,https://www.camara.cl/legislacion/sala_sesiones/votacion_detalle.aspx?prmIdVotacion=89067
89068,17957-10,2026-06-08,4786,30,Boletín N°17957-10,"En votación el proyecto de acuerdo que aprueba el “Acuerdo entre el Gobierno de la República de Chile y el Gobierno de la República Helénica en materia de servicios aéreos"", suscrito en Atenas, Grecia, el 27 de mayo de 2021.”.",127,0,0,0,Proyecto de Ley,1,Aprobado,1,Quórum Simple,1,Única,6,Segundo Trámite,,Primer Informe,,1,https://www.camara.cl/legislacion/sala_sesiones/votacion_detalle.aspx?prmIdVotacion=89068
89069,17958-10,2026-06-08,4786,30,Boletín N°17958-10,"En votación el proyecto de acuerdo que aprueba el “Acuerdo de servicios aéreos entre el Reino de los Países Bajos y la República de Chile"", suscrito en Santiago, Chile, el 24 de mayo de 2021.”.",127,1,0,0,Proyecto de Ley,1,Aprobado,1,Quórum Simple,1,Única,6,Segundo Trámite,,Primer Informe,,1,https://www.camara.cl/legislacion/sala_sesiones/votacion_detalle.aspx?prmIdVotacion=89069
89070,18178-10,2026-06-08,4786,30,Boletín N°18178-10,"En votación el proyecto de acuerdo que aprueba el “Acuerdo entre el Gobierno de la República de chile y el Gobierno de la República de Tayikistán sobre la exención mutua del requisito de visa para titulares de pasaportes diplomáticos oficiales y de servicio, suscrito en Dushanbe, República de Tayikistán, el 9 de marzo de 2023.”.",129,0,0,0,Proyecto de Ley,1,Aprobado,1,Quórum Simple,1,Única,6,Primer Trámite,,Primer Informe,,1,https://www.camara.cl/legislacion/sala_sesiones/votacion_detalle.aspx?prmIdVotacion=89070
89071,18030-12,2026-06-08,4786,30,Boletín N°18030-12,,81,44,4,0,Proyecto de Ley,1,Aprobado,1,Quórum Simple,1,General,1,Primer Trámite,,Primer Informe,,1,https://www.camara.cl/legislacion/sala_sesiones/votacion_detalle.aspx?prmIdVotacion=89071
89072,18157-33,2026-06-08,4786,30,Boletín N°18157-33,,127,0,0,3,Proyecto de Ley,1,Aprobado,1,Quórum Simple,1,General,1,Primer Trámite,,Primer Informe,,1,https://www.camara.cl/legislacion/sala_sesiones/votacion_detalle.aspx?prmIdVotacion=89072
89085,16686-19,2026-06-09,4787,31,Boletín N°16686-19,"Modificaciones incorporadas por el Senado en el proyecto de ley, originado en mensaje, que “Dicta normas sobre transferencia de tecnología y conocimiento”, con la salvedad de aquellas que requieren quorum especial de aprobación.",134,2,4,0,Proyecto de Ley,1,Aprobado,1,Quórum Simple,1,Única,6,Tercer Trámite,,Sin Informe,,1,https://www.camara.cl/legislacion/sala_sesiones/votacion_detalle.aspx?prmIdVotacion=89085
89086,16686-19,2026-06-09,4787,31,Boletín N°16686-19,"Modificaciones del Senado recaídas en el inciso segundo del artículo 8; el artículo 9, nuevo; el artículo 10 (correspondiente al artículo 9 de la Cámara); y la letra b) del nuevo artículo 15, que requieren para su aprobación del voto favorable de 78 diputadas y diputados por tratarse de disposiciones de rango orgánico constitucional.-",135,0,6,0,Proyecto de Ley,1,Aprobado,1,Quórum Calificado,2,Única,6,Tercer Trámite,,Sin Informe,,1,https://www.camara.cl/legislacion/sala_sesiones/votacion_detalle.aspx?prmIdVotacion=89086
89087,15258-25,2026-06-09,4787,31,Boletín N°15258-25,"Artículo único del proyecto, en los términos propuestos por la Comisión de Seguridad Ciudadana, en su segundo informe.",128,1,12,0,Proyecto de Ley,1,Aprobado,1,Quórum Simple,1,Particular,2,Primer Trámite,,Segundo Informe,,1,https://www.camara.cl/legislacion/sala_sesiones/votacion_detalle.aspx?prmIdVotacion=89087
89104,18048-06,2026-06-10,4788,32,Boletín N°18048-06,,142,0,1,0,Proyecto de Ley,1,Aprobado,1,Quórum Simple,1,General,1,Primer Trámite,,Primer Informe,,1,https://www.camara.cl/legislacion/sala_sesiones/votacion_detalle.aspx?prmIdVotacion=89104
89105,17630-10,2026-06-10,4788,32,Boletín N°17630-10,"En votación el proyecto de acuerdo que aprueba el “Acuerdo entre la República de Chile y la República Federativa de Brasil para el reconocimiento recíproco de licencias de conductor"", hecho en Santiago, República de Chile, el 5 de agosto de 2024.",143,0,0,0,Proyecto de Ley,1,Aprobado,1,Quórum Simple,1,Única,6,Segundo Trámite,,Primer Informe,,1,https://www.camara.cl/legislacion/sala_sesiones/votacion_detalle.aspx?prmIdVotacion=89105
89106,18256-10,2026-06-10,4788,32,Boletín N°18256-10,"En votación el proyecto de acuerdo que aprueba el “Aprueba el Acuerdo entre la República de Chile y la República Helénica sobre el empleo remunerado de dependientes de miembros de una misión diplomática o representación consular"", suscrito en Santiago, el 24 de abril de 2024.",143,0,0,0,Proyecto de Ley,1,Aprobado,1,Quórum Simple,1,Única,6,Primer Trámite,,Primer Informe,,1,https://www.camara.cl/legislacion/sala_sesiones/votacion_detalle.aspx?prmIdVotacion=89106
89107,16725-06,2026-06-10,4788,32,Boletín N°16725-06,,87,54,2,0,Proyecto de Ley,1,Aprobado,1,Quórum Simple,1,General,1,Primer Trámite,,Primer Informe,,1,https://www.camara.cl/legislacion/sala_sesiones/votacion_detalle.aspx?prmIdVotacion=89107
89108,16725-06,2026-06-10,4788,32,Boletín N°16725-06,,143,0,0,0,Proyecto de Ley,1,Aprobado,1,Quórum Calificado,2,General,1,Primer Trámite,,Primer Informe,,1,https://www.camara.cl/legislacion/sala_sesiones/votacion_detalle.aspx?prmIdVotacion=89108
89109,15936-18,2026-06-10,4788,32,Boletín N°15936-18,"Modificaciones incorporadas por el Senado en el proyecto de ley, originado en moción, que “Modifica cuerpos legales que indica para prohibir el porte y tenencia de armas de fuego a personas procesadas o condenadas por violencia intrafamiliar”, con la salvedad de aquellas que requieren quorum especial de aprobación y cuya votación separada ha sido solicitada.",143,0,0,0,Proyecto de Ley,1,Aprobado,1,Quórum Simple,1,Única,6,Tercer Trámite,,Sin Informe,,1,https://www.camara.cl/legislacion/sala_sesiones/votacion_detalle.aspx?prmIdVotacion=89109
89110,15936-18,2026-06-10,4788,32,Boletín N°15936-18,"Enmienda del Senado que introduce una oración final en el numeral 5, letra a), número 1 del artículo 1, cuya votación separada ha sido solicitada por el diputado Cristián Araya y que consta en la página 4 del comparado.",103,0,40,0,Proyecto de Ley,1,Aprobado,1,Quórum Simple,1,Única,6,Tercer Trámite,,Sin Informe,,1,https://www.camara.cl/legislacion/sala_sesiones/votacion_detalle.aspx?prmIdVotacion=89110
89111,15936-18,2026-06-10,4788,32,Boletín N°15936-18,"Enmiendas del Senado al párrafo primero del literal c), número 2 del artículo 1, cuya votación separada ha sido solicitada por el diputado Cristián Araya y que constan en la página 6 del comparado.",102,1,40,0,Proyecto de Ley,1,Aprobado,1,Quórum Simple,1,Única,6,Tercer Trámite,,Sin Informe,,1,https://www.camara.cl/legislacion/sala_sesiones/votacion_detalle.aspx?prmIdVotacion=89111
89112,15936-18,2026-06-10,4788,32,Boletín N°15936-18,"Modificación del Senado recaída en el número 1 del artículo 3, que requiere para su aprobación del voto favorable de 78 diputadas y diputados por tratarse de una disposición de quórum calificado.",143,0,0,0,Proyecto de Ley,1,Aprobado,1,Quórum Calificado,2,Única,6,Tercer Trámite,,Sin Informe,,1,https://www.camara.cl/legislacion/sala_sesiones/votacion_detalle.aspx?prmIdVotacion=89112
89113,15936-18,2026-06-10,4788,32,Boletín N°15936-18,"Enmienda del Senado que incorpora un nuevo artículo 5, cuya votación separada ha sido solicitada por el diputado Cristián Araya y que consta en las páginas 24 a 29 del comparado.",106,5,32,0,Proyecto de Ley,1,Aprobado,1,Quórum Simple,1,Única,6,Tercer Trámite,,Sin Informe,,1,https://www.camara.cl/legislacion/sala_sesiones/votacion_detalle.aspx?prmIdVotacion=89113
89153,16857-07,2026-06-16,4790,34,Boletín N°16857-07,,147,0,0,0,Proyecto de Ley,1,Aprobado,1,Quórum Simple,1,General,1,Primer Trámite,,Primer Informe,,1,https://www.camara.cl/legislacion/sala_sesiones/votacion_detalle.aspx?prmIdVotacion=89153
89154,16857-07,2026-06-16,4790,34,Boletín N°16857-07,Indicación de la diputada Urrutia y del diputado Salinas que reemplaza íntegramente los artículos 1 y 2 del proyecto.,50,85,12,0,Proyecto de Ley,1,Unánime,2,Quórum Simple,1,Particular,2,Primer Trámite,,Primer Informe,,1,https://www.camara.cl/legislacion/sala_sesiones/votacion_detalle.aspx?prmIdVotacion=89154
89155,16857-07,2026-06-16,4790,34,Boletín N°16857-07,"Artículo 1 del proyecto, en los términos propuestos por la Comisión de Seguridad Ciudadana, con la indicación sugerida por el diputado José Antonio Rivas.",51,85,11,0,Proyecto de Ley,1,Unánime,2,Quórum Simple,1,Particular,2,Primer Trámite,,Primer Informe,,1,https://www.camara.cl/legislacion/sala_sesiones/votacion_detalle.aspx?prmIdVotacion=89155
89156,16857-07,2026-06-16,4790,34,Boletín N°16857-07,"Artículo 1 del proyecto, en los términos propuestos por la Comisión de Seguridad Ciudadana, que consta en las páginas 1 a 4 del comparado.",147,0,0,0,Proyecto de Ley,1,Aprobado,1,Quórum Simple,1,Particular,2,Primer Trámite,,Primer Informe,,1,https://www.camara.cl/legislacion/sala_sesiones/votacion_detalle.aspx?prmIdVotacion=89156
89157,16857-07,2026-06-16,4790,34,Boletín N°16857-07,"Indicación del diputado José Antonio Rivas para agregar un nuevo inciso final en el artículo 369 ter, contenido en el artículo 1 del texto propuesto por la Comisión de Seguridad Ciudadana.",62,27,58,0,Proyecto de Ley,1,Unánime,2,Quórum Simple,1,Particular,2,Primer Trámite,,Primer Informe,,1,https://www.camara.cl/legislacion/sala_sesiones/votacion_detalle.aspx?prmIdVotacion=89157
89158,16857-07,2026-06-16,4790,34,Boletín N°16857-07,Indicación sugerida por el diputado José Antonio Rivas para reemplazar el artículo 2 del proyecto.,55,38,54,0,Proyecto de Ley,1,Unánime,2,Quórum Simple,1,Particular,2,Primer Trámite,,Primer Informe,,1,https://www.camara.cl/legislacion/sala_sesiones/votacion_detalle.aspx?prmIdVotacion=89158
89159,16857-07,2026-06-16,4790,34,Boletín N°16857-07,"Artículo 2 del proyecto, en los términos propuestos por la Comisión de Seguridad Ciudadana, que consta en la página 7 del comparado.",147,0,0,0,Proyecto de Ley,1,Aprobado,1,Quórum Simple,1,Particular,2,Primer Trámite,,Primer Informe,,1,https://www.camara.cl/legislacion/sala_sesiones/votacion_detalle.aspx?prmIdVotacion=89159
89160,16857-07,2026-06-16,4790,34,Boletín N°16857-07,Indicación del diputado José Antonio Rivas para agregar un nuevo artículo 3° al proyecto.,54,67,26,0,Proyecto de Ley,1,Unánime,2,Quórum Simple,1,Particular,2,Primer Trámite,,Primer Informe,,1,https://www.camara.cl/legislacion/sala_sesiones/votacion_detalle.aspx?prmIdVotacion=89160
89161,16857-07,2026-06-16,4790,34,Boletín N°16857-07,Indicación del diputado José Antonio Rivas para agregar un nuevo artículo transitorio al proyecto.,80,42,25,0,Proyecto de Ley,1,Aprobado,1,Quórum Simple,1,Particular,2,Primer Trámite,,Primer Informe,,1,https://www.camara.cl/legislacion/sala_sesiones/votacion_detalle.aspx?prmIdVotacion=89161
89162,17222-07,2026-06-16,4790,34,Boletín N°17222-07,,146,1,0,0,Proyecto de Ley,1,Aprobado,1,Quórum Calificado,2,General,1,Primer Trámite,,Primer Informe,,1,https://www.camara.cl/legislacion/sala_sesiones/votacion_detalle.aspx?prmIdVotacion=89162
89178,18296-05,2026-06-17,4791,35,Boletín N°18296-05,,94,52,1,0,Proyecto de Ley,1,Aprobado,1,Quórum Calificado,2,General,1,Primer Trámite,,Primer Informe,,1,https://www.camara.cl/legislacion/sala_sesiones/votacion_detalle.aspx?prmIdVotacion=89178
89179,18296-05,2026-06-17,4791,35,Boletín N°18296-05,Indicación renovada para agregar un nuevo artículo 2 al proyecto.,73,73,1,0,Proyecto de Ley,1,Unánime,2,Quórum Simple,1,Particular,2,Primer Trámite,,Primer Informe,,1,https://www.camara.cl/legislacion/sala_sesiones/votacion_detalle.aspx?prmIdVotacion=89179
89180,18296-05,2026-06-17,4791,35,Boletín N°18296-05,Indicación renovada para agregar un nuevo artículo 3 al proyecto.,72,74,1,0,Proyecto de Ley,1,Unánime,2,Quórum Simple,1,Particular,2,Primer Trámite,,Primer Informe,,1,https://www.camara.cl/legislacion/sala_sesiones/votacion_detalle.aspx?prmIdVotacion=89180
89210,10986-24,2026-06-22,4792,36,Boletín N°10986-24,,130,0,0,0,Proyecto de Ley,1,Aprobado,1,Quórum Simple,1,General,1,Primer Trámite,,Primer Informe,,1,https://www.camara.cl/legislacion/sala_sesiones/votacion_detalle.aspx?prmIdVotacion=89210
89241,18257-10,2026-06-24,4794,38,Boletín N°18257-10,"Proyecto de acuerdo que “Aprueba el Acuerdo general sobre los privilegios e inmunidades de la Organización Internacional de Policía Criminal-INTERPOL”, aprobado en Marrakech, Marruecos, el 24 de noviembre de 2025.",138,0,0,0,Proyecto de Ley,1,Aprobado,1,Quórum Simple,1,Única,6,Primer Trámite,,Primer Informe,,1,https://www.camara.cl/legislacion/sala_sesiones/votacion_detalle.aspx?prmIdVotacion=89241
89242,18211-25,2026-06-24,4794,38,Boletín N°18211-25,,100,36,2,0,Proyecto de Ley,1,Aprobado,1,Quórum Simple,1,General,1,Primer Trámite,,Primer Informe,,1,https://www.camara.cl/legislacion/sala_sesiones/votacion_detalle.aspx?prmIdVotacion=89242
89287,16851-14,2026-07-06,4795,39,Boletín N°16851-14,"Artículo único del proyecto, en los términos propuestos por la Comisión de Vivienda, Desarrollo Urbano y Bienes Nacionales, tanto en su primer como en su segundo informe.",132,0,3,0,Proyecto de Ley,1,Aprobado,1,Quórum Simple,1,Particular,2,Primer Trámite,,Segundo Informe,,1,https://www.camara.cl/legislacion/sala_sesiones/votacion_detalle.aspx?prmIdVotacion=89287
89288,16851-14,2026-07-06,4795,39,Boletín N°16851-14,Reclamación de inadmisibilidad de indicación presentada en la Comisión que agrega un inciso nuevo en el literal b) del inciso primero del artículo 1º contenido en el artículo cuarto de la ley N° 21.450.,67,67,1,0,Proyecto de Ley,1,Unánime,2,Quórum Simple,1,Particular,2,Primer Trámite,,Segundo Informe,,1,https://www.camara.cl/legislacion/sala_sesiones/votacion_detalle.aspx?prmIdVotacion=89288
89302,16743-04,2026-07-07,4796,40,Boletín N°16743-04,,104,33,5,1,Proyecto de Ley,1,Aprobado,1,Quórum Simple,1,General,1,Segundo Trámite,,Primer Informe,,1,https://www.camara.cl/legislacion/sala_sesiones/votacion_detalle.aspx?prmIdVotacion=89302
89303,16743-04,2026-07-07,4796,40,Boletín N°16743-04,,103,36,3,1,Proyecto de Ley,1,Aprobado,1,Quórum Calificado,2,General,1,Segundo Trámite,,Primer Informe,,1,https://www.camara.cl/legislacion/sala_sesiones/votacion_detalle.aspx?prmIdVotacion=89303
89304,16743-04,2026-07-07,4796,40,Boletín N°16743-04,"Artículo primero del proyecto, en los términos propuestos por la Comisión de Educación, cuya votación separada ha sido solicitada por la diputada Daniela Serrano, y que consta en las páginas 1 a 58 del comparado, con la salvedad del numeral 6, literal vi, letra a), del número 1 de dicho artículo, cuya votación separada a su vez ha sido solicitada.",105,36,2,1,Proyecto de Ley,1,Aprobado,1,Quórum Simple,1,Particular,2,Segundo Trámite,,Primer Informe,,1,https://www.camara.cl/legislacion/sala_sesiones/votacion_detalle.aspx?prmIdVotacion=89304
89305,16743-04,2026-07-07,4796,40,Boletín N°16743-04,"Indicación renovada, de la diputada Daniela Serrano, que agrega el siguiente texto al inciso primero del numeral 5, literal vi, letra a), número 1 del artículo primero del proyecto:
“Los contratos de arrendamiento celebrados no podrán ocultar relacione de propiedad indirecta cualquiera sea la estructura societaria utilizada o el acto jurídico empleado para dichos efectos. Cualquier infracción a la prohibición de contratar con personas relacionadas será sancionada con la revocación inmediata del derecho a percibir la subvención y la restitución de los fondos percibidos. Corresponderá a la Superintendencia fiscalizar el cumplimiento de esta prohibición conforme a sus atribuciones legales.”",69,74,0,1,Proyecto de Ley,1,Unánime,2,Quórum Simple,1,Particular,2,Segundo Trámite,,Primer Informe,,1,https://www.camara.cl/legislacion/sala_sesiones/votacion_detalle.aspx?prmIdVotacion=89305
89306,16743-04,2026-07-07,4796,40,Boletín N°16743-04,"Numeral 6, literal vi, letra a), número 1 del artículo primero del proyecto, en los términos propuestos por la Comisión de Educación, que coincide con el texto aprobado por el Senado, cuya votación separada ha sido solicitada por el diputado Felipe Ross, y que consta en la página 9 del comparado.",62,81,1,1,Proyecto de Ley,1,Unánime,2,Quórum Simple,1,Particular,2,Segundo Trámite,,Primer Informe,,1,https://www.camara.cl/legislacion/sala_sesiones/votacion_detalle.aspx?prmIdVotacion=89306
89307,16743-04,2026-07-07,4796,40,Boletín N°16743-04,"Indicación renovada, de la diputada Emilia Schneider, que  agrega el siguiente número 4 nuevo al artículo primero del proyecto:
“4. Incorpórase, antes del artículo 9º, un artículo 8º sexies nuevo (o el adjetivo numeral que corresponda según lo aprobado), del siguiente tenor:
“Artículo 8º sexies.- Dentro de las estimaciones de demanda potencial, realizadas por la autoridad pública o por los sostenedores en virtud de lo dispuesto en los artículos anteriores, deberá siempre tenerse en consideración la tasa de natalidad y la migración en las respectivas de limitaciones geográficas, como factores influyentes en los cambios demográficos recientes o esperables, de la población usuaria de los servicios educacionales.”.",59,85,0,1,Proyecto de Ley,1,Unánime,2,Quórum Simple,1,Particular,2,Segundo Trámite,,Primer Informe,,1,https://www.camara.cl/legislacion/sala_sesiones/votacion_detalle.aspx?prmIdVotacion=89307
89308,16743-04,2026-07-07,4796,40,Boletín N°16743-04,"Números 1 y 2 del artículo tercero del proyecto, en los términos propuestos por la Comisión de Educación, cuya votación separada ha sido solicitada por la diputada Daniela Serrano, que requieren para su aprobación del voto favorable de 78 diputadas y diputados por tratarse de una norma de rango orgánico constitucional, y que constan en las páginas 71 a 86 del comparado.",99,40,5,1,Proyecto de Ley,1,Aprobado,1,Quórum Calificado,2,Particular,2,Segundo Trámite,,Primer Informe,,1,https://www.camara.cl/legislacion/sala_sesiones/votacion_detalle.aspx?prmIdVotacion=89308
89309,16743-04,2026-07-07,4796,40,Boletín N°16743-04,"Número 3 del artículo tercero del proyecto, en los términos propuestos por la Comisión de Educación, que coincide con el texto aprobado por el Senado, cuya votación separada ha sido solicitada por la diputada Daniela Serrano, y que consta en la página 88 del comparado.",103,33,8,1,Proyecto de Ley,1,Aprobado,1,Quórum Simple,1,Particular,2,Segundo Trámite,,Primer Informe,,1,https://www.camara.cl/legislacion/sala_sesiones/votacion_detalle.aspx?prmIdVotacion=89309
89310,16743-04,2026-07-07,4796,40,Boletín N°16743-04,"Artículo quinto del proyecto, en los términos propuestos por la Comisión de Educación, cuya votación separada ha sido solicitada por la diputada Daniela Serrano, y que consta en las páginas 91 a 109 del comparado.",91,52,1,1,Proyecto de Ley,1,Aprobado,1,Quórum Simple,1,Particular,2,Segundo Trámite,,Primer Informe,,1,https://www.camara.cl/legislacion/sala_sesiones/votacion_detalle.aspx?prmIdVotacion=89310
89311,16743-04,2026-07-07,4796,40,Boletín N°16743-04,"Nuevo artículo sexto, en los términos propuestos por la Comisión de Hacienda, cuya votación separada ha sido solicitada por la diputada Daniela Serrano, y que consta en las páginas 111 a 123 del comparado.",105,37,2,1,Proyecto de Ley,1,Aprobado,1,Quórum Simple,1,Particular,2,Segundo Trámite,,Primer Informe,,1,https://www.camara.cl/legislacion/sala_sesiones/votacion_detalle.aspx?prmIdVotacion=89311
89312,16743-04,2026-07-07,4796,40,Boletín N°16743-04,"Artículo segundo transitorio del proyecto, en los términos propuestos por la Comisión de Educación, cuya votación separada ha sido solicitada por la diputada Daniela Serrano, y que consta en las páginas 126 y 127 del comparado.",106,36,2,1,Proyecto de Ley,1,Aprobado,1,Quórum Simple,1,Particular,2,Segundo Trámite,,Primer Informe,,1,https://www.camara.cl/legislacion/sala_sesiones/votacion_detalle.aspx?prmIdVotacion=89312
89313,14767-03,2026-07-07,4796,40,Boletín N°14767-03,,95,0,50,0,Proyecto de Ley,1,Aprobado,1,Quórum Simple,1,General,1,Primer Trámite,,Primer Informe,,1,https://www.camara.cl/legislacion/sala_sesiones/votacion_detalle.aspx?prmIdVotacion=89313
89314,14767-03,2026-07-07,4796,40,Boletín N°14767-03,"Indicación de las diputadas Cucumides, Hassler y Schonhaut, para reemplazar los numerales 4) y 5) del artículo único del proyecto, por un solo numeral del siguiente tenor:
“Numeral 4).- Agrégase el siguiente artículo 84 bis:  
“Artículo 84 bis.- Responderá por los perjuicios que causare, el que:
a) Con fines comerciales o ánimo de lucro, eluda una medida tecnológica de protección que controle el acceso a una obra, interpretación o ejecución, fonograma u otro objeto protegido por derechos de autor o derechos conexos.
b) Con fines de comercialización fabrique, importe, distribuya, venda o entregue a cualquier título, promocione o publicite,  dispositivos o productos, o suministre servicios que hayan sido directamente diseñados, o adaptados con el fin de permitir o facilitar la elusión de cualquier medida tecnológica de protección.”",60,84,1,0,Proyecto de Ley,1,Unánime,2,Quórum Simple,1,Particular,2,Primer Trámite,,Primer Informe,,1,https://www.camara.cl/legislacion/sala_sesiones/votacion_detalle.aspx?prmIdVotacion=89314
89315,14767-03,2026-07-07,4796,40,Boletín N°14767-03,"Numerales 4) y 5) del artículo único del proyecto, en los términos propuestos por la Comisión de Economía, y que constan en las páginas 13 a 18 del comparado.",97,3,45,0,Proyecto de Ley,1,Aprobado,1,Quórum Simple,1,Particular,2,Primer Trámite,,Primer Informe,,1,https://www.camara.cl/legislacion/sala_sesiones/votacion_detalle.aspx?prmIdVotacion=89315
89316,14767-03,2026-07-07,4796,40,Boletín N°14767-03,"Indicación de las diputadas Cucumides, Hassler y Schonhaut, para agregar un nuevo numeral al artículo único del proyecto, del siguiente tenor: 
“Numeral x) Para incorporar un nuevo artículo 71 bis:
“Artículo 71 bis.- En ningún caso las medidas tecnológicas de protección podrán impedir el ejercicio del autor ni el acceso a la obra para los fines amparados por los derechos morales del Capítulo IV del Título I de la presente ley. El titular de la medida deberá proporcionar, a solicitud fundada del interesado, mecanismos alternativos que permitan dicho acceso sin elusión de la medida.”.”",57,85,3,0,Proyecto de Ley,1,Unánime,2,Quórum Simple,1,Particular,2,Primer Trámite,,Primer Informe,,1,https://www.camara.cl/legislacion/sala_sesiones/votacion_detalle.aspx?prmIdVotacion=89316
89317,14767-03,2026-07-07,4796,40,Boletín N°14767-03,"Indicación de las diputadas Cucumides, Hassler y Schonhaut, para agregar una nueva disposición transitoria, del siguiente tenor: 
“Disposición Transitoria.- El Ministerio del Interior, en ejercicio de las facultades establecidas en el literal b) y c) del artículo 3 de la Ley 20.502 deberá, dentro de los seis meses siguientes a la publicación de esta ley, definir la instancia intersectorial encargada de recomendar cada tres años a la Comisión de Economía de la Cámara de Diputadas y Diputados qué categorías adicionales de obras, dispositivos o sistemas deben
exceptuarse de las responsabilidades establecidas en esta ley. Deberá fundar su recomendación atendiendo el carácter estratégico para la seguridad nacional, la prestación de servicios esenciales, el desarrollo tecnológico, el interés público o en la constatación de que las medidas tecnológicas de protección aplicadas sobre esos sistemas, afectan de manera significativa el ejercicio de usos no infractores o impiden la auditoría, interoperabilidad o mantenimiento necesarios para su correcto funcionamiento.”.",60,85,0,0,Proyecto de Ley,1,Unánime,2,Quórum Simple,1,Particular,2,Primer Trámite,,Primer Informe,,1,https://www.camara.cl/legislacion/sala_sesiones/votacion_detalle.aspx?prmIdVotacion=89317
89344,18384-08,2026-07-08,4797,41,Boletín N°18384-08,,89,34,9,0,Proyecto de Ley,1,Aprobado,1,Quórum Simple,1,General,1,Primer Trámite,,Primer Informe,,1,https://www.camara.cl/legislacion/sala_sesiones/votacion_detalle.aspx?prmIdVotacion=89344
89345,18384-08,2026-07-08,4797,41,Boletín N°18384-08,"Numeral 4 del artículo 1° del proyecto, cuya votación separada ha sido solicitada por la diputada Marisela Santibáñez, y que consta en las páginas 22 a 25 del comparado.",78,34,20,0,Proyecto de Ley,1,Aprobado,1,Quórum Simple,1,Particular,2,Primer Trámite,,Primer Informe,,1,https://www.camara.cl/legislacion/sala_sesiones/votacion_detalle.aspx?prmIdVotacion=89345
89346,18384-08,2026-07-08,4797,41,Boletín N°18384-08,"Numeral 5 del artículo 1° del proyecto, cuya votación separada ha sido solicitada por la diputada Marisela Santibáñez, y que consta en las páginas 25 a 26 del comparado.",76,39,17,0,Proyecto de Ley,1,Aprobado,1,Quórum Simple,1,Particular,2,Primer Trámite,,Primer Informe,,1,https://www.camara.cl/legislacion/sala_sesiones/votacion_detalle.aspx?prmIdVotacion=89346
89347,18384-08,2026-07-08,4797,41,Boletín N°18384-08,"Numeral 7 del artículo 1° del proyecto, cuya votación separada ha sido solicitada por la diputada Marisela Santibáñez, y que consta en las páginas 34 a 39 del comparado.",78,40,14,0,Proyecto de Ley,1,Aprobado,1,Quórum Simple,1,Particular,2,Primer Trámite,,Primer Informe,,1,https://www.camara.cl/legislacion/sala_sesiones/votacion_detalle.aspx?prmIdVotacion=89347
89348,18384-08,2026-07-08,4797,41,Boletín N°18384-08,"Reconsideración de la declaración de inadmisibilidad de la indicación de las diputadas Cáceres y Santibáñez y de los diputados Rivas y Salinas, para agregar una expresión final en el artículo 5 propuesto en el numeral 2 del artículo 2° del proyecto. 

(Quienes votan a favor lo hacen por la admisibilidad; quienes votan en contra por su inadmisibilidad)",67,64,1,0,Proyecto de Ley,1,Aprobado,1,Quórum Simple,1,Particular,2,Primer Trámite,,Primer Informe,,1,https://www.camara.cl/legislacion/sala_sesiones/votacion_detalle.aspx?prmIdVotacion=89348
89349,18384-08,2026-07-08,4797,41,Boletín N°18384-08,"En votación particular el numeral 2) del artículo 2° del proyecto con la indicación renovada de las diputadas Cáceres y Santibáñez y de los diputados Rivas y Salinas, para agregar una expresión final en el artículo 5 propuesto.",66,65,1,0,Proyecto de Ley,1,Unánime,2,Quórum Simple,1,Particular,2,Primer Trámite,,Primer Informe,,1,https://www.camara.cl/legislacion/sala_sesiones/votacion_detalle.aspx?prmIdVotacion=89349
89350,18384-08,2026-07-08,4797,41,Boletín N°18384-08,"Numeral 2) del artículo 2° del proyecto, en los términos propuestos por la Comisión de Minería y Energía, y que consta en las páginas 42 a 44 del comparado.",130,1,1,0,Proyecto de Ley,1,Aprobado,1,Quórum Simple,1,Particular,2,Primer Trámite,,Primer Informe,,1,https://www.camara.cl/legislacion/sala_sesiones/votacion_detalle.aspx?prmIdVotacion=89350
89351,18384-08,2026-07-08,4797,41,Boletín N°18384-08,"Reclamación de la declaración de inadmisibilidad de la indicación de las diputadas Valentina Cáceres y Marisela Santibáñez y de los diputados José Antonio Rivas y Bernardo Salinas, para agregar, en el numeral 2) del artículo 2° del proyecto, un inciso nuevo final en el artículo 5 propuesto. 

(Quienes votan a favor lo hacen por la admisibilidad; quienes votan en contra por su inadmisibilidad)",66,61,5,0,Proyecto de Ley,1,Unánime,2,Quórum Simple,1,Particular,2,Primer Trámite,,Primer Informe,,1,https://www.camara.cl/legislacion/sala_sesiones/votacion_detalle.aspx?prmIdVotacion=89351
89352,18384-08,2026-07-08,4797,41,Boletín N°18384-08,"Numeral 5 del artículo 2° del proyecto, cuya votación separada ha sido solicitada por las diputadas Valentina Cáceres y Marisela Santibáñez y por el diputado Jorge Brito, y que consta en las páginas 49 a 55 del comparado.",83,45,4,0,Proyecto de Ley,1,Aprobado,1,Quórum Simple,1,Particular,2,Primer Trámite,,Primer Informe,,1,https://www.camara.cl/legislacion/sala_sesiones/votacion_detalle.aspx?prmIdVotacion=89352
89353,18384-08,2026-07-08,4797,41,Boletín N°18384-08,"Numeral 6 del artículo 2° del proyecto, cuya votación separada ha sido solicitada por la diputada Marisela Santibáñez y por el diputado Jorge Brito, y que consta en las páginas 55 a 57 del comparado.",72,58,2,0,Proyecto de Ley,1,Aprobado,1,Quórum Simple,1,Particular,2,Primer Trámite,,Primer Informe,,1,https://www.camara.cl/legislacion/sala_sesiones/votacion_detalle.aspx?prmIdVotacion=89353
89354,18384-08,2026-07-08,4797,41,Boletín N°18384-08,"Numeral 8 del artículo 2° del proyecto, cuya votación separada ha sido solicitada por la diputada Marisela Santibáñez y por el diputado Jorge Brito, y que consta en las páginas 58 a 60 del comparado.",73,59,0,0,Proyecto de Ley,1,Aprobado,1,Quórum Simple,1,Particular,2,Primer Trámite,,Primer Informe,,1,https://www.camara.cl/legislacion/sala_sesiones/votacion_detalle.aspx?prmIdVotacion=89354
89355,18384-08,2026-07-08,4797,41,Boletín N°18384-08,"Reclamación de la declaración de inadmisibilidad de la indicación de las diputadas Valentina Cáceres y Marisela Santibáñez y de los diputados José Antonio Rivas y Bernardo Salinas, para modificar en el numeral 1) del artículo 3, la expresión “, 2026 y 2027” por la siguiente: “, 2026, 2027 y 2028”.  

(Quienes votan a favor lo hacen por la admisibilidad; quienes votan en contra por su inadmisibilidad)",56,76,0,0,Proyecto de Ley,1,Unánime,2,Quórum Simple,1,Particular,2,Primer Trámite,,Primer Informe,,1,https://www.camara.cl/legislacion/sala_sesiones/votacion_detalle.aspx?prmIdVotacion=89355
89356,18384-08,2026-07-08,4797,41,Boletín N°18384-08,"Encabezado del artículo 3° y su numeral 1, en los términos propuestos por la Comisión de Minería y Energía, cuya votación separada ha sido solicitada por las diputadas Valentina Cáceres e Irací Hassler, y que consta en las páginas 60 a 62 del comparado.",130,1,1,0,Proyecto de Ley,1,Aprobado,1,Quórum Simple,1,Particular,2,Primer Trámite,,Primer Informe,,1,https://www.camara.cl/legislacion/sala_sesiones/votacion_detalle.aspx?prmIdVotacion=89356
89357,18384-08,2026-07-08,4797,41,Boletín N°18384-08,"Numeral 3 del artículo 3° del proyecto, cuya votación separada ha sido solicitada por la diputada Irací Hassler y por el diputado Benjamín Moreno, y que consta en la página 64 del comparado.",86,40,6,0,Proyecto de Ley,1,Aprobado,1,Quórum Simple,1,Particular,2,Primer Trámite,,Primer Informe,,1,https://www.camara.cl/legislacion/sala_sesiones/votacion_detalle.aspx?prmIdVotacion=89357
89358,18384-08,2026-07-08,4797,41,Boletín N°18384-08,Indicación del Ejecutivo que agrega un nuevo numeral 8 al artículo 1° del proyecto.,131,1,0,0,Proyecto de Ley,1,Aprobado,1,Quórum Simple,1,Particular,2,Primer Trámite,,Primer Informe,,1,https://www.camara.cl/legislacion/sala_sesiones/votacion_detalle.aspx?prmIdVotacion=89358
89381,18399-06,2026-07-13,4798,42,Boletín N°18399-06,,97,0,33,0,Proyecto de Ley,1,Aprobado,1,Quórum Simple,1,General,1,Primer Trámite,,Primer Informe,,1,https://www.camara.cl/legislacion/sala_sesiones/votacion_detalle.aspx?prmIdVotacion=89381
89382,18399-06,2026-07-13,4798,42,Boletín N°18399-06,"Artículo único del proyecto, con la indicación del diputado Jorge Alessandri, para reemplazar la expresión “de los años 2026 y 2027, por el 10 de agosto de los años 2026 y 2027, respectivamente” por “del año 2026, por el 10 de agosto del año 2026”.",12,80,42,0,Proyecto de Ley,1,Unánime,2,Quórum Simple,1,Particular,2,Primer Trámite,,Primer Informe,,1,https://www.camara.cl/legislacion/sala_sesiones/votacion_detalle.aspx?prmIdVotacion=89382
89383,18399-06,2026-07-13,4798,42,Boletín N°18399-06,"Artículo único del proyecto, en los términos propuestos por la Comisión de Gobierno Interior, Nacionalidad, Ciudadanía y Regionalización.",103,0,34,0,Proyecto de Ley,1,Aprobado,1,Quórum Simple,1,Particular,2,Primer Trámite,,Primer Informe,,1,https://www.camara.cl/legislacion/sala_sesiones/votacion_detalle.aspx?prmIdVotacion=89383
89384,16836-06,2026-07-13,4798,42,Boletín N°16836-06,"Modificaciones incorporadas por el Senado en el proyecto de ley, originado en mensaje, que “Modifica la ley N° 21.325 para perfeccionar el procedimiento de expulsión administrativa.”, con la salvedad de la enmienda que requiere quorum especial de aprobación y de aquellas cuya votación separada ha sido solicitada.",125,0,13,0,Proyecto de Ley,1,Aprobado,1,Quórum Simple,1,Única,6,Tercer Trámite,,Sin Informe,,1,https://www.camara.cl/legislacion/sala_sesiones/votacion_detalle.aspx?prmIdVotacion=89384
89385,16836-06,2026-07-13,4798,42,Boletín N°16836-06,"Enmienda del Senado que incorpora un nuevo número 1 al artículo 1 del proyecto de ley, cuya votación separada ha sido solicitada por la diputada Lorena Fries y el diputado Raúl Leiva, y que consta en la página 2 del comparado.",99,39,1,0,Proyecto de Ley,1,Aprobado,1,Quórum Simple,1,Única,6,Tercer Trámite,,Sin Informe,,1,https://www.camara.cl/legislacion/sala_sesiones/votacion_detalle.aspx?prmIdVotacion=89385
89386,16836-06,2026-07-13,4798,42,Boletín N°16836-06,"Enmienda del Senado que incorpora un nuevo número 2 al artículo 1 del proyecto de ley, cuya votación separada ha sido solicitada por la diputada Lorena Fries y el diputado Raúl Leiva, y que consta en la página 5 del comparado.",99,37,2,0,Proyecto de Ley,1,Aprobado,1,Quórum Simple,1,Única,6,Tercer Trámite,,Sin Informe,,1,https://www.camara.cl/legislacion/sala_sesiones/votacion_detalle.aspx?prmIdVotacion=89386
89387,16836-06,2026-07-13,4798,42,Boletín N°16836-06,"Enmienda del Senado que incorpora un nuevo número 3 al artículo 1 del proyecto de ley, cuya votación separada ha sido solicitada por la diputada Lorena Fries, y que consta en las páginas 6 a 8 del comparado.",98,39,1,0,Proyecto de Ley,1,Aprobado,1,Quórum Simple,1,Única,6,Tercer Trámite,,Sin Informe,,1,https://www.camara.cl/legislacion/sala_sesiones/votacion_detalle.aspx?prmIdVotacion=89387
89388,16836-06,2026-07-13,4798,42,Boletín N°16836-06,"Enmienda del Senado que reemplaza la letra b), del número 3, del artículo 1 del texto aprobado por la Cámara, que ha pasado a ser la letra c), del número 6, del artículo 1 del proyecto de ley; cuya votación separada ha sido solicitada por el diputado Raúl Leiva; que requiere para su aprobación del voto favorable de 78 diputadas y diputados, por tratarse de una norma de rango orgánico constitucional; y que consta en las páginas 14 y 17 del comparado.",138,1,0,0,Proyecto de Ley,1,Aprobado,1,Quórum Calificado,2,Única,6,Tercer Trámite,,Sin Informe,,1,https://www.camara.cl/legislacion/sala_sesiones/votacion_detalle.aspx?prmIdVotacion=89388
89389,16836-06,2026-07-13,4798,42,Boletín N°16836-06,"Enmienda del Senado que elimina la letra a), del número 6, que ha pasado a ser 8, del artículo 1 del proyecto de ley, cuya votación separada ha sido solicitada por el diputado Benjamín Moreno; y que consta en la página 26 del comparado.",51,69,19,0,Proyecto de Ley,1,Unánime,2,Quórum Simple,1,Única,6,Tercer Trámite,,Sin Informe,,1,https://www.camara.cl/legislacion/sala_sesiones/votacion_detalle.aspx?prmIdVotacion=89389
89390,16836-06,2026-07-13,4798,42,Boletín N°16836-06,"Enmienda del Senado que reemplaza el número 7, que ha pasado a ser 9, del artículo 1 del proyecto de ley, cuya votación separada ha sido solicitada por las diputadas Lorena Fries, Daniela Serrano y Ana María Gazmuri y los diputados Bernardo Salinas, Marco Barraza y Raúl Leiva; y que consta en las páginas 28 a 31 del comparado.",90,49,0,0,Proyecto de Ley,1,Aprobado,1,Quórum Simple,1,Única,6,Tercer Trámite,,Sin Informe,,1,https://www.camara.cl/legislacion/sala_sesiones/votacion_detalle.aspx?prmIdVotacion=89390
89391,16836-06,2026-07-13,4798,42,Boletín N°16836-06,"Enmienda del Senado que incorpora un nuevo número 10 al artículo 1 del proyecto de ley, cuya votación separada ha sido solicitada por la diputada Lorena Fries; y que consta en las páginas 31 a 33 del comparado.",100,37,2,0,Proyecto de Ley,1,Aprobado,1,Quórum Simple,1,Única,6,Tercer Trámite,,Sin Informe,,1,https://www.camara.cl/legislacion/sala_sesiones/votacion_detalle.aspx?prmIdVotacion=89391
89407,17012-14,2026-07-14,4799,43,Boletín N°17012-14,,139,0,0,0,Proyecto de Ley,1,Aprobado,1,Quórum Simple,1,General,1,Segundo Trámite,,Primer Informe,,1,https://www.camara.cl/legislacion/sala_sesiones/votacion_detalle.aspx?prmIdVotacion=89407
89408,17012-14,2026-07-14,4799,43,Boletín N°17012-14,"Número 1 del artículo único del proyecto, en los términos propuestos por la Comisión de Vivienda, cuya votación separada ha sido solicitada por la diputada Ana María Gazmuri, y que consta en las páginas 1 a 7 del comparado.",139,0,0,0,Proyecto de Ley,1,Aprobado,1,Quórum Simple,1,Particular,2,Segundo Trámite,,Primer Informe,,1,https://www.camara.cl/legislacion/sala_sesiones/votacion_detalle.aspx?prmIdVotacion=89408
89409,17012-14,2026-07-14,4799,43,Boletín N°17012-14,"Número 2 del artículo único del proyecto, en los términos sugeridos por la Comisión de Vivienda, cuya votación separada ha sido solicitada por la diputada Ana María Gazmuri y por el diputado José Antonio Rivas, y que consta en las páginas 8 a 10 del comparado, con la salvedad del inciso final del artículo 43 bis propuesto, cuya votación separada a su vez ha sido solicitada.",85,50,4,0,Proyecto de Ley,1,Aprobado,1,Quórum Simple,1,Particular,2,Segundo Trámite,,Primer Informe,,1,https://www.camara.cl/legislacion/sala_sesiones/votacion_detalle.aspx?prmIdVotacion=89409
89410,17012-14,2026-07-14,4799,43,Boletín N°17012-14,"Inciso final del artículo 43 bis contenido en el número 2 del artículo único del proyecto, en los términos propuestos por la Comisión de Vivienda, que coincide con el texto aprobado por el Senado, cuya votación separada ha sido solicitada por el diputado Álvaro Jofré, y que consta en la página 10 del comparado.",89,47,3,0,Proyecto de Ley,1,Aprobado,1,Quórum Simple,1,Particular,2,Segundo Trámite,,Primer Informe,,1,https://www.camara.cl/legislacion/sala_sesiones/votacion_detalle.aspx?prmIdVotacion=89410
89411,17012-14,2026-07-14,4799,43,Boletín N°17012-14,"Artículo transitorio del proyecto, propuesto por la Comisión de Vivienda, y que consta en la página 11 del comparado.",128,11,0,0,Proyecto de Ley,1,Aprobado,1,Quórum Simple,1,Particular,2,Segundo Trámite,,Primer Informe,,1,https://www.camara.cl/legislacion/sala_sesiones/votacion_detalle.aspx?prmIdVotacion=89411
89420,18401-31,2026-07-15,4800,44,Boletín N°18401-31,,121,0,0,0,Proyecto de Ley,1,Aprobado,1,Quórum Simple,1,General,1,Primer Trámite,,Primer Informe,,1,https://www.camara.cl/legislacion/sala_sesiones/votacion_detalle.aspx?prmIdVotacion=89420
89421,18401-31,2026-07-15,4800,44,Boletín N°18401-31,"Artículo 2, con el inciso tercero propuesto por la Comisión de Hacienda, y que consta en las páginas 1 y 2 del comparado.",57,55,11,0,Proyecto de Ley,1,Unánime,2,Quórum Simple,1,Particular,2,Primer Trámite,,Primer Informe,,1,https://www.camara.cl/legislacion/sala_sesiones/votacion_detalle.aspx?prmIdVotacion=89421
89422,18401-31,2026-07-15,4800,44,Boletín N°18401-31,"Artículo 2, en los términos propuestos por la Comisión de Desarrollo Social, Superación de la Pobreza y Planificación, y que consta en la página 1 del comparado.",120,2,0,0,Proyecto de Ley,1,Aprobado,1,Quórum Simple,1,Particular,2,Primer Trámite,,Primer Informe,,1,https://www.camara.cl/legislacion/sala_sesiones/votacion_detalle.aspx?prmIdVotacion=89422
89423,18401-31,2026-07-15,4800,44,Boletín N°18401-31,"Artículo 9, en los términos propuestos por la Comisión de Hacienda, y que consta en las páginas 6 y 7 del comparado.",105,1,17,0,Proyecto de Ley,1,Aprobado,1,Quórum Simple,1,Particular,2,Primer Trámite,,Primer Informe,,1,https://www.camara.cl/legislacion/sala_sesiones/votacion_detalle.aspx?prmIdVotacion=89423
89470,18216-05,2026-07-21,4802,46,Boletín N°18216-05,"Modificaciones incorporadas por el Senado en el proyecto de ley, originado en mensaje, “Para la reconstrucción nacional y el desarrollo económico y social.”, con la salvedad de las enmiendas que requieren quorum especial de aprobación y de aquellas cuya votación separada ha sido solicitada.",85,59,0,0,Proyecto de Ley,1,Aprobado,1,Quórum Simple,1,Única,6,Tercer Trámite,,Sin Informe,,1,https://www.camara.cl/legislacion/sala_sesiones/votacion_detalle.aspx?prmIdVotacion=89470
89471,18216-05,2026-07-21,4802,46,Boletín N°18216-05,"Enmiendas del Senado al artículo 1 del proyecto, cuya votación separada ha sido solicitada por el diputado Juan Valenzuela, y que constan en las páginas 2 a 5 del comparado.",133,11,0,0,Proyecto de Ley,1,Aprobado,1,Quórum Simple,1,Única,6,Tercer Trámite,,Sin Informe,,1,https://www.camara.cl/legislacion/sala_sesiones/votacion_detalle.aspx?prmIdVotacion=89471
89472,18216-05,2026-07-21,4802,46,Boletín N°18216-05,"Enmienda del Senado que reemplaza el artículo 5 del proyecto, cuya votación separada ha sido solicitada por las diputadas Serrano, Yeomans, Schneider, Gazmuri y Tello y de los diputados Leiva, Venegas, Malla, Soto, Díaz, Barría y Barraza; y que consta en las páginas 17 a 24 del comparado.",100,44,0,0,Proyecto de Ley,1,Aprobado,1,Quórum Simple,1,Única,6,Tercer Trámite,,Sin Informe,,1,https://www.camara.cl/legislacion/sala_sesiones/votacion_detalle.aspx?prmIdVotacion=89472
89473,18216-05,2026-07-21,4802,46,Boletín N°18216-05,"Enmiendas del Senado al artículo 6 del proyecto, cuya votación separada ha sido solicitada por las diputadas Serrano, Yeomans, Schneider, Gazmuri y Tello y de los diputados Leiva, Venegas, Malla, Soto, Díaz, Barría y Barraza; y que constan en las páginas 26 a 39 del comparado.",87,57,1,0,Proyecto de Ley,1,Aprobado,1,Quórum Simple,1,Única,6,Tercer Trámite,,Sin Informe,,1,https://www.camara.cl/legislacion/sala_sesiones/votacion_detalle.aspx?prmIdVotacion=89473
89474,18216-05,2026-07-21,4802,46,Boletín N°18216-05,"Enmienda del Senado que reemplaza el artículo 10 del proyecto, cuya votación separada ha sido solicitada por la diputada Gael Yeomans y el diputado Daniel Manouchehri, y que consta en las páginas 265 a 290 del comparado.",98,46,0,0,Proyecto de Ley,1,Aprobado,1,Quórum Simple,1,Única,6,Tercer Trámite,,Sin Informe,,1,https://www.camara.cl/legislacion/sala_sesiones/votacion_detalle.aspx?prmIdVotacion=89474
89475,18216-05,2026-07-21,4802,46,Boletín N°18216-05,"Enmiendas del Senado al artículo 11 del proyecto, cuya votación separada ha sido solicitada por la diputada Yeomans y los diputados Leiva, Soto, Díaz y Pinilla; y que constan en las páginas 295 a 306 del comparado.",84,61,0,0,Proyecto de Ley,1,Aprobado,1,Quórum Simple,1,Única,6,Tercer Trámite,,Sin Informe,,1,https://www.camara.cl/legislacion/sala_sesiones/votacion_detalle.aspx?prmIdVotacion=89475
89476,18216-05,2026-07-21,4802,46,Boletín N°18216-05,"Enmienda del Senado que reemplaza el artículo 12 del proyecto, cuya votación separada ha sido solicitada por la diputada Yeomans y los diputados Leiva, Soto, Díaz, Manouchehri y Pinilla; y que consta en las páginas 316 a 319 del comparado.",84,61,0,0,Proyecto de Ley,1,Aprobado,1,Quórum Simple,1,Única,6,Tercer Trámite,,Sin Informe,,1,https://www.camara.cl/legislacion/sala_sesiones/votacion_detalle.aspx?prmIdVotacion=89476
89477,18216-05,2026-07-21,4802,46,Boletín N°18216-05,"Enmienda del Senado que reemplaza el artículo 13 del proyecto, cuya votación separada ha sido solicitada por la diputada Yeomans y los diputados Leiva, Soto, Díaz, Manouchehri y Pinilla; y que consta en las páginas 320 a 322 del comparado. Cabe hacer presente, que el inciso cuarto de este artículo requiere para su aprobación del voto favorable de 78 diputadas y diputados, por tratarse de una norma de rango orgánico constitucional.",81,64,0,0,Proyecto de Ley,1,Aprobado,1,Quórum Simple,1,Única,6,Tercer Trámite,,Sin Informe,,1,https://www.camara.cl/legislacion/sala_sesiones/votacion_detalle.aspx?prmIdVotacion=89477
89478,18216-05,2026-07-21,4802,46,Boletín N°18216-05,"Enmienda del Senado que reemplaza el artículo 14 del proyecto, cuya votación separada ha sido solicitada por el diputado Daniel Manouchehri; que consta en las páginas 323 324 del comparado; y que requiere para su aprobación del voto favorable de 78 diputadas y diputados, por tratarse de una norma de rango orgánico constitucional.",81,63,0,0,Proyecto de Ley,1,Aprobado,1,Quórum Calificado,2,Única,6,Tercer Trámite,,Sin Informe,,1,https://www.camara.cl/legislacion/sala_sesiones/votacion_detalle.aspx?prmIdVotacion=89478
89479,18216-05,2026-07-21,4802,46,Boletín N°18216-05,"Enmienda del Senado que reemplaza el artículo 15 del proyecto, cuya votación separada ha sido solicitada por el diputado Daniel Manouchehri, y que consta en la página 324 del comparado.",81,64,0,0,Proyecto de Ley,1,Aprobado,1,Quórum Simple,1,Única,6,Tercer Trámite,,Sin Informe,,1,https://www.camara.cl/legislacion/sala_sesiones/votacion_detalle.aspx?prmIdVotacion=89479
89480,18216-05,2026-07-21,4802,46,Boletín N°18216-05,"Enmienda del Senado que reemplaza el artículo 16 del proyecto, cuya votación separada ha sido solicitada por el diputado Daniel Manouchehri, y que consta en las páginas 325 y 326 del comparado. Cabe hacer presente, que los incisos tercero y final de este artículo requieren para su aprobación del voto favorable de 78 diputadas y diputados, por tratarse de normas de rango orgánico constitucional.",83,62,0,0,Proyecto de Ley,1,Aprobado,1,Quórum Simple,1,Única,6,Tercer Trámite,,Sin Informe,,1,https://www.camara.cl/legislacion/sala_sesiones/votacion_detalle.aspx?prmIdVotacion=89480
89481,18216-05,2026-07-21,4802,46,Boletín N°18216-05,"Enmiendas del Senado al artículo 17 del proyecto, cuya votación separada ha sido solicitada por las diputadas Serrano, Yeomans, Schneider, Gazmuri y Tello y de los diputados Leiva, Venegas, Malla, Soto, Díaz, Barría y Barraza; que constan en las páginas 328 y 339 del comparado; y que requieren para su aprobación del voto favorable de 78 diputadas y diputados, por tratarse de normas de rango orgánico constitucional.",83,62,0,0,Proyecto de Ley,1,Aprobado,1,Quórum Calificado,2,Única,6,Tercer Trámite,,Sin Informe,,1,https://www.camara.cl/legislacion/sala_sesiones/votacion_detalle.aspx?prmIdVotacion=89481
89482,18216-05,2026-07-21,4802,46,Boletín N°18216-05,"Enmienda del Senado que reemplaza el número 2 del artículo 21 del proyecto, cuya votación separada ha sido solicitada por el diputado Daniel Manouchehri, y que consta en las páginas 361 y 362 del comparado.",98,47,0,0,Proyecto de Ley,1,Aprobado,1,Quórum Simple,1,Única,6,Tercer Trámite,,Sin Informe,,1,https://www.camara.cl/legislacion/sala_sesiones/votacion_detalle.aspx?prmIdVotacion=89482
89483,18216-05,2026-07-21,4802,46,Boletín N°18216-05,"Nuevo inciso tercero que se incorpora al artículo 120, propuesto por el Senado en el nuevo número 3 del artículo 21 del proyecto; que consta en las páginas 363 y 364 del comparado; y que requiere para su aprobación del voto favorable de 78 diputadas y diputados, por tratarse de una norma de rango orgánico constitucional.",95,50,0,0,Proyecto de Ley,1,Aprobado,1,Quórum Calificado,2,Única,6,Tercer Trámite,,Sin Informe,,1,https://www.camara.cl/legislacion/sala_sesiones/votacion_detalle.aspx?prmIdVotacion=89483
89484,18216-05,2026-07-21,4802,46,Boletín N°18216-05,"Enmienda del Senado que reemplaza el artículo 29 del proyecto, cuya votación separada ha sido solicitada por las diputadas Serrano, Yeomans, Schneider, Gazmuri y Tello, y de los diputados Leiva, Venegas, Malla, Soto, Díaz, Barría, Barraza y Manouchehri, y que consta en las páginas 380 a 412 del comparado.",84,61,0,0,Proyecto de Ley,1,Aprobado,1,Quórum Simple,1,Única,6,Tercer Trámite,,Sin Informe,,1,https://www.camara.cl/legislacion/sala_sesiones/votacion_detalle.aspx?prmIdVotacion=89484
89485,18216-05,2026-07-21,4802,46,Boletín N°18216-05,"Enmienda del Senado que suprime el artículo 31 del proyecto, cuya votación separada ha sido solicitada por la diputada Gael Yeomans y los diputados Daniel Manouchehri y Juan Valenzuela, y que consta en las páginas 415 a 470 del comparado.",75,70,0,0,Proyecto de Ley,1,Aprobado,1,Quórum Simple,1,Única,6,Tercer Trámite,,Sin Informe,,1,https://www.camara.cl/legislacion/sala_sesiones/votacion_detalle.aspx?prmIdVotacion=89485
89486,18216-05,2026-07-21,4802,46,Boletín N°18216-05,"Enmienda del Senado que agrega el artículo 33, nuevo, cuya votación separada ha sido solicitada por la diputada Gael Yeomans y el diputado Juan Valenzuela, y que consta en las páginas 475 a 486 del comparado.",75,70,0,0,Proyecto de Ley,1,Aprobado,1,Quórum Simple,1,Única,6,Tercer Trámite,,Sin Informe,,1,https://www.camara.cl/legislacion/sala_sesiones/votacion_detalle.aspx?prmIdVotacion=89486
89487,18216-05,2026-07-21,4802,46,Boletín N°18216-05,"Enmienda del Senado que agrega el artículo 34, nuevo, cuya votación separada ha sido solicitada por el diputado Daniel Manouchehri, y que consta en la página 490 del comparado.",96,48,0,0,Proyecto de Ley,1,Aprobado,1,Quórum Simple,1,Única,6,Tercer Trámite,,Sin Informe,,1,https://www.camara.cl/legislacion/sala_sesiones/votacion_detalle.aspx?prmIdVotacion=89487
89488,18216-05,2026-07-21,4802,46,Boletín N°18216-05,"Enmienda del Senado que agrega el artículo 35, nuevo, cuya votación separada ha sido solicitada por los diputados Daniel Manouchehri y Juan Valenzuela; que consta en las páginas 492 a 507 del comparado; y que requiere para su aprobación del voto favorable de 78 diputadas y diputados, por tratarse de una norma de rango orgánico constitucional.",76,69,0,0,Proyecto de Ley,1,Unánime,2,Quórum Calificado,2,Única,6,Tercer Trámite,,Sin Informe,,1,https://www.camara.cl/legislacion/sala_sesiones/votacion_detalle.aspx?prmIdVotacion=89488
89489,18216-05,2026-07-21,4802,46,Boletín N°18216-05,"Número 1 del artículo 36, nuevo, propuesto por el Senado; que consta en las páginas 508 a 514 del comparado y que requiere para su aprobación del voto favorable de 78 diputadas y diputados, por tratarse de una norma de rango orgánico constitucional.",85,60,0,0,Proyecto de Ley,1,Aprobado,1,Quórum Calificado,2,Única,6,Tercer Trámite,,Sin Informe,,1,https://www.camara.cl/legislacion/sala_sesiones/votacion_detalle.aspx?prmIdVotacion=89489
89490,18216-05,2026-07-21,4802,46,Boletín N°18216-05,"Enmienda del Senado que agrega el artículo 37, nuevo, cuya votación separada ha sido solicitada por el diputado Daniel Manouchehri; que consta en las páginas 520 y 521 del comparado; y que requiere para su aprobación del voto favorable de 78 diputadas y diputados, por tratarse de una norma de quórum calificado.",87,58,0,0,Proyecto de Ley,1,Aprobado,1,Quórum Calificado,2,Única,6,Tercer Trámite,,Sin Informe,,1,https://www.camara.cl/legislacion/sala_sesiones/votacion_detalle.aspx?prmIdVotacion=89490
89491,18216-05,2026-07-21,4802,46,Boletín N°18216-05,"Enmienda del Senado que reemplaza el artículo primero transitorio, cuya votación separada ha sido solicitada por el diputado Daniel Manouchehri, y que consta en las páginas 531 a 539 del comparado.",84,61,0,0,Proyecto de Ley,1,Aprobado,1,Quórum Simple,1,Única,6,Tercer Trámite,,Sin Informe,,1,https://www.camara.cl/legislacion/sala_sesiones/votacion_detalle.aspx?prmIdVotacion=89491
89492,18216-05,2026-07-21,4802,46,Boletín N°18216-05,"Enmienda del Senado que reemplaza el artículo tercero transitorio, cuya votación separada ha sido solicitada por el diputado Daniel Manouchehri y que consta en las páginas 542 a 583 del comparado. Cabe hacer presente, que el párrafo primero del número 13 de este artículo requiere para su aprobación del voto favorable de 78 diputadas y diputados, por tratarse de una norma de quórum calificado.",85,60,0,0,Proyecto de Ley,1,Aprobado,1,Quórum Simple,1,Única,6,Tercer Trámite,,Sin Informe,,1,https://www.camara.cl/legislacion/sala_sesiones/votacion_detalle.aspx?prmIdVotacion=89492
89493,18216-05,2026-07-21,4802,46,Boletín N°18216-05,"Enmienda del Senado que reemplaza el artículo undécimo transitorio, cuya votación separada ha sido solicitada por el diputado Daniel Manouchehri, y que consta en las páginas 602 a 607 del comparado.",94,51,0,0,Proyecto de Ley,1,Aprobado,1,Quórum Simple,1,Única,6,Tercer Trámite,,Sin Informe,,1,https://www.camara.cl/legislacion/sala_sesiones/votacion_detalle.aspx?prmIdVotacion=89493
89494,18216-05,2026-07-21,4802,46,Boletín N°18216-05,"Enmienda del Senado que reemplaza el artículo décimo cuarto transitorio, cuya votación separada ha sido solicitada por el diputado Daniel Manouchehri, y que consta en la página 616 del comparado.",82,63,0,0,Proyecto de Ley,1,Aprobado,1,Quórum Simple,1,Única,6,Tercer Trámite,,Sin Informe,,1,https://www.camara.cl/legislacion/sala_sesiones/votacion_detalle.aspx?prmIdVotacion=89494
89495,18216-05,2026-07-21,4802,46,Boletín N°18216-05,"Enmienda del Senado que agrega un artículo décimo octavo transitorio, nuevo; que consta en las páginas 620 a 622 del comparado; y que requiere para su aprobación del voto favorable de 78 diputadas y diputados, por tratarse de una norma de rango orgánico constitucional.",82,63,0,0,Proyecto de Ley,1,Aprobado,1,Quórum Calificado,2,Única,6,Tercer Trámite,,Sin Informe,,1,https://www.camara.cl/legislacion/sala_sesiones/votacion_detalle.aspx?prmIdVotacion=89495
89521,18301-10,2026-07-22,4803,47,Boletín N°18301-10,"En votación el proyecto de acuerdo que “Aprueba el Convenio de Transporte Aéreo entre el Gobierno de la República de Chile y el Gobierno de la República de Costa Rica, suscrito en Lima, Perú, el 13 de diciembre de 2023.”.",135,0,0,0,Proyecto de Ley,1,Aprobado,1,Quórum Simple,1,Única,6,Primer Trámite,,Primer Informe,,1,https://www.camara.cl/legislacion/sala_sesiones/votacion_detalle.aspx?prmIdVotacion=89521
89522,18431-31,2026-07-22,4803,47,Boletín N°18431-31,,135,0,0,0,Proyecto de Ley,1,Aprobado,1,Quórum Simple,1,General,1,Primer Trámite,,Primer Informe,,1,https://www.camara.cl/legislacion/sala_sesiones/votacion_detalle.aspx?prmIdVotacion=89522
89523,18431-31,2026-07-22,4803,47,Boletín N°18431-31,"Indicación renovada de las diputadas Andrea Macías y Valentina Cáceres y del diputado Matías Fernández, para incorporar al numeral 3) del artículo primero del proyecto, que consta en la página 10 del comparado, una letra c) nueva, del siguiente tenor:
“c) Agrégase el siguiente inciso final: 
“El acto administrativo que incorpore o excluya programas o servicios del Sistema deberá publicarse en el sitio electrónico del Ministerio de Desarrollo Social y Familia y remitirse, dentro de los treinta días siguientes a su dictación, a las comisiones competentes en materia de desarrollo social de la Cámara de Diputadas y Diputados y del Senado”.”",66,67,2,0,Proyecto de Ley,1,Unánime,2,Quórum Simple,1,Particular,2,Primer Trámite,,Primer Informe,,1,https://www.camara.cl/legislacion/sala_sesiones/votacion_detalle.aspx?prmIdVotacion=89523
89524,17795-19,2026-07-22,4803,47,Boletín N°17795-19,,128,2,5,0,Proyecto de Ley,1,Aprobado,1,Quórum Simple,1,General,1,Primer Trámite,,Primer Informe,,1,https://www.camara.cl/legislacion/sala_sesiones/votacion_detalle.aspx?prmIdVotacion=89524
89542,18216-05,2026-07-22,4804,48,Boletín N°18216-05,"Proposición de la Comisión Mixta recaída en el proyecto de ley, originado en mensaje, “Para la reconstrucción nacional y el desarrollo económico y social”, que requiere para su aprobación del voto favorable de 78 diputadas y diputados por tratarse de una disposición de rango orgánico constitucional.",80,48,2,0,Proyecto de Ley,1,Aprobado,1,Quórum Calificado,2,Única,6,Comisión Mixta,,Sin Informe,,1,https://www.camara.cl/legislacion/sala_sesiones/votacion_detalle.aspx?prmIdVotacion=89542
89543,18384-08,2026-07-22,4804,48,Boletín N°18384-08,"Modificaciones incorporadas por el Senado en el proyecto de ley, originado en mensaje, sobre “protección tarifaria eléctrica”.",117,4,8,0,Proyecto de Ley,1,Aprobado,1,Quórum Simple,1,Única,6,Tercer Trámite,,Sin Informe,,1,https://www.camara.cl/legislacion/sala_sesiones/votacion_detalle.aspx?prmIdVotacion=89543
89544,18259-08,2026-07-22,4804,48,Boletín N°18259-08,,107,2,20,0,Proyecto de Ley,1,Aprobado,1,Quórum Simple,1,General,1,Primer Trámite,,Primer Informe,,1,https://www.camara.cl/legislacion/sala_sesiones/votacion_detalle.aspx?prmIdVotacion=89544
89545,18259-08,2026-07-22,4804,48,Boletín N°18259-08,"Artículo 5 nuevo, propuesto por la Comisión de Hacienda, y que consta en la página 24 del comparado.",126,0,2,0,Proyecto de Ley,1,Aprobado,1,Quórum Simple,1,Particular,2,Primer Trámite,,Primer Informe,,1,https://www.camara.cl/legislacion/sala_sesiones/votacion_detalle.aspx?prmIdVotacion=89545
89546,18259-08,2026-07-22,4804,48,Boletín N°18259-08,"Artículo 5 transitorio, propuesto por la Comisión de Minería y Hacienda, cuya votación separada ha sido solicitada por la diputada Valentina Cáceres, y que consta en las páginas 26 a 29 del comparado.",124,1,3,0,Proyecto de Ley,1,Aprobado,1,Quórum Simple,1,Particular,2,Primer Trámite,,Primer Informe,,1,https://www.camara.cl/legislacion/sala_sesiones/votacion_detalle.aspx?prmIdVotacion=89546
89583,18258-07,2026-08-04,4807,50,Boletín N°18258-07,,119,27,0,0,Proyecto de Ley,1,Aprobado,1,Quórum Calificado,2,General,1,Primer Trámite,,Primer Informe,,1,https://www.camara.cl/legislacion/sala_sesiones/votacion_detalle.aspx?prmIdVotacion=89583
89584,18258-07,2026-08-04,4807,50,Boletín N°18258-07,"Artículo único del proyecto con la indicación renovada de la diputada Lorena Fries y de los diputados Marcos Barraza y José Montalva que agrega una frase en el encabezado del artículo, y que requiere del voto favorable de 78 diputadas y diputados por tratarse de una norma de rango orgánico constitucional.",67,77,2,0,Proyecto de Ley,1,Unánime,2,Quórum Calificado,2,Particular,2,Primer Trámite,,Primer Informe,,1,https://www.camara.cl/legislacion/sala_sesiones/votacion_detalle.aspx?prmIdVotacion=89584
89585,18258-07,2026-08-04,4807,50,Boletín N°18258-07,"Artículo único, en los términos propuestos por la Comisión de Constitución, Legislación, Justicia y Reglamento, que consta en las páginas 1 y 2 del comparado, y que requiere del voto favorable de 78 diputadas y diputados por tratarse de una norma de rango orgánico constitucional.",90,45,11,0,Proyecto de Ley,1,Aprobado,1,Quórum Calificado,2,Particular,2,Primer Trámite,,Primer Informe,,1,https://www.camara.cl/legislacion/sala_sesiones/votacion_detalle.aspx?prmIdVotacion=89585
89587,16569-25,2026-08-04,4807,50,Boletín N°16569-25,"Proposición de la Comisión Mixta recaída en el proyecto de ley, originado en moción y mensaje refundidos, que “Amplía la penalización dispuesta en el artículo 304 bis del Código Penal, para fortalecer la seguridad perimetral de los recintos penales.”.",146,0,0,0,Proyecto de Ley,1,Aprobado,1,Quórum Simple,1,Única,6,Comisión Mixta,,Sin Informe,,1,https://www.camara.cl/legislacion/sala_sesiones/votacion_detalle.aspx?prmIdVotacion=89587
89630,18524-05,2026-08-05,4809,52,Boletín N°18524-05,,139,0,0,0,Proyecto de Ley,1,Aprobado,1,Quórum Simple,1,General,1,Primer Trámite,,Primer Informe,,1,https://www.camara.cl/legislacion/sala_sesiones/votacion_detalle.aspx?prmIdVotacion=89630
89631,18389-04,2026-08-05,4809,52,Boletín N°18389-04,,111,28,1,0,Proyecto de Ley,1,Aprobado,1,Quórum Simple,1,General,1,Primer Trámite,,Primer Informe,,1,https://www.camara.cl/legislacion/sala_sesiones/votacion_detalle.aspx?prmIdVotacion=89631
89632,18389-04,2026-08-05,4809,52,Boletín N°18389-04,"Numeral 4 del artículo único del proyecto, cuya votación separada ha sido solicitada por las diputadas Paula Olmos, Emilia Schneider, Daniela Serrano y Tamara Ramírez, y que consta en las páginas 47 a 48 del comparado.",88,49,3,0,Proyecto de Ley,1,Aprobado,1,Quórum Simple,1,Particular,2,Primer Trámite,,Primer Informe,,1,https://www.camara.cl/legislacion/sala_sesiones/votacion_detalle.aspx?prmIdVotacion=89632
89633,18389-04,2026-08-05,4809,52,Boletín N°18389-04,"Indicación renovada de las diputadas Emilia Schneider, Daniela Serrano y Tamara Ramírez y de los  diputado Héctor  Barría  y Juan  Santana para agregar un nuevo numeral 4 ter al artículo único del proyecto.",64,75,1,0,Proyecto de Ley,1,Unánime,2,Quórum Simple,1,Particular,2,Primer Trámite,,Primer Informe,,1,https://www.camara.cl/legislacion/sala_sesiones/votacion_detalle.aspx?prmIdVotacion=89633
89634,18389-04,2026-08-05,4809,52,Boletín N°18389-04,"Numeral 5 del artículo único del proyecto, cuya votación separada ha sido solicitada por las diputadas Paula Olmos, Emilia Schneider, Daniela Serrano y Tamara Ramírez, y que consta en las páginas 48 a 59 del comparado.",79,58,3,0,Proyecto de Ley,1,Aprobado,1,Quórum Simple,1,Particular,2,Primer Trámite,,Primer Informe,,1,https://www.camara.cl/legislacion/sala_sesiones/votacion_detalle.aspx?prmIdVotacion=89634
89668,18216-05,2026-08-10,4810,53,Boletín N°18216-05,Observación número 1 de S.E. el Presidente de la República para suprimir el artículo 32 del proyecto.,75,59,12,0,Proyecto de Ley,1,Aprobado,1,Quórum Simple,1,Única,6,Observaciones P. De La R.,,Informe Observaciones,,1,https://www.camara.cl/legislacion/sala_sesiones/votacion_detalle.aspx?prmIdVotacion=89668
89669,18216-05,2026-08-10,4810,53,Boletín N°18216-05,Observación número 2 de S.E. el Presidente de la República para suprimir el artículo 39 del proyecto.,75,58,13,0,Proyecto de Ley,1,Aprobado,1,Quórum Simple,1,Única,6,Observaciones P. De La R.,,Informe Observaciones,,1,https://www.camara.cl/legislacion/sala_sesiones/votacion_detalle.aspx?prmIdVotacion=89669
89670,18216-05,2026-08-10,4810,53,Boletín N°18216-05,Observación número 3 de S.E. el Presidente de la República para suprimir el artículo 40 del proyecto.,74,50,22,0,Proyecto de Ley,1,Aprobado,1,Quórum Simple,1,Única,6,Observaciones P. De La R.,,Informe Observaciones,,1,https://www.camara.cl/legislacion/sala_sesiones/votacion_detalle.aspx?prmIdVotacion=89670
89693,16300-07,2026-08-11,4811,54,Boletín N°16300-07,,114,26,2,0,Proyecto de Ley,1,Aprobado,1,Quórum Simple,1,General,1,Primer Trámite,,Primer Informe,,1,https://www.camara.cl/legislacion/sala_sesiones/votacion_detalle.aspx?prmIdVotacion=89693
89694,16300-07,2026-08-11,4811,54,Boletín N°16300-07,"Indicación renovada del diputado señor Raúl Leiva para sustituir el artículo único del proyecto por el siguiente: 
“Artículo único.- Agrégase, en el párrafo tercero del numeral 6° del artículo 10 del Código Penal, a continuación del punto aparte, que pasa a ser punto seguido, las siguientes oraciones: ‘La circunstancia de encontrarse el funcionario en calidad de franco no excluirá la aplicación de la presunción establecida en este párrafo, siempre que su actuación se realice en razón de su cargo o con motivo u ocasión del cumplimiento de funciones de resguardo del orden público y seguridad pública interior.”.",67,75,0,0,Proyecto de Ley,1,Unánime,2,Quórum Simple,1,Particular,2,Primer Trámite,,Primer Informe,,1,https://www.camara.cl/legislacion/sala_sesiones/votacion_detalle.aspx?prmIdVotacion=89694
89695,16300-07,2026-08-11,4811,54,Boletín N°16300-07,"Artículo único del proyecto, en los términos propuestos por la Comisión de Seguridad, que consta en la página 5 del comparado.",106,36,0,0,Proyecto de Ley,1,Aprobado,1,Quórum Simple,1,Particular,2,Primer Trámite,,Primer Informe,,1,https://www.camara.cl/legislacion/sala_sesiones/votacion_detalle.aspx?prmIdVotacion=89695
89749,18210-06,2026-08-12,4813,56,Boletín N°18210-06,,133,0,1,0,Proyecto de Ley,1,Aprobado,1,Quórum Simple,1,General,1,Primer Trámite,,Primer Informe,,1,https://www.camara.cl/legislacion/sala_sesiones/votacion_detalle.aspx?prmIdVotacion=89749
89750,16777-07,2026-08-12,4813,56,Boletín N°16777-07,,134,0,0,0,Proyecto de Ley,1,Aprobado,1,Quórum Simple,1,General,1,Segundo Trámite,,Primer Informe,,1,https://www.camara.cl/legislacion/sala_sesiones/votacion_detalle.aspx?prmIdVotacion=89750
89751,18030-12,2026-08-12,4813,56,Boletín N°18030-12,"Artículo único en los términos propuestos por la Comisión de Agricultura, Silvicultura y Desarrollo Rural, tanto en su primer como en su segundo informe y que consta en la página 1 del comparado.",74,51,9,0,Proyecto de Ley,1,Aprobado,1,Quórum Simple,1,Particular,2,Primer Trámite,,Segundo Informe,,1,https://www.camara.cl/legislacion/sala_sesiones/votacion_detalle.aspx?prmIdVotacion=89751
89779,17912-25,2026-08-17,4814,57,Boletín N°17912-25,,131,0,0,0,Proyecto de Ley,1,Aprobado,1,Quórum Simple,1,General,1,Primer Trámite,,Primer Informe,,1,https://www.camara.cl/legislacion/sala_sesiones/votacion_detalle.aspx?prmIdVotacion=89779
89780,17912-25,2026-08-17,4814,57,Boletín N°17912-25,"Artículo único del proyecto, con la indicación del diputado Raúl Leiva para intercalar un numeral 1 antes de la expresión “Intercálase en el artículo 27 letra a)”; y para agregar el siguiente numeral 2, nuevo:
“2. Intercálase, en el artículo 27 letra a), entre las expresión “quinquies, y en los artículos” y el guarismo “467”, la expresión “438,”.",52,60,18,0,Proyecto de Ley,1,Unánime,2,Quórum Simple,1,Particular,2,Primer Trámite,,Primer Informe,,1,https://www.camara.cl/legislacion/sala_sesiones/votacion_detalle.aspx?prmIdVotacion=89780
89781,17912-25,2026-08-17,4814,57,Boletín N°17912-25,"Artículo único del proyecto, en los términos propuestos por la Comisión de Seguridad Ciudadana.",130,0,0,0,Proyecto de Ley,1,Aprobado,1,Quórum Simple,1,Particular,2,Primer Trámite,,Primer Informe,,1,https://www.camara.cl/legislacion/sala_sesiones/votacion_detalle.aspx?prmIdVotacion=89781
89783,17451-15,2026-08-17,4814,57,Boletín N°17451-15,"Modificaciones incorporadas por el H. Senado en el proyecto de ley, originado en moción, que “Autoriza la circulación en el país de vehículos que participen en competiciones de carácter internacional o federadas, en las formas y condiciones que señala”.",127,0,3,0,Proyecto de Ley,1,Aprobado,1,Quórum Simple,1,Única,6,Tercer Trámite,,Sin Informe,,1,https://www.camara.cl/legislacion/sala_sesiones/votacion_detalle.aspx?prmIdVotacion=89783
89784,17837-13,2026-08-17,4814,57,Boletín N°17837-13,,79,45,8,0,Proyecto de Ley,1,Aprobado,1,Quórum Simple,1,General,1,Primer Trámite,,Primer Informe,,1,https://www.camara.cl/legislacion/sala_sesiones/votacion_detalle.aspx?prmIdVotacion=89784
89814,18525-06,2026-08-18,4815,58,Boletín N°18525-06,,134,1,0,0,Proyecto de Ley,1,Aprobado,1,Quórum Simple,1,General,1,Primer Trámite,,Primer Informe,,1,https://www.camara.cl/legislacion/sala_sesiones/votacion_detalle.aspx?prmIdVotacion=89814
89815,18525-06,2026-08-18,4815,58,Boletín N°18525-06,,132,1,2,0,Proyecto de Ley,1,Aprobado,1,Quórum Calificado,2,General,1,Primer Trámite,,Primer Informe,,1,https://www.camara.cl/legislacion/sala_sesiones/votacion_detalle.aspx?prmIdVotacion=89815
89816,18525-06,2026-08-18,4815,58,Boletín N°18525-06,"Votación particular del inciso octavo incorporado por el numeral 1 del artículo único del proyecto, cuya votación separada ha sido solicitada por el diputado Javier Olivares, que consta en la página 6 del comparado, y que requiere para su aprobación del voto favorable de 78 diputadas y diputados, por tratarse de normas de rango orgánico constitucional.",118,15,2,0,Proyecto de Ley,1,Aprobado,1,Quórum Calificado,2,Particular,2,Primer Trámite,,Primer Informe,,1,https://www.camara.cl/legislacion/sala_sesiones/votacion_detalle.aspx?prmIdVotacion=89816
89817,18525-06,2026-08-18,4815,58,Boletín N°18525-06,"Votación particular del inciso noveno incorporado por el numeral 1 del artículo único del proyecto, cuya votación separada ha sido solicitada por los diputados Javier Olivares y Álvaro Jofré, que consta en las páginas 6 y 7 del comparado, y que requieren para su aprobación del voto favorable de 78 diputadas y diputados, por tratarse de normas de rango orgánico constitucional.",77,51,7,0,Proyecto de Ley,1,Unánime,2,Quórum Calificado,2,Particular,2,Primer Trámite,,Primer Informe,,1,https://www.camara.cl/legislacion/sala_sesiones/votacion_detalle.aspx?prmIdVotacion=89817
89842,15387-12,2026-08-18,4816,59,Boletín N°15387-12,,80,41,7,0,Proyecto de Ley,1,Aprobado,1,Quórum Simple,1,General,1,Primer Trámite,,Primer Informe,,1,https://www.camara.cl/legislacion/sala_sesiones/votacion_detalle.aspx?prmIdVotacion=89842
89843,12786-12,2026-08-18,4816,59,Boletín N°12786-12,,50,68,10,0,Proyecto de Ley,1,Unánime,2,Quórum Simple,1,General,1,Primer Trámite,,Primer Informe,,1,https://www.camara.cl/legislacion/sala_sesiones/votacion_detalle.aspx?prmIdVotacion=89843
89844,12786-12,2026-08-18,4816,59,Boletín N°12786-12,,54,65,7,0,Proyecto de Ley,1,Unánime,2,Quórum Calificado,2,General,1,Primer Trámite,,Primer Informe,,1,https://www.camara.cl/legislacion/sala_sesiones/votacion_detalle.aspx?prmIdVotacion=89844
89862,18429-10,2026-08-19,4817,60,Boletín N°18429-10,"Proyecto de acuerdo que “Aprueba el Tratado entre la República de Chile y la República Federativa de Brasil sobre Asistencia Jurídica Mutua en Materia Penal, hecho en Brasilia, el 22 de abril de 2025”.",124,0,0,0,Proyecto de Ley,1,Aprobado,1,Quórum Simple,1,Única,6,Primer Trámite,,Primer Informe,,1,https://www.camara.cl/legislacion/sala_sesiones/votacion_detalle.aspx?prmIdVotacion=89862
89863,18189-14,2026-08-19,4817,60,Boletín N°18189-14,,124,0,0,0,Proyecto de Ley,1,Aprobado,1,Quórum Simple,1,General,1,Primer Trámite,,Primer Informe,,1,https://www.camara.cl/legislacion/sala_sesiones/votacion_detalle.aspx?prmIdVotacion=89863
89864,18189-14,2026-08-19,4817,60,Boletín N°18189-14,"Literal f) del número 1 del artículo único, cuya votación separada ha sido solicitada por la diputada Tatiana Urrutia y el diputado Mario Olavarría; y que consta en la página 7 del comparado.",64,57,3,0,Proyecto de Ley,1,Aprobado,1,Quórum Simple,1,Particular,2,Primer Trámite,,Primer Informe,,1,https://www.camara.cl/legislacion/sala_sesiones/votacion_detalle.aspx?prmIdVotacion=89864
89865,18189-14,2026-08-19,4817,60,Boletín N°18189-14,"Indicación renovada de la diputada Emilia Nuyado para incorporar un nuevo número al artículo único del proyecto, que incorpora a continuación del artículo 3 de la ley N° 20.898, el siguiente artículo 3 bis: 
“Artículo 3° bis.- Las municipalidades podrán conformar Equipos Comunales de Regularización de Viviendas, integrados por arquitectos municipales, constructores civiles, técnicos en construcción y dibujantes técnicos, destinados a prestar asistencia gratuita a personas pertenecientes al 60% más vulnerable del Registro Social de Hogares, adultos mayores, personas con discapacidad y habitantes de sectores rurales.
Dichos equipos podrán elaborar los antecedentes técnicos necesarios para la regularización prevista en esta ley y prestar apoyo durante toda la tramitación administrativa.”.",67,49,8,0,Proyecto de Ley,1,Aprobado,1,Quórum Simple,1,Particular,2,Primer Trámite,,Primer Informe,,1,https://www.camara.cl/legislacion/sala_sesiones/votacion_detalle.aspx?prmIdVotacion=89865
89866,16397-15,2026-08-19,4817,60,Boletín N°16397-15,,123,0,1,0,Proyecto de Ley,1,Aprobado,1,Quórum Simple,1,General,1,Primer Trámite,,Primer Informe,,1,https://www.camara.cl/legislacion/sala_sesiones/votacion_detalle.aspx?prmIdVotacion=89866
89867,17324-33,2026-08-19,4817,60,Boletín N°17324-33,,62,18,42,2,Proyecto de Ley,1,Aprobado,1,Quórum Simple,1,General,1,Primer Trámite,,Primer Informe,,1,https://www.camara.cl/legislacion/sala_sesiones/votacion_detalle.aspx?prmIdVotacion=89867
89928,17818-24,2026-09-01,4819,62,Boletín N°17818-24,,142,0,1,0,Proyecto de Ley,1,Aprobado,1,Quórum Simple,1,General,1,Primer Trámite,,Primer Informe,,1,https://www.camara.cl/legislacion/sala_sesiones/votacion_detalle.aspx?prmIdVotacion=89928
89929,17818-24,2026-09-01,4819,62,Boletín N°17818-24,"Letra c) del numeral 1) del artículo único del proyecto, cuya votación separada ha sido solicitada por el diputado Ignacio Achurra, y que consta en la página 3 del comparado.",71,68,4,0,Proyecto de Ley,1,Unánime,2,Quórum Simple,1,Particular,2,Primer Trámite,,Primer Informe,,1,https://www.camara.cl/legislacion/sala_sesiones/votacion_detalle.aspx?prmIdVotacion=89929
89930,17818-24,2026-09-01,4819,62,Boletín N°17818-24,"Numeral 3) del artículo único del proyecto, cuya votación separada ha sido solicitada por los diputados Cristóbal Urruticoechea y Eduardo Cretton, y que consta en la página 5 del comparado.",64,69,10,0,Proyecto de Ley,1,Unánime,2,Quórum Simple,1,Particular,2,Primer Trámite,,Primer Informe,,1,https://www.camara.cl/legislacion/sala_sesiones/votacion_detalle.aspx?prmIdVotacion=89930
89931,17818-24,2026-09-01,4819,62,Boletín N°17818-24,"Numeral 4) del artículo único del proyecto, cuya votación separada ha sido solicitada por el diputado Eduardo Cretton, y que consta en las páginas 6 y 7 del comparado.",64,78,1,0,Proyecto de Ley,1,Unánime,2,Quórum Simple,1,Particular,2,Primer Trámite,,Primer Informe,,1,https://www.camara.cl/legislacion/sala_sesiones/votacion_detalle.aspx?prmIdVotacion=89931
89932,17662-07,2026-09-01,4819,62,Boletín N°17662-07,,96,34,14,0,Proyecto de Ley,1,Aprobado,1,Quórum Simple,1,General,1,Primer Trámite,,Primer Informe,,1,https://www.camara.cl/legislacion/sala_sesiones/votacion_detalle.aspx?prmIdVotacion=89932
89933,17662-07,2026-09-01,4819,62,Boletín N°17662-07,"Indicación renovada del diputado Raúl Leiva, para incorporar al proyecto el siguiente artículo nuevo: 
“Artículo nuevo. -Agregase el siguiente numeral 6 nuevo, al artículo 417 del Código Penal:
“6.  Las proferidas contra las Fuerzas de Orden y Seguridad Públicas en el ejercicio de sus funciones.”.",49,92,3,0,Proyecto de Ley,1,Unánime,2,Quórum Simple,1,Particular,2,Primer Trámite,,Primer Informe,,1,https://www.camara.cl/legislacion/sala_sesiones/votacion_detalle.aspx?prmIdVotacion=89933
89934,17662-07,2026-09-01,4819,62,Boletín N°17662-07,"Admisibilidad de la indicación presentada en la Comisión de Seguridad Ciudadana por el diputado Raúl Leiva, para incorporar un artículo nuevo al proyecto del siguiente tenor:
Artículo nuevo. –Incorpórase un artículo 260 quater al Código Penal:
“Artículo 260 quater. –Se considerará circunstancia agravante de los delitos contemplados en este título el hecho de que sean cometidos por personal de las Fuerzas de Orden y Seguridad    Pública, cuando comprometan la imagen institucional.”.

(los que votan a favor lo hacen por la admisibilidad de la indicación, los que votan en contra lo hacen por su inadmisibilidad).",61,78,5,0,Proyecto de Ley,1,Unánime,2,Quórum Simple,1,Particular,2,Primer Trámite,,Primer Informe,,1,https://www.camara.cl/legislacion/sala_sesiones/votacion_detalle.aspx?prmIdVotacion=89934
89935,17914-13,2026-09-01,4819,62,Boletín N°17914-13,,108,18,17,0,Proyecto de Ley,1,Aprobado,1,Quórum Simple,1,General,1,Primer Trámite,,Primer Informe,,1,https://www.camara.cl/legislacion/sala_sesiones/votacion_detalle.aspx?prmIdVotacion=89935
89936,17914-13,2026-09-01,4819,62,Boletín N°17914-13,"Indicación renovada de la diputada Gael Yeomans, para reemplazar el artículo único del proyecto por el siguiente:

“Artículo único. – Agrégase en el literal a) del número 1 del artículo 160 del Código del Trabajo, en forma previa del punto y coma (;), el siguiente texto:

“como en el ejercicio de una licencia médica por incapacidad temporal cuando, de conformidad con la normativa vigente, mediante resolución firme del organismo competente se determine que se han infringido, sin causa justificada, las condiciones de reposo indicadas por el médico tratante, o cuando dicho reposo tenga como antecedente una licencia médica respecto de la cual el profesional tratante haya sido sancionado, conforme a lo dispuesto en la Ley N° 20.585, por ausencia de una atención profesional asociada a su emisión. Para estos efectos, el empleador podrá ejercer las facultades establecidas en el Decreto N° 3 de 1984, del Ministerio de Salud, o en la norma que lo reemplace, y tomará conocimiento de los incumplimientos referidos conforme a dicha normativa;”.",73,68,2,0,Proyecto de Ley,1,Aprobado,1,Quórum Simple,1,Particular,2,Primer Trámite,,Primer Informe,,1,https://www.camara.cl/legislacion/sala_sesiones/votacion_detalle.aspx?prmIdVotacion=89936
89937,15295-07,2026-09-01,4819,62,Boletín N°15295-07,,102,12,30,0,Proyecto de Ley,1,Aprobado,1,Quórum Simple,1,General,1,Primer Trámite,,Primer Informe,,1,https://www.camara.cl/legislacion/sala_sesiones/votacion_detalle.aspx?prmIdVotacion=89937
