"spec_id","vote_id","boletin","fecha","spread_1d","spread_2d","midpoint_1d","midpoint_2d","gmp","apre"
"raw_lop025_2d","88450","15347-07","2026-03-23",1.58115136623383,1.285489320755,0.759033203125,0.374896585941315,0.967421650886536,0.916666666666667
"raw_lop025_2d","88451","15347-07","2026-03-23",1.57734048366547,0.374947398900986,0.625024437904358,0.0332391820847988,0.952556252479553,1
"raw_lop025_2d","88452","15347-07","2026-03-23",1.5795738697052,0.314875841140747,0.633832514286041,0.151118770241737,0.949834585189819,0.961538461538462
"raw_lop025_2d","88453","15347-07","2026-03-23",1.58067417144775,0.316478371620178,0.63549929857254,0.173557266592979,0.951984226703644,0.96
"raw_lop025_2d","88454","15347-07","2026-03-23",1.57861363887787,0.332476705312729,0.633030712604523,0.12617264688015,0.948135018348694,0.962962962962963
"raw_lop025_2d","88455","15347-07","2026-03-23",1.58595132827759,0.513834595680237,0.643823564052582,0.186301752924919,0.936482608318329,0.88
"raw_lop025_2d","88474","17474-06","2026-03-24",1.28246235847473,-0.28956925868988,0.282462388277054,-0.479540407657623,0.931341469287872,0.854166666666667
"raw_lop025_2d","88475","17474-06","2026-03-24",0.525420129299164,-0.0280425641685724,0.188162118196487,0.98213791847229,0.896948516368866,0.866666666666667
"raw_lop025_2d","88477","16487-12","2026-03-24",-1.59150433540344,-0.637271106243134,-0.655865967273712,0.592976748943329,0.990847587585449,1
"raw_lop025_2d","88489","18137-05","2026-03-24",1.55231535434723,0.463991463184357,0.552315354347229,0.347913712263107,0.992850482463837,1
"raw_lop025_2d","88493","18137-05","2026-03-24",0.267013281583786,0.883914768695831,0.211464002728462,0.0597460493445396,0.917636811733246,1
"raw_lop025_2d","88502","10634-29","2026-03-25",-0.319999933242798,-0.781337201595306,-0.962144494056702,-0.154814764857292,0.854921638965607,0.631578947368421
"raw_lop025_2d","88503","10634-29","2026-03-25",-0.440000057220459,-0.975592374801636,-0.963287353515625,-0.187589421868324,0.901119291782379,0.615384615384615
"raw_lop025_2d","88504","10634-29","2026-03-25",-1,-1.54854929447174,-0.963126540184021,-0.225674748420715,0.968096911907196,1
"raw_lop025_2d","88506","10634-29","2026-03-25",-0.370000004768372,-0.875067472457886,-0.927379727363586,-0.181840896606445,0.867744147777557,0.588235294117647
"raw_lop025_2d","88507","10634-29","2026-03-25",-0.400000095367432,-0.932451725006104,-0.955194652080536,-0.185201197862625,0.883251309394836,0.6875
"raw_lop025_2d","88544","16569-25","2026-04-06",-0.37548491358757,-0.295570641756058,0.897000908851624,0.184620961546898,0.825993597507477,0.75
"raw_lop025_2d","88613","17170-07","2026-04-13",1.58807516098022,-0.21885173022747,0.672112166881561,-0.417500078678131,0.943366825580597,0.875
"raw_lop025_2d","88614","17170-07","2026-04-13",1.58341193199158,-0.249196410179138,0.658646047115326,-0.321679353713989,0.957223892211914,0.666666666666667
"raw_lop025_2d","88633","17354-37","2026-04-14",1.57862484455109,-0.414089441299438,0.648102104663849,-0.0168814584612846,0.937863528728485,0.863636363636364
"raw_lop025_2d","88634","17690-07","2026-04-14",0.415892392396927,0.303100079298019,-0.192751690745354,0.044007558375597,0.913869142532349,0.920634920634921
"raw_lop025_2d","88646","17757-29","2026-04-15",-1.58308136463165,0.63568526506424,-0.849840044975281,0.102952726185322,0.898021101951599,0.756756756756757
"raw_lop025_2d","88647","17522-12","2026-04-15",-1.53683841228485,0.410531580448151,-0.727810740470886,-0.32230082154274,0.959021270275116,0.938775510204082
"raw_lop025_2d","88648","17522-12","2026-04-15",-1.5823073387146,-0.0403570495545864,-0.613802969455719,0.22421395778656,0.984718799591064,1
"raw_lop025_2d","88680","18156-04","2026-04-21",0.258011281490326,0.843384027481079,0.371721088886261,0.0869999825954437,0.906660497188568,0.953488372093023
"raw_lop025_2d","88681","18156-04","2026-04-21",-1.58359432220459,-0.624052584171295,-0.615094780921936,0.475385189056396,0.990856349468231,1
"raw_lop025_2d","88682","18156-04","2026-04-21",0.28578394651413,0.770146071910858,0.117807596921921,0.0504273734986782,0.936761736869812,0.96
"raw_lop025_2d","88683","18156-04","2026-04-21",-0.550633430480957,-0.0184587314724922,-0.341537445783615,-0.54170036315918,0.915458261966705,0.966666666666667
"raw_lop025_2d","88684","18156-04","2026-04-21",0.332085967063904,0.563774406909943,0.0550964847207069,0.0430957973003387,0.957569897174835,0.979591836734694
"raw_lop025_2d","88685","18156-04","2026-04-21",-1.13540387153625,0.082983136177063,0.110513210296631,0.993874669075012,0.956583857536316,0.96551724137931
"raw_lop025_2d","88686","18156-04","2026-04-21",-0.412844091653824,-0.215442076325417,-0.228873327374458,0.0880865305662155,0.890180706977844,0.942857142857143
"raw_lop025_2d","88687","18156-04","2026-04-21",-0.710236012935638,-0.258302062749863,-0.259516775608063,0.242164850234985,0.967337191104889,0.986111111111111
"raw_lop025_2d","88688","18156-04","2026-04-21",-1.3978408575058,-1.14840841293335,0.397840857505798,-0.514524221420288,0.993548572063446,1
"raw_lop025_2d","88689","18156-04","2026-04-21",-0.591717064380646,0.24279573559761,0.152654007077217,0.0476948693394661,0.906357169151306,0.941176470588235
"raw_lop025_2d","88690","18156-04","2026-04-21",-1.18266904354095,0.177146524190903,0.182669058442116,0.29395604133606,0.951155662536621,0.95
"raw_lop025_2d","88691","18156-04","2026-04-21",-1.21164786815643,0.184840083122253,0.211647883057594,0.0572088770568371,0.94408917427063,0.947368421052632
"raw_lop025_2d","88692","18156-04","2026-04-21",-0.348785549402237,-0.195022523403168,-0.378822565078735,0.0220677442848682,0.832068562507629,0.895522388059702
"raw_lop025_2d","88693","18156-04","2026-04-21",1.33007979393005,0.108307600021362,0.330079764127731,-0.410686701536179,0.933503389358521,0.936170212765957
"raw_lop025_2d","88694","18156-04","2026-04-21",-1.27686905860901,-0.100962370634079,0.276869088411331,-0.208873674273491,0.938177227973938,0.980769230769231
"raw_lop025_2d","88695","18156-04","2026-04-21",0.314862161874771,0.609953343868256,0.13661040365696,0.0257771480828524,0.943703293800354,0.96
"raw_lop025_2d","88696","18156-04","2026-04-21",-1.21427297592163,0.212309584021568,0.214272975921631,-0.0154339410364628,0.950375914573669,0.948275862068966
"raw_lop025_2d","88697","18156-04","2026-04-21",-1.14279544353485,-0.202048882842064,0.142795398831367,-0.909890472888947,0.962771654129028,0.966101694915254
"raw_lop025_2d","88698","18156-04","2026-04-21",-0.575158655643463,-0.268203258514404,-0.217974811792374,0.112892605364323,0.953307390213013,0.971830985915493
"raw_lop025_2d","88699","18156-04","2026-04-21",-1.21427297592163,0.212309584021568,0.214272975921631,-0.0154339410364628,0.950375914573669,0.948275862068966
"raw_lop025_2d","88700","18156-04","2026-04-21",0.797942757606506,0.541665077209473,0.309508830308914,-0.41731658577919,0.910494863986969,0.979166666666667
"raw_lop025_2d","88701","18156-04","2026-04-21",-0.657053411006927,-0.366562396287918,-0.32421350479126,0.0748129487037659,0.966235041618347,0.986111111111111
"raw_lop025_2d","88702","18156-04","2026-04-21",0.3284050822258,0.55235368013382,0.0684682130813599,-0.0112089989706874,0.933816730976105,0.947368421052632
"raw_lop025_2d","88703","18156-04","2026-04-21",-1.1836895942688,1.12118637561798,0.183689549565315,0.244988441467285,0.99790221452713,1
"raw_lop025_2d","88704","18156-04","2026-04-21",-0.633671760559082,0.512793302536011,0.116841733455658,0.215505793690681,0.930124700069427,0.967213114754098
"raw_lop025_2d","88705","18156-04","2026-04-21",-0.34540867805481,-0.491146743297577,0.0263169705867767,-0.0750696882605553,0.929034769535065,0.951612903225806
"raw_lop025_2d","88706","18156-04","2026-04-21",0.338097333908081,0.376548856496811,-0.0756072327494621,-0.0795558616518974,0.895420014858246,0.938461538461538
"raw_lop025_2d","88707","18156-04","2026-04-21",-1.45098507404327,0.189814954996109,-0.450985074043274,-0.475843757390976,0.989416062831879,1
"raw_lop025_2d","88755","18016-13","2026-05-05",-1.58694624900818,0.348189175128937,-0.751685321331024,0.190403461456299,0.910911798477173,0.906976744186046
"raw_lop025_2d","88756","17381-03","2026-05-05",-1.58498799800873,-0.641770780086517,-0.616493821144104,0.373612850904465,0.992463231086731,1
"raw_lop025_2d","88757","17381-03","2026-05-05",-1.59215080738068,-0.326624900102615,-0.652259349822998,0.60120415687561,0.970721006393433,0.985294117647059
"raw_lop025_2d","88758","17471-07","2026-05-05",-0.110000014305115,0.945842087268829,0.40946102142334,-0.069965235888958,0.729888081550598,0.259259259259259
"raw_lop025_2d","88759","17872-33","2026-05-05",-0.875228643417358,0.25368869304657,-0.534012675285339,-0.00259258132427931,0.951732814311981,0.953846153846154
"raw_lop025_2d","88760","17872-33","2026-05-05",-1.58336281776428,-0.591208934783936,-0.614862203598022,0.369114398956299,0.992463767528534,1
"raw_lop025_2d","88761","17405-07","2026-05-05",0.335848093032837,-0.0882366076111794,0.252416104078293,0.555537700653076,0.813571035861969,0.804347826086957
"raw_lop025_2d","88794","18107-07","2026-05-06",0.624885976314545,0.297899961471558,-0.323740154504776,0.10713043063879,0.957213521003723,0.986301369863014
"raw_lop025_2d","88812","14309-04","2026-05-11",-1.53569364547729,-0.671123266220093,-0.53569370508194,0.542142271995544,0.995019495487213,1
"raw_lop025_2d","88813","14309-04","2026-05-11",-0.351269543170929,-0.55972820520401,0.0093913534656167,-0.134716793894768,0.947704255580902,1
"raw_lop025_2d","88826","17112-19","2026-05-12",-0.142837584018707,1.5105232000351,0.0847902521491051,-0.0905340760946274,0.850129723548889,0.818181818181818
"raw_lop025_2d","88870","18155-25","2026-05-13",1.59473371505737,0.838260889053345,0.630970776081085,0.140224471688271,0.958342254161835,0.875
"raw_lop025_2d","88871","18155-25","2026-05-13",0.349661141633987,0.495543301105499,0.0967094823718071,0.0239214971661568,0.937807500362396,0.918367346938776
"raw_lop025_2d","88872","15258-25","2026-05-13",1.61162090301514,0.71991628408432,0.612985014915466,0.187962979078293,0.981101393699646,0.928571428571429
"raw_lop025_2d","88893","18216-05","2026-05-20",1.20273852348328,-0.431160479784012,0.202738478779793,0.110832899808884,0.971900999546051,0.983050847457627
"raw_lop025_2d","88894","18216-05","2026-05-20",0.638698160648346,-0.138596281409264,-0.012649504467845,0.702737629413605,0.919987738132477,0.940298507462687
"raw_lop025_2d","88897","18216-05","2026-05-20",0.660134255886078,-0.0034424343612045,0.0928416326642036,0.745124280452728,0.901288866996765,0.90625
"raw_lop025_2d","88898","18216-05","2026-05-20",1.04514467716217,-0.140867814421654,-0.0451446883380413,0.408117294311523,0.969183504581451,0.985714285714286
"raw_lop025_2d","88899","18216-05","2026-05-20",-0.782066881656647,0.0652161687612534,0.0310411900281906,-0.651064991950989,0.935819745063782,0.925373134328358
"raw_lop025_2d","88900","18216-05","2026-05-20",1.51801729202271,0.658860683441162,-0.51801723241806,0.488764464855194,0.995504677295685,1
"raw_lop025_2d","88901","18216-05","2026-05-20",0.624850571155548,-0.0650447830557823,-0.00379490852355957,0.999992847442627,0.914093554019928,0.955223880597015
"raw_lop025_2d","88902","18216-05","2026-05-20",0.427917927503586,0.154172897338867,0.237988471984863,-0.0306754279881716,0.840143501758575,0.821428571428571
"raw_lop025_2d","88903","18216-05","2026-05-20",0.494244784116745,-0.0166720543056726,0.11939949542284,0.87357771396637,0.868422389030457,0.868852459016393
"raw_lop025_2d","88904","18216-05","2026-05-20",0.903435230255127,-0.790565133094788,-0.840386629104614,-0.0518369376659393,0.852802455425262,0.790697674418605
"raw_lop025_2d","88905","18216-05","2026-05-20",0.774748384952545,-0.025178425014019,0.0748364254832268,0.95630669593811,0.915613055229187,0.939393939393939
"raw_lop025_2d","88906","18216-05","2026-05-20",0.555382072925568,0.0316981934010983,0.0491300821304321,0.260155856609344,0.894746363162994,0.907692307692308
"raw_lop025_2d","88907","18216-05","2026-05-20",1.09676861763,-0.259641349315643,-0.0967685952782631,0.79527473449707,0.976441919803619,0.985507246376812
"raw_lop025_2d","88908","18216-05","2026-05-20",0.658776998519897,-0.0572763867676258,0.118152372539043,-0.446268767118454,0.897857308387756,0.904761904761905
"raw_lop025_2d","88909","18216-05","2026-05-20",0.867109060287476,0.104677401483059,-0.0762040317058563,0.320883333683014,0.955969870090485,0.957746478873239
"raw_lop025_2d","88910","18216-05","2026-05-20",-0.670712828636169,0.17692668735981,-0.534637331962585,0.0254973005503416,0.921380758285522,0.907692307692308
"raw_lop025_2d","88911","18216-05","2026-05-20",-0.783171415328979,0.286919832229614,-0.674688518047333,-0.0640026107430458,0.914796054363251,0.895833333333333
"raw_lop025_2d","88912","18216-05","2026-05-20",1.2283900976181,-0.540695250034332,0.228390052914619,-0.362776845693588,0.940275371074677,0.912280701754386
"raw_lop025_2d","88913","18216-05","2026-05-20",-0.559337437152863,0.256057471036911,0.0112776989117265,0.504748165607452,0.916847467422485,0.925373134328358
"raw_lop025_2d","88914","18216-05","2026-05-20",-0.942492485046387,0.0312866568565369,0.090169258415699,-0.709294140338898,0.931608915328979,0.923076923076923
"raw_lop025_2d","88915","18216-05","2026-05-20",0.464270234107971,-0.0530490651726723,-0.0120781809091568,0.168879970908165,0.877191781997681,0.909090909090909
"raw_lop025_2d","88917","18216-05","2026-05-20",-1.08741796016693,0.356758862733841,0.0874179676175117,0.889471292495728,0.980451464653015,0.985294117647059
"raw_lop025_2d","88918","18216-05","2026-05-20",-0.684506118297577,0.00556118227541447,-0.0715077519416809,-0.885826945304871,0.934530794620514,0.929577464788732
"raw_lop025_2d","88919","18216-05","2026-05-20",1.11529588699341,0.0540556982159615,-0.115295872092247,0.211229383945465,0.970796704292297,0.972602739726027
"raw_lop025_2d","88920","18216-05","2026-05-20",1.20593953132629,-0.194665044546127,0.205939516425133,0.0899661481380463,0.939524054527283,0.934426229508197
"raw_lop025_2d","88921","18216-05","2026-05-20",1.01030957698822,-0.00443396996706724,0.0103095229715109,0.458105206489563,0.945755422115326,0.971014492753623
"raw_lop025_2d","88922","18216-05","2026-05-20",0.626581251621246,-0.0887588858604431,-0.0362733639776707,0.421095967292786,0.921779155731201,0.971014492753623
"raw_lop025_2d","88923","18216-05","2026-05-20",1.07030630111694,-0.0927881523966789,-0.0703062862157822,0.414465636014938,0.970729768276215,0.985915492957746
"raw_lop025_2d","88924","18216-05","2026-05-20",0.467763304710388,0.028390308842063,-0.0232318434864283,0.0979965701699257,0.876393914222717,0.911764705882353
"raw_lop025_2d","88925","18216-05","2026-05-20",0.53133761882782,-0.0182281639426947,0.125133767724037,-0.523097038269043,0.874094724655151,0.866666666666667
"raw_lop025_2d","88926","18216-05","2026-05-20",0.489098459482193,0.191095992922783,0.206828653812408,-0.0549358315765858,0.872525870800018,0.810344827586207
"raw_lop025_2d","88927","18216-05","2026-05-20",0.686112642288208,0.2185388058424,0.225591644644737,-0.0976289063692093,0.907696306705475,0.912280701754386
"raw_lop025_2d","88928","18216-05","2026-05-20",0.597571611404419,0.34962660074234,0.381012618541718,0.0444210059940815,0.933699369430542,0.896551724137931
"raw_lop025_2d","88929","18216-05","2026-05-20",-0.290000021457672,1.69979739189148,0.792359113693237,-0.610054969787598,0.953790247440338,0.333333333333333
"raw_lop025_2d","88930","18216-05","2026-05-20",0.177100971341133,0.325115084648132,0.207178637385368,0.100925587117672,0.709047973155975,0.480769230769231
"raw_lop025_2d","88931","18216-05","2026-05-20",0.364234566688538,0.237002402544022,-0.125803858041763,0.0384744890034199,0.874370396137238,0.91304347826087
"raw_lop025_2d","88932","18216-05","2026-05-20",0.483881294727325,0.0204085223376751,-0.673683643341064,0.739019751548767,0.793279349803925,0.716666666666667
"raw_lop025_2d","88933","18216-05","2026-05-20",1.58410787582397,-0.849923610687256,-0.750122249126434,-0.066076248884201,0.882517278194427,0.844827586206897
"raw_lop025_2d","88934","18216-05","2026-05-20",0.283407926559448,0.52234947681427,0.663341224193573,0.169899150729179,0.833734273910522,0.6
"raw_lop025_2d","88935","18216-05","2026-05-20",1.56931054592133,1.1818140745163,0.824042797088623,0.207354336977005,0.928196787834167,0.857142857142857
"raw_lop025_2d","88936","18216-05","2026-05-20",1.57555150985718,-0.555049240589142,0.933199942111969,0.243682906031609,0.943673849105835,0.333333333333333
"raw_lop025_2d","88937","18216-05","2026-05-20",1.44962477684021,1.30009460449219,0.851891398429871,0.225377887487411,0.925247728824615,0.916666666666667
"raw_lop025_2d","88938","18216-05","2026-05-20",1.58515477180481,-0.0138994734734297,0.817568957805634,-0.0881487652659416,0.936692178249359,0.9
"raw_lop025_2d","88939","18216-05","2026-05-20",0.776097893714905,0.0545846037566662,-0.062177550047636,0.229498013854027,0.948098421096802,0.942028985507246
"raw_lop025_2d","88940","18216-05","2026-05-20",1.07324326038361,-0.274520725011826,-0.0732432156801224,0.654828310012817,0.973783850669861,1
"raw_lop025_2d","88941","18216-05","2026-05-20",1.07068741321564,-0.24739171564579,-0.0706874206662178,0.714985191822052,0.975939393043518,1
"raw_lop025_2d","88942","18216-05","2026-05-20",0.563999235630035,0.152214750647545,0.332226127386093,0.0197251848876476,0.860786080360413,0.775510204081633
"raw_lop025_2d","88944","18216-05","2026-05-20",-1.09876346588135,0.245934173464775,0.0987634509801865,0.179629743099213,0.94783353805542,0.935483870967742
"raw_lop025_2d","88945","18216-05","2026-05-20",-1.07030630111694,0.0927881523966789,-0.0703062862157822,0.414465636014938,0.970729768276215,0.985915492957746
"raw_lop025_2d","88946","18216-05","2026-05-20",-1.23446786403656,0.269755244255066,-0.628836512565613,-0.129915863275528,0.919670879840851,0.927536231884058
"raw_lop025_2d","88947","18216-05","2026-05-20",-0.771642863750458,0.277002573013306,-0.570815801620483,-0.0437240265309811,0.923072934150696,0.941176470588235
"raw_lop025_2d","88948","18216-05","2026-05-20",-1.59622097015381,0.672134339809418,-0.688507616519928,-0.276230424642563,0.971259713172913,0.982456140350877
"raw_lop025_2d","88949","18216-05","2026-05-20",-1.06918048858643,0.62280148267746,0.0691804513335228,0.656254291534424,0.968018710613251,0.970149253731343
"raw_lop025_2d","88950","18216-05","2026-05-20",-1.45159554481506,0.189057871699333,-0.451595544815063,-0.480604261159897,0.98979240655899,1
"raw_lop025_2d","88951","18216-05","2026-05-20",-1.16569519042969,-0.0262348055839539,-0.165695205330849,-0.372971683740616,0.969952046871185,0.986486486486487
"raw_lop025_2d","88952","18216-05","2026-05-20",-1.18453943729401,1.11663365364075,0.184539392590523,0.24987219274044,0.997911512851715,1
"raw_lop025_2d","88953","18216-05","2026-05-20",-0.656059443950653,0.0346262380480766,0.207217037677765,-0.362636566162109,0.884119689464569,0.890909090909091
"raw_lop025_2d","88954","18216-05","2026-05-20",-0.527556657791138,-0.388688862323761,-0.278336644172668,-0.02004599198699,0.961278438568115,0.972972972972973
"raw_lop025_2d","88955","18216-05","2026-05-20",-0.571527063846588,-0.28985407948494,-0.223315432667732,0.0758943036198616,0.959145367145538,0.972972972972973
"raw_lop025_2d","88956","18216-05","2026-05-20",-0.763116955757141,-0.217125743627548,-0.194215998053551,0.313863694667816,0.968702733516693,0.972602739726027
"raw_lop025_2d","88957","18216-05","2026-05-20",-0.658608675003052,-0.427072286605835,-0.336641073226929,0.0180314350873232,0.976291596889496,0.986486486486487
"raw_lop025_2d","88958","18216-05","2026-05-20",0.45693039894104,0.301041811704636,0.153449341654778,-0.0208007860928774,0.915216684341431,0.915254237288136
"raw_lop025_2d","88959","18216-05","2026-05-20",0.761556446552277,0.110874801874161,0.123237885534763,0.0446202754974365,0.914217174053192,0.903225806451613
"raw_lop025_2d","88960","18216-05","2026-05-20",0.517103672027588,0.271724045276642,0.233128041028976,-0.0339015573263168,0.901442468166351,0.892857142857143
"raw_lop025_2d","88961","18216-05","2026-05-20",0.665691673755646,-0.123445652425289,-0.00470477947965264,0.806084632873535,0.925152897834778,0.939393939393939
"raw_lop025_2d","88962","18216-05","2026-05-20",1.45370388031006,-0.193857312202454,-0.453703820705414,-0.490945816040039,0.989656448364258,1
"raw_lop025_2d","88963","18216-05","2026-05-20",0.465103924274445,0.277006298303604,0.103662990033627,-0.0494294241070747,0.913972556591034,0.936507936507937
"raw_lop025_2d","88964","18216-05","2026-05-20",0.549426436424255,0.0149696664884686,0.0486821457743645,0.204003751277924,0.887297809123993,0.878787878787879
"raw_lop025_2d","88965","18216-05","2026-05-20",0.240000009536743,0,0.809269189834595,0,0.758797645568848,-1.09090909090909
"raw_lop025_2d","88966","18216-05","2026-05-20",0.450857818126678,0.1574447453022,0.200910314917564,0.00237376429140568,0.863766551017761,0.890909090909091
"raw_lop025_2d","88967","18216-05","2026-05-20",1.05589723587036,-0.157035306096077,-0.0558972582221031,0.383286535739899,0.974059224128723,0.985507246376812
"raw_lop025_2d","88968","18216-05","2026-05-20",0.462381064891815,-0.022694569081068,0.00966211594641209,0.670693218708038,0.869614481925964,0.907692307692308
"raw_lop025_2d","88969","18216-05","2026-05-20",0.50164520740509,0.200870424509048,0.110436215996742,-0.0491715930402279,0.89664900302887,0.873015873015873
"raw_lop025_2d","88970","18216-05","2026-05-20",1.0844554901123,-0.225114360451698,-0.0844555124640465,0.781298279762268,0.972405731678009,0.971428571428571
"raw_lop025_2d","88971","18216-05","2026-05-20",1.07375919818878,-0.116476558148861,-0.0737591981887817,0.279961347579956,0.973024547100067,0.985507246376812
"raw_lop025_2d","88972","18216-05","2026-05-20",0.703799605369568,-0.218190506100655,-0.127224326133728,0.597878396511078,0.950730919837952,0.944444444444444
"raw_lop025_2d","88973","18216-05","2026-05-20",0.703886151313782,-0.215231537818909,-0.146017879247665,0.609722495079041,0.949570000171661,0.972602739726027
"raw_lop025_2d","88974","18216-05","2026-05-20",-0.729201674461365,0.0650254264473915,-0.0724727064371109,0.702726721763611,0.935558795928955,0.943661971830986
"raw_lop025_2d","88975","18216-05","2026-05-20",-0.498624324798584,-0.012909491546452,-0.349481344223022,0.730584383010864,0.908838450908661,0.933333333333333
"raw_lop025_2d","88976","18216-05","2026-05-20",-0.443869441747665,0.319338232278824,0.0199014917016029,0.341797083616257,0.898840546607971,0.940298507462687
"raw_lop025_2d","88977","18216-05","2026-05-20",-1.22093999385834,-0.0512098670005798,-0.22094002366066,0.387630432844162,0.989150166511536,0.986666666666667
"raw_lop025_2d","88978","18216-05","2026-05-20",-0.851351082324982,-0.104288883507252,-0.0603917390108109,0.313787788152695,0.950145840644836,0.942857142857143
"raw_lop025_2d","88979","18216-05","2026-05-20",-0.75648158788681,-0.070327527821064,-0.0692592039704323,0.220505073666573,0.941535651683807,0.943661971830986
"raw_lop025_2d","88980","18216-05","2026-05-20",-1.03373610973358,-0.0226231869310141,0.0337360836565495,0.221061915159225,0.952890813350677,0.970588235294118
"raw_lop025_2d","88981","18216-05","2026-05-20",0.499554395675659,0.298137545585632,0.172280162572861,-0.00675674993544817,0.927823722362518,0.947368421052632
"raw_lop025_2d","88984","18216-05","2026-05-20",-0.503648519515991,-0.191567659378052,-0.239407762885094,0.15673516690731,0.923779964447021,0.972222222222222
"raw_lop025_2d","89000","18156-04","2026-06-02",0.558109104633331,0.0915173217654228,0.372988998889923,-0.117487572133541,0.846148192882538,0.760869565217391
"raw_lop025_2d","89001","18156-04","2026-06-02",-1.58378124237061,1.34329319000244,-0.903240859508514,0.071465827524662,0.924251079559326,1
"raw_lop025_2d","89002","18156-04","2026-06-02",0.857679426670074,0.0878760442137718,0.384726107120514,-0.185003861784935,0.883673131465912,0.822222222222222
"raw_lop025_2d","89003","17287-14","2026-06-02",1.587317943573,0.891869604587555,0.744599044322968,0.267506152391434,0.951506197452545,0.8
"raw_lop025_2d","89032","16808-25","2026-06-03",-1.18613743782043,1.12251889705658,0.186137452721596,0.25191056728363,0.997897505760193,1
"raw_lop025_2d","89034","18230-13","2026-06-03",1.14233291149139,-0.190686270594597,0.264385133981705,-0.152242735028267,0.925518751144409,0.91304347826087
"raw_lop025_2d","89035","18230-13","2026-06-03",1.28874838352203,-0.227229088544846,0.288748413324356,0.462271094322205,0.961866915225983,0.959183673469388
"raw_lop025_2d","89036","18230-13","2026-06-03",1.30210506916046,-0.178453996777534,0.302105069160461,0.424619734287262,0.949031174182892,0.9375
"raw_lop025_2d","89037","18230-13","2026-06-03",1.29781317710876,-0.162141397595406,0.297813177108765,0.516510188579559,0.954973220825195,0.938775510204082
"raw_lop025_2d","89038","18230-13","2026-06-03",0.300000011920929,-1.4294970035553,0.618052959442139,-0.125640466809273,0.907417774200439,0.5
"raw_lop025_2d","89071","18030-12","2026-06-08",1.20295774936676,-0.787847459316254,0.20295774936676,-0.126451760530472,0.977217495441437,0.977272727272727
"raw_lop025_2d","89107","16725-06","2026-06-10",0.812988102436066,-0.638302624225616,0.210207909345627,-0.238829523324966,0.948411226272583,0.925925925925926
"raw_lop025_2d","89113","15936-18","2026-06-10",-1.56753861904144,-1.02625453472137,-0.863063812255859,-0.488446354866028,0.957850813865662,1
"raw_lop025_2d","89154","16857-07","2026-06-16",-1.17738163471222,0.438037872314453,0.177381634712219,-0.162514969706535,0.973417043685913,0.98
"raw_lop025_2d","89155","16857-07","2026-06-16",-1.17672145366669,0.42256486415863,0.176721453666687,-0.162794679403305,0.973811507225037,0.980392156862745
"raw_lop025_2d","89157","16857-07","2026-06-16",-0.199479088187218,0.536229848861694,-0.187817230820656,0.14533457159996,0.818269550800323,0.703703703703704
"raw_lop025_2d","89158","16857-07","2026-06-16",-0.401311784982681,0.591896057128906,0.0610827803611755,0.213232919573784,0.905706107616425,0.947368421052632
"raw_lop025_2d","89160","16857-07","2026-06-16",-1.17683124542236,1.15537285804749,0.17683120071888,0.194174006581306,0.998285531997681,1
"raw_lop025_2d","89161","16857-07","2026-06-16",-1.58739995956421,0.398625165224075,-0.759195804595947,0.17511722445488,0.90881872177124,0.928571428571429
"raw_lop025_2d","89178","18296-05","2026-06-17",0.473191380500793,-0.0253851413726807,0.215696215629578,0.976460456848145,0.837731301784515,0.788461538461538
"raw_lop025_2d","89179","18296-05","2026-06-17",-1.50611329078674,-0.0663019791245461,-0.506113350391388,0.669395923614502,0.974967062473297,0.972602739726027
"raw_lop025_2d","89180","18296-05","2026-06-17",-1.51041102409363,-0.657764077186584,-0.510411024093628,0.454226613044739,0.995483756065369,1
"raw_lop025_2d","89242","18211-25","2026-06-24",1.43758702278137,0.142590552568436,0.437587022781372,0.335842251777649,0.94912314414978,0.972222222222222
"raw_lop025_2d","89288","16851-14","2026-07-06",-1.16050934791565,-0.0619147233664989,-0.543098330497742,0.654043734073639,0.951459169387817,0.985074626865672
"raw_lop025_2d","89302","16743-04","2026-07-07",1.53014528751373,0.336203783750534,0.530145287513733,-0.289557129144669,0.970299065113068,0.96969696969697
"raw_lop025_2d","89303","16743-04","2026-07-07",1.47359931468964,0.629821479320526,0.473599314689636,-0.022734047845006,0.962435781955719,0.972222222222222
"raw_lop025_2d","89304","16743-04","2026-07-07",1.52902150154114,0.338145196437836,0.529021561145782,-0.332896709442139,0.968321740627289,0.972222222222222
"raw_lop025_2d","89305","16743-04","2026-07-07",-1.46659362316132,0.229065656661987,-0.466593652963638,-0.167868554592133,0.985706865787506,0.985507246376812
"raw_lop025_2d","89306","16743-04","2026-07-07",-0.314937829971313,-0.471616119146347,-0.0792806074023247,-0.0816131085157394,0.895183324813843,0.951612903225806
"raw_lop025_2d","89307","16743-04","2026-07-07",-1.1879597902298,1.12225568294525,0.187959775328636,0.251161366701126,0.997856616973877,1
"raw_lop025_2d","89308","16743-04","2026-07-07",0.631688177585602,0.303910821676254,0.399967104196548,0.0190615952014923,0.893671989440918,0.85
"raw_lop025_2d","89309","16743-04","2026-07-07",1.56353986263275,0.425058931112289,0.563539862632751,-0.183912619948387,0.949519276618958,0.96969696969697
"raw_lop025_2d","89310","16743-04","2026-07-07",0.66889625787735,-0.555410325527191,0.236923858523369,-0.200886264443398,0.924130618572235,0.884615384615385
"raw_lop025_2d","89311","16743-04","2026-07-07",1.48135709762573,0.683269083499908,0.481357157230377,0.0151949133723974,0.964084267616272,1
"raw_lop025_2d","89312","16743-04","2026-07-07",1.5590842962265,0.405946880578995,0.559084296226501,-0.335204631090164,0.970836222171783,1
"raw_lop025_2d","89314","14767-03","2026-07-07",-0.662284433841705,0.959374904632568,0.0942146480083466,0.18446758389473,0.980837464332581,0.983333333333333
"raw_lop025_2d","89315","14767-03","2026-07-07",1.56087362766266,0.479819655418396,0.560873627662659,0.358413636684418,0.993788242340088,1
"raw_lop025_2d","89316","14767-03","2026-07-07",-1.18248879909515,1.11773276329041,0.182488784193993,0.241722866892815,0.997837603092194,1
"raw_lop025_2d","89317","14767-03","2026-07-07",-1.18765532970428,1.12246894836426,0.187655329704285,0.25150665640831,0.997866213321686,1
"raw_lop025_2d","89344","18384-08","2026-07-08",0.508852601051331,-0.325316578149796,0.415946364402771,-0.146897435188293,0.878988564014435,0.911764705882353
"raw_lop025_2d","89345","18384-08","2026-07-08",0.8367999792099,-0.294604688882828,0.407439649105072,-0.273667544126511,0.905500471591949,0.941176470588235
"raw_lop025_2d","89346","18384-08","2026-07-08",1.02679300308228,-0.370724678039551,0.399355292320251,-0.282027453184128,0.917182862758636,0.974358974358974
"raw_lop025_2d","89347","18384-08","2026-07-08",0.798701643943787,-0.32062503695488,0.380579143762589,-0.268201351165771,0.903677761554718,0.925
"raw_lop025_2d","89348","18384-08","2026-07-08",-0.559173882007599,-0.326178342103958,-0.416710913181305,0.0208970885723829,0.921556293964386,0.953125
"raw_lop025_2d","89349","18384-08","2026-07-08",-1.55294096469879,-0.725972533226013,-0.621548771858215,0.658990502357483,0.996332883834839,1
"raw_lop025_2d","89351","18384-08","2026-07-08",-0.586862742900848,-0.285237073898315,-0.379828214645386,0.092239648103714,0.93647712469101,0.967213114754098
"raw_lop025_2d","89352","18384-08","2026-07-08",0.157894968986511,-0.0398520156741142,0.172354012727737,-0.985035061836243,0.639590203762054,0.288888888888889
"raw_lop025_2d","89353","18384-08","2026-07-08",0.319678664207458,0.170036375522614,-0.077183336019516,0.123143702745438,0.825314819812775,0.827586206896552
"raw_lop025_2d","89354","18384-08","2026-07-08",0.322559475898743,0.166998863220215,-0.0805867090821266,0.112925566732883,0.825638651847839,0.847457627118644
"raw_lop025_2d","89355","18384-08","2026-07-08",-0.708637058734894,0.851848602294922,0.105789199471474,0.286929577589035,0.969192266464233,0.982142857142857
"raw_lop025_2d","89357","18384-08","2026-07-08",-0.463012963533401,0.278253734111786,-0.760662794113159,-0.0286699309945107,0.768826365470886,0.75
"raw_lop025_2d","89382","18399-06","2026-07-13",0.356248527765274,-0.00966543704271317,-0.884033799171448,0.467423021793365,0.815162062644958,-0.166666666666667
"raw_lop025_2d","89385","16836-06","2026-07-13",1.06956148147583,-0.260280966758728,0.429354846477509,-0.235120311379433,0.915663599967957,0.897435897435897
"raw_lop025_2d","89386","16836-06","2026-07-13",1.43734800815582,0.0435586087405682,0.4373479783535,0.620169937610626,0.93414968252182,0.918918918918919
"raw_lop025_2d","89387","16836-06","2026-07-13",1.41835069656372,0.0230519697070122,0.418350726366043,0.414632260799408,0.932097673416138,0.923076923076923
"raw_lop025_2d","89389","16836-06","2026-07-13",-1.57931840419769,-0.631382763385773,-0.303170323371887,0.786088824272156,0.996450960636139,1
"raw_lop025_2d","89390","16836-06","2026-07-13",0.247541949152946,0.812012672424316,0.238031879067421,0.029231172055006,0.881707012653351,0.979591836734694
"raw_lop025_2d","89391","16836-06","2026-07-13",0.725231111049652,0.209417268633842,0.472293227910995,-0.129023641347885,0.889135837554932,0.972972972972973
"raw_lop025_2d","89409","17012-14","2026-07-14",0.20000071823597,0.40345561504364,0.13225120306015,0.0197158958762884,0.760407686233521,0.76
"raw_lop025_2d","89410","17012-14","2026-07-14",-1.58278000354767,0.644619107246399,-0.835055351257324,-0.0678288713097572,0.824174821376801,0.680851063829787
"raw_lop025_2d","89411","17012-14","2026-07-14",0.189999997615814,0,1,0,0.705647170543671,0
"raw_lop025_2d","89421","18401-31","2026-07-15",-0.778911411762238,-0.00856526661664248,-0.627141237258911,0.620646834373474,0.874568998813629,0.927272727272727
"raw_lop025_2d","89470","18216-05","2026-07-21",1.171107172966,-0.465419799089432,0.171107187867165,0.545613706111908,0.979839086532593,0.983050847457627
"raw_lop025_2d","89471","18216-05","2026-07-21",0.189999997615814,0,1,0,0.710113286972046,0
"raw_lop025_2d","89472","18216-05","2026-07-21",0.663455545902252,0.184930026531219,0.366585999727249,-0.14139612019062,0.87647408246994,0.886363636363636
"raw_lop025_2d","89473","18216-05","2026-07-21",0.58560985326767,-0.27018740773201,0.102605678141117,0.0871126502752304,0.912073731422424,0.929824561403509
"raw_lop025_2d","89474","18216-05","2026-07-21",1.29283893108368,0.126213073730469,0.292838931083679,0.156263038516045,0.938679456710815,0.978260869565217
"raw_lop025_2d","89475","18216-05","2026-07-21",1.14654862880707,-0.470717251300812,0.146548584103584,0.956850647926331,0.984767436981201,1
"raw_lop025_2d","89476","18216-05","2026-07-21",1.14654862880707,-0.470717251300812,0.146548584103584,0.956850647926331,0.984767436981201,1
"raw_lop025_2d","89477","18216-05","2026-07-21",0.601537644863129,-0.304451763629913,-0.0815560892224312,0.515429139137268,0.946059703826904,0.984375
"raw_lop025_2d","89478","18216-05","2026-07-21",1.04368448257446,-0.401443123817444,-0.0436845049262047,0.623389661312103,0.979736268520355,0.984126984126984
"raw_lop025_2d","89479","18216-05","2026-07-21",0.601537644863129,-0.304451763629913,-0.0815560892224312,0.515429139137268,0.946059703826904,0.984375
"raw_lop025_2d","89480","18216-05","2026-07-21",1.01256716251373,-0.506993472576141,0.012567188590765,0.663626611232758,0.977988123893738,0.983870967741935
"raw_lop025_2d","89481","18216-05","2026-07-21",1.01256716251373,-0.506993472576141,0.012567188590765,0.663626611232758,0.977988123893738,0.983870967741935
"raw_lop025_2d","89482","18216-05","2026-07-21",1.30245232582092,0.0692233890295029,0.302452266216278,0.166750341653824,0.925289988517761,0.914893617021277
"raw_lop025_2d","89483","18216-05","2026-07-21",1.25755882263184,0.185301169753075,0.257558822631836,-0.0882991179823875,0.929558873176575,0.94
"raw_lop025_2d","89484","18216-05","2026-07-21",1.14654862880707,-0.470717251300812,0.146548584103584,0.956850647926331,0.984767436981201,1
"raw_lop025_2d","89485","18216-05","2026-07-21",1.58078527450562,0.624579727649689,-0.612274885177612,0.455286264419556,0.990711510181427,1
"raw_lop025_2d","89486","18216-05","2026-07-21",1.58078527450562,0.624579727649689,-0.612274885177612,0.455286264419556,0.990711510181427,1
"raw_lop025_2d","89487","18216-05","2026-07-21",1.27068030834198,0.248114407062531,0.27068030834198,-0.126307010650635,0.941054165363312,0.958333333333333
"raw_lop025_2d","89488","18216-05","2026-07-21",1.51690602302551,0.657799005508423,-0.516906082630157,0.484845668077469,0.995267987251282,1
"raw_lop025_2d","89489","18216-05","2026-07-21",1.15437865257263,-0.666500985622406,0.154378607869148,0.752250373363495,0.986185967922211,1
"raw_lop025_2d","89490","18216-05","2026-07-21",1.18996226787567,-1.11407876014709,0.18996225297451,0.247410207986832,0.997988164424896,1
"raw_lop025_2d","89491","18216-05","2026-07-21",1.14654862880707,-0.470717251300812,0.146548584103584,0.956850647926331,0.984767436981201,1
"raw_lop025_2d","89492","18216-05","2026-07-21",1.16087365150452,-0.215505003929138,-0.0247435867786407,0.999693751335144,0.93945974111557,0.933333333333333
"raw_lop025_2d","89493","18216-05","2026-07-21",1.2576904296875,0.369987517595291,0.2576904296875,-0.213721752166748,0.946348130702972,0.96078431372549
"raw_lop025_2d","89494","18216-05","2026-07-21",1.04368662834167,-0.397689074277878,-0.0436866395175457,0.621396362781525,0.979830861091614,0.984126984126984
"raw_lop025_2d","89495","18216-05","2026-07-21",0.382597148418427,0.387063801288605,-0.101892247796059,-0.119682356715202,0.927743256092072,0.968253968253968
"raw_lop025_2d","89523","18431-31","2026-07-22",-1.54367959499359,-0.342067122459412,-0.602782905101776,0.61179655790329,0.966884970664978,0.984848484848485
"raw_lop025_2d","89542","18216-05","2026-07-22",0.292540311813354,-0.17659118771553,0.114042557775974,0.280435889959335,0.795567274093628,0.833333333333333
"raw_lop025_2d","89543","18384-08","2026-07-22",0.330000042915344,-0.568363189697266,0.810660362243652,-0.322723597288132,0.91338586807251,0
"raw_lop025_2d","89583","18258-07","2026-08-04",1.58357441425323,-0.074390672147274,0.629916250705719,-0.0575162544846535,0.937919139862061,0.888888888888889
"raw_lop025_2d","89584","18258-07","2026-08-04",-0.508295476436615,-0.364729255437851,-0.308483868837357,-0.0318056158721447,0.942881762981415,0.955223880597015
"raw_lop025_2d","89585","18258-07","2026-08-04",0.274441570043564,0.271861702203751,0.106418520212173,0.0560186803340912,0.815019905567169,0.666666666666667
"raw_lop025_2d","89631","18389-04","2026-08-05",1.57369565963745,0.132001355290413,0.573695600032806,-0.320318549871445,0.950672030448914,0.892857142857143
"raw_lop025_2d","89632","18389-04","2026-08-05",0.385764509439468,0.299670994281769,0.116044498980045,-0.0412076935172081,0.897640109062195,0.897959183673469
"raw_lop025_2d","89633","18389-04","2026-08-05",-1.44659018516541,0.18780805170536,-0.446590185165405,-0.483908593654633,0.989596128463745,1
"raw_lop025_2d","89634","18389-04","2026-08-05",1.0556001663208,0.00655011739581823,-0.11015934497118,-0.606963157653809,0.960587322711945,0.96551724137931
"raw_lop025_2d","89668","18216-05","2026-08-10",1.52611637115479,-0.828949689865112,-0.249200999736786,-0.546835780143738,0.999553084373474,1
"raw_lop025_2d","89669","18216-05","2026-08-10",0.529492616653442,-0.534185886383057,-0.117339059710503,-0.195801511406898,0.968539535999298,0.982758620689655
"raw_lop025_2d","89670","18216-05","2026-08-10",1.492635846138,-0.779860436916351,-0.248324304819107,-0.546843528747559,0.999585688114166,1
"raw_lop025_2d","89693","16300-07","2026-08-11",1.5746488571167,0.448851257562637,0.633508503437042,0.0800811946392059,0.9581059217453,1
"raw_lop025_2d","89694","16300-07","2026-08-11",-1.5277144908905,-0.660363912582397,-0.527714550495148,0.522572636604309,0.995086252689362,1
"raw_lop025_2d","89695","16300-07","2026-08-11",1.15703821182251,0.0143407173454762,0.467047274112701,0.694388628005981,0.912512540817261,0.861111111111111
"raw_lop025_2d","89751","18030-12","2026-08-12",1.17276644706726,-0.855507075786591,0.172766447067261,0.398247838020325,0.998865485191345,1
"raw_lop025_2d","89780","17912-25","2026-08-17",-0.636089086532593,0.603715896606445,-0.324459791183472,-0.127778768539429,0.967173099517822,0.980769230769231
"raw_lop025_2d","89784","17837-13","2026-08-17",-1.58577847480774,0.528502881526947,-0.76815402507782,0.0330555811524391,0.883557736873627,0.955555555555556
"raw_lop025_2d","89816","18525-06","2026-08-18",0.160000026226044,0,1,0,0.664558112621307,0
"raw_lop025_2d","89817","18525-06","2026-08-18",-0.0501473993062973,0,-0.706799387931824,0,0.513906896114349,-0.156862745098039
"raw_lop025_2d","89842","15387-12","2026-08-18",-0.590731561183929,-0.0168862566351891,-0.705330431461334,0.708878755569458,0.796118438243866,0.658536585365854
"raw_lop025_2d","89843","12786-12","2026-08-18",0.37290957570076,0.0268726460635662,-0.461278975009918,0.221340015530586,0.832062304019928,0.86
"raw_lop025_2d","89844","12786-12","2026-08-18",0.431750804185867,0.016074612736702,-0.354646116495132,0.457289338111877,0.883326351642609,0.907407407407407
"raw_lop025_2d","89864","18189-14","2026-08-19",0.204413294792175,-0.40158748626709,-0.232359483838081,0.0719282478094101,0.756604611873627,0.807017543859649
"raw_lop025_2d","89865","18189-14","2026-08-19",-0.172947108745575,0.716759443283081,-0.516564011573792,0.0322788134217262,0.796099841594696,0.816326530612245
"raw_lop025_2d","89867","17324-33","2026-08-19",-0.384453386068344,-0.282412499189377,-0.633102357387543,-0.108608812093735,0.830445408821106,0.666666666666667
"raw_lop025_2d","89929","17818-24","2026-09-01",0.560468375682831,0.15013200044632,-0.310560017824173,0.222347855567932,0.931224584579468,0.970588235294118
"raw_lop025_2d","89930","17818-24","2026-09-01",-1.06549966335297,0.773917555809021,0.0654997155070305,0.674099028110504,0.97491580247879,0.96875
"raw_lop025_2d","89931","17818-24","2026-09-01",-0.383366674184799,0.60047847032547,0.00310143455862999,0.139441683888435,0.926407217979431,0.953125
"raw_lop025_2d","89932","17662-07","2026-09-01",1.41377258300781,0.185282796621323,0.41377255320549,-0.160595342516899,0.967602252960205,0.970588235294118
"raw_lop025_2d","89933","17662-07","2026-09-01",-0.218859538435936,0.601608395576477,0.194730713963509,-0.0442948676645756,0.803257048130035,0.857142857142857
"raw_lop025_2d","89934","17662-07","2026-09-01",-1.18559372425079,1.16598927974701,0.185593768954277,0.260741174221039,0.997912168502808,1
"raw_lop025_2d","89935","17914-13","2026-09-01",1.59139108657837,0.182043135166168,0.60057920217514,-0.054897878319025,0.959126889705658,0.944444444444444
"raw_lop025_2d","89936","17914-13","2026-09-01",-0.860096037387848,0.0237731356173754,-0.401017397642136,0.460905998945236,0.965074181556702,0.985294117647059
"raw_lop025_2d","89937","15295-07","2026-09-01",1.58414602279663,0.417060881853104,0.638680517673492,0.176886722445488,0.949067890644073,1
"raw_lop050_2d","88450","15347-07","2026-03-23",1.5655529499054,1.20504248142242,0.730617702007294,0.399007320404053,0.970640480518341,0.916666666666667
"raw_lop050_2d","88451","15347-07","2026-03-23",1.55119025707245,-0.201459065079689,0.575332641601562,-0.156104430556297,0.953987717628479,1
"raw_lop050_2d","88452","15347-07","2026-03-23",1.54785871505737,-0.310576111078262,0.580328822135925,-0.250423908233643,0.953006207942963,1
"raw_lop050_2d","88453","15347-07","2026-03-23",1.48663425445557,-0.309453308582306,0.581813395023346,-0.265315413475037,0.95508086681366,1
"raw_lop050_2d","88454","15347-07","2026-03-23",1.54042983055115,-0.294363081455231,0.580666422843933,-0.223454251885414,0.951026678085327,0.962962962962963
"raw_lop050_2d","88455","15347-07","2026-03-23",1.54089784622192,0.230700209736824,0.606149196624756,0.37995371222496,0.935970723628998,0.88
"raw_lop050_2d","88474","17474-06","2026-03-24",1.24389517307281,-0.320135027170181,0.243895217776299,-0.451664656400681,0.933190524578094,0.916666666666667
"raw_lop050_2d","88475","17474-06","2026-03-24",0.520888984203339,-0.0274303741753101,0.161145091056824,0.986930727958679,0.897548496723175,0.866666666666667
"raw_lop050_2d","88477","16487-12","2026-03-24",-1.48023879528046,-0.635538756847382,-0.582945227622986,0.614721477031708,0.990506708621979,0.985915492957746
"raw_lop050_2d","88493","18137-05","2026-03-24",0.264198780059814,0.880176961421967,0.182779431343079,0.0618521273136139,0.913496613502502,1
"raw_lop050_2d","88502","10634-29","2026-03-25",-0.340000033378601,-0.846515417098999,-0.961423516273499,-0.162035495042801,0.854832053184509,0.631578947368421
"raw_lop050_2d","88503","10634-29","2026-03-25",-0.460000038146973,-1.02763485908508,-0.960034489631653,-0.190551146864891,0.89187616109848,0.538461538461538
"raw_lop050_2d","88504","10634-29","2026-03-25",-1,0,-0.961008906364441,0,0.81963324546814,-4.14285714285714
"raw_lop050_2d","88506","10634-29","2026-03-25",-0.389999985694885,-0.928325235843658,-0.98093569278717,-0.188078075647354,0.86183887720108,0.588235294117647
"raw_lop050_2d","88507","10634-29","2026-03-25",-0.430000066757202,-1.00972533226013,-0.952087342739105,-0.188995137810707,0.880492091178894,0.625
"raw_lop050_2d","88544","16569-25","2026-04-06",-0.388633728027344,-0.249454125761986,0.879226505756378,0.16074974834919,0.832959592342377,0.75
"raw_lop050_2d","88613","17170-07","2026-04-13",1.540083527565,0.250650525093079,0.658319056034088,0.244770124554634,0.946844220161438,0.75
"raw_lop050_2d","88614","17170-07","2026-04-13",1.54375970363617,-0.330549836158752,0.611828804016113,-0.485258400440216,0.959462940692902,0.833333333333333
"raw_lop050_2d","88633","17354-37","2026-04-14",1.52530872821808,-0.52706778049469,0.628442943096161,0.0271438024938107,0.938463687896729,0.818181818181818
"raw_lop050_2d","88634","17690-07","2026-04-14",0.415801733732224,0.324309080839157,-0.220352530479431,0.0617657154798508,0.913213849067688,0.920634920634921
"raw_lop050_2d","88646","17757-29","2026-04-15",-1.52346229553223,0.730989098548889,-0.870106399059296,0.0441919341683388,0.888316512107849,0.72972972972973
"raw_lop050_2d","88647","17522-12","2026-04-15",-1.50674498081207,0.360807925462723,-0.741772949695587,-0.356894135475159,0.957671403884888,0.938775510204082
"raw_lop050_2d","88648","17522-12","2026-04-15",-1.52166175842285,-0.607999086380005,-0.630125641822815,0.352409243583679,0.992609322071075,1
"raw_lop050_2d","88680","18156-04","2026-04-21",0.254863798618317,0.83305025100708,0.343969881534576,0.0831522718071938,0.901241600513458,0.930232558139535
"raw_lop050_2d","88681","18156-04","2026-04-21",-1.51213526725769,-0.628190636634827,-0.631529569625854,0.502036690711975,0.990508317947388,1
"raw_lop050_2d","88682","18156-04","2026-04-21",0.283520996570587,0.809756398200989,0.0881790444254875,0.0577012449502945,0.936944603919983,0.96
"raw_lop050_2d","88683","18156-04","2026-04-21",-0.548781037330627,-0.0319625288248062,-0.371606975793839,-0.36772820353508,0.913529515266418,0.966666666666667
"raw_lop050_2d","88684","18156-04","2026-04-21",0.330208629369736,0.605327785015106,0.0245056077837944,0.0607912167906761,0.95828378200531,0.979591836734694
"raw_lop050_2d","88685","18156-04","2026-04-21",-1.08851218223572,0.0694324970245361,0.0427372306585312,0.964128851890564,0.9568852186203,0.96551724137931
"raw_lop050_2d","88686","18156-04","2026-04-21",-0.412203133106232,-0.215886995196342,-0.255224198102951,0.119743295013905,0.88784247636795,0.942857142857143
"raw_lop050_2d","88687","18156-04","2026-04-21",-0.714335381984711,-0.265495449304581,-0.28619447350502,0.273334205150604,0.966094732284546,0.986111111111111
"raw_lop050_2d","88688","18156-04","2026-04-21",-1.35682845115662,-1.16273033618927,0.356828510761261,-0.481792241334915,0.992604494094849,1
"raw_lop050_2d","88689","18156-04","2026-04-21",-0.588407039642334,0.268203109502792,0.118065528571606,0.0461883060634136,0.907669007778168,0.941176470588235
"raw_lop050_2d","88690","18156-04","2026-04-21",-1.15001845359802,0.203731387853622,0.150018498301506,0.298552304506302,0.951546609401703,0.95
"raw_lop050_2d","88691","18156-04","2026-04-21",-1.18039429187775,0.214093506336212,0.180394306778908,0.0901856645941734,0.944623589515686,0.947368421052632
"raw_lop050_2d","88692","18156-04","2026-04-21",-0.348617404699326,-0.210987731814384,-0.405464231967926,0.036954253911972,0.831499218940735,0.895522388059702
"raw_lop050_2d","88693","18156-04","2026-04-21",1.29798531532288,0.123940229415894,0.297985285520554,-0.433112233877182,0.933396875858307,0.936170212765957
"raw_lop050_2d","88694","18156-04","2026-04-21",-1.25839781761169,-0.118229672312737,0.258397847414017,-0.384826928377151,0.937163293361664,0.942307692307692
"raw_lop050_2d","88695","18156-04","2026-04-21",0.312372237443924,0.624286711215973,0.105920270085335,0.0429741069674492,0.938794910907745,0.94
"raw_lop050_2d","88696","18156-04","2026-04-21",-1.18139445781708,0.253088593482971,0.181394472718239,-0.00369580555707216,0.951471090316772,0.948275862068966
"raw_lop050_2d","88697","18156-04","2026-04-21",-1.111079454422,-0.152583286166191,0.0826345235109329,-0.795878529548645,0.961984276771545,0.966101694915254
"raw_lop050_2d","88698","18156-04","2026-04-21",-0.576580226421356,-0.272968679666519,-0.245528414845467,0.149410098791122,0.951377213001251,0.971830985915493
"raw_lop050_2d","88699","18156-04","2026-04-21",-1.18139445781708,0.253088593482971,0.181394472718239,-0.00369580555707216,0.951471090316772,0.948275862068966
"raw_lop050_2d","88700","18156-04","2026-04-21",0.713832080364227,0.611597716808319,0.269697904586792,-0.360441625118256,0.910060346126556,0.958333333333333
"raw_lop050_2d","88701","18156-04","2026-04-21",-0.660935759544373,-0.373255372047424,-0.34951314330101,0.104656010866165,0.964556992053986,0.986111111111111
"raw_lop050_2d","88702","18156-04","2026-04-21",0.327240914106369,0.592669665813446,0.0383251458406448,-0.00275616394355893,0.935414671897888,0.947368421052632
"raw_lop050_2d","88703","18156-04","2026-04-21",-1.14820194244385,1.12139701843262,0.148201942443848,0.257114380598068,0.997429847717285,1
"raw_lop050_2d","88704","18156-04","2026-04-21",-0.628720462322235,0.582461297512054,0.0835351049900055,0.196791172027588,0.931598961353302,0.967213114754098
"raw_lop050_2d","88705","18156-04","2026-04-21",-0.345533847808838,-0.537305593490601,-0.00314146559685469,-0.0567809715867043,0.931622624397278,0.967741935483871
"raw_lop050_2d","88706","18156-04","2026-04-21",0.336709558963776,0.413958936929703,-0.104292586445808,-0.0682859495282173,0.89904260635376,0.938461538461538
"raw_lop050_2d","88707","18156-04","2026-04-21",-1.46848440170288,0.189657166600227,-0.468484342098236,-0.455136775970459,0.988924026489258,1
"raw_lop050_2d","88755","18016-13","2026-05-05",-1.51452553272247,0.283358693122864,-0.764212727546692,0.267814368009567,0.904845535755157,0.883720930232558
"raw_lop050_2d","88756","17381-03","2026-05-05",-1.51643347740173,-0.621988296508789,-0.632722973823547,0.403496891260147,0.992188930511475,1
"raw_lop050_2d","88757","17381-03","2026-05-05",-1.52339959144592,-0.313613682985306,-0.667951762676239,0.464537739753723,0.969992458820343,0.985294117647059
"raw_lop050_2d","88758","17471-07","2026-05-05",-0.110000014305115,1.09407150745392,0.408243536949158,-0.0843481943011284,0.730934262275696,0.37037037037037
"raw_lop050_2d","88759","17872-33","2026-05-05",-0.877604484558105,0.277775764465332,-0.554032504558563,-0.00155439600348473,0.952681005001068,0.969230769230769
"raw_lop050_2d","88760","17872-33","2026-05-05",-1.49037146568298,-0.609539866447449,-0.631149351596832,0.401612043380737,0.992279291152954,1
"raw_lop050_2d","88761","17405-07","2026-05-05",0.332629889249802,-0.118231244385242,0.222675085067749,0.40771821141243,0.816516935825348,0.804347826086957
"raw_lop050_2d","88794","18107-07","2026-05-06",0.627846956253052,0.307058721780777,-0.348940372467041,0.126532137393951,0.95639032125473,0.986301369863014
"raw_lop050_2d","88812","14309-04","2026-05-11",-1.52377939224243,-0.674579203128815,-0.533591389656067,0.493738263845444,0.99471515417099,1
"raw_lop050_2d","88813","14309-04","2026-05-11",-0.349709182977676,-0.610699653625488,-0.020900284871459,-0.116088531911373,0.950286865234375,1
"raw_lop050_2d","88826","17112-19","2026-05-12",-0.143231764435768,1.32396018505096,0.0450580790638924,-0.088744729757309,0.820821464061737,0.818181818181818
"raw_lop050_2d","88870","18155-25","2026-05-13",1.57584738731384,0.751904666423798,0.597904443740845,0.177858754992485,0.956858158111572,0.875
"raw_lop050_2d","88871","18155-25","2026-05-13",0.34705576300621,0.531896889209747,0.0660588517785072,0.0327634997665882,0.939560353755951,0.918367346938776
"raw_lop050_2d","88872","15258-25","2026-05-13",1.5473530292511,0.761017858982086,0.563763797283173,0.243127226829529,0.983160078525543,0.928571428571429
"raw_lop050_2d","88893","18216-05","2026-05-20",1.16343367099762,-0.484819412231445,0.163433626294136,0.112605206668377,0.972587525844574,0.983050847457627
"raw_lop050_2d","88894","18216-05","2026-05-20",0.640510857105255,-0.146987497806549,-0.0444381646811962,0.68489795923233,0.920185148715973,0.940298507462687
"raw_lop050_2d","88897","18216-05","2026-05-20",0.657775819301605,-0.00432825926691294,0.0594282075762749,0.686559975147247,0.901133596897125,0.90625
"raw_lop050_2d","88898","18216-05","2026-05-20",1.08907389640808,-0.158307522535324,-0.0890739560127258,0.316648572683334,0.969589650630951,0.985714285714286
"raw_lop050_2d","88899","18216-05","2026-05-20",-0.776718974113464,0.0680686756968498,-0.00242395279929042,-0.621414721012115,0.935428440570831,0.925373134328358
"raw_lop050_2d","88900","18216-05","2026-05-20",1.52461409568787,0.674798548221588,-0.534418106079102,0.497839868068695,0.995019733905792,1
"raw_lop050_2d","88901","18216-05","2026-05-20",0.626543581485748,-0.0660685673356056,-0.0363856703042984,0.999337792396545,0.914689719676971,0.955223880597015
"raw_lop050_2d","88902","18216-05","2026-05-20",0.423067301511765,0.163884177803993,0.204218626022339,-0.0143150817602873,0.841183483600616,0.821428571428571
"raw_lop050_2d","88903","18216-05","2026-05-20",0.490593820810318,-0.0157730039209127,0.0860706120729446,0.832894086837769,0.868644654750824,0.868852459016393
"raw_lop050_2d","88904","18216-05","2026-05-20",1.08364903926849,-0.853090226650238,-0.859302222728729,-0.0680355206131935,0.837544322013855,0.790697674418605
"raw_lop050_2d","88905","18216-05","2026-05-20",0.77404648065567,-0.0248970966786146,0.041183989495039,0.901560842990875,0.915377020835876,0.939393939393939
"raw_lop050_2d","88906","18216-05","2026-05-20",0.552460312843323,0.0269393306225538,0.0164428688585758,0.257226169109344,0.894276916980743,0.907692307692308
"raw_lop050_2d","88907","18216-05","2026-05-20",1.13617432117462,-0.269656747579575,-0.136174365878105,0.747037410736084,0.976468145847321,0.985507246376812
"raw_lop050_2d","88908","18216-05","2026-05-20",0.654631316661835,-0.0703417733311653,0.0839893668889999,-0.44797745347023,0.898915886878967,0.904761904761905
"raw_lop050_2d","88909","18216-05","2026-05-20",0.874655604362488,0.116880416870117,-0.107290029525757,0.32925933599472,0.956564486026764,0.957746478873239
"raw_lop050_2d","88910","18216-05","2026-05-20",-0.670814990997314,0.192370593547821,-0.554838180541992,0.0182724948972464,0.92173558473587,0.923076923076923
"raw_lop050_2d","88911","18216-05","2026-05-20",-0.801867425441742,0.327879071235657,-0.692193448543549,-0.0698366761207581,0.916189610958099,0.895833333333333
"raw_lop050_2d","88912","18216-05","2026-05-20",1.1925482749939,-0.609002590179443,0.192548289895058,-0.32121729850769,0.942529201507568,0.912280701754386
"raw_lop050_2d","88913","18216-05","2026-05-20",-0.558119475841522,0.270773738622665,-0.0208666790276766,0.496320903301239,0.917504668235779,0.925373134328358
"raw_lop050_2d","88914","18216-05","2026-05-20",-0.940441250801086,0.0304399468004704,0.0558499731123447,-0.684727847576141,0.931419909000397,0.923076923076923
"raw_lop050_2d","88915","18216-05","2026-05-20",0.461802870035172,-0.0517723187804222,-0.0435072258114815,0.148016095161438,0.877111971378326,0.909090909090909
"raw_lop050_2d","88917","18216-05","2026-05-20",-1.05279362201691,0.357895642518997,0.0527936182916164,0.883048355579376,0.979690968990326,0.985294117647059
"raw_lop050_2d","88918","18216-05","2026-05-20",-0.687015354633331,0.00569885084405541,-0.102363966405392,-0.869934022426605,0.934634447097778,0.929577464788732
"raw_lop050_2d","88919","18216-05","2026-05-20",1.14372313022614,0.0619073063135147,-0.143723160028458,0.210070461034775,0.970797657966614,0.972602739726027
"raw_lop050_2d","88920","18216-05","2026-05-20",1.16749179363251,-0.232171714305878,0.167491808533669,0.0373411439359188,0.940783083438873,0.934426229508197
"raw_lop050_2d","88921","18216-05","2026-05-20",1.02265393733978,-0.00473161460831761,-0.0226539522409439,0.438042730093002,0.945785880088806,0.971014492753623
"raw_lop050_2d","88922","18216-05","2026-05-20",0.62194949388504,-0.0843491777777672,-0.0687680840492249,0.51529061794281,0.921573400497437,0.971014492753623
"raw_lop050_2d","88923","18216-05","2026-05-20",1.11623346805573,-0.117410160601139,-0.116233430802822,0.317726880311966,0.971012890338898,0.971830985915493
"raw_lop050_2d","88924","18216-05","2026-05-20",0.463734418153763,0.0338029451668262,-0.0552125759422779,0.149457544088364,0.87611335515976,0.911764705882353
"raw_lop050_2d","88925","18216-05","2026-05-20",0.524163246154785,-0.0232937559485435,0.0910314545035362,-0.563960790634155,0.874084055423737,0.85
"raw_lop050_2d","88926","18216-05","2026-05-20",0.48224264383316,0.207102090120316,0.172386005520821,-0.0315220504999161,0.873880922794342,0.810344827586207
"raw_lop050_2d","88927","18216-05","2026-05-20",0.679654598236084,0.239952638745308,0.190093070268631,-0.0720657855272293,0.910214781761169,0.912280701754386
"raw_lop050_2d","88928","18216-05","2026-05-20",0.582895755767822,0.36438912153244,0.34594139456749,0.0655995011329651,0.932521760463715,0.931034482758621
"raw_lop050_2d","88930","18216-05","2026-05-20",0.174159273505211,0.391798138618469,0.177170649170876,0.100005209445953,0.718301117420197,0.461538461538462
"raw_lop050_2d","88931","18216-05","2026-05-20",0.361751854419708,0.260772258043289,-0.156258508563042,0.0495436452329159,0.876188278198242,0.942028985507246
"raw_lop050_2d","88932","18216-05","2026-05-20",0.487398445606232,0.0235841739922762,-0.689163625240326,0.724605798721313,0.792379856109619,0.716666666666667
"raw_lop050_2d","88933","18216-05","2026-05-20",1.53339171409607,-0.719787180423737,-0.76463121175766,-0.0535356141626835,0.872984707355499,0.844827586206897
"raw_lop050_2d","88934","18216-05","2026-05-20",0.278666019439697,0.557316243648529,0.64047771692276,0.161944419145584,0.839840710163116,0.5
"raw_lop050_2d","88935","18216-05","2026-05-20",1.50432324409485,1.41037487983704,0.814299285411835,0.177665323019028,0.942477464675903,0.857142857142857
"raw_lop050_2d","88937","18216-05","2026-05-20",1.24802350997925,0.0842792168259621,0.887432157993317,0.460938274860382,0.909515261650085,0.833333333333333
"raw_lop050_2d","88938","18216-05","2026-05-20",1.52995717525482,-0.241659924387932,0.813856065273285,-0.46676442027092,0.961925804615021,1
"raw_lop050_2d","88939","18216-05","2026-05-20",0.776056289672852,0.0679877623915672,-0.0936063230037689,0.236858695745468,0.948887586593628,0.942028985507246
"raw_lop050_2d","88940","18216-05","2026-05-20",1.11768519878387,-0.295389026403427,-0.117685243487358,0.581772804260254,0.973996877670288,1
"raw_lop050_2d","88941","18216-05","2026-05-20",1.11648404598236,-0.264239698648453,-0.116484045982361,0.626893162727356,0.976236283779144,1
"raw_lop050_2d","88942","18216-05","2026-05-20",0.549706876277924,0.152464538812637,0.296914964914322,0.0454756431281567,0.860029757022858,0.795918367346939
"raw_lop050_2d","88944","18216-05","2026-05-20",-1.06367361545563,0.280693262815475,0.0636736676096916,0.259274959564209,0.947901964187622,0.935483870967742
"raw_lop050_2d","88945","18216-05","2026-05-20",-1.11623346805573,0.117410160601139,-0.116233430802822,0.317726880311966,0.971012890338898,0.971830985915493
"raw_lop050_2d","88946","18216-05","2026-05-20",-1.64812099933624,0.418341636657715,-0.648120999336243,-0.125072538852692,0.920640528202057,0.927536231884058
"raw_lop050_2d","88947","18216-05","2026-05-20",-0.777067482471466,0.289811462163925,-0.591337442398071,-0.044612955302,0.923291087150574,0.941176470588235
"raw_lop050_2d","88948","18216-05","2026-05-20",-1.50151395797729,0.624807894229889,-0.692005276679993,-0.325005799531937,0.970064997673035,0.982456140350877
"raw_lop050_2d","88949","18216-05","2026-05-20",-1.03248035907745,0.61052131652832,0.0324803851544857,0.642684102058411,0.967400431632996,0.970149253731343
"raw_lop050_2d","88950","18216-05","2026-05-20",-1.47316718101501,0.196392193436623,-0.473167240619659,-0.476852655410767,0.989113330841064,1
"raw_lop050_2d","88951","18216-05","2026-05-20",-1.19636285305023,-0.0272573623806238,-0.196362808346748,-0.363947331905365,0.969666957855225,0.986486486486487
"raw_lop050_2d","88952","18216-05","2026-05-20",-1.14928805828094,1.11646223068237,0.149288028478622,0.262919694185257,0.99744313955307,1
"raw_lop050_2d","88953","18216-05","2026-05-20",-0.650173127651215,0.0381420478224754,0.172229260206223,-0.348958879709244,0.884773015975952,0.890909090909091
"raw_lop050_2d","88954","18216-05","2026-05-20",-0.52864009141922,-0.405595928430557,-0.305536150932312,-0.00298939133062959,0.961265325546265,0.972972972972973
"raw_lop050_2d","88955","18216-05","2026-05-20",-0.5725919008255,-0.303805768489838,-0.250878512859344,0.0972995012998581,0.958852112293243,0.972972972972973
"raw_lop050_2d","88956","18216-05","2026-05-20",-0.770610630512238,-0.235344305634499,-0.222936421632767,0.324392348527908,0.969304978847504,0.972602739726027
"raw_lop050_2d","88957","18216-05","2026-05-20",-0.663720190525055,-0.458832919597626,-0.36118283867836,0.0237257741391659,0.977488040924072,0.986486486486487
"raw_lop050_2d","88958","18216-05","2026-05-20",0.453371673822403,0.311826348304749,0.120269373059273,-0.000468733283923939,0.913504719734192,0.915254237288136
"raw_lop050_2d","88959","18216-05","2026-05-20",0.761156022548676,0.113758601248264,0.0890969634056091,0.0624885596334934,0.914017498493195,0.919354838709677
"raw_lop050_2d","88960","18216-05","2026-05-20",0.511783301830292,0.284025460481644,0.198531344532967,-0.0123307490721345,0.900829374790192,0.910714285714286
"raw_lop050_2d","88961","18216-05","2026-05-20",0.667868554592133,-0.129830449819565,-0.0366506725549698,0.787986040115356,0.92529296875,0.939393939393939
"raw_lop050_2d","88962","18216-05","2026-05-20",1.47452974319458,-0.200724095106125,-0.474529802799225,-0.48478838801384,0.988999128341675,1
"raw_lop050_2d","88963","18216-05","2026-05-20",0.462031900882721,0.298030734062195,0.0708305388689041,-0.0284788552671671,0.915948390960693,0.920634920634921
"raw_lop050_2d","88964","18216-05","2026-05-20",0.546907067298889,-0.00114782189484686,0.0159847736358643,-0.235629066824913,0.887218952178955,0.878787878787879
"raw_lop050_2d","88965","18216-05","2026-05-20",0.230000019073486,0,0.802748918533325,0,0.753288507461548,-1.09090909090909
"raw_lop050_2d","88966","18216-05","2026-05-20",0.443819731473923,0.168415650725365,0.166698038578033,0.0111405812203884,0.864580273628235,0.909090909090909
"raw_lop050_2d","88967","18216-05","2026-05-20",1.08571064472198,-0.165315002202988,-0.085710696876049,0.400347828865051,0.974321842193604,0.985507246376812
"raw_lop050_2d","88968","18216-05","2026-05-20",0.461236506700516,-0.0271020848304033,-0.0217348132282495,0.576164543628693,0.869712650775909,0.892307692307692
"raw_lop050_2d","88969","18216-05","2026-05-20",0.498010396957397,0.214598104357719,0.0771356448531151,-0.0264450833201408,0.897691309452057,0.873015873015873
"raw_lop050_2d","88970","18216-05","2026-05-20",1.13155329227448,-0.231646597385406,-0.131553322076797,0.670196354389191,0.972721576690674,0.985714285714286
"raw_lop050_2d","88971","18216-05","2026-05-20",1.1171977519989,-0.138668373227119,-0.117197811603546,0.201816439628601,0.973137855529785,0.985507246376812
"raw_lop050_2d","88972","18216-05","2026-05-20",0.710663855075836,-0.227140113711357,-0.156809583306313,0.599684417247772,0.951030850410461,0.944444444444444
"raw_lop050_2d","88973","18216-05","2026-05-20",0.710480809211731,-0.222752302885056,-0.175510674715042,0.610485970973969,0.949706554412842,0.972602739726027
"raw_lop050_2d","88974","18216-05","2026-05-20",-0.72798103094101,0.0614769086241722,-0.104023411870003,0.693575322628021,0.935371220111847,0.943661971830986
"raw_lop050_2d","88975","18216-05","2026-05-20",-0.499674320220947,-0.0143475793302059,-0.37393394112587,0.745535016059875,0.909350991249084,0.933333333333333
"raw_lop050_2d","88976","18216-05","2026-05-20",-0.44250625371933,0.33066263794899,-0.0111406939104199,0.343989819288254,0.899210453033447,0.940298507462687
"raw_lop050_2d","88977","18216-05","2026-05-20",-1.24772703647614,-0.0600106492638588,-0.247727021574974,0.385036617517471,0.988825857639313,0.986666666666667
"raw_lop050_2d","88978","18216-05","2026-05-20",-0.856350123882294,-0.115026116371155,-0.0920188203454018,0.324436992406845,0.950681626796722,0.928571428571429
"raw_lop050_2d","88979","18216-05","2026-05-20",-0.75646436214447,-0.079231359064579,-0.100735425949097,0.235651671886444,0.941895961761475,0.957746478873239
"raw_lop050_2d","88980","18216-05","2026-05-20",-1.00147652626038,-0.0280396323651075,0.00147652463056147,0.188335165381432,0.952806651592255,0.970588235294118
"raw_lop050_2d","88981","18216-05","2026-05-20",0.495122402906418,0.312651038169861,0.138691678643227,0.00766509817913175,0.927715837955475,0.947368421052632
"raw_lop050_2d","88984","18216-05","2026-05-20",-0.504011511802673,-0.207898199558258,-0.26727631688118,0.166878744959831,0.924785912036896,0.972222222222222
"raw_lop050_2d","89000","18156-04","2026-06-02",0.551092565059662,0.0526383258402348,0.337806969881058,-0.290607243776321,0.846587240695953,0.782608695652174
"raw_lop050_2d","89001","18156-04","2026-06-02",-1.53783142566681,1.36280810832977,-0.897943615913391,0.0871560052037239,0.915375292301178,1
"raw_lop050_2d","89002","18156-04","2026-06-02",0.854433953762054,0.0592875257134438,0.348328292369843,-0.255599170923233,0.884464859962463,0.822222222222222
"raw_lop050_2d","89003","17287-14","2026-06-02",1.54662823677063,0.636655032634735,0.701265692710876,0.392746448516846,0.950787603855133,0.8
"raw_lop050_2d","89032","16808-25","2026-06-03",-1.15100872516632,1.12393343448639,0.151008695363998,0.266278326511383,0.997413873672485,1
"raw_lop050_2d","89034","18230-13","2026-06-03",1.13663804531097,-0.205971792340279,0.228015273809433,-0.118554875254631,0.92580646276474,0.91304347826087
"raw_lop050_2d","89035","18230-13","2026-06-03",1.25024127960205,-0.222860738635063,0.250241279602051,0.515229284763336,0.960919380187988,0.959183673469388
"raw_lop050_2d","89036","18230-13","2026-06-03",1.26570796966553,-0.153833717107773,0.26570799946785,0.596853256225586,0.947787523269653,0.9375
"raw_lop050_2d","89037","18230-13","2026-06-03",1.25802302360535,-0.163370057940483,0.258022993803024,0.529589653015137,0.95446914434433,0.938775510204082
"raw_lop050_2d","89071","18030-12","2026-06-08",1.16193509101868,-0.843386888504028,0.161935046315193,-0.118674255907536,0.97685307264328,0.977272727272727
"raw_lop050_2d","89107","16725-06","2026-06-10",0.790056943893433,-0.698897540569305,0.174121841788292,-0.207239791750908,0.945552229881287,0.925925925925926
"raw_lop050_2d","89154","16857-07","2026-06-16",-1.1401355266571,0.47959116101265,0.140135571360588,-0.120343610644341,0.973781585693359,0.98
"raw_lop050_2d","89155","16857-07","2026-06-16",-1.14068269729614,0.463680684566498,0.140682741999626,-0.126288339495659,0.974309921264648,0.980392156862745
"raw_lop050_2d","89157","16857-07","2026-06-16",-0.199128895998001,0.587923526763916,-0.209706917405128,0.138881668448448,0.826227962970734,0.666666666666667
"raw_lop050_2d","89158","16857-07","2026-06-16",-0.398013234138489,0.646302461624146,0.0294897593557835,0.202838748693466,0.911504149436951,0.947368421052632
"raw_lop050_2d","89160","16857-07","2026-06-16",-1.15019881725311,1.15550553798676,0.150198772549629,0.229868844151497,0.997735917568207,1
"raw_lop050_2d","89161","16857-07","2026-06-16",-1.52722895145416,0.391375333070755,-0.785879850387573,0.105671584606171,0.904868602752686,0.928571428571429
"raw_lop050_2d","89178","18296-05","2026-06-17",0.470617890357971,-0.0247807055711746,0.187955379486084,0.98217761516571,0.839017450809479,0.788461538461538
"raw_lop050_2d","89179","18296-05","2026-06-17",-1.51435041427612,-0.070343554019928,-0.524254262447357,0.636052072048187,0.974882900714874,0.972602739726027
"raw_lop050_2d","89180","18296-05","2026-06-17",-1.52952814102173,-0.681988954544067,-0.539284229278564,0.499967634677887,0.994881927967072,1
"raw_lop050_2d","89242","18211-25","2026-06-24",1.39687430858612,0.185809299349785,0.396874338388443,0.333075791597366,0.948758900165558,0.972222222222222
"raw_lop050_2d","89288","16851-14","2026-07-06",-1.13063740730286,-0.0582499578595161,-0.554324865341187,0.832300424575806,0.950589060783386,0.985074626865672
"raw_lop050_2d","89302","16743-04","2026-07-07",1.48662126064301,0.360516130924225,0.486621260643005,-0.204749271273613,0.970551669597626,0.96969696969697
"raw_lop050_2d","89303","16743-04","2026-07-07",1.42926740646362,0.65980476140976,0.429267376661301,0.0356771275401115,0.962398409843445,0.972222222222222
"raw_lop050_2d","89304","16743-04","2026-07-07",1.48529267311096,0.350942313671112,0.485292613506317,-0.256546646356583,0.968307793140411,0.972222222222222
"raw_lop050_2d","89305","16743-04","2026-07-07",-1.5199499130249,0.108475096523762,-0.529799163341522,-0.31414806842804,0.982306480407715,0.985507246376812
"raw_lop050_2d","89306","16743-04","2026-07-07",-0.313986301422119,-0.544452548027039,-0.107703253626823,-0.0671176463365555,0.902562022209167,0.951612903225806
"raw_lop050_2d","89307","16743-04","2026-07-07",-1.15227210521698,1.12032175064087,0.152272090315819,0.26423192024231,0.997363388538361,1
"raw_lop050_2d","89308","16743-04","2026-07-07",0.609660148620605,0.333945453166962,0.364856868982315,0.0442918017506599,0.895940721035004,0.85
"raw_lop050_2d","89309","16743-04","2026-07-07",1.51783001422882,0.54711240530014,0.517830014228821,-0.0672198161482811,0.950482666492462,0.96969696969697
"raw_lop050_2d","89310","16743-04","2026-07-07",0.648183166980743,-0.578148722648621,0.200619027018547,-0.175064265727997,0.920353055000305,0.884615384615385
"raw_lop050_2d","89311","16743-04","2026-07-07",1.44628882408142,0.712510943412781,0.446288824081421,0.0354591608047485,0.963482797145844,1
"raw_lop050_2d","89312","16743-04","2026-07-07",1.50923609733582,0.413575887680054,0.509236037731171,-0.236533164978027,0.97068053483963,1
"raw_lop050_2d","89314","14767-03","2026-07-07",-0.658393502235413,0.974443018436432,0.0605395659804344,0.185213088989258,0.981097102165222,0.983333333333333
"raw_lop050_2d","89316","14767-03","2026-07-07",-1.14499151706696,1.11311018466949,0.144991487264633,0.251362949609756,0.997347772121429,1
"raw_lop050_2d","89317","14767-03","2026-07-07",-1.15237200260162,1.12276339530945,0.15237195789814,0.264692395925522,0.997372806072235,1
"raw_lop050_2d","89344","18384-08","2026-07-08",0.490758925676346,-0.370615392923355,0.381767749786377,-0.129069745540619,0.880653142929077,0.852941176470588
"raw_lop050_2d","89345","18384-08","2026-07-08",0.801828026771545,-0.301448464393616,0.371501594781876,-0.243328616023064,0.903672695159912,0.882352941176471
"raw_lop050_2d","89346","18384-08","2026-07-08",0.990084171295166,-0.392860800027847,0.362732887268066,-0.247119471430779,0.916904389858246,0.974358974358974
"raw_lop050_2d","89347","18384-08","2026-07-08",0.767378091812134,-0.343562453985214,0.344018548727036,-0.236597180366516,0.902963399887085,0.9
"raw_lop050_2d","89348","18384-08","2026-07-08",-0.561774432659149,-0.375056535005569,-0.440501123666763,0.0259565301239491,0.923395752906799,0.953125
"raw_lop050_2d","89349","18384-08","2026-07-08",-1.52175068855286,-0.746880650520325,-0.637963652610779,0.673341810703278,0.996013522148132,1
"raw_lop050_2d","89351","18384-08","2026-07-08",-0.588869452476501,-0.31842452287674,-0.403872072696686,0.0998791307210922,0.937393665313721,0.967213114754098
"raw_lop050_2d","89352","18384-08","2026-07-08",0.153640225529671,-0.0414080582559109,0.175671875476837,-0.984448790550232,0.632588744163513,0.222222222222222
"raw_lop050_2d","89353","18384-08","2026-07-08",0.317613810300827,0.191471621394157,-0.106224864721298,0.128222167491913,0.826860904693604,0.793103448275862
"raw_lop050_2d","89354","18384-08","2026-07-08",0.320427387952805,0.189173400402069,-0.109881110489368,0.119240522384644,0.827269613742828,0.847457627118644
"raw_lop050_2d","89355","18384-08","2026-07-08",-0.708671510219574,0.870479762554169,0.0719921737909317,0.290349274873734,0.968600273132324,0.982142857142857
"raw_lop050_2d","89357","18384-08","2026-07-08",-0.478831887245178,0.264955997467041,-0.770051240921021,-0.0374798104166985,0.765486180782318,0.7
"raw_lop050_2d","89382","18399-06","2026-07-13",0.372765511274338,-0.00361573346890509,-0.892907559871674,0.450240015983582,0.819482982158661,-0.166666666666667
"raw_lop050_2d","89385","16836-06","2026-07-13",1.03210711479187,-0.254704833030701,0.393070548772812,-0.206084161996841,0.914170742034912,0.897435897435897
"raw_lop050_2d","89386","16836-06","2026-07-13",1.40283143520355,0.0415595769882202,0.402831465005875,0.652117013931274,0.933619320392609,0.918918918918919
"raw_lop050_2d","89387","16836-06","2026-07-13",1.3851420879364,-0.228987276554108,0.385142117738724,-0.286060363054276,0.934450805187225,0.923076923076923
"raw_lop050_2d","89389","16836-06","2026-07-13",-1.53852987289429,-0.62617439031601,-0.369255006313324,0.803354322910309,0.995973587036133,1
"raw_lop050_2d","89390","16836-06","2026-07-13",0.245591163635254,0.830111920833588,0.208705902099609,0.0368694216012955,0.878227770328522,0.979591836734694
"raw_lop050_2d","89391","16836-06","2026-07-13",0.709747314453125,0.216899022459984,0.426903754472733,-0.0479382015764713,0.889825999736786,0.972972972972973
"raw_lop050_2d","89409","17012-14","2026-07-14",0.198895081877708,0.438571244478226,0.105121999979019,0.0227360688149929,0.762708783149719,0.74
"raw_lop050_2d","89410","17012-14","2026-07-14",-1.53470897674561,0.943462312221527,-0.850558042526245,-0.0951762422919273,0.825200378894806,0.74468085106383
"raw_lop050_2d","89411","17012-14","2026-07-14",0.189999997615814,0,1,0,0.705414116382599,0
"raw_lop050_2d","89421","18401-31","2026-07-15",-0.795814156532288,0.295484930276871,-0.649960935115814,-0.0752309113740921,0.877110123634338,0.927272727272727
"raw_lop050_2d","89470","18216-05","2026-07-21",1.13524210453033,-0.492240369319916,0.135242149233818,0.559493720531464,0.979683399200439,0.983050847457627
"raw_lop050_2d","89471","18216-05","2026-07-21",0.189999997615814,0,1,0,0.710257589817047,0
"raw_lop050_2d","89472","18216-05","2026-07-21",0.654065191745758,0.199883222579956,0.330823957920074,-0.113684631884098,0.878213047981262,0.909090909090909
"raw_lop050_2d","89473","18216-05","2026-07-21",0.583000898361206,-0.293765485286713,0.0690332353115082,0.100235737860203,0.913050413131714,0.929824561403509
"raw_lop050_2d","89474","18216-05","2026-07-21",1.25365889072418,0.123500049114227,0.253658890724182,0.234048500657082,0.938298344612122,0.978260869565217
"raw_lop050_2d","89475","18216-05","2026-07-21",1.11333084106445,-0.476421505212784,0.113330855965614,0.964408755302429,0.984174728393555,1
"raw_lop050_2d","89476","18216-05","2026-07-21",1.11333084106445,-0.476421505212784,0.113330855965614,0.964408755302429,0.984174728393555,1
"raw_lop050_2d","89477","18216-05","2026-07-21",0.603160619735718,-0.310244351625443,-0.111533291637897,0.519977927207947,0.945455372333527,0.96875
"raw_lop050_2d","89478","18216-05","2026-07-21",1.07620942592621,-0.418000191450119,-0.0762094557285309,0.621560990810394,0.97961413860321,0.984126984126984
"raw_lop050_2d","89479","18216-05","2026-07-21",0.603160619735718,-0.310244351625443,-0.111533291637897,0.519977927207947,0.945455372333527,0.96875
"raw_lop050_2d","89480","18216-05","2026-07-21",1.02491807937622,-0.499971628189087,-0.0249181240797043,0.64793199300766,0.97769033908844,0.983870967741935
"raw_lop050_2d","89481","18216-05","2026-07-21",1.02491807937622,-0.499971628189087,-0.0249181240797043,0.64793199300766,0.97769033908844,0.983870967741935
"raw_lop050_2d","89482","18216-05","2026-07-21",1.26389980316162,0.0681776627898216,0.263899862766266,0.2280592918396,0.925327062606812,0.936170212765957
"raw_lop050_2d","89483","18216-05","2026-07-21",1.22516465187073,0.190987274050713,0.225164592266083,-0.0922661423683167,0.92939567565918,0.94
"raw_lop050_2d","89484","18216-05","2026-07-21",1.11333084106445,-0.476421505212784,0.113330855965614,0.964408755302429,0.984174728393555,1
"raw_lop050_2d","89485","18216-05","2026-07-21",1.54100680351257,0.62177175283432,-0.628755807876587,0.495680600404739,0.990305602550507,1
"raw_lop050_2d","89486","18216-05","2026-07-21",1.54100680351257,0.62177175283432,-0.628755807876587,0.495680600404739,0.990305602550507,1
"raw_lop050_2d","89487","18216-05","2026-07-21",1.24445629119873,0.262728542089462,0.244456246495247,-0.1726104170084,0.941462695598602,0.958333333333333
"raw_lop050_2d","89488","18216-05","2026-07-21",1.52645587921143,0.6750568151474,-0.536241948604584,0.504023194313049,0.9947190284729,1
"raw_lop050_2d","89489","18216-05","2026-07-21",1.12078988552094,-0.659495413303375,0.120789900422096,0.755723655223846,0.985498189926147,0.983333333333333
"raw_lop050_2d","89490","18216-05","2026-07-21",1.15469753742218,-1.1126492023468,0.154697567224503,0.261220932006836,0.997538864612579,1
"raw_lop050_2d","89491","18216-05","2026-07-21",1.11333084106445,-0.476421505212784,0.113330855965614,0.964408755302429,0.984174728393555,1
"raw_lop050_2d","89492","18216-05","2026-07-21",1.12700796127319,-0.22592568397522,-0.0659623742103577,0.997822165489197,0.937243521213531,0.933333333333333
"raw_lop050_2d","89493","18216-05","2026-07-21",1.2205513715744,0.387302130460739,0.220551401376724,-0.179668039083481,0.94680118560791,0.96078431372549
"raw_lop050_2d","89494","18216-05","2026-07-21",1.07622253894806,-0.415268391370773,-0.0762225911021233,0.619444787502289,0.979714930057526,0.984126984126984
"raw_lop050_2d","89495","18216-05","2026-07-21",0.381871461868286,0.412852197885513,-0.130701944231987,-0.102362565696239,0.928540170192719,0.952380952380952
"raw_lop050_2d","89523","18431-31","2026-07-22",-1.49366843700409,-0.355999827384949,-0.651956737041473,0.602649211883545,0.96674919128418,0.984848484848485
"raw_lop050_2d","89542","18216-05","2026-07-22",0.29276916384697,-0.191879659891129,0.0838656798005104,0.259210348129272,0.797515392303467,0.833333333333333
"raw_lop050_2d","89583","18258-07","2026-08-04",1.49911105632782,-0.339239865541458,0.579847693443298,-0.123433463275433,0.94235372543335,0.925925925925926
"raw_lop050_2d","89584","18258-07","2026-08-04",-0.510262310504913,-0.39325162768364,-0.334274500608444,-0.0242090038955212,0.944783508777618,0.955223880597015
"raw_lop050_2d","89585","18258-07","2026-08-04",0.27227109670639,0.277676492929459,0.0764605328440666,0.0718201547861099,0.811781585216522,0.666666666666667
"raw_lop050_2d","89631","18389-04","2026-08-05",1.52412855625153,-0.0413508638739586,0.524128556251526,-0.0237666238099337,0.952030777931213,0.892857142857143
"raw_lop050_2d","89632","18389-04","2026-08-05",0.38375198841095,0.314212560653687,0.0843444466590881,-0.0282936301082373,0.897852540016174,0.897959183673469
"raw_lop050_2d","89633","18389-04","2026-08-05",-1.47080063819885,0.202339082956314,-0.470800578594208,-0.494295537471771,0.988776326179504,1
"raw_lop050_2d","89634","18389-04","2026-08-05",1.07234251499176,0.00669070100411773,-0.141192138195038,-0.605513513088226,0.960501194000244,0.96551724137931
"raw_lop050_2d","89668","18216-05","2026-08-10",1.54054379463196,-0.85290914773941,-0.25626814365387,-0.543415784835815,0.99934995174408,1
"raw_lop050_2d","89669","18216-05","2026-08-10",0.507885575294495,-0.554416835308075,-0.150708839297295,-0.203865945339203,0.96602189540863,0.982758620689655
"raw_lop050_2d","89670","18216-05","2026-08-10",1.49655222892761,-0.787804901599884,-0.258202970027924,-0.541939735412598,0.999450445175171,1
"raw_lop050_2d","89693","16300-07","2026-08-11",1.51673126220703,-0.173707410693169,0.579352676868439,-0.212031364440918,0.957853555679321,1
"raw_lop050_2d","89694","16300-07","2026-08-11",-1.54453599452972,-0.681856095790863,-0.55414605140686,0.565892159938812,0.994413793087006,1
"raw_lop050_2d","89695","16300-07","2026-08-11",1.11181676387787,0.0194258466362953,0.431034237146378,0.70727002620697,0.911720514297485,0.861111111111111
"raw_lop050_2d","89751","18030-12","2026-08-12",1.1345009803772,-0.840591669082642,0.134500965476036,0.414608925580978,0.998539626598358,1
"raw_lop050_2d","89780","17912-25","2026-08-17",-0.636241853237152,0.732335805892944,-0.347169697284698,-0.105261340737343,0.966900229454041,0.980769230769231
"raw_lop050_2d","89784","17837-13","2026-08-17",-1.53476130962372,0.509698987007141,-0.789014458656311,0.0143795758485794,0.880230009555817,0.955555555555556
"raw_lop050_2d","89816","18525-06","2026-08-18",0.160000026226044,0,1,0,0.662134170532227,0
"raw_lop050_2d","89817","18525-06","2026-08-18",-0.0511964745819569,0,-0.702950835227966,0,0.514314234256744,-0.176470588235294
"raw_lop050_2d","89842","15387-12","2026-08-18",-0.595573484897614,-0.0181707181036472,-0.717231214046478,0.696835160255432,0.792417824268341,0.658536585365854
"raw_lop050_2d","89843","12786-12","2026-08-18",0.372529476881027,0.04796127602458,-0.482818394899368,0.0311280153691769,0.831244468688965,0.86
"raw_lop050_2d","89844","12786-12","2026-08-18",0.431935369968414,0.0170624274760485,-0.378817170858383,0.4232117831707,0.882730185985565,0.907407407407407
"raw_lop050_2d","89864","18189-14","2026-08-19",0.202052399516106,-0.473395466804504,-0.249365717172623,0.0536581538617611,0.768154263496399,0.807017543859649
"raw_lop050_2d","89865","18189-14","2026-08-19",-0.172842189669609,0.715417325496674,-0.533642947673798,0.0238531995564699,0.784101545810699,0.816326530612245
"raw_lop050_2d","89867","17324-33","2026-08-19",-0.383988261222839,-0.0282899718731642,-0.651365160942078,0.732456922531128,0.825067639350891,0.666666666666667
"raw_lop050_2d","89929","17818-24","2026-09-01",0.562096118927002,0.155547961592674,-0.335996955633163,0.234880357980728,0.930740058422089,0.970588235294118
"raw_lop050_2d","89930","17818-24","2026-09-01",-1.02936577796936,0.75562059879303,0.0293657798320055,0.665448665618896,0.973655581474304,0.96875
"raw_lop050_2d","89931","17818-24","2026-09-01",-0.38205549120903,0.641035139560699,-0.0269475411623716,0.127784386277199,0.929085373878479,0.953125
"raw_lop050_2d","89932","17662-07","2026-09-01",1.37261545658112,0.211066946387291,0.372615426778793,-0.087284617125988,0.967910587787628,0.970588235294118
"raw_lop050_2d","89933","17662-07","2026-09-01",-0.208063751459122,0.602910399436951,0.144887626171112,-0.0614521950483322,0.784156143665314,0.693877551020408
"raw_lop050_2d","89934","17662-07","2026-09-01",-1.14934754371643,1.17938232421875,0.149347499012947,0.272919654846191,0.997461199760437,1
"raw_lop050_2d","89935","17914-13","2026-09-01",1.52051341533661,0.401380628347397,0.552471160888672,0.110042110085487,0.959976136684418,0.888888888888889
"raw_lop050_2d","89936","17914-13","2026-09-01",-0.866969645023346,0.0198082979768515,-0.423009842634201,0.487470269203186,0.964947938919067,0.985294117647059
"raw_lop050_2d","89937","15295-07","2026-09-01",1.53952407836914,-0.324375569820404,0.584470093250275,-0.290213793516159,0.95146518945694,1
"cap20_balanced_lop025_2d","88450","15347-07","2026-03-23",1.62920105457306,1.24229288101196,0.954268515110016,0.150273755192757,0.958353161811829,0.916666666666667
"cap20_balanced_lop025_2d","88451","15347-07","2026-03-23",1.60973596572876,0.304908633232117,0.753463327884674,-0.073122151196003,0.969016551971436,0.964285714285714
"cap20_balanced_lop025_2d","88452","15347-07","2026-03-23",1.65937602519989,0.481006354093552,0.76457679271698,0.0112117575481534,0.974405944347382,1
"cap20_balanced_lop025_2d","88453","15347-07","2026-03-23",1.61022198200226,0.473977893590927,0.766907274723053,0.0248520243912935,0.97620689868927,1
"cap20_balanced_lop025_2d","88454","15347-07","2026-03-23",1.63621973991394,0.481884986162186,0.761649370193481,0.00318449735641479,0.972789525985718,1
"cap20_balanced_lop025_2d","88455","15347-07","2026-03-23",1.6431360244751,0.661658942699432,0.784628093242645,0.0519138425588608,0.955451190471649,0.88
"cap20_balanced_lop025_2d","88474","17474-06","2026-03-24",1.41427767276764,-0.142598122358322,0.414277672767639,-0.38962534070015,0.922521889209747,0.854166666666667
"cap20_balanced_lop025_2d","88475","17474-06","2026-03-24",0.447660028934479,0.0244638100266457,0.307835578918457,-0.623303830623627,0.881468772888184,0.888888888888889
"cap20_balanced_lop025_2d","88477","16487-12","2026-03-24",-1.55166852474213,0.375699430704117,-0.551668524742126,-0.765547454357147,0.992168843746185,1
"cap20_balanced_lop025_2d","88489","18137-05","2026-03-24",1.56716990470886,0.452307552099228,0.567169904708862,0.648954212665558,0.996461391448975,1
"cap20_balanced_lop025_2d","88493","18137-05","2026-03-24",0.27105376124382,0.464212536811829,0.334226012229919,0.0472292900085449,0.911106765270233,0.96078431372549
"cap20_balanced_lop025_2d","88502","10634-29","2026-03-25",-0.922853112220764,0.887821853160858,-0.850026845932007,0.00705257849767804,0.944488704204559,0.947368421052632
"cap20_balanced_lop025_2d","88503","10634-29","2026-03-25",-1.66321539878845,1.27375543117523,-0.872588574886322,0.0217780154198408,0.962833285331726,0.923076923076923
"cap20_balanced_lop025_2d","88504","10634-29","2026-03-25",-1.7121993303299,0.848320782184601,-0.927875161170959,0.321734458208084,0.978119313716888,0.142857142857143
"cap20_balanced_lop025_2d","88506","10634-29","2026-03-25",-1.13573813438416,1.09977173805237,-0.859641909599304,0.0400357507169247,0.964504063129425,1
"cap20_balanced_lop025_2d","88507","10634-29","2026-03-25",-1.65035653114319,1.34649562835693,-0.857124209403992,0.0577980577945709,0.962497770786285,1
"cap20_balanced_lop025_2d","88544","16569-25","2026-04-06",-0.310000002384186,-0.191296577453613,0.979084312915802,0.149587795138359,0.808395564556122,0.6875
"cap20_balanced_lop025_2d","88613","17170-07","2026-04-13",1.64965093135834,0.596207797527313,0.86042332649231,0.0074328207410872,0.966952979564667,1
"cap20_balanced_lop025_2d","88614","17170-07","2026-04-13",1.66758823394775,0.593553721904755,0.828713357448578,0.109967537224293,0.977750480175018,1
"cap20_balanced_lop025_2d","88633","17354-37","2026-04-14",1.37181544303894,-0.333808362483978,0.789371967315674,-0.0253607574850321,0.9459228515625,0.818181818181818
"cap20_balanced_lop025_2d","88634","17690-07","2026-04-14",0.390763819217682,0.212985962629318,-0.0289201252162457,0.0795936286449432,0.913162112236023,0.904761904761905
"cap20_balanced_lop025_2d","88646","17757-29","2026-04-15",-1.64818727970123,-1.12438750267029,-0.741476058959961,-0.0818947181105614,0.906540274620056,0.945945945945946
"cap20_balanced_lop025_2d","88647","17522-12","2026-04-15",-1.61114585399628,0.58389151096344,-0.611145853996277,-0.288493663072586,0.955515623092651,0.938775510204082
"cap20_balanced_lop025_2d","88648","17522-12","2026-04-15",-1.51815462112427,-0.346135973930359,-0.518154621124268,0.701171338558197,0.995910048484802,1
"cap20_balanced_lop025_2d","88681","18156-04","2026-04-21",-1.51864039897919,-0.421990543603897,-0.518640398979187,0.723489701747894,0.994534075260162,1
"cap20_balanced_lop025_2d","88683","18156-04","2026-04-21",-0.472071528434753,-0.0229684095829725,-0.164031937718391,-0.177283585071564,0.914990186691284,0.95
"cap20_balanced_lop025_2d","88685","18156-04","2026-04-21",-1.26163399219513,-0.446935683488846,0.261633992195129,-0.604055523872375,0.968371689319611,0.982758620689655
"cap20_balanced_lop025_2d","88686","18156-04","2026-04-21",-0.382076293230057,-0.16224929690361,-0.06369898468256,0.0938847288489342,0.896390795707703,0.928571428571429
"cap20_balanced_lop025_2d","88687","18156-04","2026-04-21",-0.738245844841003,-0.215744897723198,-0.0385791398584843,0.181508764624596,0.978361368179321,0.986111111111111
"cap20_balanced_lop025_2d","88689","18156-04","2026-04-21",-0.618581771850586,0.152098178863525,0.294646382331848,0.279910266399384,0.905226528644562,0.941176470588235
"cap20_balanced_lop025_2d","88690","18156-04","2026-04-21",-1.27910268306732,0.0586634576320648,0.279102653264999,0.234395131468773,0.952050745487213,0.95
"cap20_balanced_lop025_2d","88691","18156-04","2026-04-21",-1.35132372379303,0.110765673220158,0.35132372379303,0.692450940608978,0.94756942987442,0.947368421052632
"cap20_balanced_lop025_2d","88692","18156-04","2026-04-21",-0.30947408080101,-0.200921162962914,-0.222739905118942,-0.0129338009282947,0.845575034618378,0.895522388059702
"cap20_balanced_lop025_2d","88696","18156-04","2026-04-21",-1.34314692020416,0.113620683550835,0.343146950006485,0.358446627855301,0.95427018404007,0.948275862068966
"cap20_balanced_lop025_2d","88697","18156-04","2026-04-21",-1.31038475036621,-0.350740969181061,0.310384720563889,-0.82922750711441,0.975861012935638,0.983050847457627
"cap20_balanced_lop025_2d","88698","18156-04","2026-04-21",-0.587841153144836,-0.215031966567039,-0.0148369781672955,0.0884404256939888,0.963846564292908,0.957746478873239
"cap20_balanced_lop025_2d","88699","18156-04","2026-04-21",-1.34314692020416,0.113620683550835,0.343146950006485,0.358446627855301,0.95427018404007,0.948275862068966
"cap20_balanced_lop025_2d","88701","18156-04","2026-04-21",-0.620335042476654,-0.303274929523468,-0.129366829991341,0.00397476041689515,0.980630993843079,0.986111111111111
"cap20_balanced_lop025_2d","88702","18156-04","2026-04-21",0.315126776695251,0.373406589031219,0.20259590446949,-0.0213573109358549,0.926971256732941,0.964912280701754
"cap20_balanced_lop025_2d","88703","18156-04","2026-04-21",-1.27192485332489,1.00807571411133,0.271924883127213,0.297405391931534,0.999387621879578,1
"cap20_balanced_lop025_2d","88704","18156-04","2026-04-21",-0.65588253736496,0.226342231035233,0.25528147816658,0.392196029424667,0.907714068889618,0.967213114754098
"cap20_balanced_lop025_2d","88705","18156-04","2026-04-21",-0.329286068677902,-0.348110288381577,0.166202336549759,-0.0646859034895897,0.920518219470978,0.967741935483871
"cap20_balanced_lop025_2d","88706","18156-04","2026-04-21",0.30955371260643,0.313233435153961,0.0698348358273506,-0.0748080089688301,0.90014261007309,0.938461538461538
"cap20_balanced_lop025_2d","88707","18156-04","2026-04-21",-1.00230848789215,-0.166002124547958,-0.00230843806639314,-0.0537536405026913,0.99363774061203,1
"cap20_balanced_lop025_2d","88755","18016-13","2026-05-05",-1.66422963142395,-1.18269205093384,-0.682324111461639,-0.0202965717762709,0.936532437801361,0.953488372093023
"cap20_balanced_lop025_2d","88756","17381-03","2026-05-05",-1.52343988418579,-0.412362277507782,-0.523439943790436,0.663537740707397,0.995463013648987,1
"cap20_balanced_lop025_2d","88757","17381-03","2026-05-05",-1.51185011863708,-0.726832389831543,-0.482631981372833,0.253688603639603,0.980921506881714,0.985294117647059
"cap20_balanced_lop025_2d","88758","17471-07","2026-05-05",-0.100000023841858,0.777209222316742,0.214139699935913,-0.125374168157578,0.72514134645462,0.444444444444444
"cap20_balanced_lop025_2d","88759","17872-33","2026-05-05",-0.594018161296844,0.169543102383614,-0.354783684015274,0.0821452289819717,0.944489002227783,0.953846153846154
"cap20_balanced_lop025_2d","88760","17872-33","2026-05-05",-1.52047801017761,-0.390766024589539,-0.520478010177612,0.699163019657135,0.995267152786255,1
"cap20_balanced_lop025_2d","88761","17405-07","2026-05-05",0.298833966255188,-0.0957066565752029,0.384749531745911,0.287569463253021,0.808011293411255,0.804347826086957
"cap20_balanced_lop025_2d","88794","18107-07","2026-05-06",0.570455193519592,0.184930235147476,-0.136889845132828,0.15261372923851,0.960539996623993,0.986301369863014
"cap20_balanced_lop025_2d","88812","14309-04","2026-05-11",-1.30579829216003,-0.411924421787262,-0.305798292160034,0.503689587116241,0.997996687889099,1
"cap20_balanced_lop025_2d","88813","14309-04","2026-05-11",-0.324575424194336,-0.390667855739594,0.143443942070007,-0.106013640761375,0.932378470897675,1
"cap20_balanced_lop025_2d","88826","17112-19","2026-05-12",-0.117264918982983,0.301214665174484,0.305403381586075,-0.0427890606224537,0.678229987621307,0.590909090909091
"cap20_balanced_lop025_2d","88870","18155-25","2026-05-13",1.34117579460144,0.577909171581268,0.769318580627441,-0.0684648379683495,0.95876008272171,0.8125
"cap20_balanced_lop025_2d","88871","18155-25","2026-05-13",0.332480192184448,0.302754342556,0.232490703463554,0.0390619449317455,0.929213285446167,0.979591836734694
"cap20_balanced_lop025_2d","88872","15258-25","2026-05-13",1.7252904176712,0.684529781341553,0.754806339740753,0.0270607154816389,0.979630768299103,0.857142857142857
"cap20_balanced_lop025_2d","88900","18216-05","2026-05-20",1.32027339935303,0.381812244653702,-0.320273339748383,0.560972094535828,0.997861444950104,1
"cap20_balanced_lop025_2d","88909","18216-05","2026-05-20",0.908610761165619,0.0549716986715794,0.110043659806252,0.408255398273468,0.946879088878632,0.957746478873239
"cap20_balanced_lop025_2d","88919","18216-05","2026-05-20",1.14470851421356,0.0674264803528786,0.14470848441124,-0.392900288105011,0.961309671401978,0.972602739726027
"cap20_balanced_lop025_2d","88941","18216-05","2026-05-20",1.15498840808868,0.0260393526405096,0.154988452792168,-0.228334128856659,0.958092391490936,0.985915492957746
"cap20_balanced_lop025_2d","88950","18216-05","2026-05-20",-1.0005110502243,-0.156187728047371,0.000511063728481531,-0.134002089500427,0.993375420570374,1
"cap20_balanced_lop025_2d","88951","18216-05","2026-05-20",-1.13870275020599,-0.113233506679535,0.138702765107155,-0.556028962135315,0.968791127204895,0.972972972972973
"cap20_balanced_lop025_2d","88954","18216-05","2026-05-20",-0.487743765115738,-0.251768797636032,-0.0998929217457771,0.0248153563588858,0.95813661813736,0.959459459459459
"cap20_balanced_lop025_2d","88955","18216-05","2026-05-20",-0.543696463108063,-0.187896445393562,-0.0306087899953127,0.123796209692955,0.956220269203186,0.959459459459459
"cap20_balanced_lop025_2d","88956","18216-05","2026-05-20",-0.791094660758972,-0.128374353051186,0.022759547457099,0.369584709405899,0.964928150177002,0.972602739726027
"cap20_balanced_lop025_2d","88957","18216-05","2026-05-20",-0.592349767684937,-0.283623069524765,-0.146967142820358,0.028259415179491,0.978185832500458,0.986486486486487
"cap20_balanced_lop025_2d","88962","18216-05","2026-05-20",1.00271189212799,0.153965502977371,-0.00271186186000705,-0.115465052425861,0.993484497070312,1
"cap20_balanced_lop025_2d","88972","18216-05","2026-05-20",0.581963360309601,-0.200841009616852,0.0391670651733875,0.650509119033813,0.943120896816254,0.958333333333333
"cap20_balanced_lop025_2d","88973","18216-05","2026-05-20",0.577740132808685,-0.184985011816025,0.0291162189096212,0.653740286827087,0.940016746520996,0.958904109589041
"cap20_balanced_lop025_2d","88975","18216-05","2026-05-20",-0.413975536823273,0.00712940562516451,-0.181929305195808,0.590285301208496,0.900967180728912,0.92
"cap20_balanced_lop025_2d","88977","18216-05","2026-05-20",-1.10492098331451,-0.141017735004425,0.104921035468578,-0.433578699827194,0.981538474559784,0.986666666666667
"cap20_balanced_lop025_2d","88979","18216-05","2026-05-20",-0.993717730045319,-0.0509322062134743,0.130032375454903,0.44976732134819,0.940551221370697,0.957746478873239
"cap20_balanced_lop025_2d","88984","18216-05","2026-05-20",-0.455124050378799,-0.124828271567822,-0.0655825883150101,0.202369585633278,0.923133015632629,0.958333333333333
"cap20_balanced_lop025_2d","89003","17287-14","2026-06-02",1.70197117328644,0.8118856549263,0.901004195213318,0.149984985589981,0.942617952823639,0.733333333333333
"cap20_balanced_lop025_2d","89032","16808-25","2026-06-03",-1.27481913566589,1.01582968235016,0.274819135665894,0.31094428896904,0.999431788921356,1
"cap20_balanced_lop025_2d","89034","18230-13","2026-06-03",1.31786477565765,-0.0300727486610413,0.334497541189194,0.942396640777588,0.92538720369339,0.934782608695652
"cap20_balanced_lop025_2d","89035","18230-13","2026-06-03",1.36474251747131,-0.121037542819977,0.364742547273636,0.494874268770218,0.967405080795288,0.959183673469388
"cap20_balanced_lop025_2d","89036","18230-13","2026-06-03",1.3968071937561,-0.109313502907753,0.396807253360748,0.609137535095215,0.957597970962524,0.9375
"cap20_balanced_lop025_2d","89037","18230-13","2026-06-03",1.37171721458435,-0.0539076291024685,0.371717214584351,0.302074819803238,0.961477637290955,0.959183673469388
"cap20_balanced_lop025_2d","89038","18230-13","2026-06-03",0.259999990463257,-1.55813419818878,0.621098518371582,-0.204873606562614,0.927312076091766,0.666666666666667
"cap20_balanced_lop025_2d","89071","18030-12","2026-06-08",1.32425808906555,-1.03950560092926,0.324258089065552,-0.0431671254336834,0.979108810424805,0.977272727272727
"cap20_balanced_lop025_2d","89107","16725-06","2026-06-10",1.34165644645691,-1.09588313102722,0.341656476259232,-0.230025112628937,0.973361194133759,0.981481481481482
"cap20_balanced_lop025_2d","89113","15936-18","2026-06-10",-1.64928984642029,-0.510364949703217,-0.838451087474823,-0.313738912343979,0.979877829551697,1
"cap20_balanced_lop025_2d","89154","16857-07","2026-06-16",-1.31201589107513,0.430448085069656,0.312015861272812,-0.26365140080452,0.97726035118103,0.98
"cap20_balanced_lop025_2d","89155","16857-07","2026-06-16",-1.31617856025696,0.355469971895218,0.316178560256958,-0.185945808887482,0.976788222789764,0.980392156862745
"cap20_balanced_lop025_2d","89157","16857-07","2026-06-16",-0.169145420193672,0.742438971996307,-0.0623762682080269,0.201964765787125,0.870043456554413,0.740740740740741
"cap20_balanced_lop025_2d","89158","16857-07","2026-06-16",-0.377425760030746,0.66323858499527,0.207675978541374,0.267164796590805,0.934967160224915,0.947368421052632
"cap20_balanced_lop025_2d","89160","16857-07","2026-06-16",-1.24910497665405,1.02769947052002,0.249104931950569,0.168710514903069,0.999654531478882,1
"cap20_balanced_lop025_2d","89161","16857-07","2026-06-16",-1.66453313827515,-0.88148695230484,-0.678130269050598,-0.0237353965640068,0.924696922302246,0.880952380952381
"cap20_balanced_lop025_2d","89178","18296-05","2026-06-17",0.386710792779922,-0.0279522240161896,0.322151899337769,0.946688055992126,0.823255360126495,0.788461538461538
"cap20_balanced_lop025_2d","89179","18296-05","2026-06-17",-0.847892999649048,0.147631600499153,-0.324393481016159,0.11569832265377,0.973483264446259,0.972602739726027
"cap20_balanced_lop025_2d","89180","18296-05","2026-06-17",-1.30269312858582,-0.370327591896057,-0.302693158388138,0.499260693788528,0.997860431671143,1
"cap20_balanced_lop025_2d","89242","18211-25","2026-06-24",1.5609405040741,0.0307044982910156,0.560940444469452,0.521532118320465,0.950608789920807,0.972222222222222
"cap20_balanced_lop025_2d","89288","16851-14","2026-07-06",-0.844485402107239,-0.0237234886735678,-0.397165387868881,0.609137415885925,0.953816711902618,0.985074626865672
"cap20_balanced_lop025_2d","89302","16743-04","2026-07-07",1.54274523258209,0.241576656699181,0.542745232582092,0.103233903646469,0.976077616214752,0.96969696969697
"cap20_balanced_lop025_2d","89303","16743-04","2026-07-07",1.35059154033661,0.398269295692444,0.554713606834412,-0.0714704617857933,0.95990663766861,0.944444444444444
"cap20_balanced_lop025_2d","89304","16743-04","2026-07-07",1.54632425308228,0.227336555719376,0.546324193477631,0.0437632128596306,0.975305259227753,0.972222222222222
"cap20_balanced_lop025_2d","89305","16743-04","2026-07-07",-0.814047515392303,0.140774115920067,-0.211149364709854,0.310479909181595,0.980552971363068,0.971014492753623
"cap20_balanced_lop025_2d","89306","16743-04","2026-07-07",-0.28950360417366,-0.295990765094757,0.0525220669806004,-0.0403966121375561,0.875334203243256,0.951612903225806
"cap20_balanced_lop025_2d","89307","16743-04","2026-07-07",-1.27962231636047,1.0029284954071,0.279622375965118,0.314681202173233,0.999380052089691,1
"cap20_balanced_lop025_2d","89308","16743-04","2026-07-07",0.575767934322357,0.181167900562286,0.501748621463776,-0.00844028312712908,0.895245134830475,0.825
"cap20_balanced_lop025_2d","89309","16743-04","2026-07-07",1.23440945148468,0.154220730066299,0.626346945762634,-0.0938502326607704,0.946457266807556,0.96969696969697
"cap20_balanced_lop025_2d","89310","16743-04","2026-07-07",1.28555846214294,-1.09951663017273,0.367187947034836,-0.223495334386826,0.961372673511505,0.980769230769231
"cap20_balanced_lop025_2d","89311","16743-04","2026-07-07",1.4056568145752,0.442868918180466,0.573484718799591,-0.0654231831431389,0.964625239372253,0.972972972972973
"cap20_balanced_lop025_2d","89312","16743-04","2026-07-07",1.59754014015198,0.195159837603569,0.597540199756622,-0.143196627497673,0.981870651245117,1
"cap20_balanced_lop025_2d","89314","14767-03","2026-07-07",-0.692493915557861,0.630321741104126,0.231982126832008,0.158333495259285,0.973347008228302,0.983333333333333
"cap20_balanced_lop025_2d","89315","14767-03","2026-07-07",1.56064796447754,0.419819593429565,0.560647964477539,0.710750818252563,0.997035980224609,1
"cap20_balanced_lop025_2d","89316","14767-03","2026-07-07",-1.2952162027359,1.00689113140106,0.295216202735901,0.341350823640823,0.9993696808815,1
"cap20_balanced_lop025_2d","89317","14767-03","2026-07-07",-1.28256118297577,1.0060955286026,0.282561153173447,0.319154113531113,0.999381899833679,1
"cap20_balanced_lop025_2d","89344","18384-08","2026-07-08",0.506440341472626,-0.317083805799484,0.526627719402313,-0.207996562123299,0.898105442523956,0.911764705882353
"cap20_balanced_lop025_2d","89345","18384-08","2026-07-08",0.96734344959259,-0.335924953222275,0.508096873760223,-0.360548853874207,0.925939917564392,0.911764705882353
"cap20_balanced_lop025_2d","89346","18384-08","2026-07-08",1.49645209312439,-0.590068221092224,0.496452152729034,-0.377177745103836,0.953326821327209,0.974358974358974
"cap20_balanced_lop025_2d","89347","18384-08","2026-07-08",1.0383278131485,-0.453782439231873,0.484743416309357,-0.349109888076782,0.938666343688965,0.95
"cap20_balanced_lop025_2d","89348","18384-08","2026-07-08",-0.489162683486938,-0.159809067845345,-0.259759932756424,0.107400193810463,0.923753380775452,0.953125
"cap20_balanced_lop025_2d","89349","18384-08","2026-07-08",-1.49207258224487,-0.492763102054596,-0.240599125623703,0.863893270492554,0.998387336730957,1
"cap20_balanced_lop025_2d","89351","18384-08","2026-07-08",-0.528575241565704,-0.143198624253273,-0.209828048944473,0.187581166625023,0.942087590694427,0.967213114754098
"cap20_balanced_lop025_2d","89352","18384-08","2026-07-08",0.152662128210068,-0.0269983112812042,0.303473323583603,-0.952839970588684,0.652483522891998,0.355555555555556
"cap20_balanced_lop025_2d","89353","18384-08","2026-07-08",0.326495736837387,0.135925233364105,0.0796962603926659,0.148559808731079,0.852767586708069,0.827586206896552
"cap20_balanced_lop025_2d","89354","18384-08","2026-07-08",0.329322278499603,0.134009286761284,0.0770089477300644,0.140494614839554,0.853149652481079,0.847457627118644
"cap20_balanced_lop025_2d","89355","18384-08","2026-07-08",-0.818630278110504,0.77286684513092,0.240958541631699,0.502557635307312,0.978824317455292,0.982142857142857
"cap20_balanced_lop025_2d","89357","18384-08","2026-07-08",-0.264153033494949,-0.385918110609055,-0.609228789806366,-0.0510955266654491,0.778002440929413,0.6
"cap20_balanced_lop025_2d","89382","18399-06","2026-07-13",0.262970507144928,-0.00599219975993037,-0.779257953166962,0.626703202724457,0.795295417308807,-0.166666666666667
"cap20_balanced_lop025_2d","89385","16836-06","2026-07-13",1.27608132362366,-0.284639120101929,0.529385030269623,-0.332110494375229,0.930498540401459,0.923076923076923
"cap20_balanced_lop025_2d","89386","16836-06","2026-07-13",1.52567291259766,-0.259156316518784,0.525672972202301,-0.489134460687637,0.962490320205688,0.972972972972973
"cap20_balanced_lop025_2d","89387","16836-06","2026-07-13",1.5150271654129,-0.176942065358162,0.515027165412903,-0.452170461416245,0.951467216014862,0.948717948717949
"cap20_balanced_lop025_2d","89389","16836-06","2026-07-13",-1.48308038711548,-0.490513682365417,-0.104397684335709,0.863303303718567,0.998519361019135,1
"cap20_balanced_lop025_2d","89390","16836-06","2026-07-13",0.240593254566193,0.517720937728882,0.363728582859039,-0.00858330819755793,0.891428530216217,0.959183673469388
"cap20_balanced_lop025_2d","89391","16836-06","2026-07-13",0.645255386829376,0.0903862789273262,0.576961398124695,-0.0698044747114182,0.881966531276703,0.972972972972973
"cap20_balanced_lop025_2d","89409","17012-14","2026-07-14",0.183409050107002,0.336992710828781,0.258510410785675,-0.0106567610055208,0.774113714694977,0.76
"cap20_balanced_lop025_2d","89410","17012-14","2026-07-14",-1.65587174892426,-0.949766039848328,-0.698197245597839,-0.0558378845453262,0.844146847724915,0.829787234042553
"cap20_balanced_lop025_2d","89411","17012-14","2026-07-14",0.160000026226044,0,1,0,0.697474658489227,0
"cap20_balanced_lop025_2d","89421","18401-31","2026-07-15",-0.551312327384949,-0.102212622761726,-0.466223657131195,-0.0424805879592896,0.858053863048553,0.909090909090909
"cap20_balanced_lop025_2d","89485","18216-05","2026-07-21",1.5151355266571,0.413376986980438,-0.515135526657104,0.711809873580933,0.994508504867554,1
"cap20_balanced_lop025_2d","89486","18216-05","2026-07-21",1.5151355266571,0.413376986980438,-0.515135526657104,0.711809873580933,0.994508504867554,1
"cap20_balanced_lop025_2d","89488","18216-05","2026-07-21",1.32529902458191,0.384866893291473,-0.325298994779587,0.577307224273682,0.997715413570404,1
"cap20_balanced_lop025_2d","89523","18431-31","2026-07-22",-1.51037096977234,-0.127386838197708,-0.49201488494873,0.682201266288757,0.968384861946106,0.984848484848485
"cap20_balanced_lop025_2d","89543","18384-08","2026-07-22",0.310000002384186,-0.662080764770508,0.883604764938354,-0.468233406543732,0.943858504295349,0.5
"cap20_balanced_lop025_2d","89583","18258-07","2026-08-04",1.68340301513672,-0.220024436712265,0.755476415157318,-0.0914149284362793,0.951641499996185,0.925925925925926
"cap20_balanced_lop025_2d","89584","18258-07","2026-08-04",-0.462777733802795,-0.229591056704521,-0.139138668775558,0.0281031206250191,0.940974175930023,0.955223880597015
"cap20_balanced_lop025_2d","89585","18258-07","2026-08-04",0.277230262756348,0.202753677964211,0.239180162549019,0.0697212293744087,0.837813019752502,0.688888888888889
"cap20_balanced_lop025_2d","89631","18389-04","2026-08-05",1.64221906661987,-0.038083653897047,0.642219126224518,-0.486087381839752,0.953011214733124,0.892857142857143
"cap20_balanced_lop025_2d","89632","18389-04","2026-08-05",0.346691906452179,0.186183080077171,0.239287808537483,0.00690743792802095,0.873225212097168,0.897959183673469
"cap20_balanced_lop025_2d","89633","18389-04","2026-08-05",-1.00971043109894,-0.171223983168602,0.00971037708222866,-0.108856342732906,0.993413984775543,1
"cap20_balanced_lop025_2d","89634","18389-04","2026-08-05",1.13757956027985,0.0492334440350533,0.137579575181007,-0.270384192466736,0.959028244018555,0.96551724137931
"cap20_balanced_lop025_2d","89693","16300-07","2026-08-11",1.61091732978821,0.319835513830185,0.755190908908844,-0.00702682696282864,0.972175300121307,0.961538461538462
"cap20_balanced_lop025_2d","89694","16300-07","2026-08-11",-1.31260192394257,-0.374530881643295,-0.312601953744888,0.538124978542328,0.997737228870392,1
"cap20_balanced_lop025_2d","89695","16300-07","2026-08-11",1.20271694660187,0.0137864472344518,0.55910313129425,0.60882979631424,0.925345838069916,0.888888888888889
"cap20_balanced_lop025_2d","89751","18030-12","2026-08-12",1.26479828357697,-0.812832474708557,0.264798253774643,0.390199691057205,0.999550521373749,1
"cap20_balanced_lop025_2d","89780","17912-25","2026-08-17",-0.505178332328796,0.659375250339508,-0.130074188113213,-0.081397108733654,0.965805292129517,0.980769230769231
"cap20_balanced_lop025_2d","89784","17837-13","2026-08-17",-1.62898111343384,-0.745404779911041,-0.675587475299835,0.00408377405256033,0.873931765556335,0.933333333333333
"cap20_balanced_lop025_2d","89816","18525-06","2026-08-18",0.14000004529953,0,1,0,0.6619952917099,0
"cap20_balanced_lop025_2d","89817","18525-06","2026-08-18",-0.0536951534450054,0.301014274358749,-0.615957498550415,0.0259802713990211,0.585249781608582,0.490196078431373
"cap20_balanced_lop025_2d","89842","15387-12","2026-08-18",-0.443100392818451,-0.37111696600914,-0.598539054393768,-0.00136342935729772,0.827859461307526,0.707317073170732
"cap20_balanced_lop025_2d","89843","12786-12","2026-08-18",0.318750143051147,0.202404960989952,-0.302420973777771,-0.0434764176607132,0.849645018577576,0.84
"cap20_balanced_lop025_2d","89844","12786-12","2026-08-18",0.376709908246994,0.10945151746273,-0.187742650508881,-0.073039636015892,0.888429284095764,0.925925925925926
"cap20_balanced_lop025_2d","89864","18189-14","2026-08-19",0.181822329759598,-0.221574440598488,-0.100845389068127,0.0814018920063972,0.728496015071869,0.807017543859649
"cap20_balanced_lop025_2d","89865","18189-14","2026-08-19",-0.136153116822243,-0.00521383993327618,-0.348023235797882,-0.937485933303833,0.61982798576355,0.387755102040816
"cap20_balanced_lop025_2d","89867","17324-33","2026-08-19",-0.329090118408203,0.00345194665715098,-0.520927369594574,0.853600978851318,0.837829887866974,0.666666666666667
"cap20_balanced_lop025_2d","89929","17818-24","2026-09-01",0.473251432180405,0.0467975549399853,-0.133905664086342,0.519198775291443,0.924964964389801,0.955882352941177
"cap20_balanced_lop025_2d","89930","17818-24","2026-09-01",-1.18783044815063,0.546025991439819,0.187830433249474,0.806576728820801,0.964946568012238,0.953125
"cap20_balanced_lop025_2d","89931","17818-24","2026-09-01",-0.345245212316513,0.536986291408539,0.138876274228096,0.118780739605427,0.933226466178894,0.953125
"cap20_balanced_lop025_2d","89932","17662-07","2026-09-01",1.53604102134705,0.21957291662693,0.536040961742401,-0.293329030275345,0.963087379932404,0.941176470588235
"cap20_balanced_lop025_2d","89933","17662-07","2026-09-01",-0.204544499516487,0.607171714305878,0.339864164590836,-0.0638310983777046,0.820242762565613,0.959183673469388
"cap20_balanced_lop025_2d","89934","17662-07","2026-09-01",-1.27612137794495,1.05666923522949,0.276121437549591,0.311736434698105,0.999428451061249,1
"cap20_balanced_lop025_2d","89935","17914-13","2026-09-01",1.64315783977509,0.218501701951027,0.715758979320526,-0.34108704328537,0.965235412120819,0.944444444444444
"cap20_balanced_lop025_2d","89936","17914-13","2026-09-01",-0.598192870616913,0.0384920053184032,-0.199039459228516,0.485582321882248,0.957083821296692,0.970588235294118
"cap20_balanced_lop025_2d","89937","15295-07","2026-09-01",1.60918021202087,0.576378285884857,0.764616668224335,0.0494415797293186,0.97531533241272,1
