boletin,titulo,origen_iniciativa,codigo_destinacion,comision_destino_sufijo,comision_origen_evento,comision_origen_proxy,origin_proxy_source,origin_proxy_mismatch,tema_proxy_origen,materia_pagina,materias_oficiales,comisiones_tramitacion,temas_proxy_trayectoria,comisiones_sustantivas,ministerios,text_quality,signal_strength,review_reason,origin_evidence_event
18131-06,"Modifica la ley Nº 18.575, orgánica constitucional de Bases Generales de la Administración del Estado, para incorporar una nueva infracción al principio de probidad administrativa, relacionada con la contratación o nombramiento de personas inhabilitadas para trabajar con niños, niñas o adolescentes",parlamentario,06,"Gobierno Interior, Nacionalidad, Ciudadanía y Regionalización",,"Gobierno Interior, Nacionalidad, Ciudadanía y Regionalización",sufijo_boletin,0,Gobierno interior y descentralización,,,"Gobierno Interior, Nacionalidad, Ciudadanía y Regionalización",Gobierno interior y descentralización,"Gobierno Interior, Nacionalidad, Ciudadanía y Regionalización",,utilizable,alta,,
18132-04,"Modifica la ley Nº 20.370, General de Educación, para sancionar a padres y apoderados cuyos hijos o pupilos participen en hechos constitutivos de acoso escolar",parlamentario,04,Educación,,Educación,sufijo_boletin,0,Educación,,,Educación,Educación,Educación,,utilizable,alta,,
18133-07,Modifica la Carta Fundamental para asignar a las Fuerzas Armadas un rol coadyuvante en el resguardo del orden público y la seguridad interior del país,parlamentario,07,"Constitución, Legislación, Justicia y Reglamento",,"Constitución, Legislación, Justicia y Reglamento",sufijo_boletin,0,Constitución y justicia,,,"Constitución, Legislación, Justicia y Reglamento",Constitución y justicia,,,rica,media,origen_transversal,
18135-06,"Modifica la ley N° 18.575, orgánica constitucional de Bases Generales de la Administración del Estado, para resguardar la soberanía nacional en la ejecución de políticas públicas",parlamentario,06,"Gobierno Interior, Nacionalidad, Ciudadanía y Regionalización",,"Gobierno Interior, Nacionalidad, Ciudadanía y Regionalización",sufijo_boletin,0,Gobierno interior y descentralización,,,"Gobierno Interior, Nacionalidad, Ciudadanía y Regionalización",Gobierno interior y descentralización,"Gobierno Interior, Nacionalidad, Ciudadanía y Regionalización",,rica,alta,,
18136-11,Modifica el Código Sanitario para exigir que el etiquetado de medicamentos y vacunas contenga información sobre precauciones y efectos adversos,parlamentario,11,Salud,,Salud,sufijo_boletin,0,Salud,,,Salud,Salud,Salud,,rica,alta,,
18138-07,Modifica la Carta Fundamental para reconocer el derecho de todas las personas a la autodeterminación en materia de inmunización,parlamentario,07,"Constitución, Legislación, Justicia y Reglamento",,"Constitución, Legislación, Justicia y Reglamento",sufijo_boletin,0,Constitución y justicia,,,"Constitución, Legislación, Justicia y Reglamento",Constitución y justicia,,,rica,media,origen_transversal,
18140-07,Modifica la Carta Fundamental para garantizar la autonomía estratégica en inversiones relevantes,parlamentario,07,"Constitución, Legislación, Justicia y Reglamento",,"Constitución, Legislación, Justicia y Reglamento",sufijo_boletin,0,Constitución y justicia,,,"Constitución, Legislación, Justicia y Reglamento",Constitución y justicia,,,rica,media,origen_transversal,
18141-07,Modifica la Carta Fundamental para establecer un Proyecto Educativo Nacional,parlamentario,07,"Constitución, Legislación, Justicia y Reglamento",,"Constitución, Legislación, Justicia y Reglamento",sufijo_boletin,0,Constitución y justicia,,,"Constitución, Legislación, Justicia y Reglamento",Constitución y justicia,,,rica,media,origen_transversal,
18143-07,Modifica la Carta Fundamental para habilitar la convocatoria a plebiscito con el objeto de restituir la pena de muerte en los casos que indica,parlamentario,07,"Constitución, Legislación, Justicia y Reglamento",,"Constitución, Legislación, Justicia y Reglamento",sufijo_boletin,0,Constitución y justicia,,,"Constitución, Legislación, Justicia y Reglamento",Constitución y justicia,,,rica,media,origen_transversal,
18151-24,"Modifica la ley N° 19.132, que crea empresa Televisión Nacional de Chile, con el objeto de modernizar su misión y estrategia de gobernanza",parlamentario,24,"Cultura, Artes y Comunicaciones",,"Cultura, Artes y Comunicaciones",sufijo_boletin,0,Cultura y comunicaciones,,,"Constitución, Legislación, Justicia y Reglamento | Cultura, Artes y Comunicaciones",Constitución y justicia | Cultura y comunicaciones,"Cultura, Artes y Comunicaciones",,rica,alta,trayectoria_multitematica,
18134-11,"Modifica la ley N° 20.606, sobre composición nutricional de los alimentos y su publicidad, para exigir a los establecimientos que expendan alimentos preparados para el consumo humano, que informen si contienen o han sido elaborados con alguno de los ingredientes que indica",parlamentario,11,Salud,,Salud,sufijo_boletin,0,Salud,,,Salud,Salud,Salud,,rica,alta,,
18137-05,"Adopta medidas transitorias para contener el precio del kerosene doméstico en el contexto de la emergencia energética internacional, y otras medidas que indica",ejecutivo,05,Hacienda,,Hacienda,sufijo_boletin,0,Economía y hacienda,,,Hacienda,Economía y hacienda,,Ministerio de Hacienda,rica,media,origen_transversal,
18139-07,"Modifica la Carta Fundamental, para eliminar la atribución presidencial  de otorgar indultos particulares",parlamentario,07,"Constitución, Legislación, Justicia y Reglamento",,"Constitución, Legislación, Justicia y Reglamento",sufijo_boletin,0,Constitución y justicia,,,"Constitución, Legislación, Justicia y Reglamento",Constitución y justicia,,,rica,media,origen_transversal,
18142-35,"Establece el reconocimiento y protección integral de los derechos de las personas con síndrome de Down, y modifica el Código del Trabajo, del modo que indica",parlamentario,35,Personas Mayores y Discapacidad,,Personas Mayores y Discapacidad,sufijo_boletin,0,Personas mayores y discapacidad,,,Personas Mayores y Discapacidad,Personas mayores y discapacidad,Personas Mayores y Discapacidad,,rica,alta,,
18144-07,"Modifica el Código Procesal Penal, para fortalecer la persecución penal del crimen organizado y regular el juicio oral en ausencia del imputado",parlamentario,07,"Constitución, Legislación, Justicia y Reglamento",,"Constitución, Legislación, Justicia y Reglamento",sufijo_boletin,0,Constitución y justicia,,,"Constitución, Legislación, Justicia y Reglamento",Constitución y justicia,,,rica,media,origen_transversal,
18145-07,Modifica la Carta Fundamental para derogar la facultad presidencial de otorgar indultos particulares,parlamentario,07,"Constitución, Legislación, Justicia y Reglamento",,"Constitución, Legislación, Justicia y Reglamento",sufijo_boletin,0,Constitución y justicia,,,"Constitución, Legislación, Justicia y Reglamento",Constitución y justicia,,,rica,media,origen_transversal,
18146-07,Modifica la Carta Fundamental a fin de suprimir la atribución del Presidente de la República para otorgar indultos particulares,parlamentario,07,"Constitución, Legislación, Justicia y Reglamento",,"Constitución, Legislación, Justicia y Reglamento",sufijo_boletin,0,Constitución y justicia,,,"Constitución, Legislación, Justicia y Reglamento",Constitución y justicia,,,rica,media,origen_transversal,
18147-07,"Modifica el Código Penal, con el objeto de establecer una agravante para los delitos cometidos contra autoridades o funcionarios públicos, en los casos que indica.",parlamentario,07,"Constitución, Legislación, Justicia y Reglamento",,"Constitución, Legislación, Justicia y Reglamento",sufijo_boletin,0,Constitución y justicia,,,"Constitución, Legislación, Justicia y Reglamento",Constitución y justicia,,,rica,media,origen_transversal,
18148-07,"Modifica la Carta Fundamental, para fortalecer la conducción estratégica de las Fuerzas Armadas",parlamentario,07,"Constitución, Legislación, Justicia y Reglamento",,"Constitución, Legislación, Justicia y Reglamento",sufijo_boletin,0,Constitución y justicia,,,"Constitución, Legislación, Justicia y Reglamento",Constitución y justicia,,,rica,media,origen_transversal,
18149-07,Modifica la Carta Fundamental con el objeto de eliminar la atribución presidencial de otorgar indultos particulares,parlamentario,07,"Constitución, Legislación, Justicia y Reglamento",,"Constitución, Legislación, Justicia y Reglamento",sufijo_boletin,0,Constitución y justicia,,,"Constitución, Legislación, Justicia y Reglamento",Constitución y justicia,,,rica,media,origen_transversal,
18150-07,Modifica la Carta Fundamental a efectos de inhabilitar a los secretarios regionales ministeriales para ser candidatos a diputados o senadores,parlamentario,07,"Constitución, Legislación, Justicia y Reglamento",,"Constitución, Legislación, Justicia y Reglamento",sufijo_boletin,0,Constitución y justicia,,,"Constitución, Legislación, Justicia y Reglamento",Constitución y justicia,,,rica,media,origen_transversal,
18157-33,Prorroga el plazo para la regularización e inscripción de derechos de aprovechamiento de aguas hasta el año 2030,parlamentario,33,Recursos Hídricos y Desertificación,,Recursos Hídricos y Desertificación,sufijo_boletin,0,Agua y recursos hídricos,,,Recursos Hídricos y Desertificación,Agua y recursos hídricos,Recursos Hídricos y Desertificación,,rica,alta,,
18158-13,Modifica el Código del Trabajo para establecer fuero laboral para trabajadores y trabajadoras con diagnóstico de cáncer,parlamentario,13,Trabajo y Seguridad Social,,Trabajo y Seguridad Social,sufijo_boletin,0,Trabajo y seguridad social,,,Trabajo y Seguridad Social,Trabajo y seguridad social,Trabajo y Seguridad Social,,rica,alta,,
18152-07,"Modifica normas sobre prisión preventiva, suspensión condicional del procedimiento, cumplimiento de penas sustitutivas y facultades de incautación de las fuerzas de orden y seguridad, en los delitos que indica",parlamentario,07,"Constitución, Legislación, Justicia y Reglamento",,"Constitución, Legislación, Justicia y Reglamento",sufijo_boletin,0,Constitución y justicia,,,"Constitución, Legislación, Justicia y Reglamento | Seguridad Ciudadana",Constitución y justicia | Seguridad,Seguridad Ciudadana,,rica,media,origen_transversal_con_comision_sustantiva | trayectoria_multitematica,
18153-24,Declara patrimonio Biocultural de la Nación las especies vegetales que indica,parlamentario,24,"Cultura, Artes y Comunicaciones",,"Cultura, Artes y Comunicaciones",sufijo_boletin,0,Cultura y comunicaciones,,,"Cultura, Artes y Comunicaciones",Cultura y comunicaciones,"Cultura, Artes y Comunicaciones",,rica,alta,,
18154-25,"Modifica los textos legales que indica con el objeto de tipificar el tráfico internacional, la fabricación y modificación ilegal mediante tecnologías digitales, de armas y sus componentes esenciales",parlamentario,25,Seguridad Ciudadana,,Seguridad Ciudadana,sufijo_boletin,0,Seguridad,,,Seguridad Ciudadana,Seguridad,Seguridad Ciudadana,,rica,alta,,
18155-25,Modifica el Código Penal para establecer nuevas agravantes por delitos cometidos contra la comunidad educativa y en recintos educacionales,ejecutivo,25,Seguridad Ciudadana,,Seguridad Ciudadana,sufijo_boletin,0,Seguridad,,,"Constitución, Legislación, Justicia y Reglamento | Seguridad Ciudadana",Constitución y justicia | Seguridad,Seguridad Ciudadana,Ministerio de Justicia y de Derechos Humanos | Ministerio de Seguridad Pública,rica,alta,trayectoria_multitematica,
18156-04,"Establece medidas de seguridad, orden y respeto para la comunidad educativa",ejecutivo,04,Educación,,Educación,sufijo_boletin,0,Educación,,,Educación,Educación,Educación,Ministerio de Justicia y de Derechos Humanos | Ministerio de Seguridad Pública | Ministerio de Educación,rica,alta,,
18159-11,Establece el 6 de abril de cada año como el Día Nacional de Reconocimiento a las Organizaciones de Pacientes,parlamentario,11,Salud,,Salud,sufijo_boletin,0,Salud,,,Salud,Salud,Salud,,rica,alta,,
18160-07,Modifica la Carta Fundamental a fin de suprimir la atribución del Presidente de la República para otorgar indultos particulares,parlamentario,07,"Constitución, Legislación, Justicia y Reglamento",,"Constitución, Legislación, Justicia y Reglamento",sufijo_boletin,0,Constitución y justicia,,,"Constitución, Legislación, Justicia y Reglamento",Constitución y justicia,,,rica,media,origen_transversal,
18161-07,Modifica el Código Penal para fortalecer la protección de la comunidad educativa agravando las penas aplicables a los delitos cometidos en contra de docentes y trabajadores de la educación,parlamentario,07,"Constitución, Legislación, Justicia y Reglamento",,"Constitución, Legislación, Justicia y Reglamento",sufijo_boletin,0,Constitución y justicia,,,"Constitución, Legislación, Justicia y Reglamento",Constitución y justicia,,,rica,media,origen_transversal,
18213-07,Modifica la Constitución Política para restablecer la estabilidad de los precios de los combustibles,parlamentario,07,"Constitución, Legislación, Justicia y Reglamento",,"Constitución, Legislación, Justicia y Reglamento",sufijo_boletin,0,Constitución y justicia,,,"Constitución, Legislación, Justicia y Reglamento",Constitución y justicia,,,rica,media,origen_transversal,
18162-07,"Modifica diversos cuerpos legales, con el objeto de fortalecer el cumplimiento de las sanciones y la persecución de delitos graves en materia de responsabilidad penal adolescente",parlamentario,07,"Constitución, Legislación, Justicia y Reglamento",,"Constitución, Legislación, Justicia y Reglamento",sufijo_boletin,0,Constitución y justicia,,,"Constitución, Legislación, Justicia y Reglamento",Constitución y justicia,,,rica,media,origen_transversal,
18163-14,"Modifica la ley N° 20.898, que establece un procedimiento simplificado para la regularización de viviendas de autoconstrucción, con el objeto de establecer un mecanismo para la formulación de observaciones y subsanación de éstas y extender el plazo de vigencia del procedimiento",parlamentario,14,"Vivienda, Desarrollo Urbano",,"Vivienda, Desarrollo Urbano",sufijo_boletin,0,Vivienda y territorio,,,"Vivienda, Desarrollo Urbano",Vivienda y territorio,"Vivienda, Desarrollo Urbano",,rica,alta,,
18164-17,"Modifica la ley N° 20.405, del Instituto Nacional de Derechos Humanos, en lo relativo a sus reglas de funcionamiento y obligaciones de información",parlamentario,17,Derechos Humanos y Pueblos Originarios,,Derechos Humanos y Pueblos Originarios,sufijo_boletin,0,Derechos humanos,,,Derechos Humanos y Pueblos Originarios,Derechos humanos,Derechos Humanos y Pueblos Originarios,,rica,alta,,
18165-07,"Modifica la Carta Fundamental, con el objeto de establecer un período de inhabilidad para que los fiscales del Ministerio Público ejerzan los cargos que indica",parlamentario,07,"Constitución, Legislación, Justicia y Reglamento",,"Constitución, Legislación, Justicia y Reglamento",sufijo_boletin,0,Constitución y justicia,,,"Constitución, Legislación, Justicia y Reglamento",Constitución y justicia,,,rica,media,origen_transversal,
18166-24,Introduce la obligación de las empresas productoras de conciertos y eventos musicales masivos en orden a garantizar la adecuada visibilidad del espectáculo a sus asistentes,parlamentario,24,"Cultura, Artes y Comunicaciones",,"Cultura, Artes y Comunicaciones",sufijo_boletin,0,Cultura y comunicaciones,,,"Cultura, Artes y Comunicaciones",Cultura y comunicaciones,"Cultura, Artes y Comunicaciones",,rica,alta,,
18167-11,"Modifica el Código Sanitario y la ley N° 19.496, que establece normas sobre protección de los derechos de los consumidores, para sancionar la adulteración de fechas de vencimiento y rotulación de productos críticos para la salud",parlamentario,11,Salud,,Salud,sufijo_boletin,0,Salud,,,Salud,Salud,Salud,,rica,alta,,
18168-03,"Modifica la ley N° 19.496, que establece normas sobre protección de los derechos de los consumidores, para incorporar deberes de trazabilidad en la comercialización digital de bienes usados",parlamentario,03,"Economía, Fomento, MIPYMES, Consumidores y Turismo",,"Economía, Fomento, MIPYMES, Consumidores y Turismo",sufijo_boletin,0,"Economía, comercio y consumidores",,,"Economía, Fomento, MIPYMES, Consumidores y Turismo","Economía, comercio y consumidores","Economía, Fomento, MIPYMES, Consumidores y Turismo",,rica,alta,,
18172-21,"Modifica la ley N° 21.027, con el objeto de incorporar a las organizaciones de carpinteros de ribera como asignatarios de caletas artesanales",parlamentario,21,"Pesca, Acuicultura e Intereses Marítimos",,"Pesca, Acuicultura e Intereses Marítimos",sufijo_boletin,0,Pesca y acuicultura,,,"Pesca, Acuicultura e Intereses Marítimos",Pesca y acuicultura,"Pesca, Acuicultura e Intereses Marítimos",,rica,alta,,
18173-21,"Modifica la Ley General de Pesca y Acuicultura, con el objeto de exceptuar a los armadores que señala, de la prohibición establecida en materia de artes y aparejos de pesca para la extracción de jibia",parlamentario,21,"Pesca, Acuicultura e Intereses Marítimos",,"Pesca, Acuicultura e Intereses Marítimos",sufijo_boletin,0,Pesca y acuicultura,,,"Pesca, Acuicultura e Intereses Marítimos",Pesca y acuicultura,"Pesca, Acuicultura e Intereses Marítimos",,rica,alta,,
18169-07,"Modifica diversos cuerpos legales a fin de otorgar atención preferente para la constatación de lesiones a víctimas e imputados, así como para la realización de exámenes toxicológicos a conductores",parlamentario,07,"Constitución, Legislación, Justicia y Reglamento",,"Constitución, Legislación, Justicia y Reglamento",sufijo_boletin,0,Constitución y justicia,,,"Constitución, Legislación, Justicia y Reglamento",Constitución y justicia,,,rica,media,origen_transversal,
18170-13,"Modifica el Código de Trabajo en materia de prevención, investigación y sanción de acoso laboral y sexual",parlamentario,13,Trabajo y Seguridad Social,,Trabajo y Seguridad Social,sufijo_boletin,0,Trabajo y seguridad social,,,Trabajo y Seguridad Social,Trabajo y seguridad social,Trabajo y Seguridad Social,,rica,alta,,
18171-13,Modifica el Código del Trabajo en lo relativo a la distribución de la jornada laboral,parlamentario,13,Trabajo y Seguridad Social,,Trabajo y Seguridad Social,sufijo_boletin,0,Trabajo y seguridad social,,,Trabajo y Seguridad Social,Trabajo y seguridad social,Trabajo y Seguridad Social,,rica,alta,,
18175-02,Modifica cuerpos legales que indica en materia de protección del espacio aéreo,parlamentario,02,Defensa Nacional,,Defensa Nacional,sufijo_boletin,0,Defensa,,,Defensa Nacional,Defensa,Defensa Nacional,,rica,alta,,
18174-07,"Modifica la ley N° 17.798, sobre control de armas, y el Código Penal y Código Procesal Penal, en materia de responsabilidad de los padres, adoptantes, tutores y cuidadores de menores de edad en el acceso, facilitación, porte y utilización de armas u otros elementos aptos para agredir",parlamentario,07,"Constitución, Legislación, Justicia y Reglamento",,"Constitución, Legislación, Justicia y Reglamento",sufijo_boletin,0,Constitución y justicia,,,"Constitución, Legislación, Justicia y Reglamento",Constitución y justicia,,,rica,media,origen_transversal,
18176-35,"Modifica la ley N° 19.712, del Deporte, con el objeto de promover la inclusión de personas con discapacidad en las actividades deportivas.",parlamentario,35,Personas Mayores y Discapacidad,,Personas Mayores y Discapacidad,sufijo_boletin,0,Personas mayores y discapacidad,,,Personas Mayores y Discapacidad,Personas mayores y discapacidad,Personas Mayores y Discapacidad,,rica,alta,,
18177-01,Declara el olivo y la aceituna del Valle de Azapa como patrimonio regional y promueve su denominación de origen,parlamentario,01,"Agricultura, Silvicultura y Desarrollo Rural",,"Agricultura, Silvicultura y Desarrollo Rural",sufijo_boletin,0,Agricultura y mundo rural,,,"Agricultura, Silvicultura y Desarrollo Rural",Agricultura y mundo rural,"Agricultura, Silvicultura y Desarrollo Rural",,rica,alta,,
18179-18,"Prohíbe la apología y promoción de la narcocultura, incorporando medidas preventivas y sancionatorias para evitar la exposición de niños, niñas y adolescentes a contenidos que incentiven la comisión de delitos",parlamentario,18,"Familia, Infancia y Adolescencia",,"Familia, Infancia y Adolescencia",sufijo_boletin,0,"Familia, infancia y adolescencia",,,"Familia, Infancia y Adolescencia","Familia, infancia y adolescencia","Familia, Infancia y Adolescencia",,rica,alta,,
18180-13,Modifica el Código del Trabajo en lo referido al contenido del contrato de trabajo y la protección de derechos a su terminación,parlamentario,13,Trabajo y Seguridad Social,,Trabajo y Seguridad Social,sufijo_boletin,0,Trabajo y seguridad social,,,Trabajo y Seguridad Social,Trabajo y seguridad social,Trabajo y Seguridad Social,,rica,alta,,
18181-13,Modifica el Código del Trabajo en materia de transparencia sindical y buena fe en las relaciones colectivas,parlamentario,13,Trabajo y Seguridad Social,,Trabajo y Seguridad Social,sufijo_boletin,0,Trabajo y seguridad social,,,Trabajo y Seguridad Social,Trabajo y seguridad social,Trabajo y Seguridad Social,,rica,alta,,
18182-07,"Deroga la ley N° 80, que manda publicar en el Diario Oficial y en orden correlativo todos los decretos de que tome razón la Dirección del Tesoro",parlamentario,07,"Constitución, Legislación, Justicia y Reglamento",,"Constitución, Legislación, Justicia y Reglamento",sufijo_boletin,0,Constitución y justicia,,,"Constitución, Legislación, Justicia y Reglamento",Constitución y justicia,,,rica,media,origen_transversal,
18183-07,"Deroga la ley N° 1.025, que ordena que los conocimientos de naves vengan visados por los cónsules de la República",parlamentario,07,"Constitución, Legislación, Justicia y Reglamento",,"Constitución, Legislación, Justicia y Reglamento",sufijo_boletin,0,Constitución y justicia,,,"Constitución, Legislación, Justicia y Reglamento",Constitución y justicia,,,rica,media,origen_transversal,
18184-07,"Deroga la ley N° 1.187, sobre internación de mercaderías por los boquetes de Antuco, Lonquimay, Pucón y Nahuelhuapi",parlamentario,07,"Constitución, Legislación, Justicia y Reglamento",,"Constitución, Legislación, Justicia y Reglamento",sufijo_boletin,0,Constitución y justicia,,,"Constitución, Legislación, Justicia y Reglamento",Constitución y justicia,,,rica,media,origen_transversal,
18185-07,"Deroga la ley N° 1.559, que incluye a Pisagua, Coronel y Puerto Montt entre los puertos por los cuales puede incorporarse y exportarse alcoholes, licores espirituosos y vinos de todas clases",parlamentario,07,"Constitución, Legislación, Justicia y Reglamento",,"Constitución, Legislación, Justicia y Reglamento",sufijo_boletin,0,Constitución y justicia,,,"Constitución, Legislación, Justicia y Reglamento",Constitución y justicia,,,rica,media,origen_transversal,
18186-07,"Deroga la ley N° 1.644, que fija la pena en que deben incurrir los tesoreros fiscales, los administradores de Aduana, el Intendente General del Ejército y de la Marina, que no rindan sus cuentas en el plazo de veinte días después de terminado el mes y período en que deben presentarlas",parlamentario,07,"Constitución, Legislación, Justicia y Reglamento",,"Constitución, Legislación, Justicia y Reglamento",sufijo_boletin,0,Constitución y justicia,,,"Constitución, Legislación, Justicia y Reglamento",Constitución y justicia,,,rica,media,origen_transversal,
18187-07,"Deroga la ley N° 1.930, que fija la ley de las monedas de un peso y cincuenta centavos",parlamentario,07,"Constitución, Legislación, Justicia y Reglamento",,"Constitución, Legislación, Justicia y Reglamento",sufijo_boletin,0,Constitución y justicia,,,"Constitución, Legislación, Justicia y Reglamento",Constitución y justicia,,,rica,media,origen_transversal,
18188-07,"Deroga la ley N° 3.297, que prohíbe la exportación de los metales viejos o usados, que se indica",parlamentario,07,"Constitución, Legislación, Justicia y Reglamento",,"Constitución, Legislación, Justicia y Reglamento",sufijo_boletin,0,Constitución y justicia,,,"Constitución, Legislación, Justicia y Reglamento",Constitución y justicia,,,rica,media,origen_transversal,
18178-10,"Aprueba el Acuerdo entre el Gobierno de la República de Chile y el Gobierno de la República de Tayikistán sobre la exención mutua del requisito de visa para titulares de pasaportes diplomáticos oficiales y de servicio, suscrito en Dushanbe, República de Tayikistán, el 9 de marzo de 2023",ejecutivo,10,Relaciones Exteriores,,Relaciones Exteriores,sufijo_boletin,0,Relaciones exteriores,,,Relaciones Exteriores,Relaciones exteriores,Relaciones Exteriores,Ministerio de Relaciones Exteriores,rica,alta,,
18189-14,"Modifica la ley N° 20.898, con el objeto de ampliar el régimen excepcional de regularización de viviendas y actualizar la fecha de su aplicación",parlamentario,14,"Vivienda, Desarrollo Urbano",,"Vivienda, Desarrollo Urbano",sufijo_boletin,0,Vivienda y territorio,,,"Vivienda, Desarrollo Urbano",Vivienda y territorio,"Vivienda, Desarrollo Urbano",,rica,alta,,
18190-11,"Modifica la ley N° 20.606, sobre composición nutricional de los alimentos y su publicidad, con el objeto de incorporar criterios de rotulación de alimentos para animales",parlamentario,11,Salud,,Salud,sufijo_boletin,0,Salud,,,Salud,Salud,Salud,,rica,alta,,
18191-37,Establece el 13 de octubre de cada año como el Día Nacional de la Gestión Cultural,parlamentario,37,,,,sin_proxy,0,,,,,,,,rica,baja,codigo_destinacion_no_mapeado | sin_proxy_comision_origen,
18192-25,"Modifica diversos cuerpos legales, con el objeto de fortalecer la persecución penal de la distribución digital ilícita y proteger a los consumidores",parlamentario,25,Seguridad Ciudadana,,Seguridad Ciudadana,sufijo_boletin,0,Seguridad,,,Seguridad Ciudadana,Seguridad,Seguridad Ciudadana,,rica,alta,,
18193-06,"Modifica la ley N° 19.886, Ley de Bases sobre Contratos Administrativos de Suministro y Prestación de Servicios, con el objeto de perfeccionar las disposiciones relativas a los procedimientos de contratación",parlamentario,06,"Gobierno Interior, Nacionalidad, Ciudadanía y Regionalización",,"Gobierno Interior, Nacionalidad, Ciudadanía y Regionalización",sufijo_boletin,0,Gobierno interior y descentralización,,,"Gobierno Interior, Nacionalidad, Ciudadanía y Regionalización",Gobierno interior y descentralización,"Gobierno Interior, Nacionalidad, Ciudadanía y Regionalización",,rica,alta,,
18194-08,Crea un régimen jurídico especial aplicable a los minerales críticos,parlamentario,08,Minería y Energía,,Minería y Energía,sufijo_boletin,0,Minería y energía,,,Minería y Energía,Minería y energía,Minería y Energía,,rica,alta,,
18195-07,"Modifica la Carta Fundamental, con el objeto de establecer la exigencia para senadores y diputados de someterse a un examen para detectar el consumo de sustancias o drogas estupefacientes o sicotrópicas.",parlamentario,07,"Constitución, Legislación, Justicia y Reglamento",,"Constitución, Legislación, Justicia y Reglamento",sufijo_boletin,0,Constitución y justicia,,,"Constitución, Legislación, Justicia y Reglamento",Constitución y justicia,,,rica,media,origen_transversal,
18196-04,Amplía hipótesis de ingreso de Fuerzas de Orden y Seguridad a recintos universitarios y colegiales,parlamentario,04,Educación,,Educación,sufijo_boletin,0,Educación,,,Educación,Educación,Educación,,rica,alta,,
18197-04,"Modifica la ley N° 20.027, en materia de cobro de créditos de educación superior, para fortalecer las garantías del debido proceso",parlamentario,04,Educación,,Educación,sufijo_boletin,0,Educación,,,Educación | Hacienda,Educación | Economía y hacienda,Educación,,rica,alta,trayectoria_multitematica,
18198-15,Modifica cuerpos legales que indica con el objeto de fortalecer la seguridad marítima y pesquera,parlamentario,15,Transportes y Telecomunicaciones,,Transportes y Telecomunicaciones,sufijo_boletin,0,Transportes y telecomunicaciones,,,"Transportes y Telecomunicaciones | Pesca, Acuicultura e Intereses Marítimos",Transportes y telecomunicaciones | Pesca y acuicultura,"Transportes y Telecomunicaciones | Pesca, Acuicultura e Intereses Marítimos",,rica,alta,trayectoria_multitematica,
18205-29,"Reconoce al fútbol amateur como actividad de interés público y establece normas sobre prevención de la violencia, seguridad, responsabilidad y transparencia en esa actividad",parlamentario,29,Deportes y Recreación,,Deportes y Recreación,sufijo_boletin,0,Deportes,,,Deportes y Recreación,Deportes,Deportes y Recreación,,rica,alta,,
18214-07,Modifica la Constitución Política para declarar incompatible percibir pensiones de retiro y remuneraciones por ejercer cargos de elección popular o altos cargos de la administración del Estado,parlamentario,07,"Constitución, Legislación, Justicia y Reglamento",,"Constitución, Legislación, Justicia y Reglamento",sufijo_boletin,0,Constitución y justicia,,,"Constitución, Legislación, Justicia y Reglamento",Constitución y justicia,,,rica,media,origen_transversal,
18206-13,Modifica el Código del Trabajo en materia de contrato por horas y educación dual,parlamentario,13,Trabajo y Seguridad Social,,Trabajo y Seguridad Social,sufijo_boletin,0,Trabajo y seguridad social,,,Trabajo y Seguridad Social,Trabajo y seguridad social,Trabajo y Seguridad Social,,rica,alta,,
18243-13,Establece como feriado irrenunciable el día Viernes Santo de cada año,parlamentario,13,Trabajo y Seguridad Social,,Trabajo y Seguridad Social,sufijo_boletin,0,Trabajo y seguridad social,,,Trabajo y Seguridad Social,Trabajo y seguridad social,Trabajo y Seguridad Social,,rica,alta,,
18199-12,"Modifica la ley N° 20.920, que establece marco para la gestión de residuos, la responsabilidad extendida del productor y fomento al reciclaje, para sancionar las infracciones en la gestión de desechos textiles",parlamentario,12,Medio Ambiente y Recursos Naturales,,Medio Ambiente y Recursos Naturales,sufijo_boletin,0,Medio ambiente,,,Medio Ambiente y Recursos Naturales,Medio ambiente,Medio Ambiente y Recursos Naturales,,rica,alta,,
18200-06,"Modifica la ley N° 19.886, de bases sobre contratos administrativos de suministro y prestación de servicios, con el objeto de establecer una inhabilidad especial respecto de las personas jurídicas que indica",parlamentario,06,"Gobierno Interior, Nacionalidad, Ciudadanía y Regionalización",,"Gobierno Interior, Nacionalidad, Ciudadanía y Regionalización",sufijo_boletin,0,Gobierno interior y descentralización,,,"Gobierno Interior, Nacionalidad, Ciudadanía y Regionalización",Gobierno interior y descentralización,"Gobierno Interior, Nacionalidad, Ciudadanía y Regionalización",,rica,alta,,
18201-06,Rehabilita la nacionalidad chilena a Manuel Guillermo Pinto Pizarro,parlamentario,06,"Gobierno Interior, Nacionalidad, Ciudadanía y Regionalización",,"Gobierno Interior, Nacionalidad, Ciudadanía y Regionalización",sufijo_boletin,0,Gobierno interior y descentralización,,,"Gobierno Interior, Nacionalidad, Ciudadanía y Regionalización",Gobierno interior y descentralización,"Gobierno Interior, Nacionalidad, Ciudadanía y Regionalización",,rica,alta,,
18202-06,Rehabilita la nacionalidad chilena a Carlos Javier Araya Labra,parlamentario,06,"Gobierno Interior, Nacionalidad, Ciudadanía y Regionalización",,"Gobierno Interior, Nacionalidad, Ciudadanía y Regionalización",sufijo_boletin,0,Gobierno interior y descentralización,,,"Gobierno Interior, Nacionalidad, Ciudadanía y Regionalización",Gobierno interior y descentralización,"Gobierno Interior, Nacionalidad, Ciudadanía y Regionalización",,rica,alta,,
18203-06,Rehabilita la nacionalidad chilena a Cristóbal Parot Fernández,parlamentario,06,"Gobierno Interior, Nacionalidad, Ciudadanía y Regionalización",,"Gobierno Interior, Nacionalidad, Ciudadanía y Regionalización",sufijo_boletin,0,Gobierno interior y descentralización,,,"Gobierno Interior, Nacionalidad, Ciudadanía y Regionalización",Gobierno interior y descentralización,"Gobierno Interior, Nacionalidad, Ciudadanía y Regionalización",,rica,alta,,
18204-06,Rehabilita la nacionalidad chilena a Blanca Rosa Fernández Peirano,parlamentario,06,"Gobierno Interior, Nacionalidad, Ciudadanía y Regionalización",,"Gobierno Interior, Nacionalidad, Ciudadanía y Regionalización",sufijo_boletin,0,Gobierno interior y descentralización,,,"Gobierno Interior, Nacionalidad, Ciudadanía y Regionalización",Gobierno interior y descentralización,"Gobierno Interior, Nacionalidad, Ciudadanía y Regionalización",,rica,alta,,
18207-06,Rehabilita la nacionalidad chilena a Macarena Ximena Kathia Aguilera Fernández,parlamentario,06,"Gobierno Interior, Nacionalidad, Ciudadanía y Regionalización",,"Gobierno Interior, Nacionalidad, Ciudadanía y Regionalización",sufijo_boletin,0,Gobierno interior y descentralización,,,"Gobierno Interior, Nacionalidad, Ciudadanía y Regionalización",Gobierno interior y descentralización,"Gobierno Interior, Nacionalidad, Ciudadanía y Regionalización",,rica,alta,,
18208-25,"Modifica el Código Procesal Penal, para regular la continuidad del juicio oral y permitir la dictación de sentencia definitiva ante la incomparecencia injustificada del acusado",ejecutivo,25,Seguridad Ciudadana,,Seguridad Ciudadana,sufijo_boletin,0,Seguridad,,,Seguridad Ciudadana,Seguridad,Seguridad Ciudadana,Ministerio de Justicia y de Derechos Humanos | Ministerio de Seguridad Pública,rica,alta,,
18209-04,"Establece requisitos de legalidad, transparencia y auditoría para la ejecución de cobros de créditos educativos con garantía estatal",parlamentario,04,Educación,,Educación,sufijo_boletin,0,Educación,,,Educación,Educación,Educación,,rica,alta,,
18221-11,Garantiza el acceso efectivo a prestaciones de salud en zonas rurales y aisladas mediante la incorporación del principio de pertinencia territorial en la atención primaria municipal,parlamentario,11,Salud,,Salud,sufijo_boletin,0,Salud,,,Salud,Salud,Salud,,rica,alta,,
18210-06,Concede la nacionalidad chilena por gracia al ciudadano uruguayo Pablo Lemoine,parlamentario,06,"Gobierno Interior, Nacionalidad, Ciudadanía y Regionalización",,"Gobierno Interior, Nacionalidad, Ciudadanía y Regionalización",sufijo_boletin,0,Gobierno interior y descentralización,,,"Gobierno Interior, Nacionalidad, Ciudadanía y Regionalización",Gobierno interior y descentralización,"Gobierno Interior, Nacionalidad, Ciudadanía y Regionalización",,rica,alta,,
18212-07,"Modifica el código penal y la ley Nº 20.084, con el objeto de establecer la responsabilidad penal de los padres o guardadores por omisión grave del deber de cuidado",parlamentario,07,"Constitución, Legislación, Justicia y Reglamento",,"Constitución, Legislación, Justicia y Reglamento",sufijo_boletin,0,Constitución y justicia,,,"Constitución, Legislación, Justicia y Reglamento",Constitución y justicia,,,rica,media,origen_transversal,
18220-07,Reforma constitucional que extiende el periodo en el que las autoridades del Gobierno deben comparecer y suministrar antecedentes ante las comisiones especiales investigadoras,parlamentario,07,"Constitución, Legislación, Justicia y Reglamento",,"Constitución, Legislación, Justicia y Reglamento",sufijo_boletin,0,Constitución y justicia,,,"Constitución, Legislación, Justicia y Reglamento",Constitución y justicia,,,rica,media,origen_transversal,
18211-25,"Modifica el código penal, con el objeto de tipificar el delito de ocultamiento de identidad en el contexto de eventos masivos y desórdenes públicos",parlamentario,25,Seguridad Ciudadana,,Seguridad Ciudadana,sufijo_boletin,0,Seguridad,,,Seguridad Ciudadana,Seguridad,Seguridad Ciudadana,,rica,alta,,
18215-10,"Acuerdo de mutua exención del requisito de visa para los titulares de pasaportes diplomáticos, especiales y oficiales entre el Gobierno de la República de Chile y el Gobierno del Estado de Catar",ejecutivo,10,Relaciones Exteriores,,Relaciones Exteriores,sufijo_boletin,0,Relaciones exteriores,,,Relaciones Exteriores,Relaciones exteriores,Relaciones Exteriores,Ministerio de Relaciones Exteriores,rica,alta,,
18216-05,Para la reconstrucción nacional y el desarrollo económico y social,ejecutivo,05,Hacienda,Hacienda,Hacienda,evento_cuenta+sufijo,0,Economía y hacienda,,,Hacienda,Economía y hacienda,,Ministerio de Hacienda,rica,media,origen_transversal,Segundo informe de comisión. Pasa a Comisión de Hacienda
18217-07,"Modifica diversos cuerpos legales, con el objeto de perfeccionar las disposiciones relativas a la persecución penal de la criminalidad organizada y el terrorismo",parlamentario,07,"Constitución, Legislación, Justicia y Reglamento",,"Constitución, Legislación, Justicia y Reglamento",sufijo_boletin,0,Constitución y justicia,,,"Constitución, Legislación, Justicia y Reglamento",Constitución y justicia,,,rica,media,origen_transversal,
18218-25,"Modifica diversos cuerpos legales, en materia de persecución de conductas que afectan la seguridad en espacios públicos o alteran gravemente la convivencia ciudadana",parlamentario,25,Seguridad Ciudadana,,Seguridad Ciudadana,sufijo_boletin,0,Seguridad,,,Seguridad Ciudadana,Seguridad,Seguridad Ciudadana,,rica,alta,,
18219-07,Modifica cuerpos legales que indica para extender el estatuto de protección al denunciante de delitos de corrupción y criminalidad económica,parlamentario,07,"Constitución, Legislación, Justicia y Reglamento",,"Constitución, Legislación, Justicia y Reglamento",sufijo_boletin,0,Constitución y justicia,,,"Constitución, Legislación, Justicia y Reglamento",Constitución y justicia,,,rica,media,origen_transversal,
18222-06,Modifica el régimen jurídico aplicable a la participación de las mujeres en política,parlamentario,06,"Gobierno Interior, Nacionalidad, Ciudadanía y Regionalización",,"Gobierno Interior, Nacionalidad, Ciudadanía y Regionalización",sufijo_boletin,0,Gobierno interior y descentralización,,,"Gobierno Interior, Nacionalidad, Ciudadanía y Regionalización | Mujeres y Equidad de Género",Gobierno interior y descentralización | Mujeres y género,"Gobierno Interior, Nacionalidad, Ciudadanía y Regionalización | Mujeres y Equidad de Género",,rica,alta,trayectoria_multitematica,
18233-07,"Modifica la Carta Fundamental, con el objeto de regular la conducción estratégica del Estado en materias de seguridad",parlamentario,07,"Constitución, Legislación, Justicia y Reglamento",,"Constitución, Legislación, Justicia y Reglamento",sufijo_boletin,0,Constitución y justicia,,,"Constitución, Legislación, Justicia y Reglamento",Constitución y justicia,,,rica,media,origen_transversal,
18223-15,"Establece un régimen transitorio de exención de sanciones para conductores de aplicaciones de transporte remunerado de pasajeros, hasta la entrada en vigencia de la ley N° 21.553",parlamentario,15,Transportes y Telecomunicaciones,,Transportes y Telecomunicaciones,sufijo_boletin,0,Transportes y telecomunicaciones,,,Transportes y Telecomunicaciones,Transportes y telecomunicaciones,Transportes y Telecomunicaciones,,rica,alta,,
18224-18,"Establece un marco integral de protección de niñas, niños y adolescentes en el uso de redes sociales",parlamentario,18,"Familia, Infancia y Adolescencia",,"Familia, Infancia y Adolescencia",sufijo_boletin,0,"Familia, infancia y adolescencia",,,"Familia, Infancia y Adolescencia | Ciencia y Tecnología","Familia, infancia y adolescencia | Ciencia y tecnología","Familia, Infancia y Adolescencia | Ciencia y Tecnología",,rica,alta,trayectoria_multitematica,
18225-07,"Incorpora una disposición transitoria en la Carta Fundamental para establecer una tarifa gratuita para adultos mayores, personas en situación de discapacidad y cuidadores en el transporte público",parlamentario,07,"Constitución, Legislación, Justicia y Reglamento",,"Constitución, Legislación, Justicia y Reglamento",sufijo_boletin,0,Constitución y justicia,,,"Constitución, Legislación, Justicia y Reglamento",Constitución y justicia,,,rica,media,origen_transversal,
18226-15,Autoriza la aplicación de prefijos telefónicos en la identificación de llamadas de cobranza extrajudicial,parlamentario,15,Transportes y Telecomunicaciones,,Transportes y Telecomunicaciones,sufijo_boletin,0,Transportes y telecomunicaciones,,,Transportes y Telecomunicaciones,Transportes y telecomunicaciones,Transportes y Telecomunicaciones,,rica,alta,,
18227-11,Modifica el Código Sanitario para reforzar las exigencias aplicables al etiquetado de productos alimenticios en materia de fecha de vencimiento,parlamentario,11,Salud,,Salud,sufijo_boletin,0,Salud,,,Salud,Salud,Salud,,rica,alta,,
18228-04,"Modifica la ley Nº 20.027, que establece normas para el financiamiento de estudios de educación superior, en materia de cobro de las deudas del Crédito con Aval del Estado",parlamentario,04,Educación,,Educación,sufijo_boletin,0,Educación,,,Educación | Ciencia y Tecnología,Educación | Ciencia y tecnología,Educación | Ciencia y Tecnología,,rica,alta,trayectoria_multitematica,
18229-11,Introduce la obligación de contar con desfibriladores externos automáticos en encuentros de fútbol no profesional,parlamentario,11,Salud,,Salud,sufijo_boletin,0,Salud,,,Salud,Salud,Salud,,rica,alta,,
18234-35,Establece el deber de implementar medidas de accesibilidad en la construcción y diseño de viviendas en beneficio de personas mayores,parlamentario,35,Personas Mayores y Discapacidad,,Personas Mayores y Discapacidad,sufijo_boletin,0,Personas mayores y discapacidad,,,Personas Mayores y Discapacidad,Personas mayores y discapacidad,Personas Mayores y Discapacidad,,rica,alta,,
18235-19,Impone a las plataformas de redes sociales la obligación de eliminar contenido que induzca a la realización de conductas extremas que pongan en riesgo la integridad o salud de las personas,parlamentario,19,Ciencia y Tecnología,,Ciencia y Tecnología,sufijo_boletin,0,Ciencia y tecnología,,,Ciencia y Tecnología,Ciencia y tecnología,Ciencia y Tecnología,,rica,alta,,
18230-13,"Reajusta el monto del ingreso mínimo mensual, así como de la asignación familiar y maternal y del subsidio familiar",ejecutivo,13,Trabajo y Seguridad Social,Hacienda,Hacienda,evento_cuenta_vs_sufijo,1,Economía y hacienda,,,Trabajo y Seguridad Social | Hacienda,Trabajo y seguridad social | Economía y hacienda,Trabajo y Seguridad Social,Ministerio de Hacienda | Ministerio de Trabajo y Previsión Social,rica,media,discrepancia_origen_evento_vs_sufijo | origen_transversal_con_comision_sustantiva | trayectoria_multitematica,Primer informe de comisión. Pasa a Comisión de Hacienda
18231-35,Establece el Día Nacional de la Teletón y el Día Nacional del Encuentro Familiar,ejecutivo,35,Personas Mayores y Discapacidad,,Personas Mayores y Discapacidad,sufijo_boletin,0,Personas mayores y discapacidad,,,Personas Mayores y Discapacidad,Personas mayores y discapacidad,Personas Mayores y Discapacidad,Ministerio de Desarrollo Social y Famili,rica,alta,,
18232-25,"Modifica la ley N° 21.659, sobre seguridad privada, para aumentar el plazo de presentación y pronunciamiento sobre los estudios de seguridad que dispone, y extiende la prórroga de vigencia de la última autorización del personal de seguridad privada que indica",ejecutivo,25,Seguridad Ciudadana,,Seguridad Ciudadana,sufijo_boletin,0,Seguridad,,,Seguridad Ciudadana,Seguridad,Seguridad Ciudadana,Ministerio de Seguridad Pública,rica,alta,,
18236-18,Fortalece la protección de las víctimas de violencia intrafamiliar y previene su revictimización,parlamentario,18,"Familia, Infancia y Adolescencia",,"Familia, Infancia y Adolescencia",sufijo_boletin,0,"Familia, infancia y adolescencia",,,"Familia, Infancia y Adolescencia | Mujeres y Equidad de Género","Familia, infancia y adolescencia | Mujeres y género","Familia, Infancia y Adolescencia | Mujeres y Equidad de Género",,utilizable,alta,trayectoria_multitematica,
18237-33,"Prorroga el plazo establecido en el artículo segundo transitorio de la ley N° 21.435, que reforma el Código de Aguas",parlamentario,33,Recursos Hídricos y Desertificación,,Recursos Hídricos y Desertificación,sufijo_boletin,0,Agua y recursos hídricos,,,Recursos Hídricos y Desertificación,Agua y recursos hídricos,Recursos Hídricos y Desertificación,,rica,alta,,
18238-25,Regula el uso de la fuerza por parte de Gendarmería de Chile,parlamentario,25,Seguridad Ciudadana,,Seguridad Ciudadana,sufijo_boletin,0,Seguridad,,,Seguridad Ciudadana,Seguridad,Seguridad Ciudadana,,rica,alta,,
18240-13,"Modifica el artículo 66 del Código del Trabajo, con el objeto de ampliar el plazo del permiso a que tiene derecho todo trabajador en el caso de muerte de un hijo, cónyuge o conviviente civil",parlamentario,13,Trabajo y Seguridad Social,,Trabajo y Seguridad Social,sufijo_boletin,0,Trabajo y seguridad social,,,Trabajo y Seguridad Social,Trabajo y seguridad social,Trabajo y Seguridad Social,,rica,alta,,
18241-03,Regula el corretaje de propiedades y su ejercicio mediante plataformas digitales,parlamentario,03,"Economía, Fomento, MIPYMES, Consumidores y Turismo",,"Economía, Fomento, MIPYMES, Consumidores y Turismo",sufijo_boletin,0,"Economía, comercio y consumidores",,,"Economía, Fomento, MIPYMES, Consumidores y Turismo","Economía, comercio y consumidores","Economía, Fomento, MIPYMES, Consumidores y Turismo",,rica,alta,,
18244-07,Modifica el Código Penal para agravar las sanciones en materia de secuestro,parlamentario,07,"Constitución, Legislación, Justicia y Reglamento",,"Constitución, Legislación, Justicia y Reglamento",sufijo_boletin,0,Constitución y justicia,,,"Constitución, Legislación, Justicia y Reglamento",Constitución y justicia,,,rica,media,origen_transversal,
18245-12,Introduce y regula la obligación de las empresas de rellenos sanitarios de elaborar un plan para la reducción de gas metano dentro de sus instalaciones,parlamentario,12,Medio Ambiente y Recursos Naturales,,Medio Ambiente y Recursos Naturales,sufijo_boletin,0,Medio ambiente,,,Medio Ambiente y Recursos Naturales,Medio ambiente,Medio Ambiente y Recursos Naturales,,rica,alta,,
18239-36,"Establece sanciones en el caso de acusaciones, denuncias o querellas falsas y regula el procedimiento para su aplicación",parlamentario,36,,la Mujer y Equidad de Género,la Mujer y Equidad de Género,evento_cuenta,0,,,,la Mujer y Equidad de Género,,la Mujer y Equidad de Género,,rica,media,codigo_destinacion_no_mapeado,Primer informe de comisión. Pasa a Comisión de la Mujer y Equidad de Género
18242-13,"Modifica el Código del Trabajo, con el objeto de permitir la cesión voluntaria de parte del feriado legal a otros trabajadores, en los casos que indica",parlamentario,13,Trabajo y Seguridad Social,,Trabajo y Seguridad Social,sufijo_boletin,0,Trabajo y seguridad social,,,Trabajo y Seguridad Social,Trabajo y seguridad social,Trabajo y Seguridad Social,,rica,alta,,
18246-18,Protege a los menores de edad frente a la adicción a las nuevas tecnologías y prohíbe el acceso a redes sociales y otras plataformas,parlamentario,18,"Familia, Infancia y Adolescencia",,"Familia, Infancia y Adolescencia",sufijo_boletin,0,"Familia, infancia y adolescencia",,,"Familia, Infancia y Adolescencia | Ciencia y Tecnología","Familia, infancia y adolescencia | Ciencia y tecnología","Familia, Infancia y Adolescencia | Ciencia y Tecnología",,rica,alta,trayectoria_multitematica,
18247-13,Modifica el Código del Trabajo para otorgar un permiso laboral en caso de fallecimiento de los abuelos o nietos del trabajador,parlamentario,13,Trabajo y Seguridad Social,,Trabajo y Seguridad Social,sufijo_boletin,0,Trabajo y seguridad social,,,Trabajo y Seguridad Social,Trabajo y seguridad social,Trabajo y Seguridad Social,,rica,alta,,
18248-07,Modifica el artículo 149 del Código Procesal Penal con el objeto de permitir la interposición verbal del recurso de apelación por parte del Ministerio Público en el caso de delitos cometidos en contexto de violencia intrafamiliar,parlamentario,07,"Constitución, Legislación, Justicia y Reglamento",,"Constitución, Legislación, Justicia y Reglamento",sufijo_boletin,0,Constitución y justicia,,,"Constitución, Legislación, Justicia y Reglamento",Constitución y justicia,,,rica,media,origen_transversal,
18249-07,Modifica el artículo 325 del Código Procesal Penal con el objeto de permitir la rendición de prueba anticipada en el juicio oral en caso de incomparecencia injustificada del imputado,parlamentario,07,"Constitución, Legislación, Justicia y Reglamento",,"Constitución, Legislación, Justicia y Reglamento",sufijo_boletin,0,Constitución y justicia,,,"Constitución, Legislación, Justicia y Reglamento",Constitución y justicia,,,rica,media,origen_transversal,
18250-07,Tipifica la difusión de amenazas de violencia masiva en recintos de alta concurrencia como delito autónomo contra la seguridad colectiva,parlamentario,07,"Constitución, Legislación, Justicia y Reglamento",,"Constitución, Legislación, Justicia y Reglamento",sufijo_boletin,0,Constitución y justicia,,,"Constitución, Legislación, Justicia y Reglamento | Seguridad Ciudadana",Constitución y justicia | Seguridad,Seguridad Ciudadana,,rica,media,origen_transversal_con_comision_sustantiva | trayectoria_multitematica,
18251-07,Modifica el artículo 445 del Código de Procedimiento Civil para establecer un régimen excepcional de inembargabilidad de la vivienda principal del deudor,parlamentario,07,"Constitución, Legislación, Justicia y Reglamento",,"Constitución, Legislación, Justicia y Reglamento",sufijo_boletin,0,Constitución y justicia,,,"Constitución, Legislación, Justicia y Reglamento",Constitución y justicia,,,rica,media,origen_transversal,
18252-07,Modifica el artículo 38 bis de la Constitución Política de la República,parlamentario,07,"Constitución, Legislación, Justicia y Reglamento",,"Constitución, Legislación, Justicia y Reglamento",sufijo_boletin,0,Constitución y justicia,,,"Constitución, Legislación, Justicia y Reglamento",Constitución y justicia,,,rica,media,origen_transversal,
18262-06,Establece como requisito para el ingreso a cargos de la Administración del Estado el pago de créditos adeudados al Fisco,parlamentario,06,"Gobierno Interior, Nacionalidad, Ciudadanía y Regionalización",,"Gobierno Interior, Nacionalidad, Ciudadanía y Regionalización",sufijo_boletin,0,Gobierno interior y descentralización,,,"Gobierno Interior, Nacionalidad, Ciudadanía y Regionalización",Gobierno interior y descentralización,"Gobierno Interior, Nacionalidad, Ciudadanía y Regionalización",,rica,alta,,
18263-03,Para la protección de la vivienda propia y el resguardo del pago de los créditos hipotecarios ante el alza de la unidad de fomento,parlamentario,03,"Economía, Fomento, MIPYMES, Consumidores y Turismo",,"Economía, Fomento, MIPYMES, Consumidores y Turismo",sufijo_boletin,0,"Economía, comercio y consumidores",,,"Economía, Fomento, MIPYMES, Consumidores y Turismo","Economía, comercio y consumidores","Economía, Fomento, MIPYMES, Consumidores y Turismo",,rica,alta,,
18264-07,"Modifica el artículo 57 de la Constitución Política de la República, para eliminar la facultad de las autoridades locales y regionales de renunciar a sus cargos para ser candidatos a diputados y senadores",parlamentario,07,"Constitución, Legislación, Justicia y Reglamento",,"Constitución, Legislación, Justicia y Reglamento",sufijo_boletin,0,Constitución y justicia,,,"Constitución, Legislación, Justicia y Reglamento",Constitución y justicia,,,rica,media,origen_transversal,
18265-07,Modifica textos legales que indica en materia de procedencia de la prisión preventiva y penas sustitutivas a las privativas y restrictivas de libertad,parlamentario,07,"Constitución, Legislación, Justicia y Reglamento",,"Constitución, Legislación, Justicia y Reglamento",sufijo_boletin,0,Constitución y justicia,,,"Constitución, Legislación, Justicia y Reglamento | Seguridad Ciudadana",Constitución y justicia | Seguridad,Seguridad Ciudadana,,rica,media,origen_transversal_con_comision_sustantiva | trayectoria_multitematica,
18266-15,Establece un número único de emergencias en concesiones viales,parlamentario,15,Transportes y Telecomunicaciones,,Transportes y Telecomunicaciones,sufijo_boletin,0,Transportes y telecomunicaciones,,,Transportes y Telecomunicaciones,Transportes y telecomunicaciones,Transportes y Telecomunicaciones,,rica,alta,,
18463-06,"Suspende la aplicación del mecanismo de actualización de escaños parlamentarios previsto en el artículo 189 de la ley N° 18.700, orgánica constitucional sobre Votaciones Populares y Escrutinios",parlamentario,06,"Gobierno Interior, Nacionalidad, Ciudadanía y Regionalización",,"Gobierno Interior, Nacionalidad, Ciudadanía y Regionalización",sufijo_boletin,0,Gobierno interior y descentralización,,,"Gobierno Interior, Nacionalidad, Ciudadanía y Regionalización",Gobierno interior y descentralización,"Gobierno Interior, Nacionalidad, Ciudadanía y Regionalización",,rica,alta,,
18253-25,"Modifica diversos cuerpos legales, con el objeto de fortalecer la protección y seguridad en los establecimientos de salud",parlamentario,25,Seguridad Ciudadana,,Seguridad Ciudadana,sufijo_boletin,0,Seguridad,,,Seguridad Ciudadana,Seguridad,Seguridad Ciudadana,,rica,alta,,
18254-11,"Modifica diversos cuerpos legales, con el objeto de aumentar las sanciones ante el incumplimiento del período de asignación obligatoria por parte de los profesionales del área de la salud que indica",parlamentario,11,Salud,,Salud,sufijo_boletin,0,Salud,,,Salud,Salud,Salud,,rica,alta,,
18267-24,"Modifica la ley N° 19.928, sobre fomento de la música chilena, para regular y proteger la participación de teloneros chilenos en conciertos de artistas extranjeros",parlamentario,24,"Cultura, Artes y Comunicaciones",,"Cultura, Artes y Comunicaciones",sufijo_boletin,0,Cultura y comunicaciones,,,"Cultura, Artes y Comunicaciones",Cultura y comunicaciones,"Cultura, Artes y Comunicaciones",,rica,alta,,
18268-06,Modifica textos legales que indica para fortalecer la transparencia activa y la rendición de cuentas en la ejecución de los aportes fiscales de libre disposición del royalty minero,parlamentario,06,"Gobierno Interior, Nacionalidad, Ciudadanía y Regionalización",,"Gobierno Interior, Nacionalidad, Ciudadanía y Regionalización",sufijo_boletin,0,Gobierno interior y descentralización,,,"Gobierno Interior, Nacionalidad, Ciudadanía y Regionalización",Gobierno interior y descentralización,"Gobierno Interior, Nacionalidad, Ciudadanía y Regionalización",,rica,alta,,
18269-01,"Establece medidas de prevención y control de riesgos asociados a perros salvajes o ferales, en la seguridad de las personas, el ganado y la fauna silvestre",parlamentario,01,"Agricultura, Silvicultura y Desarrollo Rural",,"Agricultura, Silvicultura y Desarrollo Rural",sufijo_boletin,0,Agricultura y mundo rural,,,"Agricultura, Silvicultura y Desarrollo Rural",Agricultura y mundo rural,"Agricultura, Silvicultura y Desarrollo Rural",,rica,alta,,
18270-25,"Regula la fabricación, acondicionamiento, importación, comercialización y uso de vehículos blindados de uso particular",parlamentario,25,Seguridad Ciudadana,,Seguridad Ciudadana,sufijo_boletin,0,Seguridad,,,Seguridad Ciudadana,Seguridad,Seguridad Ciudadana,,rica,alta,,
18271-07,Establece la obligación de declarar los aportes provenientes desde el extranjero para personas jurídicas sin fines de lucro,parlamentario,07,"Constitución, Legislación, Justicia y Reglamento",,"Constitución, Legislación, Justicia y Reglamento",sufijo_boletin,0,Constitución y justicia,,,"Constitución, Legislación, Justicia y Reglamento",Constitución y justicia,,,rica,media,origen_transversal,
18281-15,Modifica la Ley de Tránsito para establecer una excepción acotada a la restricción vehicular respecto de vehículos destinados al funcionamiento de ferias libres legalmente autorizadas,parlamentario,15,Transportes y Telecomunicaciones,,Transportes y Telecomunicaciones,sufijo_boletin,0,Transportes y telecomunicaciones,,,Transportes y Telecomunicaciones,Transportes y telecomunicaciones,Transportes y Telecomunicaciones,,rica,alta,,
18282-07,"Modifica el Código Penal para sancionar toda forma de instrumentalización de niños, niñas y adolescentes para cometer delitos",parlamentario,07,"Constitución, Legislación, Justicia y Reglamento",,"Constitución, Legislación, Justicia y Reglamento",sufijo_boletin,0,Constitución y justicia,,,"Constitución, Legislación, Justicia y Reglamento",Constitución y justicia,,,rica,media,origen_transversal,
18283-35,Dispone como beneficiarios de la cuota preferente de inclusión laboral a las y los cuidadores no remunerados y otras personas que indica,parlamentario,35,Personas Mayores y Discapacidad,,Personas Mayores y Discapacidad,sufijo_boletin,0,Personas mayores y discapacidad,,,Personas Mayores y Discapacidad | Trabajo y Seguridad Social,Personas mayores y discapacidad | Trabajo y seguridad social,Personas Mayores y Discapacidad | Trabajo y Seguridad Social,,rica,alta,trayectoria_multitematica,
18284-29,"Establece medidas de control, prohibición y resguardo de la integridad deportiva respecto de plataformas de apuestas en línea no autorizadas",parlamentario,29,Deportes y Recreación,,Deportes y Recreación,sufijo_boletin,0,Deportes,,,Deportes y Recreación,Deportes,Deportes y Recreación,,rica,alta,,
18255-31,Establece un beneficio de compensación por la compra de pañales y de medicamentos,ejecutivo,31,Desarrollo Social,,Desarrollo Social,sufijo_boletin,0,Desarrollo social,,,Desarrollo Social,Desarrollo social,Desarrollo Social,Ministerio de Hacienda | Ministerio de Trabajo y Previsión Social,rica,alta,,
18256-10,"Aprueba el Acuerdo entre la República de Chile y la República Helénica sobre el empleo remunerado de dependientes de miembros de una misión diplomática o representación consular, suscrito en Santiago, el 24 de abril de 2024",ejecutivo,10,Relaciones Exteriores,,Relaciones Exteriores,sufijo_boletin,0,Relaciones exteriores,,,Relaciones Exteriores,Relaciones exteriores,Relaciones Exteriores,Ministerio de Relaciones Exteriores,rica,alta,,
18257-10,"Aprueba el Acuerdo general sobre los privilegios e inmunidades de la Organización Internacional de Policía Criminal-INTERPOL, aprobado en Marrakech, Marruecos, el 24 de noviembre de 2025",ejecutivo,10,Relaciones Exteriores,,Relaciones Exteriores,sufijo_boletin,0,Relaciones exteriores,,,Relaciones Exteriores,Relaciones exteriores,Relaciones Exteriores,Ministerio de Relaciones Exteriores,rica,alta,,
18258-07,"Modifica la ley N°18.415, orgánica constitucional de los estados de excepción, en materia de control de identidad y otros",ejecutivo,07,"Constitución, Legislación, Justicia y Reglamento",,"Constitución, Legislación, Justicia y Reglamento",sufijo_boletin,0,Constitución y justicia,,,"Constitución, Legislación, Justicia y Reglamento",Constitución y justicia,,Ministerio de Justicia y de Derechos Humanos | Ministerio del Interior | Ministerio de Seguridad Pública | Ministerio de Defensa Nacional,rica,media,origen_transversal,
18259-08,"Modifica el Código de Minería y las leyes números 21.420 y 21.649, en materia de amparo minero y otras materias que indica",ejecutivo,08,Minería y Energía,Hacienda,Hacienda,evento_cuenta_vs_sufijo,1,Economía y hacienda,,,Minería y Energía | Hacienda,Minería y energía | Economía y hacienda,Minería y Energía,Ministerio de Hacienda | Ministerio de Minería,rica,media,discrepancia_origen_evento_vs_sufijo | origen_transversal_con_comision_sustantiva | trayectoria_multitematica,Primer informe de comisión. Pasa a Comisión de Hacienda
18285-05,Modifica los cuerpos legales que indica para fortalecer la publicidad y transparencia en materia de modificación presupuestaria,parlamentario,05,Hacienda,,Hacienda,sufijo_boletin,0,Economía y hacienda,,,Hacienda,Economía y hacienda,,,rica,media,origen_transversal,
18290-15,Establece una exención del pago de peajes en situaciones de emergencia que indica,parlamentario,15,Transportes y Telecomunicaciones,,Transportes y Telecomunicaciones,sufijo_boletin,0,Transportes y telecomunicaciones,,,Transportes y Telecomunicaciones,Transportes y telecomunicaciones,Transportes y Telecomunicaciones,,rica,alta,,
18260-07,"Crea los Tribunales de Familia, con el objeto de establecer un procedimiento especial para la determinación de la responsabilidad parental en el caso de daños provocados por niños, niñas y adolescentes.",parlamentario,07,"Constitución, Legislación, Justicia y Reglamento",,"Constitución, Legislación, Justicia y Reglamento",sufijo_boletin,0,Constitución y justicia,,,"Constitución, Legislación, Justicia y Reglamento",Constitución y justicia,,,rica,media,origen_transversal,
18261-13,Declara el día 4 de noviembre de cada año como el Día Nacional del Trabajador de Cementerios,parlamentario,13,Trabajo y Seguridad Social,,Trabajo y Seguridad Social,sufijo_boletin,0,Trabajo y seguridad social,,,Trabajo y Seguridad Social,Trabajo y seguridad social,Trabajo y Seguridad Social,,rica,alta,,
18272-37,Declara el trabajo de las mujeres descoladoras en la industria pesquera como patrimonio cultural inmaterial de Chile,parlamentario,37,,,,sin_proxy,0,,,,,,,,rica,baja,codigo_destinacion_no_mapeado | sin_proxy_comision_origen,
18273-21,"Modifica la Ley General de Pesca y Acuicultura, con el objeto de reconocer las actividades conexas a la pesca industrial.",parlamentario,21,"Pesca, Acuicultura e Intereses Marítimos",,"Pesca, Acuicultura e Intereses Marítimos",sufijo_boletin,0,Pesca y acuicultura,,,"Pesca, Acuicultura e Intereses Marítimos",Pesca y acuicultura,"Pesca, Acuicultura e Intereses Marítimos",,rica,alta,,
18274-07,"Modifica la Carta Fundamental, con el objeto de consagrar el deber del Estado de resguardar la soberanía digital",parlamentario,07,"Constitución, Legislación, Justicia y Reglamento",,"Constitución, Legislación, Justicia y Reglamento",sufijo_boletin,0,Constitución y justicia,,,"Constitución, Legislación, Justicia y Reglamento",Constitución y justicia,,,rica,media,origen_transversal,
18275-12,"Modifica diversos cuerpos legales, con el objeto de precisar las funciones ecosistémicas esenciales de los humedales urbanos y los criterios para su delimitación y protección.",parlamentario,12,Medio Ambiente y Recursos Naturales,,Medio Ambiente y Recursos Naturales,sufijo_boletin,0,Medio ambiente,,,Medio Ambiente y Recursos Naturales,Medio ambiente,Medio Ambiente y Recursos Naturales,,rica,alta,,
18276-07,"Modifica el número 1° del artículo 447 del Código Penal, con el objeto de actualizar los términos utilizados en la tipificación del delito de hurto doméstico",parlamentario,07,"Constitución, Legislación, Justicia y Reglamento",,"Constitución, Legislación, Justicia y Reglamento",sufijo_boletin,0,Constitución y justicia,,,"Constitución, Legislación, Justicia y Reglamento",Constitución y justicia,,,rica,media,origen_transversal,
18277-04,Restringe el uso de redes sociales por parte de los menores de edad que indica,parlamentario,04,Educación,,Educación,sufijo_boletin,0,Educación,,,Educación,Educación,Educación,,rica,alta,,
18278-13,"Sanciona las acusaciones falsas en materia laboral, y modifica el Código Penal y el Código del Trabajo del modo que indica",parlamentario,13,Trabajo y Seguridad Social,,Trabajo y Seguridad Social,sufijo_boletin,0,Trabajo y seguridad social,,,Trabajo y Seguridad Social,Trabajo y seguridad social,Trabajo y Seguridad Social,,rica,alta,,
18289-01,"Modifica el DFL N° 30, de 2004, que aprueba el texto refundido, coordinado y sistematizado del decreto con fuerza de ley de Hacienda N° 213, de 1953, sobre ordenanza de aduanas, para establecer sanciones en caso de contrabando de productos agropecuarios infestados",parlamentario,01,"Agricultura, Silvicultura y Desarrollo Rural",,"Agricultura, Silvicultura y Desarrollo Rural",sufijo_boletin,0,Agricultura y mundo rural,,,"Agricultura, Silvicultura y Desarrollo Rural",Agricultura y mundo rural,"Agricultura, Silvicultura y Desarrollo Rural",,rica,alta,,
18288-06,Modifica diversos cuerpos legales para eliminar la facultad de autoridades locales y regionales de renunciar antes del periodo establecido y postular a nuevos cargos de elección popular,parlamentario,06,"Gobierno Interior, Nacionalidad, Ciudadanía y Regionalización",,"Gobierno Interior, Nacionalidad, Ciudadanía y Regionalización",sufijo_boletin,0,Gobierno interior y descentralización,,,"Gobierno Interior, Nacionalidad, Ciudadanía y Regionalización",Gobierno interior y descentralización,"Gobierno Interior, Nacionalidad, Ciudadanía y Regionalización",,rica,alta,,
18287-11,Establece un marco general para la implementación de la reproducción humana asistida,parlamentario,11,Salud,,Salud,sufijo_boletin,0,Salud,,,Salud,Salud,Salud,,rica,alta,,
18291-07,Fortalece legítima defensa privilegiada y la protección jurídica de las víctimas de delitos violentos,parlamentario,07,"Constitución, Legislación, Justicia y Reglamento",,"Constitución, Legislación, Justicia y Reglamento",sufijo_boletin,0,Constitución y justicia,,,"Constitución, Legislación, Justicia y Reglamento | Seguridad Ciudadana",Constitución y justicia | Seguridad,Seguridad Ciudadana,,rica,media,origen_transversal_con_comision_sustantiva | trayectoria_multitematica,
18292-07,Modifica cuerpos legales que indica para fortalecer la persecución penal en materia de reincidencia,parlamentario,07,"Constitución, Legislación, Justicia y Reglamento",,"Constitución, Legislación, Justicia y Reglamento",sufijo_boletin,0,Constitución y justicia,,,"Constitución, Legislación, Justicia y Reglamento",Constitución y justicia,,,rica,media,origen_transversal,
18293-15,Modifica ley del tránsito para aumentar la frecuencia de la revisión técnica de los buses de dos pisos,parlamentario,15,Transportes y Telecomunicaciones,,Transportes y Telecomunicaciones,sufijo_boletin,0,Transportes y telecomunicaciones,,,Transportes y Telecomunicaciones,Transportes y telecomunicaciones,Transportes y Telecomunicaciones,,rica,alta,,
18295-07,Modifica el Código Penal para sancionar el falso anuncio de atentados o explosivos en establecimientos educacionales,parlamentario,07,"Constitución, Legislación, Justicia y Reglamento",,"Constitución, Legislación, Justicia y Reglamento",sufijo_boletin,0,Constitución y justicia,,,"Constitución, Legislación, Justicia y Reglamento | Seguridad Ciudadana",Constitución y justicia | Seguridad,Seguridad Ciudadana,,rica,media,origen_transversal_con_comision_sustantiva | trayectoria_multitematica,
18306-15,"Modifica la ley N° 18.290, de tránsito, para sancionar la negativa a aceptar el pago de tarifa escolar en el transporte público remunerado de pasajeros",parlamentario,15,Transportes y Telecomunicaciones,,Transportes y Telecomunicaciones,sufijo_boletin,0,Transportes y telecomunicaciones,,,Transportes y Telecomunicaciones,Transportes y telecomunicaciones,Transportes y Telecomunicaciones,,rica,alta,,
18307-03,"Modifica la ley N° 19.496, que establece normas sobre protección de los derechos de los consumidores, para disponer la devolución íntegra del valor del pasaje cancelado en el transporte interurbano de pasajeros",parlamentario,03,"Economía, Fomento, MIPYMES, Consumidores y Turismo",,"Economía, Fomento, MIPYMES, Consumidores y Turismo",sufijo_boletin,0,"Economía, comercio y consumidores",,,"Economía, Fomento, MIPYMES, Consumidores y Turismo","Economía, comercio y consumidores","Economía, Fomento, MIPYMES, Consumidores y Turismo",,rica,alta,,
18308-11,"Modifica la ley N° 19.419, que regula actividades que indica relacionadas con el tabaco, para extender su aplicación a los dispositivos alternativos con y sin nicotina",parlamentario,11,Salud,,Salud,sufijo_boletin,0,Salud,,,Salud,Salud,Salud,,rica,alta,,
18280-21,"Modifica la ley N°21.069, que crea el Instituto Nacional de Desarrollo Sustentable de la Pesca Artesanal y de la Acuicultura de Pequeña Escala, Indespa, en lo relativo a la manera de regular el periodo de inscripción y postulación a beneficios que indica",parlamentario,21,"Pesca, Acuicultura e Intereses Marítimos",,"Pesca, Acuicultura e Intereses Marítimos",sufijo_boletin,0,Pesca y acuicultura,,,"Pesca, Acuicultura e Intereses Marítimos",Pesca y acuicultura,"Pesca, Acuicultura e Intereses Marítimos",,rica,alta,,
18309-14,Modifica la Ley General de Urbanismo y Construcciones para exigir la ejecución previa o simultánea de las medidas de mitigación directas en proyectos inmobiliarios,parlamentario,14,"Vivienda, Desarrollo Urbano",,"Vivienda, Desarrollo Urbano",sufijo_boletin,0,Vivienda y territorio,,,"Vivienda, Desarrollo Urbano",Vivienda y territorio,"Vivienda, Desarrollo Urbano",,rica,alta,,
18310-03,Modifica la ley N° 19.925 para regular la venta de bebidas alcohólicas en grandes cantidades a personas no autorizadas para su expendio o comercialización,parlamentario,03,"Economía, Fomento, MIPYMES, Consumidores y Turismo",,"Economía, Fomento, MIPYMES, Consumidores y Turismo",sufijo_boletin,0,"Economía, comercio y consumidores",,,"Economía, Fomento, MIPYMES, Consumidores y Turismo","Economía, comercio y consumidores","Economía, Fomento, MIPYMES, Consumidores y Turismo",,rica,alta,,
18311-06,Rehabilita la nacionalidad chilena a Carolina Dawabe Valle,parlamentario,06,"Gobierno Interior, Nacionalidad, Ciudadanía y Regionalización",,"Gobierno Interior, Nacionalidad, Ciudadanía y Regionalización",sufijo_boletin,0,Gobierno interior y descentralización,,,"Gobierno Interior, Nacionalidad, Ciudadanía y Regionalización",Gobierno interior y descentralización,"Gobierno Interior, Nacionalidad, Ciudadanía y Regionalización",,rica,alta,,
18312-07,"Modifica el Código Penal para agravar las sanciones aplicables a ciertos delitos cometidos por asociaciones delictivas o criminales, o por cuenta o encargo de estas",parlamentario,07,"Constitución, Legislación, Justicia y Reglamento",,"Constitución, Legislación, Justicia y Reglamento",sufijo_boletin,0,Constitución y justicia,,,"Constitución, Legislación, Justicia y Reglamento",Constitución y justicia,,,rica,media,origen_transversal,
18279-10,"Aprueba el Acuerdo que modifica el Convenio entre la República de Chile y el Gobierno de la República de Hungría con el Objeto de Autorizar el Ejercicio de Actividades Remuneradas en el Estado Receptor por los Familiares Dependientes del Personal Diplomático, Consular, Administrativo y Técnico de las Misiones Diplomáticas y Consulares Acreditadas ante los respectivos Gobiernos, y por los Familiares Dependientes de Nacionales Chilenos o Húngaros Acreditados ante Organizaciones Internacionales con Sede en Cualquiera de los Dos Países, adoptado por intercambio de Notas, fechadas en Santiago y Budapest, el 15 de julio de 2024.",ejecutivo,10,Relaciones Exteriores,,Relaciones Exteriores,sufijo_boletin,0,Relaciones exteriores,,,Relaciones Exteriores,Relaciones exteriores,Relaciones Exteriores,Ministerio de Relaciones Exteriores,rica,alta,,
18286-03,"Modifica la ley N° 19.799, sobre documentos electrónicos, firma electrónica y servicios de certificación de dicha firma, y otros cuerpos legales relacionados",ejecutivo,03,"Economía, Fomento, MIPYMES, Consumidores y Turismo",,"Economía, Fomento, MIPYMES, Consumidores y Turismo",sufijo_boletin,0,"Economía, comercio y consumidores",,,"Economía, Fomento, MIPYMES, Consumidores y Turismo","Economía, comercio y consumidores","Economía, Fomento, MIPYMES, Consumidores y Turismo","Ministerio de Economía, Fomento y Turism | Ministerio de Justicia y de Derechos Humanos | Ministerio de Hacienda",rica,alta,,
18297-07,"Interpreta el artículo primero transitorio de la ley N° 21.772, que modifica el sistema registral y notarial en sus aspectos orgánicos y funcionales, en lo relativo al procedimiento para proveer las vacantes que indica",parlamentario,07,"Constitución, Legislación, Justicia y Reglamento",,"Constitución, Legislación, Justicia y Reglamento",sufijo_boletin,0,Constitución y justicia,,,"Constitución, Legislación, Justicia y Reglamento | Derechos Humanos y Pueblos Originarios",Constitución y justicia | Derechos humanos,Derechos Humanos y Pueblos Originarios,,rica,media,origen_transversal_con_comision_sustantiva | trayectoria_multitematica,
18298-07,"Modifica la Carta Fundamental, con el objeto de incluir a las empresas del Estado entre las entidades fiscalizadas por la Contraloría General de la República",parlamentario,07,"Constitución, Legislación, Justicia y Reglamento",,"Constitución, Legislación, Justicia y Reglamento",sufijo_boletin,0,Constitución y justicia,,,"Constitución, Legislación, Justicia y Reglamento",Constitución y justicia,,,rica,media,origen_transversal,
18313-08,"Modifica el decreto ley N° 1.349, de 1976, que crea la Comisión Chilena del Cobre, para otorgar a la Contraloría General de la República facultades fiscalizadoras respecto de las empresas estatales productoras de cobre y sus derivados",parlamentario,08,Minería y Energía,,Minería y Energía,sufijo_boletin,0,Minería y energía,,,"Constitución, Legislación, Justicia y Reglamento | Minería y Energía",Constitución y justicia | Minería y energía,Minería y Energía,,rica,alta,trayectoria_multitematica,
18316-02,"Previene y sanciona la fabricación, adaptación y circulación de armas hechizas y dispositivos susceptibles de ser transformados en armas de fuego",parlamentario,02,Defensa Nacional,,Defensa Nacional,sufijo_boletin,0,Defensa,,,Defensa Nacional,Defensa,Defensa Nacional,,rica,alta,,
18317-13,Modifica el Código de Trabajo para eximir de la jornada ordinaria de trabajo a quienes se desempeñen en instituciones de beneficencia,parlamentario,13,Trabajo y Seguridad Social,,Trabajo y Seguridad Social,sufijo_boletin,0,Trabajo y seguridad social,,,Trabajo y Seguridad Social,Trabajo y seguridad social,Trabajo y Seguridad Social,,rica,alta,,
18318-19,"Establece un estatuto de responsabilidad algorítmica y protección digital de niños, niñas y adolescentes",parlamentario,19,Ciencia y Tecnología,,Ciencia y Tecnología,sufijo_boletin,0,Ciencia y tecnología,,,Ciencia y Tecnología,Ciencia y tecnología,Ciencia y Tecnología,,rica,alta,,
18319-07,"Modifica el Código Penal para incorporar la circunstancia agravante de atentado contra personas que se desempeñen en centros de acogida y cuidado de niños, niñas y adolescentes reconocidos por el Estado",parlamentario,07,"Constitución, Legislación, Justicia y Reglamento",,"Constitución, Legislación, Justicia y Reglamento",sufijo_boletin,0,Constitución y justicia,,,"Constitución, Legislación, Justicia y Reglamento",Constitución y justicia,,,rica,media,origen_transversal,
18320-18,Modifica la ley N° 21.430 para incorporar medidas de protección de la infancia y la adolescencia en entornos digitales,parlamentario,18,"Familia, Infancia y Adolescencia",,"Familia, Infancia y Adolescencia",sufijo_boletin,0,"Familia, infancia y adolescencia",,,"Familia, Infancia y Adolescencia","Familia, infancia y adolescencia","Familia, Infancia y Adolescencia",,rica,alta,,
18326-18,"Refuerza la protección integral de niños, niñas y adolescentes en procesos judiciales y establece medidas de prevención y sanción de falsos informes y denuncias",parlamentario,18,"Familia, Infancia y Adolescencia",,"Familia, Infancia y Adolescencia",sufijo_boletin,0,"Familia, infancia y adolescencia",,,"Familia, Infancia y Adolescencia","Familia, infancia y adolescencia","Familia, Infancia y Adolescencia",,rica,alta,,
18296-05,Autoriza mayor endeudamiento del gobierno central durante el año 2026,ejecutivo,05,Hacienda,,Hacienda,sufijo_boletin,0,Economía y hacienda,,,Hacienda,Economía y hacienda,,Ministerio de Hacienda,rica,media,origen_transversal,
18299-35,"Modifica diversos cuerpos legales, con el objeto de promover la responsabilidad familiar respecto de adultos mayores internados en establecimientos de salud",parlamentario,35,Personas Mayores y Discapacidad,,Personas Mayores y Discapacidad,sufijo_boletin,0,Personas mayores y discapacidad,,,Personas Mayores y Discapacidad,Personas mayores y discapacidad,Personas Mayores y Discapacidad,,rica,alta,,
18300-04,Prohíbe el acceso y uso de redes sociales a menores de catorce años y establece las obligaciones que indica para los prestadores de dichos servicios,parlamentario,04,Educación,,Educación,sufijo_boletin,0,Educación,,,Educación,Educación,Educación,,rica,alta,,
18302-11,"Modifica la ley N° 20.606, sobre composición nutricional de los alimentos y su publicidad, con el objeto de facilitar el acceso a alimentos libres de gluten en establecimientos de comercio y garantizar su inocuidad",parlamentario,11,Salud,,Salud,sufijo_boletin,0,Salud,,,Salud,Salud,Salud,,rica,alta,,
18303-15,Prorroga la vigencia de las licencias de conducir en los casos y plazos que señala,parlamentario,15,Transportes y Telecomunicaciones,,Transportes y Telecomunicaciones,sufijo_boletin,0,Transportes y telecomunicaciones,,,Transportes y Telecomunicaciones,Transportes y telecomunicaciones,Transportes y Telecomunicaciones,,rica,alta,,
18304-06,"Modifica la Ley Orgánica Constitucional de los Partidos Políticos, con el objeto de establecer un porcentaje mínimo de participación de afiliados para la validez de los procesos de elección de sus autoridades",parlamentario,06,"Gobierno Interior, Nacionalidad, Ciudadanía y Regionalización",,"Gobierno Interior, Nacionalidad, Ciudadanía y Regionalización",sufijo_boletin,0,Gobierno interior y descentralización,,,"Gobierno Interior, Nacionalidad, Ciudadanía y Regionalización",Gobierno interior y descentralización,"Gobierno Interior, Nacionalidad, Ciudadanía y Regionalización",,rica,alta,,
18305-04,"Modifica la Ley sobre Subvención del Estado a Establecimientos Educacionales, con el objeto de prohibir la postulación a las instituciones educativas que indica a alumnos sancionados con la medida de expulsión",parlamentario,04,Educación,,Educación,sufijo_boletin,0,Educación,,,Educación,Educación,Educación,,rica,alta,,
18321-14,Fortalece la seguridad en edificaciones habitacionales en altura,parlamentario,14,"Vivienda, Desarrollo Urbano",,"Vivienda, Desarrollo Urbano",sufijo_boletin,0,Vivienda y territorio,,,"Vivienda, Desarrollo Urbano",Vivienda y territorio,"Vivienda, Desarrollo Urbano",,rica,alta,,
18322-06,"Modifica la ley N°18.695, orgánica constitucional de municipalidades, para disponer la atribución municipal de regular el horario de funcionamiento de los establecimientos de comercio que se indican",parlamentario,06,"Gobierno Interior, Nacionalidad, Ciudadanía y Regionalización",,"Gobierno Interior, Nacionalidad, Ciudadanía y Regionalización",sufijo_boletin,0,Gobierno interior y descentralización,,,"Gobierno Interior, Nacionalidad, Ciudadanía y Regionalización",Gobierno interior y descentralización,"Gobierno Interior, Nacionalidad, Ciudadanía y Regionalización",,rica,alta,,
18301-10,"Aprueba el Convenio de Transporte Aéreo entre el Gobierno de la República de Chile y el Gobierno de la República de Costa Rica, suscrito en Lima, Perú, el 13 de diciembre de 2023",ejecutivo,10,Relaciones Exteriores,,Relaciones Exteriores,sufijo_boletin,0,Relaciones exteriores,,,Relaciones Exteriores,Relaciones exteriores,Relaciones Exteriores,Ministerio de Relaciones Exteriores | Ministerio de Transporte y Telecomunicaciones,rica,alta,,
18324-07,Introduce en el Código Procesal Penal la figura del agente encubierto en línea,parlamentario,07,"Constitución, Legislación, Justicia y Reglamento",,"Constitución, Legislación, Justicia y Reglamento",sufijo_boletin,0,Constitución y justicia,,,"Constitución, Legislación, Justicia y Reglamento | Seguridad Ciudadana",Constitución y justicia | Seguridad,Seguridad Ciudadana,,rica,media,origen_transversal_con_comision_sustantiva | trayectoria_multitematica,
18325-06,Establece un régimen especial de nacionalización para deportistas de alto rendimiento y proyección internacional,parlamentario,06,"Gobierno Interior, Nacionalidad, Ciudadanía y Regionalización",,"Gobierno Interior, Nacionalidad, Ciudadanía y Regionalización",sufijo_boletin,0,Gobierno interior y descentralización,,,"Gobierno Interior, Nacionalidad, Ciudadanía y Regionalización | Deportes y Recreación",Gobierno interior y descentralización | Deportes,"Gobierno Interior, Nacionalidad, Ciudadanía y Regionalización | Deportes y Recreación",,rica,alta,trayectoria_multitematica,
18327-07,"Modifica la ley N° 18.918, orgánica constitucional del Congreso Nacional, para sancionar el incumplimiento de funciones parlamentarias durante la semana distrital",parlamentario,07,"Constitución, Legislación, Justicia y Reglamento",,"Constitución, Legislación, Justicia y Reglamento",sufijo_boletin,0,Constitución y justicia,,,"Constitución, Legislación, Justicia y Reglamento",Constitución y justicia,,,rica,media,origen_transversal,
18294-15,"Modifica la ley N°18.290, de Tránsito, para eximir en todos los casos el pago de peaje a los cuerpos de bomberos",parlamentario,15,Transportes y Telecomunicaciones,,Transportes y Telecomunicaciones,sufijo_boletin,0,Transportes y telecomunicaciones,,,Transportes y Telecomunicaciones,Transportes y telecomunicaciones,Transportes y Telecomunicaciones,,rica,alta,,
18328-05,Promueve la austeridad y fortalece los requisitos para destinar recursos públicos en actividades institucionales,parlamentario,05,Hacienda,,Hacienda,sufijo_boletin,0,Economía y hacienda,,,"Hacienda | Gobierno Interior, Nacionalidad, Ciudadanía y Regionalización",Economía y hacienda | Gobierno interior y descentralización,"Gobierno Interior, Nacionalidad, Ciudadanía y Regionalización",,rica,media,origen_transversal_con_comision_sustantiva | trayectoria_multitematica,
18329-06,Sanciona la ocupación de bienes nacionales de uso público mediante instalaciones precarias que sirven de base a la comisión de delitos,parlamentario,06,"Gobierno Interior, Nacionalidad, Ciudadanía y Regionalización",,"Gobierno Interior, Nacionalidad, Ciudadanía y Regionalización",sufijo_boletin,0,Gobierno interior y descentralización,,,"Gobierno Interior, Nacionalidad, Ciudadanía y Regionalización",Gobierno interior y descentralización,"Gobierno Interior, Nacionalidad, Ciudadanía y Regionalización",,rica,alta,,
18330-07,Modifica el Código Procesal Penal para restringir la presentación de querellas por parte de parlamentarios en ejercicio,parlamentario,07,"Constitución, Legislación, Justicia y Reglamento",,"Constitución, Legislación, Justicia y Reglamento",sufijo_boletin,0,Constitución y justicia,,,"Constitución, Legislación, Justicia y Reglamento",Constitución y justicia,,,rica,media,origen_transversal,
18331-17,"Modifica la ley N° 20.405, del Instituto Nacional de Derechos Humanos, en materia de transparencia, responsabilidad institucional, gobierno corporativo y rendición de cuentas",parlamentario,17,Derechos Humanos y Pueblos Originarios,,Derechos Humanos y Pueblos Originarios,sufijo_boletin,0,Derechos humanos,,,Derechos Humanos y Pueblos Originarios,Derechos humanos,Derechos Humanos y Pueblos Originarios,,rica,alta,,
18314-07,Reforma la Constitución Política en materia de detención para la ejecución de expulsiones administrativas,ejecutivo,07,"Constitución, Legislación, Justicia y Reglamento",,"Constitución, Legislación, Justicia y Reglamento",sufijo_boletin,0,Constitución y justicia,,,"Constitución, Legislación, Justicia y Reglamento",Constitución y justicia,,Ministerio de Justicia y de Derechos Humanos | Ministerio del Interior | Ministerio de Seguridad Pública,rica,media,origen_transversal,
18315-07,Amplía las hipótesis de tráfico de migrantes y modifica los textos legales que indica,ejecutivo,07,"Constitución, Legislación, Justicia y Reglamento",,"Constitución, Legislación, Justicia y Reglamento",sufijo_boletin,0,Constitución y justicia,,,"Constitución, Legislación, Justicia y Reglamento",Constitución y justicia,,Ministerio de Justicia y de Derechos Humanos | Ministerio del Interior | Ministerio de Seguridad Pública,rica,media,origen_transversal,
18342-02,"Modifica la ley N° 17.798, sobre control de armas, para agravar la sanción aplicable a los delitos perpetrados mediante el uso de fuegos artificiales y facultar a los inspectores municipales para fiscalizar la comercialización, porte y uso de estos elementos",parlamentario,02,Defensa Nacional,,Defensa Nacional,sufijo_boletin,0,Defensa,,,"Defensa Nacional | Gobierno Interior, Nacionalidad, Ciudadanía y Regionalización",Defensa | Gobierno interior y descentralización,"Defensa Nacional | Gobierno Interior, Nacionalidad, Ciudadanía y Regionalización",,rica,alta,trayectoria_multitematica,
18343-16,"Modifica el inciso segundo del artículo 355 del Reglamento de la Cámara de Diputados, con el objeto de aumentar el quorum de los acuerdos adoptados por la Comisión de Ética que apliquen sanciones por faltas a los deberes parlamentarios",parlamentario,16,Régimen Interno y Administración,,Régimen Interno y Administración,sufijo_boletin,0,Administración parlamentaria,,,Régimen Interno y Administración,Administración parlamentaria,,,rica,media,origen_transversal,
18344-07,"Modifica el artículo 19 N° 8 de la Constitución Política de la República, para establecer la obligatoriedad de afiliación al Fondo Nacional de Salud de las altas autoridades del Estado",parlamentario,07,"Constitución, Legislación, Justicia y Reglamento",,"Constitución, Legislación, Justicia y Reglamento",sufijo_boletin,0,Constitución y justicia,,,"Constitución, Legislación, Justicia y Reglamento",Constitución y justicia,,,rica,media,origen_transversal,
18345-13,Modifica el Código del Trabajo para resguardar la inembargabilidad de las remuneraciones de los trabajadores ante acciones de cobranza,parlamentario,13,Trabajo y Seguridad Social,,Trabajo y Seguridad Social,sufijo_boletin,0,Trabajo y seguridad social,,,Educación | Trabajo y Seguridad Social,Educación | Trabajo y seguridad social,Educación | Trabajo y Seguridad Social,,rica,alta,trayectoria_multitematica,
18346-11,Modifica cuerpos legales que indica con el objeto de eximir del requisito de orden médica para la realización del examen de antígeno prostático específico (APE),parlamentario,11,Salud,,Salud,sufijo_boletin,0,Salud,,,Salud,Salud,Salud,,rica,alta,,
18347-29,Establece la obligatoriedad de exámenes de detección de drogas para el personal técnico de divisiones inferiores de clubes de fútbol profesional,parlamentario,29,Deportes y Recreación,,Deportes y Recreación,sufijo_boletin,0,Deportes,,,Deportes y Recreación,Deportes,Deportes y Recreación,,rica,alta,,
18323-07,Modifica diversos cuerpos legales con el objeto de fortalecer la persecución y sanción del delito de abigeato,parlamentario,07,"Constitución, Legislación, Justicia y Reglamento",,"Constitución, Legislación, Justicia y Reglamento",sufijo_boletin,0,Constitución y justicia,,,"Constitución, Legislación, Justicia y Reglamento",Constitución y justicia,,,rica,media,origen_transversal,
18348-13,Modifica el Código del Trabajo en materia de permiso por fallecimiento de un hijo o de la persona bajo el cuidado personal del trabajador,parlamentario,13,Trabajo y Seguridad Social,,Trabajo y Seguridad Social,sufijo_boletin,0,Trabajo y seguridad social,,,Trabajo y Seguridad Social,Trabajo y seguridad social,Trabajo y Seguridad Social,,rica,alta,,
18349-06,Modifica el Código Penal y el Código Procesal Penal para tipificar como delito el empleo de bienes de uso público o de libre acceso al público para habitar o pernoctar y establecerlo como un delito de flagrancia permanente,parlamentario,06,"Gobierno Interior, Nacionalidad, Ciudadanía y Regionalización",,"Gobierno Interior, Nacionalidad, Ciudadanía y Regionalización",sufijo_boletin,0,Gobierno interior y descentralización,,,"Gobierno Interior, Nacionalidad, Ciudadanía y Regionalización",Gobierno interior y descentralización,"Gobierno Interior, Nacionalidad, Ciudadanía y Regionalización",,rica,alta,,
18350-25,"Modifica la ley N° 21.659, sobre seguridad privada, para eximir del deber de contratar seguros o constituir caución a los organizadores de eventos religiosos masivos",parlamentario,25,Seguridad Ciudadana,,Seguridad Ciudadana,sufijo_boletin,0,Seguridad,,,Seguridad Ciudadana,Seguridad,Seguridad Ciudadana,,rica,alta,,
18351-07,Modifica textos legales que indica en materia de cumplimiento efectivo de penas privativas de libertad respecto de delitos que indica,parlamentario,07,"Constitución, Legislación, Justicia y Reglamento",,"Constitución, Legislación, Justicia y Reglamento",sufijo_boletin,0,Constitución y justicia,,,"Constitución, Legislación, Justicia y Reglamento",Constitución y justicia,,,rica,media,origen_transversal,
18353-07,Conmutación de penas,parlamentario,07,"Constitución, Legislación, Justicia y Reglamento",,"Constitución, Legislación, Justicia y Reglamento",sufijo_boletin,0,Constitución y justicia,,,"Constitución, Legislación, Justicia y Reglamento",Constitución y justicia,,,rica,media,origen_transversal,
18355-25,"Modifica el Código Procesal Penal, con el objeto de promover la persecución y sanción de delitos cometidos en recintos penitenciarios",parlamentario,25,Seguridad Ciudadana,,Seguridad Ciudadana,sufijo_boletin,0,Seguridad,,,Seguridad Ciudadana,Seguridad,Seguridad Ciudadana,,rica,alta,,
18357-06,"Modifica la Ley Orgánica Constitucional de Municipalidades, con la finalidad de permitir la recuperación de espacios públicos ocupados en forma irregular",parlamentario,06,"Gobierno Interior, Nacionalidad, Ciudadanía y Regionalización",,"Gobierno Interior, Nacionalidad, Ciudadanía y Regionalización",sufijo_boletin,0,Gobierno interior y descentralización,,,"Gobierno Interior, Nacionalidad, Ciudadanía y Regionalización",Gobierno interior y descentralización,"Gobierno Interior, Nacionalidad, Ciudadanía y Regionalización",,rica,alta,,
18332-25,"Modifica la ley N° 21.802, en lo relativo al plazo para considerar un delito como flagrante, en el caso de detenciones efectuadas por inspectores de seguridad municipal",parlamentario,25,Seguridad Ciudadana,,Seguridad Ciudadana,sufijo_boletin,0,Seguridad,,,Seguridad Ciudadana,Seguridad,Seguridad Ciudadana,,rica,alta,,
18333-07,"Modifica diversos cuerpos legales, con el objeto de sancionar penalmente el reclutamiento de personas por parte de una asociación delictiva o criminal",parlamentario,07,"Constitución, Legislación, Justicia y Reglamento",,"Constitución, Legislación, Justicia y Reglamento",sufijo_boletin,0,Constitución y justicia,,,"Constitución, Legislación, Justicia y Reglamento",Constitución y justicia,,,rica,media,origen_transversal,
18334-10,"Aprueba la &quot;Enmienda del Artículo VI del Estatuto del Organismo Internacional de Energía Atómica&quot;, aprobada por la Conferencia General del Organismo, celebrada el 1 de octubre de 1999 en Viena, Austria",ejecutivo,10,Relaciones Exteriores,,Relaciones Exteriores,sufijo_boletin,0,Relaciones exteriores,,,Relaciones Exteriores,Relaciones exteriores,Relaciones Exteriores,Ministerio de Relaciones Exteriores,rica,alta,,
18335-02,"Modifica la Ley sobre Control de Armas, con el objeto de fortalecer la trazabilidad, custodia y control de las armas de fuego",parlamentario,02,Defensa Nacional,,Defensa Nacional,sufijo_boletin,0,Defensa,,,Defensa Nacional,Defensa,Defensa Nacional,,rica,alta,,
18336-15,"Modifica el Código Aeronáutico, con el objeto de reforzar la protección de los derechos de los pasajeros ante imprevistos ocasionados por razones de seguridad, fuerza mayor o fenómenos meteorológicos",parlamentario,15,Transportes y Telecomunicaciones,,Transportes y Telecomunicaciones,sufijo_boletin,0,Transportes y telecomunicaciones,,,Transportes y Telecomunicaciones,Transportes y telecomunicaciones,Transportes y Telecomunicaciones,,rica,alta,,
18337-12,"Modifica la ley N° 21.368, con el objeto de prorrogar la entrada en vigencia de su reglamento y flexibilizar la aplicación de las disposiciones que indica",parlamentario,12,Medio Ambiente y Recursos Naturales,,Medio Ambiente y Recursos Naturales,sufijo_boletin,0,Medio ambiente,,,Medio Ambiente y Recursos Naturales,Medio ambiente,Medio Ambiente y Recursos Naturales,,rica,alta,,
18338-06,"Modifica la ley N° 19.886, Ley de Bases sobre Contratos Administrativos de Suministro y Prestación de Servicios, con el objeto de fortalecer la protección laboral del personal que se desempeña en la manipulación de alimentos y asegurar la correcta prestación de dichos servicios",parlamentario,06,"Gobierno Interior, Nacionalidad, Ciudadanía y Regionalización",,"Gobierno Interior, Nacionalidad, Ciudadanía y Regionalización",sufijo_boletin,0,Gobierno interior y descentralización,,,"Gobierno Interior, Nacionalidad, Ciudadanía y Regionalización",Gobierno interior y descentralización,"Gobierno Interior, Nacionalidad, Ciudadanía y Regionalización",,rica,alta,,
18340-03,Excluye la aplicación de la unidad de fomento como mecanismo de reajustabilidad en los contratos que señala y establece mayores deberes de transparencia en su utilización,parlamentario,03,"Economía, Fomento, MIPYMES, Consumidores y Turismo",,"Economía, Fomento, MIPYMES, Consumidores y Turismo",sufijo_boletin,0,"Economía, comercio y consumidores",,,"Economía, Fomento, MIPYMES, Consumidores y Turismo","Economía, comercio y consumidores","Economía, Fomento, MIPYMES, Consumidores y Turismo",,rica,alta,,
18352-04,"Modifica la ley N°20.370, General de Educación, para incorporar la educación emocional y salud mental en el sistema escolar",parlamentario,04,Educación,,Educación,sufijo_boletin,0,Educación,,,Educación,Educación,Educación,,rica,alta,,
18354-07,"Modifica el artículo 19 N°16 de la Constitución Política, para disponer un procedimiento de negociación de reajustes salariales en el sector público y privado",parlamentario,07,"Constitución, Legislación, Justicia y Reglamento",,"Constitución, Legislación, Justicia y Reglamento",sufijo_boletin,0,Constitución y justicia,,,"Constitución, Legislación, Justicia y Reglamento",Constitución y justicia,,,rica,media,origen_transversal,
18358-03,"Modifica la ley N° 19.496, que establece normas sobre protección de los derechos de los consumidores, para consagrar el derecho a poner término a los contratos por la misma forma, vía o canal en que fueron celebrados",parlamentario,03,"Economía, Fomento, MIPYMES, Consumidores y Turismo",,"Economía, Fomento, MIPYMES, Consumidores y Turismo",sufijo_boletin,0,"Economía, comercio y consumidores",,,"Economía, Fomento, MIPYMES, Consumidores y Turismo","Economía, comercio y consumidores","Economía, Fomento, MIPYMES, Consumidores y Turismo",,rica,alta,,
18359-07,Modifica el artículo 52 de la Constitución Política de la República en materia de cumplimiento de los requerimientos de fiscalización realizados por la Cámara de Diputados,parlamentario,07,"Constitución, Legislación, Justicia y Reglamento",,"Constitución, Legislación, Justicia y Reglamento",sufijo_boletin,0,Constitución y justicia,,,"Constitución, Legislación, Justicia y Reglamento",Constitución y justicia,,,rica,media,origen_transversal,
18360-07,Modifica el Código Penal en materia de sanciones aplicables por delitos cometidos en contra de funcionarios y autoridades,parlamentario,07,"Constitución, Legislación, Justicia y Reglamento",,"Constitución, Legislación, Justicia y Reglamento",sufijo_boletin,0,Constitución y justicia,,,"Constitución, Legislación, Justicia y Reglamento | Seguridad Ciudadana",Constitución y justicia | Seguridad,Seguridad Ciudadana,,rica,media,origen_transversal_con_comision_sustantiva | trayectoria_multitematica,
18361-02,"Aumenta la pena aplicable al delito de ingreso no autorizado a recintos militares y policiales, y fortalece la protección de la seguridad pública",parlamentario,02,Defensa Nacional,,Defensa Nacional,sufijo_boletin,0,Defensa,,,Defensa Nacional,Defensa,Defensa Nacional,,rica,alta,,
18362-19,Establece la obligación de fijar domicilio en Chile a las plataformas digitales,parlamentario,19,Ciencia y Tecnología,,Ciencia y Tecnología,sufijo_boletin,0,Ciencia y tecnología,,,Ciencia y Tecnología,Ciencia y tecnología,Ciencia y Tecnología,,rica,alta,,
18363-06,"Modifica la ley N° 19.925, sobre expendio y consumo de bebidas alcohólicas, en materia de requisitos para acceder a patentes de funcionamiento de establecimientos que expenden alcohol",parlamentario,06,"Gobierno Interior, Nacionalidad, Ciudadanía y Regionalización",,"Gobierno Interior, Nacionalidad, Ciudadanía y Regionalización",sufijo_boletin,0,Gobierno interior y descentralización,,,"Gobierno Interior, Nacionalidad, Ciudadanía y Regionalización",Gobierno interior y descentralización,"Gobierno Interior, Nacionalidad, Ciudadanía y Regionalización",,rica,alta,,
18467-06,"Modifica la ley N°18.700, orgánica constitucional sobre Votaciones Populares y Escrutinios, para incorporar el principio de equidad territorial en la distribución de escaños de la Cámara de Diputados",parlamentario,06,"Gobierno Interior, Nacionalidad, Ciudadanía y Regionalización",,"Gobierno Interior, Nacionalidad, Ciudadanía y Regionalización",sufijo_boletin,0,Gobierno interior y descentralización,,,"Gobierno Interior, Nacionalidad, Ciudadanía y Regionalización",Gobierno interior y descentralización,"Gobierno Interior, Nacionalidad, Ciudadanía y Regionalización",,rica,alta,,
18341-25,Crea el registro de actos vandálicos e incivilidades,ejecutivo,25,Seguridad Ciudadana,,Seguridad Ciudadana,sufijo_boletin,0,Seguridad,,,Seguridad Ciudadana,Seguridad,Seguridad Ciudadana,Ministerio de Desarrollo Social y Famili | Ministerio de Justicia y de Derechos Humanos | Ministerio de Hacienda | Ministerio del Interior | Ministerio de Seguridad Pública,rica,alta,,
18364-07,Modifica la carta fundamental para establecer la jornada laboral máxima de 40 horas semanales para los funcionarios públicos,parlamentario,07,"Constitución, Legislación, Justicia y Reglamento",,"Constitución, Legislación, Justicia y Reglamento",sufijo_boletin,0,Constitución y justicia,,,"Constitución, Legislación, Justicia y Reglamento",Constitución y justicia,,,rica,media,origen_transversal,
18365-07,Modifica el artículo 291 bis del Código Penal para aumentar las penas del delito de maltrato animal,parlamentario,07,"Constitución, Legislación, Justicia y Reglamento",,"Constitución, Legislación, Justicia y Reglamento",sufijo_boletin,0,Constitución y justicia,,,"Constitución, Legislación, Justicia y Reglamento",Constitución y justicia,,,rica,media,origen_transversal,
18366-25,Modifica ley N° 21.560 y deroga norma del Código de Justicia Militar,parlamentario,25,Seguridad Ciudadana,,Seguridad Ciudadana,sufijo_boletin,0,Seguridad,,,Seguridad Ciudadana,Seguridad,Seguridad Ciudadana,,rica,alta,,
18367-25,Establece reglas especiales para la determinación de la pena respecto de los delitos de homicidio y lesiones cometidos por adolescentes en contra de funcionarios policiales,parlamentario,25,Seguridad Ciudadana,,Seguridad Ciudadana,sufijo_boletin,0,Seguridad,,,Seguridad Ciudadana,Seguridad,Seguridad Ciudadana,,rica,alta,,
18373-07,"Modifica la ley N° 19.913, que crea la Unidad de Análisis Financiero, para agilizar el acceso a información amparada por secreto o reserva bancaria, manteniendo el control judicial previo",parlamentario,07,"Constitución, Legislación, Justicia y Reglamento",,"Constitución, Legislación, Justicia y Reglamento",sufijo_boletin,0,Constitución y justicia,,,"Constitución, Legislación, Justicia y Reglamento",Constitución y justicia,,,rica,media,origen_transversal,
18374-06,"Modifica la ley N° 18.695, orgánica constitucional de municipalidades, para establecer la obligatoriedad de dar respuesta a los requerimientos de información y antecedentes efectuados por el Concejo Municipal o los concejales que lo integran, a las Corporaciones, Fundaciones y Asociaciones Municipales",parlamentario,06,"Gobierno Interior, Nacionalidad, Ciudadanía y Regionalización",,"Gobierno Interior, Nacionalidad, Ciudadanía y Regionalización",sufijo_boletin,0,Gobierno interior y descentralización,,,"Gobierno Interior, Nacionalidad, Ciudadanía y Regionalización",Gobierno interior y descentralización,"Gobierno Interior, Nacionalidad, Ciudadanía y Regionalización",,rica,alta,,
18375-29,Establece normas para la regulación de la emisión de ruido generado por instalaciones deportivas,parlamentario,29,Deportes y Recreación,,Deportes y Recreación,sufijo_boletin,0,Deportes,,,Deportes y Recreación,Deportes,Deportes y Recreación,,rica,alta,,
18376-13,Establece la modalidad de trabajo a distancia o teletrabajo respecto de trabajadores que indica,parlamentario,13,Trabajo y Seguridad Social,,Trabajo y Seguridad Social,sufijo_boletin,0,Trabajo y seguridad social,,,Trabajo y Seguridad Social,Trabajo y seguridad social,Trabajo y Seguridad Social,,rica,alta,,
18380-07,Establece causales de inhabilidades y recusación respecto de jueces y fiscales,parlamentario,07,"Constitución, Legislación, Justicia y Reglamento",,"Constitución, Legislación, Justicia y Reglamento",sufijo_boletin,0,Constitución y justicia,,,"Constitución, Legislación, Justicia y Reglamento",Constitución y justicia,,,rica,media,origen_transversal,
18381-02,Aumenta la pena aplicable al delito de ingreso no autorizado a recintos militares y policiales,parlamentario,02,Defensa Nacional,,Defensa Nacional,sufijo_boletin,0,Defensa,,,Defensa Nacional,Defensa,Defensa Nacional,,rica,alta,,
18382-29,"Modifica ley N° 19.712, del Deporte, para establecer medidas de seguridad, protección y resguardo de la infancia y la adolescencia, en actividades físicas, deportivas y recreativas",parlamentario,29,Deportes y Recreación,,Deportes y Recreación,sufijo_boletin,0,Deportes,,,Deportes y Recreación,Deportes,Deportes y Recreación,,rica,alta,,
18339-35,"Modifica el Código Civil, con el objeto de suprimir disposiciones que limitan la capacidad jurídica de personas con discapacidad visual o auditiva",parlamentario,35,Personas Mayores y Discapacidad,,Personas Mayores y Discapacidad,sufijo_boletin,0,Personas mayores y discapacidad,,,Personas Mayores y Discapacidad,Personas mayores y discapacidad,Personas Mayores y Discapacidad,,rica,alta,,
18356-25,"Modifica la ley N° 21.659, sobre seguridad privada, con el objeto de eximir a las festividades religiosas y culturales que indica, de las obligaciones dispuestas para los eventos masivos",parlamentario,25,Seguridad Ciudadana,,Seguridad Ciudadana,sufijo_boletin,0,Seguridad,,,Seguridad Ciudadana,Seguridad,Seguridad Ciudadana,,rica,alta,,
18369-07,"Modifica la Ordenanza de Aduanas, con el objeto de aumentar las penas asignadas al delito de contrabando de tabaco y sus derivados",parlamentario,07,"Constitución, Legislación, Justicia y Reglamento",,"Constitución, Legislación, Justicia y Reglamento",sufijo_boletin,0,Constitución y justicia,,,"Constitución, Legislación, Justicia y Reglamento",Constitución y justicia,,,rica,media,origen_transversal,
18370-25,"Modifica la ley N° 21.459, con el objeto de actualizar la regulación en materia de delitos informáticos",parlamentario,25,Seguridad Ciudadana,,Seguridad Ciudadana,sufijo_boletin,0,Seguridad,,,Seguridad Ciudadana,Seguridad,Seguridad Ciudadana,,rica,alta,,
18371-21,"Modifica diversos cuerpos legales, con el objeto de sancionar penalmente el tráfico ilícito de recursos hidrobiológicos",parlamentario,21,"Pesca, Acuicultura e Intereses Marítimos",,"Pesca, Acuicultura e Intereses Marítimos",sufijo_boletin,0,Pesca y acuicultura,,,"Pesca, Acuicultura e Intereses Marítimos",Pesca y acuicultura,"Pesca, Acuicultura e Intereses Marítimos",,rica,alta,,
18386-08,Modifica la Ley General de Servicios Eléctricos para facilitar la incorporación y actualización del registro de personas electrodependientes,parlamentario,08,Minería y Energía,,Minería y Energía,sufijo_boletin,0,Minería y energía,,,Minería y Energía | Salud,Minería y energía | Salud,Minería y Energía | Salud,,rica,alta,trayectoria_multitematica,
18387-11,"Incorpora responsabilidades civiles, administrativas y penales en materia de trasplante y donación de órganos",parlamentario,11,Salud,,Salud,sufijo_boletin,0,Salud,,,Salud,Salud,Salud,,rica,alta,,
18388-06,"Modifica la ley N° 18.700, con el objeto de mantener la actual distribución de escaños de diputados y diputadas",parlamentario,06,"Gobierno Interior, Nacionalidad, Ciudadanía y Regionalización",,"Gobierno Interior, Nacionalidad, Ciudadanía y Regionalización",sufijo_boletin,0,Gobierno interior y descentralización,,,"Gobierno Interior, Nacionalidad, Ciudadanía y Regionalización",Gobierno interior y descentralización,"Gobierno Interior, Nacionalidad, Ciudadanía y Regionalización",,rica,alta,,
18390-07,"Modifica la ley N° 19.903, con el objeto de perfeccionar y digitalizar la adición, supresión, modificación y rectificación del inventario de las posesiones efectivas de las herencias intestadas",parlamentario,07,"Constitución, Legislación, Justicia y Reglamento",,"Constitución, Legislación, Justicia y Reglamento",sufijo_boletin,0,Constitución y justicia,,,"Constitución, Legislación, Justicia y Reglamento",Constitución y justicia,,,rica,media,origen_transversal,
18391-09,Regula la responsabilidad de empresas de servicios sanitarios para garantizar la reparación de bienes nacionales de uso público,parlamentario,09,Obras Públicas,,Obras Públicas,sufijo_boletin,0,Infraestructura y obras públicas,,,Obras Públicas,Infraestructura y obras públicas,Obras Públicas,,rica,alta,,
18392-04,Promueve la difusión de ceremonias republicanas en los establecimientos educacionales reconocidos por el Estado,parlamentario,04,Educación,,Educación,sufijo_boletin,0,Educación,,,Educación,Educación,Educación,,rica,alta,,
18393-08,"Modifica la ley N° 18.410, con el objeto de establecer compensaciones eléctricas automáticas agravadas para usuarios de territorios insulares y aislados afectados por interrupciones prolongadas",parlamentario,08,Minería y Energía,,Minería y Energía,sufijo_boletin,0,Minería y energía,,,Minería y Energía,Minería y energía,Minería y Energía,,rica,alta,,
18394-16,Modifica el Reglamento de la Cámara de Diputados para permitir el ingreso del Subsecretario General de la Presidencia a las sesiones de Sala,parlamentario,16,Régimen Interno y Administración,,Régimen Interno y Administración,sufijo_boletin,0,Administración parlamentaria,,,Régimen Interno y Administración,Administración parlamentaria,,,rica,media,origen_transversal,
18395-07,Sanciona penalmente la usura y la obtención de lucro en las contrataciones con el Estado en situaciones de emergencia o catástrofe,parlamentario,07,"Constitución, Legislación, Justicia y Reglamento",,"Constitución, Legislación, Justicia y Reglamento",sufijo_boletin,0,Constitución y justicia,,,"Constitución, Legislación, Justicia y Reglamento",Constitución y justicia,,,rica,media,origen_transversal,
18396-06,"Modifica la ley N° 18.575, orgánica constitucional sobre Bases Generales de la Administración del Estado, en materia de inhabilidades para el ingreso a la función pública",parlamentario,06,"Gobierno Interior, Nacionalidad, Ciudadanía y Regionalización",,"Gobierno Interior, Nacionalidad, Ciudadanía y Regionalización",sufijo_boletin,0,Gobierno interior y descentralización,,,"Gobierno Interior, Nacionalidad, Ciudadanía y Regionalización",Gobierno interior y descentralización,"Gobierno Interior, Nacionalidad, Ciudadanía y Regionalización",,rica,alta,,
18397-07,"Regula el régimen de responsabilidad de organizadores, convocantes y promotores de manifestaciones públicas y modifica el Código Penal en materia de daños en bienes públicos o privados con motivo, ocasión o en contexto de su realización",parlamentario,07,"Constitución, Legislación, Justicia y Reglamento",,"Constitución, Legislación, Justicia y Reglamento",sufijo_boletin,0,Constitución y justicia,,,"Constitución, Legislación, Justicia y Reglamento | Seguridad Ciudadana",Constitución y justicia | Seguridad,Seguridad Ciudadana,,rica,media,origen_transversal_con_comision_sustantiva | trayectoria_multitematica,
18398-06,"Modifica la ley N° 18.695, orgánica constitucional de Municipalidades, en materia de descanso maternal prenatal y postnatal de las concejalas",parlamentario,06,"Gobierno Interior, Nacionalidad, Ciudadanía y Regionalización",,"Gobierno Interior, Nacionalidad, Ciudadanía y Regionalización",sufijo_boletin,0,Gobierno interior y descentralización,,,"Gobierno Interior, Nacionalidad, Ciudadanía y Regionalización",Gobierno interior y descentralización,"Gobierno Interior, Nacionalidad, Ciudadanía y Regionalización",,rica,alta,,
18399-06,Declara feriado regional el 10 de agosto de los años 2026 y 2027 en reemplazo de los feriados que indica,parlamentario,06,"Gobierno Interior, Nacionalidad, Ciudadanía y Regionalización",,"Gobierno Interior, Nacionalidad, Ciudadanía y Regionalización",sufijo_boletin,0,Gobierno interior y descentralización,,,"Gobierno Interior, Nacionalidad, Ciudadanía y Regionalización",Gobierno interior y descentralización,"Gobierno Interior, Nacionalidad, Ciudadanía y Regionalización",,rica,alta,,
18400-01,"Establece medidas a favor de la seguridad de las personas y la protección de la biodiversidad y la fauna local, por medio del control de los perros asilvestrados o ferales",parlamentario,01,"Agricultura, Silvicultura y Desarrollo Rural",,"Agricultura, Silvicultura y Desarrollo Rural",sufijo_boletin,0,Agricultura y mundo rural,,,"Agricultura, Silvicultura y Desarrollo Rural",Agricultura y mundo rural,"Agricultura, Silvicultura y Desarrollo Rural",,rica,alta,,
18368-07,"Interpreta el artículo 226 U del Código Procesal Penal, en materia de valoración de la prueba testimonial de personas con identidad reservada",parlamentario,07,"Constitución, Legislación, Justicia y Reglamento",,"Constitución, Legislación, Justicia y Reglamento",sufijo_boletin,0,Constitución y justicia,,,"Constitución, Legislación, Justicia y Reglamento",Constitución y justicia,,,rica,media,origen_transversal,
18372-25,"Modifica la ley N° 21.659, sobre seguridad privada, con el objeto de excluir a las festividades religiosas de las reglas dispuestas para la realización de eventos masivos",parlamentario,25,Seguridad Ciudadana,,Seguridad Ciudadana,sufijo_boletin,0,Seguridad,,,Seguridad Ciudadana,Seguridad,Seguridad Ciudadana,,rica,alta,,
18377-06,"Modifica la ley N° 21.325, de migración y extranjería, en materia de requisitos en procedimientos de reunificación familiar que involucren a niños, niñas y adolescentes",parlamentario,06,"Gobierno Interior, Nacionalidad, Ciudadanía y Regionalización",,"Gobierno Interior, Nacionalidad, Ciudadanía y Regionalización",sufijo_boletin,0,Gobierno interior y descentralización,,,"Gobierno Interior, Nacionalidad, Ciudadanía y Regionalización",Gobierno interior y descentralización,"Gobierno Interior, Nacionalidad, Ciudadanía y Regionalización",,rica,alta,,
18379-15,"Modifica la Ley General de Telecomunicaciones, con el objeto de establecer un número telefónico para la comunicación de emergencia viales",parlamentario,15,Transportes y Telecomunicaciones,,Transportes y Telecomunicaciones,sufijo_boletin,0,Transportes y telecomunicaciones,,,Transportes y Telecomunicaciones,Transportes y telecomunicaciones,Transportes y Telecomunicaciones,,rica,alta,,
18402-33,"Modifica el Código de Aguas para fortalecer la protección de nacientes, vertientes y cabeceras de cuenca",parlamentario,33,Recursos Hídricos y Desertificación,,Recursos Hídricos y Desertificación,sufijo_boletin,0,Agua y recursos hídricos,,,Recursos Hídricos y Desertificación,Agua y recursos hídricos,Recursos Hídricos y Desertificación,,rica,alta,,
18403-24,Aumenta penalidad en delitos contra monumentos nacionales,parlamentario,24,"Cultura, Artes y Comunicaciones",,"Cultura, Artes y Comunicaciones",sufijo_boletin,0,Cultura y comunicaciones,,,"Cultura, Artes y Comunicaciones",Cultura y comunicaciones,"Cultura, Artes y Comunicaciones",,rica,alta,,
18405-25,Autoriza administrativamente controles policiales preventivos en situaciones que indica,parlamentario,25,Seguridad Ciudadana,,Seguridad Ciudadana,sufijo_boletin,0,Seguridad,,,Seguridad Ciudadana,Seguridad,Seguridad Ciudadana,,rica,alta,,
18459-05,"Prohíbe establecer como hecho gravado, base imponible o elemento constitutivo de la obligación tributaria una conducta ilícita o constitutiva de delito",parlamentario,05,Hacienda,,Hacienda,sufijo_boletin,0,Economía y hacienda,,,Hacienda,Economía y hacienda,,,sin_texto,media,origen_transversal,
18408-25,Modifica leyes que indica para permitir la homologación del servicio militar en los procesos de formación e ingreso institucional de Carabineros de Chile y Gendarmería de Chile,parlamentario,25,Seguridad Ciudadana,,Seguridad Ciudadana,sufijo_boletin,0,Seguridad,,,Seguridad Ciudadana | Defensa Nacional,Seguridad | Defensa,Seguridad Ciudadana | Defensa Nacional,,rica,alta,trayectoria_multitematica,
18409-03,"Modifica el artículo 38 de la Ley General de Bancos, incorporando nuevas exigencias en materia de seguridad y autenticación para las personas que realicen trámites presenciales ante instituciones bancarias del país",parlamentario,03,"Economía, Fomento, MIPYMES, Consumidores y Turismo",,"Economía, Fomento, MIPYMES, Consumidores y Turismo",sufijo_boletin,0,"Economía, comercio y consumidores",,,"Economía, Fomento, MIPYMES, Consumidores y Turismo","Economía, comercio y consumidores","Economía, Fomento, MIPYMES, Consumidores y Turismo",,rica,alta,,
18378-18,Fortalece el ejercicio de la responsabilidad parental,ejecutivo,18,"Familia, Infancia y Adolescencia",,"Familia, Infancia y Adolescencia",sufijo_boletin,0,"Familia, infancia y adolescencia",,,"Familia, Infancia y Adolescencia","Familia, infancia y adolescencia","Familia, Infancia y Adolescencia",Ministerio de Justicia y de Derechos Humanos,rica,alta,,
18410-07,Modifica el artículo 60 de la Constitución Política de la República con el objeto de permitir la renuncia al cargo de diputado o senador,parlamentario,07,"Constitución, Legislación, Justicia y Reglamento",,"Constitución, Legislación, Justicia y Reglamento",sufijo_boletin,0,Constitución y justicia,,,"Constitución, Legislación, Justicia y Reglamento",Constitución y justicia,,,rica,media,origen_transversal,
18411-11,"Modifica la ley N° 19.451, que establece normas sobre trasplante y donación de órganos, para impedir la discriminación en el acceso a esta prestación médica respecto de personas adoptadas, con filiación desconocida o sin vínculos familiares biológicos (Ley Thiare)",parlamentario,11,Salud,,Salud,sufijo_boletin,0,Salud,,,Salud,Salud,Salud,,rica,alta,,
18383-06,"Modifica ley N° 10.336, de organización y atribuciones de la Contraloría General de la República, con el objeto de delimitar el régimen de exclusiva confianza en dicha institución",parlamentario,06,"Gobierno Interior, Nacionalidad, Ciudadanía y Regionalización",,"Gobierno Interior, Nacionalidad, Ciudadanía y Regionalización",sufijo_boletin,0,Gobierno interior y descentralización,,,"Gobierno Interior, Nacionalidad, Ciudadanía y Regionalización",Gobierno interior y descentralización,"Gobierno Interior, Nacionalidad, Ciudadanía y Regionalización",,utilizable,alta,,
18384-08,Ley de protección tarifaria eléctrica,ejecutivo,08,Minería y Energía,,Minería y Energía,sufijo_boletin,0,Minería y energía,,,Minería y Energía,Minería y energía,Minería y Energía,Ministerio de Energía | Ministerio de Hacienda,rica,alta,,
18412-07,"Modifica ley N° 18.415, orgánica constitucional de los Estados de Excepción, con el objeto de introducir el concepto de bienes y servicios esenciales durante su vigencia",parlamentario,07,"Constitución, Legislación, Justicia y Reglamento",,"Constitución, Legislación, Justicia y Reglamento",sufijo_boletin,0,Constitución y justicia,,,"Constitución, Legislación, Justicia y Reglamento",Constitución y justicia,,,rica,media,origen_transversal,
18413-07,Modifica la Constitución Política de la República en materia de admisibilidad y efectos de las acusaciones constitucionales,parlamentario,07,"Constitución, Legislación, Justicia y Reglamento",,"Constitución, Legislación, Justicia y Reglamento",sufijo_boletin,0,Constitución y justicia,,,"Constitución, Legislación, Justicia y Reglamento",Constitución y justicia,,,rica,media,origen_transversal,
18414-18,Modifica cuerpos legales que indica en materia de notificaciones de medidas cautelares dictadas en procesos de violencia intrafamiliar,parlamentario,18,"Familia, Infancia y Adolescencia",,"Familia, Infancia y Adolescencia",sufijo_boletin,0,"Familia, infancia y adolescencia",,,"Familia, Infancia y Adolescencia | Mujeres y Equidad de Género","Familia, infancia y adolescencia | Mujeres y género","Familia, Infancia y Adolescencia | Mujeres y Equidad de Género",,rica,alta,trayectoria_multitematica,
18385-07,"Concede amnistía al personal de las Fuerzas Armadas y de Orden y Seguridad Pública por hechos ejecutados en resguardo del orden público, en el período que indica",parlamentario,07,"Constitución, Legislación, Justicia y Reglamento",,"Constitución, Legislación, Justicia y Reglamento",sufijo_boletin,0,Constitución y justicia,,,"Constitución, Legislación, Justicia y Reglamento",Constitución y justicia,,,rica,media,origen_transversal,
18389-04,Faculta a los establecimientos educacionales a implementar un mecanismo de elección mutua en el proceso de admisión escolar,ejecutivo,04,Educación,Hacienda,Hacienda,evento_cuenta_vs_sufijo,1,Economía y hacienda,,,Educación | Hacienda,Educación | Economía y hacienda,Educación,Ministerio de Hacienda | Ministerio de Educación,rica,media,discrepancia_origen_evento_vs_sufijo | origen_transversal_con_comision_sustantiva | trayectoria_multitematica,Primer informe de comisión. Pasa a Comisión de Hacienda
18406-02,"Modifica la ley N° 18.575 orgánica constitucional de Bases Generales de la Administración del Estado, en lo relativo al régimen de protección de derechos fundamentales aplicable al personal de las Fuerzas Armadas y de Orden y Seguridad Pública",parlamentario,02,Defensa Nacional,,Defensa Nacional,sufijo_boletin,0,Defensa,,,Defensa Nacional,Defensa,Defensa Nacional,,rica,alta,,
18415-18,"Modifica la ley N° 21.663, marco de ciberseguridad, para incorporar los principios de protección a la infancia y adolescencia, restricción etaria e información preventiva en entornos digitales",parlamentario,18,"Familia, Infancia y Adolescencia",,"Familia, Infancia y Adolescencia",sufijo_boletin,0,"Familia, infancia y adolescencia",,,"Familia, Infancia y Adolescencia | Ciencia y Tecnología","Familia, infancia y adolescencia | Ciencia y tecnología","Familia, Infancia y Adolescencia | Ciencia y Tecnología",,rica,alta,trayectoria_multitematica,
18416-07,Modifica el Código Penal para hacer aplicable la imprescriptibilidad de la acción penal a todos los casos de trata de personas contra víctimas menores de edad y establecer reglas especiales de protección penal,parlamentario,07,"Constitución, Legislación, Justicia y Reglamento",,"Constitución, Legislación, Justicia y Reglamento",sufijo_boletin,0,Constitución y justicia,,,"Constitución, Legislación, Justicia y Reglamento",Constitución y justicia,,,rica,media,origen_transversal,
18417-04,"Modifica la ley N° 21.091, para establecer la obligación de resguardar la seguridad en las instituciones de educación superior",parlamentario,04,Educación,,Educación,sufijo_boletin,0,Educación,,,Educación,Educación,Educación,,rica,alta,,
18418-04,"Refuerza el cumplimiento, por parte de las familias, de las medidas convencionales tendientes a resguardar la protección de la convivencia educativa, la seguridad escolar o la integridad física y psíquica del propio estudiante o de terceros",parlamentario,04,Educación,,Educación,sufijo_boletin,0,Educación,,,Educación,Educación,Educación,,rica,alta,,
18401-31,Entrega un bono extraordinario de apoyo a la niñez,ejecutivo,31,Desarrollo Social,Hacienda,Hacienda,evento_cuenta_vs_sufijo,1,Economía y hacienda,,,Desarrollo Social | Hacienda,Desarrollo social | Economía y hacienda,Desarrollo Social,Ministerio de Desarrollo Social y Famili | Ministerio de Hacienda | Ministerio de Trabajo y Previsión Social,rica,media,discrepancia_origen_evento_vs_sufijo | origen_transversal_con_comision_sustantiva | trayectoria_multitematica,Primer informe de comisión. Pasa a Comisión de Hacienda
18404-13,"Modifica el Código del Trabajo, con el objeto de extender los permisos y el fuero a que tienen derecho los trabajadores en el caso de fallecimiento de familiares",parlamentario,13,Trabajo y Seguridad Social,,Trabajo y Seguridad Social,sufijo_boletin,0,Trabajo y seguridad social,,,Trabajo y Seguridad Social,Trabajo y seguridad social,Trabajo y Seguridad Social,,rica,alta,,
18407-25,"Modifica diversos cuerpos legales, con el objeto de agravar las sanciones aplicables en materia de lavado de activos",parlamentario,25,Seguridad Ciudadana,,Seguridad Ciudadana,sufijo_boletin,0,Seguridad,,,Seguridad Ciudadana,Seguridad,Seguridad Ciudadana,,rica,alta,,
18420-25,"Modifica diversos cuerpos legales, con el objeto de fortalecer la seguridad portuaria ante acciones promovidas por el crimen organizado",parlamentario,25,Seguridad Ciudadana,,Seguridad Ciudadana,sufijo_boletin,0,Seguridad,,,Seguridad Ciudadana,Seguridad,Seguridad Ciudadana,,rica,alta,,
18422-06,"Modifica la Ley de Migración y Extranjería, con el objeto de reforzar la trazabilidad de la información referida a niños, niñas y adolescentes extranjeros que ingresan al país",parlamentario,06,"Gobierno Interior, Nacionalidad, Ciudadanía y Regionalización",,"Gobierno Interior, Nacionalidad, Ciudadanía y Regionalización",sufijo_boletin,0,Gobierno interior y descentralización,,,"Gobierno Interior, Nacionalidad, Ciudadanía y Regionalización",Gobierno interior y descentralización,"Gobierno Interior, Nacionalidad, Ciudadanía y Regionalización",,rica,alta,,
18424-07,"Modifica el Código de Procedimiento Civil, con el objeto de establecer la inembargabilidad de determinadas sumas de dinero pertenecientes a deudores de créditos destinados a financiar estudios de educación superior, en las condiciones que indica",parlamentario,07,"Constitución, Legislación, Justicia y Reglamento",,"Constitución, Legislación, Justicia y Reglamento",sufijo_boletin,0,Constitución y justicia,,,"Constitución, Legislación, Justicia y Reglamento",Constitución y justicia,,,rica,media,origen_transversal,
18425-15,"Modifica la Ley de Tránsito, con el objeto de hacer procedente la aplicación de la medida cautelar de suspensión provisoria de la licencia de conducir, en el caso del delito que indica",parlamentario,15,Transportes y Telecomunicaciones,,Transportes y Telecomunicaciones,sufijo_boletin,0,Transportes y telecomunicaciones,,,Transportes y Telecomunicaciones,Transportes y telecomunicaciones,Transportes y Telecomunicaciones,,rica,alta,,
18430-07,"Modifica el Código Orgánico de Tribunales, con el objeto de actualizar las reglas de competencia penal respecto de delitos cometidos mediante sistemas informáticos, plataformas tecnológicas u otros medios digitales",parlamentario,07,"Constitución, Legislación, Justicia y Reglamento",,"Constitución, Legislación, Justicia y Reglamento",sufijo_boletin,0,Constitución y justicia,,,"Constitución, Legislación, Justicia y Reglamento",Constitución y justicia,,,rica,media,origen_transversal,
18443-07,Crea el Registro Nacional de Condenados por Delitos Económicos y establece restricciones a beneficios estatales para quienes los cometen,parlamentario,07,"Constitución, Legislación, Justicia y Reglamento",,"Constitución, Legislación, Justicia y Reglamento",sufijo_boletin,0,Constitución y justicia,,,"Constitución, Legislación, Justicia y Reglamento | Seguridad Ciudadana",Constitución y justicia | Seguridad,Seguridad Ciudadana,,rica,media,origen_transversal_con_comision_sustantiva | trayectoria_multitematica,
18419-11,"Modifica el Código Sanitario para establecer el deber del médico de informar a la mujer sobre la actividad cardíaca embrionaria o fetal, y de ofrecerle la oportunidad de escucharla, en forma previa a la interrupción del embarazo",parlamentario,11,Salud,,Salud,sufijo_boletin,0,Salud,,,Salud,Salud,Salud,,rica,alta,,
18432-07,"Modifica el Código Penal para delimitar la aplicación del tipo penal de apremios ilegítimos u otros tratos crueles, inhumanos o degradantes, a conductas cometidas por empleados públicos respecto de personas bajo su custodia",parlamentario,07,"Constitución, Legislación, Justicia y Reglamento",,"Constitución, Legislación, Justicia y Reglamento",sufijo_boletin,0,Constitución y justicia,,,"Constitución, Legislación, Justicia y Reglamento",Constitución y justicia,,,rica,media,origen_transversal,
18433-04,Modifica diversos cuerpos legales para promover la ciudadanía digital y establecer medidas de prevención y protección frente al daño digital en el sistema escolar,parlamentario,04,Educación,,Educación,sufijo_boletin,0,Educación,,,Educación,Educación,Educación,,rica,alta,,
18444-14,Obliga a instalar detectores de humo en viviendas nuevas como requisito para la recepción final de las obras,parlamentario,14,"Vivienda, Desarrollo Urbano",,"Vivienda, Desarrollo Urbano",sufijo_boletin,0,Vivienda y territorio,,,"Vivienda, Desarrollo Urbano",Vivienda y territorio,"Vivienda, Desarrollo Urbano",,rica,alta,,
18434-07,"Modifica cuerpos legales que indica para sancionar la explotación, facilitación y promoción de servicios sexuales remunerados de terceros",parlamentario,07,"Constitución, Legislación, Justicia y Reglamento",,"Constitución, Legislación, Justicia y Reglamento",sufijo_boletin,0,Constitución y justicia,,,"Constitución, Legislación, Justicia y Reglamento | Seguridad Ciudadana",Constitución y justicia | Seguridad,Seguridad Ciudadana,,rica,media,origen_transversal_con_comision_sustantiva | trayectoria_multitematica,
18435-01,"Establece un mecanismo de trazabilidad y control de insumos, maquinaria y bienes críticos rurales",parlamentario,01,"Agricultura, Silvicultura y Desarrollo Rural",,"Agricultura, Silvicultura y Desarrollo Rural",sufijo_boletin,0,Agricultura y mundo rural,,,"Agricultura, Silvicultura y Desarrollo Rural",Agricultura y mundo rural,"Agricultura, Silvicultura y Desarrollo Rural",,rica,alta,,
18421-07,"Modifica diversos cuerpos legales, con el objeto de sancionar la utilización y reclutamiento de menores de edad por parte de asociaciones delictivas y criminales",parlamentario,07,"Constitución, Legislación, Justicia y Reglamento",,"Constitución, Legislación, Justicia y Reglamento",sufijo_boletin,0,Constitución y justicia,,,"Constitución, Legislación, Justicia y Reglamento",Constitución y justicia,,,rica,media,origen_transversal,
18423-07,"Concede indulto general en favor de las personas que indica, por hechos acaecidos a contar del día 18 de octubre de 2019",parlamentario,07,"Constitución, Legislación, Justicia y Reglamento",,"Constitución, Legislación, Justicia y Reglamento",sufijo_boletin,0,Constitución y justicia,,,"Constitución, Legislación, Justicia y Reglamento",Constitución y justicia,,,rica,media,origen_transversal,
18426-07,"Modifica el Código Penal, con el objeto de aumentar la sanción asignada al homicidio simple y modificar reglas de determinación de la pena respecto de los delitos que indica",parlamentario,07,"Constitución, Legislación, Justicia y Reglamento",,"Constitución, Legislación, Justicia y Reglamento",sufijo_boletin,0,Constitución y justicia,,,"Constitución, Legislación, Justicia y Reglamento",Constitución y justicia,,,rica,media,origen_transversal,
18447-07,Dispone la invariabilidad normativa de los derechos sociales y laborales que señala,parlamentario,07,"Constitución, Legislación, Justicia y Reglamento",,"Constitución, Legislación, Justicia y Reglamento",sufijo_boletin,0,Constitución y justicia,,,"Constitución, Legislación, Justicia y Reglamento",Constitución y justicia,,,rica,media,origen_transversal,
18448-25,"Modifica la ley N°18.961, orgánica constitucional de Carabineros de Chile, en cuanto a los procedimientos de evaluación médica que fundamentan retiros de personal",parlamentario,25,Seguridad Ciudadana,,Seguridad Ciudadana,sufijo_boletin,0,Seguridad,,,Seguridad Ciudadana | Personas Mayores y Discapacidad,Seguridad | Personas mayores y discapacidad,Seguridad Ciudadana | Personas Mayores y Discapacidad,,rica,alta,trayectoria_multitematica,
18449-06,Fortalece las compras públicas locales,parlamentario,06,"Gobierno Interior, Nacionalidad, Ciudadanía y Regionalización",,"Gobierno Interior, Nacionalidad, Ciudadanía y Regionalización",sufijo_boletin,0,Gobierno interior y descentralización,,,"Gobierno Interior, Nacionalidad, Ciudadanía y Regionalización",Gobierno interior y descentralización,"Gobierno Interior, Nacionalidad, Ciudadanía y Regionalización",,rica,alta,,
18427-07,"Modifica el artículo 52 de la Carta Fundamental, en materia de procedencia y admisibilidad de las acusaciones constitucionales",parlamentario,07,"Constitución, Legislación, Justicia y Reglamento",,"Constitución, Legislación, Justicia y Reglamento",sufijo_boletin,0,Constitución y justicia,,,"Constitución, Legislación, Justicia y Reglamento",Constitución y justicia,,,rica,media,origen_transversal,
18450-01,Establece exigencias mínimas de factibilidad sanitaria y acreditación de derechos de agua en la etapa de subdivisión rural,parlamentario,01,"Agricultura, Silvicultura y Desarrollo Rural",,"Agricultura, Silvicultura y Desarrollo Rural",sufijo_boletin,0,Agricultura y mundo rural,,,"Agricultura, Silvicultura y Desarrollo Rural",Agricultura y mundo rural,"Agricultura, Silvicultura y Desarrollo Rural",,utilizable,alta,,
18468-13,Fortalece la prevención de riesgos laborales en la industria audiovisual,parlamentario,13,Trabajo y Seguridad Social,,Trabajo y Seguridad Social,sufijo_boletin,0,Trabajo y seguridad social,,,Trabajo y Seguridad Social,Trabajo y seguridad social,Trabajo y Seguridad Social,,rica,alta,,
18428-10,"Aprueba el Sexto Protocolo Adicional al Acuerdo de Alcance Parcial sobre Transporte Internacional Terrestre, suscrito en Montevideo, el 4 de agosto de 2025",ejecutivo,10,Relaciones Exteriores,,Relaciones Exteriores,sufijo_boletin,0,Relaciones exteriores,,,Relaciones Exteriores,Relaciones exteriores,Relaciones Exteriores,Ministerio de Relaciones Exteriores | Ministerio de Transporte y Telecomunicaciones,rica,alta,,
18429-10,"Aprueba el Tratado entre la República de Chile y la República Federativa de Brasil sobre Asistencia Jurídica Mutua en Materia Penal, hecho en Brasilia, el 22 de abril de 2025",ejecutivo,10,Relaciones Exteriores,,Relaciones Exteriores,sufijo_boletin,0,Relaciones exteriores,,,Relaciones Exteriores,Relaciones exteriores,Relaciones Exteriores,Ministerio de Justicia y de Derechos Humanos | Ministerio de Relaciones Exteriores,rica,alta,,
18431-31,"Modifica la ley N° 21.805, que reconoce el derecho al cuidado y crea el Sistema Nacional de Apoyos y Cuidados, y otros cuerpos normativos que indica",ejecutivo,31,Desarrollo Social,,Desarrollo Social,sufijo_boletin,0,Desarrollo social,,,Desarrollo Social,Desarrollo social,Desarrollo Social,Ministerio de Desarrollo Social y Famili,rica,alta,,
18453-13,Reconoce equivalencias a la experiencia laboral para promover la inserción laboral de las personas jóvenes,parlamentario,13,Trabajo y Seguridad Social,,Trabajo y Seguridad Social,sufijo_boletin,0,Trabajo y seguridad social,,,Trabajo y Seguridad Social,Trabajo y seguridad social,Trabajo y Seguridad Social,,rica,alta,,
18454-11,Prohíbe la venta de bebidas energéticas a menores de dieciocho años,parlamentario,11,Salud,,Salud,sufijo_boletin,0,Salud,,,Salud,Salud,Salud,,rica,alta,,
18455-07,Restringe la sustitución y remisión de sanciones respecto de adolescentes condenados por delitos de especial gravedad,parlamentario,07,"Constitución, Legislación, Justicia y Reglamento",,"Constitución, Legislación, Justicia y Reglamento",sufijo_boletin,0,Constitución y justicia,,,"Constitución, Legislación, Justicia y Reglamento",Constitución y justicia,,,rica,media,origen_transversal,
18456-06,Dispone como falta a la probidad la no devolución de remuneraciones percibidas en caso de rechazo de licencia médica,parlamentario,06,"Gobierno Interior, Nacionalidad, Ciudadanía y Regionalización",,"Gobierno Interior, Nacionalidad, Ciudadanía y Regionalización",sufijo_boletin,0,Gobierno interior y descentralización,,,"Gobierno Interior, Nacionalidad, Ciudadanía y Regionalización",Gobierno interior y descentralización,"Gobierno Interior, Nacionalidad, Ciudadanía y Regionalización",,rica,alta,,
18457-06,"Modifica el decreto ley N°3.063, de 1979, sobre rentas municipales, para exigir antecedentes penales y regularidad migratoria al personal de barberías y peluquerías",parlamentario,06,"Gobierno Interior, Nacionalidad, Ciudadanía y Regionalización",,"Gobierno Interior, Nacionalidad, Ciudadanía y Regionalización",sufijo_boletin,0,Gobierno interior y descentralización,,,"Gobierno Interior, Nacionalidad, Ciudadanía y Regionalización",Gobierno interior y descentralización,"Gobierno Interior, Nacionalidad, Ciudadanía y Regionalización",,rica,alta,,
18458-07,Facilita el acceso a la justicia a turistas extranjeros víctimas de delitos en el territorio nacional,parlamentario,07,"Constitución, Legislación, Justicia y Reglamento",,"Constitución, Legislación, Justicia y Reglamento",sufijo_boletin,0,Constitución y justicia,,,"Constitución, Legislación, Justicia y Reglamento",Constitución y justicia,,,rica,media,origen_transversal,
18460-07,Modifica la Constitución Política para establecer un régimen transitorio de apoyo de las fuerzas armadas a las policías en labores de seguridad pública y combate al crimen organizado,parlamentario,07,"Constitución, Legislación, Justicia y Reglamento",,"Constitución, Legislación, Justicia y Reglamento",sufijo_boletin,0,Constitución y justicia,,,"Constitución, Legislación, Justicia y Reglamento",Constitución y justicia,,,rica,media,origen_transversal,
18437-37,Declara el 8 de octubre de cada año como el Día Nacional de Punta Angamos,parlamentario,37,,,,sin_proxy,0,,,,,,,,rica,baja,codigo_destinacion_no_mapeado | sin_proxy_comision_origen,
18438-02,"Modifica el decreto ley N° 2.460, de 1979, que dicta Ley Orgánica de Policía de Investigaciones de Chile, con el objeto de autorizar el porte de armas de fuego al personal en retiro que señala",parlamentario,02,Defensa Nacional,,Defensa Nacional,sufijo_boletin,0,Defensa,,,Defensa Nacional,Defensa,Defensa Nacional,,rica,alta,,
18439-02,"Modifica el decreto ley N°3.356, de 1980, para permitir el porte de armas de fuego al personal en retiro de Carabineros de Chile, en las condiciones que indica",parlamentario,02,Defensa Nacional,,Defensa Nacional,sufijo_boletin,0,Defensa,,,Defensa Nacional,Defensa,Defensa Nacional,,rica,alta,,
18440-03,"Modifica la ley N° 19.496, que establece normas sobre protección de los derechos de los consumidores, con el objeto de fortalecer el resguardo de los asistentes a eventos públicos ante la modificación de las condiciones ofrecidas por sus organizadores",parlamentario,03,"Economía, Fomento, MIPYMES, Consumidores y Turismo",,"Economía, Fomento, MIPYMES, Consumidores y Turismo",sufijo_boletin,0,"Economía, comercio y consumidores",,,"Economía, Fomento, MIPYMES, Consumidores y Turismo","Economía, comercio y consumidores","Economía, Fomento, MIPYMES, Consumidores y Turismo",,rica,alta,,
18441-03,"Modifica la ley N° 20.009, con el objeto de promover la aplicación de criterios de accesibilidad e inclusión financiera en procedimientos de autenticación de usuarios en transacciones electrónicas",parlamentario,03,"Economía, Fomento, MIPYMES, Consumidores y Turismo",,"Economía, Fomento, MIPYMES, Consumidores y Turismo",sufijo_boletin,0,"Economía, comercio y consumidores",,,"Economía, Fomento, MIPYMES, Consumidores y Turismo","Economía, comercio y consumidores","Economía, Fomento, MIPYMES, Consumidores y Turismo",,rica,alta,,
18442-07,"Modifica diversos cuerpos legales, con el objeto de agravar las sanciones en el caso de entrega o exhibición de material pornográfico e inadecuado a menores de catorce años",parlamentario,07,"Constitución, Legislación, Justicia y Reglamento","Constitución, Legislación, Justicia y Reglamento","Constitución, Legislación, Justicia y Reglamento",evento_cuenta+sufijo,0,Constitución y justicia,,,"Constitución, Legislación, Justicia y Reglamento",Constitución y justicia,,,rica,media,origen_transversal,"Primer informe de comisión. Pasa a Comisión de Constitución, Legislación, Justicia y Reglamento"
18461-04,"Modifica la ley N°20.370, general de educación, para regular a los apoderados en el sistema educacional chileno",parlamentario,04,Educación,,Educación,sufijo_boletin,0,Educación,,,Educación,Educación,Educación,,rica,alta,,
18469-15,"Modifica la ley N°18.290, de Tránsito, para ampliar los supuestos de procedencia de la suspensión provisoria de la licencia de conducir",parlamentario,15,Transportes y Telecomunicaciones,,Transportes y Telecomunicaciones,sufijo_boletin,0,Transportes y telecomunicaciones,,,Transportes y Telecomunicaciones,Transportes y telecomunicaciones,Transportes y Telecomunicaciones,,rica,alta,,
18471-07,Faculta a las policías a practicar controles preventivos de identidad a mayores de catorce años,parlamentario,07,"Constitución, Legislación, Justicia y Reglamento",,"Constitución, Legislación, Justicia y Reglamento",sufijo_boletin,0,Constitución y justicia,,,"Constitución, Legislación, Justicia y Reglamento",Constitución y justicia,,,rica,media,origen_transversal,
18473-03,Fortalece la transparencia de los créditos hipotecarios con apoyo estatal y dispone como antecedente crediticio el comportamiento de pago de canon de arrendamiento,parlamentario,03,"Economía, Fomento, MIPYMES, Consumidores y Turismo",,"Economía, Fomento, MIPYMES, Consumidores y Turismo",sufijo_boletin,0,"Economía, comercio y consumidores",,,"Economía, Fomento, MIPYMES, Consumidores y Turismo","Economía, comercio y consumidores","Economía, Fomento, MIPYMES, Consumidores y Turismo",,rica,alta,,
18436-15,"Modifica la Ley Orgánica de la Empresa de los Ferrocarriles del Estado, con el objeto de establecer una exención de derechos y tributos municipales por la ejecución de obras ferroviarias y declarar dichas obras como infraestructura ejecutada por el Estado",ejecutivo,15,Transportes y Telecomunicaciones,,Transportes y Telecomunicaciones,sufijo_boletin,0,Transportes y telecomunicaciones,,,Transportes y Telecomunicaciones,Transportes y telecomunicaciones,Transportes y Telecomunicaciones,Ministerio del Interior | Ministerio de Bienes Nacionales | Ministerio de Obras Públicas | Ministerio de Vivienda y Urbanismo | Ministerio de Transporte y Telecomunicaciones,rica,alta,,
18445-07,"Incorpora la figura del contexto operativo en materia de fundamentación de resoluciones judiciales y de actuaciones del Ministerio Público, en los casos que indica",parlamentario,07,"Constitución, Legislación, Justicia y Reglamento",,"Constitución, Legislación, Justicia y Reglamento",sufijo_boletin,0,Constitución y justicia,,,"Constitución, Legislación, Justicia y Reglamento",Constitución y justicia,,,rica,media,origen_transversal,
18451-11,"Modifica el Código Sanitario, en lo relativo a la información contenida en el etiquetado de medicamentos, productos farmacéuticos y suplementos alimenticios",parlamentario,11,Salud,,Salud,sufijo_boletin,0,Salud,,,Salud,Salud,Salud,,rica,alta,,
18452-02,"Modifica el decreto ley N° 2.460, de 1979, que dicta Ley Orgánica de Policía de Investigaciones de Chile, con el objeto de ampliar la autorización para portar armas a los funcionarios en retiro que indica",parlamentario,02,Defensa Nacional,,Defensa Nacional,sufijo_boletin,0,Defensa,,,Defensa Nacional,Defensa,Defensa Nacional,,rica,alta,,
18474-11,Obliga a los administradores de recintos de alta concurrencia pública a adoptar medidas para prevenir en ellos la ocurrencia de suicidios,parlamentario,11,Salud,,Salud,sufijo_boletin,0,Salud,,,Salud,Salud,Salud,,rica,alta,,
18475-06,Dispone incompatibilidades para el ejercicio simultáneo de cargos de elección popular y funciones públicas remuneradas,parlamentario,06,"Gobierno Interior, Nacionalidad, Ciudadanía y Regionalización",,"Gobierno Interior, Nacionalidad, Ciudadanía y Regionalización",sufijo_boletin,0,Gobierno interior y descentralización,,,"Gobierno Interior, Nacionalidad, Ciudadanía y Regionalización",Gobierno interior y descentralización,"Gobierno Interior, Nacionalidad, Ciudadanía y Regionalización",,rica,alta,,
18476-03,"Modifica la ley N°19.496, sobre protección de los derechos de los consumidores, para evitar la generación de cobros improcedentes con posterioridad al fallecimiento del titular de contratos de tracto sucesivo o de ejecución continua",parlamentario,03,"Economía, Fomento, MIPYMES, Consumidores y Turismo",,"Economía, Fomento, MIPYMES, Consumidores y Turismo",sufijo_boletin,0,"Economía, comercio y consumidores",,,"Economía, Fomento, MIPYMES, Consumidores y Turismo","Economía, comercio y consumidores","Economía, Fomento, MIPYMES, Consumidores y Turismo",,rica,alta,,
18477-07,Modifica la Constitución Política en lo relativo a procedimientos de acusación constitucional e interpelación,parlamentario,07,"Constitución, Legislación, Justicia y Reglamento",,"Constitución, Legislación, Justicia y Reglamento",sufijo_boletin,0,Constitución y justicia,,,"Constitución, Legislación, Justicia y Reglamento",Constitución y justicia,,,rica,media,origen_transversal,
18479-07,"Modifica la ley N°20.886, sobre tramitación electrónica de los procedimientos judiciales, para habilitar la tramitación de los juicios arbitrales de partición de bienes y de liquidación de la sociedad conyugal a través de la Oficina Judicial Virtual",parlamentario,07,"Constitución, Legislación, Justicia y Reglamento",,"Constitución, Legislación, Justicia y Reglamento",sufijo_boletin,0,Constitución y justicia,,,"Constitución, Legislación, Justicia y Reglamento",Constitución y justicia,,,rica,media,origen_transversal,
18480-07,"Modifica la ley N° 18.918, orgánica constitucional del Congreso Nacional, para obligar a diputadas, diputados, senadoras y senadores a rendir una cuenta pública, de carácter anual e individual, sobre su gestión parlamentaria",parlamentario,07,"Constitución, Legislación, Justicia y Reglamento",,"Constitución, Legislación, Justicia y Reglamento",sufijo_boletin,0,Constitución y justicia,,,"Constitución, Legislación, Justicia y Reglamento",Constitución y justicia,,,rica,media,origen_transversal,
18446-07,Tiene por objeto ampliar la aplicación de la circunstancia eximente de responsabilidad penal de la legítima defensa al caso que indica,parlamentario,07,"Constitución, Legislación, Justicia y Reglamento",,"Constitución, Legislación, Justicia y Reglamento",sufijo_boletin,0,Constitución y justicia,,,"Constitución, Legislación, Justicia y Reglamento",Constitución y justicia,,,rica,media,origen_transversal,
18465-03,"Modifica la ley N° 19.496, que establece normas sobre protección de los derechos de los consumidores, con el objeto de regular la devolución del monto pagado ante la cancelación, suspensión, postergación o modificación de condiciones esenciales de un espectáculo público o evento masivo",parlamentario,03,"Economía, Fomento, MIPYMES, Consumidores y Turismo",,"Economía, Fomento, MIPYMES, Consumidores y Turismo",sufijo_boletin,0,"Economía, comercio y consumidores",,,"Economía, Fomento, MIPYMES, Consumidores y Turismo","Economía, comercio y consumidores","Economía, Fomento, MIPYMES, Consumidores y Turismo",,rica,alta,,
18466-37,"Modifica la ley N° 19.227 que crea un Fondo Nacional de Fomento del Libro y la Lectura, y modifica cuerpos legales que señala, con el objeto promover el acceso a la lectura",parlamentario,37,,,,sin_proxy,0,,,,,,,,rica,baja,codigo_destinacion_no_mapeado | sin_proxy_comision_origen,
18481-07,"Modifica las leyes Nº 20.880, 18.575 y 18.918, para fortalecer la probidad e integridad pública en Chile",parlamentario,07,"Constitución, Legislación, Justicia y Reglamento",,"Constitución, Legislación, Justicia y Reglamento",sufijo_boletin,0,Constitución y justicia,,,"Constitución, Legislación, Justicia y Reglamento",Constitución y justicia,,,rica,media,origen_transversal,
18482-07,Modifica la Constitución Política para impedir la participación de autoridades en procesos de formación de leyes de cuya ejecución obtengan un incremento patrimonial significativo,parlamentario,07,"Constitución, Legislación, Justicia y Reglamento",,"Constitución, Legislación, Justicia y Reglamento",sufijo_boletin,0,Constitución y justicia,,,"Constitución, Legislación, Justicia y Reglamento",Constitución y justicia,,,rica,media,origen_transversal,
18483-01,Fortalece la persecución del contrabando de alimentos,parlamentario,01,"Agricultura, Silvicultura y Desarrollo Rural",,"Agricultura, Silvicultura y Desarrollo Rural",sufijo_boletin,0,Agricultura y mundo rural,,,"Agricultura, Silvicultura y Desarrollo Rural",Agricultura y mundo rural,"Agricultura, Silvicultura y Desarrollo Rural",,rica,alta,,
18484-15,"Modifica la ley N°18.290, de Tránsito, para que las escuelas de conducción instruyan programas sobre defensa y reacción ante actos delictuales de alta connotación",parlamentario,15,Transportes y Telecomunicaciones,,Transportes y Telecomunicaciones,sufijo_boletin,0,Transportes y telecomunicaciones,,,Transportes y Telecomunicaciones,Transportes y telecomunicaciones,Transportes y Telecomunicaciones,,rica,alta,,
18485-07,Modifica el Código Penal para incorporar la pena de clausura de establecimientos físicos y espacios digitales,parlamentario,07,"Constitución, Legislación, Justicia y Reglamento",,"Constitución, Legislación, Justicia y Reglamento",sufijo_boletin,0,Constitución y justicia,,,"Constitución, Legislación, Justicia y Reglamento",Constitución y justicia,,,rica,media,origen_transversal,
18486-03,"Modifica la ley N°18.490, sobre seguro obligatorio de accidentes personales causados por circulación de vehículos motorizados, para incrementar el monto de los reembolsos por gastos médicos",parlamentario,03,"Economía, Fomento, MIPYMES, Consumidores y Turismo",,"Economía, Fomento, MIPYMES, Consumidores y Turismo",sufijo_boletin,0,"Economía, comercio y consumidores",,,"Economía, Fomento, MIPYMES, Consumidores y Turismo","Economía, comercio y consumidores","Economía, Fomento, MIPYMES, Consumidores y Turismo",,rica,alta,,
18487-12,"Modifica la ley N°19.300, para eliminar las labores de exploración minera de aquellas que deben ingresar al Sistema de Evaluación de Impacto Ambiental",parlamentario,12,Medio Ambiente y Recursos Naturales,,Medio Ambiente y Recursos Naturales,sufijo_boletin,0,Medio ambiente,,,Medio Ambiente y Recursos Naturales,Medio ambiente,Medio Ambiente y Recursos Naturales,,rica,alta,,
18462-11,Con el objeto de establecer una ley marco sobre infertilidad y medicina reproductiva,parlamentario,11,Salud,,Salud,sufijo_boletin,0,Salud,,,Salud,Salud,Salud,,rica,alta,,
18464-14,"Modifica el decreto ley N° 2.695, de 1979, estableciendo un nuevo procedimiento para la regularización de la posesión de la pequeña propiedad raíz y la constitución del dominio sobre ella, en situaciones de emergencia",ejecutivo,14,"Vivienda, Desarrollo Urbano",Hacienda,Hacienda,evento_cuenta_vs_sufijo,1,Economía y hacienda,,,"Vivienda, Desarrollo Urbano | Hacienda",Vivienda y territorio | Economía y hacienda,"Vivienda, Desarrollo Urbano",Ministerio de Justicia y de Derechos Humanos | Ministerio de Hacienda | Ministerio del Interior | Ministerio de Seguridad Pública | Ministerio de Bienes Nacionales | Ministerio de Vivienda y Urbanismo,rica,media,discrepancia_origen_evento_vs_sufijo | origen_transversal_con_comision_sustantiva | trayectoria_multitematica,Primer informe de comisión. Pasa a Comisión de Hacienda
18470-07,"Modifica la disposición octava transitoria de la Carta Fundamental, con el objeto de aplicar la normativa relativa a la reforma procesal penal a los hechos ocurridos con anterioridad a su entrada en vigencia",parlamentario,07,"Constitución, Legislación, Justicia y Reglamento",,"Constitución, Legislación, Justicia y Reglamento",sufijo_boletin,0,Constitución y justicia,,,"Constitución, Legislación, Justicia y Reglamento",Constitución y justicia,,,rica,media,origen_transversal,
18490-06,"Modifica la ley Nº18.834, sobre Estatuto Administrativo, para consagrar el principio de neutralidad política y reforzar la prohibición de discriminación en la función pública",parlamentario,06,"Gobierno Interior, Nacionalidad, Ciudadanía y Regionalización",,"Gobierno Interior, Nacionalidad, Ciudadanía y Regionalización",sufijo_boletin,0,Gobierno interior y descentralización,,,"Gobierno Interior, Nacionalidad, Ciudadanía y Regionalización",Gobierno interior y descentralización,"Gobierno Interior, Nacionalidad, Ciudadanía y Regionalización",,rica,alta,,
18529-14,"Modifica la Ley General de Urbanismo y Construcciones, en materia de caminos locales emplazados en zonas rurales",parlamentario,14,"Vivienda, Desarrollo Urbano",,"Vivienda, Desarrollo Urbano",sufijo_boletin,0,Vivienda y territorio,,,"Vivienda, Desarrollo Urbano",Vivienda y territorio,"Vivienda, Desarrollo Urbano",,rica,alta,,
18598-06,Modifica la ley N°20.983 para declarar el 17 de septiembre de cada año como feriado nacional y realzar la cueca como danza nacional,parlamentario,06,"Gobierno Interior, Nacionalidad, Ciudadanía y Regionalización",,"Gobierno Interior, Nacionalidad, Ciudadanía y Regionalización",sufijo_boletin,0,Gobierno interior y descentralización,,,"Gobierno Interior, Nacionalidad, Ciudadanía y Regionalización",Gobierno interior y descentralización,"Gobierno Interior, Nacionalidad, Ciudadanía y Regionalización",,rica,alta,,
18492-13,Crea en el Código del Trabajo el cargo de responsable de gestión y ordenación del tiempo de trabajo en las empresas,parlamentario,13,Trabajo y Seguridad Social,,Trabajo y Seguridad Social,sufijo_boletin,0,Trabajo y seguridad social,,,Trabajo y Seguridad Social,Trabajo y seguridad social,Trabajo y Seguridad Social,,rica,alta,,
18493-07,"Modifica la ley N°19.640, orgánica constitucional del Ministerio Público, para disponer la inhabilidad de exfiscales para asumir cargos de exclusiva confianza de S.E. el Presidente de la República",parlamentario,07,"Constitución, Legislación, Justicia y Reglamento",,"Constitución, Legislación, Justicia y Reglamento",sufijo_boletin,0,Constitución y justicia,,,"Constitución, Legislación, Justicia y Reglamento",Constitución y justicia,,,rica,media,origen_transversal,
18494-06,"Elimina en la ley N°18.834, sobre Estatuto Administrativo, la compatibilidad de ser titular de cargos de planta y ejercer cargos de exclusiva confianza en casos que indica",parlamentario,06,"Gobierno Interior, Nacionalidad, Ciudadanía y Regionalización",,"Gobierno Interior, Nacionalidad, Ciudadanía y Regionalización",sufijo_boletin,0,Gobierno interior y descentralización,,,"Gobierno Interior, Nacionalidad, Ciudadanía y Regionalización",Gobierno interior y descentralización,"Gobierno Interior, Nacionalidad, Ciudadanía y Regionalización",,rica,alta,,
18495-04,"Modifica la leyes N°20.370, general de Educación, y 21.040, que crea el Sistema de Educación Pública, para implementar en la educación técnico-profesional criterios de territorialidad y descentralización",parlamentario,04,Educación,,Educación,sufijo_boletin,0,Educación,,,Educación,Educación,Educación,,rica,alta,,
18496-06,"Resguarda el uso común de los bienes nacionales de uso público ante ocupaciones mediante estructuras precarias, según criterios de proporcionalidad y no discriminación",parlamentario,06,"Gobierno Interior, Nacionalidad, Ciudadanía y Regionalización",,"Gobierno Interior, Nacionalidad, Ciudadanía y Regionalización",sufijo_boletin,0,Gobierno interior y descentralización,,,"Gobierno Interior, Nacionalidad, Ciudadanía y Regionalización",Gobierno interior y descentralización,"Gobierno Interior, Nacionalidad, Ciudadanía y Regionalización",,rica,alta,,
18497-11,"Dispone estándares de resistencia estructural, gestión de riesgos y mantención para las ambulancias terrestres",parlamentario,11,Salud,,Salud,sufijo_boletin,0,Salud,,,Salud,Salud,Salud,,rica,alta,,
18498-19,"Dispone un estatuto de protección de los derechos de creadores de contenido digital en sus relaciones contractuales con plataformas digitales, marcas y agencias de representación",parlamentario,19,Ciencia y Tecnología,,Ciencia y Tecnología,sufijo_boletin,0,Ciencia y tecnología,,,Ciencia y Tecnología,Ciencia y tecnología,Ciencia y Tecnología,,rica,alta,,
18499-02,"Modifica la ley N°21.280, sobre el ámbito de aplicación del procedimiento de tutela laboral, para excluir a los funcionarios de las fuerzas Armadas, y de Orden y Seguridad Pública, de tales procedimientos",parlamentario,02,Defensa Nacional,,Defensa Nacional,sufijo_boletin,0,Defensa,,,Defensa Nacional,Defensa,Defensa Nacional,,rica,alta,,
18500-13,Modifica el Código del Trabajo para fortalecer la formalidad laboral,parlamentario,13,Trabajo y Seguridad Social,,Trabajo y Seguridad Social,sufijo_boletin,0,Trabajo y seguridad social,,,Trabajo y Seguridad Social,Trabajo y seguridad social,Trabajo y Seguridad Social,,rica,alta,,
18472-04,"Modifica la Ley General de Educación, con el objeto de reconocer el acceso de los niños y niñas menores de dos años a sala cuna",parlamentario,04,Educación,,Educación,sufijo_boletin,0,Educación,,,Educación,Educación,Educación,,rica,alta,,
18478-13,Perfecciona los mecanismos de adaptabilidad de la jornada de trabajo y establece un régimen especial para el sector turismo y actividades conexas,ejecutivo,13,Trabajo y Seguridad Social,,Trabajo y Seguridad Social,sufijo_boletin,0,Trabajo y seguridad social,,,Trabajo y Seguridad Social,Trabajo y seguridad social,Trabajo y Seguridad Social,"Ministerio de Economía, Fomento y Turism | Ministerio de Trabajo y Previsión Social",rica,alta,,
18488-07,"Modifica diversos cuerpos legales en materia de persecución penal y patrimonial, y tipifica nuevos delitos para combatir el crimen organizado",parlamentario,07,"Constitución, Legislación, Justicia y Reglamento",,"Constitución, Legislación, Justicia y Reglamento",sufijo_boletin,0,Constitución y justicia,,,"Constitución, Legislación, Justicia y Reglamento",Constitución y justicia,,,rica,media,origen_transversal,
18489-07,Modifica diversos cuerpos legales con el objeto de tipificar el delito de encubrimiento,parlamentario,07,"Constitución, Legislación, Justicia y Reglamento",,"Constitución, Legislación, Justicia y Reglamento",sufijo_boletin,0,Constitución y justicia,,,"Constitución, Legislación, Justicia y Reglamento",Constitución y justicia,,,rica,media,origen_transversal,
18491-03,"Modifica la ley N° 20.423, del sistema institucional para el desarrollo del turismo, con el objeto de establecer la obligación de los prestadores de servicios de alojamiento turístico de cumplir con la infraestructura de asistencia y seguridad para las personas mayores",parlamentario,03,"Economía, Fomento, MIPYMES, Consumidores y Turismo",,"Economía, Fomento, MIPYMES, Consumidores y Turismo",sufijo_boletin,0,"Economía, comercio y consumidores",,,"Economía, Fomento, MIPYMES, Consumidores y Turismo","Economía, comercio y consumidores","Economía, Fomento, MIPYMES, Consumidores y Turismo",,rica,alta,,
18506-07,Modifica el Código Penal para sancionar la simulación de la calidad de integrante de las fuerzas de Orden y Seguridad Pública,parlamentario,07,"Constitución, Legislación, Justicia y Reglamento",,"Constitución, Legislación, Justicia y Reglamento",sufijo_boletin,0,Constitución y justicia,,,"Constitución, Legislación, Justicia y Reglamento",Constitución y justicia,,,rica,media,origen_transversal,
18507-04,Incorpora la alfabetización en materias digitales y sobre inteligencia artificial en el curriculum educacional,parlamentario,04,Educación,,Educación,sufijo_boletin,0,Educación,,,Educación | Ciencia y Tecnología,Educación | Ciencia y tecnología,Educación | Ciencia y Tecnología,,rica,alta,trayectoria_multitematica,
18508-04,Crea una acción de tutela del derecho preferente de los padres a educar a sus hijos,parlamentario,04,Educación,,Educación,sufijo_boletin,0,Educación,,,Educación,Educación,Educación,,rica,alta,,
18509-35,"Modifica la ley N°20.422, sobre igualdad de oportunidades e inclusión social de personas con discapacidad, para especificar el deber de señalización auditiva de estaciones y paradas en los servicios de transporte público",parlamentario,35,Personas Mayores y Discapacidad,,Personas Mayores y Discapacidad,sufijo_boletin,0,Personas mayores y discapacidad,,,Obras Públicas | Personas Mayores y Discapacidad | Transportes y Telecomunicaciones,Infraestructura y obras públicas | Personas mayores y discapacidad | Transportes y telecomunicaciones,Obras Públicas | Personas Mayores y Discapacidad | Transportes y Telecomunicaciones,,rica,alta,trayectoria_multitematica,
18502-07,"Modifica el artículo 52 de la Carta Fundamental, en materia de acusación constitucional",parlamentario,07,"Constitución, Legislación, Justicia y Reglamento",,"Constitución, Legislación, Justicia y Reglamento",sufijo_boletin,0,Constitución y justicia,,,"Constitución, Legislación, Justicia y Reglamento",Constitución y justicia,,,rica,media,origen_transversal,
18503-13,"Modifica el Código del Trabajo, con el objeto de asegurar la continuidad de la protección del fuero laboral que regula el artículo 201",parlamentario,13,Trabajo y Seguridad Social,,Trabajo y Seguridad Social,sufijo_boletin,0,Trabajo y seguridad social,,,Trabajo y Seguridad Social,Trabajo y seguridad social,Trabajo y Seguridad Social,,rica,alta,,
18504-09,"Modifica la Ley de Concesiones de Obras Públicas, para exigir al concesionario nueva obligación de información y transparencia",parlamentario,09,Obras Públicas,,Obras Públicas,sufijo_boletin,0,Infraestructura y obras públicas,,,Obras Públicas,Infraestructura y obras públicas,Obras Públicas,,rica,alta,,
18510-07,Modifica el Código Penal en materia de trabajo forzoso y dispone reglas sobre trazabilidad de productos,parlamentario,07,"Constitución, Legislación, Justicia y Reglamento",,"Constitución, Legislación, Justicia y Reglamento",sufijo_boletin,0,Constitución y justicia,,,"Constitución, Legislación, Justicia y Reglamento",Constitución y justicia,,,rica,media,origen_transversal,
18511-07,Incorpora a las víctimas de los delitos de estafa y otros engaños como personas de atención prioritaria en el Servicio Nacional de Acceso a la Justicia y Defensoría de Víctimas,parlamentario,07,"Constitución, Legislación, Justicia y Reglamento",,"Constitución, Legislación, Justicia y Reglamento",sufijo_boletin,0,Constitución y justicia,,,"Constitución, Legislación, Justicia y Reglamento | Personas Mayores y Discapacidad",Constitución y justicia | Personas mayores y discapacidad,Personas Mayores y Discapacidad,,rica,media,origen_transversal_con_comision_sustantiva | trayectoria_multitematica,
18512-03,"Incorpora una leyenda informativa obligatoria en la publicidad creada, sustancialmente, mediante inteligencia artificial",parlamentario,03,"Economía, Fomento, MIPYMES, Consumidores y Turismo",,"Economía, Fomento, MIPYMES, Consumidores y Turismo",sufijo_boletin,0,"Economía, comercio y consumidores",,,"Economía, Fomento, MIPYMES, Consumidores y Turismo","Economía, comercio y consumidores","Economía, Fomento, MIPYMES, Consumidores y Turismo",,rica,alta,,
18538-07,Regula la tramitación de las acciones constitucionales de protección y de amparo,parlamentario,07,"Constitución, Legislación, Justicia y Reglamento",,"Constitución, Legislación, Justicia y Reglamento",sufijo_boletin,0,Constitución y justicia,,,"Constitución, Legislación, Justicia y Reglamento",Constitución y justicia,,,rica,media,origen_transversal,
18513-03,"Modifica las leyes N° 19.496, sobre protección de los derechos de los consumidores, y N° 18.290, de Tránsito, para garantizar la alternativa de pago presencial por el servicio de estacionamiento en la vía pública",parlamentario,03,"Economía, Fomento, MIPYMES, Consumidores y Turismo",,"Economía, Fomento, MIPYMES, Consumidores y Turismo",sufijo_boletin,0,"Economía, comercio y consumidores",,,"Economía, Fomento, MIPYMES, Consumidores y Turismo","Economía, comercio y consumidores","Economía, Fomento, MIPYMES, Consumidores y Turismo",,rica,alta,,
18514-07,"Protege la integridad psíquica de los funcionarios que participen como agentes encubiertos o reveladores en investigaciones de delitos sexuales contra niños, niñas y adolescentes",parlamentario,07,"Constitución, Legislación, Justicia y Reglamento",,"Constitución, Legislación, Justicia y Reglamento",sufijo_boletin,0,Constitución y justicia,,,"Constitución, Legislación, Justicia y Reglamento | Seguridad Ciudadana",Constitución y justicia | Seguridad,Seguridad Ciudadana,,rica,media,origen_transversal_con_comision_sustantiva | trayectoria_multitematica,
18515-08,Prohíbe plantaciones de alta combustibilidad en zonas colindantes a líneas eléctricas,parlamentario,08,Minería y Energía,,Minería y Energía,sufijo_boletin,0,Minería y energía,,,Minería y Energía,Minería y energía,Minería y Energía,,rica,alta,,
18516-18,"Modifica la ley N°16.618, de menores, para disponer la resolución inmediata de solicitudes de autorización de salida del país en caso de negativa de deudores de pensiones de alimentos",parlamentario,18,"Familia, Infancia y Adolescencia",,"Familia, Infancia y Adolescencia",sufijo_boletin,0,"Familia, infancia y adolescencia",,,"Familia, Infancia y Adolescencia","Familia, infancia y adolescencia","Familia, Infancia y Adolescencia",,rica,alta,,
18517-15,Sanciona la suplantación de identidad mediante el envío de mensajes fraudulentos y dispone en las concesionarias de telecomunicaciones deberes de detección y bloqueo de dichas comunicaciones,parlamentario,15,Transportes y Telecomunicaciones,,Transportes y Telecomunicaciones,sufijo_boletin,0,Transportes y telecomunicaciones,,,Transportes y Telecomunicaciones,Transportes y telecomunicaciones,Transportes y Telecomunicaciones,,rica,alta,,
18501-10,"Aprueba el Acuerdo de alcance parcial entre la República de Chile y la República de Trinidad y Tobago, adoptado mediante suscripción virtual, el 25 de abril de 2025",ejecutivo,10,Relaciones Exteriores,,Relaciones Exteriores,sufijo_boletin,0,Relaciones exteriores,,,Relaciones Exteriores,Relaciones exteriores,Relaciones Exteriores,Ministerio de Hacienda | Ministerio de Relaciones Exteriores,rica,alta,,
18518-06,Modifica aspectos procesales en el otorgamiento de pensiones de gracia,parlamentario,06,"Gobierno Interior, Nacionalidad, Ciudadanía y Regionalización",,"Gobierno Interior, Nacionalidad, Ciudadanía y Regionalización",sufijo_boletin,0,Gobierno interior y descentralización,,,"Gobierno Interior, Nacionalidad, Ciudadanía y Regionalización",Gobierno interior y descentralización,"Gobierno Interior, Nacionalidad, Ciudadanía y Regionalización",,rica,alta,,
18519-13,Establece un permiso laboral ante situaciones de emergencia o catástrofe declarada por la autoridad,parlamentario,13,Trabajo y Seguridad Social,,Trabajo y Seguridad Social,sufijo_boletin,0,Trabajo y seguridad social,,,Trabajo y Seguridad Social,Trabajo y seguridad social,Trabajo y Seguridad Social,,rica,alta,,
18520-07,Modifica la Constitución Política en cuanto a la regulación del pago de dieta y asignaciones a congresistas desaforados,parlamentario,07,"Constitución, Legislación, Justicia y Reglamento",,"Constitución, Legislación, Justicia y Reglamento",sufijo_boletin,0,Constitución y justicia,,,"Constitución, Legislación, Justicia y Reglamento",Constitución y justicia,,,rica,media,origen_transversal,
18531-03,Crea un marco de protección de activos estratégicos para la seguridad nacional y económica del país,parlamentario,03,"Economía, Fomento, MIPYMES, Consumidores y Turismo",,"Economía, Fomento, MIPYMES, Consumidores y Turismo",sufijo_boletin,0,"Economía, comercio y consumidores",,,"Economía, Fomento, MIPYMES, Consumidores y Turismo | Defensa Nacional","Economía, comercio y consumidores | Defensa","Economía, Fomento, MIPYMES, Consumidores y Turismo | Defensa Nacional",,utilizable,alta,trayectoria_multitematica,
18527-04,"Modifica la ley N°21.091, sobre educación superior, para que los establecimientos promuevan la inserción laboral y empleabilidad de sus egresados",parlamentario,04,Educación,,Educación,sufijo_boletin,0,Educación,,,Educación,Educación,Educación,,rica,alta,,
18528-01,"Modifica la ley N°21.020, sobre tenencia responsable de mascotas y animales de compañía, para agravar las penas por abandonar animales en zonas rurales",parlamentario,01,"Agricultura, Silvicultura y Desarrollo Rural",,"Agricultura, Silvicultura y Desarrollo Rural",sufijo_boletin,0,Agricultura y mundo rural,,,"Agricultura, Silvicultura y Desarrollo Rural",Agricultura y mundo rural,"Agricultura, Silvicultura y Desarrollo Rural",,rica,alta,,
18530-02,Modifica las sanciones a los delitos de espionaje y protege la información estratégica del Estado,parlamentario,02,Defensa Nacional,,Defensa Nacional,sufijo_boletin,0,Defensa,,,Defensa Nacional,Defensa,Defensa Nacional,,rica,alta,,
18532-06,Rehabilita la nacionalidad chilena a Adolfo José Ochagavía Hubner,parlamentario,06,"Gobierno Interior, Nacionalidad, Ciudadanía y Regionalización",,"Gobierno Interior, Nacionalidad, Ciudadanía y Regionalización",sufijo_boletin,0,Gobierno interior y descentralización,,,"Gobierno Interior, Nacionalidad, Ciudadanía y Regionalización",Gobierno interior y descentralización,"Gobierno Interior, Nacionalidad, Ciudadanía y Regionalización",,rica,alta,,
18533-07,"Sanciona la difusión pública de instrucciones para el abuso y la explotación sexual de niños, niñas y adolescentes y la apología de tales delitos",parlamentario,07,"Constitución, Legislación, Justicia y Reglamento",,"Constitución, Legislación, Justicia y Reglamento",sufijo_boletin,0,Constitución y justicia,,,"Constitución, Legislación, Justicia y Reglamento",Constitución y justicia,,,rica,media,origen_transversal,
18622-24,Establece requisitos de elegibilidad para el acceso a fondos públicos destinados a actividades culturales y artísticas,parlamentario,24,"Cultura, Artes y Comunicaciones",,"Cultura, Artes y Comunicaciones",sufijo_boletin,0,Cultura y comunicaciones,,,"Cultura, Artes y Comunicaciones",Cultura y comunicaciones,"Cultura, Artes y Comunicaciones",,rica,alta,,
18505-06,"Iniciado en moción de los Honorables Senadores señor Flores y señoras Astudillo,  Núñez y Vodanovic, con la que inician un proyecto de ley, que modifica la ley N° 21.325, de Migración y Extranjería, con el objeto de sancionar penalmente la celebración de matrimonios o acuerdos de unión civil con fines migratorios",parlamentario,06,"Gobierno Interior, Nacionalidad, Ciudadanía y Regionalización",,"Gobierno Interior, Nacionalidad, Ciudadanía y Regionalización",sufijo_boletin,0,Gobierno interior y descentralización,,,"Gobierno Interior, Nacionalidad, Ciudadanía y Regionalización",Gobierno interior y descentralización,"Gobierno Interior, Nacionalidad, Ciudadanía y Regionalización",,rica,alta,,
18526-07,"Establece una nueva causal de cesación en el cargo de diputado o senador y de otras autoridades que indica, por detección de consumo de sustancias estupefacientes o psicotrópicas de carácter ilícito, sin justificación médica",parlamentario,07,"Constitución, Legislación, Justicia y Reglamento",,"Constitución, Legislación, Justicia y Reglamento",sufijo_boletin,0,Constitución y justicia,,,"Constitución, Legislación, Justicia y Reglamento",Constitución y justicia,,,rica,media,origen_transversal,
18534-13,Modifica el Código del Trabajo para extender la obligación de ofrecer trabajo a distancia o teletrabajo en casos de emergencia declarada por autoridad pública,parlamentario,13,Trabajo y Seguridad Social,,Trabajo y Seguridad Social,sufijo_boletin,0,Trabajo y seguridad social,,,Trabajo y Seguridad Social,Trabajo y seguridad social,Trabajo y Seguridad Social,,rica,alta,,
18535-07,Modifica el Código Civil para disponer la servidumbre legal de tránsito en casos que indica,parlamentario,07,"Constitución, Legislación, Justicia y Reglamento",,"Constitución, Legislación, Justicia y Reglamento",sufijo_boletin,0,Constitución y justicia,,,"Constitución, Legislación, Justicia y Reglamento",Constitución y justicia,,,rica,media,origen_transversal,
18536-07,Modifica el Código Penal para tipificar el delito de ofensa racial y agravar su pena en las circunstancias que indica,parlamentario,07,"Constitución, Legislación, Justicia y Reglamento",,"Constitución, Legislación, Justicia y Reglamento",sufijo_boletin,0,Constitución y justicia,,,"Constitución, Legislación, Justicia y Reglamento",Constitución y justicia,,,rica,media,origen_transversal,
18537-06,Tipifica la simulacion al celebrar de matrimonios o acuerdos de unión civil con fines migratorios,parlamentario,06,"Gobierno Interior, Nacionalidad, Ciudadanía y Regionalización",,"Gobierno Interior, Nacionalidad, Ciudadanía y Regionalización",sufijo_boletin,0,Gobierno interior y descentralización,,,"Gobierno Interior, Nacionalidad, Ciudadanía y Regionalización",Gobierno interior y descentralización,"Gobierno Interior, Nacionalidad, Ciudadanía y Regionalización",,rica,alta,,
18521-07,Modifica la Constitución Política para incorporar una causal de cesación e incompatibilidad por detección de sustancias estupefacientes o sicotrópicas ilícitas,ejecutivo,07,"Constitución, Legislación, Justicia y Reglamento",,"Constitución, Legislación, Justicia y Reglamento",sufijo_boletin,0,Constitución y justicia,,,"Constitución, Legislación, Justicia y Reglamento",Constitución y justicia,,Ministerio del Interior | Ministerio Secretaría General de la Presidencia,rica,media,origen_transversal,
18522-10,"Aprueba el Acuerdo de servicios aéreos entre el Gobierno de la República de Chile y el Gobierno del Sultanato de Omán, suscrito en Kuala Lumpur, Malasia, el 24 de octubre de 2024",ejecutivo,10,Relaciones Exteriores,,Relaciones Exteriores,sufijo_boletin,0,Relaciones exteriores,,,Relaciones Exteriores,Relaciones exteriores,Relaciones Exteriores,Ministerio de Relaciones Exteriores | Ministerio de Transporte y Telecomunicaciones,rica,alta,,
18540-06,"Modifica la ley N°19.638, sobre constitución jurídica de las iglesias y organizaciones religiosas, para simplificar la obtención de la personalidad jurídica de las entidades religiosas y garantizar su igualdad de trato ante los órganos del Estado.",parlamentario,06,"Gobierno Interior, Nacionalidad, Ciudadanía y Regionalización",,"Gobierno Interior, Nacionalidad, Ciudadanía y Regionalización",sufijo_boletin,0,Gobierno interior y descentralización,,,"Gobierno Interior, Nacionalidad, Ciudadanía y Regionalización",Gobierno interior y descentralización,"Gobierno Interior, Nacionalidad, Ciudadanía y Regionalización",,rica,alta,,
18523-16,Modifica el Reglamento de la Cámara de Diputados para incorporar a la infancia y la adolescencia en la denominación de la Comisión de la Familia,parlamentario,16,Régimen Interno y Administración,,Régimen Interno y Administración,sufijo_boletin,0,Administración parlamentaria,,,Régimen Interno y Administración,Administración parlamentaria,,,rica,media,origen_transversal,
18524-05,Extiende vigencia y aumenta cobertura de la ley N° 21.748 y modifica normas que indica,ejecutivo,05,Hacienda,,Hacienda,sufijo_boletin,0,Economía y hacienda,,,Hacienda,Economía y hacienda,,Ministerio de Hacienda,rica,media,origen_transversal,
18525-06,"Modifica la ley N° 21.802, que fortalece la institucionalidad municipal en materia de seguridad pública y prevención del delito",ejecutivo,06,"Gobierno Interior, Nacionalidad, Ciudadanía y Regionalización",,"Gobierno Interior, Nacionalidad, Ciudadanía y Regionalización",sufijo_boletin,0,Gobierno interior y descentralización,,,"Gobierno Interior, Nacionalidad, Ciudadanía y Regionalización",Gobierno interior y descentralización,"Gobierno Interior, Nacionalidad, Ciudadanía y Regionalización",Ministerio de Seguridad Pública,rica,alta,,
18539-21,"Modifica diversos cuerpos legales, con el objeto de tipificar nuevos delitos en el sector pesquero y de regular técnicas especiales de investigación",parlamentario,21,"Pesca, Acuicultura e Intereses Marítimos",,"Pesca, Acuicultura e Intereses Marítimos",sufijo_boletin,0,Pesca y acuicultura,,,"Pesca, Acuicultura e Intereses Marítimos",Pesca y acuicultura,"Pesca, Acuicultura e Intereses Marítimos",,rica,alta,,
18541-06,Modifica el Código Penal para incorporar una agravante en caso de robo o hurto cometido durante situaciones de desastre natural o evacuación preventiva,parlamentario,06,"Gobierno Interior, Nacionalidad, Ciudadanía y Regionalización",,"Gobierno Interior, Nacionalidad, Ciudadanía y Regionalización",sufijo_boletin,0,Gobierno interior y descentralización,,,"Gobierno Interior, Nacionalidad, Ciudadanía y Regionalización | Seguridad Ciudadana",Gobierno interior y descentralización | Seguridad,"Gobierno Interior, Nacionalidad, Ciudadanía y Regionalización | Seguridad Ciudadana",,rica,alta,trayectoria_multitematica,
18542-29,"Modifica la ley N°19.712, del deporte, para promover la difusión de las disciplinas deportivas en los medios de comunicación social",parlamentario,29,Deportes y Recreación,,Deportes y Recreación,sufijo_boletin,0,Deportes,,,Deportes y Recreación,Deportes,Deportes y Recreación,,rica,alta,,
18543-35,Fomenta el acceso y participación de personas mayores en actividades económicas,parlamentario,35,Personas Mayores y Discapacidad,,Personas Mayores y Discapacidad,sufijo_boletin,0,Personas mayores y discapacidad,,,Personas Mayores y Discapacidad,Personas mayores y discapacidad,Personas Mayores y Discapacidad,,rica,alta,,
18544-06,Sanciona la celebración de matrimonios y acuerdos de unión civil destinados a obtener beneficios estatales o residencia en el país,parlamentario,06,"Gobierno Interior, Nacionalidad, Ciudadanía y Regionalización",,"Gobierno Interior, Nacionalidad, Ciudadanía y Regionalización",sufijo_boletin,0,Gobierno interior y descentralización,,,"Gobierno Interior, Nacionalidad, Ciudadanía y Regionalización",Gobierno interior y descentralización,"Gobierno Interior, Nacionalidad, Ciudadanía y Regionalización",,rica,alta,,
18545-07,Modifica la Constitución Política para establecer un estatuto especial de aplicación de la ley penal a imputados rebeldes,parlamentario,07,"Constitución, Legislación, Justicia y Reglamento",,"Constitución, Legislación, Justicia y Reglamento",sufijo_boletin,0,Constitución y justicia,,,"Constitución, Legislación, Justicia y Reglamento",Constitución y justicia,,,rica,media,origen_transversal,
18546-34,"Modifica diversos cuerpos legales, con el objeto de regular la gestación por subrogación altruista",parlamentario,34,Mujeres y Equidad de Género,,Mujeres y Equidad de Género,sufijo_boletin,0,Mujeres y género,,,Mujeres y Equidad de Género,Mujeres y género,Mujeres y Equidad de Género,,rica,alta,,
18547-35,"Establece una ley marco para la atención temprana de niños y niñas con discapacidad, rezago del desarrollo o factores de riesgo asociados",parlamentario,35,Personas Mayores y Discapacidad,,Personas Mayores y Discapacidad,sufijo_boletin,0,Personas mayores y discapacidad,,,Personas Mayores y Discapacidad,Personas mayores y discapacidad,Personas Mayores y Discapacidad,,rica,alta,,
18548-11,"Modifica la ley N° 19.664, con el objeto de establecer la movilidad territorial exclusiva entre zonas extremas y territorios especiales del país para los médicos que deben cumplir su período asistencial obligatorio",parlamentario,11,Salud,,Salud,sufijo_boletin,0,Salud,,,Salud,Salud,Salud,,rica,alta,,
18549-15,"Modifica la Ley de Tránsito, con el objeto de establecer nuevo requisito para obtener la licencia de conducir",parlamentario,15,Transportes y Telecomunicaciones,,Transportes y Telecomunicaciones,sufijo_boletin,0,Transportes y telecomunicaciones,,,Transportes y Telecomunicaciones,Transportes y telecomunicaciones,Transportes y Telecomunicaciones,,rica,alta,,
18550-36,"Modifica la ley N° 20.066, con el objeto de establecer entrevistas videograbadas en resguardo de las víctimas de violencia intrafamiliar",parlamentario,36,,,,sin_proxy,0,,,,,,,,rica,baja,codigo_destinacion_no_mapeado | sin_proxy_comision_origen,
18552-07,"Modifica el numeral 24° del artículo 19, con el objeto de consagrar la recuperación y uso social de los bienes inmuebles abandonados.",parlamentario,07,"Constitución, Legislación, Justicia y Reglamento",,"Constitución, Legislación, Justicia y Reglamento",sufijo_boletin,0,Constitución y justicia,,,"Constitución, Legislación, Justicia y Reglamento",Constitución y justicia,,,rica,media,origen_transversal,
18551-04,"Modifica la ley N° 21.040, que crea el sistema de educación pública, con la finalidad de ajustar la segunda etapa de instalación y el traspaso de los servicios locales de educación",ejecutivo,04,Educación,,Educación,sufijo_boletin,0,Educación,,,Educación,Educación,Educación,Ministerio de Hacienda | Ministerio de Educación,rica,alta,,
18553-11,"Modifica diversos cuerpos legales, con el objeto de regular la prevención, detección y atención oncológica en el sector privado",parlamentario,11,Salud,,Salud,sufijo_boletin,0,Salud,,,Salud,Salud,Salud,,rica,alta,,
18554-36,"Modifica diversos cuerpos legales, con el objeto de otorgar protección a los niños y niñas abandonados en establecimientos de salud",parlamentario,36,,,,sin_proxy,0,,,,,,,,rica,baja,codigo_destinacion_no_mapeado | sin_proxy_comision_origen,
18555-17,"Modifica la ley N° 20.405, del Instituto Nacional de Derechos Humanos, para incorporar la figura de los observadores de derechos humanos acreditados",parlamentario,17,Derechos Humanos y Pueblos Originarios,,Derechos Humanos y Pueblos Originarios,sufijo_boletin,0,Derechos humanos,,,Derechos Humanos y Pueblos Originarios,Derechos humanos,Derechos Humanos y Pueblos Originarios,,rica,alta,,
18556-13,"Modifica el Código del Trabajo, con el objeto de extender el permiso a que tienen derecho los trabajadores en el caso de fallecimiento de un hijo",parlamentario,13,Trabajo y Seguridad Social,,Trabajo y Seguridad Social,sufijo_boletin,0,Trabajo y seguridad social,,,Trabajo y Seguridad Social,Trabajo y seguridad social,Trabajo y Seguridad Social,,rica,alta,,
18557-03,"Modifica diversos cuerpos legales, con el objeto de regular la revocación de autorizaciones de cobros recurrentes",parlamentario,03,"Economía, Fomento, MIPYMES, Consumidores y Turismo",,"Economía, Fomento, MIPYMES, Consumidores y Turismo",sufijo_boletin,0,"Economía, comercio y consumidores",,,"Economía, Fomento, MIPYMES, Consumidores y Turismo","Economía, comercio y consumidores","Economía, Fomento, MIPYMES, Consumidores y Turismo",,rica,alta,,
18562-07,Establece controles obligatorios sobre consumo de drogas y una causal de cesación en el cargo de las autoridades y directivos superiores que indica,parlamentario,07,"Constitución, Legislación, Justicia y Reglamento",,"Constitución, Legislación, Justicia y Reglamento",sufijo_boletin,0,Constitución y justicia,,,"Constitución, Legislación, Justicia y Reglamento",Constitución y justicia,,,rica,media,origen_transversal,
18563-07,"Incorpora en el Código Penal el delito de apología pública a la discriminación, el maltrato y el abuso sexual en contra de niños, niñas, adolescentes y personas con discapacidad",parlamentario,07,"Constitución, Legislación, Justicia y Reglamento",,"Constitución, Legislación, Justicia y Reglamento",sufijo_boletin,0,Constitución y justicia,,,"Constitución, Legislación, Justicia y Reglamento",Constitución y justicia,,,rica,media,origen_transversal,
18564-07,Impide temporalmente el alza en el valor del avalúo fiscal de los inmuebles residenciales por la instalación de paneles solares,parlamentario,07,"Constitución, Legislación, Justicia y Reglamento",,"Constitución, Legislación, Justicia y Reglamento",sufijo_boletin,0,Constitución y justicia,,,"Constitución, Legislación, Justicia y Reglamento",Constitución y justicia,,,utilizable,media,origen_transversal,
18565-03,Incrementa la información sobre cobros en estados de cuenta y el control de cargos recurrentes en medios de pago,parlamentario,03,"Economía, Fomento, MIPYMES, Consumidores y Turismo",,"Economía, Fomento, MIPYMES, Consumidores y Turismo",sufijo_boletin,0,"Economía, comercio y consumidores",,,"Economía, Fomento, MIPYMES, Consumidores y Turismo | Constitución, Legislación, Justicia y Reglamento","Economía, comercio y consumidores | Constitución y justicia","Economía, Fomento, MIPYMES, Consumidores y Turismo",,rica,alta,trayectoria_multitematica,
18566-07,Dispone un sistema general de control de consumo de drogas en las autoridades que indica,parlamentario,07,"Constitución, Legislación, Justicia y Reglamento",,"Constitución, Legislación, Justicia y Reglamento",sufijo_boletin,0,Constitución y justicia,,,"Constitución, Legislación, Justicia y Reglamento",Constitución y justicia,,,rica,media,origen_transversal,
18575-11,Promueve el establecimiento de escuelas de medicina en todas las regiones del país,parlamentario,11,Salud,,Salud,sufijo_boletin,0,Salud,,,Educación | Hacienda | Salud,Educación | Economía y hacienda | Salud,Educación | Salud,,utilizable,alta,trayectoria_multitematica,
18588-13,"Suspende transitoriamente los efectos de la ley N°21.643, que modifica el Código del Trabajo y otros cuerpos legales en materia de prevención, investigación y sanción del acoso laboral, sexual o de violencia en el trabajo",parlamentario,13,Trabajo y Seguridad Social,,Trabajo y Seguridad Social,sufijo_boletin,0,Trabajo y seguridad social,,,Trabajo y Seguridad Social,Trabajo y seguridad social,Trabajo y Seguridad Social,,rica,alta,,
18567-07,Modifica la Constitución Política para permitir a las Cámaras del Congreso Nacional solicitar el trámite de urgencia en la discusión de mociones,parlamentario,07,"Constitución, Legislación, Justicia y Reglamento",,"Constitución, Legislación, Justicia y Reglamento",sufijo_boletin,0,Constitución y justicia,,,"Constitución, Legislación, Justicia y Reglamento",Constitución y justicia,,,rica,media,origen_transversal,
18568-07,Modifica el Código Penal para sancionar supuestos de acceso a sustancias o medicamentos abortivos,parlamentario,07,"Constitución, Legislación, Justicia y Reglamento",,"Constitución, Legislación, Justicia y Reglamento",sufijo_boletin,0,Constitución y justicia,,,"Constitución, Legislación, Justicia y Reglamento",Constitución y justicia,,,rica,media,origen_transversal,
18569-06,"Modifica la ley N°20.000, que sanciona el tráfico ilícito de estupefacientes y sustancias sicotrópicas, para disponer como inhabilidad temporal para acceder a la función pública el haber patrocinado la defensa de imputados por infracciones a esa ley",parlamentario,06,"Gobierno Interior, Nacionalidad, Ciudadanía y Regionalización",,"Gobierno Interior, Nacionalidad, Ciudadanía y Regionalización",sufijo_boletin,0,Gobierno interior y descentralización,,,"Gobierno Interior, Nacionalidad, Ciudadanía y Regionalización",Gobierno interior y descentralización,"Gobierno Interior, Nacionalidad, Ciudadanía y Regionalización",,rica,alta,,
18570-07,Modifica la Constitución Política para incorporar al Fiscal Nacional y a los fiscales regionales del Ministerio Público como sujetos acusables constitucionalmente por notable abandono de deberes,parlamentario,07,"Constitución, Legislación, Justicia y Reglamento",,"Constitución, Legislación, Justicia y Reglamento",sufijo_boletin,0,Constitución y justicia,,,"Constitución, Legislación, Justicia y Reglamento",Constitución y justicia,,,rica,media,origen_transversal,
18576-06,Modifica la Ley sobre Rentas Municipales para ampliar el plazo de vigencia de las patentes municipales provisorias,parlamentario,06,"Gobierno Interior, Nacionalidad, Ciudadanía y Regionalización",,"Gobierno Interior, Nacionalidad, Ciudadanía y Regionalización",sufijo_boletin,0,Gobierno interior y descentralización,,,"Gobierno Interior, Nacionalidad, Ciudadanía y Regionalización",Gobierno interior y descentralización,"Gobierno Interior, Nacionalidad, Ciudadanía y Regionalización",,rica,alta,,
18599-06,Declara feriado legal el 17 de septiembre de 2026,parlamentario,06,"Gobierno Interior, Nacionalidad, Ciudadanía y Regionalización",,"Gobierno Interior, Nacionalidad, Ciudadanía y Regionalización",sufijo_boletin,0,Gobierno interior y descentralización,,,"Gobierno Interior, Nacionalidad, Ciudadanía y Regionalización | Trabajo y Seguridad Social",Gobierno interior y descentralización | Trabajo y seguridad social,"Gobierno Interior, Nacionalidad, Ciudadanía y Regionalización | Trabajo y Seguridad Social",,rica,alta,trayectoria_multitematica,
18573-25,Autoriza al Presidente de la República para recompensar a quienes aporten antecedentes útiles para la investigación y sanción de delitos vinculados al crimen organizado,parlamentario,25,Seguridad Ciudadana,,Seguridad Ciudadana,sufijo_boletin,0,Seguridad,,,Seguridad Ciudadana,Seguridad,Seguridad Ciudadana,,rica,alta,,
18574-25,Modifica el Código Penal para tipificar supuestos de tenencia de armas cortantes o punzantes en establecimientos penitenciarios,parlamentario,25,Seguridad Ciudadana,,Seguridad Ciudadana,sufijo_boletin,0,Seguridad,,,Seguridad Ciudadana,Seguridad,Seguridad Ciudadana,,rica,alta,,
18583-14,"Modifica el decreto ley N°1.305, de 1975, para garantizar que las postulaciones a los programas habitacionales puedan realizarse de modo individual o colectivo",parlamentario,14,"Vivienda, Desarrollo Urbano",,"Vivienda, Desarrollo Urbano",sufijo_boletin,0,Vivienda y territorio,,,"Vivienda, Desarrollo Urbano",Vivienda y territorio,"Vivienda, Desarrollo Urbano",,rica,alta,,
18558-25,"Modifica diversos cuerpos legales, con el objeto de establecer la obligación de entrega o puesta en ejecución de claves de descifrado, y de sancionar penalmente su incumplimiento",parlamentario,25,Seguridad Ciudadana,,Seguridad Ciudadana,sufijo_boletin,0,Seguridad,,,Seguridad Ciudadana,Seguridad,Seguridad Ciudadana,,rica,alta,,
18559-37,"Autoriza erigir un monumento, en la región de Arica y Parinacota, en homenaje a &quot;La Cantinera&quot;, heroína de la Guerra del Pacífico",parlamentario,37,,,,sin_proxy,0,,,,,,,,rica,baja,codigo_destinacion_no_mapeado | sin_proxy_comision_origen,
18561-36,"Modifica diversos cuerpos legales, en materia de control y seguimiento de niñas y niños bajo el régimen de reunificación familiar.",parlamentario,36,,,,sin_proxy,0,,,,,,,,rica,baja,codigo_destinacion_no_mapeado | sin_proxy_comision_origen,
18586-11,"Modifica la Ley N°19.496, sobre protección de los derechos de los consumidores, para exigir la disponibilidad de servicios higiénicos de uso público en locales comerciales que indica",parlamentario,11,Salud,,Salud,sufijo_boletin,0,Salud,,,Salud,Salud,Salud,,rica,alta,,
18587-06,Sanciona el incumplimiento de órdenes de evacuación o prohibiciones de ingreso emitidas por las autoridades y permite exigir el reembolso de los costos extraordinarios de búsqueda y rescate,parlamentario,06,"Gobierno Interior, Nacionalidad, Ciudadanía y Regionalización",,"Gobierno Interior, Nacionalidad, Ciudadanía y Regionalización",sufijo_boletin,0,Gobierno interior y descentralización,,,"Gobierno Interior, Nacionalidad, Ciudadanía y Regionalización",Gobierno interior y descentralización,"Gobierno Interior, Nacionalidad, Ciudadanía y Regionalización",,rica,alta,,
18589-08,"Modifica el decreto ley N°3.525, de 1980, que crea el Servicio Nacional de Geología y Minería, para establecer la competencia de los tribunales para conocer reclamos contra resoluciones emitidas por ese servicio",parlamentario,08,Minería y Energía,,Minería y Energía,sufijo_boletin,0,Minería y energía,,,Minería y Energía | Medio Ambiente y Recursos Naturales,Minería y energía | Medio ambiente,Minería y Energía | Medio Ambiente y Recursos Naturales,,rica,alta,trayectoria_multitematica,
18590-07,Tipifica el delito de utilización de menores de catorce años para la comisión de delitos y agrava la responsabilidad penal de las organizaciones criminales que los instrumentalicen,parlamentario,07,"Constitución, Legislación, Justicia y Reglamento",,"Constitución, Legislación, Justicia y Reglamento",sufijo_boletin,0,Constitución y justicia,,,"Constitución, Legislación, Justicia y Reglamento",Constitución y justicia,,,rica,media,origen_transversal,
18601-06,"Modifica la ley N°18.603, orgánica constitucional de los partidos políticos, para fijar un día para realizar a nivel nacional las elecciones internas de los partidos políticos",parlamentario,06,"Gobierno Interior, Nacionalidad, Ciudadanía y Regionalización",,"Gobierno Interior, Nacionalidad, Ciudadanía y Regionalización",sufijo_boletin,0,Gobierno interior y descentralización,,,"Gobierno Interior, Nacionalidad, Ciudadanía y Regionalización",Gobierno interior y descentralización,"Gobierno Interior, Nacionalidad, Ciudadanía y Regionalización",,rica,alta,,
18560-35,"Introduce modificaciones en la ley N° 21.545, que establece la promoción de la inclusión, la atención integral, y la protección de los derechos de las personas con trastorno del espectro autista en el ámbito social, de salud y educación, relativas a su implementación",parlamentario,35,Personas Mayores y Discapacidad,,Personas Mayores y Discapacidad,sufijo_boletin,0,Personas mayores y discapacidad,,,Personas Mayores y Discapacidad,Personas mayores y discapacidad,Personas Mayores y Discapacidad,,rica,alta,,
18571-08,Establece obligaciones que indica para los exportadores de concentrado de cobre,parlamentario,08,Minería y Energía,,Minería y Energía,sufijo_boletin,0,Minería y energía,,,Minería y Energía,Minería y energía,Minería y Energía,,rica,alta,,
18572-07,"Modifica el Código Penal, con el objeto de tipificar la incitación pública o apología a la explotación, abuso sexual o pornografía infantil, y consagrar una circunstancia agravante en el caso de que la víctima posea una condición de discapacidad o neurodivergencia",parlamentario,07,"Constitución, Legislación, Justicia y Reglamento",,"Constitución, Legislación, Justicia y Reglamento",sufijo_boletin,0,Constitución y justicia,,,"Constitución, Legislación, Justicia y Reglamento",Constitución y justicia,,,rica,media,origen_transversal,
18591-07,"Modifica la ley Nº 19.903, que establece el procedimiento para el otorgamiento de la posesión efectiva de la herencia, para facilitar el acceso de los herederos a activos financieros hereditarios",parlamentario,07,"Constitución, Legislación, Justicia y Reglamento",,"Constitución, Legislación, Justicia y Reglamento",sufijo_boletin,0,Constitución y justicia,,,"Constitución, Legislación, Justicia y Reglamento",Constitución y justicia,,,rica,media,origen_transversal,
18592-03,"Fortalece los derechos de los pasajeros ante la sobreventa, modificaciones de itinerario, retrasos, cancelaciones y desembarque involuntario en el transporte aéreo",parlamentario,03,"Economía, Fomento, MIPYMES, Consumidores y Turismo",,"Economía, Fomento, MIPYMES, Consumidores y Turismo",sufijo_boletin,0,"Economía, comercio y consumidores",,,"Economía, Fomento, MIPYMES, Consumidores y Turismo","Economía, comercio y consumidores","Economía, Fomento, MIPYMES, Consumidores y Turismo",,rica,alta,,
18593-07,Modifica la Constitución Política para incorporar el derecho a una vivienda digna,parlamentario,07,"Constitución, Legislación, Justicia y Reglamento",,"Constitución, Legislación, Justicia y Reglamento",sufijo_boletin,0,Constitución y justicia,,,"Constitución, Legislación, Justicia y Reglamento",Constitución y justicia,,,rica,media,origen_transversal,
18594-25,Modifica el Código Penal y el Código Procesal Penal para sancionar la extorsión territorial y el cobro de protección,parlamentario,25,Seguridad Ciudadana,,Seguridad Ciudadana,sufijo_boletin,0,Seguridad,,,Seguridad Ciudadana,Seguridad,Seguridad Ciudadana,,rica,alta,,
18595-07,Modifica la Constitución Política para disponer una cotización única de salud para los trabajadores pluriempleados y los pensionados que continúan ejerciendo labores remuneradas,parlamentario,07,"Constitución, Legislación, Justicia y Reglamento",,"Constitución, Legislación, Justicia y Reglamento",sufijo_boletin,0,Constitución y justicia,,,"Constitución, Legislación, Justicia y Reglamento | Trabajo y Seguridad Social",Constitución y justicia | Trabajo y seguridad social,Trabajo y Seguridad Social,,rica,media,origen_transversal_con_comision_sustantiva | trayectoria_multitematica,
18596-06,Obliga a registrar un correo electrónico para efectos de notificación en domicilio digital,parlamentario,06,"Gobierno Interior, Nacionalidad, Ciudadanía y Regionalización",,"Gobierno Interior, Nacionalidad, Ciudadanía y Regionalización",sufijo_boletin,0,Gobierno interior y descentralización,,,"Gobierno Interior, Nacionalidad, Ciudadanía y Regionalización",Gobierno interior y descentralización,"Gobierno Interior, Nacionalidad, Ciudadanía y Regionalización",,rica,alta,,
18602-07,Modifica diversos cuerpos legales para agravar las sanciones por maltrato contra animales,parlamentario,07,"Constitución, Legislación, Justicia y Reglamento",,"Constitución, Legislación, Justicia y Reglamento",sufijo_boletin,0,Constitución y justicia,,,"Constitución, Legislación, Justicia y Reglamento",Constitución y justicia,,,rica,media,origen_transversal,
18603-13,Dispone un permiso laboral para el retiro de medicamentos en establecimientos de atención primaria y secundaria de salud,parlamentario,13,Trabajo y Seguridad Social,,Trabajo y Seguridad Social,sufijo_boletin,0,Trabajo y seguridad social,,,Salud | Trabajo y Seguridad Social,Salud | Trabajo y seguridad social,Salud | Trabajo y Seguridad Social,,rica,alta,trayectoria_multitematica,
18604-07,Modifica el Código Penal para agravar la pena por la receptación de vehículos en supuestos que indica,parlamentario,07,"Constitución, Legislación, Justicia y Reglamento",,"Constitución, Legislación, Justicia y Reglamento",sufijo_boletin,0,Constitución y justicia,,,"Constitución, Legislación, Justicia y Reglamento",Constitución y justicia,,,rica,media,origen_transversal,
18577-03,"Modifica la ley N° 20.720, que sustituye el régimen concursal vigente por una ley de reorganización y liquidación de empresas y personas, y perfecciona el rol de la Superintendencia del ramo, en los términos que indica",parlamentario,03,"Economía, Fomento, MIPYMES, Consumidores y Turismo",,"Economía, Fomento, MIPYMES, Consumidores y Turismo",sufijo_boletin,0,"Economía, comercio y consumidores",,,"Economía, Fomento, MIPYMES, Consumidores y Turismo","Economía, comercio y consumidores","Economía, Fomento, MIPYMES, Consumidores y Turismo",,rica,alta,,
18578-37,Declara el día 30 de septiembre de cada año como el &quot;Día del Soldado Desconocido&quot;,parlamentario,37,,,,sin_proxy,0,,,,,,,,utilizable,baja,codigo_destinacion_no_mapeado | sin_proxy_comision_origen,
18579-07,"Modifica el Código Penal, para incorporar los delitos de atentados graves contra la dignidad y la igualdad e incitación pública al odio",parlamentario,07,"Constitución, Legislación, Justicia y Reglamento",,"Constitución, Legislación, Justicia y Reglamento",sufijo_boletin,0,Constitución y justicia,,,"Constitución, Legislación, Justicia y Reglamento",Constitución y justicia,,,rica,media,origen_transversal,
18580-07,"Modifica el artículo 101 de la Carta Fundamental, con el objeto de establecer la inhabilidad que indica",parlamentario,07,"Constitución, Legislación, Justicia y Reglamento",,"Constitución, Legislación, Justicia y Reglamento",sufijo_boletin,0,Constitución y justicia,,,"Constitución, Legislación, Justicia y Reglamento",Constitución y justicia,,,rica,media,origen_transversal,
18600-06,Declara feriado nacional el 17 de septiembre de 2026,parlamentario,06,"Gobierno Interior, Nacionalidad, Ciudadanía y Regionalización",,"Gobierno Interior, Nacionalidad, Ciudadanía y Regionalización",sufijo_boletin,0,Gobierno interior y descentralización,,,"Gobierno Interior, Nacionalidad, Ciudadanía y Regionalización",Gobierno interior y descentralización,"Gobierno Interior, Nacionalidad, Ciudadanía y Regionalización",,rica,alta,,
18605-15,"Modifica la ley N°18.290, de Tránsito, para disponer como infracción gravísima supuestos en que la víctima es una persona adulta mayor, con discapacidad o neurodivergente",parlamentario,15,Transportes y Telecomunicaciones,,Transportes y Telecomunicaciones,sufijo_boletin,0,Transportes y telecomunicaciones,,,Transportes y Telecomunicaciones,Transportes y telecomunicaciones,Transportes y Telecomunicaciones,,rica,alta,,
18606-08,Regula situación de labores mineras abandonadas,parlamentario,08,Minería y Energía,,Minería y Energía,sufijo_boletin,0,Minería y energía,,,Minería y Energía,Minería y energía,Minería y Energía,,rica,alta,,
18610-07,"Modifica la Constitución Política para disponer un plazo de prescripción en las acciones de cobro de los créditos otorgados conforme a la ley N° 20.027, sobre financiamiento de estudios de educación superior",parlamentario,07,"Constitución, Legislación, Justicia y Reglamento",,"Constitución, Legislación, Justicia y Reglamento",sufijo_boletin,0,Constitución y justicia,,,"Hacienda | Constitución, Legislación, Justicia y Reglamento",Economía y hacienda | Constitución y justicia,,,rica,media,origen_transversal | trayectoria_multitematica,
18611-07,Modifica el Código Penal para agravar la penalidad en caso de sustracción y receptación de combustibles en supuestos que indica,parlamentario,07,"Constitución, Legislación, Justicia y Reglamento",,"Constitución, Legislación, Justicia y Reglamento",sufijo_boletin,0,Constitución y justicia,,,"Constitución, Legislación, Justicia y Reglamento",Constitución y justicia,,,rica,media,origen_transversal,
18581-07,Establece un procedimiento general de reclamación judicial de actos de la Administración del Estado,parlamentario,07,"Constitución, Legislación, Justicia y Reglamento",,"Constitución, Legislación, Justicia y Reglamento",sufijo_boletin,0,Constitución y justicia,,,"Constitución, Legislación, Justicia y Reglamento",Constitución y justicia,,,rica,media,origen_transversal,
18582-07,"Consagra los territorios especiales digitales, con el objeto de fortalecer la soberanía digital, la continuidad estratégica del Estado y la cooperación internacional",parlamentario,07,"Constitución, Legislación, Justicia y Reglamento",,"Constitución, Legislación, Justicia y Reglamento",sufijo_boletin,0,Constitución y justicia,,,"Constitución, Legislación, Justicia y Reglamento",Constitución y justicia,,,rica,media,origen_transversal,
18612-07,Modifica diversos cuerpos legales para fortalecer la protección de redes de suministro de servicios públicos o domiciliarios,parlamentario,07,"Constitución, Legislación, Justicia y Reglamento",,"Constitución, Legislación, Justicia y Reglamento",sufijo_boletin,0,Constitución y justicia,,,"Constitución, Legislación, Justicia y Reglamento | Seguridad Ciudadana",Constitución y justicia | Seguridad,Seguridad Ciudadana,,rica,media,origen_transversal_con_comision_sustantiva | trayectoria_multitematica,
18584-25,Modifica el Código Penal para ampliar el ámbito de aplicación del delito de interrupción u obstaculización de la libre circulación y del funcionamiento de los servicios de transporte,ejecutivo,25,Seguridad Ciudadana,,Seguridad Ciudadana,sufijo_boletin,0,Seguridad,,,Seguridad Ciudadana,Seguridad,Seguridad Ciudadana,Ministerio de Justicia y de Derechos Humanos | Ministerio de Seguridad Pública,rica,alta,,
18585-25,"Modifica el Código Procesal Penal y la ley N°19.970, que crea el sistema nacional de registros de ADN, para agilizar las investigaciones penales",ejecutivo,25,Seguridad Ciudadana,,Seguridad Ciudadana,sufijo_boletin,0,Seguridad,,,Seguridad Ciudadana,Seguridad,Seguridad Ciudadana,Ministerio de Justicia y de Derechos Humanos | Ministerio de Seguridad Pública,rica,alta,,
18597-07,Fortalece el sistema nacional de seguridad pública y crea un nuevo estado de excepción constitucional de seguridad pública,ejecutivo,07,"Constitución, Legislación, Justicia y Reglamento",,"Constitución, Legislación, Justicia y Reglamento",sufijo_boletin,0,Constitución y justicia,,,"Constitución, Legislación, Justicia y Reglamento",Constitución y justicia,,Ministerio del Interior | Ministerio de Seguridad Pública | Ministerio de Defensa Nacional | Ministerio Secretaría General de la Presidencia,rica,media,origen_transversal,
18607-15,"Autoriza la importación de vehículos usados, en los casos que indica",parlamentario,15,Transportes y Telecomunicaciones,,Transportes y Telecomunicaciones,sufijo_boletin,0,Transportes y telecomunicaciones,,,Transportes y Telecomunicaciones,Transportes y telecomunicaciones,Transportes y Telecomunicaciones,,rica,alta,,
18608-09,"Establece la obligación que indica, para los propietarios de predios rurales colindantes con caminos públicos",parlamentario,09,Obras Públicas,,Obras Públicas,sufijo_boletin,0,Infraestructura y obras públicas,,,Obras Públicas,Infraestructura y obras públicas,Obras Públicas,,rica,alta,,
18609-07,Con el objeto de consagrar a la persecución de la corrupción como un principio rector para el Estado,parlamentario,07,"Constitución, Legislación, Justicia y Reglamento",,"Constitución, Legislación, Justicia y Reglamento",sufijo_boletin,0,Constitución y justicia,,,"Constitución, Legislación, Justicia y Reglamento",Constitución y justicia,,,rica,media,origen_transversal,
18613-07,Consagra nuevas técnicas de investigación para la persecución del delito de abigeato,parlamentario,07,"Constitución, Legislación, Justicia y Reglamento",,"Constitución, Legislación, Justicia y Reglamento",sufijo_boletin,0,Constitución y justicia,,,"Constitución, Legislación, Justicia y Reglamento",Constitución y justicia,,,rica,media,origen_transversal,
18614-06,En materia de solicitudes de reunificación familiar y de permisos de residencia fundados en vínculos matrimoniales o acuerdos de unión civil,parlamentario,06,"Gobierno Interior, Nacionalidad, Ciudadanía y Regionalización",,"Gobierno Interior, Nacionalidad, Ciudadanía y Regionalización",sufijo_boletin,0,Gobierno interior y descentralización,,,"Gobierno Interior, Nacionalidad, Ciudadanía y Regionalización",Gobierno interior y descentralización,"Gobierno Interior, Nacionalidad, Ciudadanía y Regionalización",,rica,alta,,
18615-07,Establece nueva obligación de los senadores y diputados relativa a su función de representación,parlamentario,07,"Constitución, Legislación, Justicia y Reglamento",,"Constitución, Legislación, Justicia y Reglamento",sufijo_boletin,0,Constitución y justicia,,,"Constitución, Legislación, Justicia y Reglamento",Constitución y justicia,,,rica,media,origen_transversal,
18616-03,"Establece normas sobre protección de los derechos de los consumidores, con el objeto de regular la situación del deudor de un contrato que contempla seguro de desgravamen que fallece por enfermedad oncológica",parlamentario,03,"Economía, Fomento, MIPYMES, Consumidores y Turismo",,"Economía, Fomento, MIPYMES, Consumidores y Turismo",sufijo_boletin,0,"Economía, comercio y consumidores",,,"Economía, Fomento, MIPYMES, Consumidores y Turismo","Economía, comercio y consumidores","Economía, Fomento, MIPYMES, Consumidores y Turismo",,rica,alta,,
18617-15,"Modifica el Código Aeronáutico, con el objeto de sancionar los actos de insubordinación e interferencia, que comprometan la seguridad operacional y el servicio de transporte aéreo",parlamentario,15,Transportes y Telecomunicaciones,,Transportes y Telecomunicaciones,sufijo_boletin,0,Transportes y telecomunicaciones,,,Transportes y Telecomunicaciones,Transportes y telecomunicaciones,Transportes y Telecomunicaciones,,rica,alta,,
18619-04,"Modifica la ley N° 21.091, sobre educación superior, con el objeto de establecer norma de transparencia para las instituciones de educación superior que accedan a financiamiento estatal",parlamentario,04,Educación,,Educación,sufijo_boletin,0,Educación,,,Educación,Educación,Educación,,rica,alta,,
18618-19,Establece la obligación de fijar domicilio en Chile a las plataformas digitales,parlamentario,19,Ciencia y Tecnología,,Ciencia y Tecnología,sufijo_boletin,0,Ciencia y tecnología,,,Ciencia y Tecnología,Ciencia y tecnología,Ciencia y Tecnología,,rica,alta,,
18620-08,Establece nuevas obligaciones para las empresas distribuidoras de gas,parlamentario,08,Minería y Energía,,Minería y Energía,sufijo_boletin,0,Minería y energía,,,Minería y Energía,Minería y energía,Minería y Energía,,rica,alta,,
18621-34,"Perfecciona las normas sobre medidas cautelares en los procedimientos de violencia intrafamiliar y de violencia contra las mujeres en razón de su género, y modifica las leyes que indica",ejecutivo,34,Mujeres y Equidad de Género,,Mujeres y Equidad de Género,sufijo_boletin,0,Mujeres y género,,,Mujeres y Equidad de Género,Mujeres y género,Mujeres y Equidad de Género,Ministerio de Justicia y de Derechos Humanos | Ministerio de la Mujer y Equidad de Género,rica,alta,,
18623-07,"Modifica la ley N° 21.719, que regula la protección y el tratamiento de los datos personales y crea la Agencia de Protección de Datos Personales, en el sentido que indica",ejecutivo,07,"Constitución, Legislación, Justicia y Reglamento",,"Constitución, Legislación, Justicia y Reglamento",sufijo_boletin,0,Constitución y justicia,,,"Constitución, Legislación, Justicia y Reglamento",Constitución y justicia,,"Ministerio de Economía, Fomento y Turism | Ministerio de Hacienda | Ministerio Secretaría General de la Presidencia",rica,media,origen_transversal,
18624-36,"Modifica el Código Civil con el objeto de fortalecer la corresponsabilidad parental y regula el establecimiento del cuidado personal compartido en atención al interés superior del niño, niña o adolescente",parlamentario,36,,,,sin_proxy,0,,,,,,,,rica,baja,codigo_destinacion_no_mapeado | sin_proxy_comision_origen,
18625-15,Modifica la Ley de Tránsito para sancionar actos de violencia cometidos con ocasión de la conducción de vehículos motorizados,parlamentario,15,Transportes y Telecomunicaciones,,Transportes y Telecomunicaciones,sufijo_boletin,0,Transportes y telecomunicaciones,,,Transportes y Telecomunicaciones,Transportes y telecomunicaciones,Transportes y Telecomunicaciones,,rica,alta,,
18626-17,Rehabilita la nacionalidad chilena al señor Álvaro Esteban Ignacio Segovia Toro,parlamentario,17,Derechos Humanos y Pueblos Originarios,,Derechos Humanos y Pueblos Originarios,sufijo_boletin,0,Derechos humanos,,,Derechos Humanos y Pueblos Originarios,Derechos humanos,Derechos Humanos y Pueblos Originarios,,rica,alta,,
18628-10,"Inicia un proyecto de acuerdo que aprueba el ¿Acuerdo de Coproducción Audiovisual entre la República de Chile y la República Oriental del Uruguay¿, suscrito en Santiago, Chile, el 11 de abril de 2025",ejecutivo,10,Relaciones Exteriores,,Relaciones Exteriores,sufijo_boletin,0,Relaciones exteriores,,,Relaciones Exteriores,Relaciones exteriores,Relaciones Exteriores,"Ministerio de la Cultura, las Artes y el Patrimonio | Ministerio de Relaciones Exteriores",,alta,,
