boletin,project_id,fecha_ingreso,origen_iniciativa,titulo,document_type,event_label,source_url,resolved_url,mime_type,extraction_method,pages_total,units_examined,raw_chars,cleaned_chars,text_quality,text_sha256,synced_at
18131-06,18794,2026-03-17,parlamentario,"Modifica la ley Nº 18.575, orgánica constitucional de Bases Generales de la Administración del Estado, para incorporar una nueva infracción al principio de probidad administrativa, relacionada con la contratación o nombramiento de personas inhabilitadas para trabajar con niños, niñas o adolescentes",ingreso_proyecto,Ingreso de proyecto,https://www.camara.cl/verDoc.aspx?prmID=18360&prmTIPO=INICIATIVA,https://www.camara.cl/verDoc.aspx?prmID=18360&prmTIPO=INICIATIVA,application/pdf,pdf_text,7,7,1378,1378,utilizable,36b9387849eaacf367061511c01f58cd231c2b66509f7359326efb48dc34dcb5,2026-09-02T15:16:08+00:00
18132-04,18795,2026-03-17,parlamentario,"Modifica la ley Nº 20.370, General de Educación, para sancionar a padres y apoderados cuyos hijos o pupilos participen en hechos constitutivos de acoso escolar",ingreso_proyecto,Ingreso de proyecto,https://www.camara.cl/verDoc.aspx?prmID=18361&prmTIPO=INICIATIVA,https://www.camara.cl/verDoc.aspx?prmID=18361&prmTIPO=INICIATIVA,application/pdf,pdf_text,7,7,1378,1378,utilizable,36b9387849eaacf367061511c01f58cd231c2b66509f7359326efb48dc34dcb5,2026-09-02T15:06:07+00:00
18133-07,18797,2026-03-17,parlamentario,Modifica la Carta Fundamental para asignar a las Fuerzas Armadas un rol coadyuvante en el resguardo del orden público y la seguridad interior del país,ingreso_proyecto,Ingreso de proyecto,https://www.camara.cl/verDoc.aspx?prmID=18363&prmTIPO=INICIATIVA,https://www.camara.cl/verDoc.aspx?prmID=18363&prmTIPO=INICIATIVA,application/pdf,pdf_text,4,4,5241,5241,rica,d11147661a79c8f99366ddadfb6f944a68573cc7233bfd7cf9b120f580a92c88,2026-09-02T15:06:08+00:00
18134-11,18796,2026-03-18,parlamentario,"Modifica la ley N° 20.606, sobre composición nutricional de los alimentos y su publicidad, para exigir a los establecimientos que expendan alimentos preparados para el consumo humano, que informen si contienen o han sido elaborados con alguno de los ingredientes que indica",ingreso_proyecto,Ingreso de proyecto,https://www.camara.cl/verDoc.aspx?prmID=18362&prmTIPO=INICIATIVA,https://www.camara.cl/verDoc.aspx?prmID=18362&prmTIPO=INICIATIVA,application/pdf,pdf_text,2,2,4507,4507,rica,78c5f8e2a29f697f808c82121e283653cdfd220f1b470c46a9f5c63fd2d6f65e,2026-09-02T15:06:54+00:00
18135-06,18798,2026-03-17,parlamentario,"Modifica la ley N° 18.575, orgánica constitucional de Bases Generales de la Administración del Estado, para resguardar la soberanía nacional en la ejecución de políticas públicas",ingreso_proyecto,Ingreso de proyecto,https://www.camara.cl/verDoc.aspx?prmID=18364&prmTIPO=INICIATIVA,https://www.camara.cl/verDoc.aspx?prmID=18364&prmTIPO=INICIATIVA,application/pdf,pdf_text,4,4,3902,3902,rica,f5f187efee271c436f6f4168e596c73b96d006e678146539dd595bb44bd5c0cb,2026-09-02T15:06:49+00:00
18136-11,18799,2026-03-17,parlamentario,Modifica el Código Sanitario para exigir que el etiquetado de medicamentos y vacunas contenga información sobre precauciones y efectos adversos,ingreso_proyecto,Ingreso de proyecto,https://www.camara.cl/verDoc.aspx?prmID=18365&prmTIPO=INICIATIVA,https://www.camara.cl/verDoc.aspx?prmID=18365&prmTIPO=INICIATIVA,application/pdf,pdf_text,4,4,5131,5131,rica,0e30eab3b45b8b357b5cefcf4e38b8b32922dcc0e70c0e2d19742653d71c5d6f,2026-09-02T15:06:50+00:00
18137-05,18800,2026-03-24,ejecutivo,"Adopta medidas transitorias para contener el precio del kerosene doméstico en el contexto de la emergencia energética internacional, y otras medidas que indica",texto_mensaje,Texto del Mensaje.,https://www.camara.cl/verDoc.aspx?prmID=35949&prmTIPO=OFICIOPLEY,https://www.camara.cl/verDoc.aspx?prmID=35949&prmTIPO=OFICIOPLEY,application/vnd.openxmlformats-officedocument.wordprocessingml.document,docx_text,0,107,17792,17792,rica,691366abfe03b81bee3e6a40ed91c0675f36788a7224260ed5f0ebe30111947b,2026-09-02T15:06:55+00:00
18138-07,18803,2026-03-17,parlamentario,Modifica la Carta Fundamental para reconocer el derecho de todas las personas a la autodeterminación en materia de inmunización,ingreso_proyecto,Ingreso de proyecto,https://www.camara.cl/verDoc.aspx?prmID=18369&prmTIPO=INICIATIVA,https://www.camara.cl/verDoc.aspx?prmID=18369&prmTIPO=INICIATIVA,application/pdf,pdf_text,5,5,6749,6749,rica,12b0b4c9258b3c4fe11d50a2c89039cb3d78520b3f906648f0d3e3032cabce2d,2026-09-02T15:06:50+00:00
18139-07,18801,2026-03-24,parlamentario,"Modifica la Carta Fundamental, para eliminar la atribución presidencial  de otorgar indultos particulares",ingreso_proyecto,Ingreso de proyecto,https://www.camara.cl/verDoc.aspx?prmID=18367&prmTIPO=INICIATIVA,https://www.camara.cl/verDoc.aspx?prmID=18367&prmTIPO=INICIATIVA,application/pdf,pdf_text,3,3,4627,4627,rica,98e3585f2ef98bdbf096c64daee01338370b0ac96bd00ba77cc4003fa9fe46e5,2026-09-02T15:06:55+00:00
18140-07,18804,2026-03-17,parlamentario,Modifica la Carta Fundamental para garantizar la autonomía estratégica en inversiones relevantes,ingreso_proyecto,Ingreso de proyecto,https://www.camara.cl/verDoc.aspx?prmID=18370&prmTIPO=INICIATIVA,https://www.camara.cl/verDoc.aspx?prmID=18370&prmTIPO=INICIATIVA,application/pdf,pdf_text,5,5,6268,6268,rica,da85de318bcd98b0f41af116c5fc07a73285386fbeb562549afa87b99c07c280,2026-09-02T15:06:51+00:00
18141-07,18805,2026-03-17,parlamentario,Modifica la Carta Fundamental para establecer un Proyecto Educativo Nacional,ingreso_proyecto,Ingreso de proyecto,https://www.camara.cl/verDoc.aspx?prmID=18371&prmTIPO=INICIATIVA,https://www.camara.cl/verDoc.aspx?prmID=18371&prmTIPO=INICIATIVA,application/pdf,pdf_text,5,5,4288,4288,rica,7e8fba7d53e2042ac2e59b0a21749afbcd1c448a7b241c045cc347b21c45db13,2026-09-02T15:06:51+00:00
18142-35,18802,2026-03-24,parlamentario,"Establece el reconocimiento y protección integral de los derechos de las personas con síndrome de Down, y modifica el Código del Trabajo, del modo que indica",ingreso_proyecto,Ingreso de proyecto,https://www.camara.cl/verDoc.aspx?prmID=18368&prmTIPO=INICIATIVA,https://www.camara.cl/verDoc.aspx?prmID=18368&prmTIPO=INICIATIVA,application/pdf,pdf_text,10,10,16718,16718,rica,a555666a5a54380817f76f774981516e302636d6f74982e5e9b26fdd3e53b636,2026-09-02T15:06:56+00:00
18143-07,18806,2026-03-17,parlamentario,Modifica la Carta Fundamental para habilitar la convocatoria a plebiscito con el objeto de restituir la pena de muerte en los casos que indica,ingreso_proyecto,Ingreso de proyecto,https://www.camara.cl/verDoc.aspx?prmID=18372&prmTIPO=INICIATIVA,https://www.camara.cl/verDoc.aspx?prmID=18372&prmTIPO=INICIATIVA,application/pdf,pdf_text,5,5,6963,6963,rica,ba731b6088f7ba1e0566f53d359b9f388de1a6e37f76f77a653a135fb3c685d1,2026-09-02T15:06:53+00:00
18144-07,18807,2026-03-25,parlamentario,"Modifica el Código Procesal Penal, para fortalecer la persecución penal del crimen organizado y regular el juicio oral en ausencia del imputado",ingreso_proyecto,Ingreso de proyecto,https://www.camara.cl/verDoc.aspx?prmID=18373&prmTIPO=INICIATIVA,https://www.camara.cl/verDoc.aspx?prmID=18373&prmTIPO=INICIATIVA,application/pdf,pdf_text,5,5,10477,10477,rica,bdcb2399ba7161c1ec4b1b5f9a6e591b449e8b7bdc0d9281711036c579d90662,2026-09-02T15:06:57+00:00
18145-07,18808,2026-03-25,parlamentario,Modifica la Carta Fundamental para derogar la facultad presidencial de otorgar indultos particulares,ingreso_proyecto,Ingreso de proyecto,https://www.camara.cl/verDoc.aspx?prmID=18374&prmTIPO=INICIATIVA,https://www.camara.cl/verDoc.aspx?prmID=18374&prmTIPO=INICIATIVA,application/pdf,pdf_text,6,6,15014,15014,rica,5270bda28e4d11c302f82d11a7efc2b55a9f6ddfa94ca2fba72e62226e5bed4a,2026-09-02T15:06:59+00:00
18146-07,18809,2026-03-25,parlamentario,Modifica la Carta Fundamental a fin de suprimir la atribución del Presidente de la República para otorgar indultos particulares,ingreso_proyecto,Ingreso de proyecto,https://www.camara.cl/verDoc.aspx?prmID=18375&prmTIPO=INICIATIVA,https://www.camara.cl/verDoc.aspx?prmID=18375&prmTIPO=INICIATIVA,application/pdf,pdf_text,7,7,11307,11307,rica,ef5139833964fea8833a7c8dabaee3338e3dc7ddadefcec601e82cc6533abdfb,2026-09-02T15:07:01+00:00
18147-07,18810,2026-03-25,parlamentario,"Modifica el Código Penal, con el objeto de establecer una agravante para los delitos cometidos contra autoridades o funcionarios públicos, en los casos que indica.",ingreso_proyecto,Ingreso de proyecto,https://www.camara.cl/verDoc.aspx?prmID=18376&prmTIPO=INICIATIVA,https://www.camara.cl/verDoc.aspx?prmID=18376&prmTIPO=INICIATIVA,application/pdf,pdf_text,3,3,5686,5686,rica,042359193ca2affa78df79e11eb643078bc87d10d37cc17677f56c0ce98aff16,2026-09-02T15:07:01+00:00
18148-07,18811,2026-03-25,parlamentario,"Modifica la Carta Fundamental, para fortalecer la conducción estratégica de las Fuerzas Armadas",ingreso_proyecto,Ingreso de proyecto,https://www.camara.cl/verDoc.aspx?prmID=18377&prmTIPO=INICIATIVA,https://www.camara.cl/verDoc.aspx?prmID=18377&prmTIPO=INICIATIVA,application/pdf,pdf_text,7,7,17785,17785,rica,1fc3caae08f6462403e3c85cd5948ea314e97f0b5a11d4d6539fa50a145d23ee,2026-09-02T15:07:02+00:00
18149-07,18812,2026-03-27,parlamentario,Modifica la Carta Fundamental con el objeto de eliminar la atribución presidencial de otorgar indultos particulares,ingreso_proyecto,Ingreso de proyecto,https://www.camara.cl/verDoc.aspx?prmID=18378&prmTIPO=INICIATIVA,https://www.camara.cl/verDoc.aspx?prmID=18378&prmTIPO=INICIATIVA,application/pdf,pdf_text,8,8,9364,9364,rica,cd4d720a81d0accf0f4de454d7eaba50b0493ebb63d05e0711b7d0c006322c9b,2026-09-02T15:07:03+00:00
18150-07,18815,2026-03-27,parlamentario,Modifica la Carta Fundamental a efectos de inhabilitar a los secretarios regionales ministeriales para ser candidatos a diputados o senadores,ingreso_proyecto,Ingreso de proyecto,https://www.camara.cl/verDoc.aspx?prmID=18381&prmTIPO=INICIATIVA,https://www.camara.cl/verDoc.aspx?prmID=18381&prmTIPO=INICIATIVA,application/pdf,pdf_text,4,4,4529,4529,rica,fca49702278f477fcca79a2adbaf90f803327364bf8c2abd0551473610bc1a32,2026-09-02T15:07:04+00:00
18151-24,18816,2026-03-17,parlamentario,"Modifica la ley N° 19.132, que crea empresa Televisión Nacional de Chile, con el objeto de modernizar su misión y estrategia de gobernanza",ingreso_proyecto,Ingreso de proyecto,https://www.camara.cl/verDoc.aspx?prmID=18382&prmTIPO=INICIATIVA,https://www.camara.cl/verDoc.aspx?prmID=18382&prmTIPO=INICIATIVA,application/pdf,pdf_text,8,8,10650,10650,rica,7578b79443f9bca96dca1015c21fc82657129d8389baa48ce627023d1ff48c26,2026-09-02T15:06:53+00:00
18152-07,18817,2026-04-07,parlamentario,"Modifica normas sobre prisión preventiva, suspensión condicional del procedimiento, cumplimiento de penas sustitutivas y facultades de incautación de las fuerzas de orden y seguridad, en los delitos que indica",ingreso_proyecto,Ingreso de proyecto,https://www.camara.cl/verDoc.aspx?prmID=18383&prmTIPO=INICIATIVA,https://www.camara.cl/verDoc.aspx?prmID=18383&prmTIPO=INICIATIVA,application/pdf,pdf_text,4,4,6038,6038,rica,ef7f0b90039d589335dbe26e3a7ae6e6fb2b88d1c8e88127ab98f44173730b8c,2026-09-02T15:07:45+00:00
18153-24,18818,2026-04-07,parlamentario,Declara patrimonio Biocultural de la Nación las especies vegetales que indica,ingreso_proyecto,Ingreso de proyecto,https://www.camara.cl/verDoc.aspx?prmID=18384&prmTIPO=INICIATIVA,https://www.camara.cl/verDoc.aspx?prmID=18384&prmTIPO=INICIATIVA,application/pdf,pdf_text,4,4,4356,4356,rica,f5c575a8a59e4ce9f299331a30efddb19467e1493879541ce2b8dd90a4347a48,2026-09-02T15:07:46+00:00
18154-25,18819,2026-04-07,parlamentario,"Modifica los textos legales que indica con el objeto de tipificar el tráfico internacional, la fabricación y modificación ilegal mediante tecnologías digitales, de armas y sus componentes esenciales",ingreso_proyecto,Ingreso de proyecto,https://www.camara.cl/verDoc.aspx?prmID=18385&prmTIPO=INICIATIVA,https://www.camara.cl/verDoc.aspx?prmID=18385&prmTIPO=INICIATIVA,application/pdf,pdf_text,9,9,14538,14538,rica,7805700e01f322d067bb20728364daa337ad07969e559b15681657b866b9997f,2026-09-02T15:07:46+00:00
18155-25,18813,2026-04-07,ejecutivo,Modifica el Código Penal para establecer nuevas agravantes por delitos cometidos contra la comunidad educativa y en recintos educacionales,texto_mensaje,Texto del mensaje,https://www.camara.cl/verDoc.aspx?prmID=35983&prmTIPO=OFICIOPLEY,https://www.camara.cl/verDoc.aspx?prmID=35983&prmTIPO=OFICIOPLEY,application/vnd.openxmlformats-officedocument.wordprocessingml.document,docx_text,0,87,11214,11214,rica,f1a5f048fc44e6be226ac9eeeec5130cee9a2a81b621a6bf43f9fcd457d0ca15,2026-09-02T15:07:47+00:00
18156-04,18814,2026-04-07,ejecutivo,"Establece medidas de seguridad, orden y respeto para la comunidad educativa",texto_mensaje,Texto del mensaje,https://www.camara.cl/verDoc.aspx?prmID=35984&prmTIPO=OFICIOPLEY,https://www.camara.cl/verDoc.aspx?prmID=35984&prmTIPO=OFICIOPLEY,application/vnd.openxmlformats-officedocument.wordprocessingml.document,docx_text,0,148,20452,20452,rica,8e6a04a9cd4a3abdb6583f722f97a6d2932f58eb9236a0daef7e36c29c3b1fc1,2026-09-02T15:07:47+00:00
18157-33,18822,2026-04-06,parlamentario,Prorroga el plazo para la regularización e inscripción de derechos de aprovechamiento de aguas hasta el año 2030,ingreso_proyecto,Ingreso de proyecto,https://www.camara.cl/verDoc.aspx?prmID=18388&prmTIPO=INICIATIVA,https://www.camara.cl/verDoc.aspx?prmID=18388&prmTIPO=INICIATIVA,application/pdf,pdf_text,3,3,2761,2761,rica,817169ad9bc5c325357d880732ec1c5726a84fd73437d08da84fd2cbd30fdb9e,2026-09-02T15:07:04+00:00
18158-13,18823,2026-04-06,parlamentario,Modifica el Código del Trabajo para establecer fuero laboral para trabajadores y trabajadoras con diagnóstico de cáncer,ingreso_proyecto,Ingreso de proyecto,https://www.camara.cl/verDoc.aspx?prmID=18389&prmTIPO=INICIATIVA,https://www.camara.cl/verDoc.aspx?prmID=18389&prmTIPO=INICIATIVA,application/pdf,pdf_text,6,6,6734,6734,rica,e1baf0cc636abf8e703f0ea519f33096a47c509fc09c5108a0f257af29f0498c,2026-09-02T15:07:05+00:00
18159-11,18820,2026-04-07,parlamentario,Establece el 6 de abril de cada año como el Día Nacional de Reconocimiento a las Organizaciones de Pacientes,ingreso_proyecto,Ingreso de proyecto,https://www.camara.cl/verDoc.aspx?prmID=18386&prmTIPO=INICIATIVA,https://www.camara.cl/verDoc.aspx?prmID=18386&prmTIPO=INICIATIVA,application/pdf,pdf_text,4,4,8621,8621,rica,8fd2bd2a8984b4fa7b3d0ff7ebc14cc6d0dc095ea83ae9259dab885cea941dd6,2026-09-02T15:07:47+00:00
18160-07,18824,2026-04-07,parlamentario,Modifica la Carta Fundamental a fin de suprimir la atribución del Presidente de la República para otorgar indultos particulares,ingreso_proyecto,Ingreso de proyecto,https://www.camara.cl/verDoc.aspx?prmID=18390&prmTIPO=INICIATIVA,https://www.camara.cl/verDoc.aspx?prmID=18390&prmTIPO=INICIATIVA,application/pdf,pdf_text,7,7,11307,11307,rica,c9162ff5e3c8fa01c9223f831379d4f385be0c2344e7f197b1d883a50cf97396,2026-09-02T15:07:48+00:00
18161-07,18825,2026-04-07,parlamentario,Modifica el Código Penal para fortalecer la protección de la comunidad educativa agravando las penas aplicables a los delitos cometidos en contra de docentes y trabajadores de la educación,ingreso_proyecto,Ingreso de proyecto,https://www.camara.cl/verDoc.aspx?prmID=18391&prmTIPO=INICIATIVA,https://www.camara.cl/verDoc.aspx?prmID=18391&prmTIPO=INICIATIVA,application/pdf,pdf_text,3,3,4274,4274,rica,0ac0cf991ee5bcda14b544d070e919a9f636e007dd91d7d1d25e0ec18a458ed4,2026-09-02T15:07:48+00:00
18162-07,18821,2026-04-08,parlamentario,"Modifica diversos cuerpos legales, con el objeto de fortalecer el cumplimiento de las sanciones y la persecución de delitos graves en materia de responsabilidad penal adolescente",ingreso_proyecto,Ingreso de proyecto,https://www.camara.cl/verDoc.aspx?prmID=18387&prmTIPO=INICIATIVA,https://www.camara.cl/verDoc.aspx?prmID=18387&prmTIPO=INICIATIVA,application/pdf,pdf_text,6,6,12762,12762,rica,8f2a8e5ba55f6417a51ee564647ef5a34c6894fe10abd7c34c1b92c166ed5e51,2026-09-02T15:07:49+00:00
18163-14,18828,2026-04-08,parlamentario,"Modifica la ley N° 20.898, que establece un procedimiento simplificado para la regularización de viviendas de autoconstrucción, con el objeto de establecer un mecanismo para la formulación de observaciones y subsanación de éstas y extender el plazo de vigencia del procedimiento",ingreso_proyecto,Ingreso de proyecto,https://www.camara.cl/verDoc.aspx?prmID=18394&prmTIPO=INICIATIVA,https://www.camara.cl/verDoc.aspx?prmID=18394&prmTIPO=INICIATIVA,application/pdf,pdf_text,8,8,11355,11355,rica,1af0341b54d3dbafb66835459b236fe3dbedc5e3040faa3cb644162736dd8901,2026-09-02T15:07:50+00:00
18164-17,18826,2026-04-08,parlamentario,"Modifica la ley N° 20.405, del Instituto Nacional de Derechos Humanos, en lo relativo a sus reglas de funcionamiento y obligaciones de información",ingreso_proyecto,Ingreso de proyecto,https://www.camara.cl/verDoc.aspx?prmID=18392&prmTIPO=INICIATIVA,https://www.camara.cl/verDoc.aspx?prmID=18392&prmTIPO=INICIATIVA,application/pdf,pdf_text,4,4,10473,10473,rica,fab26685e3a794c975e7cc030873b9839e00771c04fd7c113796decc21402315,2026-09-02T15:07:50+00:00
18165-07,18827,2026-04-08,parlamentario,"Modifica la Carta Fundamental, con el objeto de establecer un período de inhabilidad para que los fiscales del Ministerio Público ejerzan los cargos que indica",ingreso_proyecto,Ingreso de proyecto,https://www.camara.cl/verDoc.aspx?prmID=18393&prmTIPO=INICIATIVA,https://www.camara.cl/verDoc.aspx?prmID=18393&prmTIPO=INICIATIVA,application/pdf,pdf_text,3,3,5901,5901,rica,2ca9634c95ba74955a79b2986d3e1132dae40097992e46bec029a5618eb8baf1,2026-09-02T15:07:51+00:00
18166-24,18829,2026-04-08,parlamentario,Introduce la obligación de las empresas productoras de conciertos y eventos musicales masivos en orden a garantizar la adecuada visibilidad del espectáculo a sus asistentes,ingreso_proyecto,Ingreso de proyecto,https://www.camara.cl/verDoc.aspx?prmID=18395&prmTIPO=INICIATIVA,https://www.camara.cl/verDoc.aspx?prmID=18395&prmTIPO=INICIATIVA,application/pdf,pdf_text,6,6,6941,6941,rica,77869761ec8a7138a280ba38d658d2b502b51501d1876257d9b0c4cf88b20f61,2026-09-02T15:07:52+00:00
18167-11,18830,2026-04-08,parlamentario,"Modifica el Código Sanitario y la ley N° 19.496, que establece normas sobre protección de los derechos de los consumidores, para sancionar la adulteración de fechas de vencimiento y rotulación de productos críticos para la salud",ingreso_proyecto,Ingreso de proyecto,https://www.camara.cl/verDoc.aspx?prmID=18396&prmTIPO=INICIATIVA,https://www.camara.cl/verDoc.aspx?prmID=18396&prmTIPO=INICIATIVA,application/pdf,pdf_text,7,7,9052,9052,rica,7d35ab3016ef9be2c560ef5d9d4ac37fbe75a258a4bbd6ad1d4737a61fc54a3a,2026-09-02T15:07:52+00:00
18168-03,18831,2026-04-08,parlamentario,"Modifica la ley N° 19.496, que establece normas sobre protección de los derechos de los consumidores, para incorporar deberes de trazabilidad en la comercialización digital de bienes usados",ingreso_proyecto,Ingreso de proyecto,https://www.camara.cl/verDoc.aspx?prmID=18397&prmTIPO=INICIATIVA,https://www.camara.cl/verDoc.aspx?prmID=18397&prmTIPO=INICIATIVA,application/pdf,pdf_text,6,6,7419,7419,rica,0acf72744606a86f398206e6a0bfaa6711cc84563722c72b19f67d40751683c4,2026-09-02T15:07:53+00:00
18169-07,18832,2026-04-09,parlamentario,"Modifica diversos cuerpos legales a fin de otorgar atención preferente para la constatación de lesiones a víctimas e imputados, así como para la realización de exámenes toxicológicos a conductores",ingreso_proyecto,Ingreso de proyecto,https://www.camara.cl/verDoc.aspx?prmID=18398&prmTIPO=INICIATIVA,https://www.camara.cl/verDoc.aspx?prmID=18398&prmTIPO=INICIATIVA,application/pdf,pdf_text,4,4,7930,7930,rica,5d527a213f771479ac7b82a50de1bad74f33210fc2625c180088362e9622921b,2026-09-02T15:07:54+00:00
18170-13,18833,2026-04-09,parlamentario,"Modifica el Código de Trabajo en materia de prevención, investigación y sanción de acoso laboral y sexual",ingreso_proyecto,Ingreso de proyecto,https://www.camara.cl/verDoc.aspx?prmID=18399&prmTIPO=INICIATIVA,https://www.camara.cl/verDoc.aspx?prmID=18399&prmTIPO=INICIATIVA,application/pdf,pdf_text,4,4,5741,5741,rica,19e528dab6624b0b84eb0a52c04ad83bec8a16ea2132cc4fc08bdbca434cb9ff,2026-09-02T15:07:54+00:00
18171-13,18834,2026-04-09,parlamentario,Modifica el Código del Trabajo en lo relativo a la distribución de la jornada laboral,ingreso_proyecto,Ingreso de proyecto,https://www.camara.cl/verDoc.aspx?prmID=18400&prmTIPO=INICIATIVA,https://www.camara.cl/verDoc.aspx?prmID=18400&prmTIPO=INICIATIVA,application/pdf,pdf_text,4,4,5987,5987,rica,010fba573729a6c594c9fdb69cb4961c5ace0281dce55adb451fb941f46b16dc,2026-09-02T15:07:55+00:00
18172-21,18836,2026-04-08,parlamentario,"Modifica la ley N° 21.027, con el objeto de incorporar a las organizaciones de carpinteros de ribera como asignatarios de caletas artesanales",ingreso_proyecto,Ingreso de proyecto,https://www.camara.cl/verDoc.aspx?prmID=18402&prmTIPO=INICIATIVA,https://www.camara.cl/verDoc.aspx?prmID=18402&prmTIPO=INICIATIVA,application/pdf,pdf_text,5,5,12949,12949,rica,71af971c3f815c015abef8115357a672f379dda39f110053e1b528954a7026b1,2026-09-02T15:07:53+00:00
18173-21,18835,2026-04-08,parlamentario,"Modifica la Ley General de Pesca y Acuicultura, con el objeto de exceptuar a los armadores que señala, de la prohibición establecida en materia de artes y aparejos de pesca para la extracción de jibia",ingreso_proyecto,Ingreso de proyecto,https://www.camara.cl/verDoc.aspx?prmID=18401&prmTIPO=INICIATIVA,https://www.camara.cl/verDoc.aspx?prmID=18401&prmTIPO=INICIATIVA,application/pdf,pdf_text,4,4,8115,8115,rica,3dbaea91adbb42d95a32b1563d98984e39d9e5096f0b4708b6ff8ae5ca3310f3,2026-09-02T15:07:53+00:00
18174-07,18839,2026-04-13,parlamentario,"Modifica la ley N° 17.798, sobre control de armas, y el Código Penal y Código Procesal Penal, en materia de responsabilidad de los padres, adoptantes, tutores y cuidadores de menores de edad en el acceso, facilitación, porte y utilización de armas u otros elementos aptos para agredir",ingreso_proyecto,Ingreso de proyecto,https://www.camara.cl/verDoc.aspx?prmID=18405&prmTIPO=INICIATIVA,https://www.camara.cl/verDoc.aspx?prmID=18405&prmTIPO=INICIATIVA,application/pdf,pdf_text,13,13,24194,24194,rica,7c6e40907ace5eb0d0d93e8a01318c3ccaf2107b3d71bb4da485b8664254a117,2026-09-02T15:07:57+00:00
18175-02,18840,2026-04-10,parlamentario,Modifica cuerpos legales que indica en materia de protección del espacio aéreo,ingreso_proyecto,Ingreso de proyecto,https://www.camara.cl/verDoc.aspx?prmID=18406&prmTIPO=INICIATIVA,https://www.camara.cl/verDoc.aspx?prmID=18406&prmTIPO=INICIATIVA,application/pdf,pdf_text,10,10,23645,23645,rica,b361ddbce7b89f706cfa91ba3a2203894303b3e5961d05391610d9d647ed47cb,2026-09-02T15:07:56+00:00
18176-35,18837,2026-04-14,parlamentario,"Modifica la ley N° 19.712, del Deporte, con el objeto de promover la inclusión de personas con discapacidad en las actividades deportivas.",ingreso_proyecto,Ingreso de proyecto,https://www.camara.cl/verDoc.aspx?prmID=18403&prmTIPO=INICIATIVA,https://www.camara.cl/verDoc.aspx?prmID=18403&prmTIPO=INICIATIVA,application/pdf,pdf_text,12,12,21217,21217,rica,93db1b41e1bcc7ed1ab870c647cb58f06e7dcd30ed16cc01496788d10099e7f3,2026-09-02T15:07:57+00:00
18177-01,18841,2026-04-14,parlamentario,Declara el olivo y la aceituna del Valle de Azapa como patrimonio regional y promueve su denominación de origen,ingreso_proyecto,Ingreso de proyecto,https://www.camara.cl/verDoc.aspx?prmID=18407&prmTIPO=INICIATIVA,https://www.camara.cl/verDoc.aspx?prmID=18407&prmTIPO=INICIATIVA,application/pdf,pdf_text,14,14,28805,28805,rica,b39ef0287df1eaee924acd915cdd20eaa289ed823a2c67d34487cc48da5c2bc3,2026-09-02T15:07:58+00:00
18178-10,18838,2026-04-15,ejecutivo,"Aprueba el Acuerdo entre el Gobierno de la República de Chile y el Gobierno de la República de Tayikistán sobre la exención mutua del requisito de visa para titulares de pasaportes diplomáticos oficiales y de servicio, suscrito en Dushanbe, República de Tayikistán, el 9 de marzo de 2023",texto_mensaje,Texto del Mensaje.,https://www.camara.cl/verDoc.aspx?prmID=36041&prmTIPO=OFICIOPLEY,https://www.camara.cl/verDoc.aspx?prmID=36041&prmTIPO=OFICIOPLEY,application/vnd.openxmlformats-officedocument.wordprocessingml.document,docx_text,0,85,4691,4691,rica,07b3e5f8dd7b7f1a20276f968e150ccafd0cd970c258ab10874dd3af04de87ef,2026-09-02T15:08:03+00:00
18179-18,18842,2026-04-14,parlamentario,"Prohíbe la apología y promoción de la narcocultura, incorporando medidas preventivas y sancionatorias para evitar la exposición de niños, niñas y adolescentes a contenidos que incentiven la comisión de delitos",ingreso_proyecto,Ingreso de proyecto,https://www.camara.cl/verDoc.aspx?prmID=18408&prmTIPO=INICIATIVA,https://www.camara.cl/verDoc.aspx?prmID=18408&prmTIPO=INICIATIVA,application/pdf,pdf_text,7,7,12132,12132,rica,d2ea3019f6ac567eb9545a11a21d5128320ab9d9dff38f2978a23f0f6ad7ec2f,2026-09-02T15:07:59+00:00
18180-13,18843,2026-04-14,parlamentario,Modifica el Código del Trabajo en lo referido al contenido del contrato de trabajo y la protección de derechos a su terminación,ingreso_proyecto,Ingreso de proyecto,https://www.camara.cl/verDoc.aspx?prmID=18409&prmTIPO=INICIATIVA,https://www.camara.cl/verDoc.aspx?prmID=18409&prmTIPO=INICIATIVA,application/pdf,pdf_text,6,6,10315,10315,rica,3bdc41c264dc44f0d672b1d28e4e6bb839f8d24bcd4784aa8606c1f186629998,2026-09-02T15:07:59+00:00
18181-13,18844,2026-04-14,parlamentario,Modifica el Código del Trabajo en materia de transparencia sindical y buena fe en las relaciones colectivas,ingreso_proyecto,Ingreso de proyecto,https://www.camara.cl/verDoc.aspx?prmID=18410&prmTIPO=INICIATIVA,https://www.camara.cl/verDoc.aspx?prmID=18410&prmTIPO=INICIATIVA,application/pdf,pdf_text,4,4,4724,4724,rica,2dc02194a48f2ebefd83ca2be39561f9b34476e8e190381c409da28a1f70cc14,2026-09-02T15:08:00+00:00
18182-07,18845,2026-04-14,parlamentario,"Deroga la ley N° 80, que manda publicar en el Diario Oficial y en orden correlativo todos los decretos de que tome razón la Dirección del Tesoro",ingreso_proyecto,Ingreso de proyecto,https://www.camara.cl/verDoc.aspx?prmID=18411&prmTIPO=INICIATIVA,https://www.camara.cl/verDoc.aspx?prmID=18411&prmTIPO=INICIATIVA,application/pdf,pdf_text,1,1,2127,2127,rica,f538bc0548f96420176abb9e906748fd77ae71156f2656ddfdcd26e530b1e34e,2026-09-02T15:08:00+00:00
18183-07,18846,2026-04-14,parlamentario,"Deroga la ley N° 1.025, que ordena que los conocimientos de naves vengan visados por los cónsules de la República",ingreso_proyecto,Ingreso de proyecto,https://www.camara.cl/verDoc.aspx?prmID=18412&prmTIPO=INICIATIVA,https://www.camara.cl/verDoc.aspx?prmID=18412&prmTIPO=INICIATIVA,application/pdf,pdf_text,1,1,2117,2117,rica,484941364169c444e26fb88ffb43c6c4cd61e8549a61f6abc437afc4219679ab,2026-09-02T15:08:01+00:00
18184-07,18847,2026-04-14,parlamentario,"Deroga la ley N° 1.187, sobre internación de mercaderías por los boquetes de Antuco, Lonquimay, Pucón y Nahuelhuapi",ingreso_proyecto,Ingreso de proyecto,https://www.camara.cl/verDoc.aspx?prmID=18413&prmTIPO=INICIATIVA,https://www.camara.cl/verDoc.aspx?prmID=18413&prmTIPO=INICIATIVA,application/pdf,pdf_text,2,2,2102,2102,rica,c846a62ead3475ce81c55e3ab536bc1cc72e23c093b8d28ce05f4274990995bd,2026-09-02T15:08:01+00:00
18185-07,18848,2026-04-14,parlamentario,"Deroga la ley N° 1.559, que incluye a Pisagua, Coronel y Puerto Montt entre los puertos por los cuales puede incorporarse y exportarse alcoholes, licores espirituosos y vinos de todas clases",ingreso_proyecto,Ingreso de proyecto,https://www.camara.cl/verDoc.aspx?prmID=18414&prmTIPO=INICIATIVA,https://www.camara.cl/verDoc.aspx?prmID=18414&prmTIPO=INICIATIVA,application/pdf,pdf_text,1,1,2222,2222,rica,379a0f5e6a440cd1f7413fb422e46f5d29a7756e4e79a091d098b66213cbfd5a,2026-09-02T15:08:01+00:00
18186-07,18849,2026-04-14,parlamentario,"Deroga la ley N° 1.644, que fija la pena en que deben incurrir los tesoreros fiscales, los administradores de Aduana, el Intendente General del Ejército y de la Marina, que no rindan sus cuentas en el plazo de veinte días después de terminado el mes y período en que deben presentarlas",ingreso_proyecto,Ingreso de proyecto,https://www.camara.cl/verDoc.aspx?prmID=18415&prmTIPO=INICIATIVA,https://www.camara.cl/verDoc.aspx?prmID=18415&prmTIPO=INICIATIVA,application/pdf,pdf_text,2,2,2410,2410,rica,77366580a6c6b8d398809ffb9054cfcc3d067f9ac648c078519edcea7b6e775f,2026-09-02T15:08:02+00:00
18187-07,18850,2026-04-14,parlamentario,"Deroga la ley N° 1.930, que fija la ley de las monedas de un peso y cincuenta centavos",ingreso_proyecto,Ingreso de proyecto,https://www.camara.cl/verDoc.aspx?prmID=18416&prmTIPO=INICIATIVA,https://www.camara.cl/verDoc.aspx?prmID=18416&prmTIPO=INICIATIVA,application/pdf,pdf_text,1,1,2009,2009,rica,3ec40c45d60a72253ba7b007b95c74c0d0ebadb06d543131b82c8e2db3d07e91,2026-09-02T15:08:02+00:00
18188-07,18851,2026-04-14,parlamentario,"Deroga la ley N° 3.297, que prohíbe la exportación de los metales viejos o usados, que se indica",ingreso_proyecto,Ingreso de proyecto,https://www.camara.cl/verDoc.aspx?prmID=18417&prmTIPO=INICIATIVA,https://www.camara.cl/verDoc.aspx?prmID=18417&prmTIPO=INICIATIVA,application/pdf,pdf_text,1,1,2038,2038,rica,2620d331f936bf3183eee84cf4af0395997733a192e49120d4fa9cfce29a5a70,2026-09-02T15:08:02+00:00
18189-14,18859,2026-04-15,parlamentario,"Modifica la ley N° 20.898, con el objeto de ampliar el régimen excepcional de regularización de viviendas y actualizar la fecha de su aplicación",ingreso_proyecto,Ingreso de proyecto,https://www.camara.cl/verDoc.aspx?prmID=18425&prmTIPO=INICIATIVA,https://www.camara.cl/verDoc.aspx?prmID=18425&prmTIPO=INICIATIVA,application/pdf,pdf_text,4,4,4757,4757,rica,f8abe12f6b362c41a1bd390926a8e90076727d9873dbd3b3d53367772891a235,2026-09-02T15:08:03+00:00
18190-11,18858,2026-04-15,parlamentario,"Modifica la ley N° 20.606, sobre composición nutricional de los alimentos y su publicidad, con el objeto de incorporar criterios de rotulación de alimentos para animales",ingreso_proyecto,Ingreso de proyecto,https://www.camara.cl/verDoc.aspx?prmID=18424&prmTIPO=INICIATIVA,https://www.camara.cl/verDoc.aspx?prmID=18424&prmTIPO=INICIATIVA,application/pdf,pdf_text,7,7,10976,10976,rica,9b27451dc89638182e37e89757184d531baa0205868367609c4d2c6a83dba4ba,2026-09-02T15:08:04+00:00
18191-37,18852,2026-04-15,parlamentario,Establece el 13 de octubre de cada año como el Día Nacional de la Gestión Cultural,ingreso_proyecto,Ingreso de proyecto,https://www.camara.cl/verDoc.aspx?prmID=18418&prmTIPO=INICIATIVA,https://www.camara.cl/verDoc.aspx?prmID=18418&prmTIPO=INICIATIVA,application/pdf,pdf_text,5,5,10164,10164,rica,e8d76c99a0ad0acf2de80425166bff843dd75a6465851ec151f04560a1134e27,2026-09-02T15:08:04+00:00
18192-25,18853,2026-04-15,parlamentario,"Modifica diversos cuerpos legales, con el objeto de fortalecer la persecución penal de la distribución digital ilícita y proteger a los consumidores",ingreso_proyecto,Ingreso de proyecto,https://www.camara.cl/verDoc.aspx?prmID=18419&prmTIPO=INICIATIVA,https://www.camara.cl/verDoc.aspx?prmID=18419&prmTIPO=INICIATIVA,application/pdf,pdf_text,8,8,18793,18793,rica,acbe5a8d86d316292f96e7ce2317b670dfddc2905cb37e91fb576343c9b7ff31,2026-09-02T15:08:05+00:00
18193-06,18854,2026-04-15,parlamentario,"Modifica la ley N° 19.886, Ley de Bases sobre Contratos Administrativos de Suministro y Prestación de Servicios, con el objeto de perfeccionar las disposiciones relativas a los procedimientos de contratación",ingreso_proyecto,Ingreso de proyecto,https://www.camara.cl/verDoc.aspx?prmID=18420&prmTIPO=INICIATIVA,https://www.camara.cl/verDoc.aspx?prmID=18420&prmTIPO=INICIATIVA,application/pdf,pdf_text,4,4,7744,7744,rica,578d6ded6ac43cd53ce3580c98ecc20f4fe89f07b3f6fbde6e470ac9337319f3,2026-09-02T15:08:05+00:00
18194-08,18855,2026-04-15,parlamentario,Crea un régimen jurídico especial aplicable a los minerales críticos,ingreso_proyecto,Ingreso de proyecto,https://www.camara.cl/verDoc.aspx?prmID=18421&prmTIPO=INICIATIVA,https://www.camara.cl/verDoc.aspx?prmID=18421&prmTIPO=INICIATIVA,application/pdf,pdf_text,13,13,31111,31111,rica,c680266bedf409533e62a4cc45457bd3034321183a9ab914ed56cd1ee7d4bf9a,2026-09-02T15:08:06+00:00
18195-07,18856,2026-04-15,parlamentario,"Modifica la Carta Fundamental, con el objeto de establecer la exigencia para senadores y diputados de someterse a un examen para detectar el consumo de sustancias o drogas estupefacientes o sicotrópicas.",ingreso_proyecto,Ingreso de proyecto,https://www.camara.cl/verDoc.aspx?prmID=18422&prmTIPO=INICIATIVA,https://www.camara.cl/verDoc.aspx?prmID=18422&prmTIPO=INICIATIVA,application/pdf,pdf_text,3,3,6378,6378,rica,6c17e608643c41b006895545f2026ee6b7a2f9ea9d53083ad9f55113782ed4d3,2026-09-02T15:08:06+00:00
18196-04,18860,2026-04-15,parlamentario,Amplía hipótesis de ingreso de Fuerzas de Orden y Seguridad a recintos universitarios y colegiales,ingreso_proyecto,Ingreso de proyecto,https://www.camara.cl/verDoc.aspx?prmID=18426&prmTIPO=INICIATIVA,https://www.camara.cl/verDoc.aspx?prmID=18426&prmTIPO=INICIATIVA,application/pdf,pdf_text,7,7,9240,9240,rica,c29fb1390a190d59f54e1c86658ea01c47ec415b08968c8c12b5f3a24e6604cc,2026-09-02T15:08:07+00:00
18197-04,18857,2026-04-15,parlamentario,"Modifica la ley N° 20.027, en materia de cobro de créditos de educación superior, para fortalecer las garantías del debido proceso",ingreso_proyecto,Ingreso de proyecto,https://www.camara.cl/verDoc.aspx?prmID=18423&prmTIPO=INICIATIVA,https://www.camara.cl/verDoc.aspx?prmID=18423&prmTIPO=INICIATIVA,application/pdf,pdf_text,6,6,10936,10936,rica,e7df5a64650dfcbc7f4438a3c511c3b9cdc6802978ad0b64026822c7d1807bcd,2026-09-02T15:08:08+00:00
18198-15,18861,2026-04-15,parlamentario,Modifica cuerpos legales que indica con el objeto de fortalecer la seguridad marítima y pesquera,ingreso_proyecto,Ingreso de proyecto,https://www.camara.cl/verDoc.aspx?prmID=18427&prmTIPO=INICIATIVA,https://www.camara.cl/verDoc.aspx?prmID=18427&prmTIPO=INICIATIVA,application/pdf,pdf_text,10,10,19373,19373,rica,13e898d6d747883acffb2a516349619cdccbbb5c616f126f28064b3061a1d43e,2026-09-02T15:08:09+00:00
18199-12,18881,2026-04-20,parlamentario,"Modifica la ley N° 20.920, que establece marco para la gestión de residuos, la responsabilidad extendida del productor y fomento al reciclaje, para sancionar las infracciones en la gestión de desechos textiles",ingreso_proyecto,Ingreso de proyecto,https://www.camara.cl/verDoc.aspx?prmID=18447&prmTIPO=INICIATIVA,https://www.camara.cl/verDoc.aspx?prmID=18447&prmTIPO=INICIATIVA,application/pdf,pdf_text,4,4,6649,6649,rica,9257668f5cd62c59583996f0d6aa027ef174ac183873909e7597074257b43ba0,2026-09-02T15:08:15+00:00
18200-06,18868,2026-04-20,parlamentario,"Modifica la ley N° 19.886, de bases sobre contratos administrativos de suministro y prestación de servicios, con el objeto de establecer una inhabilidad especial respecto de las personas jurídicas que indica",ingreso_proyecto,Ingreso de proyecto,https://www.camara.cl/verDoc.aspx?prmID=18434&prmTIPO=INICIATIVA,https://www.camara.cl/verDoc.aspx?prmID=18434&prmTIPO=INICIATIVA,application/pdf,pdf_text,4,4,4802,4802,rica,c399bb2170f3b5b35488118b766ea37d372bf5388a86510830571fc752463543,2026-09-02T15:08:16+00:00
18201-06,18864,2026-04-20,parlamentario,Rehabilita la nacionalidad chilena a Manuel Guillermo Pinto Pizarro,ingreso_proyecto,Ingreso de proyecto,https://www.camara.cl/verDoc.aspx?prmID=18430&prmTIPO=INICIATIVA,https://www.camara.cl/verDoc.aspx?prmID=18430&prmTIPO=INICIATIVA,application/pdf,pdf_text,4,4,4469,4469,rica,aae34913d405cb101e2f46b8d9ef4b5a151a092c7caa640fb3a0b880374af115,2026-09-02T15:08:17+00:00
18202-06,18867,2026-04-20,parlamentario,Rehabilita la nacionalidad chilena a Carlos Javier Araya Labra,ingreso_proyecto,Ingreso de proyecto,https://www.camara.cl/verDoc.aspx?prmID=18433&prmTIPO=INICIATIVA,https://www.camara.cl/verDoc.aspx?prmID=18433&prmTIPO=INICIATIVA,application/pdf,pdf_text,4,4,4666,4666,rica,c336748d6602ff39fb095ba618a313a4b27fe207cb03cc4d2e3bd3c003609007,2026-09-02T15:08:18+00:00
18203-06,18866,2026-04-20,parlamentario,Rehabilita la nacionalidad chilena a Cristóbal Parot Fernández,ingreso_proyecto,Ingreso de proyecto,https://www.camara.cl/verDoc.aspx?prmID=18432&prmTIPO=INICIATIVA,https://www.camara.cl/verDoc.aspx?prmID=18432&prmTIPO=INICIATIVA,application/pdf,pdf_text,4,4,4843,4843,rica,d7621729c76852d7802f4319e6d21fd23dff798589574255e4ef231c05c6998e,2026-09-02T15:08:19+00:00
18204-06,18865,2026-04-20,parlamentario,Rehabilita la nacionalidad chilena a Blanca Rosa Fernández Peirano,ingreso_proyecto,Ingreso de proyecto,https://www.camara.cl/verDoc.aspx?prmID=18431&prmTIPO=INICIATIVA,https://www.camara.cl/verDoc.aspx?prmID=18431&prmTIPO=INICIATIVA,application/pdf,pdf_text,4,4,4215,4215,rica,595201099382c154924ab715b0a6671a8b4c32da50aab8370eaf9f9356560f0e,2026-09-02T15:08:20+00:00
18205-29,18862,2026-04-15,parlamentario,"Reconoce al fútbol amateur como actividad de interés público y establece normas sobre prevención de la violencia, seguridad, responsabilidad y transparencia en esa actividad",ingreso_proyecto,Ingreso de proyecto,https://www.camara.cl/verDoc.aspx?prmID=18428&prmTIPO=INICIATIVA,https://www.camara.cl/verDoc.aspx?prmID=18428&prmTIPO=INICIATIVA,application/pdf,pdf_text,10,10,18270,18270,rica,bfdd1c07b8d56d4c96e87361caadcea805e682695354966d8f9fcea7a1c52805,2026-09-02T15:08:11+00:00
18206-13,18869,2026-04-16,parlamentario,Modifica el Código del Trabajo en materia de contrato por horas y educación dual,ingreso_proyecto,Ingreso de proyecto,https://www.camara.cl/verDoc.aspx?prmID=18435&prmTIPO=INICIATIVA,https://www.camara.cl/verDoc.aspx?prmID=18435&prmTIPO=INICIATIVA,application/pdf,pdf_text,6,6,10415,10415,rica,2c0e4bada2cc2c522f61f9458b0acce51a9f3d680dc599262c7eff713f3d85a6,2026-09-02T15:08:13+00:00
18207-06,18870,2026-04-20,parlamentario,Rehabilita la nacionalidad chilena a Macarena Ximena Kathia Aguilera Fernández,ingreso_proyecto,Ingreso de proyecto,https://www.camara.cl/verDoc.aspx?prmID=18436&prmTIPO=INICIATIVA,https://www.camara.cl/verDoc.aspx?prmID=18436&prmTIPO=INICIATIVA,application/pdf,pdf_text,4,4,3815,3815,rica,c28a9be6f11467274c7b43a85851bd3ea313f24af49160253e7f2ddc6df9e591,2026-09-02T15:08:20+00:00
18208-25,18863,2026-04-20,ejecutivo,"Modifica el Código Procesal Penal, para regular la continuidad del juicio oral y permitir la dictación de sentencia definitiva ante la incomparecencia injustificada del acusado",ingreso_proyecto,Ingreso de proyecto,https://www.camara.cl/verDoc.aspx?prmID=18429&prmTIPO=INICIATIVA,https://www.camara.cl/verDoc.aspx?prmID=18429&prmTIPO=INICIATIVA,application/pdf,pdf_text,17,17,34286,34286,rica,f96c2fa49490ce74e9bfa7acca62698049e75b25899ffb4c6c07178bd966f1ba,2026-09-02T15:08:21+00:00
18209-04,18873,2026-04-20,parlamentario,"Establece requisitos de legalidad, transparencia y auditoría para la ejecución de cobros de créditos educativos con garantía estatal",ingreso_proyecto,Ingreso de proyecto,https://www.camara.cl/verDoc.aspx?prmID=18439&prmTIPO=INICIATIVA,https://www.camara.cl/verDoc.aspx?prmID=18439&prmTIPO=INICIATIVA,application/pdf,pdf_text,6,6,10805,10805,rica,eabf4e7d18a8f82b75aad5c2e9c94c5cd01940919424860fe1b7bbb19c3eeaed,2026-09-02T15:08:23+00:00
18210-06,18874,2026-04-21,parlamentario,Concede la nacionalidad chilena por gracia al ciudadano uruguayo Pablo Lemoine,ingreso_proyecto,Ingreso de proyecto,https://www.camara.cl/verDoc.aspx?prmID=18440&prmTIPO=INICIATIVA,https://www.camara.cl/verDoc.aspx?prmID=18440&prmTIPO=INICIATIVA,application/pdf,pdf_text,3,3,2461,2461,rica,e228a00075b77a2dd0b9f69fb1f88581b6d499379fbe68eb1353ebfd3b99e22e,2026-09-02T15:08:23+00:00
18211-25,18875,2026-04-22,parlamentario,"Modifica el código penal, con el objeto de tipificar el delito de ocultamiento de identidad en el contexto de eventos masivos y desórdenes públicos",ingreso_proyecto,Ingreso de proyecto,https://www.camara.cl/verDoc.aspx?prmID=18441&prmTIPO=INICIATIVA,https://www.camara.cl/verDoc.aspx?prmID=18441&prmTIPO=INICIATIVA,application/pdf,pdf_text,4,4,4001,4001,rica,7c9be8bedb170f26404010cbc3afef58a5b47759825f27605c047051013adf93,2026-09-02T15:08:25+00:00
18212-07,18876,2026-04-21,parlamentario,"Modifica el código penal y la ley Nº 20.084, con el objeto de establecer la responsabilidad penal de los padres o guardadores por omisión grave del deber de cuidado",ingreso_proyecto,Ingreso de proyecto,https://www.camara.cl/verDoc.aspx?prmID=18442&prmTIPO=INICIATIVA,https://www.camara.cl/verDoc.aspx?prmID=18442&prmTIPO=INICIATIVA,application/pdf,pdf_text,4,4,4286,4286,rica,86d44a1814a66af4c9d097027418d2bf7ebb37e394e3e357ae34cccdd7b017ba,2026-09-02T15:08:24+00:00
18213-07,18878,2026-04-07,parlamentario,Modifica la Constitución Política para restablecer la estabilidad de los precios de los combustibles,ingreso_proyecto,Ingreso de proyecto,https://www.camara.cl/verDoc.aspx?prmID=18444&prmTIPO=INICIATIVA,https://www.camara.cl/verDoc.aspx?prmID=18444&prmTIPO=INICIATIVA,application/pdf,pdf_text,4,4,7983,7983,rica,fabf20f34340bb342aac51fb5694f2ed3e5d59471bc8e67d4392fbc2d4e48f11,2026-09-02T15:07:49+00:00
18214-07,18877,2026-04-15,parlamentario,Modifica la Constitución Política para declarar incompatible percibir pensiones de retiro y remuneraciones por ejercer cargos de elección popular o altos cargos de la administración del Estado,ingreso_proyecto,Ingreso de proyecto,https://www.camara.cl/verDoc.aspx?prmID=18443&prmTIPO=INICIATIVA,https://www.camara.cl/verDoc.aspx?prmID=18443&prmTIPO=INICIATIVA,application/pdf,pdf_text,2,2,2580,2580,rica,31fe82706425d790414fc91e195594c238f35bcb084ab156457961802f24b194,2026-09-02T15:08:12+00:00
18215-10,18871,2026-04-22,ejecutivo,"Acuerdo de mutua exención del requisito de visa para los titulares de pasaportes diplomáticos, especiales y oficiales entre el Gobierno de la República de Chile y el Gobierno del Estado de Catar",ingreso_proyecto,Ingreso de proyecto,https://www.camara.cl/verDoc.aspx?prmID=18437&prmTIPO=INICIATIVA,https://www.camara.cl/verDoc.aspx?prmID=18437&prmTIPO=INICIATIVA,application/pdf,pdf_text,8,8,2990,2990,rica,1e1681a2e3456476be7bd3cf23c781620a3ba898d98bb672b9dbf63beade9ceb,2026-09-02T15:08:25+00:00
18216-05,18872,2026-04-22,ejecutivo,Para la reconstrucción nacional y el desarrollo económico y social,texto_mensaje,Texto del mensaje,https://www.camara.cl/verDoc.aspx?prmID=36065&prmTIPO=OFICIOPLEY,https://www.camara.cl/verDoc.aspx?prmID=36065&prmTIPO=OFICIOPLEY,application/vnd.openxmlformats-officedocument.wordprocessingml.document,docx_text,0,1360,239136,120000,rica,e9631b117256ea7bd950a1d60f2b747fe9bd0d26e7871ffa40d19a7f0ee6b844,2026-09-02T15:08:26+00:00
18217-07,18879,2026-04-22,parlamentario,"Modifica diversos cuerpos legales, con el objeto de perfeccionar las disposiciones relativas a la persecución penal de la criminalidad organizada y el terrorismo",ingreso_proyecto,Ingreso de proyecto,https://www.camara.cl/verDoc.aspx?prmID=18445&prmTIPO=INICIATIVA,https://www.camara.cl/verDoc.aspx?prmID=18445&prmTIPO=INICIATIVA,application/pdf,pdf_text,12,12,21579,21579,rica,5dc987df9847279497eeb7be855234afe1e74e5134cab9417a1c9474f77969bf,2026-09-02T15:08:26+00:00
18218-25,18880,2026-04-22,parlamentario,"Modifica diversos cuerpos legales, en materia de persecución de conductas que afectan la seguridad en espacios públicos o alteran gravemente la convivencia ciudadana",ingreso_proyecto,Ingreso de proyecto,https://www.camara.cl/verDoc.aspx?prmID=18446&prmTIPO=INICIATIVA,https://www.camara.cl/verDoc.aspx?prmID=18446&prmTIPO=INICIATIVA,application/pdf,pdf_text,5,5,9540,9540,rica,82f7543880aedff04dd6b0c3a3cf2658f03ee245d75da7badc6c1c3c9f1dccf2,2026-09-02T15:08:27+00:00
18219-07,18885,2026-04-22,parlamentario,Modifica cuerpos legales que indica para extender el estatuto de protección al denunciante de delitos de corrupción y criminalidad económica,ingreso_proyecto,Ingreso de proyecto,https://www.camara.cl/verDoc.aspx?prmID=18451&prmTIPO=INICIATIVA,https://www.camara.cl/verDoc.aspx?prmID=18451&prmTIPO=INICIATIVA,application/pdf,pdf_text,7,7,9554,7780,rica,10ed316231e19dece8b2e4b1e24c820e49d648234da7932cd5b323c6b02f264a,2026-09-02T15:08:27+00:00
18220-07,18896,2026-04-21,parlamentario,Reforma constitucional que extiende el periodo en el que las autoridades del Gobierno deben comparecer y suministrar antecedentes ante las comisiones especiales investigadoras,ingreso_proyecto,Ingreso de proyecto,https://www.camara.cl/verDoc.aspx?prmID=18462&prmTIPO=INICIATIVA,https://www.camara.cl/verDoc.aspx?prmID=18462&prmTIPO=INICIATIVA,application/pdf,pdf_text,5,5,7760,6135,rica,2c66dc4b63fadf183748c117e643f0193deb8d29aff3a4dfe1b1905f4c86e77d,2026-09-02T15:08:24+00:00
18221-11,18884,2026-04-20,parlamentario,Garantiza el acceso efectivo a prestaciones de salud en zonas rurales y aisladas mediante la incorporación del principio de pertinencia territorial en la atención primaria municipal,ingreso_proyecto,Ingreso de proyecto,https://www.camara.cl/verDoc.aspx?prmID=18450&prmTIPO=INICIATIVA,https://www.camara.cl/verDoc.aspx?prmID=18450&prmTIPO=INICIATIVA,application/pdf,pdf_text,6,6,11395,9630,rica,697a8e90e16e76dc8a250ea1e070b90dff8ba2b75ff6c0c3929f97c4dccd5ea0,2026-09-02T15:08:23+00:00
18222-06,18888,2026-04-22,parlamentario,Modifica el régimen jurídico aplicable a la participación de las mujeres en política,ingreso_proyecto,Ingreso de proyecto,https://www.camara.cl/verDoc.aspx?prmID=18454&prmTIPO=INICIATIVA,https://www.camara.cl/verDoc.aspx?prmID=18454&prmTIPO=INICIATIVA,application/pdf,pdf_text,7,7,12059,10118,rica,18940fa75e0195632bf09d9a463c15a88158bc2a8a101574c0026df813c66bc8,2026-09-02T15:08:28+00:00
18223-15,18889,2026-04-25,parlamentario,"Establece un régimen transitorio de exención de sanciones para conductores de aplicaciones de transporte remunerado de pasajeros, hasta la entrada en vigencia de la ley N° 21.553",ingreso_proyecto,Ingreso de proyecto,https://www.camara.cl/verDoc.aspx?prmID=18455&prmTIPO=INICIATIVA,https://www.camara.cl/verDoc.aspx?prmID=18455&prmTIPO=INICIATIVA,application/pdf,pdf_text,7,7,10173,8422,rica,b4282e47a15fbd7c5ce111c7861bd4c69d86822710ad5b9b5808c09119e5d6b8,2026-09-02T15:08:29+00:00
18224-18,18893,2026-04-27,parlamentario,"Establece un marco integral de protección de niñas, niños y adolescentes en el uso de redes sociales",ingreso_proyecto,Ingreso de proyecto,https://www.camara.cl/verDoc.aspx?prmID=18459&prmTIPO=INICIATIVA,https://www.camara.cl/verDoc.aspx?prmID=18459&prmTIPO=INICIATIVA,application/pdf,pdf_text,13,13,30385,28774,rica,027c41c1c0dcd63c410bd950f9ec44693813c644befd623e0aa25e4aa494dd7f,2026-09-02T15:08:30+00:00
18225-07,18890,2026-04-28,parlamentario,"Incorpora una disposición transitoria en la Carta Fundamental para establecer una tarifa gratuita para adultos mayores, personas en situación de discapacidad y cuidadores en el transporte público",ingreso_proyecto,Ingreso de proyecto,https://www.camara.cl/verDoc.aspx?prmID=18456&prmTIPO=INICIATIVA,https://www.camara.cl/verDoc.aspx?prmID=18456&prmTIPO=INICIATIVA,application/pdf,pdf_text,9,9,15539,13654,rica,b37a340b17bdd21d86a3d760e214c45c8d97b701c38da999d8a83be0bc9201c1,2026-09-02T15:08:30+00:00
18226-15,18891,2026-04-28,parlamentario,Autoriza la aplicación de prefijos telefónicos en la identificación de llamadas de cobranza extrajudicial,ingreso_proyecto,Ingreso de proyecto,https://www.camara.cl/verDoc.aspx?prmID=18457&prmTIPO=INICIATIVA,https://www.camara.cl/verDoc.aspx?prmID=18457&prmTIPO=INICIATIVA,application/pdf,pdf_text,5,5,6992,5288,rica,c1d4076a5d1f64baba370defcc506f3adaeb7cbc258ecafa7a0533637f36fcba,2026-09-02T15:08:31+00:00
18227-11,18892,2026-04-28,parlamentario,Modifica el Código Sanitario para reforzar las exigencias aplicables al etiquetado de productos alimenticios en materia de fecha de vencimiento,ingreso_proyecto,Ingreso de proyecto,https://www.camara.cl/verDoc.aspx?prmID=18458&prmTIPO=INICIATIVA,https://www.camara.cl/verDoc.aspx?prmID=18458&prmTIPO=INICIATIVA,application/pdf,pdf_text,5,5,6169,4407,rica,1f6c071411ee7f8e490fe776e8f8cef61acc97d3c0730bd42b58b09b9d9b9ec4,2026-09-02T15:08:32+00:00
18228-04,18887,2026-04-28,parlamentario,"Modifica la ley Nº 20.027, que establece normas para el financiamiento de estudios de educación superior, en materia de cobro de las deudas del Crédito con Aval del Estado",ingreso_proyecto,Ingreso de proyecto,https://www.camara.cl/verDoc.aspx?prmID=18453&prmTIPO=INICIATIVA,https://www.camara.cl/verDoc.aspx?prmID=18453&prmTIPO=INICIATIVA,application/pdf,pdf_text,7,7,12295,10528,rica,38fb2cf39d887ea46a6728e95bddfaf1bfe6823edcc5d1952becdaeec9d37c55,2026-09-02T15:08:34+00:00
18229-11,18894,2026-04-29,parlamentario,Introduce la obligación de contar con desfibriladores externos automáticos en encuentros de fútbol no profesional,ingreso_proyecto,Ingreso de proyecto,https://www.camara.cl/verDoc.aspx?prmID=18460&prmTIPO=INICIATIVA,https://www.camara.cl/verDoc.aspx?prmID=18460&prmTIPO=INICIATIVA,application/pdf,pdf_text,5,5,6145,4439,rica,6b15b159377ee43d6777f64fc9100c466500e64f59418f067c944edbcc764cb8,2026-09-02T15:08:35+00:00
18230-13,18883,2026-04-30,ejecutivo,"Reajusta el monto del ingreso mínimo mensual, así como de la asignación familiar y maternal y del subsidio familiar",texto_mensaje,Texto del Mensaje.,https://www.camara.cl/verDoc.aspx?prmID=36094&prmTIPO=OFICIOPLEY,https://www.camara.cl/verDoc.aspx?prmID=36094&prmTIPO=OFICIOPLEY,application/vnd.openxmlformats-officedocument.wordprocessingml.document,docx_text,0,108,9098,9098,rica,91a8ba80913c02b77d445fc00cf4c0442f8d3a730df145a110d1ec7262286efd,2026-09-02T15:08:38+00:00
18231-35,18882,2026-05-04,ejecutivo,Establece el Día Nacional de la Teletón y el Día Nacional del Encuentro Familiar,ingreso_proyecto,Ingreso de proyecto,https://www.camara.cl/verDoc.aspx?prmID=18448&prmTIPO=INICIATIVA,https://www.camara.cl/verDoc.aspx?prmID=18448&prmTIPO=INICIATIVA,application/pdf,pdf_text,6,6,8593,8593,rica,4fd324447f9629575dd38a465f7458d759bb8b76d1dfe99bbae68913b480e006,2026-09-02T15:08:39+00:00
18232-25,18886,2026-05-04,ejecutivo,"Modifica la ley N° 21.659, sobre seguridad privada, para aumentar el plazo de presentación y pronunciamiento sobre los estudios de seguridad que dispone, y extiende la prórroga de vigencia de la última autorización del personal de seguridad privada que indica",texto_mensaje,Texto del Mensaje.,https://www.camara.cl/verDoc.aspx?prmID=36095&prmTIPO=OFICIOPLEY,https://www.camara.cl/verDoc.aspx?prmID=36095&prmTIPO=OFICIOPLEY,application/vnd.openxmlformats-officedocument.wordprocessingml.document,docx_text,0,98,15868,15868,rica,ea8fbeceb9a7448a8cff0675102c9a45bdce0e60d74b35c7dfca8adb4a26e9a8,2026-09-02T15:08:39+00:00
18233-07,18895,2026-04-22,parlamentario,"Modifica la Carta Fundamental, con el objeto de regular la conducción estratégica del Estado en materias de seguridad",ingreso_proyecto,Ingreso de proyecto,https://www.camara.cl/verDoc.aspx?prmID=18461&prmTIPO=INICIATIVA,https://www.camara.cl/verDoc.aspx?prmID=18461&prmTIPO=INICIATIVA,application/pdf,pdf_text,5,5,9954,9954,rica,ae16d98c880424dd723c9caf99f78379fc4c6a41f8e1c4a895b490e166beb170,2026-09-02T15:08:28+00:00
18234-35,18898,2026-04-29,parlamentario,Establece el deber de implementar medidas de accesibilidad en la construcción y diseño de viviendas en beneficio de personas mayores,ingreso_proyecto,Ingreso de proyecto,https://www.camara.cl/verDoc.aspx?prmID=18464&prmTIPO=INICIATIVA,https://www.camara.cl/verDoc.aspx?prmID=18464&prmTIPO=INICIATIVA,application/pdf,pdf_text,4,4,4469,4469,rica,90f7b04c5b2b35c9fb9433baf129519ea6728105502e6020767d2120bb831ea6,2026-09-02T15:08:36+00:00
18235-19,18897,2026-04-29,parlamentario,Impone a las plataformas de redes sociales la obligación de eliminar contenido que induzca a la realización de conductas extremas que pongan en riesgo la integridad o salud de las personas,ingreso_proyecto,Ingreso de proyecto,https://www.camara.cl/verDoc.aspx?prmID=18463&prmTIPO=INICIATIVA,https://www.camara.cl/verDoc.aspx?prmID=18463&prmTIPO=INICIATIVA,application/pdf,pdf_text,4,4,5520,5520,rica,54f9dd8d07d834b1cc39355bf5d130ec53c5ae265c21c228420628619c09b8ca,2026-09-02T15:08:37+00:00
18236-18,18899,2026-05-04,parlamentario,Fortalece la protección de las víctimas de violencia intrafamiliar y previene su revictimización,ingreso_proyecto,Ingreso de proyecto,https://www.camara.cl/verDoc.aspx?prmID=18465&prmTIPO=INICIATIVA,https://www.camara.cl/verDoc.aspx?prmID=18465&prmTIPO=INICIATIVA,application/pdf,pdf_text,6,6,8585,1326,utilizable,b47854d6bfb22b656c2f7f45d3c25877d9d4fdb940e40882785362c43eb913c5,2026-09-02T15:08:40+00:00
18237-33,18900,2026-05-04,parlamentario,"Prorroga el plazo establecido en el artículo segundo transitorio de la ley N° 21.435, que reforma el Código de Aguas",ingreso_proyecto,Ingreso de proyecto,https://www.camara.cl/verDoc.aspx?prmID=18466&prmTIPO=INICIATIVA,https://www.camara.cl/verDoc.aspx?prmID=18466&prmTIPO=INICIATIVA,application/pdf,pdf_text,6,6,7890,6263,rica,29e6d73bafdc7d974df1352825a5dc67e70fb85cefe25cb4cbcdafe27901bb23,2026-09-02T15:08:40+00:00
18238-25,18901,2026-05-05,parlamentario,Regula el uso de la fuerza por parte de Gendarmería de Chile,ingreso_proyecto,Ingreso de proyecto,https://www.camara.cl/verDoc.aspx?prmID=18467&prmTIPO=INICIATIVA,https://www.camara.cl/verDoc.aspx?prmID=18467&prmTIPO=INICIATIVA,application/pdf,pdf_text,19,19,42757,42757,rica,efc15341c1797aaa19f54ccaf25e9b23ef6bb9157f0608a1ad92058a3bac66a3,2026-09-02T15:08:41+00:00
18239-36,18902,2026-05-06,parlamentario,"Establece sanciones en el caso de acusaciones, denuncias o querellas falsas y regula el procedimiento para su aplicación",ingreso_proyecto,Ingreso de proyecto,https://www.camara.cl/verDoc.aspx?prmID=18468&prmTIPO=INICIATIVA,https://www.camara.cl/verDoc.aspx?prmID=18468&prmTIPO=INICIATIVA,application/pdf,pdf_text,11,11,28582,28582,rica,c0deb1ab5c144cc20c17a6cd2310b7a2ef93fc8f786ba845d158833fa51cc01c,2026-09-02T15:08:44+00:00
18240-13,18904,2026-05-05,parlamentario,"Modifica el artículo 66 del Código del Trabajo, con el objeto de ampliar el plazo del permiso a que tiene derecho todo trabajador en el caso de muerte de un hijo, cónyuge o conviviente civil",ingreso_proyecto,Ingreso de proyecto,https://www.camara.cl/verDoc.aspx?prmID=18470&prmTIPO=INICIATIVA,https://www.camara.cl/verDoc.aspx?prmID=18470&prmTIPO=INICIATIVA,application/pdf,pdf_text,5,5,12614,12614,rica,fcd45b43893bf709d51e1b18986a49bb071fc03c32da641172e4a49d0817791a,2026-09-02T15:08:41+00:00
18241-03,18903,2026-05-05,parlamentario,Regula el corretaje de propiedades y su ejercicio mediante plataformas digitales,ingreso_proyecto,Ingreso de proyecto,https://www.camara.cl/verDoc.aspx?prmID=18469&prmTIPO=INICIATIVA,https://www.camara.cl/verDoc.aspx?prmID=18469&prmTIPO=INICIATIVA,application/pdf,pdf_text,6,6,14588,14588,rica,32abdfea49aebb878cabf5cfb6d2f64cd3ef5bff12ab6e8900606f47e4f53c57,2026-09-02T15:08:42+00:00
18242-13,18905,2026-05-06,parlamentario,"Modifica el Código del Trabajo, con el objeto de permitir la cesión voluntaria de parte del feriado legal a otros trabajadores, en los casos que indica",ingreso_proyecto,Ingreso de proyecto,https://www.camara.cl/verDoc.aspx?prmID=18471&prmTIPO=INICIATIVA,https://www.camara.cl/verDoc.aspx?prmID=18471&prmTIPO=INICIATIVA,application/pdf,pdf_text,3,3,7787,7787,rica,e4ca09d9dfa3830dbf10eb414111417d28466bfb39912858bed947ffc4cc57b6,2026-09-02T15:08:44+00:00
18243-13,18906,2026-04-16,parlamentario,Establece como feriado irrenunciable el día Viernes Santo de cada año,ingreso_proyecto,Ingreso de proyecto,https://www.camara.cl/verDoc.aspx?prmID=18472&prmTIPO=INICIATIVA,https://www.camara.cl/verDoc.aspx?prmID=18472&prmTIPO=INICIATIVA,application/pdf,pdf_text,6,6,7007,5457,rica,91ff4205aa8b717b0df7e20b1c914345ece5771392b27e14f24c7037f4d1a2e2,2026-09-02T15:08:13+00:00
18244-07,18907,2026-05-05,parlamentario,Modifica el Código Penal para agravar las sanciones en materia de secuestro,ingreso_proyecto,Ingreso de proyecto,https://www.camara.cl/verDoc.aspx?prmID=18473&prmTIPO=INICIATIVA,https://www.camara.cl/verDoc.aspx?prmID=18473&prmTIPO=INICIATIVA,application/pdf,pdf_text,8,8,10999,9472,rica,3e4128ec688e8d7d8418a8642b9d357532530fa487f22832a63a3a5ca86ed88e,2026-09-02T15:08:42+00:00
18245-12,18909,2026-05-05,parlamentario,Introduce y regula la obligación de las empresas de rellenos sanitarios de elaborar un plan para la reducción de gas metano dentro de sus instalaciones,ingreso_proyecto,Ingreso de proyecto,https://www.camara.cl/verDoc.aspx?prmID=18475&prmTIPO=INICIATIVA,https://www.camara.cl/verDoc.aspx?prmID=18475&prmTIPO=INICIATIVA,application/pdf,pdf_text,8,8,10909,9202,rica,5cc81fb3d3c9b5c145a31e7702cfe8b2fb88dd3c75ae04ca2271734eef9cd9fb,2026-09-02T15:08:43+00:00
18246-18,18908,2026-05-06,parlamentario,Protege a los menores de edad frente a la adicción a las nuevas tecnologías y prohíbe el acceso a redes sociales y otras plataformas,ingreso_proyecto,Ingreso de proyecto,https://www.camara.cl/verDoc.aspx?prmID=18474&prmTIPO=INICIATIVA,https://www.camara.cl/verDoc.aspx?prmID=18474&prmTIPO=INICIATIVA,application/pdf,pdf_text,16,16,24186,22515,rica,51dfce94bbf317680b90791d46666b602ae375e61367cefc96f2bc311ebb851d,2026-09-02T15:08:45+00:00
18247-13,18910,2026-05-06,parlamentario,Modifica el Código del Trabajo para otorgar un permiso laboral en caso de fallecimiento de los abuelos o nietos del trabajador,ingreso_proyecto,Ingreso de proyecto,https://www.camara.cl/verDoc.aspx?prmID=18476&prmTIPO=INICIATIVA,https://www.camara.cl/verDoc.aspx?prmID=18476&prmTIPO=INICIATIVA,application/pdf,pdf_text,6,6,9022,7355,rica,0604d902fd7eee67fad0f5c5a20fb46ec15a22c6f75ef1700aa66febc663e228,2026-09-02T15:08:46+00:00
18248-07,18911,2026-05-06,parlamentario,Modifica el artículo 149 del Código Procesal Penal con el objeto de permitir la interposición verbal del recurso de apelación por parte del Ministerio Público en el caso de delitos cometidos en contexto de violencia intrafamiliar,ingreso_proyecto,Ingreso de proyecto,https://www.camara.cl/verDoc.aspx?prmID=18477&prmTIPO=INICIATIVA,https://www.camara.cl/verDoc.aspx?prmID=18477&prmTIPO=INICIATIVA,application/pdf,pdf_text,5,5,6958,6958,rica,987af3a0cf7ed76cf5eecb553b84a2f343efe4d1ed75c4ba6f6f24edcb215035,2026-09-02T15:08:46+00:00
18249-07,18912,2026-05-06,parlamentario,Modifica el artículo 325 del Código Procesal Penal con el objeto de permitir la rendición de prueba anticipada en el juicio oral en caso de incomparecencia injustificada del imputado,ingreso_proyecto,Ingreso de proyecto,https://www.camara.cl/verDoc.aspx?prmID=18478&prmTIPO=INICIATIVA,https://www.camara.cl/verDoc.aspx?prmID=18478&prmTIPO=INICIATIVA,application/pdf,pdf_text,5,5,8159,8159,rica,e0fbeb5a90ddfa714b42b4caf5d2b4c8ecb42dea52670b0f620629034eeec6cf,2026-09-02T15:08:49+00:00
18250-07,18913,2026-05-07,parlamentario,Tipifica la difusión de amenazas de violencia masiva en recintos de alta concurrencia como delito autónomo contra la seguridad colectiva,ingreso_proyecto,Ingreso de proyecto,https://www.camara.cl/verDoc.aspx?prmID=18479&prmTIPO=INICIATIVA,https://www.camara.cl/verDoc.aspx?prmID=18479&prmTIPO=INICIATIVA,application/pdf,pdf_text,7,7,8199,6516,rica,ba566f0c4c28abf7183eb1a869becc2308194afcff13f3d5b38f895e06e6a551,2026-09-02T15:08:50+00:00
18251-07,18914,2026-05-09,parlamentario,Modifica el artículo 445 del Código de Procedimiento Civil para establecer un régimen excepcional de inembargabilidad de la vivienda principal del deudor,ingreso_proyecto,Ingreso de proyecto,https://www.camara.cl/verDoc.aspx?prmID=18480&prmTIPO=INICIATIVA,https://www.camara.cl/verDoc.aspx?prmID=18480&prmTIPO=INICIATIVA,application/pdf,pdf_text,6,6,9109,7352,rica,103f1be89ea5a03c77dbc21924292260847e6f23ebdf6766b5310fea9cfed161,2026-09-02T15:08:52+00:00
18252-07,18915,2026-05-09,parlamentario,Modifica el artículo 38 bis de la Constitución Política de la República,ingreso_proyecto,Ingreso de proyecto,https://www.camara.cl/verDoc.aspx?prmID=18481&prmTIPO=INICIATIVA,https://www.camara.cl/verDoc.aspx?prmID=18481&prmTIPO=INICIATIVA,application/pdf,pdf_text,11,11,15295,6937,rica,d72a19ea6adf287a7324eddd5facfaa728818bb469b73da8fa0093067c8f4096,2026-09-02T15:08:53+00:00
18253-25,18917,2026-05-13,parlamentario,"Modifica diversos cuerpos legales, con el objeto de fortalecer la protección y seguridad en los establecimientos de salud",ingreso_proyecto,Ingreso de proyecto,https://www.camara.cl/verDoc.aspx?prmID=18483&prmTIPO=INICIATIVA,https://www.camara.cl/verDoc.aspx?prmID=18483&prmTIPO=INICIATIVA,application/pdf,pdf_text,3,3,5986,5986,rica,62a2f1b664f444c78e09954b5d85e6040caa63413d1281f135b8e815ff54b875,2026-09-02T15:09:37+00:00
18254-11,18916,2026-05-13,parlamentario,"Modifica diversos cuerpos legales, con el objeto de aumentar las sanciones ante el incumplimiento del período de asignación obligatoria por parte de los profesionales del área de la salud que indica",ingreso_proyecto,Ingreso de proyecto,https://www.camara.cl/verDoc.aspx?prmID=18482&prmTIPO=INICIATIVA,https://www.camara.cl/verDoc.aspx?prmID=18482&prmTIPO=INICIATIVA,application/pdf,pdf_text,3,3,5498,5498,rica,d2066b2b3139c36b4bd787e6dc2709e015de87c213091d51a23bf47ec95beac0,2026-09-02T15:09:37+00:00
18255-31,18918,2026-05-18,ejecutivo,Establece un beneficio de compensación por la compra de pañales y de medicamentos,texto_mensaje,Texto del Mensaje.,https://www.camara.cl/verDoc.aspx?prmID=36186&prmTIPO=OFICIOPLEY,https://www.camara.cl/verDoc.aspx?prmID=36186&prmTIPO=OFICIOPLEY,application/vnd.openxmlformats-officedocument.wordprocessingml.document,docx_text,0,138,26085,26085,rica,ca5bf8798ee67e4604774f73be8580c7429ce77bcd0293d1175f5a71975449bd,2026-09-02T15:09:43+00:00
18256-10,18919,2026-05-18,ejecutivo,"Aprueba el Acuerdo entre la República de Chile y la República Helénica sobre el empleo remunerado de dependientes de miembros de una misión diplomática o representación consular, suscrito en Santiago, el 24 de abril de 2024",texto_mensaje,Texto del Mensaje.,https://www.camara.cl/verDoc.aspx?prmID=36189&prmTIPO=OFICIOPLEY,https://www.camara.cl/verDoc.aspx?prmID=36189&prmTIPO=OFICIOPLEY,application/vnd.openxmlformats-officedocument.wordprocessingml.document,docx_text,0,93,5211,5211,rica,f4fc4c442344cc09d2c0597f4eac20e3231e4c1c8efaaea1a03fc72d52779898,2026-09-02T15:09:43+00:00
18257-10,18920,2026-05-18,ejecutivo,"Aprueba el Acuerdo general sobre los privilegios e inmunidades de la Organización Internacional de Policía Criminal-INTERPOL, aprobado en Marrakech, Marruecos, el 24 de noviembre de 2025",texto_mensaje,Texto del Mensaje.,https://www.camara.cl/verDoc.aspx?prmID=36191&prmTIPO=OFICIOPLEY,https://www.camara.cl/verDoc.aspx?prmID=36191&prmTIPO=OFICIOPLEY,application/vnd.openxmlformats-officedocument.wordprocessingml.document,docx_text,0,183,29623,29623,rica,7dfedbe19c1caa348d1f15addb4d6a56a80022e9e3c4e41f489d438e4ac5fe73,2026-09-02T15:09:43+00:00
18258-07,18921,2026-05-18,ejecutivo,"Modifica la ley N°18.415, orgánica constitucional de los estados de excepción, en materia de control de identidad y otros",texto_mensaje,Texto del Mensaje,https://www.camara.cl/verDoc.aspx?prmID=36192&prmTIPO=OFICIOPLEY,https://www.camara.cl/verDoc.aspx?prmID=36192&prmTIPO=OFICIOPLEY,application/vnd.openxmlformats-officedocument.wordprocessingml.document,docx_text,0,118,10742,10742,rica,c46b1f0c5fbbdd0c58706521dcd1c12b6efd4c67318d64286efb09b22301cbf5,2026-09-02T15:09:43+00:00
18259-08,18922,2026-05-18,ejecutivo,"Modifica el Código de Minería y las leyes números 21.420 y 21.649, en materia de amparo minero y otras materias que indica",texto_mensaje,Texto del mensaje,https://www.camara.cl/verDoc.aspx?prmID=36199&prmTIPO=OFICIOPLEY,https://www.camara.cl/verDoc.aspx?prmID=36199&prmTIPO=OFICIOPLEY,application/vnd.openxmlformats-officedocument.wordprocessingml.document,docx_text,0,122,21023,21023,rica,f341267b64326dcdbdbc43275eb5ebad1a26513c5f77fefacbf69b3db7ed3624,2026-09-02T15:09:44+00:00
18260-07,18923,2026-05-19,parlamentario,"Crea los Tribunales de Familia, con el objeto de establecer un procedimiento especial para la determinación de la responsabilidad parental en el caso de daños provocados por niños, niñas y adolescentes.",ingreso_proyecto,Ingreso de proyecto,https://www.camara.cl/verDoc.aspx?prmID=18489&prmTIPO=INICIATIVA,https://www.camara.cl/verDoc.aspx?prmID=18489&prmTIPO=INICIATIVA,application/pdf,pdf_text,8,8,17914,17914,rica,98ddc6dc65293dfbe39d203fa0f4238ae4ae9df838232cc1fd5151121bc5c807,2026-09-02T15:09:46+00:00
18261-13,18924,2026-05-19,parlamentario,Declara el día 4 de noviembre de cada año como el Día Nacional del Trabajador de Cementerios,ingreso_proyecto,Ingreso de proyecto,https://www.camara.cl/verDoc.aspx?prmID=18490&prmTIPO=INICIATIVA,https://www.camara.cl/verDoc.aspx?prmID=18490&prmTIPO=INICIATIVA,application/pdf,pdf_text,2,2,3809,3809,rica,cf35949b9b94830570b766c6499eaefb2c130a21d520be361923b76dcefaf2ac,2026-09-02T15:09:46+00:00
18262-06,18951,2026-05-11,parlamentario,Establece como requisito para el ingreso a cargos de la Administración del Estado el pago de créditos adeudados al Fisco,ingreso_proyecto,Ingreso de proyecto,https://www.camara.cl/verDoc.aspx?prmID=18503&prmTIPO=INICIATIVA,https://www.camara.cl/verDoc.aspx?prmID=18503&prmTIPO=INICIATIVA,application/pdf,pdf_text,5,5,6676,6676,rica,649164c8a6557566043fadde088b4f056216965112d55e6a74a0e0ecb2ff3353,2026-09-02T15:08:53+00:00
18263-03,18953,2026-05-11,parlamentario,Para la protección de la vivienda propia y el resguardo del pago de los créditos hipotecarios ante el alza de la unidad de fomento,ingreso_proyecto,Ingreso de proyecto,https://www.camara.cl/verDoc.aspx?prmID=18505&prmTIPO=INICIATIVA,https://www.camara.cl/verDoc.aspx?prmID=18505&prmTIPO=INICIATIVA,application/pdf,pdf_text,8,8,12057,10392,rica,48f74f0b53e6cf5a680264b832e67d5722f67f3bf1380aa8b9e67e256e82d418,2026-09-02T15:08:54+00:00
18264-07,18944,2026-05-12,parlamentario,"Modifica el artículo 57 de la Constitución Política de la República, para eliminar la facultad de las autoridades locales y regionales de renunciar a sus cargos para ser candidatos a diputados y senadores",ingreso_proyecto,Ingreso de proyecto,https://www.camara.cl/verDoc.aspx?prmID=18496&prmTIPO=INICIATIVA,https://www.camara.cl/verDoc.aspx?prmID=18496&prmTIPO=INICIATIVA,application/pdf,pdf_text,6,6,5915,4147,rica,3fad169c54e04a746a28372a2beb11d0466d5c2378eed14d902c1b5bd87c8777,2026-09-02T15:08:54+00:00
18265-07,18950,2026-05-12,parlamentario,Modifica textos legales que indica en materia de procedencia de la prisión preventiva y penas sustitutivas a las privativas y restrictivas de libertad,ingreso_proyecto,Ingreso de proyecto,https://www.camara.cl/verDoc.aspx?prmID=18502&prmTIPO=INICIATIVA,https://www.camara.cl/verDoc.aspx?prmID=18502&prmTIPO=INICIATIVA,application/pdf,pdf_text,5,5,8762,6921,rica,c9339c30324a515e548d20cd2ae48afc5f99c44cd2345e2d0fe5cd6a973f6ae7,2026-09-02T15:08:55+00:00
18266-15,18945,2026-05-12,parlamentario,Establece un número único de emergencias en concesiones viales,ingreso_proyecto,Ingreso de proyecto,https://www.camara.cl/verDoc.aspx?prmID=18497&prmTIPO=INICIATIVA,https://www.camara.cl/verDoc.aspx?prmID=18497&prmTIPO=INICIATIVA,application/pdf,pdf_text,5,5,5382,3815,rica,742ad90dc8723db73e6a8478d4b7ae260b56ce9fc47388e7c1dc8023c529b555,2026-09-02T15:09:36+00:00
18267-24,18946,2026-05-13,parlamentario,"Modifica la ley N° 19.928, sobre fomento de la música chilena, para regular y proteger la participación de teloneros chilenos en conciertos de artistas extranjeros",ingreso_proyecto,Ingreso de proyecto,https://www.camara.cl/verDoc.aspx?prmID=18498&prmTIPO=INICIATIVA,https://www.camara.cl/verDoc.aspx?prmID=18498&prmTIPO=INICIATIVA,application/pdf,pdf_text,6,6,8340,6549,rica,82d1c5250361407f49fd3a745d67f90a127b797348dd8c54805fc1c4ceac2aa1,2026-09-02T15:09:37+00:00
18268-06,18949,2026-05-13,parlamentario,Modifica textos legales que indica para fortalecer la transparencia activa y la rendición de cuentas en la ejecución de los aportes fiscales de libre disposición del royalty minero,ingreso_proyecto,Ingreso de proyecto,https://www.camara.cl/verDoc.aspx?prmID=18501&prmTIPO=INICIATIVA,https://www.camara.cl/verDoc.aspx?prmID=18501&prmTIPO=INICIATIVA,application/pdf,pdf_text,8,8,11518,3450,rica,8efc7f981cba665838df5f41d4793848c9bb72583f42386ecbb099421f1ca846,2026-09-02T15:09:38+00:00
18269-01,18948,2026-05-13,parlamentario,"Establece medidas de prevención y control de riesgos asociados a perros salvajes o ferales, en la seguridad de las personas, el ganado y la fauna silvestre",ingreso_proyecto,Ingreso de proyecto,https://www.camara.cl/verDoc.aspx?prmID=18500&prmTIPO=INICIATIVA,https://www.camara.cl/verDoc.aspx?prmID=18500&prmTIPO=INICIATIVA,application/pdf,pdf_text,7,7,10576,8878,rica,c2b55fd7d16d464451c9b79573d8f9147e12d049141a5dc80b017472cc65769c,2026-09-02T15:09:38+00:00
18270-25,18947,2026-05-13,parlamentario,"Regula la fabricación, acondicionamiento, importación, comercialización y uso de vehículos blindados de uso particular",ingreso_proyecto,Ingreso de proyecto,https://www.camara.cl/verDoc.aspx?prmID=18499&prmTIPO=INICIATIVA,https://www.camara.cl/verDoc.aspx?prmID=18499&prmTIPO=INICIATIVA,application/pdf,pdf_text,10,10,16915,15270,rica,9f056b61a744d6a80eab4f1cb7d76fc844db64df2f1a9dd9e9b92e7e8071e500,2026-09-02T15:09:39+00:00
18271-07,18952,2026-05-13,parlamentario,Establece la obligación de declarar los aportes provenientes desde el extranjero para personas jurídicas sin fines de lucro,ingreso_proyecto,Ingreso de proyecto,https://www.camara.cl/verDoc.aspx?prmID=18504&prmTIPO=INICIATIVA,https://www.camara.cl/verDoc.aspx?prmID=18504&prmTIPO=INICIATIVA,application/pdf,pdf_text,8,8,9372,7710,rica,491674e3dd5e5e1072652d7f6fa657bec25512e887fbea361ff4dceff74cf45f,2026-09-02T15:09:40+00:00
18272-37,18936,2026-05-19,parlamentario,Declara el trabajo de las mujeres descoladoras en la industria pesquera como patrimonio cultural inmaterial de Chile,ingreso_proyecto,Ingreso de proyecto,https://www.camara.cl/verDoc.aspx?prmID=18491&prmTIPO=INICIATIVA,https://www.camara.cl/verDoc.aspx?prmID=18491&prmTIPO=INICIATIVA,application/pdf,pdf_text,3,3,6611,6611,rica,1e7f7e39eb989928b58e50f9b4c46489653235b4894614564a5946c5c1d67e2a,2026-09-02T15:09:47+00:00
18273-21,18937,2026-05-19,parlamentario,"Modifica la Ley General de Pesca y Acuicultura, con el objeto de reconocer las actividades conexas a la pesca industrial.",ingreso_proyecto,Ingreso de proyecto,https://www.camara.cl/verDoc.aspx?prmID=18492&prmTIPO=INICIATIVA,https://www.camara.cl/verDoc.aspx?prmID=18492&prmTIPO=INICIATIVA,application/pdf,pdf_text,2,2,4809,4809,rica,3621168a028aeced8ecf37d56394b3d4567f68fcc0f0ae7fef5a960d3f492ac8,2026-09-02T15:09:47+00:00
18274-07,18938,2026-05-19,parlamentario,"Modifica la Carta Fundamental, con el objeto de consagrar el deber del Estado de resguardar la soberanía digital",ingreso_proyecto,Ingreso de proyecto,https://www.camara.cl/verDoc.aspx?prmID=18493&prmTIPO=INICIATIVA,https://www.camara.cl/verDoc.aspx?prmID=18493&prmTIPO=INICIATIVA,application/pdf,pdf_text,3,3,6200,6200,rica,7f5d0a0a251279ddcd4454c0860fdb8ef10a31c9a2fe66a831c4c0bef24c9881,2026-09-02T15:09:47+00:00
18275-12,18939,2026-05-19,parlamentario,"Modifica diversos cuerpos legales, con el objeto de precisar las funciones ecosistémicas esenciales de los humedales urbanos y los criterios para su delimitación y protección.",ingreso_proyecto,Ingreso de proyecto,https://www.camara.cl/verDoc.aspx?prmID=18494&prmTIPO=INICIATIVA,https://www.camara.cl/verDoc.aspx?prmID=18494&prmTIPO=INICIATIVA,application/pdf,pdf_text,4,4,7425,7425,rica,6d4677f955c64de251c8b40433b92cdc0145b455f7da7add5dda5d67a2c008cd,2026-09-02T15:09:48+00:00
18276-07,18940,2026-05-20,parlamentario,"Modifica el número 1° del artículo 447 del Código Penal, con el objeto de actualizar los términos utilizados en la tipificación del delito de hurto doméstico",ingreso_proyecto,Ingreso de proyecto,https://www.camara.cl/verDoc.aspx?prmID=18495&prmTIPO=INICIATIVA,https://www.camara.cl/verDoc.aspx?prmID=18495&prmTIPO=INICIATIVA,application/pdf,pdf_text,2,2,3796,3796,rica,1a16b461dbfe2097cb8938fa0b108ae813c4fe96c4495fbb171ccb5d86738d94,2026-09-02T15:09:48+00:00
18277-04,18954,2026-05-20,parlamentario,Restringe el uso de redes sociales por parte de los menores de edad que indica,ingreso_proyecto,Ingreso de proyecto,https://www.camara.cl/verDoc.aspx?prmID=18506&prmTIPO=INICIATIVA,https://www.camara.cl/verDoc.aspx?prmID=18506&prmTIPO=INICIATIVA,application/pdf,pdf_text,3,3,6632,6632,rica,343ba85858bb5121c4a8c1bdc565b41132ef1156b13b2cc04bf5682c466ad74d,2026-09-02T15:09:48+00:00
18278-13,18955,2026-05-20,parlamentario,"Sanciona las acusaciones falsas en materia laboral, y modifica el Código Penal y el Código del Trabajo del modo que indica",ingreso_proyecto,Ingreso de proyecto,https://www.camara.cl/verDoc.aspx?prmID=18507&prmTIPO=INICIATIVA,https://www.camara.cl/verDoc.aspx?prmID=18507&prmTIPO=INICIATIVA,application/pdf,pdf_text,3,3,5488,5488,rica,6934a69a8475694c384faad806fe02287e25f841fad471d0ae520aa791147c7c,2026-09-02T15:09:49+00:00
18279-10,18961,2026-06-02,ejecutivo,"Aprueba el Acuerdo que modifica el Convenio entre la República de Chile y el Gobierno de la República de Hungría con el Objeto de Autorizar el Ejercicio de Actividades Remuneradas en el Estado Receptor por los Familiares Dependientes del Personal Diplomático, Consular, Administrativo y Técnico de las Misiones Diplomáticas y Consulares Acreditadas ante los respectivos Gobiernos, y por los Familiares Dependientes de Nacionales Chilenos o Húngaros Acreditados ante Organizaciones Internacionales con Sede en Cualquiera de los Dos Países, adoptado por intercambio de Notas, fechadas en Santiago y Budapest, el 15 de julio de 2024.",ingreso_proyecto,Ingreso de proyecto,https://www.camara.cl/verDoc.aspx?prmID=18513&prmTIPO=INICIATIVA,https://www.camara.cl/verDoc.aspx?prmID=18513&prmTIPO=INICIATIVA,application/pdf,pdf_text,5,5,5242,5242,rica,cabcbad71bd2ea9c52285484a7c8f5b3b834c27f1856827c973c9c91ddd0eec3,2026-09-02T15:09:57+00:00
18280-21,18956,2026-05-31,parlamentario,"Modifica la ley N°21.069, que crea el Instituto Nacional de Desarrollo Sustentable de la Pesca Artesanal y de la Acuicultura de Pequeña Escala, Indespa, en lo relativo a la manera de regular el periodo de inscripción y postulación a beneficios que indica",ingreso_proyecto,Ingreso de proyecto,https://www.camara.cl/verDoc.aspx?prmID=18508&prmTIPO=INICIATIVA,https://www.camara.cl/verDoc.aspx?prmID=18508&prmTIPO=INICIATIVA,application/pdf,pdf_text,10,10,21469,19881,rica,759900893d02c96c29b9056232197625c8f52fcc33eb311862c9db60626eacc1,2026-09-02T15:09:54+00:00
18281-15,18959,2026-05-14,parlamentario,Modifica la Ley de Tránsito para establecer una excepción acotada a la restricción vehicular respecto de vehículos destinados al funcionamiento de ferias libres legalmente autorizadas,ingreso_proyecto,Ingreso de proyecto,https://www.camara.cl/verDoc.aspx?prmID=18511&prmTIPO=INICIATIVA,https://www.camara.cl/verDoc.aspx?prmID=18511&prmTIPO=INICIATIVA,application/pdf,pdf_text,10,10,15753,13957,rica,bdaaea9813a18f8b532d33d1f9a22edcaf41e97c5dfe35987deb5be5afb429f1,2026-09-02T15:09:40+00:00
18282-07,18960,2026-05-15,parlamentario,"Modifica el Código Penal para sancionar toda forma de instrumentalización de niños, niñas y adolescentes para cometer delitos",ingreso_proyecto,Ingreso de proyecto,https://www.camara.cl/verDoc.aspx?prmID=18512&prmTIPO=INICIATIVA,https://www.camara.cl/verDoc.aspx?prmID=18512&prmTIPO=INICIATIVA,application/pdf,pdf_text,6,6,10075,8415,rica,5ba73676c7abd493bab9f231c521868189b2579f0d05d671fa75146924deb366,2026-09-02T15:09:41+00:00
18283-35,18957,2026-05-15,parlamentario,Dispone como beneficiarios de la cuota preferente de inclusión laboral a las y los cuidadores no remunerados y otras personas que indica,ingreso_proyecto,Ingreso de proyecto,https://www.camara.cl/verDoc.aspx?prmID=18509&prmTIPO=INICIATIVA,https://www.camara.cl/verDoc.aspx?prmID=18509&prmTIPO=INICIATIVA,application/pdf,pdf_text,8,8,17450,15778,rica,e3eddd4fc049534cb47f9eb6b8a6da53702ad996bf9caaa67ec37c6c6bf421e7,2026-09-02T15:09:41+00:00
18284-29,18968,2026-05-17,parlamentario,"Establece medidas de control, prohibición y resguardo de la integridad deportiva respecto de plataformas de apuestas en línea no autorizadas",ingreso_proyecto,Ingreso de proyecto,https://www.camara.cl/verDoc.aspx?prmID=18520&prmTIPO=INICIATIVA,https://www.camara.cl/verDoc.aspx?prmID=18520&prmTIPO=INICIATIVA,application/pdf,pdf_text,9,9,15950,14259,rica,6936aa20dc6e42a6a401b30267b76fcaae855cf2e0b23b82239f453304d98815,2026-09-02T15:09:42+00:00
18285-05,18958,2026-05-18,parlamentario,Modifica los cuerpos legales que indica para fortalecer la publicidad y transparencia en materia de modificación presupuestaria,ingreso_proyecto,Ingreso de proyecto,https://www.camara.cl/verDoc.aspx?prmID=18510&prmTIPO=INICIATIVA,https://www.camara.cl/verDoc.aspx?prmID=18510&prmTIPO=INICIATIVA,application/pdf,pdf_text,6,6,9717,8059,rica,afdd510ceb4b86c6ee4ae3bf56ad6398395485274f6cd2de04b5d9673ab915d4,2026-09-02T15:09:45+00:00
18286-03,18962,2026-06-02,ejecutivo,"Modifica la ley N° 19.799, sobre documentos electrónicos, firma electrónica y servicios de certificación de dicha firma, y otros cuerpos legales relacionados",texto_proyecto,Texto del proyecto,https://www.camara.cl/verDoc.aspx?prmID=36657&prmTIPO=OFICIOPLEY,https://www.camara.cl/verDoc.aspx?prmID=36657&prmTIPO=OFICIOPLEY,application/vnd.openxmlformats-officedocument.wordprocessingml.document,docx_text,0,259,26149,26149,rica,0f5d214afff0e100e29cf14cabe8838c89228010cf5d6fa478887db73d57d546,2026-09-02T15:09:58+00:00
18287-11,18971,2026-05-26,parlamentario,Establece un marco general para la implementación de la reproducción humana asistida,ingreso_proyecto,Ingreso de proyecto,https://www.camara.cl/verDoc.aspx?prmID=18523&prmTIPO=INICIATIVA,https://www.camara.cl/verDoc.aspx?prmID=18523&prmTIPO=INICIATIVA,application/pdf,pdf_text,10,10,18374,16862,rica,6c8b9bdc857bca9354fd3af66844c0134f50592db7d999253872b04dd35fa291,2026-09-02T15:09:50+00:00
18288-06,18963,2026-05-21,parlamentario,Modifica diversos cuerpos legales para eliminar la facultad de autoridades locales y regionales de renunciar antes del periodo establecido y postular a nuevos cargos de elección popular,ingreso_proyecto,Ingreso de proyecto,https://www.camara.cl/verDoc.aspx?prmID=18515&prmTIPO=INICIATIVA,https://www.camara.cl/verDoc.aspx?prmID=18515&prmTIPO=INICIATIVA,application/pdf,pdf_text,7,7,7285,5697,rica,b3976000f29e7f20936ac70f27ba8d647bb25b877eecbea9de671932c77024b6,2026-09-02T15:09:50+00:00
18289-01,18965,2026-05-20,parlamentario,"Modifica el DFL N° 30, de 2004, que aprueba el texto refundido, coordinado y sistematizado del decreto con fuerza de ley de Hacienda N° 213, de 1953, sobre ordenanza de aduanas, para establecer sanciones en caso de contrabando de productos agropecuarios infestados",ingreso_proyecto,Ingreso de proyecto,https://www.camara.cl/verDoc.aspx?prmID=18517&prmTIPO=INICIATIVA,https://www.camara.cl/verDoc.aspx?prmID=18517&prmTIPO=INICIATIVA,application/pdf,pdf_text,9,9,11808,10144,rica,99758d51b23aac91b94663e72b80b862c1fcb1af8fedc7d647e2d7e4fb3a88d6,2026-09-02T15:09:49+00:00
18290-15,18964,2026-05-18,parlamentario,Establece una exención del pago de peajes en situaciones de emergencia que indica,ingreso_proyecto,Ingreso de proyecto,https://www.camara.cl/verDoc.aspx?prmID=18516&prmTIPO=INICIATIVA,https://www.camara.cl/verDoc.aspx?prmID=18516&prmTIPO=INICIATIVA,application/pdf,pdf_text,6,6,8912,7367,rica,fb2cd65d069eae6d319abdd79e28846f4484ddfaba03c12f531d1e2dc82cdf48,2026-09-02T15:09:46+00:00
18291-07,18970,2026-05-27,parlamentario,Fortalece legítima defensa privilegiada y la protección jurídica de las víctimas de delitos violentos,ingreso_proyecto,Ingreso de proyecto,https://www.camara.cl/verDoc.aspx?prmID=18522&prmTIPO=INICIATIVA,https://www.camara.cl/verDoc.aspx?prmID=18522&prmTIPO=INICIATIVA,application/pdf,pdf_text,9,9,14388,12773,rica,508740f323891f44a24133117b609231000f7d5d88c83c5adc79a699bb6dd9a1,2026-09-02T15:09:51+00:00
18292-07,18969,2026-05-27,parlamentario,Modifica cuerpos legales que indica para fortalecer la persecución penal en materia de reincidencia,ingreso_proyecto,Ingreso de proyecto,https://www.camara.cl/verDoc.aspx?prmID=18521&prmTIPO=INICIATIVA,https://www.camara.cl/verDoc.aspx?prmID=18521&prmTIPO=INICIATIVA,application/pdf,pdf_text,8,8,13458,11810,rica,3c840c374fcc1857758ce39aacd9470c642dbceed1e1509f80415422ecdaf7cf,2026-09-02T15:09:51+00:00
18293-15,18967,2026-05-28,parlamentario,Modifica ley del tránsito para aumentar la frecuencia de la revisión técnica de los buses de dos pisos,ingreso_proyecto,Ingreso de proyecto,https://www.camara.cl/verDoc.aspx?prmID=18519&prmTIPO=INICIATIVA,https://www.camara.cl/verDoc.aspx?prmID=18519&prmTIPO=INICIATIVA,application/pdf,pdf_text,6,6,6633,5017,rica,1bba2f009951226d0101586b33c639f719117ad59e5ceea8589b0fa10e98e09e,2026-09-02T15:09:52+00:00
18294-15,18997,2026-06-05,parlamentario,"Modifica la ley N°18.290, de Tránsito, para eximir en todos los casos el pago de peaje a los cuerpos de bomberos",ingreso_proyecto,Ingreso de proyecto,https://www.camara.cl/verDoc.aspx?prmID=18548&prmTIPO=INICIATIVA,https://www.camara.cl/verDoc.aspx?prmID=18548&prmTIPO=INICIATIVA,application/pdf,pdf_text,5,5,5451,3816,rica,d7c8180066380f499c742cecdaae1e5175743c7f90dc17e5e81c5e9d4b7c25b1,2026-09-02T15:10:09+00:00
18295-07,18966,2026-05-28,parlamentario,Modifica el Código Penal para sancionar el falso anuncio de atentados o explosivos en establecimientos educacionales,ingreso_proyecto,Ingreso de proyecto,https://www.camara.cl/verDoc.aspx?prmID=18518&prmTIPO=INICIATIVA,https://www.camara.cl/verDoc.aspx?prmID=18518&prmTIPO=INICIATIVA,application/pdf,pdf_text,8,8,10495,8839,rica,9ecf496a933389968b9d7563e0abb6ae5f95cb3f7314a5bc3dbfe6e548cd5ed3,2026-09-02T15:09:52+00:00
18296-05,18974,2026-06-03,ejecutivo,Autoriza mayor endeudamiento del gobierno central durante el año 2026,texto_mensaje,Texto del Mensaje.,https://www.camara.cl/verDoc.aspx?prmID=36666&prmTIPO=OFICIOPLEY,https://www.camara.cl/verDoc.aspx?prmID=36666&prmTIPO=OFICIOPLEY,application/vnd.openxmlformats-officedocument.wordprocessingml.document,docx_text,0,99,9746,9746,rica,86c181ac8b0d18af363f64cd80343e3631c97255436f505a48333a6ae4d9df47,2026-09-02T15:10:03+00:00
18297-07,18975,2026-06-02,parlamentario,"Interpreta el artículo primero transitorio de la ley N° 21.772, que modifica el sistema registral y notarial en sus aspectos orgánicos y funcionales, en lo relativo al procedimiento para proveer las vacantes que indica",ingreso_proyecto,Ingreso de proyecto,https://www.camara.cl/verDoc.aspx?prmID=18527&prmTIPO=INICIATIVA,https://www.camara.cl/verDoc.aspx?prmID=18527&prmTIPO=INICIATIVA,application/pdf,pdf_text,3,3,7271,7271,rica,b29177efebf09273011e8a4e7f6774e0b8bbcf920a31e1531043625890eaef70,2026-09-02T15:09:58+00:00
18298-07,18972,2026-06-02,parlamentario,"Modifica la Carta Fundamental, con el objeto de incluir a las empresas del Estado entre las entidades fiscalizadas por la Contraloría General de la República",ingreso_proyecto,Ingreso de proyecto,https://www.camara.cl/verDoc.aspx?prmID=18524&prmTIPO=INICIATIVA,https://www.camara.cl/verDoc.aspx?prmID=18524&prmTIPO=INICIATIVA,application/pdf,pdf_text,4,4,8800,8800,rica,928f94ca3d7e1b30d2969e54730946a6dfedfa53edcd6484396ecb0d1142c4d0,2026-09-02T15:09:58+00:00
18299-35,18973,2026-06-03,parlamentario,"Modifica diversos cuerpos legales, con el objeto de promover la responsabilidad familiar respecto de adultos mayores internados en establecimientos de salud",ingreso_proyecto,Ingreso de proyecto,https://www.camara.cl/verDoc.aspx?prmID=18525&prmTIPO=INICIATIVA,https://www.camara.cl/verDoc.aspx?prmID=18525&prmTIPO=INICIATIVA,application/pdf,pdf_text,4,4,8918,8918,rica,60170245c439e6bc1a23b991baef4744ed48194fc5c2d590610f9e995baf9f5f,2026-09-02T15:10:04+00:00
18300-04,18976,2026-06-03,parlamentario,Prohíbe el acceso y uso de redes sociales a menores de catorce años y establece las obligaciones que indica para los prestadores de dichos servicios,ingreso_proyecto,Ingreso de proyecto,https://www.camara.cl/verDoc.aspx?prmID=18528&prmTIPO=INICIATIVA,https://www.camara.cl/verDoc.aspx?prmID=18528&prmTIPO=INICIATIVA,application/pdf,pdf_text,6,6,15114,15114,rica,a465d9aacbec47550ead5dcd21048a85e74d5ab3be5e17cdab68a958acc60bd3,2026-09-02T15:10:04+00:00
18301-10,18989,2026-06-04,ejecutivo,"Aprueba el Convenio de Transporte Aéreo entre el Gobierno de la República de Chile y el Gobierno de la República de Costa Rica, suscrito en Lima, Perú, el 13 de diciembre de 2023",texto_proyecto,Texto del proyecto,https://www.camara.cl/verDoc.aspx?prmID=36679&prmTIPO=OFICIOPLEY,https://www.camara.cl/verDoc.aspx?prmID=36679&prmTIPO=OFICIOPLEY,application/vnd.openxmlformats-officedocument.wordprocessingml.document,docx_text,0,182,13829,13829,rica,137bb76cc45ab67593d4395882281765523cc98e175fbbb25303e71fa6b159bd,2026-09-02T15:10:07+00:00
18302-11,18978,2026-06-03,parlamentario,"Modifica la ley N° 20.606, sobre composición nutricional de los alimentos y su publicidad, con el objeto de facilitar el acceso a alimentos libres de gluten en establecimientos de comercio y garantizar su inocuidad",ingreso_proyecto,Ingreso de proyecto,https://www.camara.cl/verDoc.aspx?prmID=18530&prmTIPO=INICIATIVA,https://www.camara.cl/verDoc.aspx?prmID=18530&prmTIPO=INICIATIVA,application/pdf,pdf_text,2,2,3119,3119,rica,68e225e42f9f0de1a9f39e04be5028f6d5a9bb51e776ee5c8423f96b29f66939,2026-09-02T15:10:04+00:00
18303-15,18979,2026-06-03,parlamentario,Prorroga la vigencia de las licencias de conducir en los casos y plazos que señala,ingreso_proyecto,Ingreso de proyecto,https://www.camara.cl/verDoc.aspx?prmID=18531&prmTIPO=INICIATIVA,https://www.camara.cl/verDoc.aspx?prmID=18531&prmTIPO=INICIATIVA,application/pdf,pdf_text,2,2,5109,5109,rica,178131971565a9e6c0eb6f603af2f23b7ed341b121129196d2ad27fd6c359b2c,2026-09-02T15:10:05+00:00
18304-06,18977,2026-06-03,parlamentario,"Modifica la Ley Orgánica Constitucional de los Partidos Políticos, con el objeto de establecer un porcentaje mínimo de participación de afiliados para la validez de los procesos de elección de sus autoridades",ingreso_proyecto,Ingreso de proyecto,https://www.camara.cl/verDoc.aspx?prmID=18529&prmTIPO=INICIATIVA,https://www.camara.cl/verDoc.aspx?prmID=18529&prmTIPO=INICIATIVA,application/pdf,pdf_text,3,3,7055,7055,rica,913a81e602c8dd55ec57fabbad20c719ea445d926c79787269ebb38b3c6b76ef,2026-09-02T15:10:05+00:00
18305-04,18980,2026-06-03,parlamentario,"Modifica la Ley sobre Subvención del Estado a Establecimientos Educacionales, con el objeto de prohibir la postulación a las instituciones educativas que indica a alumnos sancionados con la medida de expulsión",ingreso_proyecto,Ingreso de proyecto,https://www.camara.cl/verDoc.aspx?prmID=18532&prmTIPO=INICIATIVA,https://www.camara.cl/verDoc.aspx?prmID=18532&prmTIPO=INICIATIVA,application/pdf,pdf_text,2,2,4935,4935,rica,ab0dfbf305dc7965ef9354a36857482320f1a6a45ef3a2a1d2f0d80a3651576e,2026-09-02T15:10:05+00:00
18306-15,18985,2026-05-29,parlamentario,"Modifica la ley N° 18.290, de tránsito, para sancionar la negativa a aceptar el pago de tarifa escolar en el transporte público remunerado de pasajeros",ingreso_proyecto,Ingreso de proyecto,https://www.camara.cl/verDoc.aspx?prmID=18537&prmTIPO=INICIATIVA,https://www.camara.cl/verDoc.aspx?prmID=18537&prmTIPO=INICIATIVA,application/pdf,pdf_text,6,6,6638,4794,rica,9a05992ab094b60911961b0375fc1b8e9e679a6ddd172c3074b5f5905fa74a05,2026-09-02T15:09:53+00:00
18307-03,18987,2026-05-29,parlamentario,"Modifica la ley N° 19.496, que establece normas sobre protección de los derechos de los consumidores, para disponer la devolución íntegra del valor del pasaje cancelado en el transporte interurbano de pasajeros",ingreso_proyecto,Ingreso de proyecto,https://www.camara.cl/verDoc.aspx?prmID=18539&prmTIPO=INICIATIVA,https://www.camara.cl/verDoc.aspx?prmID=18539&prmTIPO=INICIATIVA,application/pdf,pdf_text,6,6,5940,4038,rica,197358ae9507ae160cf8596d97fc520aefef382a0e0e905e494664f149758770,2026-09-02T15:09:53+00:00
18308-11,18986,2026-05-29,parlamentario,"Modifica la ley N° 19.419, que regula actividades que indica relacionadas con el tabaco, para extender su aplicación a los dispositivos alternativos con y sin nicotina",ingreso_proyecto,Ingreso de proyecto,https://www.camara.cl/verDoc.aspx?prmID=18538&prmTIPO=INICIATIVA,https://www.camara.cl/verDoc.aspx?prmID=18538&prmTIPO=INICIATIVA,application/pdf,pdf_text,8,8,15948,13983,rica,9ef31e39bd693a6fc0f491143251cb71aaa78ea8aa92ae1c8bc4363c8ed3d0c0,2026-09-02T15:09:54+00:00
18309-14,18983,2026-05-31,parlamentario,Modifica la Ley General de Urbanismo y Construcciones para exigir la ejecución previa o simultánea de las medidas de mitigación directas en proyectos inmobiliarios,ingreso_proyecto,Ingreso de proyecto,https://www.camara.cl/verDoc.aspx?prmID=18535&prmTIPO=INICIATIVA,https://www.camara.cl/verDoc.aspx?prmID=18535&prmTIPO=INICIATIVA,application/pdf,pdf_text,8,8,11449,11449,rica,c987b07e8f3a5c74121f4d35904a4a50ed48f089171a1ce5868ed027a517fa1e,2026-09-02T15:09:55+00:00
18310-03,18992,2026-05-31,parlamentario,Modifica la ley N° 19.925 para regular la venta de bebidas alcohólicas en grandes cantidades a personas no autorizadas para su expendio o comercialización,ingreso_proyecto,Ingreso de proyecto,https://www.camara.cl/verDoc.aspx?prmID=18543&prmTIPO=INICIATIVA,https://www.camara.cl/verDoc.aspx?prmID=18543&prmTIPO=INICIATIVA,application/pdf,pdf_text,7,7,7368,7368,rica,f65cc578559a5e044799a58c776b49d15a3f78f35f529a33d1197d9811c68b06,2026-09-02T15:09:55+00:00
18311-06,18982,2026-05-31,parlamentario,Rehabilita la nacionalidad chilena a Carolina Dawabe Valle,ingreso_proyecto,Ingreso de proyecto,https://www.camara.cl/verDoc.aspx?prmID=18534&prmTIPO=INICIATIVA,https://www.camara.cl/verDoc.aspx?prmID=18534&prmTIPO=INICIATIVA,application/pdf,pdf_text,6,6,8657,8657,rica,e2a227da454f13c4af6a1318781ef206379f4a9eebf8480c43049e6fee74620d,2026-09-02T15:09:56+00:00
18312-07,18981,2026-06-01,parlamentario,"Modifica el Código Penal para agravar las sanciones aplicables a ciertos delitos cometidos por asociaciones delictivas o criminales, o por cuenta o encargo de estas",ingreso_proyecto,Ingreso de proyecto,https://www.camara.cl/verDoc.aspx?prmID=18533&prmTIPO=INICIATIVA,https://www.camara.cl/verDoc.aspx?prmID=18533&prmTIPO=INICIATIVA,application/pdf,pdf_text,12,12,14542,12826,rica,a248b893ac47b1ca189c9a45a2dc41b2bc2509524735b5cb60c1231c05e1c571,2026-09-02T15:09:57+00:00
18313-08,18984,2026-06-02,parlamentario,"Modifica el decreto ley N° 1.349, de 1976, que crea la Comisión Chilena del Cobre, para otorgar a la Contraloría General de la República facultades fiscalizadoras respecto de las empresas estatales productoras de cobre y sus derivados",ingreso_proyecto,Ingreso de proyecto,https://www.camara.cl/verDoc.aspx?prmID=18536&prmTIPO=INICIATIVA,https://www.camara.cl/verDoc.aspx?prmID=18536&prmTIPO=INICIATIVA,application/pdf,pdf_text,6,6,7939,6098,rica,cbaf0a31bb19812f07ef7a7ac218f05a8237bc536bf45024ef98eb2a307628a5,2026-09-02T15:09:59+00:00
18314-07,18990,2026-06-08,ejecutivo,Reforma la Constitución Política en materia de detención para la ejecución de expulsiones administrativas,texto_mensaje,Texto del Mensaje.,https://www.camara.cl/verDoc.aspx?prmID=36680&prmTIPO=OFICIOPLEY,https://www.camara.cl/verDoc.aspx?prmID=36680&prmTIPO=OFICIOPLEY,application/vnd.openxmlformats-officedocument.wordprocessingml.document,docx_text,0,140,12781,12781,rica,eb079a8146b961b556bc149bff93239845c9e6d4ef9331534530abff73c5b03d,2026-09-02T15:10:11+00:00
18315-07,18991,2026-06-08,ejecutivo,Amplía las hipótesis de tráfico de migrantes y modifica los textos legales que indica,texto_proyecto,Texto del proyecto,https://www.camara.cl/verDoc.aspx?prmID=36681&prmTIPO=OFICIOPLEY,https://www.camara.cl/verDoc.aspx?prmID=36681&prmTIPO=OFICIOPLEY,application/vnd.openxmlformats-officedocument.wordprocessingml.document,docx_text,0,154,10407,10407,rica,0a689bf1c1c84694e422506f1dae31232fad14d602af252c03c439bdad98472e,2026-09-02T15:10:12+00:00
18316-02,18998,2026-06-02,parlamentario,"Previene y sanciona la fabricación, adaptación y circulación de armas hechizas y dispositivos susceptibles de ser transformados en armas de fuego",ingreso_proyecto,Ingreso de proyecto,https://www.camara.cl/verDoc.aspx?prmID=18549&prmTIPO=INICIATIVA,https://www.camara.cl/verDoc.aspx?prmID=18549&prmTIPO=INICIATIVA,application/pdf,pdf_text,7,7,10628,8870,rica,78e7ab0f042997873273a63b961fd301ee55514f95f93b82caa7a786512b63eb,2026-09-02T15:10:00+00:00
18317-13,18995,2026-06-02,parlamentario,Modifica el Código de Trabajo para eximir de la jornada ordinaria de trabajo a quienes se desempeñen en instituciones de beneficencia,ingreso_proyecto,Ingreso de proyecto,https://www.camara.cl/verDoc.aspx?prmID=18546&prmTIPO=INICIATIVA,https://www.camara.cl/verDoc.aspx?prmID=18546&prmTIPO=INICIATIVA,application/pdf,pdf_text,7,7,12269,12269,rica,55b3eb56d02fb5a719db6ed0a5e98a6a3154968314c905a95520d6cadc873fee,2026-09-02T15:10:00+00:00
18318-19,18996,2026-06-02,parlamentario,"Establece un estatuto de responsabilidad algorítmica y protección digital de niños, niñas y adolescentes",ingreso_proyecto,Ingreso de proyecto,https://www.camara.cl/verDoc.aspx?prmID=18547&prmTIPO=INICIATIVA,https://www.camara.cl/verDoc.aspx?prmID=18547&prmTIPO=INICIATIVA,application/pdf,pdf_text,16,16,38369,38369,rica,17e33c95aca62135eed128bcccf74570bd4f25648324361a6c9af0066387f715,2026-09-02T15:10:01+00:00
18319-07,19000,2026-06-02,parlamentario,"Modifica el Código Penal para incorporar la circunstancia agravante de atentado contra personas que se desempeñen en centros de acogida y cuidado de niños, niñas y adolescentes reconocidos por el Estado",ingreso_proyecto,Ingreso de proyecto,https://www.camara.cl/verDoc.aspx?prmID=18551&prmTIPO=INICIATIVA,https://www.camara.cl/verDoc.aspx?prmID=18551&prmTIPO=INICIATIVA,application/pdf,pdf_text,7,7,11835,11835,rica,b7133ce83d9f1daf7e9f3cf6a4b8e9d0a3bca17bcea929830b4b577e4ae46019,2026-09-02T15:10:02+00:00
18320-18,18993,2026-06-02,parlamentario,Modifica la ley N° 21.430 para incorporar medidas de protección de la infancia y la adolescencia en entornos digitales,ingreso_proyecto,Ingreso de proyecto,https://www.camara.cl/verDoc.aspx?prmID=18544&prmTIPO=INICIATIVA,https://www.camara.cl/verDoc.aspx?prmID=18544&prmTIPO=INICIATIVA,application/pdf,pdf_text,6,6,7748,6130,rica,a662b2c8f0bba7a4d46c6c4cbfd4138739f684083ea80bf21f6d716e4c3e8ef6,2026-09-02T15:10:02+00:00
18321-14,18994,2026-06-03,parlamentario,Fortalece la seguridad en edificaciones habitacionales en altura,ingreso_proyecto,Ingreso de proyecto,https://www.camara.cl/verDoc.aspx?prmID=18545&prmTIPO=INICIATIVA,https://www.camara.cl/verDoc.aspx?prmID=18545&prmTIPO=INICIATIVA,application/pdf,pdf_text,7,7,11716,9899,rica,4395bb19379278682a18bf02f85e0615e72fd59e44de8e7d27f5990b757231d1,2026-09-02T15:10:06+00:00
18322-06,18999,2026-06-03,parlamentario,"Modifica la ley N°18.695, orgánica constitucional de municipalidades, para disponer la atribución municipal de regular el horario de funcionamiento de los establecimientos de comercio que se indican",ingreso_proyecto,Ingreso de proyecto,https://www.camara.cl/verDoc.aspx?prmID=18550&prmTIPO=INICIATIVA,https://www.camara.cl/verDoc.aspx?prmID=18550&prmTIPO=INICIATIVA,application/pdf,pdf_text,7,7,8659,6685,rica,6a245754bf2f559bb095d21489ead1d1c9c2772b1880716e294580a6f37c2c62,2026-09-02T15:10:07+00:00
18323-07,19001,2026-06-09,parlamentario,Modifica diversos cuerpos legales con el objeto de fortalecer la persecución y sanción del delito de abigeato,ingreso_proyecto,Ingreso de proyecto,https://www.camara.cl/verDoc.aspx?prmID=18552&prmTIPO=INICIATIVA,https://www.camara.cl/verDoc.aspx?prmID=18552&prmTIPO=INICIATIVA,application/pdf,pdf_text,9,9,22224,22224,rica,872694390d7a8f20775236519f944dfe52871c01097afaa7b3ee909d57fc1c88,2026-09-02T15:10:15+00:00
18324-07,19008,2026-06-04,parlamentario,Introduce en el Código Procesal Penal la figura del agente encubierto en línea,ingreso_proyecto,Ingreso de proyecto,https://www.camara.cl/verDoc.aspx?prmID=18559&prmTIPO=INICIATIVA,https://www.camara.cl/verDoc.aspx?prmID=18559&prmTIPO=INICIATIVA,application/pdf,pdf_text,9,9,14648,13107,rica,fc785b60b259a4bf2a478eacfe813ff37934bdc4559911078456592f6172c98d,2026-09-02T15:10:07+00:00
18325-06,19003,2026-06-04,parlamentario,Establece un régimen especial de nacionalización para deportistas de alto rendimiento y proyección internacional,ingreso_proyecto,Ingreso de proyecto,https://www.camara.cl/verDoc.aspx?prmID=18554&prmTIPO=INICIATIVA,https://www.camara.cl/verDoc.aspx?prmID=18554&prmTIPO=INICIATIVA,application/pdf,pdf_text,8,8,12025,10109,rica,4295c89340a9c62e83cc6490265ea3950db19fe8373b44658965dbf1973ca0ae,2026-09-02T15:10:08+00:00
18326-18,19005,2026-06-02,parlamentario,"Refuerza la protección integral de niños, niñas y adolescentes en procesos judiciales y establece medidas de prevención y sanción de falsos informes y denuncias",ingreso_proyecto,Ingreso de proyecto,https://www.camara.cl/verDoc.aspx?prmID=18556&prmTIPO=INICIATIVA,https://www.camara.cl/verDoc.aspx?prmID=18556&prmTIPO=INICIATIVA,application/pdf,pdf_text,20,20,40397,38665,rica,5becc6c7faf6cd14d397f0239439fdd3be6d069293c46bd17cf81e57aac726d6,2026-09-02T15:10:03+00:00
18327-07,19006,2026-06-04,parlamentario,"Modifica la ley N° 18.918, orgánica constitucional del Congreso Nacional, para sancionar el incumplimiento de funciones parlamentarias durante la semana distrital",ingreso_proyecto,Ingreso de proyecto,https://www.camara.cl/verDoc.aspx?prmID=18557&prmTIPO=INICIATIVA,https://www.camara.cl/verDoc.aspx?prmID=18557&prmTIPO=INICIATIVA,application/pdf,pdf_text,9,9,16599,14812,rica,e8230c0be29871b260661df2b56a91d72097cb825976aa6d2a88e5773e1cac8b,2026-09-02T15:10:09+00:00
18328-05,19002,2026-06-05,parlamentario,Promueve la austeridad y fortalece los requisitos para destinar recursos públicos en actividades institucionales,ingreso_proyecto,Ingreso de proyecto,https://www.camara.cl/verDoc.aspx?prmID=18553&prmTIPO=INICIATIVA,https://www.camara.cl/verDoc.aspx?prmID=18553&prmTIPO=INICIATIVA,application/pdf,pdf_text,5,5,7916,6263,rica,52e13770e1df94b5b0ada2d6cb3ef034fccf371674cca206df6b8f2fce5dc25f,2026-09-02T15:10:10+00:00
18329-06,19004,2026-06-05,parlamentario,Sanciona la ocupación de bienes nacionales de uso público mediante instalaciones precarias que sirven de base a la comisión de delitos,ingreso_proyecto,Ingreso de proyecto,https://www.camara.cl/verDoc.aspx?prmID=18555&prmTIPO=INICIATIVA,https://www.camara.cl/verDoc.aspx?prmID=18555&prmTIPO=INICIATIVA,application/pdf,pdf_text,5,5,7249,5572,rica,5fb515c81149330e6617357035f0bdd39c656423b408b380741c3b75f021a583,2026-09-02T15:10:10+00:00
18330-07,19007,2026-06-05,parlamentario,Modifica el Código Procesal Penal para restringir la presentación de querellas por parte de parlamentarios en ejercicio,ingreso_proyecto,Ingreso de proyecto,https://www.camara.cl/verDoc.aspx?prmID=18558&prmTIPO=INICIATIVA,https://www.camara.cl/verDoc.aspx?prmID=18558&prmTIPO=INICIATIVA,application/pdf,pdf_text,4,4,4101,2375,rica,ea1ac6907f14e4b51d8bbe99ef22ee7f1e97f823dfe06a456bd40c2b67c2a1da,2026-09-02T15:10:11+00:00
18331-17,19009,2026-06-05,parlamentario,"Modifica la ley N° 20.405, del Instituto Nacional de Derechos Humanos, en materia de transparencia, responsabilidad institucional, gobierno corporativo y rendición de cuentas",ingreso_proyecto,Ingreso de proyecto,https://www.camara.cl/verDoc.aspx?prmID=18560&prmTIPO=INICIATIVA,https://www.camara.cl/verDoc.aspx?prmID=18560&prmTIPO=INICIATIVA,application/pdf,pdf_text,10,10,16551,14782,rica,03b64716f91e89b0916b876affd051d6fd64c1531ff75cd2e45062d90178fb1e,2026-09-02T15:10:11+00:00
18332-25,19010,2026-06-10,parlamentario,"Modifica la ley N° 21.802, en lo relativo al plazo para considerar un delito como flagrante, en el caso de detenciones efectuadas por inspectores de seguridad municipal",ingreso_proyecto,Ingreso de proyecto,https://www.camara.cl/verDoc.aspx?prmID=18561&prmTIPO=INICIATIVA,https://www.camara.cl/verDoc.aspx?prmID=18561&prmTIPO=INICIATIVA,application/pdf,pdf_text,3,3,6397,6397,rica,60e17371a82afe3f64baf32f3c5383b00118f17da8014fac82491877b6b28737,2026-09-02T15:10:19+00:00
18333-07,19011,2026-06-10,parlamentario,"Modifica diversos cuerpos legales, con el objeto de sancionar penalmente el reclutamiento de personas por parte de una asociación delictiva o criminal",ingreso_proyecto,Ingreso de proyecto,https://www.camara.cl/verDoc.aspx?prmID=18562&prmTIPO=INICIATIVA,https://www.camara.cl/verDoc.aspx?prmID=18562&prmTIPO=INICIATIVA,application/pdf,pdf_text,4,4,7853,7853,rica,42981429f3bc4b3e5b24b7cd1bd27a2801b37ff4e4e4fff3e5676a8e65d7f872,2026-09-02T15:10:20+00:00
18334-10,19012,2026-06-10,ejecutivo,"Aprueba la &quot;Enmienda del Artículo VI del Estatuto del Organismo Internacional de Energía Atómica&quot;, aprobada por la Conferencia General del Organismo, celebrada el 1 de octubre de 1999 en Viena, Austria",ingreso_proyecto,Ingreso de proyecto,https://www.camara.cl/verDoc.aspx?prmID=18563&prmTIPO=INICIATIVA,https://www.camara.cl/verDoc.aspx?prmID=18563&prmTIPO=INICIATIVA,application/pdf,pdf_text,7,7,9064,9064,rica,07d90437de3995ab2fdaa0ec74b3ab0438742c285094ce88a7911cdfdfd43fd9,2026-09-02T15:10:20+00:00
18335-02,19013,2026-06-10,parlamentario,"Modifica la Ley sobre Control de Armas, con el objeto de fortalecer la trazabilidad, custodia y control de las armas de fuego",ingreso_proyecto,Ingreso de proyecto,https://www.camara.cl/verDoc.aspx?prmID=18564&prmTIPO=INICIATIVA,https://www.camara.cl/verDoc.aspx?prmID=18564&prmTIPO=INICIATIVA,application/pdf,pdf_text,9,9,21215,21215,rica,3598c4634a4a89d2f746355fd768bee86747e19af30d8b625a4521888a4475af,2026-09-02T15:10:20+00:00
18336-15,19015,2026-06-10,parlamentario,"Modifica el Código Aeronáutico, con el objeto de reforzar la protección de los derechos de los pasajeros ante imprevistos ocasionados por razones de seguridad, fuerza mayor o fenómenos meteorológicos",ingreso_proyecto,Ingreso de proyecto,https://www.camara.cl/verDoc.aspx?prmID=18566&prmTIPO=INICIATIVA,https://www.camara.cl/verDoc.aspx?prmID=18566&prmTIPO=INICIATIVA,application/pdf,pdf_text,5,5,13278,13278,rica,44ca6a910a9a4d2b4330a5ef0d987d83616180317c3c5d638732bdb81e443fcd,2026-09-02T15:10:21+00:00
18337-12,19017,2026-06-10,parlamentario,"Modifica la ley N° 21.368, con el objeto de prorrogar la entrada en vigencia de su reglamento y flexibilizar la aplicación de las disposiciones que indica",ingreso_proyecto,Ingreso de proyecto,https://www.camara.cl/verDoc.aspx?prmID=18568&prmTIPO=INICIATIVA,https://www.camara.cl/verDoc.aspx?prmID=18568&prmTIPO=INICIATIVA,application/pdf,pdf_text,5,5,10119,10119,rica,a75564ff1ed0757fdd1a84b80c448e1d3a7bc18da688803b6f0206ceeae76f01,2026-09-02T15:10:21+00:00
18338-06,19014,2026-06-10,parlamentario,"Modifica la ley N° 19.886, Ley de Bases sobre Contratos Administrativos de Suministro y Prestación de Servicios, con el objeto de fortalecer la protección laboral del personal que se desempeña en la manipulación de alimentos y asegurar la correcta prestación de dichos servicios",ingreso_proyecto,Ingreso de proyecto,https://www.camara.cl/verDoc.aspx?prmID=18565&prmTIPO=INICIATIVA,https://www.camara.cl/verDoc.aspx?prmID=18565&prmTIPO=INICIATIVA,application/pdf,pdf_text,5,5,8098,8098,rica,625dbe0f6a7ac4c0276db433748e91d1b152f5d682b29df4d0b150693cee8d96,2026-09-02T15:10:22+00:00
18339-35,19034,2026-06-16,parlamentario,"Modifica el Código Civil, con el objeto de suprimir disposiciones que limitan la capacidad jurídica de personas con discapacidad visual o auditiva",ingreso_proyecto,Ingreso de proyecto,https://www.camara.cl/verDoc.aspx?prmID=18585&prmTIPO=INICIATIVA,https://www.camara.cl/verDoc.aspx?prmID=18585&prmTIPO=INICIATIVA,application/pdf,pdf_text,4,4,7077,7077,rica,c4753cb8604cb7b318615801c107375d12c088e6fb4f5418082963d4371a7d99,2026-09-02T15:10:34+00:00
18340-03,19016,2026-06-10,parlamentario,Excluye la aplicación de la unidad de fomento como mecanismo de reajustabilidad en los contratos que señala y establece mayores deberes de transparencia en su utilización,ingreso_proyecto,Ingreso de proyecto,https://www.camara.cl/verDoc.aspx?prmID=18567&prmTIPO=INICIATIVA,https://www.camara.cl/verDoc.aspx?prmID=18567&prmTIPO=INICIATIVA,application/pdf,pdf_text,4,4,8781,8781,rica,38a9f4a9989fb5efef8e8c434d80d89d2a1c57c9fd771e9e4302b294747ad039,2026-09-02T15:10:22+00:00
18341-25,19025,2026-06-12,ejecutivo,Crea el registro de actos vandálicos e incivilidades,texto_mensaje,Texto del Mensaje,https://www.camara.cl/verDoc.aspx?prmID=36727&prmTIPO=OFICIOPLEY,https://www.camara.cl/verDoc.aspx?prmID=36727&prmTIPO=OFICIOPLEY,application/vnd.openxmlformats-officedocument.wordprocessingml.document,docx_text,0,396,43626,43626,rica,ecdf6150529ee4e37dfd8e429658e2d76745eafd89f7bac97bec0644c27e0ab6,2026-09-02T15:10:28+00:00
18342-02,19020,2026-06-08,parlamentario,"Modifica la ley N° 17.798, sobre control de armas, para agravar la sanción aplicable a los delitos perpetrados mediante el uso de fuegos artificiales y facultar a los inspectores municipales para fiscalizar la comercialización, porte y uso de estos elementos",ingreso_proyecto,Ingreso de proyecto,https://www.camara.cl/verDoc.aspx?prmID=18571&prmTIPO=INICIATIVA,https://www.camara.cl/verDoc.aspx?prmID=18571&prmTIPO=INICIATIVA,application/pdf,pdf_text,4,4,6569,4573,rica,59226bbff3e60515ed2db1900b9864cb8f8659e41ce766003c8594f57551d1e7,2026-09-02T15:10:12+00:00
18343-16,19023,2026-06-08,parlamentario,"Modifica el inciso segundo del artículo 355 del Reglamento de la Cámara de Diputados, con el objeto de aumentar el quorum de los acuerdos adoptados por la Comisión de Ética que apliquen sanciones por faltas a los deberes parlamentarios",ingreso_proyecto,Ingreso de proyecto,https://www.camara.cl/verDoc.aspx?prmID=18574&prmTIPO=INICIATIVA,https://www.camara.cl/verDoc.aspx?prmID=18574&prmTIPO=INICIATIVA,application/pdf,pdf_text,5,5,5685,3764,rica,3f744d9f0e83b5d018ba86a8251bb6e28fba5745060b1ffda51e0c3e0cd4d0bf,2026-09-02T15:10:13+00:00
18344-07,19018,2026-06-08,parlamentario,"Modifica el artículo 19 N° 8 de la Constitución Política de la República, para establecer la obligatoriedad de afiliación al Fondo Nacional de Salud de las altas autoridades del Estado",ingreso_proyecto,Ingreso de proyecto,https://www.camara.cl/verDoc.aspx?prmID=18569&prmTIPO=INICIATIVA,https://www.camara.cl/verDoc.aspx?prmID=18569&prmTIPO=INICIATIVA,application/pdf,pdf_text,9,9,18820,17034,rica,711c46000a26d7fe6424a5ddd10d29fc0fcc60ef0d1cdf9847fc4697c29aff0e,2026-09-02T15:10:13+00:00
18345-13,19022,2026-06-08,parlamentario,Modifica el Código del Trabajo para resguardar la inembargabilidad de las remuneraciones de los trabajadores ante acciones de cobranza,ingreso_proyecto,Ingreso de proyecto,https://www.camara.cl/verDoc.aspx?prmID=18573&prmTIPO=INICIATIVA,https://www.camara.cl/verDoc.aspx?prmID=18573&prmTIPO=INICIATIVA,application/pdf,pdf_text,5,5,8098,6419,rica,0918c3189a95aa7788cc16f30d60c766cb6383b8ec953526adb1367f5405e8c8,2026-09-02T15:10:14+00:00
18346-11,19024,2026-06-08,parlamentario,Modifica cuerpos legales que indica con el objeto de eximir del requisito de orden médica para la realización del examen de antígeno prostático específico (APE),ingreso_proyecto,Ingreso de proyecto,https://www.camara.cl/verDoc.aspx?prmID=18575&prmTIPO=INICIATIVA,https://www.camara.cl/verDoc.aspx?prmID=18575&prmTIPO=INICIATIVA,application/pdf,pdf_text,5,5,6184,4462,rica,4d8f54053ff2acdbbd2f1361dc166cd70022069231e8df0ca1cee110334148b2,2026-09-02T15:10:14+00:00
18347-29,19021,2026-06-08,parlamentario,Establece la obligatoriedad de exámenes de detección de drogas para el personal técnico de divisiones inferiores de clubes de fútbol profesional,ingreso_proyecto,Ingreso de proyecto,https://www.camara.cl/verDoc.aspx?prmID=18572&prmTIPO=INICIATIVA,https://www.camara.cl/verDoc.aspx?prmID=18572&prmTIPO=INICIATIVA,application/pdf,pdf_text,7,7,9181,3725,rica,b886c3bc3de9d8a87fe79f490c6c3dff9f65cde05cdca7faf0a0b60c3f292cf1,2026-09-02T15:10:15+00:00
18348-13,19019,2026-06-09,parlamentario,Modifica el Código del Trabajo en materia de permiso por fallecimiento de un hijo o de la persona bajo el cuidado personal del trabajador,ingreso_proyecto,Ingreso de proyecto,https://www.camara.cl/verDoc.aspx?prmID=18570&prmTIPO=INICIATIVA,https://www.camara.cl/verDoc.aspx?prmID=18570&prmTIPO=INICIATIVA,application/pdf,pdf_text,5,5,6586,4951,rica,d47ce9338318fba352d00972230ecbe86aabf87525affd76c01e5d34c659b3b9,2026-09-02T15:10:16+00:00
18349-06,19029,2026-06-09,parlamentario,Modifica el Código Penal y el Código Procesal Penal para tipificar como delito el empleo de bienes de uso público o de libre acceso al público para habitar o pernoctar y establecerlo como un delito de flagrancia permanente,ingreso_proyecto,Ingreso de proyecto,https://www.camara.cl/verDoc.aspx?prmID=18580&prmTIPO=INICIATIVA,https://www.camara.cl/verDoc.aspx?prmID=18580&prmTIPO=INICIATIVA,application/pdf,pdf_text,5,5,7270,5440,rica,caa4a30f477ef89103a3dc63591cc6d8d35eed8faf426afdccf679f4d4b2d292,2026-09-02T15:10:17+00:00
18350-25,19028,2026-06-09,parlamentario,"Modifica la ley N° 21.659, sobre seguridad privada, para eximir del deber de contratar seguros o constituir caución a los organizadores de eventos religiosos masivos",ingreso_proyecto,Ingreso de proyecto,https://www.camara.cl/verDoc.aspx?prmID=18579&prmTIPO=INICIATIVA,https://www.camara.cl/verDoc.aspx?prmID=18579&prmTIPO=INICIATIVA,application/pdf,pdf_text,5,5,5131,3366,rica,30d62502abbd57d3d64ca7ebe143096ef69fb03c0ed82c89d6d8e21565015c0f,2026-09-02T15:10:17+00:00
18351-07,19031,2026-06-09,parlamentario,Modifica textos legales que indica en materia de cumplimiento efectivo de penas privativas de libertad respecto de delitos que indica,ingreso_proyecto,Ingreso de proyecto,https://www.camara.cl/verDoc.aspx?prmID=18582&prmTIPO=INICIATIVA,https://www.camara.cl/verDoc.aspx?prmID=18582&prmTIPO=INICIATIVA,application/pdf,pdf_text,10,10,11229,9472,rica,0a00f7f836afbc000d243dc7b00586df9328bcda63836c8ca1101c8bf912acb3,2026-09-02T15:10:18+00:00
18352-04,19026,2026-06-10,parlamentario,"Modifica la ley N°20.370, General de Educación, para incorporar la educación emocional y salud mental en el sistema escolar",ingreso_proyecto,Ingreso de proyecto,https://www.camara.cl/verDoc.aspx?prmID=18577&prmTIPO=INICIATIVA,https://www.camara.cl/verDoc.aspx?prmID=18577&prmTIPO=INICIATIVA,application/pdf,pdf_text,13,13,18190,3293,rica,94ef4fed9c61d3f8176409cc724e7901e8ba35b194a1515272e6ef4104555fca,2026-09-02T15:10:23+00:00
18353-07,19030,2026-06-09,parlamentario,Conmutación de penas,ingreso_proyecto,Ingreso de proyecto,https://www.camara.cl/verDoc.aspx?prmID=18581&prmTIPO=INICIATIVA,https://www.camara.cl/verDoc.aspx?prmID=18581&prmTIPO=INICIATIVA,application/pdf,pdf_text,8,8,14033,7475,rica,7d82867727a21966841ee8a907e5f805144eb1fdde615941dceab099bc287882,2026-09-02T15:10:18+00:00
18354-07,19027,2026-06-10,parlamentario,"Modifica el artículo 19 N°16 de la Constitución Política, para disponer un procedimiento de negociación de reajustes salariales en el sector público y privado",ingreso_proyecto,Ingreso de proyecto,https://www.camara.cl/verDoc.aspx?prmID=18578&prmTIPO=INICIATIVA,https://www.camara.cl/verDoc.aspx?prmID=18578&prmTIPO=INICIATIVA,application/pdf,pdf_text,9,9,15188,11834,rica,a5e885c5f04c832cc246ef81cdb76c517d235deb2f3eb1e69fe236a0ce7ff4ed,2026-09-02T15:10:23+00:00
18355-25,19032,2026-06-09,parlamentario,"Modifica el Código Procesal Penal, con el objeto de promover la persecución y sanción de delitos cometidos en recintos penitenciarios",ingreso_proyecto,Ingreso de proyecto,https://www.camara.cl/verDoc.aspx?prmID=18583&prmTIPO=INICIATIVA,https://www.camara.cl/verDoc.aspx?prmID=18583&prmTIPO=INICIATIVA,application/pdf,pdf_text,7,7,17445,17445,rica,232e73658c1bc585be17eb38593a9ed903ad85b85fdb9b54e4a5e329691da674,2026-09-02T15:10:19+00:00
18356-25,19038,2026-06-16,parlamentario,"Modifica la ley N° 21.659, sobre seguridad privada, con el objeto de eximir a las festividades religiosas y culturales que indica, de las obligaciones dispuestas para los eventos masivos",ingreso_proyecto,Ingreso de proyecto,https://www.camara.cl/verDoc.aspx?prmID=18589&prmTIPO=INICIATIVA,https://www.camara.cl/verDoc.aspx?prmID=18589&prmTIPO=INICIATIVA,application/pdf,pdf_text,3,3,7622,7622,rica,ff172d6af7e422f0d2497295994996d2756818f5f8defaa00eb8d8f8f8e1f05c,2026-09-02T15:10:34+00:00
18357-06,19033,2026-06-09,parlamentario,"Modifica la Ley Orgánica Constitucional de Municipalidades, con la finalidad de permitir la recuperación de espacios públicos ocupados en forma irregular",ingreso_proyecto,Ingreso de proyecto,https://www.camara.cl/verDoc.aspx?prmID=18584&prmTIPO=INICIATIVA,https://www.camara.cl/verDoc.aspx?prmID=18584&prmTIPO=INICIATIVA,application/pdf,pdf_text,4,4,7954,7954,rica,5d091f7aa054ec37021af32928b8a036a59cbdee322053560a0d8267bb8b45fd,2026-09-02T15:10:19+00:00
18358-03,19051,2026-06-10,parlamentario,"Modifica la ley N° 19.496, que establece normas sobre protección de los derechos de los consumidores, para consagrar el derecho a poner término a los contratos por la misma forma, vía o canal en que fueron celebrados",ingreso_proyecto,Ingreso de proyecto,https://www.camara.cl/verDoc.aspx?prmID=18602&prmTIPO=INICIATIVA,https://www.camara.cl/verDoc.aspx?prmID=18602&prmTIPO=INICIATIVA,application/pdf,pdf_text,14,14,25805,23964,rica,22cc877a62239be26c0e3acbde92014cb217229f41dc31cbd77629e0fdf1c382,2026-09-02T15:10:24+00:00
18359-07,19050,2026-06-10,parlamentario,Modifica el artículo 52 de la Constitución Política de la República en materia de cumplimiento de los requerimientos de fiscalización realizados por la Cámara de Diputados,ingreso_proyecto,Ingreso de proyecto,https://www.camara.cl/verDoc.aspx?prmID=18601&prmTIPO=INICIATIVA,https://www.camara.cl/verDoc.aspx?prmID=18601&prmTIPO=INICIATIVA,application/pdf,pdf_text,14,14,26246,24282,rica,a6663e8331061f8b97525a56405f1b69c99dcb85bd06ed57c527e3ad1286c382,2026-09-02T15:10:25+00:00
18360-07,19049,2026-06-10,parlamentario,Modifica el Código Penal en materia de sanciones aplicables por delitos cometidos en contra de funcionarios y autoridades,ingreso_proyecto,Ingreso de proyecto,https://www.camara.cl/verDoc.aspx?prmID=18600&prmTIPO=INICIATIVA,https://www.camara.cl/verDoc.aspx?prmID=18600&prmTIPO=INICIATIVA,application/pdf,pdf_text,6,6,7501,5822,rica,f876d9a38d5696003c2626d751bfe7bf5c219ffcada1569a37404968ad628dc6,2026-09-02T15:10:25+00:00
18361-02,19048,2026-06-11,parlamentario,"Aumenta la pena aplicable al delito de ingreso no autorizado a recintos militares y policiales, y fortalece la protección de la seguridad pública",ingreso_proyecto,Ingreso de proyecto,https://www.camara.cl/verDoc.aspx?prmID=18599&prmTIPO=INICIATIVA,https://www.camara.cl/verDoc.aspx?prmID=18599&prmTIPO=INICIATIVA,application/pdf,pdf_text,5,5,6564,6564,rica,d457d7dd1fe1ba67fd09b9aeabceef456801361c19a34a390d26593a3ff58fcd,2026-09-02T15:10:26+00:00
18362-19,19047,2026-06-11,parlamentario,Establece la obligación de fijar domicilio en Chile a las plataformas digitales,ingreso_proyecto,Ingreso de proyecto,https://www.camara.cl/verDoc.aspx?prmID=18598&prmTIPO=INICIATIVA,https://www.camara.cl/verDoc.aspx?prmID=18598&prmTIPO=INICIATIVA,application/pdf,pdf_text,8,8,14033,12468,rica,b4c46703ea886667ae1f7554290e8f1bfb9c90ad9a4f0fe207752eed9d15a3e5,2026-09-02T15:10:26+00:00
18363-06,19046,2026-06-11,parlamentario,"Modifica la ley N° 19.925, sobre expendio y consumo de bebidas alcohólicas, en materia de requisitos para acceder a patentes de funcionamiento de establecimientos que expenden alcohol",ingreso_proyecto,Ingreso de proyecto,https://www.camara.cl/verDoc.aspx?prmID=18597&prmTIPO=INICIATIVA,https://www.camara.cl/verDoc.aspx?prmID=18597&prmTIPO=INICIATIVA,application/pdf,pdf_text,5,5,6447,4685,rica,11b93b9dfaf7d1598dbc64780c2dd60a44c46b8a1644c67aa4e3371f04844a90,2026-09-02T15:10:27+00:00
18364-07,19045,2026-06-12,parlamentario,Modifica la carta fundamental para establecer la jornada laboral máxima de 40 horas semanales para los funcionarios públicos,ingreso_proyecto,Ingreso de proyecto,https://www.camara.cl/verDoc.aspx?prmID=18596&prmTIPO=INICIATIVA,https://www.camara.cl/verDoc.aspx?prmID=18596&prmTIPO=INICIATIVA,application/pdf,pdf_text,5,5,6936,5258,rica,913cadaf5d8904ba4deb71573fb090be1cf7a6def1d32cdf9f1ed657f356bca2,2026-09-02T15:10:28+00:00
18365-07,19044,2026-06-12,parlamentario,Modifica el artículo 291 bis del Código Penal para aumentar las penas del delito de maltrato animal,ingreso_proyecto,Ingreso de proyecto,https://www.camara.cl/verDoc.aspx?prmID=18595&prmTIPO=INICIATIVA,https://www.camara.cl/verDoc.aspx?prmID=18595&prmTIPO=INICIATIVA,application/pdf,pdf_text,5,5,7374,5772,rica,c405946bdc84d707135eb39085b1f96ac7362040f78c9f399ddd6a93a948763f,2026-09-02T15:10:29+00:00
18366-25,19043,2026-06-12,parlamentario,Modifica ley N° 21.560 y deroga norma del Código de Justicia Militar,ingreso_proyecto,Ingreso de proyecto,https://www.camara.cl/verDoc.aspx?prmID=18594&prmTIPO=INICIATIVA,https://www.camara.cl/verDoc.aspx?prmID=18594&prmTIPO=INICIATIVA,application/pdf,pdf_text,7,7,10627,10627,rica,f8710e1d14a8caedd8d2604bdf5a749580fd63dcf3b1bdd0f07430bc0949efcb,2026-09-02T15:10:29+00:00
18367-25,19042,2026-06-12,parlamentario,Establece reglas especiales para la determinación de la pena respecto de los delitos de homicidio y lesiones cometidos por adolescentes en contra de funcionarios policiales,ingreso_proyecto,Ingreso de proyecto,https://www.camara.cl/verDoc.aspx?prmID=18593&prmTIPO=INICIATIVA,https://www.camara.cl/verDoc.aspx?prmID=18593&prmTIPO=INICIATIVA,application/pdf,pdf_text,5,5,7936,6180,rica,8d8d85cc7db5b0480f16541a20b84c610b3026f90b4daf8b4e3415629d4f3520,2026-09-02T15:10:30+00:00
18368-07,19035,2026-06-17,parlamentario,"Interpreta el artículo 226 U del Código Procesal Penal, en materia de valoración de la prueba testimonial de personas con identidad reservada",ingreso_proyecto,Ingreso de proyecto,https://www.camara.cl/verDoc.aspx?prmID=18586&prmTIPO=INICIATIVA,https://www.camara.cl/verDoc.aspx?prmID=18586&prmTIPO=INICIATIVA,application/pdf,pdf_text,7,7,14213,14213,rica,ad4527e3180b8eaf0974836e89a3605bdd2b2550f36f0d0437ecec27ebc7c9d4,2026-09-02T15:10:43+00:00
18369-07,19037,2026-06-16,parlamentario,"Modifica la Ordenanza de Aduanas, con el objeto de aumentar las penas asignadas al delito de contrabando de tabaco y sus derivados",ingreso_proyecto,Ingreso de proyecto,https://www.camara.cl/verDoc.aspx?prmID=18588&prmTIPO=INICIATIVA,https://www.camara.cl/verDoc.aspx?prmID=18588&prmTIPO=INICIATIVA,application/pdf,pdf_text,5,5,11313,11313,rica,7e1b9bdd71d6a8acc79ce7b684b84c5ddc42d9c048e21e83b7e47d51b0af34db,2026-09-02T15:10:35+00:00
18370-25,19036,2026-06-16,parlamentario,"Modifica la ley N° 21.459, con el objeto de actualizar la regulación en materia de delitos informáticos",ingreso_proyecto,Ingreso de proyecto,https://www.camara.cl/verDoc.aspx?prmID=18587&prmTIPO=INICIATIVA,https://www.camara.cl/verDoc.aspx?prmID=18587&prmTIPO=INICIATIVA,application/pdf,pdf_text,7,7,16949,16949,rica,a084cf943278f2080c8a0df00d63d10c542686176b1df7dcbdc00b453768da85,2026-09-02T15:10:35+00:00
18371-21,19040,2026-06-16,parlamentario,"Modifica diversos cuerpos legales, con el objeto de sancionar penalmente el tráfico ilícito de recursos hidrobiológicos",ingreso_proyecto,Ingreso de proyecto,https://www.camara.cl/verDoc.aspx?prmID=18591&prmTIPO=INICIATIVA,https://www.camara.cl/verDoc.aspx?prmID=18591&prmTIPO=INICIATIVA,application/pdf,pdf_text,4,4,9587,9587,rica,7de16b0fe5260f2b70c834665f359c0f36d120b2fe73cbe845d9823471214537,2026-09-02T15:10:35+00:00
18372-25,19039,2026-06-17,parlamentario,"Modifica la ley N° 21.659, sobre seguridad privada, con el objeto de excluir a las festividades religiosas de las reglas dispuestas para la realización de eventos masivos",ingreso_proyecto,Ingreso de proyecto,https://www.camara.cl/verDoc.aspx?prmID=18590&prmTIPO=INICIATIVA,https://www.camara.cl/verDoc.aspx?prmID=18590&prmTIPO=INICIATIVA,application/pdf,pdf_text,4,4,8140,8140,rica,037a5f7e3ed899aa1c1d42c473bf24d774caa1dbfca71442674729296cb54d58,2026-09-02T15:10:43+00:00
18373-07,19055,2026-06-15,parlamentario,"Modifica la ley N° 19.913, que crea la Unidad de Análisis Financiero, para agilizar el acceso a información amparada por secreto o reserva bancaria, manteniendo el control judicial previo",ingreso_proyecto,Ingreso de proyecto,https://www.camara.cl/verDoc.aspx?prmID=18606&prmTIPO=INICIATIVA,https://www.camara.cl/verDoc.aspx?prmID=18606&prmTIPO=INICIATIVA,application/pdf,pdf_text,8,8,9410,7636,rica,47f5f34f45a1b5d073b88a7dea01a9f643a6e61168f2256c74a50bcb6576b722,2026-09-02T15:10:30+00:00
18374-06,19054,2026-06-15,parlamentario,"Modifica la ley N° 18.695, orgánica constitucional de municipalidades, para establecer la obligatoriedad de dar respuesta a los requerimientos de información y antecedentes efectuados por el Concejo Municipal o los concejales que lo integran, a las Corporaciones, Fundaciones y Asociaciones Municipales",ingreso_proyecto,Ingreso de proyecto,https://www.camara.cl/verDoc.aspx?prmID=18605&prmTIPO=INICIATIVA,https://www.camara.cl/verDoc.aspx?prmID=18605&prmTIPO=INICIATIVA,application/pdf,pdf_text,5,5,8082,6398,rica,f91bfc1bf12722467ca76bf4f7ef2e32791f4a2aedb60b1faa73c4b417599d4e,2026-09-02T15:10:31+00:00
18375-29,19053,2026-06-15,parlamentario,Establece normas para la regulación de la emisión de ruido generado por instalaciones deportivas,ingreso_proyecto,Ingreso de proyecto,https://www.camara.cl/verDoc.aspx?prmID=18604&prmTIPO=INICIATIVA,https://www.camara.cl/verDoc.aspx?prmID=18604&prmTIPO=INICIATIVA,application/pdf,pdf_text,10,10,15893,14298,rica,24415c5919981bfc012417f933715bebadf0432c7616c8432ed3a893bf5a4d31,2026-09-02T15:10:31+00:00
18376-13,19057,2026-06-15,parlamentario,Establece la modalidad de trabajo a distancia o teletrabajo respecto de trabajadores que indica,ingreso_proyecto,Ingreso de proyecto,https://www.camara.cl/verDoc.aspx?prmID=18608&prmTIPO=INICIATIVA,https://www.camara.cl/verDoc.aspx?prmID=18608&prmTIPO=INICIATIVA,application/pdf,pdf_text,10,10,13744,13744,rica,06f7076233f3760bb0a90cd9ad06f5348722462db8161efc073572229076c8f4,2026-09-02T15:10:32+00:00
18377-06,19041,2026-06-17,parlamentario,"Modifica la ley N° 21.325, de migración y extranjería, en materia de requisitos en procedimientos de reunificación familiar que involucren a niños, niñas y adolescentes",ingreso_proyecto,Ingreso de proyecto,https://www.camara.cl/verDoc.aspx?prmID=18592&prmTIPO=INICIATIVA,https://www.camara.cl/verDoc.aspx?prmID=18592&prmTIPO=INICIATIVA,application/pdf,pdf_text,7,7,15932,15932,rica,2e4084997d93c23d4af38af06180c91b0cc971132f5b19e87aa705c3dc5d7f9f,2026-09-02T15:10:44+00:00
18378-18,19063,2026-06-19,ejecutivo,Fortalece el ejercicio de la responsabilidad parental,texto_proyecto,Texto del proyecto,https://www.camara.cl/verDoc.aspx?prmID=36763&prmTIPO=OFICIOPLEY,https://www.camara.cl/verDoc.aspx?prmID=36763&prmTIPO=OFICIOPLEY,application/vnd.openxmlformats-officedocument.wordprocessingml.document,docx_text,0,378,49486,49486,rica,dac271e702f581e706c4b8531038d8d92178e3ee8f2d05daba98456d8b97fbcc,2026-09-02T15:10:48+00:00
18379-15,19052,2026-06-17,parlamentario,"Modifica la Ley General de Telecomunicaciones, con el objeto de establecer un número telefónico para la comunicación de emergencia viales",ingreso_proyecto,Ingreso de proyecto,https://www.camara.cl/verDoc.aspx?prmID=18603&prmTIPO=INICIATIVA,https://www.camara.cl/verDoc.aspx?prmID=18603&prmTIPO=INICIATIVA,application/pdf,pdf_text,4,4,9795,9795,rica,d9c269488699ff8e85d87a2ac1336dc9b3355e399a6c718ebd88650256eac237,2026-09-02T15:10:44+00:00
18380-07,19059,2026-06-15,parlamentario,Establece causales de inhabilidades y recusación respecto de jueces y fiscales,ingreso_proyecto,Ingreso de proyecto,https://www.camara.cl/verDoc.aspx?prmID=18609&prmTIPO=INICIATIVA,https://www.camara.cl/verDoc.aspx?prmID=18609&prmTIPO=INICIATIVA,application/pdf,pdf_text,5,5,7631,7631,rica,17e2cb7285a77207e1e5c415c7aebb9289a2a70633aef2759c8b52b579fea15a,2026-09-02T15:10:32+00:00
18381-02,19056,2026-06-15,parlamentario,Aumenta la pena aplicable al delito de ingreso no autorizado a recintos militares y policiales,ingreso_proyecto,Ingreso de proyecto,https://www.camara.cl/verDoc.aspx?prmID=18607&prmTIPO=INICIATIVA,https://www.camara.cl/verDoc.aspx?prmID=18607&prmTIPO=INICIATIVA,application/pdf,pdf_text,5,5,6078,6078,rica,25c3fbd7e46ee3aee997dc78c9ed64769a4d01b88a6d2c2b41371e9df4bba336,2026-09-02T15:10:33+00:00
18382-29,19064,2026-06-15,parlamentario,"Modifica ley N° 19.712, del Deporte, para establecer medidas de seguridad, protección y resguardo de la infancia y la adolescencia, en actividades físicas, deportivas y recreativas",ingreso_proyecto,Ingreso de proyecto,https://www.camara.cl/verDoc.aspx?prmID=18612&prmTIPO=INICIATIVA,https://www.camara.cl/verDoc.aspx?prmID=18612&prmTIPO=INICIATIVA,application/pdf,pdf_text,7,7,9126,7349,rica,f55a500ee8f686e8f55dc28fb21539605008eacbf416afd780bd5e47a280aa3b,2026-09-02T15:10:33+00:00
18383-06,19065,2026-06-22,parlamentario,"Modifica ley N° 10.336, de organización y atribuciones de la Contraloría General de la República, con el objeto de delimitar el régimen de exclusiva confianza en dicha institución",ingreso_proyecto,Ingreso de proyecto,https://www.camara.cl/verDoc.aspx?prmID=18613&prmTIPO=INICIATIVA,https://www.camara.cl/verDoc.aspx?prmID=18613&prmTIPO=INICIATIVA,application/pdf,pdf_text,7,7,8849,1348,utilizable,4be5b31496198a2b5cd9ab5c7920276a303e506181def0ea487f4f2402ec1d3f,2026-09-02T15:10:50+00:00
18384-08,19062,2026-06-22,ejecutivo,Ley de protección tarifaria eléctrica,texto_mensaje,Texto del Mensaje,https://www.camara.cl/verDoc.aspx?prmID=36762&prmTIPO=OFICIOPLEY,https://www.camara.cl/verDoc.aspx?prmID=36762&prmTIPO=OFICIOPLEY,application/vnd.openxmlformats-officedocument.wordprocessingml.document,docx_text,0,379,50690,50690,rica,b59fa8021ca310cfe8095a485f0bd5a301ef04db93313f5bda06466e8b787b3b,2026-09-02T15:10:50+00:00
18385-07,19088,2026-06-23,parlamentario,"Concede amnistía al personal de las Fuerzas Armadas y de Orden y Seguridad Pública por hechos ejecutados en resguardo del orden público, en el período que indica",ingreso_proyecto,Ingreso de proyecto,https://www.camara.cl/verDoc.aspx?prmID=18635&prmTIPO=INICIATIVA,https://www.camara.cl/verDoc.aspx?prmID=18635&prmTIPO=INICIATIVA,application/pdf,pdf_text,4,4,9078,9078,rica,1b62aad4a47d1b04ec5a9849326f5863d70c0a0251ea09c97f464b9b4e777360,2026-09-02T15:10:52+00:00
18386-08,19069,2026-06-16,parlamentario,Modifica la Ley General de Servicios Eléctricos para facilitar la incorporación y actualización del registro de personas electrodependientes,ingreso_proyecto,Ingreso de proyecto,https://www.camara.cl/verDoc.aspx?prmID=18617&prmTIPO=INICIATIVA,https://www.camara.cl/verDoc.aspx?prmID=18617&prmTIPO=INICIATIVA,application/pdf,pdf_text,8,8,12197,9990,rica,4b039ef60b15dec2af5d81934084bf889c20ae0a3fe254e9e3e0513b7e4b2cef,2026-09-02T15:10:36+00:00
18387-11,19067,2026-06-16,parlamentario,"Incorpora responsabilidades civiles, administrativas y penales en materia de trasplante y donación de órganos",ingreso_proyecto,Ingreso de proyecto,https://www.camara.cl/verDoc.aspx?prmID=18615&prmTIPO=INICIATIVA,https://www.camara.cl/verDoc.aspx?prmID=18615&prmTIPO=INICIATIVA,application/pdf,pdf_text,8,8,11419,7102,rica,ae7f4369a49c77db8039dfa840119acd707e8bdfc2b2adaaec82ab262d6e4a3b,2026-09-02T15:10:36+00:00
18388-06,19068,2026-06-16,parlamentario,"Modifica la ley N° 18.700, con el objeto de mantener la actual distribución de escaños de diputados y diputadas",ingreso_proyecto,Ingreso de proyecto,https://www.camara.cl/verDoc.aspx?prmID=18616&prmTIPO=INICIATIVA,https://www.camara.cl/verDoc.aspx?prmID=18616&prmTIPO=INICIATIVA,application/pdf,pdf_text,6,6,7788,6162,rica,acfff1ac10b8cb783513c9f77b229177a6d070fb6c801c38424a9ae9a291a3fb,2026-09-02T15:10:37+00:00
18389-04,19070,2026-06-23,ejecutivo,Faculta a los establecimientos educacionales a implementar un mecanismo de elección mutua en el proceso de admisión escolar,texto_proyecto,Texto del proyecto,https://www.camara.cl/verDoc.aspx?prmID=36766&prmTIPO=OFICIOPLEY,https://www.camara.cl/verDoc.aspx?prmID=36766&prmTIPO=OFICIOPLEY,application/vnd.openxmlformats-officedocument.wordprocessingml.document,docx_text,0,290,38139,38139,rica,86d9f0c58dd49fa632b1f16e7b28b389f48c21d9aa5f7c74bac4d36af518e56e,2026-09-02T15:10:53+00:00
18390-07,19072,2026-06-16,parlamentario,"Modifica la ley N° 19.903, con el objeto de perfeccionar y digitalizar la adición, supresión, modificación y rectificación del inventario de las posesiones efectivas de las herencias intestadas",ingreso_proyecto,Ingreso de proyecto,https://www.camara.cl/verDoc.aspx?prmID=18620&prmTIPO=INICIATIVA,https://www.camara.cl/verDoc.aspx?prmID=18620&prmTIPO=INICIATIVA,application/pdf,pdf_text,5,5,8829,6994,rica,74fe102c307df573de31e04dd921da19115fafb17ab22fd1ba166aa88fb17907,2026-09-02T15:10:37+00:00
18391-09,19075,2026-06-16,parlamentario,Regula la responsabilidad de empresas de servicios sanitarios para garantizar la reparación de bienes nacionales de uso público,ingreso_proyecto,Ingreso de proyecto,https://www.camara.cl/verDoc.aspx?prmID=18622&prmTIPO=INICIATIVA,https://www.camara.cl/verDoc.aspx?prmID=18622&prmTIPO=INICIATIVA,application/pdf,pdf_text,10,10,20223,18391,rica,578f59bc13640fa5cca4ad0954721fb74b4a6950c8fd4f33db6d3e447a624b3a,2026-09-02T15:10:38+00:00
18392-04,19084,2026-06-16,parlamentario,Promueve la difusión de ceremonias republicanas en los establecimientos educacionales reconocidos por el Estado,ingreso_proyecto,Ingreso de proyecto,https://www.camara.cl/verDoc.aspx?prmID=18631&prmTIPO=INICIATIVA,https://www.camara.cl/verDoc.aspx?prmID=18631&prmTIPO=INICIATIVA,application/pdf,pdf_text,8,8,8201,6551,rica,37cf83103a97b3fc661db66bc66711a96c4a59c07f2ed74c961cbf60a7c00e03,2026-09-02T15:10:38+00:00
18393-08,19081,2026-06-16,parlamentario,"Modifica la ley N° 18.410, con el objeto de establecer compensaciones eléctricas automáticas agravadas para usuarios de territorios insulares y aislados afectados por interrupciones prolongadas",ingreso_proyecto,Ingreso de proyecto,https://www.camara.cl/verDoc.aspx?prmID=18628&prmTIPO=INICIATIVA,https://www.camara.cl/verDoc.aspx?prmID=18628&prmTIPO=INICIATIVA,application/pdf,pdf_text,5,5,6889,5109,rica,2090360bce9eba50460b8f74e3e12c3d685ecfe613f7aa09b4b25e81a4a1a358,2026-09-02T15:10:39+00:00
18394-16,19082,2026-06-16,parlamentario,Modifica el Reglamento de la Cámara de Diputados para permitir el ingreso del Subsecretario General de la Presidencia a las sesiones de Sala,ingreso_proyecto,Ingreso de proyecto,https://www.camara.cl/verDoc.aspx?prmID=18629&prmTIPO=INICIATIVA,https://www.camara.cl/verDoc.aspx?prmID=18629&prmTIPO=INICIATIVA,application/pdf,pdf_text,5,5,5491,3843,rica,3216531f28617e93cbf4046b7191ab5fe9eddef434ed0e6ca96cafad59ebf2ef,2026-09-02T15:10:39+00:00
18395-07,19080,2026-06-16,parlamentario,Sanciona penalmente la usura y la obtención de lucro en las contrataciones con el Estado en situaciones de emergencia o catástrofe,ingreso_proyecto,Ingreso de proyecto,https://www.camara.cl/verDoc.aspx?prmID=18627&prmTIPO=INICIATIVA,https://www.camara.cl/verDoc.aspx?prmID=18627&prmTIPO=INICIATIVA,application/pdf,pdf_text,8,8,9182,7445,rica,72ac6b61bfbd16c4a0a44a2657c78598f0a9f77955f99efb42a7dfa1daa1b42b,2026-09-02T15:10:40+00:00
18396-06,19074,2026-06-16,parlamentario,"Modifica la ley N° 18.575, orgánica constitucional sobre Bases Generales de la Administración del Estado, en materia de inhabilidades para el ingreso a la función pública",ingreso_proyecto,Ingreso de proyecto,https://www.camara.cl/verDoc.aspx?prmID=18621&prmTIPO=INICIATIVA,https://www.camara.cl/verDoc.aspx?prmID=18621&prmTIPO=INICIATIVA,application/pdf,pdf_text,5,5,7214,5477,rica,f9ca3d8c7195d9242f8a2cddbe77441a6ecc6eee47e478c8dbdcd35b3b61be2b,2026-09-02T15:10:40+00:00
18397-07,19086,2026-06-16,parlamentario,"Regula el régimen de responsabilidad de organizadores, convocantes y promotores de manifestaciones públicas y modifica el Código Penal en materia de daños en bienes públicos o privados con motivo, ocasión o en contexto de su realización",ingreso_proyecto,Ingreso de proyecto,https://www.camara.cl/verDoc.aspx?prmID=18633&prmTIPO=INICIATIVA,https://www.camara.cl/verDoc.aspx?prmID=18633&prmTIPO=INICIATIVA,application/pdf,pdf_text,8,8,9316,7507,rica,7afd2a04bcf600978e19ce328a37466caec15756cfae08b8efca750818f0c8ec,2026-09-02T15:10:41+00:00
18398-06,19083,2026-06-16,parlamentario,"Modifica la ley N° 18.695, orgánica constitucional de Municipalidades, en materia de descanso maternal prenatal y postnatal de las concejalas",ingreso_proyecto,Ingreso de proyecto,https://www.camara.cl/verDoc.aspx?prmID=18630&prmTIPO=INICIATIVA,https://www.camara.cl/verDoc.aspx?prmID=18630&prmTIPO=INICIATIVA,application/pdf,pdf_text,6,6,8892,7119,rica,3dca03df0311b1c461be113169e5978dce23d1802270c17ca2c77ede5d0cb814,2026-09-02T15:10:41+00:00
18399-06,19078,2026-06-16,parlamentario,Declara feriado regional el 10 de agosto de los años 2026 y 2027 en reemplazo de los feriados que indica,ingreso_proyecto,Ingreso de proyecto,https://www.camara.cl/verDoc.aspx?prmID=18625&prmTIPO=INICIATIVA,https://www.camara.cl/verDoc.aspx?prmID=18625&prmTIPO=INICIATIVA,application/pdf,pdf_text,5,5,7672,5982,rica,91b604bdd3fed6d940194c8b4a8247f6fbb6e126b3a8859d310ecf8b8a701389,2026-09-02T15:10:42+00:00
18400-01,19077,2026-06-16,parlamentario,"Establece medidas a favor de la seguridad de las personas y la protección de la biodiversidad y la fauna local, por medio del control de los perros asilvestrados o ferales",ingreso_proyecto,Ingreso de proyecto,https://www.camara.cl/verDoc.aspx?prmID=18624&prmTIPO=INICIATIVA,https://www.camara.cl/verDoc.aspx?prmID=18624&prmTIPO=INICIATIVA,application/pdf,pdf_text,11,11,17737,16013,rica,c8dcb32891d90357eb43959394c1c96d763e40fa0f8c0302cd769bc04a1840c2,2026-09-02T15:10:42+00:00
18401-31,19085,2026-06-24,ejecutivo,Entrega un bono extraordinario de apoyo a la niñez,texto_proyecto,Texto del proyecto,https://www.camara.cl/verDoc.aspx?prmID=36770&prmTIPO=OFICIOPLEY,https://www.camara.cl/verDoc.aspx?prmID=36770&prmTIPO=OFICIOPLEY,application/vnd.openxmlformats-officedocument.wordprocessingml.document,docx_text,0,172,13427,13427,rica,b7fe11628ba2cbc017261550714ed776f00a0bca61e53bf4c29a7113c9a930ac,2026-09-02T15:10:55+00:00
18402-33,19071,2026-06-17,parlamentario,"Modifica el Código de Aguas para fortalecer la protección de nacientes, vertientes y cabeceras de cuenca",ingreso_proyecto,Ingreso de proyecto,https://www.camara.cl/verDoc.aspx?prmID=18619&prmTIPO=INICIATIVA,https://www.camara.cl/verDoc.aspx?prmID=18619&prmTIPO=INICIATIVA,application/pdf,pdf_text,5,5,6327,4709,rica,0c1bc572a6fdb6fc1fcd60e709def7725560550ce9b2eae9dfcf87f51ab6b6d8,2026-09-02T15:10:44+00:00
18403-24,19079,2026-06-17,parlamentario,Aumenta penalidad en delitos contra monumentos nacionales,ingreso_proyecto,Ingreso de proyecto,https://www.camara.cl/verDoc.aspx?prmID=18626&prmTIPO=INICIATIVA,https://www.camara.cl/verDoc.aspx?prmID=18626&prmTIPO=INICIATIVA,application/pdf,pdf_text,11,11,14029,2464,rica,f611354db0a182e7a4b915fb1512d58b8237538045b25c05d5ce430a229c370e,2026-09-02T15:10:46+00:00
18404-13,19087,2026-06-24,parlamentario,"Modifica el Código del Trabajo, con el objeto de extender los permisos y el fuero a que tienen derecho los trabajadores en el caso de fallecimiento de familiares",ingreso_proyecto,Ingreso de proyecto,https://www.camara.cl/verDoc.aspx?prmID=18634&prmTIPO=INICIATIVA,https://www.camara.cl/verDoc.aspx?prmID=18634&prmTIPO=INICIATIVA,application/pdf,pdf_text,4,4,7939,7939,rica,6d2306cfa8bd84d18c0758734844e85eab72a2e9bb2c49c891c909d88d81fe7b,2026-09-02T15:10:56+00:00
18405-25,19076,2026-06-17,parlamentario,Autoriza administrativamente controles policiales preventivos en situaciones que indica,ingreso_proyecto,Ingreso de proyecto,https://www.camara.cl/verDoc.aspx?prmID=18623&prmTIPO=INICIATIVA,https://www.camara.cl/verDoc.aspx?prmID=18623&prmTIPO=INICIATIVA,application/pdf,pdf_text,10,10,13868,12115,rica,23822eea3fb4fef2e4603b6c4633cb6239b300718957f7471dbf92db7f55dc13,2026-09-02T15:10:46+00:00
18406-02,19089,2026-06-23,parlamentario,"Modifica la ley N° 18.575 orgánica constitucional de Bases Generales de la Administración del Estado, en lo relativo al régimen de protección de derechos fundamentales aplicable al personal de las Fuerzas Armadas y de Orden y Seguridad Pública",ingreso_proyecto,Ingreso de proyecto,https://www.camara.cl/verDoc.aspx?prmID=18636&prmTIPO=INICIATIVA,https://www.camara.cl/verDoc.aspx?prmID=18636&prmTIPO=INICIATIVA,application/pdf,pdf_text,5,5,9924,9924,rica,0e25bae2f42a057444cbb840ff31f62c3ec5e6efcc39cd5be5eea7809aefc02f,2026-09-02T15:10:53+00:00
18407-25,19090,2026-06-24,parlamentario,"Modifica diversos cuerpos legales, con el objeto de agravar las sanciones aplicables en materia de lavado de activos",ingreso_proyecto,Ingreso de proyecto,https://www.camara.cl/verDoc.aspx?prmID=18637&prmTIPO=INICIATIVA,https://www.camara.cl/verDoc.aspx?prmID=18637&prmTIPO=INICIATIVA,application/pdf,pdf_text,3,3,7430,7430,rica,bb3e89e315e887bbb1cb2399021360cc62069d3f6f360608eb1aa36a417681aa,2026-09-02T15:10:56+00:00
18408-25,19099,2026-06-18,parlamentario,Modifica leyes que indica para permitir la homologación del servicio militar en los procesos de formación e ingreso institucional de Carabineros de Chile y Gendarmería de Chile,ingreso_proyecto,Ingreso de proyecto,https://www.camara.cl/verDoc.aspx?prmID=18646&prmTIPO=INICIATIVA,https://www.camara.cl/verDoc.aspx?prmID=18646&prmTIPO=INICIATIVA,application/pdf,pdf_text,10,10,18249,15996,rica,f77011f70f5bb9630724bb3ad44c8af48586367b8be7ab494e0d1fadaa927350,2026-09-02T15:10:47+00:00
18409-03,19102,2026-06-18,parlamentario,"Modifica el artículo 38 de la Ley General de Bancos, incorporando nuevas exigencias en materia de seguridad y autenticación para las personas que realicen trámites presenciales ante instituciones bancarias del país",ingreso_proyecto,Ingreso de proyecto,https://www.camara.cl/verDoc.aspx?prmID=18649&prmTIPO=INICIATIVA,https://www.camara.cl/verDoc.aspx?prmID=18649&prmTIPO=INICIATIVA,application/pdf,pdf_text,7,7,13380,3633,rica,9f2e1b98c9abfe8cf05adc987f784847f9e91e2d7cf56d333154b695dcb0ea9a,2026-09-02T15:10:48+00:00
18410-07,19104,2026-06-19,parlamentario,Modifica el artículo 60 de la Constitución Política de la República con el objeto de permitir la renuncia al cargo de diputado o senador,ingreso_proyecto,Ingreso de proyecto,https://www.camara.cl/verDoc.aspx?prmID=18651&prmTIPO=INICIATIVA,https://www.camara.cl/verDoc.aspx?prmID=18651&prmTIPO=INICIATIVA,application/pdf,pdf_text,6,6,6707,5118,rica,56b946318fa3cba4a8197d0b59a498b236931c551a352bbea6c183959210cccc,2026-09-02T15:10:48+00:00
18411-11,19101,2026-06-19,parlamentario,"Modifica la ley N° 19.451, que establece normas sobre trasplante y donación de órganos, para impedir la discriminación en el acceso a esta prestación médica respecto de personas adoptadas, con filiación desconocida o sin vínculos familiares biológicos (Ley Thiare)",ingreso_proyecto,Ingreso de proyecto,https://www.camara.cl/verDoc.aspx?prmID=18648&prmTIPO=INICIATIVA,https://www.camara.cl/verDoc.aspx?prmID=18648&prmTIPO=INICIATIVA,application/pdf,pdf_text,6,6,13873,12114,rica,faea6aa7ae6be19e32035e6c40f0fa45fed3aa2e8b8c135457b0353928429069,2026-09-02T15:10:49+00:00
18412-07,19100,2026-06-22,parlamentario,"Modifica ley N° 18.415, orgánica constitucional de los Estados de Excepción, con el objeto de introducir el concepto de bienes y servicios esenciales durante su vigencia",ingreso_proyecto,Ingreso de proyecto,https://www.camara.cl/verDoc.aspx?prmID=18647&prmTIPO=INICIATIVA,https://www.camara.cl/verDoc.aspx?prmID=18647&prmTIPO=INICIATIVA,application/pdf,pdf_text,8,8,16235,14604,rica,e02323c88b78b36cba9608bfb1f2ccdb87fbb33a1a0aaddcf114e960eb607910,2026-09-02T15:10:51+00:00
18413-07,19103,2026-06-22,parlamentario,Modifica la Constitución Política de la República en materia de admisibilidad y efectos de las acusaciones constitucionales,ingreso_proyecto,Ingreso de proyecto,https://www.camara.cl/verDoc.aspx?prmID=18650&prmTIPO=INICIATIVA,https://www.camara.cl/verDoc.aspx?prmID=18650&prmTIPO=INICIATIVA,application/pdf,pdf_text,8,8,14839,13201,rica,ff48f3c08a00c10dafa60c7feb66ae1998059ad1a704a75de488922502b42b22,2026-09-02T15:10:51+00:00
18414-18,19109,2026-06-22,parlamentario,Modifica cuerpos legales que indica en materia de notificaciones de medidas cautelares dictadas en procesos de violencia intrafamiliar,ingreso_proyecto,Ingreso de proyecto,https://www.camara.cl/verDoc.aspx?prmID=18656&prmTIPO=INICIATIVA,https://www.camara.cl/verDoc.aspx?prmID=18656&prmTIPO=INICIATIVA,application/pdf,pdf_text,7,7,13286,13286,rica,90786597fcf1108200a594f41d532833752df792d9530c7e45518d4af3b69cdf,2026-09-02T15:10:52+00:00
18415-18,19111,2026-06-23,parlamentario,"Modifica la ley N° 21.663, marco de ciberseguridad, para incorporar los principios de protección a la infancia y adolescencia, restricción etaria e información preventiva en entornos digitales",ingreso_proyecto,Ingreso de proyecto,https://www.camara.cl/verDoc.aspx?prmID=18658&prmTIPO=INICIATIVA,https://www.camara.cl/verDoc.aspx?prmID=18658&prmTIPO=INICIATIVA,application/pdf,pdf_text,7,7,9379,7587,rica,d8c1f4fba714accefffc14149cada8ef02ef70dc09d41a8fcb4fd34b1e596c0e,2026-09-02T15:10:54+00:00
18416-07,19110,2026-06-23,parlamentario,Modifica el Código Penal para hacer aplicable la imprescriptibilidad de la acción penal a todos los casos de trata de personas contra víctimas menores de edad y establecer reglas especiales de protección penal,ingreso_proyecto,Ingreso de proyecto,https://www.camara.cl/verDoc.aspx?prmID=18657&prmTIPO=INICIATIVA,https://www.camara.cl/verDoc.aspx?prmID=18657&prmTIPO=INICIATIVA,application/pdf,pdf_text,6,6,8416,6390,rica,910d963e34da79982c98e467ff5eced6e0a0ee4cf778f5b6263421de982ddaea,2026-09-02T15:10:54+00:00
18417-04,19113,2026-06-23,parlamentario,"Modifica la ley N° 21.091, para establecer la obligación de resguardar la seguridad en las instituciones de educación superior",ingreso_proyecto,Ingreso de proyecto,https://www.camara.cl/verDoc.aspx?prmID=18660&prmTIPO=INICIATIVA,https://www.camara.cl/verDoc.aspx?prmID=18660&prmTIPO=INICIATIVA,application/pdf,pdf_text,8,8,10561,8788,rica,880487cd92e065242874511ac4dc9ded46f03a3825c39c788ddf1cd478c8e0f5,2026-09-02T15:10:55+00:00
18418-04,19108,2026-06-23,parlamentario,"Refuerza el cumplimiento, por parte de las familias, de las medidas convencionales tendientes a resguardar la protección de la convivencia educativa, la seguridad escolar o la integridad física y psíquica del propio estudiante o de terceros",ingreso_proyecto,Ingreso de proyecto,https://www.camara.cl/verDoc.aspx?prmID=18655&prmTIPO=INICIATIVA,https://www.camara.cl/verDoc.aspx?prmID=18655&prmTIPO=INICIATIVA,application/pdf,pdf_text,8,8,10929,8968,rica,953f8c656dd99e95e7432173ede6ec61cec6f1d64e3ef7248b9885eaaca4b303,2026-09-02T15:10:55+00:00
18419-11,19112,2026-06-25,parlamentario,"Modifica el Código Sanitario para establecer el deber del médico de informar a la mujer sobre la actividad cardíaca embrionaria o fetal, y de ofrecerle la oportunidad de escucharla, en forma previa a la interrupción del embarazo",ingreso_proyecto,Ingreso de proyecto,https://www.camara.cl/verDoc.aspx?prmID=18659&prmTIPO=INICIATIVA,https://www.camara.cl/verDoc.aspx?prmID=18659&prmTIPO=INICIATIVA,application/pdf,pdf_text,7,7,12707,10502,rica,6254eed414a5a10d43a4cd4b1be9f4ec7eca8dd9470ffc8f5d07fdc367be3fe3,2026-09-02T15:10:59+00:00
18420-25,19092,2026-06-24,parlamentario,"Modifica diversos cuerpos legales, con el objeto de fortalecer la seguridad portuaria ante acciones promovidas por el crimen organizado",ingreso_proyecto,Ingreso de proyecto,https://www.camara.cl/verDoc.aspx?prmID=18639&prmTIPO=INICIATIVA,https://www.camara.cl/verDoc.aspx?prmID=18639&prmTIPO=INICIATIVA,application/pdf,pdf_text,8,8,18174,18174,rica,9d9cc29c60ae05312bfe7f7cc57ca1177c0226e2600b1cdfd23f2e6d59f4c62c,2026-09-02T15:10:57+00:00
18421-07,19093,2026-06-30,parlamentario,"Modifica diversos cuerpos legales, con el objeto de sancionar la utilización y reclutamiento de menores de edad por parte de asociaciones delictivas y criminales",ingreso_proyecto,Ingreso de proyecto,https://www.camara.cl/verDoc.aspx?prmID=18640&prmTIPO=INICIATIVA,https://www.camara.cl/verDoc.aspx?prmID=18640&prmTIPO=INICIATIVA,application/pdf,pdf_text,4,4,9267,9267,rica,5017eecfb3252dc89bd5197d0e5ecec08b573516ec5a9e594764ac0fe137b7d9,2026-09-02T15:11:02+00:00
18422-06,19097,2026-06-24,parlamentario,"Modifica la Ley de Migración y Extranjería, con el objeto de reforzar la trazabilidad de la información referida a niños, niñas y adolescentes extranjeros que ingresan al país",ingreso_proyecto,Ingreso de proyecto,https://www.camara.cl/verDoc.aspx?prmID=18644&prmTIPO=INICIATIVA,https://www.camara.cl/verDoc.aspx?prmID=18644&prmTIPO=INICIATIVA,application/pdf,pdf_text,5,5,13029,13029,rica,89c66ed679220717dca8acbec932f8d96a406ebcec019de88d8565ac188532b8,2026-09-02T15:10:57+00:00
18423-07,19094,2026-06-30,parlamentario,"Concede indulto general en favor de las personas que indica, por hechos acaecidos a contar del día 18 de octubre de 2019",ingreso_proyecto,Ingreso de proyecto,https://www.camara.cl/verDoc.aspx?prmID=18641&prmTIPO=INICIATIVA,https://www.camara.cl/verDoc.aspx?prmID=18641&prmTIPO=INICIATIVA,application/pdf,pdf_text,3,3,7665,7665,rica,bdda6708fa8d7b822dde1f15819caca5ed8c51ac84283e6767d5b764e72d2aee,2026-09-02T15:11:03+00:00
18424-07,19098,2026-06-24,parlamentario,"Modifica el Código de Procedimiento Civil, con el objeto de establecer la inembargabilidad de determinadas sumas de dinero pertenecientes a deudores de créditos destinados a financiar estudios de educación superior, en las condiciones que indica",ingreso_proyecto,Ingreso de proyecto,https://www.camara.cl/verDoc.aspx?prmID=18645&prmTIPO=INICIATIVA,https://www.camara.cl/verDoc.aspx?prmID=18645&prmTIPO=INICIATIVA,application/pdf,pdf_text,4,4,6864,6864,rica,8ec802a9cadc37bbf2e4b1802aee99be3f86cbdfa863e306e312f46d747cc2dc,2026-09-02T15:10:57+00:00
18425-15,19095,2026-06-24,parlamentario,"Modifica la Ley de Tránsito, con el objeto de hacer procedente la aplicación de la medida cautelar de suspensión provisoria de la licencia de conducir, en el caso del delito que indica",ingreso_proyecto,Ingreso de proyecto,https://www.camara.cl/verDoc.aspx?prmID=18642&prmTIPO=INICIATIVA,https://www.camara.cl/verDoc.aspx?prmID=18642&prmTIPO=INICIATIVA,application/pdf,pdf_text,2,2,3482,3482,rica,770db7bf9b3cf87f7bc35f3e4c4d6e8afa39bec68f0699b5f53d9452a18f0370,2026-09-02T15:10:58+00:00
18426-07,19091,2026-06-30,parlamentario,"Modifica el Código Penal, con el objeto de aumentar la sanción asignada al homicidio simple y modificar reglas de determinación de la pena respecto de los delitos que indica",ingreso_proyecto,Ingreso de proyecto,https://www.camara.cl/verDoc.aspx?prmID=18638&prmTIPO=INICIATIVA,https://www.camara.cl/verDoc.aspx?prmID=18638&prmTIPO=INICIATIVA,application/pdf,pdf_text,7,7,14910,14910,rica,0419137bd68f74029a24878242e3927ae16c43bee69f59938871c8a7ad185e8c,2026-09-02T15:11:03+00:00
18427-07,19096,2026-07-03,parlamentario,"Modifica el artículo 52 de la Carta Fundamental, en materia de procedencia y admisibilidad de las acusaciones constitucionales",ingreso_proyecto,Ingreso de proyecto,https://www.camara.cl/verDoc.aspx?prmID=18643&prmTIPO=INICIATIVA,https://www.camara.cl/verDoc.aspx?prmID=18643&prmTIPO=INICIATIVA,application/pdf,pdf_text,7,7,15785,15785,rica,149d922b399676fcc988c8b60a5e0ebf5917fbc114377757c34eea9ef3e73eaa,2026-09-02T15:11:05+00:00
18428-10,19105,2026-07-06,ejecutivo,"Aprueba el Sexto Protocolo Adicional al Acuerdo de Alcance Parcial sobre Transporte Internacional Terrestre, suscrito en Montevideo, el 4 de agosto de 2025",texto_mensaje,Texto del Mensaje,https://www.camara.cl/verDoc.aspx?prmID=36777&prmTIPO=OFICIOPLEY,https://www.camara.cl/verDoc.aspx?prmID=36777&prmTIPO=OFICIOPLEY,application/vnd.openxmlformats-officedocument.wordprocessingml.document,docx_text,0,123,7086,7086,rica,48c5cd65ac8960477fc6a93d68fdaf9b718cfe924ea07dabddf565b127d232fc,2026-09-02T15:11:07+00:00
18429-10,19106,2026-07-06,ejecutivo,"Aprueba el Tratado entre la República de Chile y la República Federativa de Brasil sobre Asistencia Jurídica Mutua en Materia Penal, hecho en Brasilia, el 22 de abril de 2025",texto_mensaje,Texto de Mensaje,https://www.camara.cl/verDoc.aspx?prmID=36778&prmTIPO=OFICIOPLEY,https://www.camara.cl/verDoc.aspx?prmID=36778&prmTIPO=OFICIOPLEY,application/vnd.openxmlformats-officedocument.wordprocessingml.document,docx_text,0,119,9332,9332,rica,5d868139cd37c658fd30ed9b70d57394470894609cca3785e2c1f0d4b5cfcbfe,2026-09-02T15:16:09+00:00
18430-07,19114,2026-06-24,parlamentario,"Modifica el Código Orgánico de Tribunales, con el objeto de actualizar las reglas de competencia penal respecto de delitos cometidos mediante sistemas informáticos, plataformas tecnológicas u otros medios digitales",ingreso_proyecto,Ingreso de proyecto,https://www.camara.cl/verDoc.aspx?prmID=18661&prmTIPO=INICIATIVA,https://www.camara.cl/verDoc.aspx?prmID=18661&prmTIPO=INICIATIVA,application/pdf,pdf_text,10,10,18081,18081,rica,a51f82f46a37184300057e557d8e1f7c33907840312af65e22c59d1453c91c24,2026-09-02T15:10:58+00:00
18431-31,19107,2026-07-06,ejecutivo,"Modifica la ley N° 21.805, que reconoce el derecho al cuidado y crea el Sistema Nacional de Apoyos y Cuidados, y otros cuerpos normativos que indica",texto_mensaje,Texto del Mensaje,https://www.camara.cl/verDoc.aspx?prmID=36779&prmTIPO=OFICIOPLEY,https://www.camara.cl/verDoc.aspx?prmID=36779&prmTIPO=OFICIOPLEY,application/vnd.openxmlformats-officedocument.wordprocessingml.document,docx_text,0,226,18596,18596,rica,a98304cf8eb58ecf6d4e149913282abf0e169d22a00251cc921a3292263d16c8,2026-09-02T15:11:07+00:00
18432-07,19117,2026-06-25,parlamentario,"Modifica el Código Penal para delimitar la aplicación del tipo penal de apremios ilegítimos u otros tratos crueles, inhumanos o degradantes, a conductas cometidas por empleados públicos respecto de personas bajo su custodia",ingreso_proyecto,Ingreso de proyecto,https://www.camara.cl/verDoc.aspx?prmID=18664&prmTIPO=INICIATIVA,https://www.camara.cl/verDoc.aspx?prmID=18664&prmTIPO=INICIATIVA,application/pdf,pdf_text,6,6,6476,4724,rica,ed612c54c6bc762ba75b8135b4552a544b77becf0f34a84d330da41843d94531,2026-09-02T15:11:00+00:00
18433-04,19118,2026-06-25,parlamentario,Modifica diversos cuerpos legales para promover la ciudadanía digital y establecer medidas de prevención y protección frente al daño digital en el sistema escolar,ingreso_proyecto,Ingreso de proyecto,https://www.camara.cl/verDoc.aspx?prmID=18665&prmTIPO=INICIATIVA,https://www.camara.cl/verDoc.aspx?prmID=18665&prmTIPO=INICIATIVA,application/pdf,pdf_text,7,7,13184,11490,rica,cfaaed85e9e52b271f7e183d98981d02ad5960662d9c7a1e6881c51294ca529a,2026-09-02T15:11:00+00:00
18434-07,19115,2026-06-28,parlamentario,"Modifica cuerpos legales que indica para sancionar la explotación, facilitación y promoción de servicios sexuales remunerados de terceros",ingreso_proyecto,Ingreso de proyecto,https://www.camara.cl/verDoc.aspx?prmID=18662&prmTIPO=INICIATIVA,https://www.camara.cl/verDoc.aspx?prmID=18662&prmTIPO=INICIATIVA,application/pdf,pdf_text,7,7,7808,6084,rica,17139f50dfd94aff2e02f14250543ed860401eddbe95f8c79679443e948bd7bb,2026-09-02T15:11:01+00:00
18435-01,19116,2026-06-29,parlamentario,"Establece un mecanismo de trazabilidad y control de insumos, maquinaria y bienes críticos rurales",ingreso_proyecto,Ingreso de proyecto,https://www.camara.cl/verDoc.aspx?prmID=18663&prmTIPO=INICIATIVA,https://www.camara.cl/verDoc.aspx?prmID=18663&prmTIPO=INICIATIVA,application/pdf,pdf_text,12,12,24063,22444,rica,fc3c739b906b41cdf07e955f686d027cfbbcb38dccea2a76087cc3b414518a3b,2026-09-02T15:11:02+00:00
18436-15,19119,2026-07-08,ejecutivo,"Modifica la Ley Orgánica de la Empresa de los Ferrocarriles del Estado, con el objeto de establecer una exención de derechos y tributos municipales por la ejecución de obras ferroviarias y declarar dichas obras como infraestructura ejecutada por el Estado",texto_mensaje,Texto del Mensaje,https://www.camara.cl/verDoc.aspx?prmID=36798&prmTIPO=OFICIOPLEY,https://www.camara.cl/verDoc.aspx?prmID=36798&prmTIPO=OFICIOPLEY,application/vnd.openxmlformats-officedocument.wordprocessingml.document,docx_text,0,126,9506,9506,rica,a2f7b7c124a1fd2b6c26ab05a7c2f7191db844f4c3249179eaea50b0ea1031b4,2026-09-02T15:11:16+00:00
18437-37,19120,2026-07-07,parlamentario,Declara el 8 de octubre de cada año como el Día Nacional de Punta Angamos,ingreso_proyecto,Ingreso de proyecto,https://www.camara.cl/verDoc.aspx?prmID=18667&prmTIPO=INICIATIVA,https://www.camara.cl/verDoc.aspx?prmID=18667&prmTIPO=INICIATIVA,application/pdf,pdf_text,3,3,4871,4871,rica,ff25cca13d4f570e31b61491c93dbed28568a95032cb39da87052493d6510e33,2026-09-02T15:11:11+00:00
18438-02,19121,2026-07-07,parlamentario,"Modifica el decreto ley N° 2.460, de 1979, que dicta Ley Orgánica de Policía de Investigaciones de Chile, con el objeto de autorizar el porte de armas de fuego al personal en retiro que señala",ingreso_proyecto,Ingreso de proyecto,https://www.camara.cl/verDoc.aspx?prmID=18668&prmTIPO=INICIATIVA,https://www.camara.cl/verDoc.aspx?prmID=18668&prmTIPO=INICIATIVA,application/pdf,pdf_text,5,5,13050,13050,rica,605172b7b6142fcc596cf6b16fabccc5dbeb4c7eb216235f36d6d512904096bf,2026-09-02T15:11:12+00:00
18439-02,19122,2026-07-07,parlamentario,"Modifica el decreto ley N°3.356, de 1980, para permitir el porte de armas de fuego al personal en retiro de Carabineros de Chile, en las condiciones que indica",ingreso_proyecto,Ingreso de proyecto,https://www.camara.cl/verDoc.aspx?prmID=18669&prmTIPO=INICIATIVA,https://www.camara.cl/verDoc.aspx?prmID=18669&prmTIPO=INICIATIVA,application/pdf,pdf_text,5,5,11890,11890,rica,3984f5d6b9e5b27c375b54cd95b46a2d94455dea65a9d10f712f2a253d9fe783,2026-09-02T15:11:12+00:00
18440-03,19123,2026-07-07,parlamentario,"Modifica la ley N° 19.496, que establece normas sobre protección de los derechos de los consumidores, con el objeto de fortalecer el resguardo de los asistentes a eventos públicos ante la modificación de las condiciones ofrecidas por sus organizadores",ingreso_proyecto,Ingreso de proyecto,https://www.camara.cl/verDoc.aspx?prmID=18670&prmTIPO=INICIATIVA,https://www.camara.cl/verDoc.aspx?prmID=18670&prmTIPO=INICIATIVA,application/pdf,pdf_text,5,5,11204,11204,rica,fefe1dfef3fc44aff4a53cd2d386117f529228f6a42df528e1b98360c7491c92,2026-09-02T15:11:13+00:00
18441-03,19124,2026-07-07,parlamentario,"Modifica la ley N° 20.009, con el objeto de promover la aplicación de criterios de accesibilidad e inclusión financiera en procedimientos de autenticación de usuarios en transacciones electrónicas",ingreso_proyecto,Ingreso de proyecto,https://www.camara.cl/verDoc.aspx?prmID=18671&prmTIPO=INICIATIVA,https://www.camara.cl/verDoc.aspx?prmID=18671&prmTIPO=INICIATIVA,application/pdf,pdf_text,3,3,6578,6578,rica,c0de8789309e482b92276ed42bbb732c414f196ee929cd6dc104e62f42d67e23,2026-09-02T15:11:13+00:00
18442-07,19125,2026-07-07,parlamentario,"Modifica diversos cuerpos legales, con el objeto de agravar las sanciones en el caso de entrega o exhibición de material pornográfico e inadecuado a menores de catorce años",ingreso_proyecto,Ingreso de proyecto,https://www.camara.cl/verDoc.aspx?prmID=18672&prmTIPO=INICIATIVA,https://www.camara.cl/verDoc.aspx?prmID=18672&prmTIPO=INICIATIVA,application/pdf,pdf_text,10,10,24754,24754,rica,ddf4a8c11039a6e468b2dda1df08d681fc16d2e5c8c564d69dc3a7015fef18fc,2026-09-02T15:11:13+00:00
18443-07,19127,2026-06-24,parlamentario,Crea el Registro Nacional de Condenados por Delitos Económicos y establece restricciones a beneficios estatales para quienes los cometen,ingreso_proyecto,Ingreso de proyecto,https://www.camara.cl/verDoc.aspx?prmID=18674&prmTIPO=INICIATIVA,https://www.camara.cl/verDoc.aspx?prmID=18674&prmTIPO=INICIATIVA,application/pdf,pdf_text,9,9,16764,15028,rica,bde72c3676adf4862d44b613f2703d6014f933093735dc086e8c632e47b54990,2026-09-02T15:10:59+00:00
18444-14,19128,2026-06-26,parlamentario,Obliga a instalar detectores de humo en viviendas nuevas como requisito para la recepción final de las obras,ingreso_proyecto,Ingreso de proyecto,https://www.camara.cl/verDoc.aspx?prmID=18675&prmTIPO=INICIATIVA,https://www.camara.cl/verDoc.aspx?prmID=18675&prmTIPO=INICIATIVA,application/pdf,pdf_text,6,6,6475,4855,rica,1265dfbc2ca2fc0582839b3fedae1dace0e4dc1b57c31fd1cd5dbcd990cd5621,2026-09-02T15:11:01+00:00
18445-07,19126,2026-07-08,parlamentario,"Incorpora la figura del contexto operativo en materia de fundamentación de resoluciones judiciales y de actuaciones del Ministerio Público, en los casos que indica",ingreso_proyecto,Ingreso de proyecto,https://www.camara.cl/verDoc.aspx?prmID=18673&prmTIPO=INICIATIVA,https://www.camara.cl/verDoc.aspx?prmID=18673&prmTIPO=INICIATIVA,application/pdf,pdf_text,5,5,11718,11718,rica,7a9041fd480240585316644cf2ab58652de7bc65e6cb913b410befb066b84ae2,2026-09-02T15:11:17+00:00
18446-07,19147,2026-07-14,parlamentario,Tiene por objeto ampliar la aplicación de la circunstancia eximente de responsabilidad penal de la legítima defensa al caso que indica,ingreso_proyecto,Ingreso de proyecto,https://www.camara.cl/verDoc.aspx?prmID=18694&prmTIPO=INICIATIVA,https://www.camara.cl/verDoc.aspx?prmID=18694&prmTIPO=INICIATIVA,application/pdf,pdf_text,6,6,12100,12100,rica,bd0843f1ca41270c4a62d3e27c3671e8906520d228acddff61f03f3f9a43ae65,2026-09-02T15:11:22+00:00
18447-07,19130,2026-06-30,parlamentario,Dispone la invariabilidad normativa de los derechos sociales y laborales que señala,ingreso_proyecto,Ingreso de proyecto,https://www.camara.cl/verDoc.aspx?prmID=18677&prmTIPO=INICIATIVA,https://www.camara.cl/verDoc.aspx?prmID=18677&prmTIPO=INICIATIVA,application/pdf,pdf_text,8,8,9791,8199,rica,91cd7583010b09d30688108f9fe7dd39ccf31f952aef10b481fe488dbbff92bb,2026-09-02T15:11:04+00:00
18448-25,19131,2026-07-01,parlamentario,"Modifica la ley N°18.961, orgánica constitucional de Carabineros de Chile, en cuanto a los procedimientos de evaluación médica que fundamentan retiros de personal",ingreso_proyecto,Ingreso de proyecto,https://www.camara.cl/verDoc.aspx?prmID=18678&prmTIPO=INICIATIVA,https://www.camara.cl/verDoc.aspx?prmID=18678&prmTIPO=INICIATIVA,application/pdf,pdf_text,7,7,9223,7429,rica,90a8bac0838fee7d20637b2177a119773ecd678859d655e76c5e7ef46fe672e4,2026-09-02T15:11:04+00:00
18449-06,19129,2026-07-01,parlamentario,Fortalece las compras públicas locales,ingreso_proyecto,Ingreso de proyecto,https://www.camara.cl/verDoc.aspx?prmID=18676&prmTIPO=INICIATIVA,https://www.camara.cl/verDoc.aspx?prmID=18676&prmTIPO=INICIATIVA,application/pdf,pdf_text,5,5,8466,6979,rica,000f5deac84c682a884c090d7d9cb5e4d141630dbf16a878ce6135e103d49f23,2026-09-02T15:11:05+00:00
18450-01,19137,2026-07-05,parlamentario,Establece exigencias mínimas de factibilidad sanitaria y acreditación de derechos de agua en la etapa de subdivisión rural,ingreso_proyecto,Ingreso de proyecto,https://www.camara.cl/verDoc.aspx?prmID=18684&prmTIPO=INICIATIVA,https://www.camara.cl/verDoc.aspx?prmID=18684&prmTIPO=INICIATIVA,application/pdf,pdf_text,5,5,5588,1160,utilizable,0eebde1551a824d0ca3709422cf55511649435a00301b1dc5653c37085d0f451,2026-09-02T15:11:06+00:00
18451-11,19142,2026-07-08,parlamentario,"Modifica el Código Sanitario, en lo relativo a la información contenida en el etiquetado de medicamentos, productos farmacéuticos y suplementos alimenticios",ingreso_proyecto,Ingreso de proyecto,https://www.camara.cl/verDoc.aspx?prmID=18689&prmTIPO=INICIATIVA,https://www.camara.cl/verDoc.aspx?prmID=18689&prmTIPO=INICIATIVA,application/pdf,pdf_text,5,5,10115,10115,rica,95c9bc39c7629564ffdbe1ffca0894548d53b6102d78ee14f7bbc1956598abf2,2026-09-02T15:11:17+00:00
18452-02,19143,2026-07-08,parlamentario,"Modifica el decreto ley N° 2.460, de 1979, que dicta Ley Orgánica de Policía de Investigaciones de Chile, con el objeto de ampliar la autorización para portar armas a los funcionarios en retiro que indica",ingreso_proyecto,Ingreso de proyecto,https://www.camara.cl/verDoc.aspx?prmID=18690&prmTIPO=INICIATIVA,https://www.camara.cl/verDoc.aspx?prmID=18690&prmTIPO=INICIATIVA,application/pdf,pdf_text,3,3,5807,5807,rica,8b8aef65ef92d9f9ef98b18e86e8c8dd4ef190773a3856625061303ecc84f948,2026-09-02T15:11:17+00:00
18453-13,19141,2026-07-06,parlamentario,Reconoce equivalencias a la experiencia laboral para promover la inserción laboral de las personas jóvenes,ingreso_proyecto,Ingreso de proyecto,https://www.camara.cl/verDoc.aspx?prmID=18688&prmTIPO=INICIATIVA,https://www.camara.cl/verDoc.aspx?prmID=18688&prmTIPO=INICIATIVA,application/pdf,pdf_text,9,9,21306,19587,rica,2d941aa853e2f2998ed66df98fb097ed0745c1301c28272a212400d8d4b52635,2026-09-02T15:11:08+00:00
18454-11,19140,2026-07-06,parlamentario,Prohíbe la venta de bebidas energéticas a menores de dieciocho años,ingreso_proyecto,Ingreso de proyecto,https://www.camara.cl/verDoc.aspx?prmID=18687&prmTIPO=INICIATIVA,https://www.camara.cl/verDoc.aspx?prmID=18687&prmTIPO=INICIATIVA,application/pdf,pdf_text,5,5,5532,3911,rica,56a263f7c86a09e6de8a8d4a5cc700b0161c8ddec0a5b289e0d425cf3253c8fa,2026-09-02T15:11:08+00:00
18455-07,19138,2026-07-06,parlamentario,Restringe la sustitución y remisión de sanciones respecto de adolescentes condenados por delitos de especial gravedad,ingreso_proyecto,Ingreso de proyecto,https://www.camara.cl/verDoc.aspx?prmID=18685&prmTIPO=INICIATIVA,https://www.camara.cl/verDoc.aspx?prmID=18685&prmTIPO=INICIATIVA,application/pdf,pdf_text,8,8,13787,12141,rica,052cdb0545630e73ab3b3c4134891a197d8e5ebbedf7622501f54b11fb352ade,2026-09-02T15:11:09+00:00
18456-06,19136,2026-07-06,parlamentario,Dispone como falta a la probidad la no devolución de remuneraciones percibidas en caso de rechazo de licencia médica,ingreso_proyecto,Ingreso de proyecto,https://www.camara.cl/verDoc.aspx?prmID=18683&prmTIPO=INICIATIVA,https://www.camara.cl/verDoc.aspx?prmID=18683&prmTIPO=INICIATIVA,application/pdf,pdf_text,7,7,8939,7093,rica,9184c5f8fba2b9df5844f09158cb1577f2bfd48b1f2072023e21067bd46e3156,2026-09-02T15:11:10+00:00
18457-06,19139,2026-07-06,parlamentario,"Modifica el decreto ley N°3.063, de 1979, sobre rentas municipales, para exigir antecedentes penales y regularidad migratoria al personal de barberías y peluquerías",ingreso_proyecto,Ingreso de proyecto,https://www.camara.cl/verDoc.aspx?prmID=18686&prmTIPO=INICIATIVA,https://www.camara.cl/verDoc.aspx?prmID=18686&prmTIPO=INICIATIVA,application/pdf,pdf_text,7,7,10916,9451,rica,5ec948106aa51f1174b7b14c32f7e075b6e74c923a29d7df42e6510e5049a33e,2026-09-02T15:11:10+00:00
18458-07,19133,2026-07-06,parlamentario,Facilita el acceso a la justicia a turistas extranjeros víctimas de delitos en el territorio nacional,ingreso_proyecto,Ingreso de proyecto,https://www.camara.cl/verDoc.aspx?prmID=18680&prmTIPO=INICIATIVA,https://www.camara.cl/verDoc.aspx?prmID=18680&prmTIPO=INICIATIVA,application/pdf,pdf_text,5,5,8618,6971,rica,fe10566554e681e2b60c5ffc1ddbcf87603f93ab6c04eb40db36fe87e93c8e77,2026-09-02T15:11:11+00:00
18459-05,19145,2026-06-17,parlamentario,"Prohíbe establecer como hecho gravado, base imponible o elemento constitutivo de la obligación tributaria una conducta ilícita o constitutiva de delito",ingreso_proyecto,Ingreso de proyecto,https://www.camara.cl/verDoc.aspx?prmID=18692&prmTIPO=INICIATIVA,https://www.camara.cl/verDoc.aspx?prmID=18692&prmTIPO=INICIATIVA,application/msword,unsupported,0,0,0,0,sin_texto,,2026-09-02T15:10:46+00:00
18460-07,19135,2026-07-06,parlamentario,Modifica la Constitución Política para establecer un régimen transitorio de apoyo de las fuerzas armadas a las policías en labores de seguridad pública y combate al crimen organizado,ingreso_proyecto,Ingreso de proyecto,https://www.camara.cl/verDoc.aspx?prmID=18682&prmTIPO=INICIATIVA,https://www.camara.cl/verDoc.aspx?prmID=18682&prmTIPO=INICIATIVA,application/pdf,pdf_text,6,6,12173,10410,rica,0ddaf99025ac8de2f638fd512492ee201ea68190a59a6aba65efbef576016dd7,2026-09-02T15:11:11+00:00
18461-04,19134,2026-07-07,parlamentario,"Modifica la ley N°20.370, general de educación, para regular a los apoderados en el sistema educacional chileno",ingreso_proyecto,Ingreso de proyecto,https://www.camara.cl/verDoc.aspx?prmID=18681&prmTIPO=INICIATIVA,https://www.camara.cl/verDoc.aspx?prmID=18681&prmTIPO=INICIATIVA,application/pdf,pdf_text,6,6,10874,9303,rica,d2814d41d91b03f802ae33376805e3308c3c631bdd969b1cd611cd0f93481937,2026-09-02T15:11:14+00:00
18462-11,19151,2026-07-15,parlamentario,Con el objeto de establecer una ley marco sobre infertilidad y medicina reproductiva,ingreso_proyecto,Ingreso de proyecto,https://www.camara.cl/verDoc.aspx?prmID=18698&prmTIPO=INICIATIVA,https://www.camara.cl/verDoc.aspx?prmID=18698&prmTIPO=INICIATIVA,application/pdf,pdf_text,11,11,25984,25984,rica,a436267528132b259844180e418196bcb8ca48f75618372551c6002cda10048f,2026-09-02T15:11:28+00:00
18463-06,19144,2026-05-12,parlamentario,"Suspende la aplicación del mecanismo de actualización de escaños parlamentarios previsto en el artículo 189 de la ley N° 18.700, orgánica constitucional sobre Votaciones Populares y Escrutinios",ingreso_proyecto,Ingreso de proyecto,https://www.camara.cl/verDoc.aspx?prmID=18691&prmTIPO=INICIATIVA,https://www.camara.cl/verDoc.aspx?prmID=18691&prmTIPO=INICIATIVA,application/pdf,pdf_text,4,4,6273,4481,rica,73e98d3ea5e72625e734a4f23f9fdd452124186ba3a321d8283f68349debfa9b,2026-09-02T15:09:36+00:00
18464-14,19146,2026-07-15,ejecutivo,"Modifica el decreto ley N° 2.695, de 1979, estableciendo un nuevo procedimiento para la regularización de la posesión de la pequeña propiedad raíz y la constitución del dominio sobre ella, en situaciones de emergencia",texto_proyecto,Texto del proyecto,https://www.camara.cl/verDoc.aspx?prmID=36856&prmTIPO=OFICIOPLEY,https://www.camara.cl/verDoc.aspx?prmID=36856&prmTIPO=OFICIOPLEY,application/vnd.openxmlformats-officedocument.wordprocessingml.document,docx_text,0,266,26963,26963,rica,8b29a9eeaf69d2c6635db03017efdfd519a73a0611c055189c187edd24b58e0c,2026-09-02T15:11:28+00:00
18465-03,19148,2026-07-14,parlamentario,"Modifica la ley N° 19.496, que establece normas sobre protección de los derechos de los consumidores, con el objeto de regular la devolución del monto pagado ante la cancelación, suspensión, postergación o modificación de condiciones esenciales de un espectáculo público o evento masivo",ingreso_proyecto,Ingreso de proyecto,https://www.camara.cl/verDoc.aspx?prmID=18695&prmTIPO=INICIATIVA,https://www.camara.cl/verDoc.aspx?prmID=18695&prmTIPO=INICIATIVA,application/pdf,pdf_text,5,5,13685,13685,rica,4612407b31648e7da499f52e7809b3f44daec5761148d25f119b60982d17bcaf,2026-09-02T15:11:22+00:00
18466-37,19149,2026-07-14,parlamentario,"Modifica la ley N° 19.227 que crea un Fondo Nacional de Fomento del Libro y la Lectura, y modifica cuerpos legales que señala, con el objeto promover el acceso a la lectura",ingreso_proyecto,Ingreso de proyecto,https://www.camara.cl/verDoc.aspx?prmID=18696&prmTIPO=INICIATIVA,https://www.camara.cl/verDoc.aspx?prmID=18696&prmTIPO=INICIATIVA,application/pdf,pdf_text,7,7,16798,16798,rica,7be60a2f73db9bc83f3d0920269d773ec345c7e29495bef9c0db6767b8dcd98e,2026-09-02T15:11:23+00:00
18467-06,19152,2026-06-11,parlamentario,"Modifica la ley N°18.700, orgánica constitucional sobre Votaciones Populares y Escrutinios, para incorporar el principio de equidad territorial en la distribución de escaños de la Cámara de Diputados",ingreso_proyecto,Ingreso de proyecto,https://www.camara.cl/verDoc.aspx?prmID=18699&prmTIPO=INICIATIVA,https://www.camara.cl/verDoc.aspx?prmID=18699&prmTIPO=INICIATIVA,application/pdf,pdf_text,8,8,11843,9928,rica,492742b7bea8dc427cf6f8387aa8a3f21d1a00aa1d527c47e3b1e3beb61d8eac,2026-09-02T15:10:27+00:00
18468-13,19153,2026-07-05,parlamentario,Fortalece la prevención de riesgos laborales en la industria audiovisual,ingreso_proyecto,Ingreso de proyecto,https://www.camara.cl/verDoc.aspx?prmID=18700&prmTIPO=INICIATIVA,https://www.camara.cl/verDoc.aspx?prmID=18700&prmTIPO=INICIATIVA,application/pdf,pdf_text,10,10,12928,12928,rica,6aa5c365e009ca27a1feff027e8befa94b5e59cb289977a2fac892746ce8b60a,2026-09-02T15:11:06+00:00
18469-15,19154,2026-07-07,parlamentario,"Modifica la ley N°18.290, de Tránsito, para ampliar los supuestos de procedencia de la suspensión provisoria de la licencia de conducir",ingreso_proyecto,Ingreso de proyecto,https://www.camara.cl/verDoc.aspx?prmID=18701&prmTIPO=INICIATIVA,https://www.camara.cl/verDoc.aspx?prmID=18701&prmTIPO=INICIATIVA,application/pdf,pdf_text,7,7,10141,8435,rica,3c67f3fcccd88294cc58779bc644f42327fa40c331bbb74068d63153bc4eeb27,2026-09-02T15:11:15+00:00
18470-07,19150,2026-07-15,parlamentario,"Modifica la disposición octava transitoria de la Carta Fundamental, con el objeto de aplicar la normativa relativa a la reforma procesal penal a los hechos ocurridos con anterioridad a su entrada en vigencia",ingreso_proyecto,Ingreso de proyecto,https://www.camara.cl/verDoc.aspx?prmID=18697&prmTIPO=INICIATIVA,https://www.camara.cl/verDoc.aspx?prmID=18697&prmTIPO=INICIATIVA,application/pdf,pdf_text,3,3,7510,7510,rica,e706ddfa56a9eb7fce512cff0b4f4700705c39118aa403bebeeff1cb712b22c2,2026-09-02T15:11:29+00:00
18471-07,19155,2026-07-07,parlamentario,Faculta a las policías a practicar controles preventivos de identidad a mayores de catorce años,ingreso_proyecto,Ingreso de proyecto,https://www.camara.cl/verDoc.aspx?prmID=18702&prmTIPO=INICIATIVA,https://www.camara.cl/verDoc.aspx?prmID=18702&prmTIPO=INICIATIVA,application/pdf,pdf_text,5,5,8062,6289,rica,ca93caae8194410b49b2c113bc6f35ee7d70ee7a0957db95b2fb1647d4950f3a,2026-09-02T15:11:15+00:00
18472-04,19162,2026-07-21,parlamentario,"Modifica la Ley General de Educación, con el objeto de reconocer el acceso de los niños y niñas menores de dos años a sala cuna",ingreso_proyecto,Ingreso de proyecto,https://www.camara.cl/verDoc.aspx?prmID=18709&prmTIPO=INICIATIVA,https://www.camara.cl/verDoc.aspx?prmID=18709&prmTIPO=INICIATIVA,application/pdf,pdf_text,2,2,5218,5218,rica,39a932d7a2cff151a222fad7277c346fc7f9ae03962ea060a78a9360eb48dc00,2026-09-02T15:11:35+00:00
18473-03,19160,2026-07-07,parlamentario,Fortalece la transparencia de los créditos hipotecarios con apoyo estatal y dispone como antecedente crediticio el comportamiento de pago de canon de arrendamiento,ingreso_proyecto,Ingreso de proyecto,https://www.camara.cl/verDoc.aspx?prmID=18707&prmTIPO=INICIATIVA,https://www.camara.cl/verDoc.aspx?prmID=18707&prmTIPO=INICIATIVA,application/pdf,pdf_text,13,13,27351,24811,rica,0f1ffdff8334dc4b74a8ba713c6345c870278cfe05300ab5846974ba951600cb,2026-09-02T15:11:16+00:00
18474-11,19156,2026-07-08,parlamentario,Obliga a los administradores de recintos de alta concurrencia pública a adoptar medidas para prevenir en ellos la ocurrencia de suicidios,ingreso_proyecto,Ingreso de proyecto,https://www.camara.cl/verDoc.aspx?prmID=18703&prmTIPO=INICIATIVA,https://www.camara.cl/verDoc.aspx?prmID=18703&prmTIPO=INICIATIVA,application/pdf,pdf_text,8,8,18354,16667,rica,63f51e8d9c6402aa5b81d84a46deff6d371995cd48bde19399568a3fbc4db69b,2026-09-02T15:11:18+00:00
18475-06,19158,2026-07-09,parlamentario,Dispone incompatibilidades para el ejercicio simultáneo de cargos de elección popular y funciones públicas remuneradas,ingreso_proyecto,Ingreso de proyecto,https://www.camara.cl/verDoc.aspx?prmID=18705&prmTIPO=INICIATIVA,https://www.camara.cl/verDoc.aspx?prmID=18705&prmTIPO=INICIATIVA,application/pdf,pdf_text,5,5,8310,3225,rica,d81816d5467d3b19940300fbae89e445a2edaa5138c452f013d23d59a127951c,2026-09-02T15:11:19+00:00
18476-03,19159,2026-07-09,parlamentario,"Modifica la ley N°19.496, sobre protección de los derechos de los consumidores, para evitar la generación de cobros improcedentes con posterioridad al fallecimiento del titular de contratos de tracto sucesivo o de ejecución continua",ingreso_proyecto,Ingreso de proyecto,https://www.camara.cl/verDoc.aspx?prmID=18706&prmTIPO=INICIATIVA,https://www.camara.cl/verDoc.aspx?prmID=18706&prmTIPO=INICIATIVA,application/pdf,pdf_text,8,8,11897,9737,rica,848dd25860813f6d47c066d93666df9d723f01efb3002fbc9f2e6b737656ce92,2026-09-02T15:11:19+00:00
18477-07,19157,2026-07-11,parlamentario,Modifica la Constitución Política en lo relativo a procedimientos de acusación constitucional e interpelación,ingreso_proyecto,Ingreso de proyecto,https://www.camara.cl/verDoc.aspx?prmID=18704&prmTIPO=INICIATIVA,https://www.camara.cl/verDoc.aspx?prmID=18704&prmTIPO=INICIATIVA,application/pdf,pdf_text,21,21,44127,42515,rica,3adb0ac1b161a0aac8fff9e978c0a9854c2a7250deb94cc1e2a7cc10656f06ce,2026-09-02T15:11:20+00:00
18478-13,19161,2026-07-21,ejecutivo,Perfecciona los mecanismos de adaptabilidad de la jornada de trabajo y establece un régimen especial para el sector turismo y actividades conexas,texto_mensaje,Texto del Mensaje.,https://www.camara.cl/verDoc.aspx?prmID=36874&prmTIPO=OFICIOPLEY,https://www.camara.cl/verDoc.aspx?prmID=36874&prmTIPO=OFICIOPLEY,application/vnd.openxmlformats-officedocument.wordprocessingml.document,docx_text,0,131,13347,13347,rica,f45e185501b55c04b42e44f921233c0b94d2924f2df4597e7a679834607f4364,2026-09-02T15:11:36+00:00
18479-07,19164,2026-07-13,parlamentario,"Modifica la ley N°20.886, sobre tramitación electrónica de los procedimientos judiciales, para habilitar la tramitación de los juicios arbitrales de partición de bienes y de liquidación de la sociedad conyugal a través de la Oficina Judicial Virtual",ingreso_proyecto,Ingreso de proyecto,https://www.camara.cl/verDoc.aspx?prmID=18711&prmTIPO=INICIATIVA,https://www.camara.cl/verDoc.aspx?prmID=18711&prmTIPO=INICIATIVA,application/pdf,pdf_text,7,7,13291,11403,rica,e0fa5c9560ca87087be795ac23b2dafdc00aac45addf3074e2a7a2c78fbc71e7,2026-09-02T15:11:21+00:00
18480-07,19170,2026-07-13,parlamentario,"Modifica la ley N° 18.918, orgánica constitucional del Congreso Nacional, para obligar a diputadas, diputados, senadoras y senadores a rendir una cuenta pública, de carácter anual e individual, sobre su gestión parlamentaria",ingreso_proyecto,Ingreso de proyecto,https://www.camara.cl/verDoc.aspx?prmID=18717&prmTIPO=INICIATIVA,https://www.camara.cl/verDoc.aspx?prmID=18717&prmTIPO=INICIATIVA,application/pdf,pdf_text,8,8,17765,15907,rica,0ed6fd1c410198e6f78ccbbccbc142946f2697b7434c9240479ab0e5e7ec6914,2026-09-02T15:11:22+00:00
18481-07,19172,2026-07-14,parlamentario,"Modifica las leyes Nº 20.880, 18.575 y 18.918, para fortalecer la probidad e integridad pública en Chile",ingreso_proyecto,Ingreso de proyecto,https://www.camara.cl/verDoc.aspx?prmID=18719&prmTIPO=INICIATIVA,https://www.camara.cl/verDoc.aspx?prmID=18719&prmTIPO=INICIATIVA,application/pdf,pdf_text,9,9,16614,14857,rica,6fe59b327b4833577a67c73a7f3855f605282c127fd9a568492a6fe79ec81e43,2026-09-02T15:11:24+00:00
18482-07,19166,2026-07-14,parlamentario,Modifica la Constitución Política para impedir la participación de autoridades en procesos de formación de leyes de cuya ejecución obtengan un incremento patrimonial significativo,ingreso_proyecto,Ingreso de proyecto,https://www.camara.cl/verDoc.aspx?prmID=18713&prmTIPO=INICIATIVA,https://www.camara.cl/verDoc.aspx?prmID=18713&prmTIPO=INICIATIVA,application/pdf,pdf_text,7,7,12458,10744,rica,c9935e4c0672fde5db1ad6350dc9340905bf5fd0a3dd0cda796cf44eff8b1834,2026-09-02T15:11:25+00:00
18483-01,19171,2026-07-14,parlamentario,Fortalece la persecución del contrabando de alimentos,ingreso_proyecto,Ingreso de proyecto,https://www.camara.cl/verDoc.aspx?prmID=18718&prmTIPO=INICIATIVA,https://www.camara.cl/verDoc.aspx?prmID=18718&prmTIPO=INICIATIVA,application/pdf,pdf_text,5,5,6788,5162,rica,944fa481c9bbb1e7eab5a2cfc43fee309881793d0335a20aade3c7c2f2279c41,2026-09-02T15:11:25+00:00
18484-15,19167,2026-07-14,parlamentario,"Modifica la ley N°18.290, de Tránsito, para que las escuelas de conducción instruyan programas sobre defensa y reacción ante actos delictuales de alta connotación",ingreso_proyecto,Ingreso de proyecto,https://www.camara.cl/verDoc.aspx?prmID=18714&prmTIPO=INICIATIVA,https://www.camara.cl/verDoc.aspx?prmID=18714&prmTIPO=INICIATIVA,application/pdf,pdf_text,7,7,12909,9440,rica,b87651570c18da748dfa1c288fd82f013ec5a11f28b82f8053c3a7fc0c1cdd61,2026-09-02T15:11:26+00:00
18485-07,19163,2026-07-14,parlamentario,Modifica el Código Penal para incorporar la pena de clausura de establecimientos físicos y espacios digitales,ingreso_proyecto,Ingreso de proyecto,https://www.camara.cl/verDoc.aspx?prmID=18710&prmTIPO=INICIATIVA,https://www.camara.cl/verDoc.aspx?prmID=18710&prmTIPO=INICIATIVA,application/pdf,pdf_text,8,8,13107,11500,rica,8a47ce3dae96c9b69414986e7679af29e9b20757965f12028b0368f7661cbd67,2026-09-02T15:11:26+00:00
18486-03,19169,2026-07-14,parlamentario,"Modifica la ley N°18.490, sobre seguro obligatorio de accidentes personales causados por circulación de vehículos motorizados, para incrementar el monto de los reembolsos por gastos médicos",ingreso_proyecto,Ingreso de proyecto,https://www.camara.cl/verDoc.aspx?prmID=18716&prmTIPO=INICIATIVA,https://www.camara.cl/verDoc.aspx?prmID=18716&prmTIPO=INICIATIVA,application/pdf,pdf_text,7,7,11542,9709,rica,bf4e98770abb0d186eee101a63cc88f4828b7643b671796e9cd0645aab2503ee,2026-09-02T15:11:27+00:00
18487-12,19165,2026-07-14,parlamentario,"Modifica la ley N°19.300, para eliminar las labores de exploración minera de aquellas que deben ingresar al Sistema de Evaluación de Impacto Ambiental",ingreso_proyecto,Ingreso de proyecto,https://www.camara.cl/verDoc.aspx?prmID=18712&prmTIPO=INICIATIVA,https://www.camara.cl/verDoc.aspx?prmID=18712&prmTIPO=INICIATIVA,application/pdf,pdf_text,7,7,9741,8049,rica,b7d816ca9ed364c1dea0e2a57b9e8a2aa9f1bed7bab282919627229d21d830ad,2026-09-02T15:11:28+00:00
18488-07,19173,2026-07-21,parlamentario,"Modifica diversos cuerpos legales en materia de persecución penal y patrimonial, y tipifica nuevos delitos para combatir el crimen organizado",ingreso_proyecto,Ingreso de proyecto,https://www.camara.cl/verDoc.aspx?prmID=18720&prmTIPO=INICIATIVA,https://www.camara.cl/verDoc.aspx?prmID=18720&prmTIPO=INICIATIVA,application/pdf,pdf_text,12,12,28881,28881,rica,3fe519bbf5af1e8b0f32ce0652e85ea6058a065e6389a0abddd60eb22c3a1a9b,2026-09-02T15:11:36+00:00
18489-07,19174,2026-07-21,parlamentario,Modifica diversos cuerpos legales con el objeto de tipificar el delito de encubrimiento,ingreso_proyecto,Ingreso de proyecto,https://www.camara.cl/verDoc.aspx?prmID=18721&prmTIPO=INICIATIVA,https://www.camara.cl/verDoc.aspx?prmID=18721&prmTIPO=INICIATIVA,application/pdf,pdf_text,12,12,25488,25488,rica,3fa04c22de33eb93bb1f64f2b22e903a6337028938c70259eb7e0324882bd847,2026-09-02T15:11:37+00:00
18490-06,19168,2026-07-15,parlamentario,"Modifica la ley Nº18.834, sobre Estatuto Administrativo, para consagrar el principio de neutralidad política y reforzar la prohibición de discriminación en la función pública",ingreso_proyecto,Ingreso de proyecto,https://www.camara.cl/verDoc.aspx?prmID=18715&prmTIPO=INICIATIVA,https://www.camara.cl/verDoc.aspx?prmID=18715&prmTIPO=INICIATIVA,application/pdf,pdf_text,6,6,9069,7176,rica,aa58f4a9706b0ec8fca18fb4e7f6dce5b4e98547b4a417843a5842c5f7a2a254,2026-09-02T15:11:29+00:00
18491-03,19175,2026-07-21,parlamentario,"Modifica la ley N° 20.423, del sistema institucional para el desarrollo del turismo, con el objeto de establecer la obligación de los prestadores de servicios de alojamiento turístico de cumplir con la infraestructura de asistencia y seguridad para las personas mayores",ingreso_proyecto,Ingreso de proyecto,https://www.camara.cl/verDoc.aspx?prmID=18722&prmTIPO=INICIATIVA,https://www.camara.cl/verDoc.aspx?prmID=18722&prmTIPO=INICIATIVA,application/pdf,pdf_text,3,3,5230,5230,rica,31cc17696885d98a226b671fd9e82d59e0535b46bd1baa640490e1c6f01f7e5e,2026-09-02T15:11:37+00:00
18492-13,19183,2026-07-16,parlamentario,Crea en el Código del Trabajo el cargo de responsable de gestión y ordenación del tiempo de trabajo en las empresas,ingreso_proyecto,Ingreso de proyecto,https://www.camara.cl/verDoc.aspx?prmID=18730&prmTIPO=INICIATIVA,https://www.camara.cl/verDoc.aspx?prmID=18730&prmTIPO=INICIATIVA,application/pdf,pdf_text,14,14,24386,22690,rica,55be54fe29bfa10f13177644a34278344c5d2798457c4d15c541a08f1eb7faae,2026-09-02T15:11:31+00:00
18493-07,19182,2026-07-17,parlamentario,"Modifica la ley N°19.640, orgánica constitucional del Ministerio Público, para disponer la inhabilidad de exfiscales para asumir cargos de exclusiva confianza de S.E. el Presidente de la República",ingreso_proyecto,Ingreso de proyecto,https://www.camara.cl/verDoc.aspx?prmID=18729&prmTIPO=INICIATIVA,https://www.camara.cl/verDoc.aspx?prmID=18729&prmTIPO=INICIATIVA,application/pdf,pdf_text,6,6,7167,5382,rica,cd07407f8d08c6ec59a66c96c03a57ddfb1bde829157a0a3a270816a85a05d6c,2026-09-02T15:11:31+00:00
18494-06,19178,2026-07-17,parlamentario,"Elimina en la ley N°18.834, sobre Estatuto Administrativo, la compatibilidad de ser titular de cargos de planta y ejercer cargos de exclusiva confianza en casos que indica",ingreso_proyecto,Ingreso de proyecto,https://www.camara.cl/verDoc.aspx?prmID=18725&prmTIPO=INICIATIVA,https://www.camara.cl/verDoc.aspx?prmID=18725&prmTIPO=INICIATIVA,application/pdf,pdf_text,6,6,7041,5260,rica,9b2536d1375ecb91e572e1bf1dff9a901e999c314edd30676638383e81df8245,2026-09-02T15:11:32+00:00
18495-04,19176,2026-07-20,parlamentario,"Modifica la leyes N°20.370, general de Educación, y 21.040, que crea el Sistema de Educación Pública, para implementar en la educación técnico-profesional criterios de territorialidad y descentralización",ingreso_proyecto,Ingreso de proyecto,https://www.camara.cl/verDoc.aspx?prmID=18723&prmTIPO=INICIATIVA,https://www.camara.cl/verDoc.aspx?prmID=18723&prmTIPO=INICIATIVA,application/pdf,pdf_text,8,8,15160,13303,rica,1045f72c7e50e86ef0369b0778e653f8f640586acfcb4d5b2870e9cc6730523a,2026-09-02T15:11:32+00:00
18496-06,19177,2026-07-20,parlamentario,"Resguarda el uso común de los bienes nacionales de uso público ante ocupaciones mediante estructuras precarias, según criterios de proporcionalidad y no discriminación",ingreso_proyecto,Ingreso de proyecto,https://www.camara.cl/verDoc.aspx?prmID=18724&prmTIPO=INICIATIVA,https://www.camara.cl/verDoc.aspx?prmID=18724&prmTIPO=INICIATIVA,application/pdf,pdf_text,7,7,13149,11400,rica,2cfc614fd42151dc42ddd890b747316f5d7c72871b980f2de7092dafd73187ad,2026-09-02T15:11:33+00:00
18497-11,19181,2026-07-20,parlamentario,"Dispone estándares de resistencia estructural, gestión de riesgos y mantención para las ambulancias terrestres",ingreso_proyecto,Ingreso de proyecto,https://www.camara.cl/verDoc.aspx?prmID=18728&prmTIPO=INICIATIVA,https://www.camara.cl/verDoc.aspx?prmID=18728&prmTIPO=INICIATIVA,application/pdf,pdf_text,7,7,10080,8377,rica,22f18f893b26942ab26339094c533b34a883ebaa325b6d2cf2c9cb9b1316b2bc,2026-09-02T15:11:33+00:00
18498-19,19179,2026-07-20,parlamentario,"Dispone un estatuto de protección de los derechos de creadores de contenido digital en sus relaciones contractuales con plataformas digitales, marcas y agencias de representación",ingreso_proyecto,Ingreso de proyecto,https://www.camara.cl/verDoc.aspx?prmID=18726&prmTIPO=INICIATIVA,https://www.camara.cl/verDoc.aspx?prmID=18726&prmTIPO=INICIATIVA,application/pdf,pdf_text,14,14,23637,21870,rica,58de0fe32496250750819a761670e8aa9091c4e317c7f44da6e227ff40e58675,2026-09-02T15:11:34+00:00
18499-02,19184,2026-07-20,parlamentario,"Modifica la ley N°21.280, sobre el ámbito de aplicación del procedimiento de tutela laboral, para excluir a los funcionarios de las fuerzas Armadas, y de Orden y Seguridad Pública, de tales procedimientos",ingreso_proyecto,Ingreso de proyecto,https://www.camara.cl/verDoc.aspx?prmID=18731&prmTIPO=INICIATIVA,https://www.camara.cl/verDoc.aspx?prmID=18731&prmTIPO=INICIATIVA,application/pdf,pdf_text,5,5,6442,4718,rica,fd6c0c841f4e2bf2729bd6645a589f61361a681fe8272034293aad11b380654e,2026-09-02T15:11:34+00:00
18500-13,19180,2026-07-20,parlamentario,Modifica el Código del Trabajo para fortalecer la formalidad laboral,ingreso_proyecto,Ingreso de proyecto,https://www.camara.cl/verDoc.aspx?prmID=18727&prmTIPO=INICIATIVA,https://www.camara.cl/verDoc.aspx?prmID=18727&prmTIPO=INICIATIVA,application/pdf,pdf_text,13,13,19520,17909,rica,5f1e200072d29fa03240efbe5419713db47c56b23bf72cec57ac0e449b1e6e69,2026-09-02T15:11:35+00:00
18501-10,19194,2026-07-27,ejecutivo,"Aprueba el Acuerdo de alcance parcial entre la República de Chile y la República de Trinidad y Tobago, adoptado mediante suscripción virtual, el 25 de abril de 2025",texto_mensaje,Texto del Mensaje.,https://www.camara.cl/verDoc.aspx?prmID=36924&prmTIPO=OFICIOPLEY,https://www.camara.cl/verDoc.aspx?prmID=36924&prmTIPO=OFICIOPLEY,application/vnd.openxmlformats-officedocument.wordprocessingml.document,docx_text,0,163,32659,32659,rica,cb2da3f88abdaa689ab9726b01f77c42f8b576806200d47994d6130b845abf22,2026-09-02T15:11:46+00:00
18502-07,19185,2026-07-22,parlamentario,"Modifica el artículo 52 de la Carta Fundamental, en materia de acusación constitucional",ingreso_proyecto,Ingreso de proyecto,https://www.camara.cl/verDoc.aspx?prmID=18732&prmTIPO=INICIATIVA,https://www.camara.cl/verDoc.aspx?prmID=18732&prmTIPO=INICIATIVA,application/pdf,pdf_text,7,7,17438,17438,rica,105f1868f2635a0ea1f96206d55315e208b1399826f2cfc0b84651d93f4c76e9,2026-09-02T15:11:40+00:00
18503-13,19186,2026-07-22,parlamentario,"Modifica el Código del Trabajo, con el objeto de asegurar la continuidad de la protección del fuero laboral que regula el artículo 201",ingreso_proyecto,Ingreso de proyecto,https://www.camara.cl/verDoc.aspx?prmID=18733&prmTIPO=INICIATIVA,https://www.camara.cl/verDoc.aspx?prmID=18733&prmTIPO=INICIATIVA,application/pdf,pdf_text,3,3,5754,5754,rica,73ffd06cdf4852f5cddafa55f4173d83a3f3766abd203e814d14a6770f222266,2026-09-02T15:11:40+00:00
18504-09,19187,2026-07-22,parlamentario,"Modifica la Ley de Concesiones de Obras Públicas, para exigir al concesionario nueva obligación de información y transparencia",ingreso_proyecto,Ingreso de proyecto,https://www.camara.cl/verDoc.aspx?prmID=18734&prmTIPO=INICIATIVA,https://www.camara.cl/verDoc.aspx?prmID=18734&prmTIPO=INICIATIVA,application/pdf,pdf_text,3,3,6036,6036,rica,69d97e4b44aa4ecade7d9b4659dfe70a9da464347f18b57daa7517ddea930eca,2026-09-02T15:11:41+00:00
18505-06,19188,2026-07-30,parlamentario,"Iniciado en moción de los Honorables Senadores señor Flores y señoras Astudillo,  Núñez y Vodanovic, con la que inician un proyecto de ley, que modifica la ley N° 21.325, de Migración y Extranjería, con el objeto de sancionar penalmente la celebración de matrimonios o acuerdos de unión civil con fines migratorios",ingreso_proyecto,Ingreso de proyecto,https://www.camara.cl/verDoc.aspx?prmID=18735&prmTIPO=INICIATIVA,https://www.camara.cl/verDoc.aspx?prmID=18735&prmTIPO=INICIATIVA,application/pdf,pdf_text,6,6,10477,10477,rica,0f765e3f8620768c20583e2ac05e8d622eaae8ef6ae1cc724bb7169448ea7eda,2026-09-02T15:11:53+00:00
18506-07,19190,2026-07-21,parlamentario,Modifica el Código Penal para sancionar la simulación de la calidad de integrante de las fuerzas de Orden y Seguridad Pública,ingreso_proyecto,Ingreso de proyecto,https://www.camara.cl/verDoc.aspx?prmID=18737&prmTIPO=INICIATIVA,https://www.camara.cl/verDoc.aspx?prmID=18737&prmTIPO=INICIATIVA,application/pdf,pdf_text,6,6,8396,6272,rica,3fed11e1424308a2d72698d7c2d450069faa2918f30dc9a5ce89ced82a7aa462,2026-09-02T15:11:37+00:00
18507-04,19189,2026-07-21,parlamentario,Incorpora la alfabetización en materias digitales y sobre inteligencia artificial en el curriculum educacional,ingreso_proyecto,Ingreso de proyecto,https://www.camara.cl/verDoc.aspx?prmID=18736&prmTIPO=INICIATIVA,https://www.camara.cl/verDoc.aspx?prmID=18736&prmTIPO=INICIATIVA,application/pdf,pdf_text,7,7,8611,6998,rica,68d5510341b5a3f3ccaeeb731e6b39f747c3adbbe7f99810fff11ef93aeaa3a4,2026-09-02T15:11:38+00:00
18508-04,19193,2026-07-21,parlamentario,Crea una acción de tutela del derecho preferente de los padres a educar a sus hijos,ingreso_proyecto,Ingreso de proyecto,https://www.camara.cl/verDoc.aspx?prmID=18740&prmTIPO=INICIATIVA,https://www.camara.cl/verDoc.aspx?prmID=18740&prmTIPO=INICIATIVA,application/pdf,pdf_text,6,6,13572,11994,rica,2c6f6dbae34c43a192a4e6d997d36af68e7080c531dcb359ada23ee66ba752b3,2026-09-02T15:11:39+00:00
18509-35,19192,2026-07-21,parlamentario,"Modifica la ley N°20.422, sobre igualdad de oportunidades e inclusión social de personas con discapacidad, para especificar el deber de señalización auditiva de estaciones y paradas en los servicios de transporte público",ingreso_proyecto,Ingreso de proyecto,https://www.camara.cl/verDoc.aspx?prmID=18739&prmTIPO=INICIATIVA,https://www.camara.cl/verDoc.aspx?prmID=18739&prmTIPO=INICIATIVA,application/pdf,pdf_text,8,8,12817,10865,rica,ea1c0b601284b23375ce734794f68bc8010f21ed11f9e25b2898843c8b5d1f6e,2026-09-02T15:11:39+00:00
18510-07,19191,2026-07-22,parlamentario,Modifica el Código Penal en materia de trabajo forzoso y dispone reglas sobre trazabilidad de productos,ingreso_proyecto,Ingreso de proyecto,https://www.camara.cl/verDoc.aspx?prmID=18738&prmTIPO=INICIATIVA,https://www.camara.cl/verDoc.aspx?prmID=18738&prmTIPO=INICIATIVA,application/pdf,pdf_text,8,8,11393,5385,rica,0c91808ee6fd27b5ddd8f8295426973849e3fa2ce620e4750e41f49424445736,2026-09-02T15:11:41+00:00
18511-07,19199,2026-07-22,parlamentario,Incorpora a las víctimas de los delitos de estafa y otros engaños como personas de atención prioritaria en el Servicio Nacional de Acceso a la Justicia y Defensoría de Víctimas,ingreso_proyecto,Ingreso de proyecto,https://www.camara.cl/verDoc.aspx?prmID=18746&prmTIPO=INICIATIVA,https://www.camara.cl/verDoc.aspx?prmID=18746&prmTIPO=INICIATIVA,application/pdf,pdf_text,5,5,7217,5424,rica,a536e42bcd55010543cf0b7e5df4dbf208b262f1e5d815da4effcd9cbed81048,2026-09-02T15:11:42+00:00
18512-03,19201,2026-07-22,parlamentario,"Incorpora una leyenda informativa obligatoria en la publicidad creada, sustancialmente, mediante inteligencia artificial",ingreso_proyecto,Ingreso de proyecto,https://www.camara.cl/verDoc.aspx?prmID=18748&prmTIPO=INICIATIVA,https://www.camara.cl/verDoc.aspx?prmID=18748&prmTIPO=INICIATIVA,application/pdf,pdf_text,6,6,10485,8510,rica,da1a18c3ce74b68f7f14a4ca69cdfaba8db2fde4a7fefa31c5fd4c48850aa6dd,2026-09-02T15:11:42+00:00
18513-03,19196,2026-07-23,parlamentario,"Modifica las leyes N° 19.496, sobre protección de los derechos de los consumidores, y N° 18.290, de Tránsito, para garantizar la alternativa de pago presencial por el servicio de estacionamiento en la vía pública",ingreso_proyecto,Ingreso de proyecto,https://www.camara.cl/verDoc.aspx?prmID=18743&prmTIPO=INICIATIVA,https://www.camara.cl/verDoc.aspx?prmID=18743&prmTIPO=INICIATIVA,application/pdf,pdf_text,5,5,8604,6801,rica,3906bf9a360f8123c3a5482bd678c4a9ba74c15a1386536af69bd8cfda3ff72d,2026-09-02T15:11:43+00:00
18514-07,19197,2026-07-23,parlamentario,"Protege la integridad psíquica de los funcionarios que participen como agentes encubiertos o reveladores en investigaciones de delitos sexuales contra niños, niñas y adolescentes",ingreso_proyecto,Ingreso de proyecto,https://www.camara.cl/verDoc.aspx?prmID=18744&prmTIPO=INICIATIVA,https://www.camara.cl/verDoc.aspx?prmID=18744&prmTIPO=INICIATIVA,application/pdf,pdf_text,10,10,15801,13992,rica,8bc280c7aac71db69e83fe4bfd7891d34ff578972e219b2173055c491149c615,2026-09-02T15:11:44+00:00
18515-08,19200,2026-07-24,parlamentario,Prohíbe plantaciones de alta combustibilidad en zonas colindantes a líneas eléctricas,ingreso_proyecto,Ingreso de proyecto,https://www.camara.cl/verDoc.aspx?prmID=18747&prmTIPO=INICIATIVA,https://www.camara.cl/verDoc.aspx?prmID=18747&prmTIPO=INICIATIVA,application/pdf,pdf_text,6,6,7563,5806,rica,06305a9e8113ddd2bb4e87c4f6f539878db2bcd7a329ec70dc85a13f579ac58e,2026-09-02T15:11:45+00:00
18516-18,19195,2026-07-24,parlamentario,"Modifica la ley N°16.618, de menores, para disponer la resolución inmediata de solicitudes de autorización de salida del país en caso de negativa de deudores de pensiones de alimentos",ingreso_proyecto,Ingreso de proyecto,https://www.camara.cl/verDoc.aspx?prmID=18742&prmTIPO=INICIATIVA,https://www.camara.cl/verDoc.aspx?prmID=18742&prmTIPO=INICIATIVA,application/pdf,pdf_text,6,6,6914,5148,rica,3426be2fd90f4c5d0f1de8915853563deab5925f0b4764f6cbf905f9cd7d4d82,2026-09-02T15:11:45+00:00
18517-15,19198,2026-07-26,parlamentario,Sanciona la suplantación de identidad mediante el envío de mensajes fraudulentos y dispone en las concesionarias de telecomunicaciones deberes de detección y bloqueo de dichas comunicaciones,ingreso_proyecto,Ingreso de proyecto,https://www.camara.cl/verDoc.aspx?prmID=18745&prmTIPO=INICIATIVA,https://www.camara.cl/verDoc.aspx?prmID=18745&prmTIPO=INICIATIVA,application/pdf,pdf_text,4,4,8500,8500,rica,d7a622580bce2652b880f2d40a53632489de763f52a70305396c2da4d5225750,2026-09-02T15:11:46+00:00
18518-06,19213,2026-07-27,parlamentario,Modifica aspectos procesales en el otorgamiento de pensiones de gracia,ingreso_proyecto,Ingreso de proyecto,https://www.camara.cl/verDoc.aspx?prmID=18760&prmTIPO=INICIATIVA,https://www.camara.cl/verDoc.aspx?prmID=18760&prmTIPO=INICIATIVA,application/pdf,pdf_text,8,8,14082,12524,rica,e22d1a6cbf75ae426ade39bdef1781e31bf5a3e1796a6e6b07941ddc9874fc63,2026-09-02T15:11:47+00:00
18519-13,19212,2026-07-27,parlamentario,Establece un permiso laboral ante situaciones de emergencia o catástrofe declarada por la autoridad,ingreso_proyecto,Ingreso de proyecto,https://www.camara.cl/verDoc.aspx?prmID=18759&prmTIPO=INICIATIVA,https://www.camara.cl/verDoc.aspx?prmID=18759&prmTIPO=INICIATIVA,application/pdf,pdf_text,5,5,7422,5828,rica,f795f4f9bf925b658512631699708a917555c460a3c9c7c188ee59ff8c1a5281,2026-09-02T15:11:47+00:00
18520-07,19211,2026-07-27,parlamentario,Modifica la Constitución Política en cuanto a la regulación del pago de dieta y asignaciones a congresistas desaforados,ingreso_proyecto,Ingreso de proyecto,https://www.camara.cl/verDoc.aspx?prmID=18758&prmTIPO=INICIATIVA,https://www.camara.cl/verDoc.aspx?prmID=18758&prmTIPO=INICIATIVA,application/pdf,pdf_text,9,9,16046,14295,rica,fb894ee10e07d351cfbf4a2a8dcc56c919a8e32c4ee58bb6ab7529a8ff590d70,2026-09-02T15:11:48+00:00
18521-07,19202,2026-08-03,ejecutivo,Modifica la Constitución Política para incorporar una causal de cesación e incompatibilidad por detección de sustancias estupefacientes o sicotrópicas ilícitas,texto_mensaje,Texto del Mensaje.,https://www.camara.cl/verDoc.aspx?prmID=36935&prmTIPO=OFICIOPLEY,https://www.camara.cl/verDoc.aspx?prmID=36935&prmTIPO=OFICIOPLEY,application/vnd.openxmlformats-officedocument.wordprocessingml.document,docx_text,0,132,14129,14129,rica,97c8727a5d5f34d05e2867d9a8976976bee71c1965a942828d606b6a59db427d,2026-09-02T15:11:56+00:00
18522-10,19203,2026-08-03,ejecutivo,"Aprueba el Acuerdo de servicios aéreos entre el Gobierno de la República de Chile y el Gobierno del Sultanato de Omán, suscrito en Kuala Lumpur, Malasia, el 24 de octubre de 2024",texto_mensaje,Texto del Mensaje.,https://www.camara.cl/verDoc.aspx?prmID=36937&prmTIPO=OFICIOPLEY,https://www.camara.cl/verDoc.aspx?prmID=36937&prmTIPO=OFICIOPLEY,application/vnd.openxmlformats-officedocument.wordprocessingml.document,docx_text,0,125,14138,14138,rica,976c553c9d5bcd2e25f611ee2175def54c96a4078e66239706bc09a4728b0de8,2026-09-02T15:11:56+00:00
18523-16,19215,2026-08-04,parlamentario,Modifica el Reglamento de la Cámara de Diputados para incorporar a la infancia y la adolescencia en la denominación de la Comisión de la Familia,ingreso_proyecto,Ingreso de proyecto,https://www.camara.cl/verDoc.aspx?prmID=18762&prmTIPO=INICIATIVA,https://www.camara.cl/verDoc.aspx?prmID=18762&prmTIPO=INICIATIVA,application/pdf,pdf_text,4,4,5179,3494,rica,33325e7c7327cd4308e3826963f08afa7a6f5f09e4a5c4840b1e917aea3ea354,2026-09-02T15:11:57+00:00
18524-05,19204,2026-08-04,ejecutivo,Extiende vigencia y aumenta cobertura de la ley N° 21.748 y modifica normas que indica,texto_mensaje,Texto del Mensaje.,https://www.camara.cl/verDoc.aspx?prmID=36939&prmTIPO=OFICIOPLEY,https://www.camara.cl/verDoc.aspx?prmID=36939&prmTIPO=OFICIOPLEY,application/vnd.openxmlformats-officedocument.wordprocessingml.document,docx_text,0,166,17368,17368,rica,012226a8e0e8e6786277fe222ca661b313a484c24a5a8108a3a6d1f92f299fc3,2026-09-02T15:11:57+00:00
18525-06,19205,2026-08-04,ejecutivo,"Modifica la ley N° 21.802, que fortalece la institucionalidad municipal en materia de seguridad pública y prevención del delito",texto_mensaje,Texto del Mensaje.,https://www.camara.cl/verDoc.aspx?prmID=36940&prmTIPO=OFICIOPLEY,https://www.camara.cl/verDoc.aspx?prmID=36940&prmTIPO=OFICIOPLEY,application/vnd.openxmlformats-officedocument.wordprocessingml.document,docx_text,0,147,17467,17467,rica,50fc73f181c39fe74e46620c2c4d8dd776cb93dea50d4f92a06ccfae485b1d4f,2026-09-02T15:11:57+00:00
18526-07,19206,2026-07-30,parlamentario,"Establece una nueva causal de cesación en el cargo de diputado o senador y de otras autoridades que indica, por detección de consumo de sustancias estupefacientes o psicotrópicas de carácter ilícito, sin justificación médica",ingreso_proyecto,Ingreso de proyecto,https://www.camara.cl/verDoc.aspx?prmID=18753&prmTIPO=INICIATIVA,https://www.camara.cl/verDoc.aspx?prmID=18753&prmTIPO=INICIATIVA,application/pdf,pdf_text,3,3,5558,5558,rica,4933c9f4592d0521842bcff18937e5a0c586601f410c7fada80db8ab8bda9f1a,2026-09-02T15:11:53+00:00
18527-04,19210,2026-07-29,parlamentario,"Modifica la ley N°21.091, sobre educación superior, para que los establecimientos promuevan la inserción laboral y empleabilidad de sus egresados",ingreso_proyecto,Ingreso de proyecto,https://www.camara.cl/verDoc.aspx?prmID=18757&prmTIPO=INICIATIVA,https://www.camara.cl/verDoc.aspx?prmID=18757&prmTIPO=INICIATIVA,application/pdf,pdf_text,5,5,6069,4286,rica,f0865884235c8221fbcd4367da821085f15560508817f47802a7eea4aec6e6d0,2026-09-02T15:11:50+00:00
18528-01,19208,2026-07-29,parlamentario,"Modifica la ley N°21.020, sobre tenencia responsable de mascotas y animales de compañía, para agravar las penas por abandonar animales en zonas rurales",ingreso_proyecto,Ingreso de proyecto,https://www.camara.cl/verDoc.aspx?prmID=18755&prmTIPO=INICIATIVA,https://www.camara.cl/verDoc.aspx?prmID=18755&prmTIPO=INICIATIVA,application/pdf,pdf_text,6,6,6237,4595,rica,4c57e11e3ec935913ab28f2e6f0d23db0cbdb56a60333dae49be5a9a475af728,2026-09-02T15:11:50+00:00
18529-14,19207,2026-07-15,parlamentario,"Modifica la Ley General de Urbanismo y Construcciones, en materia de caminos locales emplazados en zonas rurales",ingreso_proyecto,Ingreso de proyecto,https://www.camara.cl/verDoc.aspx?prmID=18754&prmTIPO=INICIATIVA,https://www.camara.cl/verDoc.aspx?prmID=18754&prmTIPO=INICIATIVA,application/pdf,pdf_text,2,2,3095,3095,rica,8d59cf85451fe46c1dcdc7d0d86aa2ec93bfe9d4d8764952a57c9e7309c321f8,2026-09-02T15:11:30+00:00
18530-02,19209,2026-07-29,parlamentario,Modifica las sanciones a los delitos de espionaje y protege la información estratégica del Estado,ingreso_proyecto,Ingreso de proyecto,https://www.camara.cl/verDoc.aspx?prmID=18756&prmTIPO=INICIATIVA,https://www.camara.cl/verDoc.aspx?prmID=18756&prmTIPO=INICIATIVA,application/pdf,pdf_text,7,7,9335,6871,rica,f9bc472b2ee3b68d09621107f2c5ffe34baaa3eedde9c7ed55a686804255664d,2026-09-02T15:11:51+00:00
18531-03,19214,2026-07-28,parlamentario,Crea un marco de protección de activos estratégicos para la seguridad nacional y económica del país,ingreso_proyecto,Ingreso de proyecto,https://www.camara.cl/verDoc.aspx?prmID=18761&prmTIPO=INICIATIVA,https://www.camara.cl/verDoc.aspx?prmID=18761&prmTIPO=INICIATIVA,application/pdf,pdf_text,30,25,1954,1954,utilizable,37f06ebc265b695c8d5a7c29c9ffcdff0b20bba79c1535946b1cfeb4ebd30122,2026-09-02T15:11:49+00:00
18532-06,19223,2026-07-29,parlamentario,Rehabilita la nacionalidad chilena a Adolfo José Ochagavía Hubner,ingreso_proyecto,Ingreso de proyecto,https://www.camara.cl/verDoc.aspx?prmID=18770&prmTIPO=INICIATIVA,https://www.camara.cl/verDoc.aspx?prmID=18770&prmTIPO=INICIATIVA,application/pdf,pdf_text,5,5,6999,5460,rica,e342892e2e6cd53297217625362dec2ba09601a51704e4f6d76c37da1fcf0471,2026-09-02T15:11:51+00:00
18533-07,19222,2026-07-29,parlamentario,"Sanciona la difusión pública de instrucciones para el abuso y la explotación sexual de niños, niñas y adolescentes y la apología de tales delitos",ingreso_proyecto,Ingreso de proyecto,https://www.camara.cl/verDoc.aspx?prmID=18769&prmTIPO=INICIATIVA,https://www.camara.cl/verDoc.aspx?prmID=18769&prmTIPO=INICIATIVA,application/pdf,pdf_text,7,7,7608,5905,rica,bccdd86379e642810b4d10bf96206a25ecc32432aa82f4c95947647c111bf261,2026-09-02T15:11:52+00:00
18534-13,19218,2026-07-30,parlamentario,Modifica el Código del Trabajo para extender la obligación de ofrecer trabajo a distancia o teletrabajo en casos de emergencia declarada por autoridad pública,ingreso_proyecto,Ingreso de proyecto,https://www.camara.cl/verDoc.aspx?prmID=18765&prmTIPO=INICIATIVA,https://www.camara.cl/verDoc.aspx?prmID=18765&prmTIPO=INICIATIVA,application/pdf,pdf_text,10,10,19479,17738,rica,c0d4b850d823fa2d60f1ab959e2cb5648fc770f99808fff38c093dc9ab59a2dc,2026-09-02T15:11:54+00:00
18535-07,19217,2026-07-30,parlamentario,Modifica el Código Civil para disponer la servidumbre legal de tránsito en casos que indica,ingreso_proyecto,Ingreso de proyecto,https://www.camara.cl/verDoc.aspx?prmID=18764&prmTIPO=INICIATIVA,https://www.camara.cl/verDoc.aspx?prmID=18764&prmTIPO=INICIATIVA,application/pdf,pdf_text,6,6,10806,9095,rica,157b07251603c8e62d0a088b3b77c40f696040957afc40cef770dbe9453ed49a,2026-09-02T15:11:54+00:00
18536-07,19224,2026-07-31,parlamentario,Modifica el Código Penal para tipificar el delito de ofensa racial y agravar su pena en las circunstancias que indica,ingreso_proyecto,Ingreso de proyecto,https://www.camara.cl/verDoc.aspx?prmID=18771&prmTIPO=INICIATIVA,https://www.camara.cl/verDoc.aspx?prmID=18771&prmTIPO=INICIATIVA,application/pdf,pdf_text,6,6,7338,5714,rica,23fa592280985abe31046ccb20fd4c064fe8c81db9da272a8e41bd5e10996f66,2026-09-02T15:11:55+00:00
18537-06,19221,2026-07-31,parlamentario,Tipifica la simulacion al celebrar de matrimonios o acuerdos de unión civil con fines migratorios,ingreso_proyecto,Ingreso de proyecto,https://www.camara.cl/verDoc.aspx?prmID=18768&prmTIPO=INICIATIVA,https://www.camara.cl/verDoc.aspx?prmID=18768&prmTIPO=INICIATIVA,application/pdf,pdf_text,7,7,8022,6390,rica,55cfdf89ae0f4e202b7f06904c6fb4b6bf0b98c954c70d647c25d42e532073f4,2026-09-02T15:11:55+00:00
18538-07,19226,2026-07-22,parlamentario,Regula la tramitación de las acciones constitucionales de protección y de amparo,ingreso_proyecto,Ingreso de proyecto,https://www.camara.cl/verDoc.aspx?prmID=18773&prmTIPO=INICIATIVA,https://www.camara.cl/verDoc.aspx?prmID=18773&prmTIPO=INICIATIVA,application/pdf,pdf_text,22,22,48721,48721,rica,ba6cd3002692e1c65070ef9a531cedd399048ed4a60ef83d0e5e77bef5c81378,2026-09-02T15:11:43+00:00
18539-21,19228,2026-08-04,parlamentario,"Modifica diversos cuerpos legales, con el objeto de tipificar nuevos delitos en el sector pesquero y de regular técnicas especiales de investigación",ingreso_proyecto,Ingreso de proyecto,https://www.camara.cl/verDoc.aspx?prmID=18775&prmTIPO=INICIATIVA,https://www.camara.cl/verDoc.aspx?prmID=18775&prmTIPO=INICIATIVA,application/pdf,pdf_text,8,8,15830,15830,rica,ed430f040999225d402c061d3d526f0699993df38fc10c5127fb5923ff4e493a,2026-09-02T15:11:58+00:00
18540-06,19216,2026-08-03,parlamentario,"Modifica la ley N°19.638, sobre constitución jurídica de las iglesias y organizaciones religiosas, para simplificar la obtención de la personalidad jurídica de las entidades religiosas y garantizar su igualdad de trato ante los órganos del Estado.",ingreso_proyecto,Ingreso de proyecto,https://www.camara.cl/verDoc.aspx?prmID=18763&prmTIPO=INICIATIVA,https://www.camara.cl/verDoc.aspx?prmID=18763&prmTIPO=INICIATIVA,application/pdf,pdf_text,9,9,15665,12835,rica,2ead66a746bf1f46ac99563f7198c4effa9273eff5dbbfe5e73e8259b5d5363c,2026-09-02T15:11:56+00:00
18541-06,19219,2026-08-04,parlamentario,Modifica el Código Penal para incorporar una agravante en caso de robo o hurto cometido durante situaciones de desastre natural o evacuación preventiva,ingreso_proyecto,Ingreso de proyecto,https://www.camara.cl/verDoc.aspx?prmID=18766&prmTIPO=INICIATIVA,https://www.camara.cl/verDoc.aspx?prmID=18766&prmTIPO=INICIATIVA,application/pdf,pdf_text,5,5,4866,3026,rica,b258ec38bbe1e5aa08cfdf025f76792f2a7f375d0f56f5f209f023ae3f9a74b7,2026-09-02T15:11:58+00:00
18542-29,19225,2026-08-04,parlamentario,"Modifica la ley N°19.712, del deporte, para promover la difusión de las disciplinas deportivas en los medios de comunicación social",ingreso_proyecto,Ingreso de proyecto,https://www.camara.cl/verDoc.aspx?prmID=18772&prmTIPO=INICIATIVA,https://www.camara.cl/verDoc.aspx?prmID=18772&prmTIPO=INICIATIVA,application/pdf,pdf_text,18,18,25472,23327,rica,65d538329a546a5bcad09f307ff0b33fe72b822eea6d9beca660000fb09903f8,2026-09-02T15:11:59+00:00
18543-35,19220,2026-08-04,parlamentario,Fomenta el acceso y participación de personas mayores en actividades económicas,ingreso_proyecto,Ingreso de proyecto,https://www.camara.cl/verDoc.aspx?prmID=18767&prmTIPO=INICIATIVA,https://www.camara.cl/verDoc.aspx?prmID=18767&prmTIPO=INICIATIVA,application/pdf,pdf_text,21,21,30765,29186,rica,484291e1318f4571cc9d46109cac5334e8edbbb34d885d28c865a85f8e3c841b,2026-09-02T15:12:00+00:00
18544-06,19244,2026-08-04,parlamentario,Sanciona la celebración de matrimonios y acuerdos de unión civil destinados a obtener beneficios estatales o residencia en el país,ingreso_proyecto,Ingreso de proyecto,https://www.camara.cl/verDoc.aspx?prmID=18791&prmTIPO=INICIATIVA,https://www.camara.cl/verDoc.aspx?prmID=18791&prmTIPO=INICIATIVA,application/pdf,pdf_text,7,7,11207,9503,rica,abe01e39226e2718322eb04e495267375c421fe9bc616e98478c139eef75a4ed,2026-09-02T15:12:00+00:00
18545-07,19243,2026-08-04,parlamentario,Modifica la Constitución Política para establecer un estatuto especial de aplicación de la ley penal a imputados rebeldes,ingreso_proyecto,Ingreso de proyecto,https://www.camara.cl/verDoc.aspx?prmID=18790&prmTIPO=INICIATIVA,https://www.camara.cl/verDoc.aspx?prmID=18790&prmTIPO=INICIATIVA,application/pdf,pdf_text,7,7,9077,7367,rica,9589eb5ae832b1f257c0be81ffedd9519a5b8ca3a9b9ed35b80480cc7bdcbf94,2026-09-02T15:12:01+00:00
18546-34,19229,2026-08-04,parlamentario,"Modifica diversos cuerpos legales, con el objeto de regular la gestación por subrogación altruista",ingreso_proyecto,Ingreso de proyecto,https://www.camara.cl/verDoc.aspx?prmID=18776&prmTIPO=INICIATIVA,https://www.camara.cl/verDoc.aspx?prmID=18776&prmTIPO=INICIATIVA,application/pdf,pdf_text,14,14,35085,35085,rica,de69b5b1a1a69ae14b065b9fe44dd2c56376ead40df9cd97aaa9f935165f349f,2026-09-02T15:12:01+00:00
18547-35,19232,2026-08-04,parlamentario,"Establece una ley marco para la atención temprana de niños y niñas con discapacidad, rezago del desarrollo o factores de riesgo asociados",ingreso_proyecto,Ingreso de proyecto,https://www.camara.cl/verDoc.aspx?prmID=18779&prmTIPO=INICIATIVA,https://www.camara.cl/verDoc.aspx?prmID=18779&prmTIPO=INICIATIVA,application/pdf,pdf_text,20,20,36167,36167,rica,807dda8f98f7e5747c7a57d6298143ddad529098b362595779ce2287ed5c05e9,2026-09-02T15:12:02+00:00
18548-11,19230,2026-08-04,parlamentario,"Modifica la ley N° 19.664, con el objeto de establecer la movilidad territorial exclusiva entre zonas extremas y territorios especiales del país para los médicos que deben cumplir su período asistencial obligatorio",ingreso_proyecto,Ingreso de proyecto,https://www.camara.cl/verDoc.aspx?prmID=18777&prmTIPO=INICIATIVA,https://www.camara.cl/verDoc.aspx?prmID=18777&prmTIPO=INICIATIVA,application/pdf,pdf_text,2,2,3515,3515,rica,43b60c0f0acb1eda4d1542d4d84338c20e3bcee9b1b83230ebec52b2471feda5,2026-09-02T15:12:02+00:00
18549-15,19231,2026-08-04,parlamentario,"Modifica la Ley de Tránsito, con el objeto de establecer nuevo requisito para obtener la licencia de conducir",ingreso_proyecto,Ingreso de proyecto,https://www.camara.cl/verDoc.aspx?prmID=18778&prmTIPO=INICIATIVA,https://www.camara.cl/verDoc.aspx?prmID=18778&prmTIPO=INICIATIVA,application/pdf,pdf_text,2,2,2733,2733,rica,d0be3c4499c671253b0255a8b652975881ccfe749a7036986559791266bb69e6,2026-09-02T15:12:03+00:00
18550-36,19233,2026-08-04,parlamentario,"Modifica la ley N° 20.066, con el objeto de establecer entrevistas videograbadas en resguardo de las víctimas de violencia intrafamiliar",ingreso_proyecto,Ingreso de proyecto,https://www.camara.cl/verDoc.aspx?prmID=18780&prmTIPO=INICIATIVA,https://www.camara.cl/verDoc.aspx?prmID=18780&prmTIPO=INICIATIVA,application/pdf,pdf_text,3,3,3631,3631,rica,62bef84ce3805af9e04c58baddf3c64a91cf04b123047b7c00752aa115b1f218,2026-09-02T15:12:03+00:00
18551-04,19227,2026-08-05,ejecutivo,"Modifica la ley N° 21.040, que crea el sistema de educación pública, con la finalidad de ajustar la segunda etapa de instalación y el traspaso de los servicios locales de educación",ingreso_proyecto,Ingreso de proyecto,https://www.camara.cl/verDoc.aspx?prmID=18774&prmTIPO=INICIATIVA,https://www.camara.cl/verDoc.aspx?prmID=18774&prmTIPO=INICIATIVA,application/pdf,pdf_text,15,15,27936,27936,rica,2e94e3689e06033aa2fa8065e7104fcbca81122657fbe5b97bb79729157ca6e4,2026-09-02T15:12:04+00:00
18552-07,19234,2026-08-04,parlamentario,"Modifica el numeral 24° del artículo 19, con el objeto de consagrar la recuperación y uso social de los bienes inmuebles abandonados.",ingreso_proyecto,Ingreso de proyecto,https://www.camara.cl/verDoc.aspx?prmID=18781&prmTIPO=INICIATIVA,https://www.camara.cl/verDoc.aspx?prmID=18781&prmTIPO=INICIATIVA,application/pdf,pdf_text,4,4,10170,10170,rica,47e88b4b289897a8c5a8cec108f8e34b85bac1bd7d5ee7c2039cc77d1a1a8365,2026-09-02T15:12:03+00:00
18553-11,19235,2026-08-05,parlamentario,"Modifica diversos cuerpos legales, con el objeto de regular la prevención, detección y atención oncológica en el sector privado",ingreso_proyecto,Ingreso de proyecto,https://www.camara.cl/verDoc.aspx?prmID=18782&prmTIPO=INICIATIVA,https://www.camara.cl/verDoc.aspx?prmID=18782&prmTIPO=INICIATIVA,application/pdf,pdf_text,26,25,47890,47890,rica,863c18174a5db44d8778eea53702b42df2004f464f68e63d2faab87bc3c6cb11,2026-09-02T15:12:05+00:00
18554-36,19236,2026-08-05,parlamentario,"Modifica diversos cuerpos legales, con el objeto de otorgar protección a los niños y niñas abandonados en establecimientos de salud",ingreso_proyecto,Ingreso de proyecto,https://www.camara.cl/verDoc.aspx?prmID=18783&prmTIPO=INICIATIVA,https://www.camara.cl/verDoc.aspx?prmID=18783&prmTIPO=INICIATIVA,application/pdf,pdf_text,9,9,20610,20610,rica,e1c8b7f007b2ccd16c0cf7122f8333cba97c46bfac3f516f0338543e07de2020,2026-09-02T15:12:05+00:00
18555-17,19237,2026-08-05,parlamentario,"Modifica la ley N° 20.405, del Instituto Nacional de Derechos Humanos, para incorporar la figura de los observadores de derechos humanos acreditados",ingreso_proyecto,Ingreso de proyecto,https://www.camara.cl/verDoc.aspx?prmID=18784&prmTIPO=INICIATIVA,https://www.camara.cl/verDoc.aspx?prmID=18784&prmTIPO=INICIATIVA,application/pdf,pdf_text,2,2,4199,4199,rica,44d1e396228c491e242c48be364ef80e3fb508b34fa7b24a9c50a3193eea5d84,2026-09-02T15:12:06+00:00
18556-13,19238,2026-08-05,parlamentario,"Modifica el Código del Trabajo, con el objeto de extender el permiso a que tienen derecho los trabajadores en el caso de fallecimiento de un hijo",ingreso_proyecto,Ingreso de proyecto,https://www.camara.cl/verDoc.aspx?prmID=18785&prmTIPO=INICIATIVA,https://www.camara.cl/verDoc.aspx?prmID=18785&prmTIPO=INICIATIVA,application/pdf,pdf_text,2,2,3075,3075,rica,a1b9ba9e90376b81bfba4a095aed0f19a8fabd772a024f397359ac3898badb3e,2026-09-02T15:12:06+00:00
18557-03,19239,2026-08-05,parlamentario,"Modifica diversos cuerpos legales, con el objeto de regular la revocación de autorizaciones de cobros recurrentes",ingreso_proyecto,Ingreso de proyecto,https://www.camara.cl/verDoc.aspx?prmID=18786&prmTIPO=INICIATIVA,https://www.camara.cl/verDoc.aspx?prmID=18786&prmTIPO=INICIATIVA,application/pdf,pdf_text,10,10,26033,26033,rica,0a059e898be91f30525b63bcbd6c932d848d3366da18a11cffeb0f68537412d8,2026-09-02T15:12:06+00:00
18558-25,19241,2026-08-10,parlamentario,"Modifica diversos cuerpos legales, con el objeto de establecer la obligación de entrega o puesta en ejecución de claves de descifrado, y de sancionar penalmente su incumplimiento",ingreso_proyecto,Ingreso de proyecto,https://www.camara.cl/verDoc.aspx?prmID=18788&prmTIPO=INICIATIVA,https://www.camara.cl/verDoc.aspx?prmID=18788&prmTIPO=INICIATIVA,application/pdf,pdf_text,7,7,15576,15576,rica,b6e75f806004c039a19e37e013e5b42801cdab841c23321ded90937bcb535264,2026-09-02T15:12:15+00:00
18559-37,19249,2026-08-10,parlamentario,"Autoriza erigir un monumento, en la región de Arica y Parinacota, en homenaje a &quot;La Cantinera&quot;, heroína de la Guerra del Pacífico",ingreso_proyecto,Ingreso de proyecto,https://www.camara.cl/verDoc.aspx?prmID=18796&prmTIPO=INICIATIVA,https://www.camara.cl/verDoc.aspx?prmID=18796&prmTIPO=INICIATIVA,application/pdf,pdf_text,3,3,5887,5887,rica,c0ef29367fb5a0563037758f6e75419659627d893c21da076dbcee019c9c297c,2026-09-02T15:12:15+00:00
18560-35,19250,2026-08-11,parlamentario,"Introduce modificaciones en la ley N° 21.545, que establece la promoción de la inclusión, la atención integral, y la protección de los derechos de las personas con trastorno del espectro autista en el ámbito social, de salud y educación, relativas a su implementación",ingreso_proyecto,Ingreso de proyecto,https://www.camara.cl/verDoc.aspx?prmID=18797&prmTIPO=INICIATIVA,https://www.camara.cl/verDoc.aspx?prmID=18797&prmTIPO=INICIATIVA,application/pdf,pdf_text,5,5,8103,8103,rica,891253fcd3853f381c8f29986ca7d88bb027b610ad97c25703575fcdfe9e10d6,2026-09-02T15:12:19+00:00
18561-36,19240,2026-08-10,parlamentario,"Modifica diversos cuerpos legales, en materia de control y seguimiento de niñas y niños bajo el régimen de reunificación familiar.",ingreso_proyecto,Ingreso de proyecto,https://www.camara.cl/verDoc.aspx?prmID=18787&prmTIPO=INICIATIVA,https://www.camara.cl/verDoc.aspx?prmID=18787&prmTIPO=INICIATIVA,application/pdf,pdf_text,10,10,20126,20126,rica,6f7602028e9f42b437261f8ec71e93c57aa64f1a6231c330f507298751c15799,2026-09-02T15:12:16+00:00
18562-07,19248,2026-08-05,parlamentario,Establece controles obligatorios sobre consumo de drogas y una causal de cesación en el cargo de las autoridades y directivos superiores que indica,ingreso_proyecto,Ingreso de proyecto,https://www.camara.cl/verDoc.aspx?prmID=18795&prmTIPO=INICIATIVA,https://www.camara.cl/verDoc.aspx?prmID=18795&prmTIPO=INICIATIVA,application/pdf,pdf_text,7,7,9964,8239,rica,4cc896fb51cd82aa6de89c09bd7980acb4e95fd8c168d6e96da448104b7a9fe7,2026-09-02T15:12:07+00:00
18563-07,19246,2026-08-05,parlamentario,"Incorpora en el Código Penal el delito de apología pública a la discriminación, el maltrato y el abuso sexual en contra de niños, niñas, adolescentes y personas con discapacidad",ingreso_proyecto,Ingreso de proyecto,https://www.camara.cl/verDoc.aspx?prmID=18793&prmTIPO=INICIATIVA,https://www.camara.cl/verDoc.aspx?prmID=18793&prmTIPO=INICIATIVA,application/pdf,pdf_text,7,7,11561,11561,rica,56a74175eebeef5e5375c8a9384558d2b33f2ef2a281dca33267b6febdeb6d1d,2026-09-02T15:12:08+00:00
18564-07,19242,2026-08-05,parlamentario,Impide temporalmente el alza en el valor del avalúo fiscal de los inmuebles residenciales por la instalación de paneles solares,ingreso_proyecto,Ingreso de proyecto,https://www.camara.cl/verDoc.aspx?prmID=18789&prmTIPO=INICIATIVA,https://www.camara.cl/verDoc.aspx?prmID=18789&prmTIPO=INICIATIVA,application/pdf,pdf_text,6,6,6652,1057,utilizable,486302d708a67846bcea85f8b1d49bf4779a2afa6c9a62eb6d5e8d19c7bb7758,2026-09-02T15:12:08+00:00
18565-03,19247,2026-08-05,parlamentario,Incrementa la información sobre cobros en estados de cuenta y el control de cargos recurrentes en medios de pago,ingreso_proyecto,Ingreso de proyecto,https://www.camara.cl/verDoc.aspx?prmID=18794&prmTIPO=INICIATIVA,https://www.camara.cl/verDoc.aspx?prmID=18794&prmTIPO=INICIATIVA,application/pdf,pdf_text,6,6,9707,5140,rica,8da9d1cc85bad4045e0e793f9b39a05c0acd9d170f9404e5bbd6e4371370d2c5,2026-09-02T15:12:09+00:00
18566-07,19245,2026-08-05,parlamentario,Dispone un sistema general de control de consumo de drogas en las autoridades que indica,ingreso_proyecto,Ingreso de proyecto,https://www.camara.cl/verDoc.aspx?prmID=18792&prmTIPO=INICIATIVA,https://www.camara.cl/verDoc.aspx?prmID=18792&prmTIPO=INICIATIVA,application/pdf,pdf_text,5,5,7547,5931,rica,38925851a1ea0b8e7961320aae85bfb37e5bb06e7a296476681bb72fcf05cbca,2026-09-02T15:12:09+00:00
18567-07,19252,2026-08-06,parlamentario,Modifica la Constitución Política para permitir a las Cámaras del Congreso Nacional solicitar el trámite de urgencia en la discusión de mociones,ingreso_proyecto,Ingreso de proyecto,https://www.camara.cl/verDoc.aspx?prmID=18799&prmTIPO=INICIATIVA,https://www.camara.cl/verDoc.aspx?prmID=18799&prmTIPO=INICIATIVA,application/pdf,pdf_text,5,5,7827,2720,rica,38613c6578c337d66c612ad0b211c6ebc78f39d18edd2bcc234b4fafa7e5276c,2026-09-02T15:12:11+00:00
18568-07,19253,2026-08-06,parlamentario,Modifica el Código Penal para sancionar supuestos de acceso a sustancias o medicamentos abortivos,ingreso_proyecto,Ingreso de proyecto,https://www.camara.cl/verDoc.aspx?prmID=18800&prmTIPO=INICIATIVA,https://www.camara.cl/verDoc.aspx?prmID=18800&prmTIPO=INICIATIVA,application/pdf,pdf_text,6,6,10948,9208,rica,e2437ca6c3268a923220611369937e1f410485508a09fe7aa755d390b8517156,2026-09-02T15:12:11+00:00
18569-06,19254,2026-08-06,parlamentario,"Modifica la ley N°20.000, que sanciona el tráfico ilícito de estupefacientes y sustancias sicotrópicas, para disponer como inhabilidad temporal para acceder a la función pública el haber patrocinado la defensa de imputados por infracciones a esa ley",ingreso_proyecto,Ingreso de proyecto,https://www.camara.cl/verDoc.aspx?prmID=18801&prmTIPO=INICIATIVA,https://www.camara.cl/verDoc.aspx?prmID=18801&prmTIPO=INICIATIVA,application/pdf,pdf_text,6,6,7980,6006,rica,9627e8fea08da8d1cc8183954292925bcbf0b976ec299ac95265ffa919cc1666,2026-09-02T15:12:12+00:00
18570-07,19251,2026-08-06,parlamentario,Modifica la Constitución Política para incorporar al Fiscal Nacional y a los fiscales regionales del Ministerio Público como sujetos acusables constitucionalmente por notable abandono de deberes,ingreso_proyecto,Ingreso de proyecto,https://www.camara.cl/verDoc.aspx?prmID=18798&prmTIPO=INICIATIVA,https://www.camara.cl/verDoc.aspx?prmID=18798&prmTIPO=INICIATIVA,application/pdf,pdf_text,9,9,15453,13601,rica,6271c9e569b80be75c8c983a9ee22c517e2eda2a6267359ee035421defefb969,2026-09-02T15:12:12+00:00
18571-08,19255,2026-08-11,parlamentario,Establece obligaciones que indica para los exportadores de concentrado de cobre,ingreso_proyecto,Ingreso de proyecto,https://www.camara.cl/verDoc.aspx?prmID=18802&prmTIPO=INICIATIVA,https://www.camara.cl/verDoc.aspx?prmID=18802&prmTIPO=INICIATIVA,application/pdf,pdf_text,4,4,10045,10045,rica,331909a4828f376f429f39bf51e64d89938d41e8ff9259658e59f57d9bcb5133,2026-09-02T15:12:20+00:00
18572-07,19256,2026-08-11,parlamentario,"Modifica el Código Penal, con el objeto de tipificar la incitación pública o apología a la explotación, abuso sexual o pornografía infantil, y consagrar una circunstancia agravante en el caso de que la víctima posea una condición de discapacidad o neurodivergencia",ingreso_proyecto,Ingreso de proyecto,https://www.camara.cl/verDoc.aspx?prmID=18803&prmTIPO=INICIATIVA,https://www.camara.cl/verDoc.aspx?prmID=18803&prmTIPO=INICIATIVA,application/pdf,pdf_text,3,3,5607,5607,rica,3a9b1ffdcbe0033c18da1b2e973bdfd946497354132d199516dca8231b7a7a8d,2026-09-02T15:12:20+00:00
18573-25,19257,2026-08-07,parlamentario,Autoriza al Presidente de la República para recompensar a quienes aporten antecedentes útiles para la investigación y sanción de delitos vinculados al crimen organizado,ingreso_proyecto,Ingreso de proyecto,https://www.camara.cl/verDoc.aspx?prmID=18804&prmTIPO=INICIATIVA,https://www.camara.cl/verDoc.aspx?prmID=18804&prmTIPO=INICIATIVA,application/pdf,pdf_text,7,7,10418,8956,rica,3d54566cbf7e799782b0ef2f0f7f40eb2cd9231ea9699ffbfd09dec0cddbd012,2026-09-02T15:12:14+00:00
18574-25,19258,2026-08-07,parlamentario,Modifica el Código Penal para tipificar supuestos de tenencia de armas cortantes o punzantes en establecimientos penitenciarios,ingreso_proyecto,Ingreso de proyecto,https://www.camara.cl/verDoc.aspx?prmID=18805&prmTIPO=INICIATIVA,https://www.camara.cl/verDoc.aspx?prmID=18805&prmTIPO=INICIATIVA,application/pdf,pdf_text,7,7,11946,10240,rica,57138e83b0f5985b92b9d3c0aee64e8409276ab2f845331948f5fc151b99c76b,2026-09-02T15:12:14+00:00
18575-11,19260,2026-08-05,parlamentario,Promueve el establecimiento de escuelas de medicina en todas las regiones del país,ingreso_proyecto,Ingreso de proyecto,https://www.camara.cl/verDoc.aspx?prmID=18807&prmTIPO=INICIATIVA,https://www.camara.cl/verDoc.aspx?prmID=18807&prmTIPO=INICIATIVA,application/pdf,pdf_text,7,7,8423,897,utilizable,2b382ba587d206cadd3976f0ba72ce9a55021459e93cbb0aa26ea7e681adc608,2026-09-02T15:12:10+00:00
18576-06,19259,2026-08-06,parlamentario,Modifica la Ley sobre Rentas Municipales para ampliar el plazo de vigencia de las patentes municipales provisorias,ingreso_proyecto,Ingreso de proyecto,https://www.camara.cl/verDoc.aspx?prmID=18806&prmTIPO=INICIATIVA,https://www.camara.cl/verDoc.aspx?prmID=18806&prmTIPO=INICIATIVA,application/pdf,pdf_text,6,6,12184,10406,rica,5a4d539729ff3be9e277da8b497bd885c9e882c0bee80fef5942cb1a52c1ac14,2026-09-02T15:12:13+00:00
18577-03,19264,2026-08-12,parlamentario,"Modifica la ley N° 20.720, que sustituye el régimen concursal vigente por una ley de reorganización y liquidación de empresas y personas, y perfecciona el rol de la Superintendencia del ramo, en los términos que indica",ingreso_proyecto,Ingreso de proyecto,https://www.camara.cl/verDoc.aspx?prmID=18811&prmTIPO=INICIATIVA,https://www.camara.cl/verDoc.aspx?prmID=18811&prmTIPO=INICIATIVA,application/pdf,pdf_text,4,4,8269,8269,rica,4c0261bf61d38e9e0ee7a61e890a7eea9f71b1db953bc600973a26483c191303,2026-09-02T15:12:25+00:00
18578-37,19261,2026-08-12,parlamentario,Declara el día 30 de septiembre de cada año como el &quot;Día del Soldado Desconocido&quot;,ingreso_proyecto,Ingreso de proyecto,https://www.camara.cl/verDoc.aspx?prmID=18808&prmTIPO=INICIATIVA,https://www.camara.cl/verDoc.aspx?prmID=18808&prmTIPO=INICIATIVA,application/pdf,pdf_text,1,1,1893,1893,utilizable,88052957e006464f8c02cace39872846d51b14cae67becc45bd694b8f8fb5653,2026-09-02T15:12:26+00:00
18579-07,19262,2026-08-12,parlamentario,"Modifica el Código Penal, para incorporar los delitos de atentados graves contra la dignidad y la igualdad e incitación pública al odio",ingreso_proyecto,Ingreso de proyecto,https://www.camara.cl/verDoc.aspx?prmID=18809&prmTIPO=INICIATIVA,https://www.camara.cl/verDoc.aspx?prmID=18809&prmTIPO=INICIATIVA,application/pdf,pdf_text,6,6,13280,13280,rica,d6fdba9d1fdef537fa93c79a47fcd5c3afe4eae65d582ab8e18782693b9b0f32,2026-09-02T15:12:26+00:00
18580-07,19263,2026-08-12,parlamentario,"Modifica el artículo 101 de la Carta Fundamental, con el objeto de establecer la inhabilidad que indica",ingreso_proyecto,Ingreso de proyecto,https://www.camara.cl/verDoc.aspx?prmID=18810&prmTIPO=INICIATIVA,https://www.camara.cl/verDoc.aspx?prmID=18810&prmTIPO=INICIATIVA,application/pdf,pdf_text,3,3,4424,4424,rica,fc513614717c8726448a45b98cd937dbcace04466ff18ff37c312e845fb3293c,2026-09-02T15:12:26+00:00
18581-07,19265,2026-08-13,parlamentario,Establece un procedimiento general de reclamación judicial de actos de la Administración del Estado,ingreso_proyecto,Ingreso de proyecto,https://www.camara.cl/verDoc.aspx?prmID=18812&prmTIPO=INICIATIVA,https://www.camara.cl/verDoc.aspx?prmID=18812&prmTIPO=INICIATIVA,application/pdf,pdf_text,10,10,23207,23207,rica,8f522ce1f80084ae30f9fefdcdbc288d29f335c7359677a557aa8dffa3f12c33,2026-09-02T15:12:30+00:00
18582-07,19266,2026-08-13,parlamentario,"Consagra los territorios especiales digitales, con el objeto de fortalecer la soberanía digital, la continuidad estratégica del Estado y la cooperación internacional",ingreso_proyecto,Ingreso de proyecto,https://www.camara.cl/verDoc.aspx?prmID=18813&prmTIPO=INICIATIVA,https://www.camara.cl/verDoc.aspx?prmID=18813&prmTIPO=INICIATIVA,application/pdf,pdf_text,4,4,10034,10034,rica,9eacc0b004702f5aed4d6fb13110122f6a4a5395fb0be62fabee02649d97b9a2,2026-09-02T15:12:30+00:00
18583-14,19273,2026-08-07,parlamentario,"Modifica el decreto ley N°1.305, de 1975, para garantizar que las postulaciones a los programas habitacionales puedan realizarse de modo individual o colectivo",ingreso_proyecto,Ingreso de proyecto,https://www.camara.cl/verDoc.aspx?prmID=18820&prmTIPO=INICIATIVA,https://www.camara.cl/verDoc.aspx?prmID=18820&prmTIPO=INICIATIVA,application/pdf,pdf_text,5,5,11334,9520,rica,bfca3d7d4180980fdf9c9658e3adf7eb9f77daebcafa747d1c06bd8e10c530c8,2026-09-02T15:12:15+00:00
18584-25,19267,2026-08-17,ejecutivo,Modifica el Código Penal para ampliar el ámbito de aplicación del delito de interrupción u obstaculización de la libre circulación y del funcionamiento de los servicios de transporte,texto_mensaje,Texto del Mensaje.,https://www.camara.cl/verDoc.aspx?prmID=37090&prmTIPO=OFICIOPLEY,https://www.camara.cl/verDoc.aspx?prmID=37090&prmTIPO=OFICIOPLEY,application/vnd.openxmlformats-officedocument.wordprocessingml.document,docx_text,0,125,10689,10689,rica,753e33d109a03de0683736b025e1ac3427fe1125fb3eeed5d9a876e2e4b647ce,2026-09-02T15:12:31+00:00
18585-25,19268,2026-08-17,ejecutivo,"Modifica el Código Procesal Penal y la ley N°19.970, que crea el sistema nacional de registros de ADN, para agilizar las investigaciones penales",texto_mensaje,Texto del Mensaje.,https://www.camara.cl/verDoc.aspx?prmID=37092&prmTIPO=OFICIOPLEY,https://www.camara.cl/verDoc.aspx?prmID=37092&prmTIPO=OFICIOPLEY,application/vnd.openxmlformats-officedocument.wordprocessingml.document,docx_text,0,135,13483,13483,rica,442e0df41b319256ad146b15f8bb069705a9c0d1ebc23b7cfc7048a7f7fb0fa6,2026-09-02T15:12:31+00:00
18586-11,19275,2026-08-10,parlamentario,"Modifica la Ley N°19.496, sobre protección de los derechos de los consumidores, para exigir la disponibilidad de servicios higiénicos de uso público en locales comerciales que indica",ingreso_proyecto,Ingreso de proyecto,https://www.camara.cl/verDoc.aspx?prmID=18822&prmTIPO=INICIATIVA,https://www.camara.cl/verDoc.aspx?prmID=18822&prmTIPO=INICIATIVA,application/pdf,pdf_text,5,5,4774,2989,rica,4318c196040c5fd30cab51b5943fb87d8a2b88605b01d0263afd2ed8b2efd6ca,2026-09-02T15:12:16+00:00
18587-06,19272,2026-08-10,parlamentario,Sanciona el incumplimiento de órdenes de evacuación o prohibiciones de ingreso emitidas por las autoridades y permite exigir el reembolso de los costos extraordinarios de búsqueda y rescate,ingreso_proyecto,Ingreso de proyecto,https://www.camara.cl/verDoc.aspx?prmID=18819&prmTIPO=INICIATIVA,https://www.camara.cl/verDoc.aspx?prmID=18819&prmTIPO=INICIATIVA,application/pdf,pdf_text,7,7,11366,9620,rica,7483bb3d5578717d3a24eb9d48e06281f9a61681437addd2360933418e2b4c11,2026-09-02T15:12:17+00:00
18588-13,19270,2026-08-05,parlamentario,"Suspende transitoriamente los efectos de la ley N°21.643, que modifica el Código del Trabajo y otros cuerpos legales en materia de prevención, investigación y sanción del acoso laboral, sexual o de violencia en el trabajo",ingreso_proyecto,Ingreso de proyecto,https://www.camara.cl/verDoc.aspx?prmID=18817&prmTIPO=INICIATIVA,https://www.camara.cl/verDoc.aspx?prmID=18817&prmTIPO=INICIATIVA,application/pdf,pdf_text,7,7,10737,8871,rica,455e7c5c141a8a5e0122cab3ae74e4f3ab43c3a9eb765e484e3673fb23d56fe2,2026-09-02T15:12:10+00:00
18589-08,19276,2026-08-10,parlamentario,"Modifica el decreto ley N°3.525, de 1980, que crea el Servicio Nacional de Geología y Minería, para establecer la competencia de los tribunales para conocer reclamos contra resoluciones emitidas por ese servicio",ingreso_proyecto,Ingreso de proyecto,https://www.camara.cl/verDoc.aspx?prmID=18823&prmTIPO=INICIATIVA,https://www.camara.cl/verDoc.aspx?prmID=18823&prmTIPO=INICIATIVA,application/pdf,pdf_text,7,7,15292,13331,rica,475b0e15bbe54aeeb2de6836aba8ffdb0fd05244a6e5bda842c3ee2c59203c0a,2026-09-02T15:12:18+00:00
18590-07,19271,2026-08-10,parlamentario,Tipifica el delito de utilización de menores de catorce años para la comisión de delitos y agrava la responsabilidad penal de las organizaciones criminales que los instrumentalicen,ingreso_proyecto,Ingreso de proyecto,https://www.camara.cl/verDoc.aspx?prmID=18818&prmTIPO=INICIATIVA,https://www.camara.cl/verDoc.aspx?prmID=18818&prmTIPO=INICIATIVA,application/pdf,pdf_text,6,6,7504,5731,rica,ab5c23a633195646b702bbcca70ab421cd2ef7533ac3af32dceed60735d8987a,2026-09-02T15:12:18+00:00
18591-07,19269,2026-08-11,parlamentario,"Modifica la ley Nº 19.903, que establece el procedimiento para el otorgamiento de la posesión efectiva de la herencia, para facilitar el acceso de los herederos a activos financieros hereditarios",ingreso_proyecto,Ingreso de proyecto,https://www.camara.cl/verDoc.aspx?prmID=18816&prmTIPO=INICIATIVA,https://www.camara.cl/verDoc.aspx?prmID=18816&prmTIPO=INICIATIVA,application/pdf,pdf_text,5,5,7867,6052,rica,ae69b56d2b1766a208774534c7e11aa6915c144b02934a9c9e94940cbbb94df3,2026-09-02T15:12:20+00:00
18592-03,19279,2026-08-11,parlamentario,"Fortalece los derechos de los pasajeros ante la sobreventa, modificaciones de itinerario, retrasos, cancelaciones y desembarque involuntario en el transporte aéreo",ingreso_proyecto,Ingreso de proyecto,https://www.camara.cl/verDoc.aspx?prmID=18826&prmTIPO=INICIATIVA,https://www.camara.cl/verDoc.aspx?prmID=18826&prmTIPO=INICIATIVA,application/pdf,pdf_text,15,15,24151,22233,rica,6be20177c55c8c6210027e7543fec6c57e509aac6a81a8b1d201068ba98abae6,2026-09-02T15:12:21+00:00
18593-07,19278,2026-08-11,parlamentario,Modifica la Constitución Política para incorporar el derecho a una vivienda digna,ingreso_proyecto,Ingreso de proyecto,https://www.camara.cl/verDoc.aspx?prmID=18825&prmTIPO=INICIATIVA,https://www.camara.cl/verDoc.aspx?prmID=18825&prmTIPO=INICIATIVA,application/pdf,pdf_text,11,11,17301,15597,rica,f34b82e7d0d4fab547c15bb3d350877ec6fee146fe6caeb6a2779e75586f34a0,2026-09-02T15:12:22+00:00
18594-25,19277,2026-08-11,parlamentario,Modifica el Código Penal y el Código Procesal Penal para sancionar la extorsión territorial y el cobro de protección,ingreso_proyecto,Ingreso de proyecto,https://www.camara.cl/verDoc.aspx?prmID=18824&prmTIPO=INICIATIVA,https://www.camara.cl/verDoc.aspx?prmID=18824&prmTIPO=INICIATIVA,application/pdf,pdf_text,8,8,14671,13020,rica,d0b451963b4d84e98ed5fbcb63e302c352c4189e34ed834febed377fd5841642,2026-09-02T15:12:22+00:00
18595-07,19274,2026-08-11,parlamentario,Modifica la Constitución Política para disponer una cotización única de salud para los trabajadores pluriempleados y los pensionados que continúan ejerciendo labores remuneradas,ingreso_proyecto,Ingreso de proyecto,https://www.camara.cl/verDoc.aspx?prmID=18821&prmTIPO=INICIATIVA,https://www.camara.cl/verDoc.aspx?prmID=18821&prmTIPO=INICIATIVA,application/pdf,pdf_text,6,6,7348,5577,rica,b8ea38e8ec801550b5cfc5da7e7f06d1fc6fb135a6213b2ae74e32b77273a234,2026-09-02T15:12:23+00:00
18596-06,19280,2026-08-11,parlamentario,Obliga a registrar un correo electrónico para efectos de notificación en domicilio digital,ingreso_proyecto,Ingreso de proyecto,https://www.camara.cl/verDoc.aspx?prmID=18827&prmTIPO=INICIATIVA,https://www.camara.cl/verDoc.aspx?prmID=18827&prmTIPO=INICIATIVA,application/pdf,pdf_text,6,6,9831,8086,rica,ef831cd52fbfe286f996640529dec7f42562e99d8f027a148b527debd7bca1d1,2026-09-02T15:12:23+00:00
18597-07,19281,2026-08-18,ejecutivo,Fortalece el sistema nacional de seguridad pública y crea un nuevo estado de excepción constitucional de seguridad pública,ingreso_proyecto,Ingreso de proyecto,https://www.camara.cl/verDoc.aspx?prmID=18828&prmTIPO=INICIATIVA,https://www.camara.cl/verDoc.aspx?prmID=18828&prmTIPO=INICIATIVA,application/pdf,pdf_text,25,25,42786,42786,rica,8967936185ad8918adc2517058fe72723fa3d07f4f902aed9a4e8b898a9e7195,2026-09-02T15:12:32+00:00
18598-06,19284,2026-07-15,parlamentario,Modifica la ley N°20.983 para declarar el 17 de septiembre de cada año como feriado nacional y realzar la cueca como danza nacional,ingreso_proyecto,Ingreso de proyecto,https://www.camara.cl/verDoc.aspx?prmID=18831&prmTIPO=INICIATIVA,https://www.camara.cl/verDoc.aspx?prmID=18831&prmTIPO=INICIATIVA,application/pdf,pdf_text,6,6,7513,5779,rica,f3c0d1a3125fe25be3f03d3d229ee5079f78a9d60d736ab1fe87a69be49a69d9,2026-09-02T15:11:30+00:00
18599-06,19286,2026-08-06,parlamentario,Declara feriado legal el 17 de septiembre de 2026,ingreso_proyecto,Ingreso de proyecto,https://www.camara.cl/verDoc.aspx?prmID=18833&prmTIPO=INICIATIVA,https://www.camara.cl/verDoc.aspx?prmID=18833&prmTIPO=INICIATIVA,application/pdf,pdf_text,4,4,4427,2915,rica,32c869e8fe6768fefa3bf334fccf909c5102ebc0d3ff05e67839804d460913a4,2026-09-02T15:12:13+00:00
18600-06,19287,2026-08-12,parlamentario,Declara feriado nacional el 17 de septiembre de 2026,ingreso_proyecto,Ingreso de proyecto,https://www.camara.cl/verDoc.aspx?prmID=18834&prmTIPO=INICIATIVA,https://www.camara.cl/verDoc.aspx?prmID=18834&prmTIPO=INICIATIVA,application/pdf,pdf_text,4,4,3846,2332,rica,968d3891d4dbdc3f80c0fc624d81b47b1d07c23c12ec72e75cd210a6270b6bd9,2026-09-02T15:12:27+00:00
18601-06,19290,2026-08-10,parlamentario,"Modifica la ley N°18.603, orgánica constitucional de los partidos políticos, para fijar un día para realizar a nivel nacional las elecciones internas de los partidos políticos",ingreso_proyecto,Ingreso de proyecto,https://www.camara.cl/verDoc.aspx?prmID=18837&prmTIPO=INICIATIVA,https://www.camara.cl/verDoc.aspx?prmID=18837&prmTIPO=INICIATIVA,application/pdf,pdf_text,7,7,17955,16166,rica,20ac47f4fd71c8aa13df6b47e5ac73e945fae969c497ea978d61d3669fd6f44a,2026-09-02T15:12:19+00:00
18602-07,19291,2026-08-11,parlamentario,Modifica diversos cuerpos legales para agravar las sanciones por maltrato contra animales,ingreso_proyecto,Ingreso de proyecto,https://www.camara.cl/verDoc.aspx?prmID=18838&prmTIPO=INICIATIVA,https://www.camara.cl/verDoc.aspx?prmID=18838&prmTIPO=INICIATIVA,application/pdf,pdf_text,5,5,7980,6431,rica,e7a51c894b997c815d5bd2c37595e86c2a98008fc49dd2ec66caa0a993b8b7d5,2026-09-02T15:12:24+00:00
18603-13,19293,2026-08-11,parlamentario,Dispone un permiso laboral para el retiro de medicamentos en establecimientos de atención primaria y secundaria de salud,ingreso_proyecto,Ingreso de proyecto,https://www.camara.cl/verDoc.aspx?prmID=18840&prmTIPO=INICIATIVA,https://www.camara.cl/verDoc.aspx?prmID=18840&prmTIPO=INICIATIVA,application/pdf,pdf_text,7,7,12802,11137,rica,be2ce97bdbd732acc075132ac99061d96574e1d704fb3a535c7d9f7eba87cfa7,2026-09-02T15:12:24+00:00
18604-07,19282,2026-08-11,parlamentario,Modifica el Código Penal para agravar la pena por la receptación de vehículos en supuestos que indica,ingreso_proyecto,Ingreso de proyecto,https://www.camara.cl/verDoc.aspx?prmID=18829&prmTIPO=INICIATIVA,https://www.camara.cl/verDoc.aspx?prmID=18829&prmTIPO=INICIATIVA,application/pdf,pdf_text,6,6,10907,9162,rica,8118598d1a88ea299330d855237b507713986d788e440f63bd16f9488f74fd8a,2026-09-02T15:12:25+00:00
18605-15,19289,2026-08-12,parlamentario,"Modifica la ley N°18.290, de Tránsito, para disponer como infracción gravísima supuestos en que la víctima es una persona adulta mayor, con discapacidad o neurodivergente",ingreso_proyecto,Ingreso de proyecto,https://www.camara.cl/verDoc.aspx?prmID=18836&prmTIPO=INICIATIVA,https://www.camara.cl/verDoc.aspx?prmID=18836&prmTIPO=INICIATIVA,application/pdf,pdf_text,5,5,8273,6486,rica,3837193172cce959d6483d88b3a543601a7d65dd393695009195738f8d54a764,2026-09-02T15:12:27+00:00
18606-08,19288,2026-08-12,parlamentario,Regula situación de labores mineras abandonadas,ingreso_proyecto,Ingreso de proyecto,https://www.camara.cl/verDoc.aspx?prmID=18835&prmTIPO=INICIATIVA,https://www.camara.cl/verDoc.aspx?prmID=18835&prmTIPO=INICIATIVA,application/pdf,pdf_text,22,22,33959,32394,rica,830959d2dd0674500a876fdc80571d334f7de4882bec42d48c176722f8815ef4,2026-09-02T15:12:28+00:00
18607-15,19294,2026-08-19,parlamentario,"Autoriza la importación de vehículos usados, en los casos que indica",ingreso_proyecto,Ingreso de proyecto,https://www.camara.cl/verDoc.aspx?prmID=18841&prmTIPO=INICIATIVA,https://www.camara.cl/verDoc.aspx?prmID=18841&prmTIPO=INICIATIVA,application/pdf,pdf_text,6,6,12512,12512,rica,453c885c6e650a816944a63c7912735bcd291db202770d89f6193187d56f3fbe,2026-09-02T15:12:32+00:00
18608-09,19295,2026-08-19,parlamentario,"Establece la obligación que indica, para los propietarios de predios rurales colindantes con caminos públicos",ingreso_proyecto,Ingreso de proyecto,https://www.camara.cl/verDoc.aspx?prmID=18842&prmTIPO=INICIATIVA,https://www.camara.cl/verDoc.aspx?prmID=18842&prmTIPO=INICIATIVA,application/pdf,pdf_text,4,4,10154,10154,rica,332265f6d73df293a75d73af20ab426fc1bec1fc78b8d3bff792885764886ed4,2026-09-02T15:12:33+00:00
18609-07,19299,2026-08-19,parlamentario,Con el objeto de consagrar a la persecución de la corrupción como un principio rector para el Estado,ingreso_proyecto,Ingreso de proyecto,https://www.camara.cl/verDoc.aspx?prmID=18846&prmTIPO=INICIATIVA,https://www.camara.cl/verDoc.aspx?prmID=18846&prmTIPO=INICIATIVA,application/pdf,pdf_text,5,5,12058,12058,rica,eb2e9d4d445f2ad00f4569045466a40cf0b9ca32449c99e4e65ca6be79fceed8,2026-09-02T15:12:33+00:00
18610-07,19285,2026-08-12,parlamentario,"Modifica la Constitución Política para disponer un plazo de prescripción en las acciones de cobro de los créditos otorgados conforme a la ley N° 20.027, sobre financiamiento de estudios de educación superior",ingreso_proyecto,Ingreso de proyecto,https://www.camara.cl/verDoc.aspx?prmID=18832&prmTIPO=INICIATIVA,https://www.camara.cl/verDoc.aspx?prmID=18832&prmTIPO=INICIATIVA,application/pdf,pdf_text,15,15,24067,22220,rica,743234f8618f22e527b4d74e7c258bb55a91adf15dac2e61b8a1778481008e34,2026-09-02T15:12:29+00:00
18611-07,19292,2026-08-12,parlamentario,Modifica el Código Penal para agravar la penalidad en caso de sustracción y receptación de combustibles en supuestos que indica,ingreso_proyecto,Ingreso de proyecto,https://www.camara.cl/verDoc.aspx?prmID=18839&prmTIPO=INICIATIVA,https://www.camara.cl/verDoc.aspx?prmID=18839&prmTIPO=INICIATIVA,application/pdf,pdf_text,5,5,12695,10876,rica,5be39ef3ac6a4a36d547347c0c8847efa295a54e93f2c084d7d5684f76c709c9,2026-09-02T15:12:29+00:00
18612-07,19283,2026-08-14,parlamentario,Modifica diversos cuerpos legales para fortalecer la protección de redes de suministro de servicios públicos o domiciliarios,ingreso_proyecto,Ingreso de proyecto,https://www.camara.cl/verDoc.aspx?prmID=18830&prmTIPO=INICIATIVA,https://www.camara.cl/verDoc.aspx?prmID=18830&prmTIPO=INICIATIVA,application/pdf,pdf_text,8,8,20347,18580,rica,ba14990e8d4a2ba436ccdd10f3933e58b550e7b0853154e0d53de6fd236435ca,2026-09-02T15:12:31+00:00
18613-07,19296,2026-08-19,parlamentario,Consagra nuevas técnicas de investigación para la persecución del delito de abigeato,ingreso_proyecto,Ingreso de proyecto,https://www.camara.cl/verDoc.aspx?prmID=18843&prmTIPO=INICIATIVA,https://www.camara.cl/verDoc.aspx?prmID=18843&prmTIPO=INICIATIVA,application/pdf,pdf_text,9,9,19438,19438,rica,7cb1d5fa268703dc55d1a467520a074dd425f6f108776eb99fdca52ea3c57dbc,2026-09-02T15:12:33+00:00
18614-06,19297,2026-08-19,parlamentario,En materia de solicitudes de reunificación familiar y de permisos de residencia fundados en vínculos matrimoniales o acuerdos de unión civil,ingreso_proyecto,Ingreso de proyecto,https://www.camara.cl/verDoc.aspx?prmID=18844&prmTIPO=INICIATIVA,https://www.camara.cl/verDoc.aspx?prmID=18844&prmTIPO=INICIATIVA,application/pdf,pdf_text,3,3,6130,6130,rica,0234b29f11aa9e6e086187bba3bb44fc9479ad8dfa4d2818bd4191085a199988,2026-09-02T15:12:34+00:00
18615-07,19298,2026-08-19,parlamentario,Establece nueva obligación de los senadores y diputados relativa a su función de representación,ingreso_proyecto,Ingreso de proyecto,https://www.camara.cl/verDoc.aspx?prmID=18845&prmTIPO=INICIATIVA,https://www.camara.cl/verDoc.aspx?prmID=18845&prmTIPO=INICIATIVA,application/pdf,pdf_text,3,3,4998,4998,rica,d8353085b65c76ead031d3ddd11d02f02fca7bc0ea4ceefa5b7a29e329802c4e,2026-09-02T15:12:34+00:00
18616-03,19300,2026-08-19,parlamentario,"Establece normas sobre protección de los derechos de los consumidores, con el objeto de regular la situación del deudor de un contrato que contempla seguro de desgravamen que fallece por enfermedad oncológica",ingreso_proyecto,Ingreso de proyecto,https://www.camara.cl/verDoc.aspx?prmID=18847&prmTIPO=INICIATIVA,https://www.camara.cl/verDoc.aspx?prmID=18847&prmTIPO=INICIATIVA,application/pdf,pdf_text,4,4,9371,9371,rica,92bdb0acd81b334779e6c37f7e15030628913d1316ebeb0170d34ba1fb8b74b1,2026-09-02T15:12:34+00:00
18617-15,19301,2026-08-19,parlamentario,"Modifica el Código Aeronáutico, con el objeto de sancionar los actos de insubordinación e interferencia, que comprometan la seguridad operacional y el servicio de transporte aéreo",ingreso_proyecto,Ingreso de proyecto,https://www.camara.cl/verDoc.aspx?prmID=18848&prmTIPO=INICIATIVA,https://www.camara.cl/verDoc.aspx?prmID=18848&prmTIPO=INICIATIVA,application/pdf,pdf_text,5,5,10870,10870,rica,44cf4f8cfd25a749a6c50ce3f3b1ddbb1d577c836ad19d7d4169b44a4aab0c17,2026-09-02T15:12:35+00:00
18618-19,19302,2026-08-21,parlamentario,Establece la obligación de fijar domicilio en Chile a las plataformas digitales,ingreso_proyecto,Ingreso de proyecto,https://www.camara.cl/verDoc.aspx?prmID=18849&prmTIPO=INICIATIVA,https://www.camara.cl/verDoc.aspx?prmID=18849&prmTIPO=INICIATIVA,application/pdf,pdf_text,5,5,12368,12368,rica,650abc928c56b1c396242680707ce7810c4f0c7eec02699a1301ccf616eb8891,2026-09-02T15:12:36+00:00
18619-04,19303,2026-08-19,parlamentario,"Modifica la ley N° 21.091, sobre educación superior, con el objeto de establecer norma de transparencia para las instituciones de educación superior que accedan a financiamiento estatal",ingreso_proyecto,Ingreso de proyecto,https://www.camara.cl/verDoc.aspx?prmID=18850&prmTIPO=INICIATIVA,https://www.camara.cl/verDoc.aspx?prmID=18850&prmTIPO=INICIATIVA,application/pdf,pdf_text,6,6,13363,13363,rica,ca313eeb6e5b8bc35e8933032569816c07da66d236aac6e119db97025ba0e89f,2026-09-02T15:12:35+00:00
18620-08,19304,2026-08-27,parlamentario,Establece nuevas obligaciones para las empresas distribuidoras de gas,ingreso_proyecto,Ingreso de proyecto,https://www.camara.cl/verDoc.aspx?prmID=18851&prmTIPO=INICIATIVA,https://www.camara.cl/verDoc.aspx?prmID=18851&prmTIPO=INICIATIVA,application/pdf,pdf_text,6,6,12482,12482,rica,6cb3ae4fb79430f3e3b4534beff98f7f4a46b109eb20c102441aadcbeadf8dcb,2026-09-02T15:12:36+00:00
18621-34,19305,2026-08-31,ejecutivo,"Perfecciona las normas sobre medidas cautelares en los procedimientos de violencia intrafamiliar y de violencia contra las mujeres en razón de su género, y modifica las leyes que indica",texto_mensaje,Texto del Mensaje.,https://www.camara.cl/verDoc.aspx?prmID=37108&prmTIPO=OFICIOPLEY,https://www.camara.cl/verDoc.aspx?prmID=37108&prmTIPO=OFICIOPLEY,application/vnd.openxmlformats-officedocument.wordprocessingml.document,docx_text,0,220,37108,37108,rica,a18083c141051210d8814b077f2177eaf9229bf8470168b0e82638fb2824eb9c,2026-09-02T15:12:36+00:00
18622-24,19306,2026-07-29,parlamentario,Establece requisitos de elegibilidad para el acceso a fondos públicos destinados a actividades culturales y artísticas,ingreso_proyecto,Ingreso de proyecto,https://www.camara.cl/verDoc.aspx?prmID=18853&prmTIPO=INICIATIVA,https://www.camara.cl/verDoc.aspx?prmID=18853&prmTIPO=INICIATIVA,application/pdf,pdf_text,4,4,5027,3381,rica,1769c3aeebf6c4baa31bcb96c1ef27f4bd77cd937a2af58ca9ebd276c0bbc0c2,2026-09-02T15:11:52+00:00
18623-07,19307,2026-09-01,ejecutivo,"Modifica la ley N° 21.719, que regula la protección y el tratamiento de los datos personales y crea la Agencia de Protección de Datos Personales, en el sentido que indica",ingreso_proyecto,Ingreso de proyecto,https://www.camara.cl/verDoc.aspx?prmID=18854&prmTIPO=INICIATIVA,https://www.camara.cl/verDoc.aspx?prmID=18854&prmTIPO=INICIATIVA,application/pdf,pdf_text,14,14,23488,23488,rica,9a1d2677c7cd300d117d254a410925a36bb48ef95458b7b99a2cd561858d58c2,2026-09-02T15:12:37+00:00
18624-36,19308,2026-09-02,parlamentario,"Modifica el Código Civil con el objeto de fortalecer la corresponsabilidad parental y regula el establecimiento del cuidado personal compartido en atención al interés superior del niño, niña o adolescente",ingreso_proyecto,Ingreso de proyecto,https://www.camara.cl/verDoc.aspx?prmID=18855&prmTIPO=INICIATIVA,https://www.camara.cl/verDoc.aspx?prmID=18855&prmTIPO=INICIATIVA,application/pdf,pdf_text,7,7,14794,14794,rica,c9cf1c01f854974da99fd359df0708681930f5b4436453aee26853c128f06484,2026-09-02T15:12:37+00:00
18625-15,19309,2026-09-02,parlamentario,Modifica la Ley de Tránsito para sancionar actos de violencia cometidos con ocasión de la conducción de vehículos motorizados,ingreso_proyecto,Ingreso de proyecto,https://www.camara.cl/verDoc.aspx?prmID=18856&prmTIPO=INICIATIVA,https://www.camara.cl/verDoc.aspx?prmID=18856&prmTIPO=INICIATIVA,application/pdf,pdf_text,6,6,9755,9755,rica,b841544c36483f5ff5e768af827eb2e2bca5f13549e2e4356fadb132a243e8d7,2026-09-02T15:12:38+00:00
18626-17,19310,2026-09-02,parlamentario,Rehabilita la nacionalidad chilena al señor Álvaro Esteban Ignacio Segovia Toro,ingreso_proyecto,Ingreso de proyecto,https://www.camara.cl/verDoc.aspx?prmID=18857&prmTIPO=INICIATIVA,https://www.camara.cl/verDoc.aspx?prmID=18857&prmTIPO=INICIATIVA,application/pdf,pdf_text,3,3,4549,4549,rica,a2605bdd89339fe687d702a517618147ec7451a5360ef3b6fbef1f1fd5e0ba2d,2026-09-02T15:12:38+00:00
18627-02,19312,2026-09-02,ejecutivo,"Implementa el Protocolo de 1992, que enmienda el Convenio Internacional sobre la constitución de un Fondo Internacional de Indemnización de Daños Debidos a Contaminación por Hidrocarburos, de 1971, y modifica el decreto ley N° 2.222, de 1978, que sustituye Ley de Navegación",texto_mensaje,Texto del Mensaje.,https://www.camara.cl/verDoc.aspx?prmID=37124&prmTIPO=OFICIOPLEY,https://www.camara.cl/verDoc.aspx?prmID=37124&prmTIPO=OFICIOPLEY,application/vnd.openxmlformats-officedocument.wordprocessingml.document,docx_text,0,294,38191,38191,rica,f3938901bdbcf9c60fa40dd2cb6cb4b6d1028d383ba62cf458ae9f1fd052e781,2026-09-04T14:43:28+00:00
18628-10,19311,2026-09-02,ejecutivo,"Inicia un proyecto de acuerdo que aprueba el ´Acuerdo de Coproducción Audiovisual entre la República de Chile y la República Oriental del Uruguay´, suscrito en Santiago, Chile, el 11 de abril de 2025",ingreso_proyecto,Ingreso de proyecto,https://www.camara.cl/verDoc.aspx?prmID=18858&prmTIPO=INICIATIVA,https://www.camara.cl/verDoc.aspx?prmID=18858&prmTIPO=INICIATIVA,application/pdf,pdf_text,10,10,13230,13230,rica,9f30b47581613266741627df333f2aecb2bc06b6b200b6c14235e7eca4a62994,2026-09-04T14:43:29+00:00
