boletin,project_id,fecha_ingreso,origen_iniciativa,boletin_suffix,titulo,document_type,text_quality,cleaned_chars,text_excerpt,topic_primary,topic_secondary,coder,review_status,notes
18137-05,18800,2026-03-24,ejecutivo,05,"Adopta medidas transitorias para contener el precio del kerosene doméstico en el contexto de la emergencia energética internacional, y otras medidas que indica",texto_mensaje,rica,17792,"MENSAJE DE S.E. EL PRESIDENTE DE LA REPÚBLICA CON EL QUE INICIA UN PROYECTO DE LEY QUE ADOPTA MEDIDAS TRANSITORIAS PARA CONTENER EL PRECIO DEL KEROSENE DOMÉSTICO EN EL CONTEXTO DE LA EMERGENCIA ENERGÉTICA INTERNACIONAL, Y OTRAS MEDIDAS QUE INDICA. ________________________________ Santiago, 24 de marzo de 2026 MENSAJE N° 003-374/ A S.E. EL PRESIDENTE DE LA H. CÁMARA DE DIPUTADOS. Honorable Cámara de Diputados: Tengo el honor de someter a vuestra consideración un proyecto de ley que adopta medidas transitorias para contener el precio del kerosene doméstico en el contexto de la emergencia energética internacional, y otras medidas que indica. ANTECEDENTES El mundo enfrenta hoy una situación excepcional en materia energética. El conflicto bélico en Medio Oriente ha generado una disrupción significativa en la producción y transporte de hidrocarburos, afectando particularmente zonas estratégicas para el comercio global de petróleo. Este escenario constituye una de las mayores amenazas recientes para la estabilidad energética mundial. En este contexto, los precios internacionales del petróleo han experimentado un alza abrupta y de magnitud inusitada. En pocas semanas, el precio del crudo Brent ha aumentado en más de un 50%, constituyendo un shock de oferta macroeconómico de carácter extraordinario. Esta alza se ha transmitido rápidamente a sus principales derivados, incluyendo las gasolinas, el diésel y el kerosene. Chile, en su calidad de país importador de combustibles, no es ajeno a estos efectos. La totalidad de las gasolinas, diésel y kerosene doméstico consumidos en el país proviene de importaciones directas o de la refinación de crudo importado, lo que implica una transmisión prácticamente inmediata de las variaciones internacionales a los precios internos. LIMITACIONES DEL MECANISMO DE ESTABILIZACIÓN Y RESTRICCIÓN FISCAL Chile cuenta con dos mecanismos para la estabilización de precios de los combustibles. Por una parte, existe el Mecanismo de Estabilización de los Precios de los Combustibles (“MEPCO”), que aplica principalmente sobre las gasolinas y el diésel, y también, en menor medida sobre el gas licuado de petróleo de consumo vehicular y el gas natural comprimido de consumo vehicular. Por otro lado, existe el Fondo de Estabilización de Precios del Petróleo (“FEPP”) que hoy aplica sobre el kerosene doméstico. La finalidad común del MEPCO y FEPP es atenuar las fluctuaciones de corto plazo en los precios internos. Sin embargo, dichos mecanismos no fueron diseñados para absorber shocks prolongados o de gran magnitud, ni para aislar permanentemente a la ",,,,pending,
18158-13,18823,2026-04-06,parlamentario,13,Modifica el Código del Trabajo para establecer fuero laboral para trabajadores y trabajadoras con diagnóstico de cáncer,ingreso_proyecto,rica,6734,"PROYECTO DE LEY QUE MODIFICA EL CÓDIGO DEL TRABAJO PARA ESTABLECER FUERO LABORAL PARA TRABAJADORES Y TRABAJADORAS CON DIAGNÓSTICO DE CÁNCER. I. Antecedentes Durante los últimos años el cáncer ha producido cada vez más muertes a nivel mundial, generando altos costos económicos y sociales tanto para los pacientes como para los Estados. Según diversos estudios, el cáncer está fuertemente ligado a determinantes sociales de la salud tales como el nivel socioeconómico, el nivel educacional, condiciones laborales y calidad de recursos básicos y sanitarios. De esta manera, es posible evidenciar marcadas inequidades en la distribución de esta patología. Según información entregada por el Ministerio de Salud, el cáncer es uno de los principales problemas de salud que enfrentan los chilenos y la segunda causa de fallecimiento, con al alrededor de 28.000 personas cada año, aunque en algunas regiones del país ya ha llegado al primer lugar, superando a causas asociadas al sistema circulatorio. Se proyecta que durante los próximos años el cáncer se instale como la principal causa de muerte en Chile, por lo que a lo largo de los años se ha profundizado en una política de estado que entiende el cáncer como un problema de salud pública, implementando estrategias para brindar una atención integral y oportuna a las personas. Durante los últimos años se ha incrementado el diagnóstico de esta enfermedad en población en edad laboral, particularmente entre 45 y 64 años, grupo que representa cerca del 50% de los nuevos diagnósticos según 06-04-2026 16:49 datos presentados por el Departamento de Estadísticas e Información de Salud del Minsal. Debido a esto, se ha vuelto cada vez más necesario implementar medidas de protección hacia los trabajadores que les permita recuperarse en condiciones óptimas. Esta enfermedad no solo conlleva consecuencias en la salud de las personas diagnosticadas, sino que también implica una serie de consecuencias emocionales y económicas para el paciente y su familia. El impacto económico del cáncer es devastador, especialmente para quienes están en edad productiva. En Chile, los costos directos del tratamiento oncológico superan los US$1.200 millones anuales según estimaciones del Ministerio de Salud, mientras que las familias de pacientes en edad laboral enfrentan importantes gastos, agravando situaciones de vulnerabilidad y los obliga a endeudarse o abandonar tratamientos por falta de recursos. En ese sentido, la estabilidad laboral es fundamental para garantizar que trabajadores diagnosticados con cáncer puedan enfocarse en su salud sin temor a desp",,,,pending,
18153-24,18818,2026-04-07,parlamentario,24,Declara patrimonio Biocultural de la Nación las especies vegetales que indica,ingreso_proyecto,rica,4356,"PROYECTO DE LEY DEL H.D. CRISTIAN CONTRERAS SOBRE LA PROTECCIÓN Y RECONOCIMIENTO DE LAS PLANTAS ENTEÓGENAS AUTÓCTONAS Antecedentes La relación entre los pueblos originarios y las plantas enteógenas es un pilar fundamental de la espiritualidad y la medicina ancestral en Chile. Sin embargo, la actual política de drogas ha criminalizado sistemáticamente estas prácticas, desconociendo el valor patrimonial y místico de especies autóctonas únicas. Chile posee una flora nativa con propiedades psicoactivas que han sido utilizadas por milenios en contextos rituales. Las más destacadas son: ●Latua pubiflora (Latúe o Palo de los Brujos): Arbusto endémico de las zonas húmedas de Los Ríos y Los Lagos. Contiene alcaloides como atropina y escopolamina. Para el pueblo Mapuche, es una planta de gran poder chamánico, utilizada por los ""boquibuyes"" para visiones y curaciones complejas. ●Desfontainia spinosa (Taique o Chapico): Se distribuye desde la zona central hasta Magallanes. Sus hojas contienen principios activos que alteran la percepción y se han usado tradicionalmente como sedante y en ritos de pasaje. ●Trichocereus pachanoi (San Pedro): Aunque de origen andino extendido, es pieza central en la mística de los pueblos del norte (Aymaras, Atacameños), quienes lo utilizan en ceremonias de conexión con lo sagrado. El problema reside en que estas plantas, al contener sustancias controladas, son tratadas por la Ley N° 20.000 bajo el mismo prisma que las drogas sintéticas de tráfico ilícito, ignorando su contexto biocultural. Esto ha llevado a la persecución de Machis y autoridades tradicionales, vulnerando su libertad de culto. El Estado de Chile ratificó el Convenio 169 de la OIT, que reconoce el derecho de los pueblos indígenas a mantener y fortalecer sus propias manifestaciones culturales y religiosas. El artículo 5 del convenio obliga a los gobiernos a reconocer y proteger los 17-03-2026 09:14 valores y prácticas sociales, culturales y religiosos de estos pueblos. Asimismo, la Ley N° 21.600 (SBAP) ya establece la categoría de Área de Conservación de Pueblos Indígenas, donde se debe valorar y resguardar el saber ancestral en relación con la biodiversidad. Por tanto, existe una contradicción normativa entre la ley de drogas que criminaliza y la ley ambiental que busca proteger el saber indígena. •Protección de la Libertad de Culto: La mística indígena es inseparable de su farmacopea sagrada. Criminalizar la planta es criminalizar la creencia. •Conservación de Especies Endémicas: Especies como el Latúe no están en peligro de extinción, pero su hábitat se ve amenazado por",,,,pending,
18156-04,18814,2026-04-07,ejecutivo,04,"Establece medidas de seguridad, orden y respeto para la comunidad educativa",texto_mensaje,rica,20452,"MENSAJE DE S.E. EL PRESIDENTE DE LA REPÚBLICA CON EL QUE INICIA UN PROYECTO DE LEY QUE ESTABLECE MEDIDAS DE SEGURIDAD, ORDEN Y RESPETO PARA LA COMUNIDAD EDUCATIVA. Santiago, 07 de abril de 2026 MENSAJE N° 010-374/ Honorable Cámara de Diputados: A S.E. EL PRESIDENTE DE LA H. CÁMARA DE DIPUTADOS. En uso de mis facultades constitucionales, tengo el honor de someter a vuestra consideración el siguiente proyecto de ley, que tiene por objeto fortalecer las herramientas de seguridad, orden y respeto de la comunidad educativa. ANTECEDENTES En los últimos años, los establecimientos educacionales han experimentado un deterioro progresivo en las condiciones de convivencia y seguridad de la comunidad educativa. Esto resulta evidente al examinar evidencia nacional e internacional sobre la percepción de seguridad al interior de los establecimientos educacionales. Por ejemplo, la encuesta Teaching and Learning International Survey (“TALIS”), que es un estudio internacional liderado por la Organización para la Cooperación y el Desarrollo Económicos (“OCDE”) que analiza las condiciones de enseñanza y aprendizaje en las escuelas, a partir de encuestas a profesores y directores de educación secundaria (7° y 8° básico), proporciona información comparativa sobre el clima escolar, la evaluación y el desarrollo profesional, para ayudar a los países a diseñar políticas que mejoren la calidad y eficacia de la educación. En cuanto aquellos aspectos que son fuentes de estrés, un 54,2% de los docentes chilenos declara que mantener la disciplina en el aula les genera estrés ""bastante"" o ""mucho"", una cifra superior al 44,8% promedio de la OCDE y solo superada por países como Brasil (63,8%) y Portugal (62,1%). Respecto a sentirse intimidado o insultado verbalmente por estudiantes, Chile alcanza un 28,4%, también por encima del promedio OCDE (17,6%) y con valores similares a Corea (30,7%) y Brasil (46,6%). Finalmente, ser responsable del bienestar social y emocional de los estudiantes es una fuente de estrés para el 47,5% de los profesores chilenos, nuevamente sobre el promedio OCDE (39,9%) y comparable con Costa Rica (41,6%) y España (43,8%). Respecto a los problemas de comportamiento, los datos muestran que Brasil (58,7%) y Chile (55,2%) lideran el porcentaje de docentes que declaran experimentar estrés por la fuente consultada, ubicándose muy por encima del promedio OCDE (34,1%) y del promedio TALIS (30,6%). De hecho, Chile duplica aproximadamente el promedio de la OCDE, lo que indica una realidad particularmente demandante para los profesores chilenos en este aspecto. En contraste,",,,,pending,
18162-07,18821,2026-04-08,parlamentario,07,"Modifica diversos cuerpos legales, con el objeto de fortalecer el cumplimiento de las sanciones y la persecución de delitos graves en materia de responsabilidad penal adolescente",ingreso_proyecto,rica,12762,"Boletín N° 18.162-07 Proyecto de ley, iniciado en Moción de los Honorables Senadores señoras Núñez y Vodanovic y señores Araya, Bianchi y Flores, que modifica diversos cuerpos legales, con el objeto de fortalecer el cumplimiento de las sanciones y la persecución de delitos graves en materia de responsabilidad penal adolescente. FUNDAMENTOS El sistema de responsabilidad penal adolescente, establecido por la ley N° 20.084, fue concebido sobre la base de un equilibrio entre responsabilidad y reinserción social. Dicho modelo ha permitido avanzar en un tratamiento diferenciado de los adolescentes en conflicto con la ley penal, acorde a su etapa de desarrollo. Sin embargo, la evolución reciente de la criminalidad juvenil ha tensionado ese equilibrio, evidenciando falencias tanto en la determinación de las sanciones como en su ejecución efectiva. En particular, se ha observado una mayor participación de adolescentes en delitos de alta gravedad, especialmente en aquellos mayores de dieciséis años. Frente a estos hechos, la respuesta del sistema no siempre logra reflejar adecuadamente la entidad del daño causado, lo que ha generado una percepción extendida de insuficiencia y ha debilitado la confianza en su funcionamiento. A ello se suma un problema estructural en la fase de ejecución. El incumplimiento de las sanciones, la inasistencia a programas o la evasión del sistema no siempre tienen consecuencias oportunas y proporcionales. Esto termina por restar eficacia a las decisiones judiciales y limita la capacidad del sistema para incidir en las trayectorias delictivas. Asimismo, el tratamiento de la reiteración delictual no siempre permite distinguir de manera suficiente entre conductas aisladas y trayectorias persistentes. La adecuada consideración del historial delictual resulta indispensable para una correcta individualización de la sanción. En materia de ejecución, subsisten además debilidades relevantes. No en todos los casos se aseguran condiciones que favorezcan procesos efectivos de reinserción, tales como la continuidad educativa, la intervención en consumo problemático de sustancias o l a adecuada segmentación de los jóvenes según la naturaleza y gravedad de los delitos cometidos. La convivencia de infractores de distinta lesividad puede afectar negativamente los procesos de intervención. Junto con lo anterior, una de las principales limitaciones del sistema radica en la fragmentación institucional. La intervención sobre adolescentes infractores requiere de la participación coordinada de diversos órganos del Estado, particularmente en ámbitos como salud",,,,pending,
18163-14,18828,2026-04-08,parlamentario,14,"Modifica la ley N° 20.898, que establece un procedimiento simplificado para la regularización de viviendas de autoconstrucción, con el objeto de establecer un mecanismo para la formulación de observaciones y subsanación de éstas y extender el plazo de vigencia del procedimiento",ingreso_proyecto,rica,11355,"1 PROYECTO DE LEY QUE MODIFICA LA LEY N° 20.898 INTRODUCIENDO UN PROCEDIMIENTO EXPRESO DE OBSERVACIONES Y SUBSANACIÓN EN LOS TRÁMITES DE REGULARIZACIÓN DE VIVIENDAS DE AUTOCONSTRUCCIÓN Y PRORROGAR SU VIGENCIA FUNDAMENTOS: La Ley N° 20.898, conocida coloquialmente como la “Ley del Mono” y publicada en el año 2016, estableció un procedimiento simplificado y extraordinario para la regularización de determinadas viviendas y edificaciones construidas sin permiso de edificación o que, habiéndolo obtenido, carec ían de recepción definitiva, siempre y cuando cumplieran con los requisitos que la propia ley establece. Su finalidad fue facilitar la formalización de inmuebles ya materialmente consolidados, permitiendo a sus propietarios obte ner simultáneamente el permiso y recepción definitiva, acceder a mayor certeza jurídica y, en su caso, optar a beneficios asociados a la regularización, propósito por el cual es fácil de dilucidar con la sola lectura del texto legal. Actualmente, el Título I de la ley permite a los propietarios de viviendas que no cuenten con recepción definitiva, total o parcial, ingresar solicitudes de regularización hasta el 31 de diciembre de 2027, exigiendo, entre otros presupuestos, que las viviendas hayan sido construidas antes de la publicación de la ley, es decir, antes del 04 de febrero del año 2016. 08-04-2026 11:02 2 Del mismo modo, el régimen aplicable a microempresas inofensivas y equipamiento social también mantiene hoy como fecha límite de ingreso el 31 de diciembre de 2027, y exige que las edificaciones respectivas hayan sido construidas antes de la publicación de esta norma. La evolución legislativa posterior confirma que el problema que la ley intentó abordar no se ha extinguido , puesto que, desde su entrada en vigencia, el Congreso Nacional ha debido prorrogar sucesivamente este régimen especial . En primera instancia, mediante la ley N° 21.141, luego por la ley N° 21.415, más tarde por la ley N° 21.558, que fijó el plazo hasta el 31 de diciembre de 2025 y, finalmente, por la ley N° 21.725, publicada el 1 de marzo de 2025, que volvió a extenderlo hasta el 31 de diciembre de 2027. Esta secuencia demuestra que la necesidad de regularización sigue siendo persistente y que el legislador ha estimado que subsisten razones de interés público para mantener abierto este mecanismo excepcional. En particular, la ley N° 21.725 tuvo por objeto ampliar los plazos de vigencia del procedimiento simplificado para la regularización de viviendas de autoconstrucción, buscando agilizar su formalización, asegurar su integración al marco normativo",,,,pending,
18164-17,18826,2026-04-08,parlamentario,17,"Modifica la ley N° 20.405, del Instituto Nacional de Derechos Humanos, en lo relativo a sus reglas de funcionamiento y obligaciones de información",ingreso_proyecto,rica,10473,"Boletín N° 18.164-17 Proyecto de ley, iniciado en Moción de los Honorables Senadores señor Longton, señora Balladares, y señores Cruz -Coke, Sanhueza y Trisotti, que modifica la ley N° 20.405, del Instituto Nacional de Derechos Humanos, en lo relativo a sus reglas de funcionamiento y obligaciones de información. I. ANTECEDENTES Y FUNDAMENTOS Qué duda cabe de la relevancia de los derechos humanos. Su fuerza normativa “es previa a cualquier ordenamiento jurídico (...) se identifican con nuestra propia y específica forma de existencia en el universo. En otras palabras, ellos son parte de nuestra propia identidad” 1. Son universales, inalienables, irrenunciables e intrínsecos a toda persona por el hecho de ser persona. Estos se encuentran consagrados positivamente2 en la Constitución y en los Tratados Internacionales sobre Derechos Humanos suscritos y ratificados por Chile. De ahí que el inciso segundo del art. 5 de la Constitución, establece que “[e]l ejercicio de la soberanía reconoce como limitación el respeto a los derechos esenciales que emanan de la naturaleza humana. Es deber de los órganos del Estado respetar y promover tales derechos, garantizados por esta Constitución, así como por los tratados internacionales ratificados por Chile y que se encuentren vigentes” (Lo subrayado es nuestro). Por ello, la relevancia de una institución, cuyo mandato fundamental sea velar por el respeto, protección y promoción de los derechos humanos resulta esencial. Para estos efectos se creó el Instituto Nacional de Derechos Humanos 3. El art. 2 de la ley N° 20.405 establece que ""[e]l Instituto tiene por objeto la promoción y protección de los derechos humanos de las personas que habiten en el territorio de Chile, establecidos en las normas constitucionales y legales; en los tratados internacionales suscritos y ratificados por Chile y que se encuentran vigentes, así como los emanados de los principios generales del derecho, reconocidos por la comunidad internacional” (Lo subrayado es nuestro). Lamentablemente, la actuación del INDH en la práctica, dista mucho del rol que se pretende conforme a su Ley Orgánica, siendo foco de una mirada de los derechos humanos ______________________________ 1 Gonzalo Candia, Introducción al Derecho Internacional de los Derechos Humanos (Santiago: Ediciones UC, 2016) 18. 2 Sin perjuicio de que su existencia no depende de su reconocimiento positivo. 3 INDH. parcelada e ideologizada que termina capturando para un sector político algo que por naturaleza es patrimonio de todos. En tal sentido, urge modificar dicha normativa, permitiendo supe",,,,pending,
18192-25,18853,2026-04-15,parlamentario,25,"Modifica diversos cuerpos legales, con el objeto de fortalecer la persecución penal de la distribución digital ilícita y proteger a los consumidores",ingreso_proyecto,rica,18793,"Boletín N° 18.192-25 Proyecto de ley, iniciado en Moción de los Honorables Senadores señora Núñez y señores Bianchi, Kusanovic, Moreira y Saavedra, que modifica diversos cuerpos legales, con el objeto de fortalecer la persecución penal de la distribución digital ilícita y proteger a los consumidores. Fundamentos El desarrollo de tecnologías digitales ha permitido una expansión significativa del acceso a contenidos audiovisuales, pero también ha facilitado la proliferación de servicios que operan al margen del ordenamiento jurídico, distribuyendo obras protegidas sin autorización de sus titulares. Este fenómeno no solo vulnera la normativa sobre propiedad intelectual, sino que configura un ecosistema más amplio de riesgos que afectan directamente a los consumidores, al funcionamiento de los mercados y a la capacidad del Estado para hacer cumplir la ley. En Chile, la difusión de plataformas digitales y dispositivos configurados para acceder a contenidos ilícitos ha alcanzado niveles relevantes de masificación. Se trata de servicios que no operan de forma aislada, sino que se estructuran a través de cadenas de distribución que incluyen aplicaciones, repositorios de descarga, dispositivos preconfigurados, sistemas de suscripción y mecanismos de pago. Esta arquitectura permite una rápida adaptación frente a medidas judiciales, facilitando la reaparición consta nte de los servicios bajo nuevas denominaciones, dominios o formatos técnicos. A lo anterior se suma un aspecto especialmente sensible: el impacto en los usuarios. Muchas de estas aplicaciones y dispositivos operan sin estándares mínimos de seguridad, con permisos extensivos y sin información adecuada sobre su funcionamiento. Ello ex pone a los consumidores a riesgos de acceso indebido a sus datos personales, credenciales, medios de pago e incluso a funciones sensibles de sus dispositivos, generando un problema que trasciende la mera infracción a la propiedad intelectual y se sitúa en el ámbito de la seguridad digital. El ordenamiento jurídico vigente contempla herramientas relevantes para abordar estas conductas, tanto en materia de propiedad intelectual como de delitos informáticos y protección del consumidor. Sin embargo, dichas herramientas han sido concebidas de manera fragmentada y no siempre dialogan adecuadamente frente a fenómenos que operan de forma integrada y transnacional. En particular, las normas actuales presentan dificultades para enfrentar la participación de intermediarios digitales globales, cuya actuación resulta decisiva en la localización, distribución y monetización de estos serv",,,,pending,
18194-08,18855,2026-04-15,parlamentario,08,Crea un régimen jurídico especial aplicable a los minerales críticos,ingreso_proyecto,rica,31111,"Boletín N° 18.194-08 Proyecto de ley, iniciado en Moción de los Honorables Senadores señora Núñez y señores Calisto, Flores y Saavedra, que crea un régimen jurídico especial aplicable a los minerales críticos. FUNDAMENTOS El desarrollo tecnológico contemporáneo, la transición energética, la digitalización de los procesos productivos y las exigencias crecientes en materia de defensa, infraestructura crítica y manufactura avanzada han modificado sustantivamente el valor económico y estratégico de ciertos recursos minerales. En ese nuevo escenario, algunos minerales han dejado de ser apreciados únicamente por su condición de insumo extractivo y han pasado a ser comprendidos como elementos cuya disponibilidad continua incide dir ectamente en la estabilidad de cadenas productivas complejas, en la seguridad de suministro de sectores estratégicos y en la capacidad de un país para sostener procesos de innovación, industrialización y autonomía tecnológica. Las denominadas tierras raras se insertan con claridad en esta categoría, tanto por la centralidad que hoy tienen en industrias de alto valor agregado como por la concentración internacional de su producción y procesamiento. La experiencia comparada muestra que el problema ya no se ag ota en la existencia material del recurso, sino en la vulnerabilidad de su cadena de suministro. En términos simples, la discusión actual no versa solo sobre minería, sino sobre capacidad de procesamiento, dependencia externa, trazabilidad, continuidad ope racional y resiliencia frente a interrupciones del mercado. Desde esa perspectiva, los minerales críticos han comenzado a ser tratados por otras jurisdicciones como un asunto de interés económico y estratégico, sometido a reglas especiales de monitoreo, ge stión de riesgos y protección de la cadena de valor. Ese enfoque resulta especialmente pertinente para Chile, cuya tradición minera convive hoy con un marco regulatorio concebido para una lógica predominantemente extractiva, insuficiente para abordar de mo do específico las particularidades técnicas, económicas y geopolíticas de minerales cuya relevancia depende tanto de su explotación como de las etapas posteriores de procesamiento, refinación y circulación. En el caso nacional, la discusión presenta además una oportunidad evidente. La doctrina especializada ha advertido que Chile dispone de recursos vinculados a tierras raras y de fuentes secundarias con potencial de aprovechamiento, pero que el estado actual de la regulación minera no se hace cargo adecuad amente de sus particularidades ni favorece el desarrollo de una cade",,,,pending,
18205-29,18862,2026-04-15,parlamentario,29,"Reconoce al fútbol amateur como actividad de interés público y establece normas sobre prevención de la violencia, seguridad, responsabilidad y transparencia en esa actividad",ingreso_proyecto,rica,18270,"RECONOCE AL FÚTBOL AMATEUR COMO UNA ACTIVIDAD DE INTERÉS PÚBLICO AL TIEMPO QUE ESTABLECE NORMAS SOBRE PREVENCIÓN DE LA VIOLENCIA, SEGURIDAD, RESPONSABILIDAD Y TRANSPARENCIA. Fundamentos. Conforme informa la Asociación Nacional de Fútbol Amateur, los inicios de la práctica del fútbol en Chile se dieron a fines del siglo XIX en la ciudad Puerto de Valparaíso, con motivo de la llegada de embarcaciones europeas, especialmente inglesas. Formado s los primeros clubes, el 19 de junio de 1895 se registra como el día en que nació formalmente el fútbol amateur en nuestro país, pues con esa fecha se formó la primera Asociación de Clubes de Chile. Más de un siglo después, el fútbol amateur se erige como una de las principales expresiones deportivas, sociales y culturales del país. Miles de clubes, deportistas, dirigentes y familias participan activamente en competencias organizadas a lo largo de tod o el territorio nacional, convirtiendo al fútbol amateur en un espacio con un rol social fundamental, que integra vida comunitaria y promoción del deporte. Lo anterior queda demostrado en que es un espacio que reúne a gran cantidad de personas, pues conforme datos de la Asociación Nacional de Fútbol Amateur (ANFA), se registran 993.383 personas, hombres y mujeres, que tienen la calidad de futbolistas amateur. A su vez, la ANFA está integrada por 15 asociaciones regionales (denominadas ARFA), que a su vez se forman por 328 asociaciones locales que agrupan a 3.716 clubes, lo que da cuenta de que la ANFA es la agrupación deportiva más grande del país. Al respecto se debe tener presente que el valor del trámite individual de jugador, lo que se denomina coloquialmente como “pase”, fluctúa entre los $17.000.- y el equivalente a tres veces ese valor, conforme lo estipula el Reglamento de la ANFA1. Sobre las virtudes del deporte comunitario, la evidencia internacional es clara en señalar que el deporte puede mermar factores de riesgo y fortalecer elementos protectores frente a la violencia, el delito y el consumo 1 Reglamento disponible en: https://arfasexta.cl/arfa6/Reglamento-ANFA-Digital.pdf. 15-04-2026 16:47 de sustancias, especialmente entre jóvenes. La Oficina de las Naciones Unidas contra la Droga y el Delito ha señalado expresamente que la participación en programas deportivos puede prevenir la victimización de jóvenes y su involucramiento en hechos de violencia y criminalidad, además de empoderarnos como agentes de cambio positivo dentro de sus comunidades2. En ese sentido, en contextos de vulnerabilidad social, esta dimensión preventiva adquiere una relevancia aún mayo",,,,pending,
18201-06,18864,2026-04-20,parlamentario,06,Rehabilita la nacionalidad chilena a Manuel Guillermo Pinto Pizarro,ingreso_proyecto,rica,4469,"PROYECTO DE LEY DE REHABILITACIÓN DE NACIONALIDAD A MANUEL GUILLERMO PINTO PIZARRO Vistos: Lo dispuesto en los artículos 63 y 65 de la Constitución Política de la República; lo prevenido por la Ley N° 18.918 Orgánica Constitucional del Congreso Nacional y lo establecido por el Reglamento de la H. Cámara de Diputados. Considerando : 1. De conformidad con lo dispuesto en el artículo 11 de la Constitución Política de la República, la nacionalidad chilena puede perderse por las causales que en dicho precepto se enumeran. En particular, la causal contenida en el numeral 1° establece que se pierde la nacionalidad chilena: ""Por renuncia voluntaria manifestada ante autoridad chilena competente. Esta renuncia sólo producirá efectos si la persona, previamente, se ha nacionalizado en otro país."" Asimismo, el inciso ﬁnal del referido artículo 11 establece expresamente el mecanismo habilitado para la recuperación de la nacionalidad chilena en caso de pérdida, señalando que: ""Los que hubieren perdido la nacionalidad chilena por cualquiera de las causales establecidas en este artículo, sólo podrán ser rehabilitados por ley."" 20-04-2026 14:26 2. En consecuencia, y conforme a la voluntad soberana del constituyente, la única vía jurídicamente procedente para restituir la nacionalidad chilena a quienes la hayan perdido es la dictación de una ley de la República, cuya iniciativa puede emanar de cualquiera de las Cámaras del Congreso Nacional, en uso de su facultad legislativa ordinaria. 3. Adicionalmente, el artículo 63, N° 2, de la misma Carta Fundamental, indica que son materias de ley: ""Las que la Constitución exija que sean reguladas por una ley."" En virtud de ello, y dado que la rehabilitación de la nacionalidad chilena se encuentra expresamente condicionada por el texto constitucional a una ley formal, corresponde a esta Corporación conocer y tramitar el presente proyecto. 4. Manuel Guillermo Pinto Pizarro , nació el 25 de junio de 1963 en Valparaíso, Chile. Actualmente reside en Valparaíso, Chile y posee la nacionalidad Sueca desde 1994, registrando en consecuencia la pérdida de la nacionalidad chilena conforme al artículo 11 Nº 1 de la Constitución Política de la República. 5. Manuel nació en Chile, estudió, trabajó y vivió en el país hasta los 23 años. En Chile residen actualmente todos los miembros de su familia. El 29 de septiembre contrajo matrimonio con Fany Barat Flores, chilena también y con quien tiene 3 hijos: Bastian Pinto Barat; Joao Pinto Barat y Camila Pinto Barat. Además mantiene un vínculo permanente con su país de origen, su cultura y su comunidad. 6",,,,pending,
18208-25,18863,2026-04-20,ejecutivo,25,"Modifica el Código Procesal Penal, para regular la continuidad del juicio oral y permitir la dictación de sentencia definitiva ante la incomparecencia injustificada del acusado",ingreso_proyecto,rica,34286,"Boletín N° 18.208-25 Proyecto de ley, iniciado en Mensaje de Su Excelencia el Presidente de la República, que modifica el Código Procesal Penal, para regular la continuidad del juicio oral y permitir la dictación de sentencia definitiva ante la incomparecencia injustificada del acusado. Santiago, 20 de abril de 2026 M E N S A J E Nº 011-374/ Honorable Senado: En ejercicio de mis facultades constitucionales, tengo el honor de someter a vuestra consideración el presente proyecto de ley, que modifica el Código Procesal Penal con el objeto de propender a garantizar la continuidad de la función jurisdiccional y la sustanciación de los procesos penales, permitiendo la dictación de sentencia definitiva ante la inasistencia injustificada del acusado al juicio oral. I. ANTECEDENTES La reforma procesal penal, materializada en la ley N° 19.696, impulsó una transformación sistémica que, según su propio Mensaje, buscó superar un modelo inquisitivo y secreto para dar paso a un ""juicio genuino"" de carácter acusatorio, oral, público y contradictorio. Este cambio estructural, concebido como una pieza central para consolidar el sistema constitucional y democrático, se sustenta en pilares como la inmediac ión y la oralidad, los cuales son los únicos mecanismos que permiten asegurar que el conjunto de actos del juicio se realice de manera pública y concentrada, contando con la presencia permanente de A S.E. LA PRESIDENTA DEL H. SENADO. 2 todos los intervinientes 1. Tales principios —de acuerdo con el espíritu de la reforma procesal penal — son los mecanismos que aseguran que el juicio se realice de manera pública y concentrada, exigiendo la presencia permanente de todos los intervinientes para garantizar la validez d el debate. En consecuencia, y como materialización de este imperativo, el artículo 285 del Código Procesal Penal establece, como principio, la presencia obligatoria del acusado durante toda la audiencia de juicio oral. Como parte de este principio, el propio sistema contempla la institución de la rebeldía del imputado —regulada en los artículos 100 y 101 del Código Procesal Penal — permitiendo su declaración judicial cuando el acusado, debidamente emplazado, no comparece injustificadamente al procedimiento. El problema normativo surge a partir de las reglas contenidas en los artículos 101 inciso 2° y 252 inciso final del Código Procesal Penal, que ordenan al Tribunal de Juicio Oral en lo Penal dictar sobreseimiento temporal cuando el acusado no comparece a la audiencia de juicio oral y ha sido declarado rebelde. Esta disposición genera, en la práctica, una para",,,,pending,
18212-07,18876,2026-04-21,parlamentario,07,"Modifica el código penal y la ley Nº 20.084, con el objeto de establecer la responsabilidad penal de los padres o guardadores por omisión grave del deber de cuidado",ingreso_proyecto,rica,4286,"PROYECTO DE LEY QUE MODIFICA EL CÓDIGO PENAL Y LA LEY N.º 20.084, CON EL OBJETO DE ESTABLECER LA RESPONSABILIDAD PENAL DE LOS PADRES O GUARDADORES POR OMISIÓN GRAVE DEL DEBER DE CUIDADO. I. ANTECEDENTES. El sistema jurídico chileno enfrenta un desafío crítico ante el aumento de la participación de menores de edad en delitos de alta connotación social. Actualmente, la Ley Nº 20.084 de Responsabilidad Penal Adolescente (RPA) se centra exclusivamente en la reinserción del menor, dejando un vacío normativo respecto al rol de los adultos responsables. Si bien el ordenamiento civil contempla la responsabilidad de los padres por los daños causados por sus hijos menores (Art. 2320 del Código Civil), no existe un correlato penal que sancione la negligencia grave o permisividad de quienes tienen el deber legal de cuidado y vigilancia. Esta asimetría debilita la prevención del delito, ya que en muchos casos la conducta delictiva es propiciada por una ausencia de control efectivo en el entorno familiar. En el derecho comparado, legislaciones como la de Alemania contemplan la responsabilidad por omisión para quienes, teniendo una posición de garante, no evitan un resultado delictivo pudiendo hacerlo. Por su parte, estados como Texas y Florida en Estados Unidos sancionan penalmente a los padres cuya negligencia contribuye directamente a la delincuencia de un menor. Se requiere, por tanto, una norma que refuerce la responsabilidad familiar y la coherencia del sistema, estableciendo sanciones proporcionales que no castiguen el vínculo de filiación, sino la conducta omisiva propia del adulto. 21-04-2026 08:03 II. IDEA MATRIZ. El presente proyecto de ley tiene por objeto tipificar como delito autónomo la omisión grave del deber de cuidado parental cuando esta facilite la comisión de delitos por parte de menores de edad. La iniciativa busca establecer una escala de sanciones que comienza con multas y trabajos comunitarios, escalando a penas privativas de libertad en caso de reincidencia. Asimismo, la propuesta incorpora una cláusula de comunicación obligatoria entre los tribunales y el Ministerio Público, asegurando que la negligencia parental sea informada y perseguida desde la primera sentencia condenatoria del menor. PROYECTO DE LEY Artículo Primero. - Incorpórese en el Código Penal, dentro del Título VII del Libro Segundo, el siguiente Párrafo 3 bis y el artículo 357 bis: ""Párrafo 3 bis: De la responsabilidad penal por omisión del deber de cuidado parental"" Artículo 357 bis. Los padres, guardadores o quienes tengan legalmente el cuidado personal de un menor de edad que",,,,pending,
18215-10,18871,2026-04-22,ejecutivo,10,"Acuerdo de mutua exención del requisito de visa para los titulares de pasaportes diplomáticos, especiales y oficiales entre el Gobierno de la República de Chile y el Gobierno del Estado de Catar",ingreso_proyecto,rica,2990,"22-04-2026 08:47 22-04-2026 08:47 22-04-2026 08:47 22-04-2026 08:47 22-04-2026 08:47 Ministerio de Hacienda Dirección de Presupuestos Reg. 85GG I.F. N°85/21.04.2026 Página 1 de 3 Informe Financiero Proyecto de Acuerdo que aprueba el “Acuerdo sobre Mutua Exención del Requisito de Visa para los Titulares de Pasaportes Diplomáticos, Especiales y Oficiales entre el Gobierno de la República de Chile y el Gobierno del Estado de Catar”, suscrito en Santiago, República de Chile, el 17 de enero de 2025. Mensaje N°013-374 I. Antecedentes El Proyecto de Acuerdo tiene por objeto aprobar el “Acuerdo sobre Mutua Exención del Requisito de Visa para los Titulares de Pasaportes Diplomáticos, Especiales y Oficiales entre el Gobierno de la República de Chile y el Gobierno del Estado de Catar”, susc rito en Santiago, República de Chile, el 17 de enero de 2025. El instrumento establece la exención mutua del requisito de visa para los titulares de pasaportes diplomáticos y oficiales de la República de Chile, y para los titulares de pasaportes diplomáticos y especiales del Estado de Catar, junto con regular las condiciones básicas para su aplicación, incluyendo plazos de permanencia, exigencias de acreditación, causales de denegación o término de estadía, suspensión del acuerdo e intercambio de ejemplares de pasaportes por la vía diplomática. II. Efecto del Proyecto de Acuerdo sobre el Presupuesto Fiscal El acuerdo, al eximir del requisito de visa a los titulares de pasaportes diplomáticos, especiales y oficiales comprendidos en su ámbito de aplicación, simplifica la tramitación migratoria y reduce los costos administrativos asociados a los procesos de visación respecto de un universo acotado de personas. Dado que la medida recae sobre un grupo reducido de usuarios y que su implementación se efectúa mediante procedimientos institucionales ya existentes, se concluye que, por su naturaleza normativa, el prese nte Proyecto de Acuerdo no tendrá incidencia en el presupuesto fiscal. 22-04-2026 08:47 Ministerio de Hacienda Dirección de Presupuestos Reg. 85GG I.F. N°85/21.04.2026 Página 2 de 3 III. Fuentes de Información • Mensaje de S.E. el Presidente de la República con el que inicia un proyecto de Acuerdo que aprueba el “Acuerdo sobre Mutua Exención del Requisito de Visa para los Titulares de Pasaportes Diplomáticos, Especiales y Oficiales entre el Gobierno de la República de Chile y el Gobierno del Estado de Catar”, suscrito en Santiago, República de Chile, el 17 de enero de 2025. • “Acuerdo sobre Mutua Exención del Requisito de Visa para los Titulares de Pasaportes Diplomáticos, ",,,,pending,
18216-05,18872,2026-04-22,ejecutivo,05,Para la reconstrucción nacional y el desarrollo económico y social,texto_mensaje,rica,120000,"MENSAJE DE S.E. EL PRESIDENTE DE LA REPÚBLICA CON EL QUE INICIA EL PROYECTO DE LEY PARA LA RECONSTRUCCIÓN NACIONAL Y EL DESARROLLO ECONÓMICO Y SOCIAL. __________________________________ Santiago, 22 de abril de 2026 MENSAJE N°018-374/ Honorable Cámara de Diputados: Tengo el honor de someter a su consideración el siguiente proyecto de ley. ANTECEDENTES Desde el año 2014, Chile ha transitado por un prolongado período de bajo crecimiento económico, con una tasa promedio de 2% anual. Este estancamiento ha tenido consecuencias directas en la generación de empleo-Actualmente cerca de 860 mil personas buscan trabajo sin encontrarlo, y uno de cada cinco jóvenes menores de 25 años enfrenta el desempleo. En particular, quienes recién comienzan su vida laboral enfrentan una tasa de desempleo del 22,2% (Instituto Nacional de Estadísticas, INE). Esta situación se ha agravado en los últimos años. La actividad económica cayó un 0,4% en los primeros meses de 2026, la creación de empleo apenas alcanzó un 0,2%, el déficit habitacional supera los 834 mil hogares y más de 120 mil familias viven en campamentos, cifra que cuadruplica la que había en 2014. A ello se suman los devastadores incendios en las regiones de Valparaíso (2024) y de Ñuble y Biobío (2026), que han dejado una huella profunda en infraestructura y vivienda. Todo lo anterior, agudiza la urgencia de una reconstrucción integral. A nivel fiscal, el bajo dinamismo económico ha impedido generar la recaudación suficiente para sostener las aspiraciones legítimas de la ciudadanía en educación, salud, previsión y seguridad. La deuda pública ha crecido en 120 mil millones de dólares en los últimos doce años y el pago de intereses corresponde a más del 5% del presupuesto anual. A ello se suma que el Fondo de Estabilización Económica y Social se redujo a la mitad entre 2022 y 2026, debilitando la capacidad de respuesta ante emergencias. El diagnóstico resulta claro. Chile extravió la senda del progreso cuando se instaló la ilusión de que el Estado podía generar riqueza por sí mismo, expandiendo el gasto y la regulación mientras se desalentaba la inversión privada. La reforma tributaria de 2014 es el ejemplo más concreto de ese diagnóstico. Buscó aumentar la recaudación en 3 puntos del PIB y terminó por contraer la inversión desde niveles cercanos al 27,5% del PIB en 2013 a un promedio de 23,7% en los doce años siguientes. Al elevar la tasa del impuesto de primera categoría de 20% a 27%, cuando el promedio de la Organización para la Cooperación y el Desarrollo Económico (“OCDE”) es 24% (Corporate Tax Statistics, 2025), C",,,,pending,
18224-18,18893,2026-04-27,parlamentario,18,"Establece un marco integral de protección de niñas, niños y adolescentes en el uso de redes sociales",ingreso_proyecto,rica,28774,"ANTECEDENTES El uso masivo de plataformas digitales de interacción social, denominadas comúnmente como “redes sociales”, por parte de niñas, niños y adolescentes (en adelante, NNA) en Chile ha alcanzado dimensiones que el ordenamiento jurídico no puede continuar ignorando. Según el estudio Kids Online Chile (2022), el 87% de los NNA entre 9 y 17 años cuenta con teléfono celular propio con acceso a Internet, y el 58% obtuvo su primer dispositivo conectado antes de los 10 años.1 La Encuesta Longitudinal de Primera Infancia (2024), cuyos primeros resultados de la cuarta ronda fueron presentados por el Ministerio de Desarrollo social y Familia en noviembre de 2025, revela que el 54% de los adolescentes usa redes sociales más de tres horas diarias y que el 42,7% reconoce mirar el aparatos electrónicos a diario despúes de acostarse. Además, que el 15,1% había sufrido ciberacoso en los últimos doce meses, con incidencia mayor en las mujeres (16,9%) que en hombres (13,3%). 2 El Instituto Nacional de la Juventud (INJUV) agrega que el 98,2% de los estudiantes chilenos tiene alguna cuenta en redes sociales y que el 60% comenzó a usarlas antes de os 10 años de edad. 3 El marco normativo chileno vigente no contempla disposiciones específicas que regulen, desde un enfoque integral y preventivo, la relación entre NNA y las redes sociales. La ley N°21.430, sobre garantías y protección integral de los derechos de la niñez y adolescencia, la Ley N°19.628, sobre Protección de la Vida Privada y la Ley 21.729 que Regula la Protección y el Tratamiento de los Datos Personales y Crea la Agencia de Protección de Datos Personales, abordan aspectos parciales, pero carecen de mecanismos para imponer obligaciones directas a los operadores de plataformas en materia de verificación de edad, prohibición de diseño adictivo o responsabilidad sancionatoria por incumplimiento. 1 CEPPE UC & CIAE Universidad de Chile. (2023). Kids Online Chile: principales resultados 2022. Disponible en: https://www.uc.cl/noticias/revelan-principales-resultados-del-estudio-kids-online-en-chile/ 2 Ministerio de Desarrollo Social y Familia. (11 de noviembre de 2025). ELPI 2024: cuarta ronda, primeros resultados. Disponible en: https://www.midesof.gob.cl/encuesta -longitudinal-de-primera-infancia-2024-4-de-cada-10-adolescentes- reconoce-el-uso-del-celular/ 3 Instituto Nacional de la Juventud (INJUV). (2023). Ciberbullying: cifras de interés. Disponible en: https://recursoshdt.injuv.gob.cl/wp-content/uploads/2022/10/2-ciberacoso-cifras-de-interes-2023.pdf 27-04-2026 22:11 En el derecho comparada, la doctrina ide",,,,pending,
18227-11,18892,2026-04-28,parlamentario,11,Modifica el Código Sanitario para reforzar las exigencias aplicables al etiquetado de productos alimenticios en materia de fecha de vencimiento,ingreso_proyecto,rica,4407,"ANTECEDENTES Recientemente, se dio a conocer la incautación de más de 15 mil productos alimenticios vencidos que estaban siendo comercializados por una banda que borraba con químicos su fecha de expiración, para luego estampar nuevos plazos de vencimiento de hasta dos años adicionales1. Esta situación ha generado preocupación en la ciudadanía a raíz de los riesgos sanitarios asociados al consumo de alimentos caducados y la alta probabilidad de sufrir intoxicaciones o infecciones. Incluso en casos más severos, los afectados pueden requerir hospitalización, especialmente en grupos más expuestos, como personas mayores, embarazadas, niños y pacientes con un sistema inmunológico debilitado. Junto con la persecución penal de los responsables, resulta necesario elevar el estándar técnico de la normativa vigente en lo relativo a la fecha de vencimiento, mediante un mecanismo dirigido a reforzar los requisitos del sistema de información de los envases. Al respecto, el artículo 106 del Reglamento de Productos Alimenticios Envasados, contenido en Decreto Nº297, del Ministerio de Economía, enumera los elementos que deben ﬁgurar en el rótulo, incluyendo la fecha de expiración, la cual, de acuerdo con lo dispuesto en el número 15 de dicho precepto, corresponde a la “fecha en que termina el período después del cual el 1 h#ps://www.chilevision.cl/no1cias/nacional/cambiaban-la-fecha-de-vencimiento-y-los-vendian-incautan- 15-mil-alimentos-adulterados/ 28-04-2026 14:28 producto, almacenado en las condiciones indicadas, no tendrá los atributos de calidad originales. Después de esta fecha, el alimento no se considerará comercializable.”. Asimismo, el artículo 9º del referido reglamento dispone que “Los datos que deben aparecer en el rótulo, deben indicarse con caracteres claros, bien visibles, indelebles y fáciles de leer por el consumidor en circunstancias normales de compra y uso” . De manera similar, el artículo 6º del Decreto Nº977, que aprueba Reglamento Sanitario de los Alimentos, indica que “La información en el rótulo deberá estar en idioma castellano, pudiendo repetirse eventualmente en otro idioma. Los datos deberán señalarse con caracteres visibles, indelebles y fáciles de leer en circunstancias normales de compra y uso” . De las disposiciones precitadas, se desprende que los datos deben consignarse de forma “indeleble”, término que, en su sentido natural y obvio, alude a aquello que “no se puede borrar o quitar”2. Sin perjuicio de lo anterior, la regulación actual es insuﬁciente para detectar si se trata o no de información veraz ante posibles falsiﬁcaciones, ya ",,,,pending,
18230-13,18883,2026-04-30,ejecutivo,13,"Reajusta el monto del ingreso mínimo mensual, así como de la asignación familiar y maternal y del subsidio familiar",texto_mensaje,rica,9098,"mensaje DE S.E. EL PRESIDENTE DE LA REPÚBLICA CON EL QUE INICIA UN PROYECTO DE LEY QUE REAJUSTA EL MONTO DEL INGRESO MÍNIMO MENSUAL, ASÍ COMO DE LA ASIGNACIÓN FAMILIAR Y MATERNAL Y DEL SUBSIDIO FAMILIAR. ________________________________ Santiago, 30 de abril de 2026 M E N S A J E N° 024-374/ A S.E. EL PRESIDENTE DE LA H. CÁMARA DE DIPUTADOS Honorable Cámara de Diputados: En uso de mis facultades constitucionales, tengo el honor de someter a vuestra consideración un proyecto de ley que tiene por objeto reajustar el monto del ingreso mínimo mensual a contar del 01 de mayo de 2026, así como de la asignación familiar y maternal y del subsidio familiar. ANTECEDENTES El presente proyecto de ley que reajusta el ingreso mínimo mensual se presenta en un contexto en que el mercado laboral continúa evidenciando señales de debilidad. En efecto, según el último dato de la Encuesta Nacional de Empleo (INE, 2026), correspondiente al trimestre móvil de enero a marzo 2026, la tasa de desocupación se ubicó en 8,9%, acumulando 39 meses consecutivos en niveles superiores al 8%. Ello sitúa a Chile entre los países con mayores tasas de desempleo dentro de la OCDE y posicionándose entre los más altos de América Latina. A su vez, la generación de empleo ha estado concentrada mayoritariamente en ocupaciones informales. En promedio, durante los últimos tres trimestres, cerca de dos tercios de los nuevos puestos de trabajo creados correspondieron a empleo informal. En efecto, según los datos del trimestre móvil de enero a marzo 2026, los 45.354 puestos de trabajo creados son resultado neto de la creación de 78.632 empleos informales y la destrucción de 33.277 empleos formales, fenómeno que da cuenta de la existencia de dificultades persistentes para expandir el empleo formal con protección social. Lo anterior ha coincidido con un incremento de los costos laborales, situación que ha afectado con mayor intensidad a las pequeñas y medianas empresas, con menores márgenes, ciclos de caja más ajustados y más propensas a reestructuraciones o quiebras. Por ello, no sorprende que las empresas de menor tamaño hayan registrado destrucción de empleo en 17 de los últimos 18 meses, reflejando precisamente las restricciones persistentes que enfrentan para sostener y ampliar sus dotaciones laborales. En efecto, los costos laborales han aumentado tras la aprobación de un conjunto de leyes laborales, destacando los reajustes al ingreso mínimo mensual, la reducción de la jornada de trabajo y el aumento de cotizaciones derivado de la reforma de pensiones (7 puntos porcentuales adicionales de cargo de",,,,pending,
18231-35,18882,2026-05-04,ejecutivo,35,Establece el Día Nacional de la Teletón y el Día Nacional del Encuentro Familiar,ingreso_proyecto,rica,8593,"Boletín N° 18.231-35 Proyecto de ley, iniciado en Mensaje de Su Excelencia el Presidente de la República, que establece el Día Nacional de la Teletón y el Día Nacional del Encuentro Familiar. Santiago, 28 de abril de 2026 M E N S A J E N° 017-374/ Honorable Senado: Tengo el honor de someter a vuestra consideración un proyecto de ley que establece el Día Nacional de la Teletón y el Día Nacional del Encuentro Familiar. I. ANTECEDENTES De acuerdo con el III Estudio Nacional de la Discapacidad (SENADIS, 2022), el 17% de la población de dos años y más presenta alguna discapacidad, lo que equivale a 3.291.602 personas. De ese total, 587.709 corresponden a niños, niñas y adolescentes de entre 2 y 17 años. Complementariamente, los resultados del Censo de Población y Vivienda 2024, que por primera vez incorporó el set de preguntas del Grupo de Washington para la medición de discapacidad en censos, muestran que el 11,1% de la población de 5 años o más en Chile presenta discapacidad, lo que equivale a 1.950.388 person as (210.630 niños, niñas y adolescentes entre 5 y 19 años). Esta estimación es consistente con la prevalencia de discapacidad severa identificada por el III Estudio Nacional de la Discapacidad, debido a que la metodología censal permite identificar principalmente situaciones de mayor dificultad funcional. A S.E. LA PRESIDENTA DEL H. SENADO. 2 Estos antecedentes permiten dimensionar la relevancia de las políticas públicas orientadas a la rehabilitación, inclusión social y apoyo a las personas con discapacidad y sus familias, así como del rol complementario que cumplen instituciones de la sociedad civil en este ámbito, en consonancia con lo establecido en el inciso tercero del artículo 1 de la Constitución Política de la República. En este contexto, la Teletón ha desempeñado una función de relevancia pública sustantiva en el ámbito de la rehabilitación. Se trata de una institución sin fines de lucro dedicada a la rehabilitación integral de niños, niñas y jóvenes con discapacidad de origen músculo esquelético , cuya labor comprende una actividad sanitaria, terapéutica y social de carácter permanente. Junto con ello, la institución desarrolla una función relevante de difusión y concientización en torno a la discapacidad, contribuyendo a visibilizar esta realidad y a promover una mayor inclusión social. La trayectoria la Teletón se inicia hace más de 79 años, con la creación en Chile de la Sociedad Pro Ayuda del Niño Lisiado, entidad pionera en la rehabilitación de niños, niñas y jóvenes con discapacidad motora. Hasta 1977, dicha Sociedad atendió a cerca d",,,,pending,
18232-25,18886,2026-05-04,ejecutivo,25,"Modifica la ley N° 21.659, sobre seguridad privada, para aumentar el plazo de presentación y pronunciamiento sobre los estudios de seguridad que dispone, y extiende la prórroga de vigencia de la última autorización del personal de seguridad privada que indica",texto_mensaje,rica,15868,"MENSAJE DE S.E. EL PRESIDENTE DE LA REPÚBLICA CON EL QUE INICIA UN PROYECTO DE LEY QUE MODIFICA LA LEY N° 21.659 SOBRE SEGURIDAD PRIVADA, CON EL OBJETO DE AUMENTAR EL PLAZO PARA PRESENTAR ESTUDIOS DE SEGURIDAD Y PRONUNCIARSE RESPECTO DE LOS MISMOS, Y EXTENDER LA PRÓRROGA DE LA VIGENCIA DE LA ÚLTIMA AUTORIZACIÓN DEL PERSONAL DE SEGURIDAD PRIVADA QUE INDICA. _______________________________ Santiago, 04 de mayo de 2026 MENSAJE Nº 025-374/ A S.E. EL PRESIDENTE DE LA H. CÁMARA DE DIPUTADOS Honorable Cámara de Diputados: En el ejercicio de mis facultades, tengo el honor de someter a vuestra consideración un proyecto de ley que modifica la ley N° 21.659 sobre Seguridad Privada, con el objeto de aumentar el plazo para presentar estudios de seguridad y pronunciarse respecto de los mismos, y extender la prórroga de la vigencia de la última autorización del personal de seguridad privada que indica. ANTECEDENTES Marco normativo. Ley N° 21.659 Con fecha 21 de marzo de 2024, se publicó la ley Nº 21.659, que establece la Ley Marco de Seguridad Privada (en adelante, también la “Ley”). Este cuerpo legal constituye un avance relevante para nuestro país, permitiendo regular de manera integral y sistemática un sector que colabora activamente con la prevención del delito y la protección tanto de las personas como también de la infraestructura crítica y estratégica. Posteriormente, se publicaron los decretos N° 208 y N° 209 del Ministerio del Interior y Seguridad Pública, ambos de 2024, que aprobaron el reglamento de eventos masivos y el reglamento de seguridad privada, respectivamente. A partir de la publicación de este último reglamento, en mayo de 2025, comenzó a correr el plazo de seis meses para la entrada en vigencia de la Ley, lo que ocurrió el 28 de noviembre de 2025. Lo anterior es especialmente relevante, pues con la entrada en vigencia de la Ley comenzaron a correr los plazos de 6 meses que el mismo cuerpo normativo fijó para la presentación de estudios de seguridad por parte de las entidades obligadas y para la obtención de las autorizaciones de seguridad privada de las personas naturales cuyas autorizaciones hubieren vencido. En efecto, el artículo 2° transitorio de la ley N° 21.659 establece que las empresas de transporte de valores, las instituciones bancarias y financieras de cualquier naturaleza, las empresas de apoyo al giro bancario que reciban o mantengan dineros en sus operaciones y los establecimientos de venta de combustibles deberán presentar un estudio de seguridad dentro de los seis meses siguientes a la entrada en vigencia de la ley, aun cuando cuen",,,,pending,
18245-12,18909,2026-05-05,parlamentario,12,Introduce y regula la obligación de las empresas de rellenos sanitarios de elaborar un plan para la reducción de gas metano dentro de sus instalaciones,ingreso_proyecto,rica,9202,"Antecedentes Durante el último siglo, el cambio climático se ha convertido en uno de los principales desafíos que ha enfrentado la humanidad en su historia. La Convención Marco de las Naciones Unidas sobre el Cambio Climático, de 1992, señala que este corresponde a la alteración de la composición de la atmósfera global, un fenómeno que se atribuye directa e indirectamente a la actividad humana. Los científicos atribuyen la tendencia al calentamiento global al efecto invernadero, el calentamiento que se produce cuando la atmósfera atrapa el calor que se irradia desde la Tierra al espacio. Aproximadamente el 90% de este calor es absorbido por los gases de efecto invernadero (GEI). El gas metano es el segundo contribuyente más importante al calentamiento climático después del dióxido de carbono, con un potencial de calentamiento veinte veces mayo r. El metano ha sido responsable del 30% del calentamiento global desde la Revolución Industrial y actualmente se está proliferando más rápidamente que en cualquier otro momento desde que se iniciaron registros. Por ello, si no se toman medidas concretas que permitan 05-05-2026 13:22 reducir este número, se proyecta que estas emisiones aumentarán en un 13% para el año 2030.1 Si bien el metano es un gas de efecto invernadero mucho más efectivo que el dióxido de carbono, es mucho menos común en la atmósfera. Debido a esto, expertos han señalado que, si bien el efecto de la reducción de los niveles de CO2 en la atmósfera llevaría cientos de años en materializarse, la reducción de emisiones de metano tendría un impacto de corto plazo que sería fundamental para ayudar a mantener el camino a la meta de 1,5°C.2 Además de influir en el clima, este gas afecta gravemente la salud humana y los ecosistemas, e n especial por su rol como propulsor del ozono troposférico. Los residuos sólidos municipales contribuyen aproximadamente al 12% de las emisiones antropogénicas de metano a escala mundial 3, por lo que los rellenos sanitarios representan una importante fuente de emisione s. Estos se refieren a instalaciones para la disposición final de residuos domiciliarios, los que son compactados para disminuir riesgos tanto para la salud de la población como para el medioambiente. En Chile actualmente existen 34 residuos sanitarios que reciben el 86% de los residuos domiciliarios. Según un informe del Consejo de Políticas de Infraestructura (CPI), la generación de residuos en Chile ha aumentado cerca de un 25% entre 2015 y 202 1, superando 9 millones de toneladas 1 Global Methane Pledge. (s.f.). The Imperative for Methane Action. Recu",,,,pending,
18267-24,18946,2026-05-13,parlamentario,24,"Modifica la ley N° 19.928, sobre fomento de la música chilena, para regular y proteger la participación de teloneros chilenos en conciertos de artistas extranjeros",ingreso_proyecto,rica,6549,"ndamentos La regulación de los conciertos y eventos musicales masivos en Chile ha experimentado avances relevantes en los últimos años, particularmente a partir de las modiﬁcaciones introducidas a la Ley N° 19.928 sobre fomento de la música chilena por la Ley N° 21.205 de 2020, popularmente conocida como “Ley del Telonero”. Entre dichas innovaciones, se incorporó la exigencia de que los artistas extranjeros que se acojan al beneﬁcio tributario de exención del Impuesto al Valor Agregado (IVA) en la venta de entradas, deban contemplar la participación de al menos un artista nacional en calidad de telonero. Esta obligación responde a un objetivo claro de la política pública diseñada por el legislador de la época: fomentar la música chilena, promoviendo la visibilidad, circulación y desarrollo profesional de artistas nacionales en escenarios de alta convocatoria, como son los conciertos de artistas extranjeros. Sin embargo, la experiencia reciente ha evidenciado que dicha ﬁnalidad se ha visto debilitada por dos problemas estructurales. En primer lugar, la normativa vigente carece de una consecuencia jurídica expresa frente al incumplimiento de las obligaciones relativas al telonero nacional, ya 13-05-2026 11:46 que inexplicablemente la ley lo exime de las sanciones de multa a beneﬁcio ﬁscal de 50 a 100 UTM que sí proceden respecto del resto de reglas sobre conciertos y eventos musicales. Esto ha permitido que, en la práctica, la observancia de la Ley del Telonero sea irregular o meramente formal. En segundo lugar, desde hace tiempo se vienen denunciado por parte de gremios y artistas las prácticas contractuales adoptadas por la industria y que terminan por desnaturalizar el sentido de la norma. Estas incluyen la imposición de cláusulas contractuales que establecen condiciones económicas desfavorables o derechamente abusivas para los artistas nacionales, tales como la exigencia de devolución de ingresos o la cesión de derechos en términos que no guardan relación con los estándares razonables de la industria. Esto es algo que ocurre frecuentemente en la práctica, y existen varios ejemplos en que se ha vulnerado el espíritu de la norma. Un caso ampliamente conocido es el del artista Alex Anwandter, quien a ﬁnales de 2024 declinó de participar como telonero en un concierto del artista internacional The Weeknd en Chile, luego de que se le impusieran condiciones que incluían la devolución del 50% de sus ingresos por derechos de autor 1 . Este tipo de situaciones —un reportaje de The Clinic registra al menos 11 casos 2 — evidencian cómo una obligación concebida par",,,,pending,
18269-01,18948,2026-05-13,parlamentario,01,"Establece medidas de prevención y control de riesgos asociados a perros salvajes o ferales, en la seguridad de las personas, el ganado y la fauna silvestre",ingreso_proyecto,rica,8878,"ANTECEDENTES El impacto de perros que han vuelto a una condición silvestre representa una amenaza para la biodiversidad. Se trata de perros ferales que han perdido todo contacto con el hombre, desarrollando una conducta predatoria que afecta gravemente los ecosistemas. Según la literatura cientíﬁca, viven en estado salvaje y libre, y evitan continuamente el contacto humano directo1. En dichas circunstancias, conservan instintos depredadores sobre fauna silvestre y ganado adoptando estrategias de supervivencia que tienden a la vida en grupo, la territorialidad y a un alto grado de ﬂexibilidad ecológica2, por lo que pueden adaptarse a distintas condiciones, ambientes y recursos. Como se aprecia, el comportamiento de estos canes diﬁere absolutamente de la naturaleza de mascotas y animales de compañía cuyas características son aﬁnes a la convivencia doméstica, cumpliendo un rol relevante en la dinámica familiar y afectiva de muchos hogares. En rigor, los perros salvajes o ferales constituyen un riesgo no solo para la vida y la integridad de las personas y de especies protegidas, sino que para toda la cadena productiva del campo a raíz de que habitualmente atacan animales, como ovinos y bovinos, que son indispensables para la producción de alimentos y materias primas. 1 L. BOITANI & P . CIUCCI (1995). “Comparative social ecology of feral dogs and wolves”. Ethology Ecology & Evolution 7: 49-72, pág. 52. 2 Ibid., pág. 65. 13-05-2026 12:09 Por ello, los perjuicios económicos vinculados a este problema comprometen el sustento de pequeños y medianos productores, especialmente de la zona sur del país, quienes -por lo general- no cuentan con el presupuesto suﬁciente para cubrir las pérdidas. Cabe mencionar que la crianza de ganado es una actividad de gran relevancia para la agricultura familiar campesina. En efecto, de acuerdo con el Censo Silvoagropecuario de 2021, la ganadería prevalece como principal rubro en el 28% de las unidades silvoagropecuarias, generando la mayor proporción de ingresos dentro de los predios3. Al respecto, el Servicio Agrícola y Ganadero (SAG) reveló que existen más de 4.750 denuncias por ataque de carnívoros entre 2012 y 2026, de las cuales 888 corresponden a incidentes asociados a perros (19% del total)4. Asimismo, los ataques al ganado ovino han ido aumentando de manera sostenida en el tiempo. En 2021, se registraron 39 casos; en 2022 esa cifra se elevó a 41; mientras que al año siguiente se observó una fuerte tendencia al alza, pasando de 161 episodios en 2023 a 259 en 20245. Sin embargo, la ocurrencia de estos hechos probablemente supe",,,,pending,
18255-31,18918,2026-05-18,ejecutivo,31,Establece un beneficio de compensación por la compra de pañales y de medicamentos,texto_mensaje,rica,26085,"MENSAJE DE S.E. EL PRESIDENTE DE LA REPÚBLICA CON EL QUE INICIA UN PROYECTO DE LEY QUE ESTABLECE UN BENEFICIO DE COMPENSACIÓN POR LA COMPRA DE PAÑALES Y DE MEDICAMENTOS. Santiago, 15 de mayo de 2026. MENSAJE Nº 042-374/ Honorable Cámara de Diputados: En uso de mis facultades constitucionales, tengo el honor de someter a vuestra consideración un proyecto de ley que establece un beneficio de compensación, equivalente al reembolso del Impuesto al Valor Agregado, por la adquisición de pañales y de medicamentos efectuada por los hogares pertenecientes al ochenta por ciento más vulnerable de la población. La iniciativa busca aliviar la carga económica que representa para estos hogares la compra recurrente de bienes esenciales para el cuidado infantil, para el cuidado de personas mayores con dependencia y para el tratamiento de patologías de uso permanente. FUNDAMENTOS Los gastos asociados a pañales -tanto para niños y niñas en sus primeros años de vida como para personas mayores con necesidades de cuidado- y de medicamentos de uso permanente, constituye una erogación recurrente e ineludible para las familias. A diferencia de otros gastos, estos no admiten postergación, y representan una carga proporcionalmente mayor sobre el presupuesto de los hogares de menores ingresos y de clase media. El cambio demográfico que atraviesa nuestro país no hace sino profundizar esta realidad. En Chile existen aproximadamente 2,8 millones de personas mayores de 65 años, de las cuales al menos un 10% o más presentan condiciones de incontinencia urinaria u otras que requieren el uso habitual de pañales. En mayoría de los casos, su cuidado recae en personas cuidadoras no remuneradas. En lo que respecta a la primera infancia, las familias con niños y niñas menores de dos años destinan una proporción importante de su ingreso disponible a la compra mensual de este producto. La presente iniciativa extiende el beneficio a quienes pertenecen al 80% más vulnerable de la población, que es precisamente donde el impacto de estos gastos resulta más gravoso. El diseño del beneficio descansa en tres definiciones de política pública. En primer lugar, su estructura como reembolso del Impuesto al Valor Agregado, con un tope referencial calculado sobre una canasta mensual de consumo, mantiene la neutralidad del régimen tributario y evita modificar las reglas generales impositivas. En segundo lugar, su entrega exige boleta electrónica y, según corresponda, receta o certificado médico vigente, y se materializa mediante transferencia al Bolsillo Familiar Electrónico, promoviendo así la formalización ",,,,pending,
18256-10,18919,2026-05-18,ejecutivo,10,"Aprueba el Acuerdo entre la República de Chile y la República Helénica sobre el empleo remunerado de dependientes de miembros de una misión diplomática o representación consular, suscrito en Santiago, el 24 de abril de 2024",texto_mensaje,rica,5211,"MENSAJE DE S.E. EL PRESIDENTE DE LA REPÚBLICA CON EL QUE INICIA UN PROYECTO DE ACUERDO QUE APRUEBA EL “ACUERDO ENTRE LA REPÚBLICA DE CHILE Y LA REPÚBLICA HELÉNICA SOBRE EL EMPLEO REMUNERADO DE DEPENDIENTES DE MIEMBROS DE UNA MISIÓN DIPLOMÁTICA O REPRESENTACIÓN CONSULAR”, SUSCRITO EN SANTIAGO, EL 24 DE ABRIL DE 2024. __________________________________ Santiago, 27 de abril de 2026 M E N S A J E Nº 021-374/ A S.E. EL PRESIDENTE DE LA H. CÁMARA DE DIPUTADOS. Honorable Cámara de Diputados: En uso de mis facultades constitucionales, tengo el honor de someter a vuestra consideración el “Acuerdo entre la República de Chile y la República Helénica sobre el Empleo Remunerado de Dependientes de Miembros de una Misión Diplomática o Representación Consular”, suscrito en Santiago, el 24 de abril de 2024. ANTECEDENTES Y FUNDAMENTOS El Acuerdo con la Republica Helénica obedece al interés de las Partes por permitir el libre ejercicio de actividades remuneradas, sobre la base de un trato recíproco, a los familiares dependientes de los miembros de misiones diplomáticas y representaciones Consulares oficialmente acreditados en la otra Parte. ESTRUCTURA Y CONTENIDO DEL TRATADO El presente Acuerdo consta de un Preámbulo y de 9 Artículos, donde se despliegan las normas que conforman su cuerpo principal y dispositivo. En primer término, en el Preámbulo, se da cuenta del interés de las Partes de celebrar el Acuerdo con miras a facilitar la realización de actividades remuneradas por los familiares dependientes de sus funcionarios oficiales. A continuación, el Artículo 1 precisa el significado de “miembro de una misión diplomática o representación consular”, siguiendo las definiciones de la Convención de Viena sobre Relaciones Diplomáticas de 1961 y la Convención de Viena sobre Relaciones Consulares de 1963. También define lo que debe entenderse por “dependiente” que incluye a los cónyuges, a parejas registradas o convivientes civiles, los hijos solteros menores de 20 años o menores de 25 si son alumnos regulares en establecimientos de educación superior, y los hijos solteros con discapacidad física o mental. Finalmente, el mismo Artículo define el concepto de “empleo remunerado”, entendiéndose como cualquier actividad laboral dependientes que implique la percepción de un sueldo en virtud de un contrato de trabajo en conformidad con la legislación del Estado receptor. El Artículo 2 indica que el desempeño del empleo remunerado debe ser realizado en conformidad con la legislación del Estado receptor y con sujeción a las disposiciones del presente Acuerdo. Mientras que el párrafo 2",,,,pending,
18258-07,18921,2026-05-18,ejecutivo,07,"Modifica la ley N°18.415, orgánica constitucional de los estados de excepción, en materia de control de identidad y otros",texto_mensaje,rica,10742,"MENSAJE DE S.E. EL PRESIDENTE DE LA REPÚBLICA CON EL QUE INICIA UN PROYECTO DE LEY QUE MODIFICA LA LEY N°18.415, ORGÁNICA CONSTITUCIONAL DE LOS ESTADOS DE EXCEPCIÓN, EN MATERIA DE CONTROL DE IDENTIDAD Y OTROS. Santiago, 18 de mayo de 2026 M E N S A J E Nº 044-374/ A S.E. EL PRESIDENTE DE LA H. CÁMARA DE DIPUTADOS. Honorable Cámara de Diputados: En uso de mis facultades constitucionales, he resuelto someter a vuestra consideración el presente proyecto de ley, que modifica la ley N°18.415, orgánica constitucional de los estados de excepción, en materia de control de identidad y otros. ANTECEDENTES De conformidad con lo establecido en el artículo 1° de la Constitución Política de la República, es deber del Estado resguardar la seguridad nacional, dar protección a la población y a la familia. Este deber constitucional es un presupuesto necesario para el cumplimiento de uno de los principales fines del Estado, cual es promover el bien común. Por ello, está llamado a generar las condiciones que permitan a las personas desarrollarse en un contexto de seguridad, paz social y resguardo efectivo del orden público. En dicho contexto, los estados de excepción constitucional son mecanismos extraordinarios destinados a enfrentar situaciones que afectan gravemente el normal desenvolvimiento del país o de un territorio determinado, permitiendo adoptar medidas excepcionales orientadas al restablecimiento de la normalidad constitucional y la protección de la población. En aquellas zonas del territorio nacional que se encuentran bajo estado de excepción constitucional, especialmente las afectadas por hechos graves de violencia o alteración del orden público, el despliegue de las Fuerzas Armadas ha demostrado ser eficaz para colaborar en las labores de resguardo y control territorial. Con todo, la experiencia acumulada ha evidenciado la necesidad de dotar a dichas instituciones de mayores herramientas para el cumplimiento de tales funciones. La reforma constitucional introducida por la ley N° 21.542 facultó al Presidente de la República disponer de las Fuerzas Armadas con el objeto de proteger infraestructura crítica. Dicha potestad, ejercida desde el año 2023 para el resguardo de la frontera norte del país, ha contribuido de manera significativa en la mantención del orden público, gracias a la habilitación normativa para el despliegue de acciones propias de la labor policial, tales como el control de identidad, el registro y la detención en caso de flagrancia. Sin embargo, dicha habilitación no resulta aplicable durante la vigencia de un estado de excepción constitucional ",,,,pending,
18259-08,18922,2026-05-18,ejecutivo,08,"Modifica el Código de Minería y las leyes números 21.420 y 21.649, en materia de amparo minero y otras materias que indica",texto_mensaje,rica,21023,"MENSAJE DE S.E. EL PRESIDENTE DE LA REPÚBLICA CON EL QUE INICIA UN PROYECTO DE LEY QUE MODIFICA EL CÓDIGO DE MINERÍA Y LAS LEYES N° 21.420 y N° 21.649, EN MATERIA DE AMPARO MINERO Y OTRAS MATERIAS QUE INDICA. Santiago, 18 de mayo de 2026. M E N S A J E Nº 039-374/ Honorable Cámara de Diputados: A S.E. EL PRESIDENTE DE LA H. CÁMARA DE DIPUTADOS En uso de mis facultades constitucionales, tengo el honor de someter a vuestra consideración un proyecto de ley que modifica el Código de Minería y las leyes N°21.420 y N° 21.649, en materia de amparo minero y otras materias que indica. Antecedentes Generales El impulso de la actividad minera es fundamental para mejorar la economía del país, generar empleo y oportunidades, dentro del marco que el ordenamiento jurídico nos permite. Lo anterior ha llevado a revisar la situación actual del amparo minero, considerando su objeto y la forma que permite a los concesionarios mineros cumplir con el interés público que conlleva el desarrollo de la actividad minera. MARCO JURÍDICO El estatuto jurídico minero se encuentra regulado en el artículo 19 N°24 incisos 6° al 10° de la Constitución Política de la República, en la ley N°18.097, orgánica constitucional sobre concesiones mineras, el Código de Minería de 1983 y el Reglamento del Código de Minería de 1986. A nivel constitucional, la Carta Fundamental establece que el Estado es el dueño absoluto, exclusivo, inalienable e imprescriptible de todas las minas. Las sustancias minerales de su dominio se clasifican en concesibles y no concesibles. Las primeras pueden ser aprovechadas tanto por las empresas del Estado, en la medida que sus respectivas leyes orgánicas lo autoricen, como por particulares —personas naturales o jurídicas—, mediante concesiones mineras de exploración y de explotación, constituidas por resolución judicial de conformidad con lo dispuesto en el Código de Minería. La Ley Orgánica de Concesiones Mineras, por mandato constitucional, establece cuáles son los derechos y obligaciones que tienen los concesionarios mineros, la duración de las concesiones y sus causales de caducidad y extinción. Sin perjuicio de lo anterior, la Constitución dispone en el artículo 19 N°24 inciso 7° que “la concesión minera obliga al dueño a desarrollar la actividad necesaria para satisfacer el interés público que justifica su otorgamiento”. Además, establece que “su régimen de amparo será establecido por dicha ley, tenderá directa o indirectamente a obtener el cumplimiento de esa obligación (…)”. De este modo, la Carta Fundamental establece la obligación de amparo de las concesiones ",,,,pending,
18285-05,18958,2026-05-18,parlamentario,05,Modifica los cuerpos legales que indica para fortalecer la publicidad y transparencia en materia de modificación presupuestaria,ingreso_proyecto,rica,8059,"Fundamentos Durante los primeros meses del actual gobierno, se han conocido de manera fragmentada y a través de los medios nacionales de comunicación, distintos decretos de modificación presupuestaria dictados por el Ministerio de Hacienda, con relevantes reducciones de recursos en el presupuesto de ministerios como Desarrollo Social y Familia o Justicia y Derechos Humanos, destinados a programas sociales y a financiar instituciones esenciales del Estado como Gendarmería. Estas modificaciones presupuestarias han generado preocupación por sus eventuales efectos sobre el empleo público y los equipos ejecutores, la continuidad, cobertura y funcionamiento de estas políticas y por el destino de sus usuarios. A la fecha, no es posible conocer íntegramente el contenido de estas modificaciones, los montos involucrados, el alcance de los programas afectados ni los fundamentos de las decisiones adoptadas. La situación dificulta el acceso público a la información sobre decisiones administrativas de alta relevancia para la ejecución y el uso de recursos fiscales y para la provisión de programas públicos. Constituye una vulneración del principio de publicidad de los actos de la Administración del Estado consagrado en el inciso segundo del artículo 8° de la Constitución Política de la República de Chile, que establece que son públicos los actos y resoluciones de los órganos del Estado, así como sus fundamentos y los procedimientos que utilicen. Dicho 18-05-2026 20:05 principio es una de las bases esenciales del Estado democrático y del control ciudadano sobre el ejercicio de la función pública. La Ley N° 20.285 sobre Acceso a la Información Pública, en su artículo 5, profundiza dicho principio, indicando que también es pública la información elaborada con presupuesto público y toda otra información que obre en poder de los órganos de la Administración, cualquiera sea su formato, soporte, fecha de creación, origen, clasificación o procesamiento, a menos que esté sujeta a las excepciones previstas en una ley aprobada con quórum calificado. Asimismo, el artículo 13 de la Ley N° 18.575, Orgánica Constitucional de Bases Generales de la Administración del Estado, dispone que la función pública debe ejercerse con transparencia, promoviendo el conocimiento de los procedimientos, contenidos y fundamentos de las decisiones adoptadas por la Administración. Las modificaciones presupuestarias constituyen actos administrativos de especial relevancia pública, toda vez que permiten alterar la distribución de los recursos fiscales aprobada por el Congreso Nacional, sin su concurrencia",,,,pending,
18278-13,18955,2026-05-20,parlamentario,13,"Sanciona las acusaciones falsas en materia laboral, y modifica el Código Penal y el Código del Trabajo del modo que indica",ingreso_proyecto,rica,5488,"Boletín N° 18.278-13 Proyecto de ley, iniciado en Moción de los Honorables Senadores señor Lee, señoras Gatica y Kaiser, y señores Bianchi y Calisto, que sanciona las acusaciones falsas en materia laboral, y modifica el Código Penal y el Código del Trabajo del modo que indica. FUNDAMENTOS La presunción de inocencia (Art. 19 N° 3 CPR) y el derecho a la honra (Art. 9 N° 4 CPR) no son prerrogativas exclusivas del trabajador; pertenecen a toda persona que intervenga en un proceso judicial. En el proceso laboral, la inversión de la carga de la prueba o la técnica de los indicios (Art. 493 CT) se ha transformado en un incentivo perverso para la creación de relatos fácticos artificiales que el demandado, muchas veces, se ve imposibilitado de desvirtuar fehacientemente, generando condenas basadas en presunciones sin sustento real. Se ha constatado un aumento exponencial en el uso de la denuncia por acoso laboral (Ley Karin) o vulneración de derechos fundamentales como mecanismo preventivo ante despidos inminentes por bajo desempeño. Esta práctica no solo congestiona los tribunales, sino que estigmatiza a las jefaturas y equipos de trabajo. El ordenamiento actual sanciona la falta de motivo plausible solo con recargos indemnizatorios para el empleador (Art. 168 CT), pero deja en la absoluta impunidad al denunciante que miente delibera damente, quien suele terminar la gestión con su indemnización base intacta a pesar de haber lesionado la honra ajena. La falsa denuncia en el trabajo actúa como un agente corrosivo del clima organizacional. A diferencia del ámbito familiar, donde se habla de violencia vicaria, en el trabajo se produce una ""persecución estratégica"" que utiliza el aparato estatal para extorsionar acuerdos económicos por sobre los límites legales. Esto afecta especialmente a las pequeñas y medianas empresas que carecen de los medios de defensa de las corporaciones y cuyos dueños ven destruido su prestigio personal en la comunidad por imputaciones temerarias. Esta reforma no busca desincentivar la denuncia legítima. Al contrario, al limpiar el sistema de denuncias instrumentales, se garantiza que los recursos judiciales se concentren en las verdaderas víctimas. Se introduce un estándar de dolo o culpa grave, asegurando que el error de buena fe no sea sancionado, sino solo la malicia manifiesta. PROYECTO DE LEY Artículo 1 o. Objeto. La presente ley tiene por objeto garantizar el respeto irrestricto a la presunción de inocencia y a la igualdad de armas en el proceso laboral, sancionando la instrumentalización del sistema de justicia mediante denuncias, de",,,,pending,
18280-21,18956,2026-05-31,parlamentario,21,"Modifica la ley N°21.069, que crea el Instituto Nacional de Desarrollo Sustentable de la Pesca Artesanal y de la Acuicultura de Pequeña Escala, Indespa, en lo relativo a la manera de regular el periodo de inscripción y postulación a beneficios que indica",ingreso_proyecto,rica,19881,"FUNDAMENTOS La Ley N° 21.370, publicada en el Diario Oficial con fecha 18 de agosto de 2021, introdujo modificaciones sustantivas a la Ley General de Pesca y Acuicultura (cuyo texto refundido, coordinado y sistematizado fue fijado por el Decreto Supremo N° 430, de 1991, del Ministerio de Economía, Fomento y Turismo) con el declarado propósito de promover la equidad de género en el sector pesquero y acuícola. Entre sus innovaciones más relevantes, la ley incorporó al artículo 2 del referido texto legal un nuevo numeral 28 bis), que define las denominadas ""actividades conexas a la pesca artesanal"" como aquellas que, sin constituir propiamente actividades pesqueras artesanales, resultan indispensables para las faenas de la pesca artesanal. El catálogo legal comprende, de manera no taxativa, a encarnadoras y encarnadores, charqueadoras y charqueadores, ahumadoras y ahumadores, tejedoras y tejedores, fileteadoras y fileteadores, carapacheras y carapacheros, y desconchadoras y desconchadores. Junto con este reconocimiento definitorio, la ley dispuso la creación de un Registro Nacional de Actividades Conexas a cargo del Servicio Nacional de Pesca y Acuicultura, instrumento que debiera operar conforme a las reglas que fijara la autoridad competente mediante la normativa reglamentaria correspondiente. El problema jurídico central que motiva el presente proyecto radica en que la Ley N° 21.370 no fijó un plazo determinado para la dictación del reglamento que debía regular el funcionamiento del Registro de Actividades Conexas. A diferencia de lo que ocurre con otras leyes del ordenamiento jurídico chileno —que frecuentemente establecen plazos de seis meses, un año o períodos específicos para la dictación de sus reglamentos, y en algunos casos incluso condicionan la entrada en vigencia de la propia ley a la publicación de dicha normativa complementaria—, la Ley N° 21.370 guardó silencio sobre este aspecto. Esta omisión no es meramente formal: tiene consecuencias jurídicas profundas, toda vez que la ausencia de un plazo deja a la discrecionalidad del Ejecutivo la oportunidad de la dictación del reglamento, sin que exista un mecanismo legal de apremio o un instrumento procesal eficaz para compeler su dictación oportuna. 31-05-2026 16:33 2 A la fecha, han transcurrido más de cuatro años y medio desde la publicación de la Ley N° 21.370, sin que el Presidente de la República haya dictado el reglamento que la ley manda. Esta situación constituye lo que la doctrina administrativista denomina una ""omisión reglamentaria"", fenómeno que se produce cuando el Ejecutivo incumple e",,,,pending,
18286-03,18962,2026-06-02,ejecutivo,03,"Modifica la ley N° 19.799, sobre documentos electrónicos, firma electrónica y servicios de certificación de dicha firma, y otros cuerpos legales relacionados",texto_proyecto,rica,26149,"MENSAJE DE S.E. EL PRESIDENTE DE LA REPÚBLICA CON EL QUE INICIA UN PROYECTO DE LEY QUE MODIFICA LA LEY N°19.799, SOBRE DOCUMENTOS ELECTRÓNICOS, FIRMA ELECTRÓNICA Y SERVICIOS DE CERTIFICACIÓN DE DICHA FIRMA Y OTROS CUERPOS LEGALES QUE INDICA. _____________________________________ Santiago, 2 de junio de 2026 MENSAJE Nº 058-374/ A S.E. EL PRESIDENTE DE LA H. CÁMARA DE DIPUTADOS Honorable Cámara de Diputados: Tengo el honor de someter a vuestra consideración un proyecto de ley que modifica la ley N°19.799, sobre documentos electrónicos, firma electrónica y servicios de certificación de dicha firma y otros cuerpos legales relacionados. ANTECEDENTES La ley N°19.799, sobre documentos electrónicos, firma electrónica y servicios de certificación de dicha firma, consagró en el ordenamiento jurídico nacional el principio de equivalencia entre los actos y contratos celebrados por medios electrónicos y aquellos otorgados en soporte de papel, habilitando el desarrollo progresivo de la contratación electrónica y la digitalización de procesos. En el mismo sentido, la entrada en vigencia de la ley N°21.582, que suprime o modifica la intervención de notarios en trámites, actuaciones y gestiones determinadas, representó un avance significativo en materia de simplificación administrativa. Esta normativa eliminó o modificó la intervención notarial en diversos trámites y reconoció la utilización de la firma electrónica avanzada como mecanismo alternativo en múltiples ámbitos sectoriales. En particular, estableció que los organismos del Estado no podrán exigir autorizaciones notariales de firmas —ya sea en documentos en soporte papel o electrónico — para la ejecución de trámites que deban realizarse ante éstos, salvo que una norma legal o reglamentaria lo requiera expresamente. En una línea concordante, la ley N°21.772, que modifica el sistema registral y notarial en sus aspectos orgánicos y funcionales, de reciente entrada en vigencia, estableció la obligación de los notarios de contar con firma electrónica avanzada. No obstante estos avances, la evolución tecnológica y la práctica jurídica han puesto de manifiesto la subsistencia de barreras prácticas y normativas que dificultan el uso masivo de herramientas digitales en las relaciones entre privados, especialmente en aquellos casos en que la intervención de un notario u otro ministro de fe tiene por único objeto la autorización o certificación de firmas, lo que se traduce en una disminución de potenciales contrataciones electrónicas. Los antecedentes disponibles muestran que Chile cuenta con condiciones tecnológicas favora",,,,pending,
18318-19,18996,2026-06-02,parlamentario,19,"Establece un estatuto de responsabilidad algorítmica y protección digital de niños, niñas y adolescentes",ingreso_proyecto,rica,38369,"18318-19 PERIODO LEGISLATIVO 2026-2030 LEGISLATURA 374 Establece un estatuto de responsabilidad algorítmica y protección digital de niños, niñas y adolescentes SESIÓN N° 31 PRIMER TRÁMITE CONST. FECHA 09-06-2026 SEGUNDO TRÁMITE CONST. (S) 01.- AGRICULTURA, SILVICULTURA Y DESARROLLO RURAL 02.- DEFENSA NACIONAL 03.- ECONOMÍA, FOMENTO; MICRO, PEQUEÑA Y MEDIANA EMPRESA PROTECCIÓN DE LOS CONSUMIDORES Y TURISMO 04.- EDUCACIÓN 05.- HACIENDA 06.- GOBIERNO INTERIOR, NACIONALIDAD, CIUDADANÍA Y REGIONALIZACIÓN 07.- CONSTITUCIÓN, LEGISLACIÓN, JUSTICIA Y REGLAMENTO 08.- MINERÍA Y ENERGÍA 09.- OBRAS PÚBLICAS 10.- RELACIONES EXTERIORES, ASUNTOS INTERPARLAMENTARIOS E INTEGRACIÓN LATINOAMERICANA 11.- SALUD 12.- MEDIO AMBIENTE Y RECURSOS NATURALES 13.- TRABAJO Y SEGURIDAD SOCIAL 14.- VIVIENDA, DESARROLLO URBANO 15.- TRANSPORTES Y TELECOMUNICACIONES 16.- RÉGIMEN INTERNO Y ADMINISTRACIÓN 17.- DERECHOS HUMANOS Y PUEBLOS ORIGINARIOS 18.- LA FAMILIA 19.- CIENCIAS Y TECNOLOGÍA 20.- BIENES NACIONALES 21.- PESCA, ACUICULTURA E INTERESES MARÍTIMOS 22.- DE EMERGENCIA, DESASTRES Y BOMBEROS 24.- CULTURA, ARTES Y COMUNICACIONES 25.- SEGURIDAD CIUDADANA 27.- ZONAS EXTREMAS Y ANTÁRTICA CHILENA 29.- DEPORTES Y RECREACIÓN 31.- DESARROLLO SOCIAL, SUPERACIÓN DE LA POBREZA Y PLANIFICACIÓN 33.- RECURSOS HÍDRICOS Y DESERTIFICACIÓN 34.- MUJERES Y EQUIDAD DE GÉNERO COMISIÓN DE HACIENDA, EN LO PERTINENTE. COMISIÓN MIXTA. COMISIÓN ESPECIAL MIXTA DE PRESUPUESTOS. EXCMA. CORTE SUPREMA, EN LO PERTINENTE. OTRA: 1 PROYECTO DE LEY QUE ESTABLECE UN ESTATUTO DE RESPONSABILIDAD ALGORÍTMICA Y PROTECCIÓN DIGITAL DE NIÑAS, NIÑOS Y ADOLESCENTES I. UN FENÓMENO SIN PRECEDENTES EN LA HISTORIA DE LA INFANCIA Ninguna generación anterior de niñas, niños y adolescentes ha sido expue sta, desde edades tan tempranas a entornos diseñados por ingenieros y psicólogos para capturar y retener su atención de forma compulsiva. Las plataformas de redes sociales y otros servicios digitales de interacción social no son t ecnologías neutras: son productos construidos sobre modelos de negocio que monetizan el tiempo de atención del usuario y que, para maximizar ese tiempo recurren a mecanismos de enganche que explotan vulnerabilidades cognitivas y emocionales. Esta realidad afecta a todos los usuarios, pero sus efectos son cualitativamente distintos y más graves en cerebros que aún no han completado su desarrollo. La corteza pre frontal , responsable del autocontrol, la regulación emocional y la capacidad de postergar gratific aciones, no alcanza su maduración plena hasta aproximadamente los veinticinco años 1. Es precisamente esa",,,,pending,
18296-05,18974,2026-06-03,ejecutivo,05,Autoriza mayor endeudamiento del gobierno central durante el año 2026,texto_mensaje,rica,9746,"MENSAJE DE S.E. EL PRESIDENTE DE LA REPÚBLICA CON EL QUE INICIA EL PROYECTO DE LEY QUE AUTORIZA MAYOR ENDEUDAMIENTO DEL GOBIERNO CENTRAL DURANTE EL AÑO 2026. _______________________________ Santiago, 3 de junio de 2026 MENSAJE N° 061-374/ A S.E. EL PRESIDENTE DE LA H. CÁMARA DE DIPUTADOS Honorable Cámara de Diputados: Tengo el honor de someter a vuestra consideración un proyecto de ley que autoriza al Presidente de la República para contraer obligaciones adicionales durante el año 2026, con el objeto de atender las necesidades de financiamiento derivadas de la actualización del escenario fiscal del presente ejercicio y fortalecer la gestión financiera del Gobierno Central. ANTECEDENTES La Ley N° 21.796, de Presupuestos del Sector Público para el año 2026, autorizó en su artículo 3° al Presidente de la República para contraer obligaciones, en el país o en el exterior, en moneda nacional o extranjera, hasta por la cantidad de US$17.400 millones, por concepto de endeudamiento. Dicha autorización fue determinada sobre la base de las proyecciones macroeconómicas y fiscales disponibles al momento de la formulación y aprobación de la Ley de Presupuestos. En particular, tal como se presentó en el Informe de Finanzas Públicas del tercer trimestre de 2025 que acompañó la discusión del proyecto de ley de presupuestos, proyectó un déficit efectivo del Gobierno Central de aproximadamente $5,2 billones durante el año 2026, equivalente a 1,5% del producto interno bruto y un tipo de cambio promedio estimado de $958 por dólar de los Estados Unidos de América para igual período. La autorización de endeudamiento aprobada por el Congreso Nacional resultó consistente con las necesidades de financiamiento estimadas para el ejercicio presupuestario 2026 conforme a los antecedentes disponibles al momento de su discusión y aprobación. Con posterioridad a la entrada en vigencia de la Ley de Presupuestos, el Ministerio de Hacienda y la Dirección de Presupuestos efectuaron una revisión integral de las perspectivas macroeconómicas y fiscales para el presente ejercicio, cuyos resultados fueron presentados en el Informe de Finanzas Públicas correspondiente al primer trimestre de 2026. Dicha actualización permitió identificar una situación fiscal más exigente que la considerada durante la formulación presupuestaria, tanto de ingresos como de gastos del Gobierno Central. En materia de ingresos fiscales, la actualización incorporó un ajuste prudencial a las proyecciones de recaudación, especialmente respecto de los rendimientos esperados de la ley N° 21.713, sobre Cumplimiento de las Obl",,,,pending,
18301-10,18989,2026-06-04,ejecutivo,10,"Aprueba el Convenio de Transporte Aéreo entre el Gobierno de la República de Chile y el Gobierno de la República de Costa Rica, suscrito en Lima, Perú, el 13 de diciembre de 2023",texto_proyecto,rica,13829,"MENSAJE DE S.E. EL PRESIDENTE DE LA REPÚBLICA CON EL QUE INICIA UN PROYECTO DE ACUERDO QUE APRUEBA EL “CONVENIO DE TRANSPORTE AÉREO ENTRE EL GOBIERNO DE LA REPÚBLICA DE CHILE Y EL GOBIERNO DE LA REPÚBLICA DE COSTA RICA”, SUSCRITO EN LIMA, PERÚ, EL 13 DE DICIEMBRE DE 2023. Santiago, 27 de mayo de 2026 MENSAJE Nº 046-374/ Honorable Cámara de Diputados: A S.E. EL PRESIDENTE DE LA H. CÁMARA DE DIPUTADOS En uso de mis facultades constitucionales, tengo el honor de someter a vuestra consideración el “Convenio de Transporte Aéreo entre el Gobierno de la República de Chile y el Gobierno de la República de Costa Rica”, suscrito en Lima, Perú, el 13 de diciembre de 2023. ANTECEDENTES El Convenio de Transporte Aéreo con el Gobierno de la República de Costa Rica (en adelante el “Convenio”) corresponde al tipo de acuerdo bilateral de transporte aéreo de cielos abiertos, cuya celebración obedece a la política aerocomercial impulsada por Chile desde hace varias décadas con el fin de conseguir la mayor apertura de derechos de tráfico con los demás países y así lograr los objetivos que orientan dicha política, esto es, el libre ingreso a los mercados, la libertad tarifaria y la mínima intervención de la autoridad en materia económica. ESTRUCTURA Y CONTENIDO DEL CONVENIO El Convenio consta de un preámbulo, en el cual las Partes Contratantes dan cuenta de las consideraciones y propósitos que tuvieron a la vista para celebrarlo y de veintiún artículos. Preámbulo En el Preámbulo, las Partes Contratantes declaran que desean promover un transporte aéreo internacional basado en la competencia entre aerolíneas con mínima intervención gubernamental, facilitando así su expansión, ofreciendo a los usuarios opciones variadas y tarifas más bajas, estimulando la implementación de tarifas innovadoras y competitivas sin que ellas sean discriminatorias o representen abuso de poder dominante. En el articulado se tratan las materias que se señalan a continuación. Definiciones (artículo 1) Contiene la definición de trece conceptos del Convenio, con el objeto de facilitar su comprensión e interpretación. Estos son: “Autoridades Aeronáuticas”, “Convenio”, “Transporte Aéreo”, “Convención”, “Línea aérea designada”, “Tarifas”, “Transporte aéreo internacional”, “Escala para fines no comerciales” “Territorio”, “Cargos al usuario”, “Código Compartido"", “Enmiendas al anexo” y “OACI”. Concesión de derechos (artículo 2) Establece que cada Parte Contratante concede a la otra Parte los siguientes derechos para la operación de servicios de transporte aéreo por las compañías aéreas designadas de la otra P",,,,pending,
18294-15,18997,2026-06-05,parlamentario,15,"Modifica la ley N°18.290, de Tránsito, para eximir en todos los casos el pago de peaje a los cuerpos de bomberos",ingreso_proyecto,rica,3816,"Antecedentes Entre 2014 y 2015 se presentaron una serie de iniciativas legislativas que buscaban asegurar el libre tránsito de los vehículos de emergencia . Tras esto, en abril de 2016 se promulgó l a ley N° 20.908 que modifica la Ley de Concesiones de Obras Públicas para eximir del pago de peaje a los vehículos de emergencia durante el ejercicio de sus funciones. Esta ley establece que “estarán exentos del pago de peaje, ya sea en forma manual, con sistema automático o de telepeaje, los vehículos de emergencia definidos en el número 43) del artículo 2° de la ley N° 18.290, de Tránsito, cuyo texto refundido, coordinado y sistematizado fue fijado por el decreto con fuerza de ley N°1, de 2007, de los Ministerios de Transportes y Telecomunicaciones y de Justicia, cuando se encuentren cubriendo una situación de tal naturaleza”. Ninguna persona o entidad, bajo ninguna circunstancia, podrá impedir u obstaculizar el paso del vehículo ni cuestionar la emergencia en la que esté incurriendo. Si bien la promulgación de esta ley significó un importante avance, no es suficiente, pues la excepción del cobro solo incurre cuando dichos vehículos se encuentran en una emergencia , es decir, c on la baliza encendida . Así, para el traslado de los vehículos correspondientes para su mantención o eventos específicos, se realiza el cobro de peaje normal. 05-06-2026 17:55 Para el caso específico del Cuerpo de Bomberos de Chile, lo anterior resulta un problema significativo, pues solo el tránsito de sus vías genera gastos operacionales para los vehículos en razón del Telepeaje para Acceso a Autopistas Urbanas (TAG) y, pese a que el traslado de estos para eventos no considerados como emergencia son menores en su comparativa, incurre igualmente en gastos que deben ser atendidos por la Institución. Si bien se han realizado esfuerzos desde los distintos gobiernos y el Congreso Nacional para disminuir los gastos operacionales en los que incurren los Cuerpos de Bomberos y atender una mejora en la captación de sus ingresos, aún se necesita abordar el problema de la falta de financiamiento de la institución, tras lo cual nace la necesidad de garantizar que no incurran en gastos adicionales que puedan afectar su capacidad operativa. Además de esto, el incumplimiento de la ley también resulta un problema para la institución. Año a año, cada vez que Chile enfrenta incendios forestales, somos testigos de noticias de peajes que impiden el paso a carros de Bomberos que se dirigen a ayudar en la labor de com bate con tra los incendios, lo que ha llevado incluso a conductores a romper la barrer",,,,pending,
18315-07,18991,2026-06-08,ejecutivo,07,Amplía las hipótesis de tráfico de migrantes y modifica los textos legales que indica,texto_proyecto,rica,10407,"MENSAJE DE S.E. EL PRESIDENTE DE LA REPÚBLICA CON EL QUE INICIA UN PROYECTO DE LEY QUE MODIFICA EL CÓDIGO PENAL PARA AMPLIAR LAS HIPÓTESIS DE TRÁFICO DE MIGRANTES. Santiago, 8 de junio de 2026 MENSAJE N° 053-374/ Honorable Cámara de Diputados: A S.E. EL PRESIDENTE DE LA H. CÁMARA DE DIPUTADOS Tengo el honor de someter a vuestra consideración un proyecto de ley que modifica el Código Penal para ampliar las hipótesis de tráfico de migrantes. ANTECEDENTES Según los datos del Censo elaborado en 2024, al 31 de julio de ese año residían en Chile 1.608.605 personas extranjeras, lo que representa un 8,8% de la población y un crecimiento del 115,5% respecto del Censo 2017. Las regiones con más residentes extranjeros proporcionalmente se concentran en el norte del país: Tarapacá, Antofagasta y Arica y Parinacota, seguidas por la Región Metropolitana. En esta línea, a partir del año 2017 el fenómeno migratorio en nuestro país experimentó un aumento significativo, en un contexto en que el régimen migratorio estaba regulado únicamente por el decreto N° 1.094, creado en 1975, el cual carecía del contenido y capacidad necesarios para hacer frente a su crecimiento exponencial. Al escenario anterior, se sumaron las complejidades en la consecución de permisos consulares desde 2019 y la pandemia de COVID-19 durante el año 2020, factores que influyeron en el aumento drástico de ingresos por pasos no habilitados a partir del año 2020. En efecto, la cantidad de denuncias de ingresos por pasos fronterizos no habilitados en Chile pasó de 6.310 en 2018 a 16.848 en 2020, y a 56.586 en 2021, es decir, aumentó en un 897% en tres años. Si bien dicha cifra ha ido en disminución luego de la entrada en vigencia de la ley N° 21.325 de Migración y Extranjería, ello ha ocurrido de manera paulatina, registrándose 26.275 denuncias de ingreso por pasos no habilitados en 2025. La situación descrita anteriormente se ha desarrollado de la mano con otro fenómeno relevante: el tráfico de migrantes. El delito de tráfico de migrantes fue incorporado al Código Penal el año 2011, y en la actualidad sanciona únicamente a quienes faciliten o promuevan la entrada ilegal de personas no nacionales o residentes al país, con ánimo de lucro. Sin embargo, la realidad del tráfico migratorio debe entenderse como un fenómeno amplio y complejo, compuesto de varias acciones que se desarrollan en conjunto. Ciertamente, este delito no se agota en la facilitación o promoción del ingreso irregular por la frontera, sino que se extiende a acciones posteriores o coetáneas al ingreso ilegal. En particular, el traslado y t",,,,pending,
18343-16,19023,2026-06-08,parlamentario,16,"Modifica el inciso segundo del artículo 355 del Reglamento de la Cámara de Diputados, con el objeto de aumentar el quorum de los acuerdos adoptados por la Comisión de Ética que apliquen sanciones por faltas a los deberes parlamentarios",ingreso_proyecto,rica,3764,"ANTECEDENTES La Comisión de Ética y Transparencia (en adelante, “la Comisión”) corresponde a una instancia de gran relevancia en el funcionamiento de la Cámara de Diputados, por cuanto ejerce la potestad disciplinaria respecto de eventuales incumplimientos de deberes parlamentarios tanto en ejercicio del cargo como también en otras actuaciones públicas fuera del ámbito de las funciones legislativas y fiscalizadoras. De acuerdo con lo dispuesto en el artículo 351 del Reglamento de la Corporación (en adelante “el Reglamento”), el procedimiento destinado al conocimiento de posibles vulneraciones al estatuto de obligaciones en materia de ética, probidad y transparencia puede iniciarse por requerimiento de cualquier diputado o de oficio, a petición de algún integrante de la Comisión. La presentación debe contener una relación circunstanciada de los hechos sobre los que se pide pronunciamiento, la indicación de las normas infringidas, junto con los antecedentes y pruebas que permitan sostener fundadamente las respectivas imputaciones. Como se aprecia, las disposiciones internas se ajustan a las normas del debido proceso al exigir que el requirente explique la forma en que una determinada acción u omisión 08-06-2026 14:03 podría configurarse como una transgresión a la ética parlamentaria, acompañando medios probatorios para acreditar las circunstancias fácticas de cada caso, donde la evaluación debe efectuarse de manera razonable y objetiva conforme a las reglas de la sana crítica, como mandata el artículo 349 del Reglamento. Lo anterior se encuentra estrechamente vinculado al principio de imparcialidad, cuya observancia constituye una premisa básica de cualquier procedimiento sancionatorio en que las decisiones adoptadas necesariamente deben responder a criterios objetivos sin sesgos que comprometan la neutralidad e independencia de quienes se encuentran a cargo de dictar la resolución final. Sin perjuicio de ello, en el último tiempo, la Comisión ha sido objeto de múltiples cuestionamientos a raíz de la manera en que ha abordado determinados conflictos, pues algunas actuaciones han generado dudas legítimas sobre la objetividad de sus pronunciamientos. Al respecto, cabe mencionar que el artículo 339 del Reglamento -en lo que interesa- dispone que la Comisión estará integrada por nueve miembros elegidos por la Sala a propuesta de los Comités Parlamentarios, la que deberá ser aprobada por los tres quintos de los diputados en ejercicio al comienzo de cada período legislativo. Agrega el referido precepto que la conformación se sujetará a la regla de proporcionalid",,,,pending,
18334-10,19012,2026-06-10,ejecutivo,10,"Aprueba la &quot;Enmienda del Artículo VI del Estatuto del Organismo Internacional de Energía Atómica&quot;, aprobada por la Conferencia General del Organismo, celebrada el 1 de octubre de 1999 en Viena, Austria",ingreso_proyecto,rica,9064,"Boletín N° 18.334-10 Mensaje de S.E. el Presidente de la República con el que inicia un proyecto de acuerdo por el que aprueba la ""enmienda del artículo VI del estatuto del Organismo Internacional de Energía Atómica (OIEA)"", aprobada por la conferencia general del organismo, celebrada el 1 de octubre de 1999 en Viena, Austria. Santiago, 18 de mayo de 2026 M E N S A J E Nº 022-374/ Honorable Senado: Tengo el honor de someter a vuestra consideración la ""Enmienda del Artículo VI del Estatuto del Organismo Internacional de Energía Atómica (OIEA)"", aprobada por la Conferencia General del Organismo, celebrada el 1 de octubre de 1999 en Viena, Austria. I. ANTECEDENTES La ""Enmienda del Artículo VI del Estatuto del Organismo Internacional de Energía Atómica (OIEA)"", fue aprobada por la Conferencia General del Organismo, el 1 de octubre de 1999, durante su cuadragésima tercera reunión ordinaria, mediante resolución GC(43)/RES/19. La Enmienda amplía la composición de la Junta de Gobernadores del OIEA, estableciendo una lista de criterios a A S.E. LA PRESIDENTA DEL H. SENADO 2 tener en cuenta por la Junta y por la Conferencia General en la designación y elección de miembros, respectivamente, junto con la asignación a cada Estado Miembro a una de las regiones contempladas en el Estatuto del OIEA. De conformidad co n la letra C del Artículo XVIII del Estatuto de la OIEA, la Enmienda entrará en vigor para todos los miembros del OIEA cuando haya sido aceptada por dos tercios de todos los miembros de conformidad con sus respectivos procesos constitucionales. Hasta marzo de 2026, sólo 70 Estados miembros han depositado su aceptación a la Enmienda, de un total de 181 miembros a diciembre de 2025. En reiteradas oportunidades la Conferencia General ha alentado a todos los Estados Miembros que aún no han aceptado la Enmienda, a que lo hagan cuanto antes. El 25 de agosto de 2023, el Director General del Organismo, señor Rafael Mariano Grossi envió cart a al Ministro de Relaciones Exteriores de Chile invitando a considerar favorablemente la posibilidad de aceptar la enmienda lo antes posible. Desde 1960 Chile es Miembro del OIEA, que es el principal foro gubernamental internacional para la cooperación científica y técnica en la utilización de la tecnología nuclear con fines pacíficos. En efecto, el Estatuto del OIEA fue aprobado en 1956 por la Conferencia General del Organismo, siendo incorporado a nuestro ordenamiento jurídico mediante decreto supremo Nº544, del 24 de septiembre de 1960, del Ministerio de Relaciones Exteriores, publicado en el Diario Oficial de 20 de octubre d",,,,pending,
18337-12,19017,2026-06-10,parlamentario,12,"Modifica la ley N° 21.368, con el objeto de prorrogar la entrada en vigencia de su reglamento y flexibilizar la aplicación de las disposiciones que indica",ingreso_proyecto,rica,10119,"Boletín N° 18.337-12 Proyecto de ley, iniciado en Moción del Honorable Senador señor Gahona, que modifica la ley N° 21.368, con el objeto de prorrogar la entrada en vigencia de su reglamento y flexibilizar la aplicación de las disposiciones que indica. FUNDAMENTOS: • Chile, al igual que el resto del mundo, enfrenta importantes desafíos derivados de la creciente generación de residuos. De acuerdo con datos del Ministerio del Medio Ambiente, en el año 2022 se generaron cerca de 9 millones de toneladas de residuos municipales en el país. • Que, para hacer frente a esta situación, nuestro país ha desarrollado diversas regulaciones con foco en la prevención de la generación de residuos y su valorización, entre ellas la Ley N° 21.368, que Regula la entrega de plásticos de un solo uso y las botellas plásticas, y modifica los cuerpos legales que indica, publicada el 13 de agosto de 2021, cuyo objeto es proteger el medio ambiente y disminuir la generación de residuos, mediante la limitación en la entrega de productos de un solo uso en establecimientos de expendio de alimentos, el fomento a la reutilización y la certificación de los plásticos de un solo uso, y la regulación de las botellas plásticas desechables. • La Ley mandató al Ministerio del Medio Ambiente a dictar un reglamento que regule la entrega de certificados de que trata la ley, el contenido de plástico reciclado en botellas plásticas desechables y el porcentaje de bebestibles en envase retornable que deben ofrecer los supermercados, el cual fue publicado con fecha 7 de enero de 2026. • Con fecha 24 de enero de 2026, se publicó en el Diario Oficial la Ley N°21.794, que introduce modificaciones a la Ley N°21.368, entre ellas, incorporando una excepción expresa a la prohibición de entrega de productos de un solo uso consignada en el artículo 3°, para permitir aquellos compuestos de madera, papel y/o cartón certificados que tengan el carácter de biodegradables; y estableciendo que el Reglamento entrará en vigencia transcurridos seis meses desde su publicación, esto es, el 7 de julio de 2026. • El Reglamento establece, entre otras obligaciones, que los supermercados deberán ofrecer bebestibles en envases retornables en al menos un 30% de sus vitrinas, exigencia que entrará en vigencia el 7 de julio de 2026, junto con dicho cuerpo reglamentario. • La implementación de la referida obligación enfrenta dificultades que escapan al ámbito de control de los supermercados, toda vez que su cumplimiento está condicionado a que los productores de bebestibles fabriquen y distribuyan sus productos en envase retornable",,,,pending,
18340-03,19016,2026-06-10,parlamentario,03,Excluye la aplicación de la unidad de fomento como mecanismo de reajustabilidad en los contratos que señala y establece mayores deberes de transparencia en su utilización,ingreso_proyecto,rica,8781,"Boletín N° 18.340-03 Proyecto de ley, iniciado en Moción de la Honorable Senador señora Cicardini, que excluye la aplicación de la unidad de fomento como mecanismo de reajustabilidad en los contratos que señala y establece mayores deberes de transparencia en su utilización. ANTECEDENTES La Unidad de Fomento (UF) es un índice de reajustabilidad, calculado y autorizado por el Banco Central de Chile, para las operaciones de crédito de dinero en moneda nacional 1. En sus orígenes en la década del 70‘ fue pensada como un mecanismo de indexación de precios con otros objetivos y resguardos, pero, sin embargo, durante los últimos años su aplicación desmedida a todo tipo de contratos ha desnaturalizado su objetivo principal. La UF fue instaurada mediante la ley N° 16.253, publicada el 19 de mayo de 1965. Su artículo 6 disponía que ""los Bancos de Fomento tendrán la facultad de conceder préstamos reajustables en la forma y condiciones que determine el reglamento que dictará el presidente de la República"". El citado reglamento fue dictado mediante decreto N° 40 del Ministerio de Hacienda, publicado el 20 de enero de 1967. Su artículo 3 o dispuso que el capital de los préstamos y demás operaciones reajustables se expresarán en ""unidades de fomento"", ""cuyo valor en moneda corriente se determinará en la forma expresada en el artículo siguiente."" Se definió como un mecanismo aprobado por ley que buscaba reajustar instrumentos de deuda de largo plazo de los bancos de fomento estatales, del Banco del Estado y de bancos hipotecarios. La UF se definió como un valor en escudos (moneda de la época) que se reajustaba trimestralmente por la variación del índice de precios al consumidor (IPC).2 Sin embargo, en los últimos años la carga de la Unidad de Fomento (UF) es una mochila que llevan miles de familias día a día. quienes ven como sus ingresos no son suficientes para hacerse cargo de las alzas que ha experimentado esta unidad de medida. Paso entonces de ser un instrumento de ahorro y resguardo de la inflación a ser un mecanismo de cobro utilizado en diversas áreas como aranceles y matrículas en educación, contratos de arriendo e incluso en contratos de salud con el negocio millonario que hoy mantienen las ISAPRES. Es evidente que existe una desnaturalización de este instrumento o mecanismo de reajustabilidad, transformándose en muchos casos en una herramienta de cobros abusivos en 1 https://si3.bcentral.cl/estadisticas/Principal1/Metodologias/EMF/UF.pdf#:~:text=La%20Unidad%20de%20F omento%20(UF)%20es%20un,y%20las%20cooperativas%20de%20ahorro%20y%20cr%C3%A9dito. 2 https://obt",,,,pending,
18352-04,19026,2026-06-10,parlamentario,04,"Modifica la ley N°20.370, General de Educación, para incorporar la educación emocional y salud mental en el sistema escolar",ingreso_proyecto,rica,3293,"18352-07 PERIODO LEGISLATIVO 2026-2030 LEGISLATURA 374 Modifica la ley N°20.370, General de Educación, para incorporar la educación emocional y salud mental en el sistema escolar. SESIÓN N° 34 PRIMER TRÁMITE CONST. FECHA 16-06-2026 SEGUNDO TRÁMITE CONST. (S) IDEA MATRIZ La idea matriz de este proyecto de ley consiste en modificar la Ley General de Educación para establecer la educación emocional y la gestión de emociones como objetivos generales transversales desde la educación parvularia a medio. El propósito fundamental es dotar a las comunidades escolares de herramientas para la identificación y regulación afectiva, transitando hacia un enfoque de prevención integral. Junto con lo anterior, la iniciativa faculta y mandata a los establecimientos a diseñar e implementar Planes de Prevención de Situaciones de Violencia, los cuales deben priorizar la salud mental, el bienestar psicosocial y el cuidado de todos los estamentos. De este modo, se busca garantizar la seguridad escolar mediante el fortalecimiento de la convivencia sana, la resiliencia y el resguardo de la integridad de la comunidad educativa. Por estas consideraciones, los diputados firmantes venimos en proponer el siguiente: 10-06-2026 08:49 PROYECTO DE LEY Artículo Único: Modifíquese la Ley 20.370, General de Educación, cuyo texto refundido, coordinado y sistematizado se encuentra en el DFL 2 del año 2010, en el siguiente tenor: I) Incorpórese un nuevo literal n) al artículo 28 de la Ley 20.370 General de Educación en los siguientes términos: “n) Iniciar el desarrollo de estrategias básicas de autorregulación que les permitan identificar la intensidad de sus estados internos” II) Incorpórese un nuevo literal h) en el numeral 1) del artículo 29, de la Ley 20.370 General de Educación en los siguientes términos: “h) Identificar y comprender las propias emociones y las de los demás, y desarrollar la capacidad de autorregulación para fortalecer el bienestar personal, utilizando la gestión de las emociones como una herramienta básica para la construcción de una identidad equilibrada y el autocuidado emocional” III) Incorpórese un nuevo literal g) en el numeral 1) del artículo 30, de la Ley 20.370 General de Educación, en los siguientes términos: ""g) Desarrollar la capacidad de autorregulación y gestión del estrés mediante el reconocimiento de los estados internos, potenciando la resiliencia y la habilidad de aprender de la adversidad para mantener el equilibrio emocional frente a desafíos complejos” 10-06-2026 08:49 IV) Incorpórese un nuevo inciso final al Artículo 16 D de la Ley 20.370, en los sig",,,,pending,
18362-19,19047,2026-06-11,parlamentario,19,Establece la obligación de fijar domicilio en Chile a las plataformas digitales,ingreso_proyecto,rica,12468,"ANTECEDENTES El derecho regula relaciones de poder, cuando esas relaciones cambian de manera radical y el derecho no se adapta, el resultado no es neutralidad: es la institucionalización de la ventaja para quien tiene más poder. Eso es exactamente lo que ocurre hoy en Chile con las plataformas digitales. Una empresa extranjera que factura decenas de millones de dólares en Chile gracias a la actividad de sus usuarios nacionales que ni siquiera tiene representante legal en el país, no responde citaciones judiciales, no entrega información al Ministerio Público cuando investiga delitos cometidos en su plataforma, y no puede ser alcanzada por la autoridad de protección de datos. En cambio, la pequeña empresa del barrio paga IVA, registra su constitución ante el Conservador de Comercio, cumple con la Dirección d el Trabajo y responde ante los tribunales ordinarios. La desigualdad regulatoria es estructural, y sus consecuencias son concretas. Ha ocurrido en reiteradas ocasiones que por ejemplo las policías intentan investigar un caso de extorsión sexual contra una menor de edad, se identifica la cuenta, pero como la empresa está en otro país, para obtener los datos de identificación del usuario debe recurrir a los mecanismos de cooperación internacional del Convenio de Budapest, que Chile ratificó en 2017. 1 Así, el proceso de investigación puede durar meses, sin tener certeza incluso de que llegará una respuesta. La investigación no avanza y el agresor permanece impune y la víctima no obtiene justicia. Este no es un caso excepcional, se ha convertido en la regla general lamentablemente. El derecho moderno descansa sobre el principio de territorialidad: quien opera en un territorio queda sometido a su ordenamiento jurídico. Las plataformas digitales globales han construido un modelo de negocio que, deliberadamente o no, elude ese principio 2. Tienen usuarios en Chile, recaudan ingresos publicitarios en Chile, procesan datos de 1 https://www.bcn.cl/leychile/navegar?idNorma=1106936 2 https://www.lawandtrends.com/noticias/tic/el-ciberespacio-el-principio-de-territorialidad.html 11-06-2026 15:33 2 chilenos y median en transacciones que se ejecutan en Chile, pero no tienen domicilio, representante ni responsable en el país. Esto no ocurre porque la tecnología lo haga inevitable, sino que ocurre porque no existe una norma que lo prohíba. El vacío regulatorio es una ventaja competitiva. Las plataformas extranjeras operan en Chile con una carga regulatoria próxima a cero, mientras los actores locales que compiten en el mismo espacio deben cump lir todas las obligacion",,,,pending,
18375-29,19053,2026-06-15,parlamentario,29,Establece normas para la regulación de la emisión de ruido generado por instalaciones deportivas,ingreso_proyecto,rica,14298,"Antecedentes La expansión de la industria de instalaciones deportivas en Chile ha traído consigo un fenómeno que afecta de manera creciente a miles de familias en zonas urbanas. La contaminación acústica generada por gimnasios, centros de entrenamiento funcional, estudios de spinning, salas de boxeo y otros establecimientos similares que, en muchos casos se emplazan cercanos a zonas residenciales, ha obligado a que vecinos y vecinas deban convivir diariamente con música a alto volumen, ruidos de impacto y vibraciones estructurales, alterando sus rutinas de descanso, estudio y trabajo en el hogar. Diversos estudios de acústica aplicada a centros deportivos han determinado que las zonas de mayor nivel de ruido se concentran en las salas de máquinas, de pesas y de actividades dirigidas con música amplificada. En el caso de las pesas, los niveles de ruido y vibración se incrementan de manera significativa producto a la caída reiterada de cargas elevadas sobre el piso (por ejemplo, discos y barras que pueden superar los 80 kg dejados caer desde altura), lo que genera ruidos de impacto que se transmiten con facilidad a viviendas colindantes, muchas veces sobre los límites recomendados para el descanso y el sueño. A ello se suma que el ruido suele ser de carácter repetitivo y prolongado en el tiempo, con horarios de funcionamiento extendidos que abarcan la franja temprana de la mañana y la noche, lo que incrementa el riesgo de trastornos 15-06-2026 10:55 del sueño y estrés crónico en la población expuesta. En ese sentido, la Organización Mundial de la Salud (OMS) ha advertido que la exposición prolongada y excesiva a música fuerte y otros sonidos recreativos somete a más de mil millones de personas a un riesgo elevado de pérdida de la audición y otros efectos adversos como el deterioro cognitivo, cardiopatías, hipertensión y problemas de salud mental1. En el ámbito nacional, la justicia ha reconocido el carácter lesivo de estos ruidos para la vida cotidiana de las personas. La Corte de Apelaciones de Valparaíso acogió un recurso de protección interpuesto en contra de un gimnasio debido a ruidos excesivos provenientes del establecimiento al considerar que emitía ruidos por sobre el límite máximo permitido por la normativa ambiental, af ectando el derecho constitucional de residentes aledaños de vivir en un medio ambiente libre de contaminación 2. Este y otros casos dan cuenta de un conflicto que se ha vuelto recurrente en distintas ciudades del país, y que no ha encontrado respuesta en la regulación vigente. La contaminación acústica generada por instalaciones d",,,,pending,
18391-09,19075,2026-06-16,parlamentario,09,Regula la responsabilidad de empresas de servicios sanitarios para garantizar la reparación de bienes nacionales de uso público,ingreso_proyecto,rica,18391,"FUNDAMENTOS: El crecimiento exponencial de las zonas urbanas en Chile y el natural envejecimiento de las redes de distribución de agua potable y la recolección de aguas servidas han generado un aumento crítico en las fallas de infraestructura y bienes nacionales de uso público. Las roturas de matrices de agua y el colapso de colectores no solo provocan la pérdida del recurso hídrico , hecho no menor en una época de nuestra historia donde escasea, si no que además desencadenan fenómenos como deterioro, hundimientos y la aparición de socavones de gran magnitud en las vías públicas, interrumpiendo de forma prolongada la conectividad vial, dañan do el mobiliario urbano y, de manera más grave, expo niendo a la población a severos riesgos de accidentes e inseguridad vial.1 En las distintas regiones del país, y de manera más recurrente, en la macrozona norte, debido a las condiciones y alta presencia de suelo colapsable2, se constata que, tras la ocurrencia 1 Superintendencia de Servicios Sanitarios (SiSS), Informe de Gestión del Sector Sanitario 2024, disponible en https://www.siss.gob.cl/589/w3-article-23506.html. 2 Biblioteca del Congreso Nacional de Chile, Asesoría Técnica Parlamentaria, Suelos Colapsables. Caracterización e Intervención, autor Rafael Torres, N° SUP 138411, mayo 2023. 16-06-2026 13:45 de una falla sanitaria masiva, el mobiliario público (incluyendo pavimentos) permanecen sin una reparación definitiva durante meses , toda vez que l as empresas concesionarias de servicios sanitarios suelen adoptar soluciones provisorias de baja calidad técnica que se deterioran con el transcurso del tiempo , postergando obras de pavimentación definitivas bajo argumentos de coordinación interna o tramitaciones administrativas. Esta dilación injustificada afecta tanto la calidad de vida de l a población como la actividad económica local al inhabilitar arterias viales esenciales para el normal desarrollo en las diferentes comunas del país. Ante la emergencia y la presión por la reparación de las calles, los Gobiernos Regionales y las Municipalidades se ven forzadas en la práctica a intervenir de forma subsidiaria utilizando recursos públicos propios para mitigar los daños estructurales en lo s bienes nacionales de uso público y restablecer el tránsito seguro. Este escenario configura un desvío de los escasos fondos de muchas municipalidades y gobiernos regionales hacia tareas que, si bien están establecidas por ley34, por la naturaleza del contrato de concesión, corresponden estrictamente al patrimonio de las empresas prestadoras privadas , generando así un perj",,,,pending,
18402-33,19071,2026-06-17,parlamentario,33,"Modifica el Código de Aguas para fortalecer la protección de nacientes, vertientes y cabeceras de cuenca",ingreso_proyecto,rica,4709,"Fundamentos Nuestro país atraviesa una crisis hídrica prolongada, marcada por el avance de la desertificación, la disminución sostenida de precipitaciones, los efectos cada vez más intensos del cambio climático y la creciente presión sobre las fuentes hídricas derivada de distint as actividades humanas y productivas, situación que afecta especialmente a las comunidades rurales y territorios que dependen directamente de fuentes naturales de agua para su subsistencia, abastecimiento humano y desarrollo productivo. En numerosas locali dades rurales del país, expresiones tradicionales como el denominado “agua de tejas” reflejan la importancia histórica y comunitaria que el agua ha tenido para la vida campesina. Históricamente, la “teja” fue utilizada como una forma tradicional de distrib ución o medida del agua, asociada a pequeños caudales que permitían sostener a las familias, los animales, los cultivos y la vegetación del entorno. Estas fuentes representan no solo un recurso hídrico, sino también parte del patrimonio territorial, cultur al y ambiental de muchas comunidades. Las nacientes, vertientes y zonas de origen de las aguas cumplen una función esencial en el equilibrio de los ecosistemas y en la disponibilidad hídrica de múltiples territorios. En muchos casos, constituyen fuentes fu ndamentales para el abastecimiento humano, los sistemas de servicios sanitarios rurales (SSR), la agricultura familiar campesina y la conservación de la biodiversidad. Sin embargo, la creciente presión sobre los recursos hídricos y la intervención de estas fuentes mediante distintas obras, captaciones o acciones susceptibles de afectar su funcionamiento natural, han generado en diversos territorios procesos de disminución de caudales, degradación ecosistémica e incluso desaparición de vertientes y cursos de agua de relevancia local. Si bien la reforma introducida por la Ley N° 21.435 fortaleció el carácter de interés público del agua e incorporó principios vinculados a la preservación ecosistémica y la seguridad hídrica, la legislación vigente aún no contemp la herramientas específicas y preventivas destinadas al resguardo de nacientes, vertientes y cabeceras de cuenca frente a acciones susceptibles de afectar gravemente su sustentabilidad y funcionamiento natural. 17-06-2026 11:07 En este contexto, resulta necesario fortalece r la protección de estas fuentes de origen, promoviendo criterios preventivos que permitan resguardar la disponibilidad hídrica, la preservación de los ecosistemas y el abastecimiento humano, especialmente en aquellos territorios que enfrentan mayo",,,,pending,
18378-18,19063,2026-06-19,ejecutivo,18,Fortalece el ejercicio de la responsabilidad parental,texto_proyecto,rica,49486,"MENSAJE DE S.E. EL PRESIDENTE DE LA REPÚBLICA CON EL QUE INICIA UN PROYECTO DE LEY QUE FORTALECE EL EJERCICIO DE LA RESPONSABILIDAD PARENTAL. Santiago, 11 de junio de 2026 MENSAJE N° 060-374/ Honorable Cámara de Diputados: A S.E. EL PRESIDENTE DE LA H. CÁMARA DE DIPUTADOS En uso de mis facultades constitucionales, tengo el honor de someter a vuestra consideración un proyecto de ley que fortalece el ejercicio de la responsabilidad parental. ANTECEDENTES Evolución histórica de la Autoridad Parental Desde la dictación del Código Civil en 1855, nuestro ordenamiento jurídico ha concebido las relaciones personales entre padres e hijos bajo la noción clásica de la ""autoridad paterna"". Tradicionalmente, esta institución fue definida, entre padres e hijos, como “el conjunto de derechos y obligaciones de contenido eminentemente moral”, diferenciándola de la patria potestad, institución que el Código circunscribe principalmente al ámbito patrimonial y al ejercicio de facultades respecto de los bienes del hijo no emancipado. Como ha destacado la doctrina nacional, la evolución del derecho de familia chileno transitó desde un modelo fuertemente jerárquico, caracterizado por una preeminencia del padre en el ejercicio de la autoridad familiar, hacia un estatuto progresivamente igualitario y centrado en la protección de la infancia. Así, el texto original del Código Civil establecía profundas diferencias en materia de filiación, distinguiendo entre hijos legítimos, naturales e ilegítimos, y reconociendo la plenitud de derechos únicamente respecto de la filiación matrimonial, en desmedro de las uniones extramatrimoniales. Muestra patente de ello, es que el antiguo artículo 219 del Código Civil sometía al hijo ""especialmente a su padre"", postergando a un segundo plano las facultades de la madre en la formación de niños, niñas y adolescentes. Con el transcurso del tiempo, el derecho de familia fue experimentando un proceso gradual de modernización, especialmente en materias de igualdad entre los hijos, participación conjunta de ambos padres en la crianza y la centralidad del interés superior del niño como criterio rector de las relaciones entre padres e hijos. Dentro de este proceso, una de las modificaciones más sustantivas se produjo con la dictación, en 1998, de la ley N° 19.585, que modificó el Código Civil y otros cuerpos legales en materia de filiación. Esta reforma eliminó las categorías discriminatorias en la filiación, prescribiendo que los derechos y deberes derivados de la paternidad y maternidad corresponden a ambos padres con independencia de la existencia de ",,,,pending,
18384-08,19062,2026-06-22,ejecutivo,08,Ley de protección tarifaria eléctrica,texto_mensaje,rica,50690,"MENSAJE DE S.E. EL PRESIDENTE DE LA REPÚBLICA CON EL QUE INICIA UN PROYECTO DE LEY DE PROTECCIÓN TARIFARIA ELÉCTRICA. Santiago, 22 de junio de 2026 M E N S A J E N° 069-374/ A S.E. EL PRESIDENTE DE LA H. CÁMARA DE DIPUTADOS Honorable Cámara de Diputados: En uso de mis facultades constitucionales, tengo el honor de someter a vuestra consideración el siguiente proyecto de ley. ANTECEDENTES Durante el mes de mayo del presente año, el Ministerio de Energía dio a conocer la Ruta Energética 2026-2030 (en adelante, la “Ruta Energética”), consistente en un instrumento de política pública que contiene los compromisos y prioridades del Gobierno en el sector energía. La Ruta Energética recoge un diagnóstico compartido ampliamente: Chile ha avanzado con fuerza en la generación de energías renovables y debe continuar por la senda de la transición energética. No obstante, en dicho proceso no puede perder de vista velar por la seguridad del suministro; evitar un aumento significativo de las tarifas para las familias; y, que existan instituciones capaces de responder a un sector que cambia muy rápido. Es un hecho de público conocimiento que en los últimos años las tarifas eléctricas han experimentado alzas relevantes debido al descongelamiento tarifario realizado por la ley N°21.667 y, a los retrasos existentes en los procesos de fijación de tarifas. De esta manera, uno de los principales objetivos de la Ruta Energética es proteger a las familias chilenas frente al alza de las tarifas eléctricas, avanzando hacia tarifas más competitivas y justas. Lo anterior, porque el aumento del precio de la electricidad tiene un impacto concreto y directo en la economía doméstica de las familias y los emprendedores. Junto a lo anterior, la Ruta Energética busca implementar un sistema energético seguro y resiliente, que permita dar continuidad al suministro eléctrico de los clientes finales, en especial a aquellos que lo necesitan como soporte vital. De esta manera la Ruta Energética aborda los desafíos en materia de seguridad y resiliencia frente a eventos climáticos extremos, fallas operativas y riesgos de abastecimiento. Los eventos climáticos registrados en años recientes evidenciaron limitaciones en la capacidad de prevención, respuesta y reposición del servicio particularmente en redes de distribución rurales y de baja tensión. A fin de enfrentar este desafío, la Ruta Energética reconoce la necesidad de contar con infraestructura habilitante para la transición energética, estableciendo su foco en la expansión y mejor uso de las redes de transmisión. Finalmente resulta fundamenta",,,,pending,
18389-04,19070,2026-06-23,ejecutivo,04,Faculta a los establecimientos educacionales a implementar un mecanismo de elección mutua en el proceso de admisión escolar,texto_proyecto,rica,38139,"MENSAJE DE S.E. EL PRESIDENTE DE LA REPÚBLICA CON EL QUE INICIA UN PROYECTO DE LEY QUE FACULTA A LOS ESTABLECIMIENTOS EDUCACIONALES A IMPLEMENTAR UN MECANISMO DE ELECCIÓN MUTUA EN EL PROCESO DE ADMISIÓN ESCOLAR. Santiago, 23 de junio de 2026 MENSAJE N° 082-374/ Honorable Cámara de Diputados: A S.E. EL PRESIDENTE DE LA H. CÁMARA DE DIPUTADOS En uso de mis facultades constitucionales, tengo el honor de someter a vuestra consideración el siguiente proyecto de ley, que tiene por objeto facultar a los establecimientos educacionales a implementar un mecanismo de elección mutua en el proceso de admisión escolar. ANTECEDENTES La educación constituye uno de los pilares fundamentales del desarrollo de una sociedad libre, justa y próspera. Por esta razón, la Constitución Política de la República consagra el derecho a la educación y la libertad de enseñanza como derechos esenciales de las personas e impone al Estado obligaciones precisas en su garantía. A lo largo de la última década, el sistema escolar ha experimentado transformaciones dirigidas a asegurar la no discriminación arbitraria en el acceso a la educación, reducir la segregación entre establecimientos e igualar la calidad de los aprendizajes. Sin embargo, la experiencia acumulada durante estos años muestra que los instrumentos elegidos para alcanzarlos no han producido los resultados esperados. Incluso, en ciertas áreas, han generado tensiones que se encuentran identificadas por la evidencia disponible. La Ley N° 20.845, de Inclusión Escolar, publicada en 2015, dispuso “acabar con la marcada segregación escolar” y poner término a los procesos de selección que históricamente realizaban los establecimientos educacionales que reciben aportes del Estado, introduciendo en su reemplazo el Sistema de Admisión Escolar (en adelante, el “SAE”) como mecanismo único y centralizado de asignación de vacantes. Implementado de forma gradual desde 2016 y en régimen desde 2020, el SAE alcanza hoy a los establecimientos que atienden al 91% de la matrícula del país y opera mediante una plataforma digital única, en la que las familias postulan a sus hijos a los establecimientos de su preferencia y el sistema asigna los cupos disponibles a través de un algoritmo de aceptación diferida. El esquema vigente reconoce cuatro criterios sucesivos de prioridad —existencia de hermanos en el establecimiento, condición de estudiante prioritario siempre que haya una proporción de estos sea menor al 15% en el establecimiento al que postula, hijos de funcionarios del colegio y exalumnos que no hayan sido expulsados—. No obstante, en caso de",,,,pending,
18401-31,19085,2026-06-24,ejecutivo,31,Entrega un bono extraordinario de apoyo a la niñez,texto_proyecto,rica,13427,"MENSAJE DE S.E. EL PRESIDENTE DE LA REPÚBLICA CON EL QUE INICIA EL PROYECTO DE LEY QUE ENTREGA UN BONO EXTRAORDINARIO DE APOYO A LA NIÑEZ. __________________________________ Santiago, 23 de junio de 2026 MENSAJE N° 078-374/ Honorable Cámara de Diputados: A S.E. EL PRESIDENTE DE LA H. CÁMARA DE DIPUTADOS En uso de mis facultades constitucionales, tengo el honor de someter a su consideración el siguiente proyecto de ley. ANTECEDENTES La situación económica de los hogares ha experimentado importantes desafíos durante los últimos meses, principalmente debido a eventos externos en el mercado internacional del petróleo, un insumo estratégico clave del cual Chile es casi completamente dependiente. Lo anterior ha provocado un aumento del costo de la vida que se refleja en una variación del Índice de Precios al Consumidor de 3,9% en los últimos 12 meses y, especialmente, en un aumento del costo de la canasta básica de alimentos de 3,4% en el mismo periodo. Esto ha incidido directamente en la capacidad de las familias para satisfacer necesidades básicas y afrontar gastos permanentes, especialmente en épocas cercanas al invierno. Los antecedentes disponibles, de acuerdo con la Encuesta de Caracterización Socioeconómica Nacional (Casen) 2024, muestran que los hogares con presencia de niños, niñas y adolescentes presentan condiciones de vulnerabilidad económica superiores a las observadas en la población adulta. En particular, la tasa de pobreza de los niños, niñas y adolescentes alcanza un 24,9%, cifra superior al 15,1%, registrado en la población de 18 años o más, reflejando una mayor exposición de los hogares con menores de edad a situaciones de precariedad económica y a los efectos adversos de las fluctuaciones del ciclo económico. A ello se suma que las familias con niños, niñas y adolescentes deben afrontar gastos permanentes y difíciles de postergar, relacionados con alimentación, educación, transporte, vestuario, salud y cuidados, lo que reduce la capacidad de adaptación frente a contextos de restricción económica. En consecuencia, los aumentos en el costo de bienes y servicios esenciales impactan de manera especialmente significativa en su presupuesto familiar. En este contexto, se ha estimado necesario implementar una medida de apoyo que permita mitigar parcialmente los efectos de las actuales condiciones económicas sobre los hogares con menores de hasta 13 años de edad. Se trata de una respuesta focalizada, de carácter excepcional y transitoria, que atiende la especial vulnerabilidad de este grupo y las mayores cargas económicas que enfrentan sus familias ",,,,pending,
18407-25,19090,2026-06-24,parlamentario,25,"Modifica diversos cuerpos legales, con el objeto de agravar las sanciones aplicables en materia de lavado de activos",ingreso_proyecto,rica,7430,"Boletín N° 18.407-25 Proyecto de ley, iniciado en Moción de los Honorables Senadores señora Sepúlveda y señor Velásquez, que modifica diversos cuerpos legales, con el objeto de agravar las sanciones aplicables en materia de lavado de activos. En el último tiempo hemos observado con preocupación la creciente amenaza que representa la criminalidad organizada en nuestro país, que no solo ha intentado penetrar en las poblaciones a través del tráfico de drogas, sino que ha comenzado a corroer el funcionamiento de diferentes instituciones públicas y privadas. Para combatir este fenómeno, en el último tiempo se han redoblado los esfuerzos legislativos para darles a las policías e instituciones persecutoras todas las herramientas necesarias para mantener el orden público y combatir el narcotráfico y la corrupción. Paralelamente, este Congreso se encuentra en la fase final de la tramitación del proyecto de inteligencia económica, que pretende dar un encuadre legal a la coordinación de los organismos en la detección de actividades sospechosas, potenciando para ello la actividad y coordinación de la Unidad de Análisis Financiero, el Servicio de Imp uestos Internos, Aduanas, y las demás instituciones públicas y privadas que pueden elevar alertas sobre actividades económicas sospechosas. En ese mismo sentido, se ha buscado atacar directamente la ""ruta del dinero"", entendiendo que una de las principales actividades de la criminalidad organizada y el narcotráfico es el lavado o blanqueo de activos, con el fin de ingresar dineros obtenidos por vías ilícitas al mercado formal. Esta acción criminal tiene repercu siones negativas para la sociedad, haciendo rentable la actividad ilícita en contextos que originan frecuentemente violencia y temor social; generando incentivos a la corrupción y cohecho en instituciones fiscalizadoras; y afectando a la economía, salud y seguridad pública; degradando el Estado de Derecho en el país. A pesar de estos esfuerzos, recientemente se ha dado a conocer la detención de ejecutivos bancarios de reconocidas instituciones bancarias del país que, aprovechándose de su posición, facilitaron esquemas de lavados de activos respaldados por la reputación de sus respectivos bancos. Si bien las alertas que pudieron haber generado dichas entidades ante la UAF constituyen hoy materia de investigaci ón, resulta crucial revisar legislativamente los incentivos para aquellas instituciones obligadas a informar sobr e actividades sospechosas, con el fin de prevenir futuros incidentes. En este sentido, la reforma legal de inteligencia económica, entre otras co",,,,pending,
18435-01,19116,2026-06-29,parlamentario,01,"Establece un mecanismo de trazabilidad y control de insumos, maquinaria y bienes críticos rurales",ingreso_proyecto,rica,22444,"FUNDAMENTOS El robo de maquinaria e insumos agrícolas constituye uno de los fenómenos delictuales de mayor expansión en el Chile rural de los últimos años. Si bien su impacto directo recae sobre los agricultores y productores que ven sustraídos tractores, equipos de r iego, fertilizantes o pesticidas, sus consecuencias se irradian hacia el conjunto de la cadena agroalimentaria, afectando la productividad, los costos de producción, la seguridad alimentaria y, en último término, la competitividad exportadora del país. A diferencia de otros delitos de alta visibilidad —como el homicidio o el robo con violencia en zonas urbanas—, el robo agrícola ha permanecido durante largo tiempo en una zona gris de la estadística oficial. Las categorías penales vigentes no lo individualizan con precisión, la encuesta oficial de victimización del INE no alcanza el mundo rural con la profundidad necesaria, y las instituciones del Estado tardaron en reconocerlo como un fenómeno diferenciado que requería respuesta específica. Esa combinació n de invisibilidad estadística y daño económico concreto es, precisamente, lo que hace urgente el análisis que se desarrolla en las páginas siguientes. La primera y más importante advertencia que debe hacerse antes de analizar cifras es que Chile no dispone, a la fecha, de una serie estadística oficial robusta, pública y continua etiquetada específicamente como 'robo de maquinaria e insumos agrícolas' . Esta ausencia no es trivial: implica que tanto la focalización de políticas públicas como la asignación de recursos policiales y fiscales se realizan sin un termómetro confiable del problema. La Encuesta Nacional Urbana de Seguridad Ciudadana (ENUSC), instrumento oficial del INE para medir victimización, tiene un alcance predominantemente urbano. Su propio manual de trabajo de campo excluye varios robos a negocios o bienes de empresa cuando no existe afectación directa a un integrante del hogar, lo que deja fuera del registro una 29-06-2026 21:50 fracción significativa del robo productivo en predios, galpones y bodegas. En consecuencia, la ENUSC subestima de manera estructural el fenómeno que este documento analiza. Como cifra de referencia oficial a nivel nacional, la categoría policial más cercana al robo agrícola es el 'robo en lugar no habitado', que incluye bodegas, galpones y recintos productivos. Esta cifra no equivale exactamente al robo agrícola puro —pues también abarca robos a inmuebles comerciales e industriales urbanos—, pero es hoy la mejor aproximación disponible en los registros del Estado. Según los informes de Carabineros ",,,,pending,
18431-31,19107,2026-07-06,ejecutivo,31,"Modifica la ley N° 21.805, que reconoce el derecho al cuidado y crea el Sistema Nacional de Apoyos y Cuidados, y otros cuerpos normativos que indica",texto_mensaje,rica,18596,"MENSAJE DE S.E. EL PRESIDENTE DE LA REPÚBLICA CON EL QUE INICIA UN PROYECTO DE LEY QUE INTRODUCE MODIFICACIONES A LA LEY N° 21.805, QUE RECONOCE EL DERECHO AL CUIDADO Y CREA EL SISTEMA NACIONAL DE APOYOS Y CUIDADOS, Y OTROS CUERPOS NORMATIVOS, EN LA FORMA QUE SE INDICA. Santiago, 03 de julio de 2026 M E N S A J E N° 083-374/ Honorable Cámara de Diputados: Tengo el honor de someter a vuestra consideración un proyecto de ley que modifica la ley N° 21.805, que reconoce el derecho al cuidado y crea el Sistema Nacional de Apoyos y Cuidados, y otros cuerpos normativos. ANTECEDENTES Chile enfrenta una creciente demanda por apoyos y cuidados como consecuencia del envejecimiento poblacional, los cambios en la composición de los hogares, las bajas tasas de natalidad y la progresiva incorporación de las mujeres al mercado laboral, quienes mayoritariamente han asumido las labores de cuidado no remunerado. Esta realidad ha generado importantes desafíos para las familias y para el Estado, evidenciando la necesidad de avanzar hacia políticas públicas que permitan responder de manera más adecuada, coordinada y oportuna a las necesidades de las personas que requieren apoyos y cuidados, así como de quienes ejercen dichas labores. En este contexto, durante los últimos años nuestro país ha desarrollado progresivamente una institucionalidad y una oferta programática en materia de cuidados, configurando una política pública que ha trascendido distintos gobiernos y que se ha consolidado como una política de Estado. Así, durante el año 2015 se creó la Red Local de Apoyos y Cuidados; posteriormente se fortaleció su cobertura y se avanzó en el desarrollo del Subsistema Nacional de Apoyos y Cuidados; y, finalmente, mediante la dictación de la ley N° 21.805, se estableció un marco normativo e institucional destinado a reconocer el derecho al cuidado y organizar un modelo de gestión y coordinación intersectorial, formalizando el Sistema Nacional de Apoyos y Cuidados (SNAC). De conformidad con el artículo 6° de la ley, el SNAC está constituido por las instituciones competentes y por el “conjunto de programas, planes, políticas, servicios, prestaciones, normas, acciones y demás instrumentos destinados a los apoyos y cuidados.” Entre estas instituciones, se encuentra la nueva Secretaría de Apoyos y Cuidados, dependiente de la Subsecretaría de Evaluación Social, a la cual le corresponde la planificación, coordinación y supervisión del SNAC, junto con la evaluación de su implementación y la provisión de información pertinente y oportuna sobre los programas que lo componen. Por su parte, ",,,,pending,
18437-37,19120,2026-07-07,parlamentario,37,Declara el 8 de octubre de cada año como el Día Nacional de Punta Angamos,ingreso_proyecto,rica,4871,"Boletín N° 18.437-37 Proyecto de ley, iniciado en Moción de los Honorables Senadores señora Núñez y señores Kuschel, Moreira, Ossandón y Saavedra, que declara el 8 de octubre de cada año como el Día Nacional de Punta Angamos. FUNDAMENTOS La historia de las naciones se construye sobre acontecimientos que, por su trascendencia, pasan a formar parte de su memoria colectiva y de su patrimonio histórico. Su preservación no constituye únicamente un ejercicio de evocación del pasado, sino también una herramienta para fortalecer la identidad nacional, promover la educación cívica y transmitir a las nuevas generaciones el conocimiento de los hechos que contribuyeron a la formación y desarrollo de la República. Dentro de esos acontecimientos, el Combate de Punta Angamos, librado el 8 de octubre de 1879, ocupa un lugar de especial relevancia. Su desenlace permitió a Chile consolidar el dominio del mar durante la Guerra del Pacífico, condición estratégica que hizo posible el desarrollo de las posteriores operaciones militares y modificó de manera decisiva el curso del conflicto. La historiografía nacional y la doctrina naval coinciden en reconocer que Angamos constituyó uno de los hitos estratégicos más importantes de la campaña marítima, por cuanto aseguró la libertad de acción de las fuerzas chilenas en el teatro de operaciones. La propia Armada de Chile señala que, tras Angamos, el Ejército obtuvo la libertad de acción estratégica necesaria para conducir las campañas terrestres. Sin perjuicio de su relevancia militar, Punta Angamos representa un patrimonio histórico de carácter p ermanente para la República. La acción naval constituye un referente de la tradición marítima nacional y forma parte del legado institucional de la Armada de Chile, siendo recordada anualmente mediante ceremonias oficiales, actividades académicas y actos c onmemorativos desarrollados en distintos lugares del país. La conmemoración posee, además, una estrecha vinculación con la Región de Antofagasta y, particularmente, con la comuna de Mejillones, en cuyo litoral se desarrollaron las operaciones que culminaron con el Combate de Punta Angamos. Desde hace décadas, la comuna ha asumido un papel central en la preservación de esta memoria histórica, siendo sede de las principales ceremonias oficiales organizadas por la Armada de Chile, las autoridades regionales y el municipio. Asimismo, frente a la península de Mejillones se empla za la boya conmemorativa que identifica el lugar donde ocurrieron los hechos, convirtiéndose en un símbolo permanente de la memoria naval chilena. La importancia hi",,,,pending,
18439-02,19122,2026-07-07,parlamentario,02,"Modifica el decreto ley N°3.356, de 1980, para permitir el porte de armas de fuego al personal en retiro de Carabineros de Chile, en las condiciones que indica",ingreso_proyecto,rica,11890,"Boletín N° 18.439-02 Proyecto de ley, iniciado en Moción de los Honorables Senadores señores Vial, Becker, Bianchi y Ossandón, que modifica el decreto ley N°3.356, de 1980, para permitir el porte de armas de fuego al personal en retiro de Carabineros de Chile, en las condiciones que indica. I. FUNDAMENTOS 1. El contexto de deterioro de la seguridad pública La última década ha visto transformarse profundamente el panorama delictual chileno. El asentamiento de bandas de proyección transnacional, la irrupción de estructuras vinculadas al crimen organizado y la generalización de métodos delictivos de mayor violencia han alterado la fisonomía tradicional de la criminalidad nacional. Así lo confirman los datos oficiales: según la Encuesta Nacional Urbana de Seguridad Ciudadana (ENUSC) 2024, un 87,7% de la población percibió un alza en la delincuencia durante ese añ o, lo que ha instalado a la seguridad como una de las inquietudes más persistentes en la agenda ciudadana. A ello se suma el crecimiento sostenido de los homicidios, secuestros, extorsiones y demás figuras asociadas al crimen organizado, todo lo cual revela un cambio cualitativo en la actividad ¡lícita. Especial preocupación genera el uso creciente de armas de fuego en la comisión de estos delitos, factor que multiplica el nivel de exposición de la población y, muy en particular, de quienes desempeñan o han desempeñado tareas de resguardo del orden y la seguridad pública. Carabineros de Chile ha soportado con especial intensidad este nuevo escenario, debiendo hacer frente a agrupaciones criminales que operan con mayor equipamiento y capacidad de fuego. La amenaza, sin embargo, no se extingue con el pase a retiro. Muchos ex funcionarios permanecen expuestos, aún años después del término de su carrera, a las represalias derivadas de procedimientos en los que intervinieron durante el servicio activo: causas por narcotráfico, casos vinculados al terrorismo, operativos contra el crimen organizado o labores de control del orden público en la frontera norte, en la macrozona sur o en la propia Región Metropolitana. El tránsito del uniforme a la vida civil suele ser abrupto: quienes hasta ayer intervinieron en zonas de alto riesgo, al día siguiente circulan por su barrio despojados del instrumento que la propia institución les enseñó a portar y a utilizar bajo estándares estrictos durante toda su vida funcionaria. 2. La forma piramidal de la carrera y la insuficiencia del criterio jerárquico Para dimensionar el sentido de esta iniciativa es preciso detenerse en la arquitectura interna de Carabineros de Chile",,,,pending,
18436-15,19119,2026-07-08,ejecutivo,15,"Modifica la Ley Orgánica de la Empresa de los Ferrocarriles del Estado, con el objeto de establecer una exención de derechos y tributos municipales por la ejecución de obras ferroviarias y declarar dichas obras como infraestructura ejecutada por el Estado",texto_mensaje,rica,9506,"MENSAJE DE S.E. EL PRESIDENTE DE LA REPÚBLICA CON EL QUE INICIA UN PROYECTO DE LEY QUE MODIFICA EL DECRETO CON FUERZA DE LEY N° 1, DE 1993, DEL MINISTERIO DE TRANSPORTES Y TELECOMUNICACIONES, QUE FIJA EL TEXTO REFUNDIDO, COORDINADO Y SISTEMATIZADO DE LA LEY ORGÁNICA DE LA EMPRESA DE LOS FERROCARRILES DEL ESTADO, CON EL OBJETO DE ESTABLECER UNA EXENCIÓN DE DERECHOS Y TRIBUTOS MUNICIPALES POR LA EJECUCIÓN DE OBRAS FERROVIARIAS Y DECLARAR QUE TALES OBRAS SON INFRAESTRUCTURA EJECUTADA POR EL ESTADO. _________________________________ Santiago, 03 de julio de 2026 MENSAJE N° 065-374/ A S.E. EL PRESIDENTE DE LA H. CÁMARA DE DIPUTADOS Honorable Camara de Diputados: Tengo el honor de someter a vuestra consideración un proyecto de ley que modifica la Ley Orgánica de la Empresa de los Ferrocarriles del Estado, estableciendo una exención de derechos y tributos municipales por la ejecución de obras ferroviarias y declarando que dichas obras son obras de infraestructura ejecutadas por el Estado. ANTECEDENTES La Empresa de los Ferrocarriles del Estado, en adelante “EFE”, es una empresa autónoma del Estado, con personalidad jurídica y patrimonio propio, creada por ley de conformidad con el régimen constitucional previsto en el artículo 19 N° 21 de la Constitución Política de la República, que permite al Estado y a sus organismos desarrollar actividades empresariales o participar en ellas solo si una ley de quórum calificado los autoriza. De conformidad con el artículo 2° del decreto con fuerza de ley N° 1, de 1993, del Ministerio de Transportes y Telecomunicaciones, que fija el texto refundido, coordinado y sistematizado de su Ley Orgánica, EFE tiene por objeto establecer, desarrollar, impulsar, mantener y explotar servicios de transporte de pasajeros y carga por medio de vías férreas o sistemas similares, así como servicios de transporte complementarios, incluyendo todas las actividades conexas necesarias para el debido cumplimiento de dicha finalidad. En este sentido, la actividad de EFE se encuentra directamente vinculada al cumplimiento de fines públicos definidos por el legislador. En efecto, el desarrollo de infraestructura ferroviaria permite mejorar las condiciones de conectividad y movilidad de la población, reducir tiempos de traslado, favorecer la integración territorial y apoyar el desarrollo urbano de las zonas beneficiadas por sus proyectos. En coherencia con dicho mandato, la Ley Orgánica de EFE reconoce la vinculación necesaria entre la empresa y los bienes requeridos para la operación ferroviaria. En particular, sus artículos 28 y 43 contemplan reglas r",,,,pending,
18466-37,19149,2026-07-14,parlamentario,37,"Modifica la ley N° 19.227 que crea un Fondo Nacional de Fomento del Libro y la Lectura, y modifica cuerpos legales que señala, con el objeto promover el acceso a la lectura",ingreso_proyecto,rica,16798,"Boletín N° 18.466-37 Proyecto de ley, iniciado en Moción de los Honorables Senadores señor De Urresti, señoras Pascual, Sánchez y Sepúlveda, y señor Cruz-Coke, que modifica la ley N° 19.227 que crea un Fondo Nacional de Fomento del Libro y la Lectura, y modifica cuerpos legales que señala, con el objeto promover el acceso a la lectura. 1. Antecedentes La Ley N°19.227, que crea el Fondo Nacional de Fomento del Libro y la Lectura, fue publicada en el Diario Oficial el 10 de julio de 1993, con la firma del Presidente Patricio Aylwin. Su última modificación fue la Ley N°21.045, que crea el Ministerio de las Artes, las Culturas y el Patrimonio, publicada en el Diario Oficial el 13 de octubre de 2017, con la firma de la Presidenta Michelle Bachelet. Es decir, casi una década atrás. Y aunque ciertamente pareciera que otras prioridades copan la agenda legislativa, llama la atención que un país como Chile, que pese a su tamaño cuenta con dos Premio Nobel y una importante cantidad de autores en el pasado y en el presente, relegue a un lugar tan secundario al libro y la lectura. Durante mucho tiempo, distintas iniciativas legislativas han buscado proponer fórmulas que estimulen esta importante actividad personal, cultural y educativa sin mayores resultados. Ciertamente un tema constante en este debate ha sido el costo del acceso a la lectura, así como los recursos que a través del Estado o del aporte de privados existe y se canaliza en favor de la infraestructura y la ampliación y actualización del catálogo en escuelas y bibliotecas. Otro tema es como la geografía nacional impacta también en muchos de estos aspectos. Desde los municipios también han existido múltiples y creativas alternativas de gestión desde los bibliomóviles, las bibliolanchas y el bibliometro hasta medidas simples que aportan al acceso de las personas de todas las edades como, por ejemplo, cambiando el horario y días de funcionamiento de bibliotecas, de manera tal que, tras la jornada escolar o laboral, más niños, jóvenes y adultos puedan acceder al libro y la lectura. 2. Las mociones Desde 1990 en adelante muchos parlamentarios y parlamentarias han presentado mociones buscando perfeccionar la Ley 19.227 en diversos aspectos. Entre ellas, las siguientes: - El año 2000 el entonces senador Sergio Bitar presentó un proyecto de ley que ""Modifica las leyes de propiedad intelectual y de fomento del libro y la lectura, para que las especies decomisadas puedan ser destinadas a un fin educacional, cultural o de instrucción"", Boletín 554-04. - En el 2004, los entonces diputados Francisco Bayo, Mario Berto",,,,pending,
18464-14,19146,2026-07-15,ejecutivo,14,"Modifica el decreto ley N° 2.695, de 1979, estableciendo un nuevo procedimiento para la regularización de la posesión de la pequeña propiedad raíz y la constitución del dominio sobre ella, en situaciones de emergencia",texto_proyecto,rica,26963,"MENSAJE DE S.E. EL PRESIDENTE DE LA REPÚBLICA CON EL QUE INICIA EL PROYECTO DE LEY QUE MODIFICA EL DECRETO LEY N° 2.695 DE 1979 QUE FIJA NORMAS PARA REGULARIZAR LA POSESIÓN DE LA PEQUEÑA PROPIEDAD RAÍZ Y PARA LA CONSTITUCIÓN DEL DOMINIO SOBRE ELLA, ESTABLECIENDO UN PROCEDIMIENTO PARA SITUACIONES DE EMERGENCIA. Santiago, 14 de julio de 2026 M E N S A J E Nº 085-374/ A S.E. EL PRESIDENTE DE LA H. CÁMARA DE DIPUTADOS Honorable Cámara de Diputados: En uso de mis facultades constitucionales, he resuelto someter a vuestra consideración el presente proyecto de ley que modifica el decreto ley N° 2.695 de 1979, estableciendo un nuevo procedimiento para la regularización de la posesión de la pequeña propiedad raíz y constitución de dominio sobre ella en situaciones de emergencia. ANTECEDENTES Durante los últimos años, Chile ha sido afectado por una serie de catástrofes naturales de diversas índoles que han afectado gravemente a la población nacional. Como consecuencia de estos acontecimientos, miles de personas han sufrido la pérdida y/o destrucción total o parcial de sus hogares. Esto ha puesto en evidencia la situación de posesión irregular en que muchas veces se encuentran esos inmuebles. En efecto, con fecha 2 y 3 de febrero de 2024, ocurrieron los denominados “mega incendios” que afectaron a la región de Valparaíso, dejando una cifra de 135 personas fallecidas y miles de damnificados. Este siniestro afectó las comunas de Valparaíso, Viña del Mar, Quilpué y Villa Alemana. De acuerdo con lo informado por el Centro de Información de Recursos Naturales, 11.349,2 hectáreas resultaron destruidas, de las cuales 427,78 hectáreas corresponden a zonas urbanas y 10.921,42 hectáreas a zonas rurales. La magnitud de esta catástrofe afectó a un total de 6.587 hogares, dejando más de 5.350 damnificados. De la misma manera, en enero de 2026, las regiones de Ñuble, Biobío y La Araucanía se vieron afectadas por incendios forestales. En cuanto a las zonas afectadas en esta emergencia, de acuerdo con la información entregada por las Naciones Unidas en Chile, al 23 de enero de 2026, Biobío registró cerca de 26.800 hectáreas afectadas por los incendios, en las comunas de Concepción, Penco, Tomé, Laja y Florida. En Ñuble, la superficie dañada alcanzó aproximadamente 7.100 hectáreas, principalmente en las comunas de Ránquil, Quillón, Pinto en los sectores no controlados de las comunas de Perales, Monte Negro y San Lorenzo. En La Araucanía, cerca de 3.900 hectáreas se estimaron afectadas, con focos activos en las comunas de Angol, Nueva Imperial, Collipulli y Lumaco (focos en Codihue ",,,,pending,
18529-14,19207,2026-07-15,parlamentario,14,"Modifica la Ley General de Urbanismo y Construcciones, en materia de caminos locales emplazados en zonas rurales",ingreso_proyecto,rica,3095,"Boletín N° 18.529-14 Proyecto de ley, iniciado en Moción de los Honorables Senadores señora Sepúlveda y señores Becker, Espinoza y Velásquez, que modifica la Ley General de Urbanismo y Construcciones, en materia de caminos locales emplazados en zonas rurales. El presente proyecto busca atender una particular complicación que afecta a proyectos de urbanización de predios en zonas rurales, que en el caso de algunos proyectos de viviendas sociales han visto aplazados sus permisos de construcción por la exigencia de pavimentar sus vías de acceso con un ancho no inferior a 15 metros. Si bien, dichas medidas pueden tener sentido dentro de zonas urbanas o de extensión urbana cercanos a centros comunales o ciudades, en el caso de localidades y zonas rurales implica una exigencia onerosa que encarece los proyectos de construcción, más aun tratándose de vías locales para la construcción de viviendas sociales. En ese sentido, la Ordenanza General de Urbanismo y Construcción (""OGUC""), en su artículo 2.3.2, establece una clasificación y características que deben tener los distintos tipos de vías, de acuerdo a su uso, debiendo las Direcciones de Obras Municipales, por mandato de la Ley General de Urbanismo (""LGUC"") exigir la adecuación de proyectos de construcción y urbanización a dichos estándares. Dentro de esa reglamentación, una de las características que se exige es la del ancho mínimo que deben tener las calzadas. Sin embargo, la regulación del artículo 2.3.2 no parece distinguir, dada la experiencia en la práctica, entre vías que estén emplazadas en zonas urbanas de aquellas en zonas rurales, debiendo en este último caso ser estándares más accesibles para la realidad de la ruralidad del país, ello sin desatender estándares mínimos de calidad y seguridad de dichas vías. Por lo anterior, este proyecto de ley busca establecer un mandato legal en la LGUC, que deberá posteriormente reflejarse en la respectiva OGUC, por el que se limita el ancho mínimo exigible de pavimentación en vías de acceso a predios que comuniquen con un camino público u otras vías mayores. Para ese fin, se estima como adecuado establecer una exigencia de ancho mínimo de 10 metros en vías de acceso de hasta 200 metros de largo emplazados en zonas rurales, reduciendo los actuales 15 metros que hoy exige la norma. Con ello, se espera reducir las exigencias de pavimentación a las obras emplazadas en zonas rurales, especialmente tratándose de proyectos de viviendas sociales. PROYECTO DE LEY Artículo Único: Modifíquese el decreto con fuerza de ley N° 458, de 1975, del Ministerio de Vivienda y Urbani",,,,pending,
18496-06,19177,2026-07-20,parlamentario,06,"Resguarda el uso común de los bienes nacionales de uso público ante ocupaciones mediante estructuras precarias, según criterios de proporcionalidad y no discriminación",ingreso_proyecto,rica,11400,"FUNDAMENTOS. Los bienes nacionales de uso público —calles, plazas, veredas y demás espacios cuyo dominio pertenece a la nación toda y cuyo uso corresponde a todos sus habitantes— se encuentran jurídicamente afectos al uso común, y su administración compete a las municipalidades.1 La ocupación permanente de tales espacios mediante estructuras precarias, conocidas como “rucos”, tensiona ese destino y compromete la libre circulación, la seguridad y la salubridad que el espacio público debe garantizar a toda la comunidad. El fenómeno dista de ser marginal. Según información del Ministerio de Desarrollo Social y Familia, en 2024 se registraron 21.272 personas en situación de calle en el país, cifra que más que duplica la de 2017.2 Los propios datos oficiales reconocen que ese registro, construido sobre autorreportes voluntarios, subestima la magnitud real del problema, del cual la instalación de rucos en bandejones, parques y aceras —como los observados desde hace años en el eje Alameda-Providencia— constituye su expresión más visible.3 1Código Civil, artículos 589 y 599, sobre bienes nacionales de uso público; Ley N° 18.695, Orgánica Constitucional de Municipalidades, artículo 5°, letra c), que entrega su administración a las municipalidades. 2Ministerio de Desarrollo Social y Familia, información del Registro Social de Hogares (autorreporte), 2024: 21.272 personas en situación de calle a nivel nacional, un 6% más que en 2023 y un 102,4% más que en 2017 (10.509). La Región Metropolitana concentra 8.780 personas (un 94,69% más que en 2017), seguida por Valparaíso (2.485) y el Biobío (1.774). Difundido por La Tercera, abril de 2024. 3El registro se construye sobre autorreportes voluntarios, por lo que subestima el fenómeno. En 2026 el Ministerio de Desarrollo Social y Familia inició un nuevo Catastro Nacional de Personas en Situación de Calle; el registro previo bordeaba las 20.000 personas, mientras los dispositivos de atención superan los 50.000 usuarios. La prensa ha documentado la instalación de rucos en el eje Alameda-Providencia, en Santiago. 20-07-2026 14:00 2 El problema exhibe, además, una marcada concentración territorial y una dimensión migratoria que no puede ignorarse. La Región Metropolitana reúne la mayor cantidad de personas en situación de calle del país, muy por encima de las demás regiones. En comunas del centro de Santiago —entre ellas Santiago Centro, Estación Central, Recoleta, Independencia, Quinta Normal y Providencia— diversos catastros de campo han constatado que más de la mitad de las personas encuestadas que pernoctan en el espacio ",,,,pending,
18499-02,19184,2026-07-20,parlamentario,02,"Modifica la ley N°21.280, sobre el ámbito de aplicación del procedimiento de tutela laboral, para excluir a los funcionarios de las fuerzas Armadas, y de Orden y Seguridad Pública, de tales procedimientos",ingreso_proyecto,rica,4718,"FUNDAMENTOS La aplicación del procedimiento de tutela laboral al personal de las Fuerzas Armadas ha generado una importante controversia jurídica y jurisprudencial, debido a que dicha extensión no proviene de una disposición legal expresa, sino de interpretaciones amplias desarrolladas por algunos tribunales de justicia a partir de la Ley N.º 21.280 y del artículo 1° del Código del Trabajo. Esta situación constituye un problema relevante, por cuanto las Fuerzas Armadas poseen un régimen constitucional y estatutario especial, fundado en principios de jerarquía, disciplina y obediencia, que difiere sustancialmente de la s relaciones laborales comunes reguladas por el Derecho del Trabajo. En efecto, el personal de las Fuerzas Armadas se encuentra sometido a un estatuto jurídico propio, contenido principalmente en la Ley N.º 18.948, el DFL N.º 1 de 1997, el Código de Justicia Militar y sus respectivos reglamentos institucionales. Dichas normas regulan integralmente materias relativas al ingreso, carrera funcionaria, destinaciones, ascensos, disciplina y término de funciones, configurando una relación funcionaria de derecho público y no una relación laboral ordinaria. Sin embargo, a partir de ciertas interpretaciones judiciales, algunos tribunales han entendido que el personal militar podría igualmente recurrir al 20-07-2026 18:07 2 procedimiento de tutela laboral, bajo el argumento de que las F uerzas Armadas forman parte de la Administración del Estado. La doctrina ha señalado que la falta de una referencia expresa a las Fuerzas Armadas en la Ley N.º 21.280 ha dado lugar a interpretaciones disímiles respecto de la aplicación del procedimiento de tutela laboral al personal militar. Esta omisión legislativa ha dado lugar a interpretaciones contradictorias entre tribunales, en virtud de la cual algunos tribunales han admitido la competencia de los tribunales laborales para conocer este tipo de acciones, mientras otros han sostenido que dichas relaciones jurídicas deben regirse exclusivamente por sus estatutos especiales1. Esta situación resulta especialmente problemática porque permite que, mediante interpretación judicial, se altere el alcance de un régimen jurídico especial diseñado constitucionalmente para las Fuerzas Armadas. Además, genera incertidumbre respecto de las normas aplicables al personal militar y desconoce la diferencia entre la función militar y las relaciones laborales regidas por el Código del Trabajo. Del mismo modo, abre espacio a que decisiones vinculadas a la disciplina, destinaciones, evaluaciones y organización interna de las instituc",,,,pending,
18478-13,19161,2026-07-21,ejecutivo,13,Perfecciona los mecanismos de adaptabilidad de la jornada de trabajo y establece un régimen especial para el sector turismo y actividades conexas,texto_mensaje,rica,13347,"MENSAJE DE S.E. EL PRESIDENTE DE LA REPÚBLICA CON EL QUE INICIA UN PROYECTO DE LEY QUE PERFECCIONA LOS MECANISMOS DE ADAPTABILIDAD DE LA JORNADA DE TRABAJO Y ESTABLECE UN RÉGIMEN ESPECIAL PARA EL SECTOR TURISMO Y ACTIVIDADES CONEXAS. Santiago, 20 de julio de 2026 M E N S A J E N° 094-374/ Honorable Cámara de Diputados: En uso de mis facultades constitucionales, tengo el honor de someter a vuestra consideración un proyecto de ley que perfecciona los mecanismos de adaptabilidad de la jornada de trabajo y establece un régimen especial para el sector turismo y actividades conexas. ANTECEDENTES La dictación de la ley N° 21.561 constituyó un avance significativo en la modernización de la regulación de la jornada laboral en Chile. Por una parte, reduce gradualmente la jornada ordinaria desde cuarenta y cinco a cuarenta horas semanales, acercando a Chile al estándar predominante entre los países de la Organización para la Cooperación y el Desarrollo Económico (“OCDE”). Por otra, incorporó mecanismos de adaptabilidad, permitiendo, por primera vez, distribuir la jornada sobre la base de un promedio semanal en ciclos –denominados “períodos de referencia” en la legislación comparada– superiores a una semana. No obstante, el período de referencia actualmente permitido —de hasta cuatro semanas— continúa siendo significativamente inferior al observado en la mayoría de los países de la OCDE. En efecto, la evidencia comparada muestra que los países miembros que cuentan con esquemas de distribución de jornada concentran sus períodos de referencia, en términos generales, en torno a las dieciséis semanas. La duración de dicho período determina el grado de adaptabilidad que ofrece el sistema: horizontes más extensos permiten distribuir la jornada de acuerdo con ciclos productivos que exceden el horizonte mensual, otorgando a las partes una mayor capacidad para adaptar las fluctuaciones estacionales o cíclicas de la actividad. Cabe destacar que, países miembros de la Unión Europea complementan esta regla general con regímenes especiales para determinados sectores o actividades, atendiendo a las particularidades de sus procesos productivos y de la organización del trabajo. Esta diferenciación resulta especialmente pertinente en actividades cuyos ciclos productivos o estacionales se extienden durante varios meses consecutivos y requieren un mayor grado de adaptabilidad en la organización de la jornada. El turismo constituye uno de los ejemplos más representativos de este último grupo. La demanda por servicios turísticos se concentra en temporadas claramente identificables —como",,,,pending,
18508-04,19193,2026-07-21,parlamentario,04,Crea una acción de tutela del derecho preferente de los padres a educar a sus hijos,ingreso_proyecto,rica,11994,"Antecedentes El artículo 19, N° 10, inciso tercero, de la Constitución Política de la República reconoce que los padres tienen el derecho preferente y el deber de educar a sus hijos, y ordena al Estado otorgar a este derecho una especial protección.1 Se trata de una de las garantías res pecto de las cuales el constituyente no se limitó a su reconocimiento, sino que impuso al Estado un deber calificado y activo de resguardo . La preferencia que la norma consagra expresa una determinada concepción del orden social: la familia, y no el Estado , es la comunidad primera y principal en la formación de los hijos, y al poder público corresponde apoyar y proteger esa función, no desplazarla. Este derecho preferente no es un enunciado abstracto. Se proyecta en decisiones concretas y cotidianas: la ele cción del proyecto educativo y del establecimiento, el conocimiento y la participación en los contenidos formativos que reciben los hijos —de modo especial en materias de particular sensibilidad moral o valórica —, y la posibilidad de oponerse a actuaciones de la autoridad o de terceros que pretendan formar a los hijos al margen, o en contra, de las convicciones de sus padres. El deber estatal de especial protección supone, por su propia naturaleza, la existencia de medios idóneos para hacerlo efectivo cuando ese derecho es desconocido.2 La legislación vigente reconoce y reitera este derecho preferente en diversos cuerpos normativos, en particular en la Ley General de Educación, y articula a su alrededor un conjunto de facultades de los padres y apoderados en la vida escolar. 3 Sin embargo, ese reconocimiento sustantivo no se encuentra acompañado de un mecanismo jurisdiccional rápido y eficaz que permita a los padres reaccionar oportunamente cuando el derecho es privado, perturbado o amenazado. El ordenamiento ofrece, en el mejor de los casos, las vías declarativas ordinarias, cuya extensión en el tiempo las torna inservibles frente a afectaciones que, por su naturaleza, exigen una respuesta inmediata: cuando la formación de un menor se ve comprometida, la tutel a que llega tarde equivale, en los hechos, a la ausencia de tutela. El problema que se busca resolver 1El artículo 19, N° 10, inciso tercero, de la Constitución Política dispone: “Los padres tienen el derecho preferente y el deber de educar a sus hijos. Corresponderá al Estado otorgar especial protección al ejercicio de este derecho.” El inciso cuarto extiende un mandato análogo a la comunidad en general, a la que corresponde contribuir al desarrollo y perfeccionamiento de la educación. 2El mandato de “especi",,,,pending,
18509-35,19192,2026-07-21,parlamentario,35,"Modifica la ley N°20.422, sobre igualdad de oportunidades e inclusión social de personas con discapacidad, para especificar el deber de señalización auditiva de estaciones y paradas en los servicios de transporte público",ingreso_proyecto,rica,10865,"ANTECEDENTES 1. S ITUACIÓN DE LAS PERSONAS CON DISCAPACIDAD EN C HILE Según el CENSO 2024, en Chile el 11,1% de la población tiene discapacidad, equivalente a 1.950.388 personas de 5 años o más . 1 Por su parte, las estadísticas desagregadas por dificultad indican que de ellas, 908.712 personas presentan dificultad para caminar o subir escaleras, 847.000 manifiestan dificultades para ver incluso si llevan lentes y 498.237 señalan tener dificultades para recordar o concentrarse. 2 A su vez, de acuerdo con la III Encuesta Nacional sobre Discapacidad, una de cada dos personas adultas con discapacidad en Chile declara que el transporte público le resulta difícil o muy difícil de utilizar, cifra que es cinco veces mayor a la registrada en personas sin discapacidad (10,0%). El propio estudio concluye expresamente que en la población adulta “las barreras se presentan principalmente en el uso del transporte público, servicios 2 Ciudad accesible. Censo 2024 y discapacidad – Chile. 2025. [en línea] https://www.ciudadaccesible.cl/censo-2024-y-discapacidad-chile/ [consulta: 28 de junio de 2026] 1 Servicio Nacional de la Discapacidad. SENADIS presenta los principales resultados del CENSO 2024 respecto a la población con discapacidad. 2025. [en línea] https://www.senadis.gob.cl/sala_prensa/d/noticias/9568/senadis-presenta-los-principales-result ados-del-censo-2024-respecto-a-la-poblacion-con-discapacidad [consulta: 26 de junio de 2026] 21-07-2026 20:19 de salud, comercios y tiendas, y espacios públicos”, ubicando al transporte público en el primer lugar de los ámbitos identificados como barrera 3 . La investigación concluye asimismo que en el caso de niñas y niños “las principales barreras corresponden al uso del transporte público, lugares para participar en la comunidad o con otras niñas y niños, y sentirse respetados por otras niñas y niños” 4 , confirmando que la dificultad de uso del transporte público afecta a las personas con discapacidad a lo largo de todo el ciclo vital. 2. R EGULACIÓN INTERNACIONAL SOBRE ACCESIBILIDAD DE PERSONAS CON DISCAPACIDAD El 13 de diciembre de 2006, la Asamblea General de las Naciones Unidas adoptó la Convención sobre los Derechos de las Personas con Discapacidad (“Convención”) y su Protocolo Facultativo, cuya promulgación en nuestro país se realizó en el año 2008. El propósito de la Convención es promover, proteger y asegurar el goce pleno y en condiciones de igualdad de todos los derechos humanos y libertades fundamentales por parte de todas las personas con discapacidad , así como promover el respeto de su dignidad inherente. En v",,,,pending,
18516-18,19195,2026-07-24,parlamentario,18,"Modifica la ley N°16.618, de menores, para disponer la resolución inmediata de solicitudes de autorización de salida del país en caso de negativa de deudores de pensiones de alimentos",ingreso_proyecto,rica,5148,"FUNDAMENTOS El derecho de Familia es esencialmente dinámico, lo que implica que va variando a medida que pasa el tiempo y es por ello que nuestra legislación tiene el deber y la obligación de adaptarse oportunamente a dichas transformaciones. A pesar de todos los cambios que hemos vivido y evidenciado, hay algo que lamentablemente no cambia, persistiendo como una problemática estructural y esto es, el gran numero de deudores del pago de Pensión de Alimentos. Así las cosas, según datos del Registro Nacional de Deudores de Pensión de Alimentos, -del Registro Civil e Identificación- a febrero de 2025, señalaba que el numero de deudores superaba los 238 mil a nivel nacional1. Y a finales de 2025 e inicios de 2026, el Registro supera los 295 mil deudores2. 1 https://www.elmostrador.cl/noticias/pais/2025/02/11/registro-nacional-de-deudores-suma- mas-de-238-mil-inscritos-el-96-son-hombres/ 2 https://www.latercera.com/nacional/noticia/a-tres-anos-del-registro-de-deudores-7-de-cada-10- personas-regularizaron-su- pension/#:~:text=A%20tres%20a%C3%B1os%20de%20su%20creaci%C3%B3n%2C%20el,de%20 un%20aumento%20sostenido%20en%20el%20cumplimiento. 24-07-2026 20:57 No obstante, existir esa gran cantidad de deudores del Pago de Pensión Alimenticia, igualmente la normativa vigente continúa exigiendo la autorización de ambos padres para que los niños, niñas y adolescentes puedan salir del país. Y si bien, contempla la posibilidad de obtener autorización judicial en caso de negativa injustificada, en la práctica ello implica la tramitación de un procedimiento que puede extenderse por semanas o incluso meses. Actualmente, el artículo 49 de la Ley N° 16.618 regula la salida del país de niños, niñas y adolescentes, exigiendo la autorización de ambos padres o, en su defecto, una autorización judicial. Esta última alternativa suele generar un perjuicio directo para el niño, niña o adolescente, especialmente cuando el otro progenitor se encuentra ausente, se opone sin justificación razonable o mantiene una deuda vigente por concepto de pensión de alimentos. En tales casos, la demora judicial puede traducirse en la pérdida de oportunidades relevantes, tales como viajes familiares, actividades deportivas, actividades educativas o instancias recreativas, afectando su desarrollo integral. En consecuencia, se hace necesario establecer un mecanismo expedito que permita al juez resolver de manera inmediata estas solicitudes cuando exista un incumplimiento objetivo de las obligaciones alimenticias, evitando dilaciones innecesarias y resguardando el interés superior del niño, niña o adolesce",,,,pending,
18525-06,19205,2026-08-04,ejecutivo,06,"Modifica la ley N° 21.802, que fortalece la institucionalidad municipal en materia de seguridad pública y prevención del delito",texto_mensaje,rica,17467,"MENSAJE DE S.E. EL PRESIDENTE DE LA REPÚBLICA CON EL QUE SE INICIA UN PROYECTO DE LEY QUE MODIFICA LA LEY N° 21.802 QUE FORTALECE LA INSTITUCIONALIDAD MUNICIPAL EN MATERIA DE SEGURIDAD PÚBLICA Y PREVENCIÓN DEL DELITO, CON EL OBJETO DE DIFERIR LA ENTRADA EN VIGENCIA DE CIERTAS DISPOSICIONES Y EXCLUIR AL PERSONAL DE SEGURIDAD DEL LÍMITE DE GASTO ANUAL. _________________________________ Santiago, 04 de agosto de 2026 M E N S A J E Nº 125-374/ A S.E. EL PRESIDENTE DE LA H. CÁMARA DE DIPUTADOS Honorable Cámara de Diputados: En uso de mis facultades constitucionales, tengo el honor de someter a vuestra consideración el siguiente proyecto de ley que modifica la ley N° 21.802, que fortalece la institucionalidad municipal en materia de seguridad pública y prevención del delito. I. ANTECEDENTES Aun cuando el diseño institucional chileno haya radicado formal e históricamente el monopolio del uso de la fuerza y el mantenimiento del orden público en las policías y en la Administración Central, las municipalidades han ido tomado un rol relevante en esta materia. En efecto, las municipalidades han debido asumir crecientemente labores relacionadas con la prevención del delito, patrullaje preventivo, fiscalización territorial, recuperación de espacios públicos, televigilancia, apoyo operativo a las policías y coordinación comunitaria. Lo anteriormente descrito explica la dictación de la ley N° 21.802, que modifica la ley N° 18.695, Orgánica Constitucional de Municipalidades, y otros cuerpos legales, con el objeto de fortalecer la institucionalidad municipal en materia de seguridad pública y prevención del delito, conocida públicamente como “Ley de Seguridad Municipal”. Si bien, el legislador ha fortalecido las competencias municipales en materia de seguridad pública, el marco jurídico vigente presenta contradicciones estructurales que deben ser corregidas. La arquitectura normativa actual exige que las remuneraciones del personal de seguridad municipal contratado conforme al Código del Trabajo se incorporen íntegramente al cálculo del gasto en personal. Esto implica que tales remuneraciones se deben contemplar para efectos de calcular la limitación prevista en el inciso final del artículo 2° de la ley N° 18.883, Estatuto Administrativo para Funcionarios Municipales. De acuerdo con esta disposición, existe un límite del gasto anual en personal no puede exceder del 42% de sus ingresos propios, según lo dispuesto en el inciso final del artículo 2° del referido cuerpo legal. La consecuencia de lo anterior es que numerosas municipalidades se verían envueltas en un problema de",,,,pending,
18539-21,19228,2026-08-04,parlamentario,21,"Modifica diversos cuerpos legales, con el objeto de tipificar nuevos delitos en el sector pesquero y de regular técnicas especiales de investigación",ingreso_proyecto,rica,15830,"Boletín N° 18.539-21 Proyecto de ley iniciado en moción de los Honorables Senadores señora Núñez, y señores Calisto, Flores, Kuschel y Moreira, que modifica diversos cuerpos legales, con el objeto de tipificar nuevos delitos en el sector pesquero y de regular técnicas especiales de investigación. FUNDAMENTOS La pesca ilegal constituye una de las principales amenazas para la conservación de los recursos hidrobiológicos, la sostenibilidad de las pesquerías y el desarrollo de quienes ejercen la actividad conforme a la ley. Sus efectos trascienden el ámbito ambiental y econ ómico, afectando la recaudación fiscal, distorsionando la competencia, debilitando la confianza en los sistemas de trazabilidad y favoreciendo la consolidación de organizaciones criminales que operan mediante estructuras empresariales, logísticas y financi eras cada vez más sofisticadas. La experiencia demuestra que las organizaciones dedicadas a esta actividad no limitan su intervención a la extracción ilegal de recursos. El verdadero beneficio económico se obtiene cuando éstos son incorporados al mercado formal mediante mecanismos destin ados a aparentar un origen lícito. La utilización de documentación adulterada, la manipulación de registros de trazabilidad, la mezcla de productos legales e ilegales, el uso de sociedades instrumentales y la simulación de operaciones comerciales constituy en prácticas reiteradas que dificultan la identificación del origen de los recursos y permiten que éstos ingresen a cadenas de comercialización nacionales e internacionales. La legislación vigente sanciona diversas conductas asociadas a la pesca ilegal y contempla delitos relacionados con la comercialización de recursos obtenidos ilícitamente. Sin embargo, no existe una figura penal que sancione de manera específica y autónoma las operaciones posteriores destinadas a legitimar dichos recursos mediante su incorporación al circuito económico formal. Ese vacío normativo reduce la capacidad del Estado para perseguir a quienes organizan, financian o facilitan estas estructuras, concentrando la respuesta penal principalmente en los autores de la extracción o comercialización directa. Esta realidad exige avanzar desde un enfoque centrado exclusivamente en la actividad extractiva hacia una estrategia que abarque toda la cadena económica del delito. La persecución moderna del crimen organizado no se dirige únicamente contra quien obtiene ilícitamente un recurso, sino también contra quienes permiten su circulación, financiamiento, ocultamiento y aprovechamiento económico mediante estructuras destinadas a dificu",,,,pending,
18543-35,19220,2026-08-04,parlamentario,35,Fomenta el acceso y participación de personas mayores en actividades económicas,ingreso_proyecto,rica,29186,"ANTECEDENTES GENERALES En los últimos años, Chile ha consolidado avances legislativos orientados a la protección de las personas mayores. De hecho, recientemente, un avance sustantivo se materializó a través de la Ley N° 21.822 [Ley Integral de la Personas Mayores y de Promoción del Envejecimiento Digno, Activo y Saludable] para promover el envejecimiento positivo, el cuidado integral de las personas mayores, y el fortalecimiento de la institucionalidad que los protege. Dicho cuerpo legal, no solo moderniza la estructura administrativa del Servicio Nacional del Adulto Mayor (Senama), sino que establece un catálogo de derechos específicos diseñados para otorgar un resguardo legal, efectivo y ajustado a la realidad de este grupo etario. Entre los pilares fundamentales que esta norma robustece, destacan las siguientes: a) Igualdad y no discriminación: La eliminación de cualquier distinción arbitraria basada estrictamente en la edad. b) Dignidad en el trato: El reconocimiento del derecho a un trato digno, respetuoso y a la atención preferente en diversos ámbitos. 04-08-2026 20:18 2 c) Autonomía e independencia: El fortalecimiento de la capacidad de decisión de las personas mayores sobre sus propios proyectos de vida. d) Acceso a la Justicia: La implementación de un nuevo procedimiento en la Ley de Tribunales de Familia y una definición más precisa del abandono social, permitiendo una respuesta jurisdiccional más ágil y sensible frente a vulneraciones. Por otra parte, nuestro país ha ratificado compromisos internacionales para elevar los estándares de Derechos Humanos relacionados con esta población. Así, el desarrollo legislativo nacional no ha sido un esfuerzo aislado, sino que responde a la suscripción de Chile a instrumentos legales internacionales. Por ejemplo, en el año 2017, nuestro país ratificó la Convención Interamericana sobre la Protección de los Derechos Humanos de las Personas Mayores, la cual es una norma que hoy nos impone obligaciones ineludibles para el Estado. Bajo este marco legal internacional, Chile ha asumido —entre otras cosas — el compromiso de: a) Reconocer y garantizar los derechos fundamentales de las personas mayores en las políticas, planes y programas. b) Identificar y eliminar las barreras que impiden una participación económica y social plena. c) Prevenir, sancionar y erradicar el aislamiento, abandono, hacinamiento, negación de nutrición, entre otros malos tratos. 04-08-2026 20:18 3 d) Promover instituciones públicas especializadas en la protección y promoción de los derechos de la persona mayor y su desarrollo integral. e) A",,,,pending,
18546-34,19229,2026-08-04,parlamentario,34,"Modifica diversos cuerpos legales, con el objeto de regular la gestación por subrogación altruista",ingreso_proyecto,rica,35085,"Boletín N° 18.546-34 Proyecto de ley, iniciado en Moción de los Honorables Senadores señoras Carvajal, Astudillo, Campillai y Vodanovic, y señor Castro, que modifica diversos cuerpos legales, con el objeto de regular la gestación por subrogación altruista. I. MENSAJE 1. Antecedentes y necesidad de legislar La gestación por subrogación plantea una realidad humana y jurídica que el ordenamiento chileno ya no puede seguir tratando mediante el silencio. Personas con infertilidad, ausencia o lesión uterina, enfermedades que hacen médicamente desaconsejable una ge stación, parejas de hombres y personas solas con impedimentos funcionales para procrear recurren a esta técnica dentro o fuera del país. La falta de reglas no impide que estos procesos ocurran: únicamente los desplaza hacía soluciones privadas, desiguales y, en ciertos casos, transfronterizas, sin garantías suficientes para la persona gestante, para quienes han expresado la voluntad de asumir la parentalidad y, especialmente, para el niño o niña que nace. En 2018 presentamos una iniciativa destinada a regular esta materia. Desde entonces, Chile ha experimentado cambios jurídicos y sociales relevantes. La ley N° 21.400 reconoció el matrimonio igualitario y adecuó el régimen de filiación; el artículo 182 del Código Civil dispone hoy que la filiación del hijo nacido mediante técnicas de reproducción humana asistida queda determinada respecto de las dos personas que se hayan sometido a ellas. Sin embargo, esa regla no resuelve el supuesto específico en que quien gesta no es quien manifiesta la voluntad procreacional ni pretende asumir la filiación. Tampoco existe una ley general que establezca condiciones de acceso, estándares de consentimiento, controles sanitarios, reglas sobre gastos y seguros, ni una vía clara y previa para determinar la filiación. Esta omisión genera incertidumbre. Deja sin respuesta preguntas esenciales: cómo asegurar que el consentimiento de la gestante sea libre y no esté condicionado por necesidad económica; qué gastos pueden reembolsarse; quién decide sobre las actuaciones médi cas durante el embarazo; cómo se protege la autonomía corporal de la gestante; cómo se evita la intermediación comercial; y cómo se garantiza, desde el nacimiento, la identidad y responsabilidad parental respecto del niño o niña. 2. Infertilidad, impedimentos funcionales y derechos reproductivos El doctor Fernando Zegers Hochschild ha sostenido ante la Comisión de la Mujer y Equidad de Género del Senado que la infertilidad es una enfermedad del sistema reproductivo y puede constituir una discapacidad o i",,,,pending,
18549-15,19231,2026-08-04,parlamentario,15,"Modifica la Ley de Tránsito, con el objeto de establecer nuevo requisito para obtener la licencia de conducir",ingreso_proyecto,rica,2733,"Boletín N° 18.549-15 Proyecto de ley, iniciado en Moción de las Honorables Senadoras señoras Flores, Gatica y Núñez, que modifica la Ley de Tránsito, con el objeto de establecer nuevo requisito para obtener la licencia de conducir. Exposición de motivos. La Ley N° 18.290, de Tránsito, cuyo texto refundido, coordinado y sistematizado, se contiene en el Decreto con Fuerza de Ley N° 1 de 2009, contempla en su Título I, el artículo 13, que establece los requisitos generales que d eben reunir los postulantes a obtener licencia de conducir, las que se clasifican en Licencia Profesional, Licencia No Profesional Clase B, Licencia No Profesional Clase C, Licencia Especial Clase D, Licencia Especial Clase E y Licencia Especial Clase F. En el número 1. - de dicha disposición se establece que el respectivo postulante a obtener dicho documento habilitante para conducir, debe acreditar idoneidad moral, física y psíquica. Por su parte, el artículo 14 del mismo cuerpo legal, contempla la forma d e acreditar los requisitos para obtener cada una de las licencias antes mencionadas. En lo que se refiere a la idoneidad física y psíquica, ésta se acredita mediante un certificado expedido por el médico del Departamento de Tránsito y Transporte Municipal respectivo. Sin embargo, no exige la referida ley la obligatoriedad de consignar en las mencionadas licencias de conducir, el grupo sanguíneo a que pertenecen sus titulares, antecedente que en nuestro concepto resulta de vital importa ncia cuando el respectivo conductor se ve involucrado en accidentes de tránsito, con resultado de lesiones, que en muchas oportunidades requieren de intervenciones quirúrgicas con sus consiguientes transfusiones, para cuyo efecto se requiere conocer previamente el grupo sanguíneo correspondiente. En tal virtud, se hace necesario, a nuestro juicio, modificar el artículo 13 ya citado, a fin de que sea obligatorio que cada persona que postule a obtener licencia de conducir, deba acreditar el grupo de sangre a que pertenece. En mérito a las consideraciones que anteceden, sometemos a la aprobación del Senado, el siguiente PROYECTO DE LEY: Artículo único: Introdúzcanse las siguientes modificaciones a la Ley N° 18.290, de Tránsito: a) En su artículo 13, número 1. - agréguese a continuación de la palabra psíquica, la siguiente oración: ""y el grupo de sangre a que pertenece"". b) En su artículo 14, letra A), N° 2 o, letra a), a continuación de la palabra ""psíquica"", intercálese la siguiente oración: ""y el grupo de sangre correspondiente,"" c) En su artículo 14, letra B), N° 2o, a continuación de la palabra """,,,,pending,
18550-36,19233,2026-08-04,parlamentario,36,"Modifica la ley N° 20.066, con el objeto de establecer entrevistas videograbadas en resguardo de las víctimas de violencia intrafamiliar",ingreso_proyecto,rica,3631,"Boletín N° 18.550-36 Proyecto de ley, iniciado en Moción de las Honorables Senadoras señoras Flores, Gatica y Núñez, que modifica la ley N° 20.066, con el objeto de establecer entrevistas videograbadas en resguardo de las víctimas de violencia intrafamiliar. Exposición de motivos. La ley 21.057, regula las entrevistas grabadas en video y, otras medidas de resguardo a menores de edad, víctimas de delitos sexuales. El objeto principal de este cuerpo legal, es, como lo señala su artículo 1o, “prevenir la victimización secundaria de niños, niñas y adolescent es"", que hayan sido víctimas de los delitos sexuales, que la misma norma enumera. Por su parte, el artículo 2o de la misma ley, prescribe que “mediante la prevención de la victimización secundaria se busca evitar toda consecuencia negativa que puedan sufrir los niños, niñas y adolescentes con ocasión de su interacción, en calidad de víctimas con las personas o instituciones que intervienen en las etapas de denuncia, investigación y juzgamiento de los delitos en el inciso anterior”. La victimización es el proceso por el cual una persona o colectivo sufre las consecuencias de un acto traumático o delictivo. Los expertos la dividen en tres tipos principales: Victimización primaria: Es el daño físico, psicológico o económico directo e indirecto que sufre la persona a raíz del delito. Por ejemplo, sufrir un asalto. Victimización secundaria: Conocida como revictimización. Es el sufrimiento o desgaste psicológico adicional que padece la víctima al interactuar con el sistema legal, policial o médico, debido a un trato insensible o a la necesidad de rememorar los hechos constantemente. Victimización terciaria: Se refiere al impacto o estigmatización que recae sobre el entorno de la víctima (familia o amigos), sobre la sociedad en general, o incl uso sobre el propio delincuente. Muchas personas recrean y reviven repetidamente el trauma en su vida actual. En los casos de delitos sexuales que pueden sufrir los niños, niñas y adolescentes, se ha establecido la prevención de la revictimización, mediant e las entrevistas videograbadas, que se contemplan en el numeral 2 de su Título II, “Denuncia, entrevista investigativa videograbada y declaración judicial”, de la ley N° 21.057, como ya se expuso. Resulta indudable que las víctimas de violencia intrafamiliar, están altamente expuestas a sufrir revictimización o victimización secundaria, por lo que estimamos que en las causas por todas las formas y manifestaciones de violencia que se ejercen dentro del espacio doméstico, de las familias y de las relaciones de pareja, co",,,,pending,
18551-04,19227,2026-08-05,ejecutivo,04,"Modifica la ley N° 21.040, que crea el sistema de educación pública, con la finalidad de ajustar la segunda etapa de instalación y el traspaso de los servicios locales de educación",ingreso_proyecto,rica,27936,"Boletín N° 18.551-04 Mensaje de S.E. el Presidente de la República con el que inicia un proyecto de ley que modifica la ley N° 21.040, que crea el sistema de educación pública , con la finalidad de ajustar la segunda etapa de instalación y el traspaso de los servicios locales de educación. Santiago, 05 de agosto de 2026 M E N S A J E N° 127-374/ Honorable Senado: En uso de mis facultades constitucionales, tengo el honor de someter a vuestra consideración un proyecto de ley que modifica la Ley N°21.040, que Crea el Sistema de Educación Pública , con la finalidad de ajustar la segunda etapa de instalación y el traspaso de los servicios locales de educación. I. ANTECEDENTES La ley N° 21.040 , publicada en 2017, creó un Sistema de Educación Pública, estructurado en 70 Servicios Locales de Educación Pública ( “SLEP”), que fueron diseñados para asumir progresivamente la administración de los establecimientos educacionales que hasta entonces eran gestionados por 345 municipios. Dada la envergadura de la transformación institucional requerida, se definió una transición gradual, que fue concebida como una condición necesari a para poder crear correctamente los nuevos organismos públicos, conformar sus equipos, habilitar sistemas administrativos y financieros y preparar las condiciones A S.E. LA PRESIDENTA DEL H. SENADO 2 para el traspaso de establecimientos, trabajadores, bienes y obligaciones, entre otros. Así también, en el proceso de implementación de la ley , se han debido ir incorporando mecanismos y destinando recursos para financiar deudas y déficits que se fueron identificando y profundizando como consecuencia de la misma reforma y de los incentivos que ese propio mecanismo de cobertura generó1. Para dicha gradualidad, la ley N° 21.040 distinguió, dos etapas de instalación de los nuevos SLEP: una primera etapa , de once Servicios Locales, que debían instalarse entre 2018 y 2020, y una segunda etapa para los cincuenta y nueve SLEP restantes, cuyo calendario original concentraba la instalación de quince servicios en 2022, quince en 2023, quince en 2024 y catorce en 2025. El diseño incorporó, asimismo, un mecanism o de flexibilidad para poder ajustar el calendario cuando las circunstancias advertidas durante la implementación lo justificaran. Para ello, se facultó al Presidente de la República para modificar el calendario mediante decreto fundado del Ministerio de Educación, suscrito también por el Ministro de Hacienda. En caso de que, por razones fundadas, fuera necesario extender el proceso más allá de 2025, el decreto debía contar, además, con el informe ",,,,pending,
18554-36,19236,2026-08-05,parlamentario,36,"Modifica diversos cuerpos legales, con el objeto de otorgar protección a los niños y niñas abandonados en establecimientos de salud",ingreso_proyecto,rica,20610,"Boletín N° 18.554-36 Proyecto de ley, iniciado en Moción de la Honorable Senadora señora Astudillo, que modifica diversos cuerpos legales, con el objeto de otorgar protección a los niños y niñas abandonados en establecimientos de salud. 1. Fundamentos. En términos fenomenológicos, el hospitalismo se convirtió en un símbolo del daño que la atención institucional a largo plazo causaba a los niños. Quienes documentaron dicho daño sostuvieron que los vínculos emocionales específicos en las primeras etapas de la vida son cruciales para que los niños se normalizaran1. Así, en orfanatos y asilos infantiles, instituciones similares a hospitales que dieron nombre al hospitalismo, investigadores y médicos observaron una serie de comportamientos similares al autismo en niños pequeños, desde la apatía y la indiferencia hasta el desgaste y el mecerse. Estos peligros, a menudo revelados en las primeras semanas y meses de vida, no esta ban relacionados con el saneamiento deficiente, la desnutrición ni las enfermedades epidémicas, amenazas claramente vinculadas a las altas tasas de mortalidad infantil. Los niños hospitalizados podían estar bien nutridos, limpios y libres de infecciones. I ncluso podían tener acceso a las tecnologías más avanzadas disponibles en atención hospitalaria neonatal y pediátrica. Sin embargo, mostraban signos inquietantes. El hospitalismo animó a los investigadores a interpretar el desarrollo como un proceso desigual que combinaba lo normal y lo anormal. Esto hizo posible que los bebés con cuerpos sanos se enfrentaran a importantes riesgos cognitivos e inspiró la atención sostenida más temp rana al desarrollo emocional en la infancia, incluso a fines del siglo XIX como expresa el autor citado: “The causes for this condition of things are numerous. Some are clearly apparent, and may be easily remedied ; others are obscure, and in actual experience are very difficult to correct. During recent years there has been a remarkable multiplication of hospitals for infants and children. The desire 1 Floyd M. Crandall, “Editorial: Hospitalismo”, Archivos de Pediatría y Medicina Adolescente 14, no. 6 (junio de 1897):448-54. on the part of the charitable to provide for the shelter and care of sick babies is a most worthy one. No class of invalids appeals more strongly to the sympathies than do these helpless little sufferers. But it has been the sad fortune of many such benevolent givers to be seriously disappointed in the results, when viewed by the death rate alone. It is difficult for them to understand why infants placed in comfortable and beautiful sur",,,,pending,
18555-17,19237,2026-08-05,parlamentario,17,"Modifica la ley N° 20.405, del Instituto Nacional de Derechos Humanos, para incorporar la figura de los observadores de derechos humanos acreditados",ingreso_proyecto,rica,4199,"Boletín N° 18.555-17 Proyecto de ley, iniciado en Moción de la Honorable Senadora señora Campillai, que modifica la ley N° 20.405, del Instituto Nacional de Derechos Humanos, para incorporar la figura de los observadores de derechos humanos acreditados. I. Idea Matriz Habilitar al Instituto Nacional de Derechos Humanos para ampliar la capacidad de observación de derechos humanos del Instituto mediante la incorporación de abogados externos debidamente acreditados. II. Fundamentos La Ley N° 20.405, que crea el Instituto Nacional de Derechos Humanos, establece dentro de las atribuciones de dicho organismo la posibilidad de comisionar a consejeros, al Director o a su personal para ingresar a recintos públicos donde una persona esté o pueda estar privada de libertad. Esta facultad ha permitido al Instituto desarrollar labores de observación y monitoreo respecto de las condiciones de detención y del respeto de los derechos fundamentales de las personas privadas de libertad. En los últimos años, las necesidades de observación y monitoreo de derechos humanos en contextos de privación de libertad han adquirido una creciente relevancia. Según las estadísticas oficiales del Instituto Nacional de Estadísticas, durante el año 2024 las policías registraron 291.280 personas detenidas en el país, de las cuales 261.392 correspondieron a detenciones practicadas por Carabineros de Chile y 29.888 a detenciones practicadas por la Policía de Investigaciones de Chile. Asimismo, de acuerdo con las estadísticas de Gendarmería de Chile, al 30 de junio de 2025 existían 63.276 personas privadas de libertad, cifra que representa un aumento superior al veinte por ciento respecto de diciembre de 2023, cuando la población penal ascendía a 52.525 personas. Por su parte, el Informe Anual 2024 del Instituto Nacional de Derechos Humanos dio cuenta de la existencia de grupos especialmente vulnerables al interior de los recintos penitenciarios, identificando 4.477 mujeres privadas de libertad, de las cuales 70 se encontraban embarazadas y 136 niños y niñas lactantes residían junto a sus madres en establecimientos penitenciarios. Las crecientes necesidades de observación y monitoreo de derechos humanos en contextos de privación de libertad, sumadas a la extensión territorial del país y a la simultaneidad de procedimientos de detención que pueden requerir la presencia del instituto Nacional de Derechos Humanos, hacen aconsejable ampliar las herramientas de que dispone dicho organismo para el cumplimiento de sus funciones. En este contexto, se estima necesario crear un mecanismo que permita amp",,,,pending,
18557-03,19239,2026-08-05,parlamentario,03,"Modifica diversos cuerpos legales, con el objeto de regular la revocación de autorizaciones de cobros recurrentes",ingreso_proyecto,rica,26033,"Boletín N° 18.557-03 Proyecto de ley, iniciado en Moción de los Honorables Senadores señora Vodanovic, y señores Castro, Ibáñez y Saavedra, que modifica diversos cuerpos legales, con el objeto de regular la revocación de autorizaciones de cobros recurrentes. I. UNA BRECHA DE PROTECCIÓN FRENTE A LOS COBROS RECURRENTES La contratación de servicios mediante pagos recurrentes se ha incorporado de manera permanente a la vida cotidiana. Suscripciones digitales, plataformas de contenidos, aplicaciones, servicios de telecomunicaciones, seguros, membresías y múltiples prestaciones de tracto sucesivo se pagan mediante autorizaciones que permiten al proveedor iniciar cargos periódicos o sucesivos en una tarjeta o cuenta del consumidor. Esta modalidad reduce costos de transacción y facilita el cumplimiento oportu no de obligaciones, pero también entrega al proveedor la posibilidad técnica de originar nuevos cobros mientras conserve las credenciales, el mandato, el token o el identificador asociado al medio de pago. El problema que aborda esta iniciativa surge cuando una autorización que fue válidamente otorgada deja de existir por decisión del consumidor y, pese a ello, el proveedor continúa iniciando cargos. No se trata de una operación fraudulenta desde su origen ni de un pago que jamás haya sido consentido. Se trata de una autorización inicialmente válida, pero revocada antes del nuevo cobro. Esa diferencia es determinante, porque modifica el hecho que debe acreditarse, los sujetos obligados, el procedimiento aplicable y los efectos jurídicos de la reclamación. En la práctica, la ausencia de un régimen uniforme obliga al consumidor a enfrentar respuestas fragmentadas. Algunos proveedores permiten revocar la autorización por el mismo medio utilizado para otorgaría; otros exigen comunicaciones adicionales, contacto telefónico, comparecencia presencial o el término completo del contrato. Cuando el cobro continúa, el emisor puede tratar cada cargo como una controversia aislada, exigir al usuario bloquear la tarjeta en su totalidad o remitirlo nuevamente al proveedor, aunque éste ya haya sido notificado. El resultado es una asimetría evidente. Autorizar un cobro recurrente suele requerir pocos pasos y producir efectos inmediatos. Revocarlo puede transformarse, en cambio, en un procedimiento incierto, carente de constancia y sin una fecha clara a partir de la cual el proveedor deba abstenerse de iniciar nuevas órdenes. Si el cargo se repite, el consumidor debe volver a reclamar, mientras el proveedor y la institución que procesa el pago conservan los antecedentes técni",,,,pending,
18586-11,19275,2026-08-10,parlamentario,11,"Modifica la Ley N°19.496, sobre protección de los derechos de los consumidores, para exigir la disponibilidad de servicios higiénicos de uso público en locales comerciales que indica",ingreso_proyecto,rica,2989,"FUNDAMENTOS El acceso a servicios higiénicos adecuados es una necesidad biológica básica vinculada directamente con el derecho a la salud, la higiene pública y la dignidad de las personas. Las personas que acuden a establecimientos comerciales de mediano y gran tamaño suelen destinar tiempos prolongados a la revisión, selección y compra de productos o servicios. Obligar al consumidor a retirarse del local por falta de un baño básico genera situaciones desproporcionadas de incomodidad y desprotección. La falta de servicios higiénicos afecta de manera desproporcionada a grupos vulnerables como personas de la tercera edad, mujeres embarazadas, niños, niñas y personas con condiciones médicas crónicas (como incontinencia o enfermedades digestivas). La presente iniciativa busca nivelar la exigencia de infraestructura mínima para el comercio formal, garantizando que todo local que supere los 50 metros cuadrados de superficie útil brinde un estándar mínimo de habitabilidad y servicio a sus clientes. 10-08-2026 11:19 PROYECTO DE LEY Artículo único. - Incorpórese en la Ley N° 19.496, sobre Protección de los Derechos de los Consumidores, los siguientes artículos: a) Artículo 15 bis. - Todo establecimiento comercial, de atención directa o de venta de bienes y servicios al público, que disponga de una superficie útil de atención o venta igual o superior a 50 metros cuadrados, deberá contar de manera obligatoria con servicios higiénicos h abilitados para el uso de sus clientes. Para los efectos de este artículo, se entenderá por ""superficie útil"" la suma total de los espacios destinados a la exhibición de productos, cajas, salas de espera, tránsito y atención directa de público, excluyendo bodegas, oficinas administrativas y áreas técnicas de acceso restringido. b) Artículo 15 ter. - Los servicios higiénicos a que se refiere el artículo anterior deberán cumplir con los siguientes requisitos mínimos: Gratuidad para clientes: Su uso será gratuito para quienes acrediten la condición de cliente mediante la presentación de un comprobante de compra o de atención, sin que se pueda exigir un cobro adicional por dicho servicio. Accesibilidad Universal: Deberán cumplir con las normas relativas a accesibilidad para personas con discapacidad o movilidad reducida. Condiciones Sanitarias: Deberán mantenerse en permanentes condiciones de limpieza, desinfección, ventilación y provisión de insumos básicos. Señalética Visible: El recinto comercial deberá señalar de forma clara, visible e inequívoca la ubicación de los servicios higiénicos. 10-08-2026 11:19 c) Artículo 15 quater. - El i",,,,pending,
18585-25,19268,2026-08-17,ejecutivo,25,"Modifica el Código Procesal Penal y la ley N°19.970, que crea el sistema nacional de registros de ADN, para agilizar las investigaciones penales",texto_mensaje,rica,13483,"MENSAJE DE S.E. EL PRESIDENTE DE LA REPÚBLICA CON EL QUE INICIA UN PROYECTO DE LEY QUE MODIFICA EL CÓDIGO PROCESAL PENAL Y LA LEY N° 19.970, QUE CREA EL SISTEMA NACIONAL DE REGISTROS DE ADN, CON EL OBJETO DE AGILIZAR LAS INVESTIGACIONES PENALES. _______________________________ Santiago, 17 de agosto de 2026 MENSAJE N° 141-374/ Honorable Cámara de Diputados: A S.E. EL PRESIDENTE DE LA H. CÁMARA DE DIPUTADOS En uso de mis facultades constitucionales, y en ejercicio de la iniciativa exclusiva que el número 2° del inciso cuarto del artículo 65 de la Constitución Política de la República reserva al Presidente de la República para determinar las funciones o atribuciones de los servicios públicos, tengo el honor de someter a vuestra consideración un proyecto de ley que modifica el Código Procesal Penal y la ley N° 19.970, que crea el Sistema Nacional de Registros de ADN, con el objeto de agilizar las investigaciones penales. ANTECEDENTES Origen y objeto del Sistema Nacional de Registros de ADN La ley N° 19.970, publicada en 2004 e implementada a partir de 2008, creó el Sistema Nacional de Registros de ADN (RNA), con el propósito de fortalecer la investigación penal mediante la incorporación, almacenamiento y cotejo de perfiles genéticos obtenidos en el marco de investigaciones criminales. Para su operación, Chile adoptó en 2002 la plataforma tecnológica CODIS (Combined DNA Index System), cedida sin costo por la Oficina Federal de Investigación de los Estados Unidos (FBI), que permite cotejar automatizadamente huellas genéticas levantadas en sitios del suceso con los perfiles registrados en el sistema. El sistema se organiza en distintos registros —de evidencias y antecedentes, de condenados, de imputados, de víctimas y de desaparecidos y sus familiares— y ha experimentado un crecimiento sostenido en su utilización desde su implementación, acumulando miles de huellas genéticas ingresadas por los distintos laboratorios acreditados del país. Congestión operativa del sistema vigente El artículo 12 de la ley N° 19.970 dispone que, cuando Carabineros de Chile o la Policía de Investigaciones levantan material biológico en un sitio del suceso y determinan una huella genética, deben remitir el informe pericial al fiscal o al tribunal y, simultáneamente, enviar al Servicio Médico Legal (SML) la totalidad del material biológico y el resto del ADN. A su vez, el artículo 13 dispone que el SML es el único organismo facultado para cotejar esa huella genética con los registros del sistema y remitir el informe correspondiente. La experiencia acumulada durante años de aplicación",,,,pending,
18597-07,19281,2026-08-18,ejecutivo,07,Fortalece el sistema nacional de seguridad pública y crea un nuevo estado de excepción constitucional de seguridad pública,ingreso_proyecto,rica,42786,"Boletín N° 18.597-07 Proyecto de reforma constitucional, iniciado en Mensaje de Su Excelencia el Presidente de la República, que fortalece el sistema nacional de seguridad pública y crea un nuevo estado de excepción constitucional de seguridad pública. Santiago, 10 de agosto de 2026 M E N S A J E Nº 134-374/ Honorable Senado: En uso de mis facultades constitucionales, tengo el honor de someter a vuestra consideración el siguiente proyecto de reforma constitucional, destinado a fortalecer el sistema nacional de seguridad pública y crear un nuevo estado de excepción constitucional de seguridad pública, aplicable tanto frente a una amenaza grave e inminente como cuando la seguridad pública ya haya sido gravemente afectada. I. ANTECEDENTES 1. La soberanía como fundamento de la reforma La presente reforma constitucional debe ser comprendida, en primer término, como una decisión que se inserta dentro de los mecanismos institucionales mediante los cuales la comunidad política puede modificar las normas fundamentales que organizan la actuac ión del Estado. Su justificación, por consiguiente, no descansa únicamente en la necesidad de responder a determinados problemas de seguridad pública, sino también en la legitimidad A S.E. LA PRESIDENTA DEL H. SENADO 2 democrática del procedimiento mediante el cual dicha respuesta pretende incorporarse al orden constitucional. El artículo 5° de la Constitución Política de la República, conforme al cual la soberanía reside esencialmente en la Nación y su ejercicio corresponde al pueblo mediante elecciones periódicas y plebiscitos, así como a las autoridades establecidas por la propia Constitución. Asimismo, establece que el ejercicio de la soberanía reconoce como limitación el respeto a los derechos esenciales que emanan de la naturaleza humana. Aquella disposición contiene uno de los principios estructurales de l sistema constitucional nacional, en cuanto distingue entre la titularidad y el ejercicio de la soberanía. En este sistema, la soberanía reside en la Nación, que comprende a las generaciones presentes, pasadas y futuras. Sin embargo, dado que la Nación no puede manifestar directamente su voluntad, el ejercicio de la soberanía se realiza por el pueblo mediante elecciones y plebiscitos, así como por las autoridades que la Constitución establece. Dicha norma, en conjunto con lo dispuesto en el artículo 1° de la Constitución, al disponer que las personas nacen libres e iguales en dignidad y derechos y que el Estado está al servicio de la persona humana , permiten concluir que el poder estatal no se justifica por sí mismo,",,,,pending,
18608-09,19295,2026-08-19,parlamentario,09,"Establece la obligación que indica, para los propietarios de predios rurales colindantes con caminos públicos",ingreso_proyecto,rica,10154,"Boletín N° 18.608-09 Proyecto de ley, iniciado en Moción de los Honorables Senadores señora Gatica y señor De Urresti, que establece la obligación que indica, para los propietarios de predios rurales colindantes con caminos públicos. FUNDAMENTOS En materia de infraestructura pública, la seguridad vial debe considerar, además de las condiciones de la calzada y la señalización, aquellos peligros presentes en los terrenos colindantes que puedan afectar directamente la vida y la int egridad de quienes transitan por los caminos públicos. En las zonas rurales existen numerosos caminos rodeados de árboles y arboledas de gran altura. Si bien estos cumplen importantes funciones ambientales, productivas y paisajísticas, determinados ejemplares pueden transformarse en un riesgo para la circulaci ón cuando se encuentran secos, desarraigados, quebrados o inclinados hacia el camino y poseen una altura suficiente para alcanzar la calzada o la berma en caso de caer. Este peligro se incrementa duran te los sistemas frontales caracterizados por precipitaciones intensas y vientos de gran velocidad. La saturación de los suelos puede debilitar el anclaje de las raíces, mientras que las ráfagas de viento pueden provocar el quiebre o caída de árboles que ya presentan condiciones de inestabilidad. Estos eventos pueden obstaculizar los caminos, interrumpir la conectividad y generar un peligro directo para conductores, pasajeros, ciclistas y peatones. La caída de árboles sobre caminos públicos no constituye un riesgo meramente hipotético. Durante dos jornadas del sistema frontal registrado en julio de 2026, la Dirección de Vialidad de la Región de Los Ríos debió efectuar labores de retiro de árboles en al menos ocho rutas o sectores viales ubicados en las comunas de Máfil, Los Lagos, Mariquina, Panguipulli, La Unión y Río Bueno. Aunque el balance no individualiza la cantidad total de ejemplares caídos, demuestra la extensión territorial que puede alcanzar este tipo de emergencia en un breve período. Los antecedentes de otras regiones confirman que se trata de un problema de alcance nacional. En agosto de 2024, el Ministerio de Obras Públicas registró 100 eventos de diversa magnitud en infraestructura pública de ocho regiones, de los cuales 55 afectaron rutas administradas por la Dirección de Vialidad. Entre las situaciones que debieron ser atendidas se encontraban caídas de árboles y deslizamientos de tierra. El 65% de las afectaciones se concentró en la Región del Biobío. El propio Ministerio señaló que el sistema frontal estuvo caracterizado por fuertes vientos que provocaron u",,,,pending,
18620-08,19304,2026-08-27,parlamentario,08,Establece nuevas obligaciones para las empresas distribuidoras de gas,ingreso_proyecto,rica,12482,"Boletín N° 18.620-08 Proyecto de ley, iniciado en Moción d e los Honorables Senadores señor Kusanovic, señora Provoste y señores Calisto, Keitel y Trisotti, que establece nuevas obligaciones para las empresas distribuidoras de gas. FUNDAMENTOS La prestación de los servicios de gas exige compatibilizar dos objetivos esenciales: resguardar permanentemente la seguridad de las personas y garantizar una adecuada protección de los clientes y consumidores. La legislación vigente establece una distribución de responsabilidades entre las empresas distribuidoras y los usuarios. En particular, los empalmes y medidores forman parte de la red de distribución y corresponde a la respectiva empresa mantenerlos en bue n estado, revisarlos periódicamente y repararlos cuando sea necesario. Los costos asociados a estas actuaciones son de cargo de la distribuidora, salvo que se acredite que el daño fue ocasionado por culpa o dolo del cliente, consumidor o de un tercero. El desgaste natural producido por su uso regular es igualmente de responsabilidad de la empresa. Sin embargo, resulta necesario reforzar estas reglas para que los clientes y consumidores puedan conocer con claridad qué obligaciones les corresponden y cuáles pertenecen a la empresa distribuidora, especialmente cuando se les requiere efectuar reparacion es, mantenciones o adecuaciones bajo la eventual suspensión del suministro. La seguridad no puede transformarse en un mecanismo para trasladar al usuario costos que legalmente corresponden a la empresa, imponer determinados prestadores de servicios o exigir prestaciones que no estén contempladas en la normativa vigente. Por ello, el proyecto fortalece los deberes de información y fundamentación técnica de las empresas distribuidoras, garantiza la libre elección de instaladores autorizados cuando la reparación corresponda al usuario y establece que toda suspensión por razo nes de seguridad deberá ser necesaria y encontrarse debidamente sustentada. Al mismo tiempo, la iniciativa preserva íntegramente la posibilidad de adoptar medidas inmediatas cuando exista peligro para las personas o los bienes. De esta manera, se fortalece la protección de los consumidores sin disminuir los estándares de seguridad que deben regir la prestación de los servicios de gas. IDEA MATRIZ Fortalecer la protección de los clientes y consumidores de servicios de gas, delimitando las responsabilidades de mantención y reparación, reforzando los deberes de información de las empresas distribuidoras y evitando cobros o suspensiones improcedentes, sin afectar las medidas necesarias para resguar",,,,pending,
18621-34,19305,2026-08-31,ejecutivo,34,"Perfecciona las normas sobre medidas cautelares en los procedimientos de violencia intrafamiliar y de violencia contra las mujeres en razón de su género, y modifica las leyes que indica",texto_mensaje,rica,37108,"MENSAJE DE S.E. EL PRESIDENTE DE LA REPÚBLICA CON EL QUE INICIA UN PROYECTO DE LEY QUE PERFECCIONA LAS NORMAS SOBRE MEDIDAS CAUTELARES EN LOS PROCEDIMIENTOS DE VIOLENCIA INTRAFAMILIAR Y DE VIOLENCIA CONTRA LAS MUJERES EN RAZÓN DE SU GÉNERO, Y MODIFICA LAS LEYES QUE INDICA. __________________________________ Santiago, 31 de agosto de 2026 M E N S A J E N° 153-374/ A S.E. EL PRESIDENTE DE LA H. CÁMARA DE DIPUTADOS Honorable Cámara de Diputados: En uso de mis facultades constitucionales, tengo el honor de someter a vuestra consideración el siguiente proyecto de ley que perfecciona las normas sobre medidas cautelares en los procedimientos de violencia intrafamiliar y de violencia contra las mujeres en razón de su género, y modifica las leyes que indica. ANTECEDENTES El Estado de Chile se encuentra obligado, tanto por mandato constitucional como por los compromisos internacionales que ha suscrito y ratificado, a actuar con la debida diligencia para prevenir, sancionar y erradicar la violencia contra las mujeres. La Convención Interamericana para Prevenir, Sancionar y Erradicar la Violencia contra la Mujer, ""Convención de Belém do Pará"", ratificada por Chile en 1998, y la Convención sobre la Eliminación de Todas las Formas de Discriminación contra la Mujer, ratificada en 1989, consagran el deber del Estado de establecer procedimientos legales eficaces para cautelar los derechos de las mujeres que hayan sido víctimas de violencia a través de medidas de protección oportunas y una respuesta judicial coordinada entre los distintos órganos llamados a intervenir. En el ordenamiento jurídico nacional, este deber se ha traducido en la dictación de un conjunto de cuerpos legales que habilitan a los tribunales para decretar medidas cautelares y de protección en favor de las víctimas: la ley N° 19.968, de 2004, que crea los Tribunales de Familia; la ley N° 20.066, de 2005, que establece la Ley de Violencia Intrafamiliar; la ley N° 21.378, de 2021, que establece monitoreo telemático en las leyes N° 20.066 y N° 19.968; y la ley N° 21.675, de 2024, que estatuye medidas para prevenir, sancionar y erradicar la violencia en contra de las mujeres, en razón de su género, conocida como ""Ley de Violencia Integral"". Esta última norma amplió el catálogo de medidas cautelares disponibles y robusteció las atribuciones de los tribunales en un esfuerzo por asegurar su cumplimiento. No obstante, la aplicación conjunta y sucesiva de estos cuerpos legales ha relevado la existencia de nudos críticos en materias de competencia, coordinación y continuidad en su implementación, los cuales busc",,,,pending,
