boletin,titulo,origen_iniciativa,comision_origen_proxy,comisiones_tramitacion,topic_primary,topic_secondary,method,confidence,needs_review,review_reason,evidence,taxonomy_version,text_excerpt,top_scores
18182-07,"Deroga la ley N° 80, que manda publicar en el Diario Oficial y en orden correlativo todos los decretos de que tome razón la Dirección del Tesoro",parlamentario,"Constitución, Legislación, Justicia y Reglamento","Constitución, Legislación, Justicia y Reglamento",Constitución y justicia,,hibrido_institucional_texto,0.583,1,evidencia_semantica_debil | empate_tematico | solo_comision_transversal,"origen=Constitución, Legislación, Justicia y Reglamento || score_1=Constitución y justicia:1.00 || score_2=Cultura y comunicaciones:0.75",institutional-hybrid-v0.3,"Boletín N° 18.182-07 Proyecto de ley, iniciado en Moción de los Honorables Senadores señores Urrutia, Carter, Squella, Trisotti y Vial, que deroga la ley N° 80, que manda publicar en el Diario Oficial y en orden correlativo todos los decretos de que tome razón la Dirección del Tesoro. FUNDAMENTOS Nuestro ordenamiento jurídico ha crecido sostenidamente en el tiempo, dando lugar a que subsistan disposiciones dictadas en contextos que no se corresponden con la realidad actual. Por lo anterior, existen leyes que han caído en desuso o han sido superadas por regulaciones posteriores, generando incertidumbre en cuanto a su vigencia. Esta situación dificulta la adecuada identificación del derecho aplicable y puede dar lugar a interpretaciones divergentes. En particular, la ausencia de una derogación expresa respecto de determinadas normas obliga, en muchos casos, a efectuar ejercicios interpretativos para determinar si estas se mantienen o no vigentes, lo que no siempre resulta evidente y puede afectar la certeza ju rídica. En este sentido, nuestro ordenamiento jurídico contempla tanto la derogación expresa como tácita; mientras la primera permite identificar de manera clara y formal la exclusión de una norma del sistema jurídico, produciendo efectos generales, la seg unda supone un ejercicio interpretativo para determinar la incompatibilidad entre disposiciones, cuyos efectos se circunscriben al caso concreto. En ese contexto, se estima necesario este proceso de revisión y depuración legislativa, orientado a precisar e l ordenamiento jurídico vigente, eliminando disposiciones que ya no cumplen una función efectiva dentro del sistema jurídico. En virtud de lo anterior, el presente proyecto tiene por objeto disponer la derogación expresa de la ley que se indica, contribuye ndo así a una mayor claridad y coherencia de nuestro ordenamiento jurídico. PROYECTO DE LEY Artículo único: Derógase expresamente la Ley N° 80, que “Manda publicar en Diario Oficial y en orden correlativo todos los decretos de que tome razón la direcci ón del Tesoro.”, publicada en el Diario Oficial con fecha 17 de agosto de 1893.","{""Constitución y justicia"": 1.0, ""Cultura y comunicaciones"": 0.75, ""Agricultura y mundo rural"": 0.0, ""Agua y recursos hídricos"": 0.0, ""Ciencia y tecnología"": 0.0, ""Defensa"": 0.0}"
18184-07,"Deroga la ley N° 1.187, sobre internación de mercaderías por los boquetes de Antuco, Lonquimay, Pucón y Nahuelhuapi",parlamentario,"Constitución, Legislación, Justicia y Reglamento","Constitución, Legislación, Justicia y Reglamento",Constitución y justicia,,hibrido_institucional_texto,0.583,1,evidencia_semantica_debil | empate_tematico | solo_comision_transversal,"origen=Constitución, Legislación, Justicia y Reglamento || score_1=Constitución y justicia:1.00 || score_2=Cultura y comunicaciones:0.75",institutional-hybrid-v0.3,"Boletín N° 18.184-07 Proyecto de ley, iniciado en Moción d e los Honorables Senadores señores Urrutia, Carter, Squella, Trisotti y Vial, que deroga la ley N° 1.187, sobre internación de mercaderías por los boquetes de Antuco, Lonquimay, Pucón y Nahuelhuapi. FUNDAMENTOS Nuestro ordenamiento jurídico ha crecido sostenidamente en el tiempo, dando lugar a que subsistan disposiciones dictadas en contextos que no se corresponden con la realidad actual. Por lo anterior, existen leyes que han caído en desuso o han sido superadas por regulaciones posteriores, generando incertidumbre en cuanto a su vigencia. Esta situación dificulta la adecuada identificación del derecho aplicable y puede dar lugar a interpretaciones divergentes. En particular, la ausencia de una derogación expresa respecto de determinadas normas obliga, en muchos casos, a efectuar ejercicios interpretativos para determinar si estas se mantienen o no vigentes, lo que no siempre resulta evidente y puede afectar la certeza jurídica. En este sentido, nuestro ordenamiento jurídico contempla tanto la derogación expresa como tácita; mientras la primera permite identificar de manera clara y formal la exclusión de una norma del sistema jurídico, produciendo efectos generales, la segunda supone un ejercicio interpretativo par a determinar la incompatibilidad entre disposiciones, cuyos efectos se circunscriben al caso concreto. En ese contexto, se estima necesario este proceso de revisión y depuración legislativa, orientado a precisar el ordenamiento jurídico vigente, eliminando disposiciones que ya no cumplen una función efectiva dentro del sistema jurídico. En virtud de lo anterior, el presente proyecto tiene por objeto disponer la derogación expresa de la ley que se indica, contribuyendo así a una mayor claridad y coherencia de nuestro ordenamiento jurídico. PROYECTO DE LEY Artículo único: Derógase expresamente la ley N° 1187, que “Permite la internación, en tránsito, de lanas, crin y pieles al natural, por los boquetes de la cordillera que se expresan.”, publicada en el Diario Oficial con fecha 26 de enero de 1899.","{""Constitución y justicia"": 1.0, ""Cultura y comunicaciones"": 0.75, ""Transportes y telecomunicaciones"": 0.75, ""Agricultura y mundo rural"": 0.0, ""Agua y recursos hídricos"": 0.0, ""Ciencia y tecnología"": 0.0}"
18187-07,"Deroga la ley N° 1.930, que fija la ley de las monedas de un peso y cincuenta centavos",parlamentario,"Constitución, Legislación, Justicia y Reglamento","Constitución, Legislación, Justicia y Reglamento",Constitución y justicia,,hibrido_institucional_texto,0.583,1,evidencia_semantica_debil | empate_tematico | solo_comision_transversal,"origen=Constitución, Legislación, Justicia y Reglamento || score_1=Constitución y justicia:1.00 || score_2=Cultura y comunicaciones:0.75",institutional-hybrid-v0.3,"Boletín N° 18.187-07 Proyecto de ley, iniciado en M oción d e los Honorables Senadores señores Urrutia, Carter, Squella, Trisotti y Vial, que deroga la ley N° 1.930, que fija la ley de las monedas de un peso y cincuenta centavos. FUNDAMENTOS Nuestro ordenamiento jurídico ha crecido sostenidamente en el tiempo, dando lugar a que subsistan disposiciones dictadas en contextos que no se corresponden con la realidad actual. Por lo anterior, existen leyes que han caído en desuso o han sido superadas por regulaciones posteriores, generando incertidumbre en cuanto a su vigencia. Esta situación dificulta la adecuada identificación del derecho aplicable y puede dar lugar a interpretaciones divergentes. En particular, la ausencia de una derogación expresa respecto de determinadas normas obliga, en muchos casos, a efectuar ejercicios interpretativos para determinar si estas se mantienen o no vigentes, lo que no siempre resulta evidente y puede afectar la certeza jurídica. En este sentido, nuestro ordenamiento jurídico contempla tanto la derogación expresa como tácita; mientras la primera permite identificar de manera clara y formal la exclusión de una norma del sistema jurídico, produciendo efectos generales, la segunda supone un ejercicio interpretativo par a determinar la incompatibilidad entre disposiciones, cuyos efectos se circunscriben al caso concreto. En ese contexto, se estima necesario este proceso de revisión y depuración legislativa, orientado a precisar el ordenamiento jurídico vigente, eliminando disposiciones que ya no cumplen una función efectiva dentro del sistema jurídico. En virtud de lo anterior, el presente proyecto tiene por objeto disponer la derogación expresa de la ley que se indica, contribuyendo así a una mayor claridad y coherencia d e nuestro ordenamiento jurídico. PROYECTO DE LEY Artículo único: Derógase expresamente la ley N° 1930, que “Fija la ley de monedas de un peso y cincuenta centavos.”, publicada en el Diario Oficial con fecha 09 de febrero de 1907.","{""Constitución y justicia"": 1.0, ""Cultura y comunicaciones"": 0.75, ""Agricultura y mundo rural"": 0.0, ""Agua y recursos hídricos"": 0.0, ""Ciencia y tecnología"": 0.0, ""Defensa"": 0.0}"
18188-07,"Deroga la ley N° 3.297, que prohíbe la exportación de los metales viejos o usados, que se indica",parlamentario,"Constitución, Legislación, Justicia y Reglamento","Constitución, Legislación, Justicia y Reglamento",Constitución y justicia,,hibrido_institucional_texto,0.583,1,evidencia_semantica_debil | empate_tematico | solo_comision_transversal,"origen=Constitución, Legislación, Justicia y Reglamento || score_1=Constitución y justicia:1.00 || score_2=Cultura y comunicaciones:0.75",institutional-hybrid-v0.3,"Boletín N° 18.188-07 Proyecto de ley, iniciado en M oción d e los Honorables Senadores señores Urrutia, Carter, Squella, Trisotti y Vial, que deroga la ley N° 3.297, que prohíbe la exportación de los metales viejos o usados, que se indican. FUNDAMENTOS Nuestro ordenamiento jurídico ha crecido sostenidamente en el tiempo, dando lugar a que subsistan disposiciones dictadas en contextos que no se corresponden con la realidad actual. Por lo anterior, existen leyes que han caído en desuso o han sido superadas por regulaciones posteriores, generando incertidumbre en cuanto a su vigencia. Esta situación dificulta la adecuada identificación del derecho aplicable y puede dar lugar a interpretaciones divergentes. En particular, la ausencia de una derogación expresa respecto de determinadas normas obliga, en muchos casos, a efectuar ejercicios interpretativos para determinar si estas se mantienen o no vigentes, lo que no siempre resulta evidente y puede afectar la certeza jurídica. En este sentido, nuestro ordenamiento jurídico contempla tanto la derogación expresa como tácita; mientras la primera permite identificar de manera clara y formal la exclusión de una norma del sistema jurídico, produciendo efectos generales, la segunda supone un ejercicio interpretativo par a determinar la incompatibilidad entre disposiciones, cuyos efectos se circunscriben al caso concreto. En ese contexto, se estima necesario este proceso de revisión y depuración legislativa, orientado a precisar el ordenamiento jurídico vigente, eliminando disposiciones que ya no cumplen una función efectiva dentro del sistema jurídico. En virtud de lo anterior, el presente proyecto tiene por objeto disponer la derogación expresa de la ley que se indica, contribuyendo así a una mayor claridad y coherencia d e nuestro ordenamiento jurídico. PROYECTO DE LEY Artículo único: Derógase expresamente la Ley N° 3297, que “Prohíbe la exportación de los metales viejos o usados, que se indican.”, publicada en el Diario Oficial con fecha 21 de septiembre de 1917.","{""Constitución y justicia"": 1.0, ""Cultura y comunicaciones"": 0.75, ""Agricultura y mundo rural"": 0.0, ""Agua y recursos hídricos"": 0.0, ""Ciencia y tecnología"": 0.0, ""Defensa"": 0.0}"
18343-16,"Modifica el inciso segundo del artículo 355 del Reglamento de la Cámara de Diputados, con el objeto de aumentar el quorum de los acuerdos adoptados por la Comisión de Ética que apliquen sanciones por faltas a los deberes parlamentarios",parlamentario,Régimen Interno y Administración,Régimen Interno y Administración,Administración parlamentaria,,hibrido_institucional_texto,0.583,1,evidencia_semantica_debil | empate_tematico | solo_comision_transversal,origen=Régimen Interno y Administración || score_1=Administración parlamentaria:1.00 || score_2=Cultura y comunicaciones:0.75,institutional-hybrid-v0.3,"ANTECEDENTES La Comisión de Ética y Transparencia (en adelante, “la Comisión”) corresponde a una instancia de gran relevancia en el funcionamiento de la Cámara de Diputados, por cuanto ejerce la potestad disciplinaria respecto de eventuales incumplimientos de deberes parlamentarios tanto en ejercicio del cargo como también en otras actuaciones públicas fuera del ámbito de las funciones legislativas y fiscalizadoras. De acuerdo con lo dispuesto en el artículo 351 del Reglamento de la Corporación (en adelante “el Reglamento”), el procedimiento destinado al conocimiento de posibles vulneraciones al estatuto de obligaciones en materia de ética, probidad y transparencia puede iniciarse por requerimiento de cualquier diputado o de oficio, a petición de algún integrante de la Comisión. La presentación debe contener una relación circunstanciada de los hechos sobre los que se pide pronunciamiento, la indicación de las normas infringidas, junto con los antecedentes y pruebas que permitan sostener fundadamente las respectivas imputaciones. Como se aprecia, las disposiciones internas se ajustan a las normas del debido proceso al exigir que el requirente explique la forma en que una determinada acción u omisión 08-06-2026 14:03 podría configurarse como una transgresión a la ética parlamentaria, acompañando medios probatorios para acreditar las circunstancias fácticas de cada caso, donde la evaluación debe efectuarse de manera razonable y objetiva conforme a las reglas de la sana crítica, como mandata el artículo 349 del Reglamento. Lo anterior se encuentra estrechamente vinculado al principio de imparcialidad, cuya observancia constituye una premisa básica de cualquier procedimiento sancionatorio en que las decisiones adoptadas necesariamente deben responder a criterios objetivos sin sesgos que comprometan la neutralidad e independencia de quienes se encuentran a cargo de dictar la resolución final. Sin perjuicio de ello, en el último tiempo, la Comisión ha sido objeto de múltiples cuestionamientos a raíz de la manera en que ha abordado determinados conflictos, pues algunas actuaciones han generado dudas legítimas sobre la objetividad de sus pronunciamientos. Al respecto, cabe mencionar que el artículo 339 del Reglamento -en lo que interesa- dispone que la Comisión estará integrada por nueve miembros elegidos por la Sala a propuesta de los Comités Parlamentarios, la que deberá ser aprobada por los tres quintos de los diputados en ejercicio al comienzo de cada período legislativo. Agrega el referido precepto que la conformación se sujetará a la regla de proporcionalidad consagrada en el artículo 216, cuyo tenor literal -en lo pertinente- señala que “los partidos políticos que formen parte de la Cámara estarán representados en las comisiones por un número proporcional al de diputados con que cuenten (…)”. Por tanto, y dado que la integración mayoritaria de este organismo colegiado representa un factor que podría afectar su imparcialidad, resulta necesario establecer un quórum reforzado que asegure la legitimidad de aquellos acuerdos que impongan medidas disciplinarias. 08-06-2026 14:03 II. OBJETIVO El presente proyecto tiene por finalidad elevar el quórum de aprobación de medidas disciplinarias por infracciones a deberes parlamentarios en el marco del procedimiento de la Comisión de Ética y Transparencia de la Cámara de Diputados, de modo de aumentar los niveles de legitimidad, credibilidad y validez jurídica de sus decisiones. III. PROYECTO DE REFORM","{""Administración parlamentaria"": 1.0, ""Cultura y comunicaciones"": 0.75, ""Agricultura y mundo rural"": 0.0, ""Agua y recursos hídricos"": 0.0, ""Ciencia y tecnología"": 0.0, ""Constitución y justicia"": 0.0}"
18394-16,Modifica el Reglamento de la Cámara de Diputados para permitir el ingreso del Subsecretario General de la Presidencia a las sesiones de Sala,parlamentario,Régimen Interno y Administración,Régimen Interno y Administración,Administración parlamentaria,,hibrido_institucional_texto,0.583,1,evidencia_semantica_debil | empate_tematico | solo_comision_transversal,origen=Régimen Interno y Administración || score_1=Administración parlamentaria:1.00 || score_2=Constitución y justicia:0.75,institutional-hybrid-v0.3,"Fundamentos El Reglamento de la Cámara de Diputados establece actualmente que los subsecretarios de Estado sólo podrán ingresar a la Sala de Sesiones cuando se encuentre presente el ministro del ramo respectivo y mientras éste permanezca en ella. La mencionada regla responde a la lógica general de la organización administrativa del Poder Ejecutivo, en virtud de la cual los subsecretarios actúan como colaboradores inmediatos de los ministros de Estado y ejercen sus funciones bajo su dependencia. Sin perjuicio de lo ant erior, la aplicación uniforme de esta disposición desconoce la naturaleza singular de la Subsecretaría General de la Presidencia y las funciones específicas que la Constitución, la ley y la práctica institucional le han encomendado en la relación permanente entre el Poder Ejecutivo y el Congreso Nacional. La Subsecretaría General de la Presidencia cumple un rol estratégico y transversal de coordinación legislativa, seguimiento de la tramitación de proyectos de ley, articulación entre ministerios y apoyo técnico-político en la relación cotidiana con ambas cámaras del Congreso Nacional. Sus funciones exceden la lógica sectorial que caracteriza a otras subsecretarías, constituyéndose como un órgano permanente de enlace institucional entre el Ejecutivo y el Poder Legislativo. En este contexto, exigir la presencia previa del Ministro Secretario General de la Presidencia o someter el ingreso del Subsecretario General de la Presidencia a la unanimidad de los diputados presentes puede generar obstáculos ope rativos innecesarios para el adecuado desarrollo de esta labor de coordinación y colaboración legislativa , particularmente en sesiones donde se requiera reacciones inmediatas respecto del estado de tramitación de iniciativas legales o la representación institucional del Ejecutivo. 16-06-2026 17:14 La presente modificación no altera la regla general aplicable a los demás subsecretarios de Estado, sino que establece una excepción acotada y debidamente justificada atendida la naturaleza especial del cargo y la función permanente que éste desempeña en el vínculo entre ambos poderes. Asimismo, esta excepción fortalece la colaboración institucional y contribuye a un funcionamiento más eficiente del proceso legislativo, favoreciendo una comunicación oportuna, continua y directa e ntre el Ejecutivo y la Cámara de Diputadas y Diputados, sin afectar las atribuciones de los parlamentarios ni alterar los equilibrios propios del sistema de separación de poderes. En consecuencia, se propone incorporar una excepción expresa al régimen de acceso a la Sala de Sesiones, permitiendo que el Subsecretario General de la Presidencia pueda ingresar y permanecer en ella con independencia de la presencia del Ministro Secretario General de la Presidencia. II. Idea matriz La idea matriz del proyecto consiste en permitir el ingreso a la Sala de la Cámara de Diputados al Subsecretario correspondiente al Ministerio Secretaría General de la Presidencia sin tener que requerir la unanimidad de la Sala ni la presencia del Ministro en cuestión. III. Proyecto de reforma “Artículo único. Modifícase el artículo 70 inciso segundo del Reglamento de la Cámara de Diputados en el siguiente sentido: “A la Sala de Sesiones sólo tendrán acceso los diputados, los senadores, los ministros de Estado y el personal de la Cámara. También lo tendrá el personal del Senado a título de reciprocidad. Los subsecretarios de Estado podrán ingresar a la Sala de Sesiones sólo si está 16-0","{""Administración parlamentaria"": 1.0, ""Constitución y justicia"": 0.75, ""Agricultura y mundo rural"": 0.0, ""Agua y recursos hídricos"": 0.0, ""Ciencia y tecnología"": 0.0, ""Cultura y comunicaciones"": 0.0}"
18183-07,"Deroga la ley N° 1.025, que ordena que los conocimientos de naves vengan visados por los cónsules de la República",parlamentario,"Constitución, Legislación, Justicia y Reglamento","Constitución, Legislación, Justicia y Reglamento",Infraestructura y obras públicas,Constitución y justicia,hibrido_institucional_texto,0.596,1,evidencia_semantica_debil | empate_tematico,"origen=Constitución, Legislación, Justicia y Reglamento || score_1=Infraestructura y obras públicas:1.50 || score_2=Constitución y justicia:1.00",institutional-hybrid-v0.3,"Boletín N° 18.183-07 Proyecto de ley, iniciado en Moción de los Honorables Senadores señores Urrutia, Carter, Squella, Trisotti y Vial, que deroga la ley N° 1.025, que ordena que los conocimientos de naves vengan visados por los cónsules de la República. FUNDAMENTOS Nuestro ordenamiento jurídico ha crecido sostenidamente en el tiempo, dando lugar a que subsistan disposiciones dictadas en contextos que no se corresponden con la realidad actual. Por lo anterior, existen leyes que han caído en desuso o han sido superadas por regulaciones posteriores, generando incertidumbre en cuanto a su vigencia. Esta situación dificulta la adecuada identificación del derecho aplicable y puede dar lugar a interpretaciones divergentes. En particular, la ausencia de una derogación expresa respecto de determinadas normas obliga, en muchos casos, a efectuar ejercicios interpretativos para determinar si estas se mantienen o no vigentes, lo que no siempre resulta evidente y puede afectar la certeza jurídica. En este sentido, nuestro ordenamiento jurídico contempla tanto la derogación expresa como tácita; mientras la primera permite identificar de manera clara y formal la exclusión de una norma del sistema jurídico, produciendo efectos generales, la segunda supone un ejercicio interpretativo par a determinar la incompatibilidad entre disposiciones, cuyos efectos se circunscriben al caso concreto. En ese contexto, se estima necesario este proceso de revisión y depuración legislativa, orientado a precisar el ordenamiento jurídico vigente, eliminando disposiciones que ya no cumplen una función efectiva dentro del sistema jurídico. En virtud de lo anterior, el presente proyecto tiene por objeto disponer la derogación expresa de la ley que se indica, contribuyendo así a una mayor claridad y coherencia d e nuestro ordenamiento jurídico. PROYECTO DE LEY Artículo único: Derogase expresamente la Ley N° 1025, que “Dispone que los conocimientos de las naves que lleguen a los puertos de la República deberán venir visados por los cónsules de Chile en el puerto de procedencia.”, publicada con fecha 25 de enero de 1898.","{""Infraestructura y obras públicas"": 1.5, ""Constitución y justicia"": 1.0, ""Cultura y comunicaciones"": 0.75, ""Agricultura y mundo rural"": 0.0, ""Agua y recursos hídricos"": 0.0, ""Ciencia y tecnología"": 0.0}"
18591-07,"Modifica la ley Nº 19.903, que establece el procedimiento para el otorgamiento de la posesión efectiva de la herencia, para facilitar el acceso de los herederos a activos financieros hereditarios",parlamentario,"Constitución, Legislación, Justicia y Reglamento","Constitución, Legislación, Justicia y Reglamento",Cultura y comunicaciones,Constitución y justicia,hibrido_institucional_texto,0.596,1,evidencia_semantica_debil | empate_tematico,"origen=Constitución, Legislación, Justicia y Reglamento || score_1=Cultura y comunicaciones:1.50 || score_2=Constitución y justicia:1.00",institutional-hybrid-v0.3,"ANTECEDENTES 1. La Ley N.º 19.903 estableció un procedimiento administrativo destinado a simplificar y agilizar el reconocimiento de la calidad de heredero en las sucesiones intestadas, entregando al Servicio de Registro Civil e Identificación la facultad de conceder la posesión efectiva de la herencia. 2. Una vez otorgada la posesión efectiva, la ley determina quiénes son los herederos y la proporción en que concurren a la sucesión. Sin embargo, la materialización efectiva de esos derechos suele enfrentar obstáculos prácticos cuando el patrimonio hereditario se compone de depósitos bancarios, acciones, cuotas de fondos de inversión, fondos mutuos u otros instrumentos financieros mantenidos por entidades sujetas a fiscalización financiera. 3. En la práctica es frecuente que uno o más herederos se encuentren inubicables, residan permanentemente en el extranjero, mantengan conflictos familiares con los demás asignatarios o simplemente no manifiesten interés en comparecer para realizar los trámites necesarios. Como consecuencia de ello, activos financieros plenamente identificados permanecen inmovilizados durante años, privando a los demás herederos del ejercicio efectivo de derechos que ya les corresponden por disposición de la ley. 4. Esta situación resulta particularmente injustificada tratándose de activos financieros, pues ellos presentan características que los diferencian sustancialmente de otros bienes hereditarios. Los depósitos de dinero, acciones, cuotas de fondos e instrumento s financieros son activos divisibles, fungibles o susceptibles de valorización objetiva, 11-08-2026 09:49 permitiendo determinar con precisión la cuota que corresponde a cada heredero sin afectar los derechos de los restantes comuneros. Esta inmovilización genera costos de transacción evitables, fomenta litigios innecesarios e impide la circulación de recursos económicos plenamente identificados, afectando la eficacia práctica del sistema de posesiones efectivas administrado por el Servicio de Registro Civil e Identificación. II. IDEA MATRIZ La idea matriz del presente proyecto de ley consiste en permitir que cualquier heredero individualizado en una posesión efectiva pueda solicitar y obtener, de manera individual y sin necesidad de la comparecencia o autorización de los demás herederos, la e ntrega, transferencia o pago de la cuota que le corresponde sobre los activos financieros que formen parte de la herencia. Lo anterior, sin alterar en caso alguno las reglas de la sucesión intestada, las cuotas hereditarias establecidas por la ley, los procedimientos de partición ni la comunidad hereditaria respecto de los demás bienes, los cuales permanecerán sujetos al régimen general aplicable a la herencia. Para resguardar los derechos de los demás herederos, el proyecto contempla la práctica de una anotación marginal en el Registro Nacional de Posesiones Efectivas, previa a toda entrega, que individualiza al solicitante, la entidad respectiva y los activos e fectivamente retirados. Dicha anotación, junto con el consiguiente mecanismo de publicidad registral, otorga transparencia y seguridad jurídica al sistema, exime de responsabilidad a las entidades que actúen de buena fe sobre la base de la posesión efectiva vigente, y hace responsable al heredero requirente por la exactitud de los antecedentes que proporcione. En mérito de lo expuesto, sometemos a consideración del Congreso Nacional el siguiente: PROYECTO DE LEY Artículo único.- Introdúcense las siguientes ","{""Cultura y comunicaciones"": 1.5, ""Constitución y justicia"": 1.0, ""Familia, infancia y adolescencia"": 0.75, ""Relaciones exteriores"": 0.75, ""Agricultura y mundo rural"": 0.0, ""Agua y recursos hídricos"": 0.0}"
18564-07,Impide temporalmente el alza en el valor del avalúo fiscal de los inmuebles residenciales por la instalación de paneles solares,parlamentario,"Constitución, Legislación, Justicia y Reglamento","Constitución, Legislación, Justicia y Reglamento",Constitución y justicia,,hibrido_institucional_texto,0.623,1,evidencia_semantica_debil | empate_tematico | solo_comision_transversal,"origen=Constitución, Legislación, Justicia y Reglamento || score_1=Constitución y justicia:3.25 || score_2=Minería y energía:3.00",institutional-hybrid-v0.3,"antecedentes expuestos, y con el objeto de incentivar el uso de energías renovables, fortalecer la seguridad energética, disminuir costos para familias y organizaciones comunitarias, así como eliminar desincentivos tributarios al autoconsu mo eléctrico, los diputados que suscriben vienen en someter a la consideración de este Honorable Congreso Nacional el siguiente: 05-08-2026 14:50 4 “PROYECTO DE REFORMA CONSTITUCIONAL” ARTÍCULO ÚNICO. - Agrégase la siguiente disposición transitoria en la Constitución Política de la República: “QUINCUAGÉSIMA SÉPTIMA: Por el plazo de Quince años contado desde la publicación de esta reforma constitucional, la instalación o incorporación de sistemas solares fotovoltaicos destinados al autoconsumo energético residencial o a la inyección de energía al sistema eléctrico no p odrá ser considerada, por sí sola, como causal de aumento del avalúo fiscal de bienes raíces, ni dar lugar al incremento del monto del impuesto territorial de bienes raíces que grave al inmueble respectivo.”. 05-08-2026 14:50 05-08-2026 14:50","{""Constitución y justicia"": 3.25, ""Minería y energía"": 3.0, ""Economía y hacienda"": 1.5, ""Familia, infancia y adolescencia"": 0.75, ""Transportes y telecomunicaciones"": 0.75, ""Agricultura y mundo rural"": 0.0}"
18609-07,Con el objeto de consagrar a la persecución de la corrupción como un principio rector para el Estado,parlamentario,"Constitución, Legislación, Justicia y Reglamento","Constitución, Legislación, Justicia y Reglamento",Constitución y justicia,,hibrido_institucional_texto,0.636,1,evidencia_semantica_debil | empate_tematico | solo_comision_transversal,"origen=Constitución, Legislación, Justicia y Reglamento || score_1=Constitución y justicia:4.00 || score_2=Cultura y comunicaciones:3.75",institutional-hybrid-v0.3,"Boletín N° 18.609-07 Proyecto de reforma constitucional, iniciado en Moción de los Honorables Senadores señor Velásquez y señora Sepúlveda, con el objeto de consagrar a la persecución de la corrupción como un principio rector para el Estado. I. FUNDAMENTOS La corrupción constituye una de las amenazas más graves para el funcionamiento del Estado democrático de derecho, por lo tanto, afecta la legitimidad de sus instituciones, compromete la correcta utilización de los recursos públicos, distorsiona los procesos de toma de decisiones y debilita la confianza de la ciudadanía en quienes ejercen funciones públicas. Sus consecuencias exceden, por tanto, la afectación patrimonial inmediata que pueda ocasionar una determinada conducta ¡lícita, proyectándose sobre la calidad de la democracia, la igualdad ante la ley y la capacidad del Estado para cumplir adecuadamente sus fines. Nuestro ordenamiento jurídico ha avanzado progresivamente en la construcción de un sistema destinado a resguardar la probidad y transparencia en el ejercicio de las funciones públicas. El artículo 8° de la Constitución Política de la República establece que el ejercicio de las funciones públicas obliga a sus titulares a dar estricto cumplimiento al principio de probidad en todas sus actuaciones, consagrando además como regla general la publicidad de los actos y resoluciones de los órganos del Estado, así como de sus fundamentos y procedimientos. A partir de este mandato constitucional se ha desarrollado una extensa legislación en materia de probidad administrativa, transparencia, declaraciones de intereses y patrimonio, regulación del lobby, prevención de conflictos de interés, responsabilidad penal de las personas jurídicas, contratación pública y persecución de los delitos funcionarios. Sin embargo, la evolución experimentada por los fenómenos de corrupción demuestra que su tratamiento no pu ede quedar circunscrito exclusivamente a la sanción individual de determinadas conductas ni al deber personal de probidad que recae sobre quienes ejercen funciones públicas. La experiencia contemporánea demuestra que la corrupción constituye un fenómeno complejo que puede manifestarse mediante el desvío o utilización indebida de recursos públicos, conflictos de interés no gestionados adecuadamente, tráfico de influencias, intervenciones indebidas sobre las decisiones públicas, fraude, irregularidades en los procesos de contratación y diversas formas de interacción ilícita entre agentes públicos y privados. En consecuencia, enfrentar eficazmente este fenómeno exige complemen tar el deber individual de probidad con un deber institucional del Estado destinado a prevenir las condiciones que facilitan la corrupción, detectar oportunamente sus manifestaciones y asegurar su investigación, persecución y sanción. Esta concepción se encuentra en concordancia con las obligaciones internacionales asumidas por Chile. La Convención de las Naciones Unidas contra la Corrupción reconoce que la prevención y erradicación de la corrupción constituye una responsabilidad de los Estados y promueve la adopción de políticas coordinadas destinadas a fortalecer la integridad, la transparencia, la rendición de cuentas y la adecuada gestión de los asuntos y bienes públicos. De esta forma, el fenómeno de la corrupción ha dejado de ser e ntendido exclusivamente desde una perspectiva penal o represiva, para ser abordado también mediante mecanismos preventivos e institucionales. En la misma dirección ha avanzado nu","{""Constitución y justicia"": 4.0, ""Cultura y comunicaciones"": 3.75, ""Economía, comercio y consumidores"": 2.25, ""Gobierno interior y descentralización"": 2.25, ""Familia, infancia y adolescencia"": 1.5, ""Vivienda y territorio"": 1.5}"
18390-07,"Modifica la ley N° 19.903, con el objeto de perfeccionar y digitalizar la adición, supresión, modificación y rectificación del inventario de las posesiones efectivas de las herencias intestadas",parlamentario,"Constitución, Legislación, Justicia y Reglamento","Constitución, Legislación, Justicia y Reglamento",Economía y hacienda,Constitución y justicia,hibrido_institucional_texto,0.641,1,evidencia_semantica_debil | empate_tematico,"origen=Constitución, Legislación, Justicia y Reglamento || score_1=Economía y hacienda:3.00 || score_2=Transportes y telecomunicaciones:1.50",institutional-hybrid-v0.3,"Fundamentos 1.- La posesión efectiva intestada y la función del inventario. Desde la entrada en vigencia de la ley N° 19.903, la tramitación administrativa de las posesiones efectivas intestadas radica en el Servicio de Registro Civil e Identificación. En este procedimiento, el inventario de los bienes cumple una función esencial: delimita la masa hereditaria, sirve de base para la determinación y pago del impuesto que grava las asignaciones por causa de muerte y constituye el antecedente que habilita las inscripciones y posteriores actos de disposición ante el Conservador de Bienes Raíces. Un inventario incompleto o erróneo proyecta sus defectos sobre toda la cadena que sigue a la apertura de la sucesión. 2.- El problema de fondo: una gestión que sigue siendo presencial. El artículo 9° de la ley contempla la posibilidad de adicionar, suprimir, modificar o rectificar el inventario una vez tramitada la posesión efectiva, por la vía de un formulario que confecciona el propio Servicio. El problema no radica en quiénes pueden solicitar esa modificación, sino en cómo se tramita: el formulario sigue dependiendo, en los hechos, de gestiones presenciales ante las oficinas del Servicio. Esa presencialidad obliga a los herederos a concurrir personalmente, a reiterar trámites y a soportar tiempos de espera que nada justifica en el actual estado de la tecnología. 3.- Las hipótesis que la práctica revela son frecuentes y diversas. Es habitual que con posterioridad a la inscripción aparezcan bienes que no fueron comprendidos en el inventario original (cuentas bancarias, vehículos, inmuebles o derechos en sociedades) que deben adicionarse. Con igual frecuencia se constata que se inclu yeron bienes que no pertenecían al causante, como los bienes propios del cónyuge o conviviente civil sobreviviente o bienes ya enajenados. Y en no pocos casos procede rectificar la individualización, la cuota o el avalúo de un bien ya inventariado. 4.- La brecha digital y el imperativo de modernización. La ley N° 21.180, sobre Transformación Digital del Estado, dispuso que los procedimientos 16-06-2026 13:30 2 administrativos deben expresarse a través de medios electrónicos, y la ley N° 19.799 consagró la equivalencia funcional del soporte electrónico respecto del papel. Habilitar la tramitación electrónica beneficia directamente a los usuarios, ahorra tiempo y recursos, y mejora el acceso a los servicios del Estado, en especial para quienes habitan zonas alejadas de las oficinas del Servicio. 5.- La coherencia con la cadena post mortem y el resguardo fiscal. Toda modificación del inventario incide en el impuesto a las herencias y en las inscripciones registrales. Resulta indispensable que el Servicio comunique las modificaciones, por medios interoperables, al Servicio de Impuestos Internos y ponga sus antecede ntes a disposición del Conservador de Bienes Raíces competente. 6.- Objeto del proyecto. En consecuencia, la presente moción sustituye el artículo 9° de la ley N° 19.903 por una norma que incorpora la tramitación electrónica de la adición, supresión, modificación y rectificación del inventario en las posesiones efectivas intestadas, dejándola disponible en pie de igualdad con la presentación presencial y a elección del interesado, regulando además las hipótesis de procedencia, los efectos de la modificación y los deberes de publicación e interoperabilidad. Por lo anteriormente expuesto, los diputados y diputadas que suscriben venimos en presentar el siguiente: P R","{""Economía y hacienda"": 3.0, ""Transportes y telecomunicaciones"": 1.5, ""Constitución y justicia"": 1.0, ""Ciencia y tecnología"": 0.75, ""Agricultura y mundo rural"": 0.0, ""Agua y recursos hídricos"": 0.0}"
18481-07,"Modifica las leyes Nº 20.880, 18.575 y 18.918, para fortalecer la probidad e integridad pública en Chile",parlamentario,"Constitución, Legislación, Justicia y Reglamento","Constitución, Legislación, Justicia y Reglamento",Cultura y comunicaciones,"Economía, comercio y consumidores | Constitución y justicia",hibrido_institucional_texto,0.668,1,evidencia_semantica_debil | empate_tematico,"origen=Constitución, Legislación, Justicia y Reglamento || score_1=Cultura y comunicaciones:6.00 || score_2=Economía, comercio y consumidores:6.00",institutional-hybrid-v0.3,"ANTECEDENTES Y FUNDAMENTOS La probidad administrativa y la integridad pública constituyen principios esenciales para el adecuado funcionamiento de las instituciones democráticas. Sin embargo, la legislación vigente presenta importantes vacíos aún. En este contexto, el presente proyecto de ley tiene por objeto fortalecer el sistema de probidad e integridad pública mediante herramientas preventivas que permitan resguardar y fortalecer la imparcialidad y la probidad. a) Falta de enfoque preventivo de los conflictos de interés La actual legislación chilena que regula los conflictos de intereses, que está principalmente en la Ley N° 20.880, presenta una deficiencia estructural al concentrarse mayoritariamente en los conflictos de interés reales, lo que otorga al marco regulatorio un carácter reactivo en lugar de uno preventivo. Este enfoque se limita a sancionar situaciones donde el interés privado ya ha incidido de forma efectiva en el desempeño de la autoridad, dejando un vacío legal en la gestión de “zonas grises” o circunstancias previas al conflicto consumado. Para subsanar esta vulnerabilidad, resulta imperativo que la normativa nacional incorpore expresamente la clasificación de conflictos de interés reconocida por la OCDE 1 y espacios como Chile Transparente 2 , permitiendo una gestión preventiva. En consecuencia, el proyecto propone reconocer y regular tres categorías esenciales: - Conflictos Reales: Aquellas situaciones donde existe un conflicto de hecho entre el deber público de la autoridad y sus intereses privados, afectando su independencia de criterio al momento de tomar una decisión. 2 Cuadernillo 2, Chile Transparente, “Prevención Conflictos de Interés”, página 5. 1 Manuel Martínez Bargueño, “La Gestión de los Conflictos de Intereses en el Servicio Público, Líneas directrices de la OCDE y experiencias nacionales”; página 57. 1 14-07-2026 10:43 - Conflictos Potenciales: Circunstancias en las que la autoridad posee intereses privados que, dadas ciertas condiciones futuras o ante la asunción de nuevas responsabilidades oficiales, podrían transformar fácilmente en un conflicto real si no se gestionan preventivamente. - Conflictos Aparentes: Situaciones donde, aún cuando no exista un beneficio económico efectivo o una influencia real, las circunstancias hacen parecer que la imparcialidad de la autoridad está comprometida. Estas situaciones deben evitarse, ya que la percepción de favoritismo es suficiente para socavar la confianza en las instituciones y la integridad de la formación de la ley. b) Puerta giratoria o inhabilidades post empleo en el sector público El fenómeno de la “puerta giratoria” describe el tránsito de profesionales entre el sector público y el privado, específicamente cuando exfuncionarios que legislaban o regulaban un área económica pasan a trabajar en empresas del mismo rubro, o viceversa. El diagnóstico actual señala que este tránsito genera riesgos críticos para la integridad pública, tales como la captura del Estado por intereses corporativos, el uso indebido de información privilegiada y el aprovechamiento de redes de influencias adquiridas en el cargo para beneficiar a nuevos empleadores. La regulación chilena vigente sobre este fenómeno ha sido diagnosticada como insuficiente y limitada. El inciso final del artículo 56 de la Ley Nº 18.575, de Bases Generales de la Administración del Estado, dispone que son incompatibles las actividades de las exautoridades o exfuncionarios de una institución fiscalizado","{""Cultura y comunicaciones"": 6.0, ""Economía, comercio y consumidores"": 6.0, ""Ciencia y tecnología"": 2.25, ""Gobierno interior y descentralización"": 2.25, ""Trabajo y seguridad social"": 2.25, ""Constitución y justicia"": 1.75}"
18395-07,Sanciona penalmente la usura y la obtención de lucro en las contrataciones con el Estado en situaciones de emergencia o catástrofe,parlamentario,"Constitución, Legislación, Justicia y Reglamento","Constitución, Legislación, Justicia y Reglamento",Constitución y justicia,,hibrido_institucional_texto,0.677,1,evidencia_semantica_debil | empate_tematico | solo_comision_transversal,"origen=Constitución, Legislación, Justicia y Reglamento || score_1=Constitución y justicia:5.50 || score_2=Cultura y comunicaciones:4.50",institutional-hybrid-v0.3,"ANTECEDENTES En los últimos años, distintas investigaciones administrativas, judiciales y periodísticas han evidenciado graves situaciones de sobreprecio, aprovechamiento abusivo y obtención desproporcionada de utilidades por parte de empresas privadas en contrataciones celebradas con órganos y servicios del Estado de Chile, particularmente en contextos de emergencia, salud pública, reconstrucción, abastecimiento básico y servicios estratégicos. La legislación chilena contempla actualmente figuras penales relacionadas con fraude al Fisco, negociación incompatible, cohecho, colusión y delitos económicos. Sin embargo, existe un vacío normativo respecto de aquellas conductas consistentes en imponer al Estado precios manifiestamente desproporcionados, abusivos o carentes de justificación económica razonable, aprovechándose de una posición dominante, de situaciones excepcionales o de limitaciones operativas de la administración pública. 16-06-2026 17:19 Actualmente, el delito de usura en Chile se encuentra regulado principalmente respecto de operaciones de crédito de dinero y cobro de intereses excesivos, conforme al Código Penal y legislación financiera. No obstante, dicha regulación no aborda adecuadamente la usura o aprovechamiento abusivo ejercido por empresas privadas contra el patrimonio fiscal mediante contratos administrativos, licitaciones, compras directas o mecanismos excepcionales de contratación pública. Asimismo, la legislación vigente en materia de compras públicas y probidad administrativa contempla sanciones administrativas y civiles, pero muchas veces insuficientes frente a conductas que generan un grave perjuicio patrimonial al Estado y afectan directamente recursos destinados a políticas públicas esenciales, especialmente en áreas sensibles como salud, vivienda, reconstrucción, personas mayores, discapacidad y abastecimiento territorial. En el derecho comparado, particularmente en el Código Penal de Francia, existen disposiciones que sancionan conductas vinculadas al aprovechamiento económico abusivo, fraude contra la administración pública y obtención indebida de ventajas económicas mediante mecanismos contrarios al interés público. La experiencia francesa ha desarrollado una fuerte protección penal del patrimonio estatal y de la probidad en la contratación pública, incorporando criterios amplios de persecución respecto de actos que lesionan gravemente el interés fiscal. Particularmente, el derecho penal francés contempla sanciones severas respecto de fraudes contractuales, abuso en contratos públicos y obtención ilegítima de beneficios en perjuicio del Estado, lo que constituye un antecedente relevante para robustecer la legislación chilena. 16-06-2026 17:19 II. FUNDAMENTOS El Estado administra recursos públicos que pertenecen a toda la ciudadanía. Por ello, cualquier conducta destinada a obtener ganancias abusivas, desproporcionadas o carentes de justificación razonable mediante contratación pública debe ser objeto de especial reproche jurídico y penal. La presente iniciativa busca proteger el patrimonio fiscal y fortalecer la probidad en la contratación pública, incorporando una figura penal específica que permita perseguir a quienes, aprovechándose de situaciones excepcionales o de asimetrías frente al Estado, obtengan utilidades manifiestamente excesivas en perjuicio del interés público. La propuesta no pretende sancionar la legítima actividad económica ni la obtención razonable de utilidades por parte del sector pr","{""Constitución y justicia"": 5.5, ""Cultura y comunicaciones"": 4.5, ""Economía, comercio y consumidores"": 4.5, ""Vivienda y territorio"": 4.5, ""Salud"": 3.75, ""Gobierno interior y descentralización"": 3.0}"
18566-07,Dispone un sistema general de control de consumo de drogas en las autoridades que indica,parlamentario,"Constitución, Legislación, Justicia y Reglamento","Constitución, Legislación, Justicia y Reglamento",Seguridad,Constitución y justicia,hibrido_institucional_texto,0.677,1,evidencia_semantica_debil | empate_tematico,"origen=Constitución, Legislación, Justicia y Reglamento || score_1=Seguridad:5.25 || score_2=Constitución y justicia:4.00",institutional-hybrid-v0.3,"ANTECEDENTES Y FUNDAMENTOS 1.- El ejercicio de funciones públicas exige los más altos estándares de integridad, responsabilidad y , qué duda cabe, transparencia, lo cual resulta hasta obvio toda vez que quienes adoptan decisiones públicas, administran recursos fiscales, ejercen potestades estatales o desempeñan cargos de especial relevancia institucional por lo que deben mantener una conducta compatible con la confianza que la ciudadanía deposita en ellos. 2.- El narcotráfico y el crimen organizado constituyen una amenaza directa para la seguridad pública, el Estado de Derecho y el normal funcionamiento de las instituciones democráticas y, tal como hemos visto en el último tiempo, s u expansión no depende únicamente de la producción y comercialización de drogas, sino también de su capacidad para penetrar, corromper, coaccionar o condicionar a quienes ejercen funciones públicas o adoptan decisiones de relevancia institucional. 3.- La lucha contra estas organizaciones exige reducir todos los espacios de vulner abilidad institucional, ya que efectivamente, e l cons umo de sustancias o drogas estupefac ientes o sicotrópicas ilegales por parte de autoridades, funcionarios o personas que desempeñan funciones especialmente relevantes no constituye exclusivamente una conducta perteneciente al ámbito privado, toda vez que dicha conducta p uede generar vínculos con mercados ilícitos, exponer al consumidor a presiones o extorsiones y comprometer su independencia, imparcialidad y capacidad para ejercer adecuadamente el cargo. 4.- Resulta contradictorio exigir a las instituciones del Estado perseguir el narcotráfico mientras quienes ejercen cargos sometidos a estándares reforzados de probidad participan, mediante el consumo ilegal, de la demanda que sostiene económicamente dicho mercado. Sin desconocer la necesidad de políticas sanitarias de prevención, tratamiento y rehabilitación, el ejercicio de funciones públicas de especial relevancia justifica un estándar más estricto de conducta e integridad. 05-08-2026 19:10 5.- Nuestro ordenamiento contempla prohibiciones y controles respecto de determin adas autoridades y funcionarios, s in embargo, estas reglas se encuentran dispersas en distintos cuerpos normativos y no configuran un estándar general que permita prevenir que personas expuestas al narcotráfico o vinculadas al mercado ilegal de drogas continúen ejerciendo funciones públicas especialmente sensibles. 6.- La Ley establece un criterio objetivo para determinar qué autoridades, funcionarios y otras personas, por la relevancia de sus cargos o funciones, deben efectuar una declaración de intereses y patrimonio. Utilizar esa obligación como elemento delimitador permite evitar un catálogo constitucional extenso, incompleto y susceptible de quedar desactualizado. 7.- En consecuencia, resulta razonable que quienes están sujetos a deberes reforzados de transparencia patrimonial queden también sometidos a controles destinados a prevenir y detectar el consumo de sustancias o drogas estupefacientes o sicotrópicas ilegales, dando la posibilidad de justificar su consumo por un tratamiento médico . Esta medida busca proteger la independencia de la función pública, reducir los riesgos de infiltración o coacción y fortalecer la capacidad del Estado para combatir el narcotráfico y el crimen organizado. 8.- La consecuencia constitucional no debe fundarse en el mero resultado inicial de un examen, debe recaer sobre el consumo debidamente acreditado mediante un pr","{""Seguridad"": 5.25, ""Constitución y justicia"": 4.0, ""Economía, comercio y consumidores"": 3.0, ""Salud"": 3.0, ""Cultura y comunicaciones"": 2.25, ""Gobierno interior y descentralización"": 0.75}"
18615-07,Establece nueva obligación de los senadores y diputados relativa a su función de representación,parlamentario,"Constitución, Legislación, Justicia y Reglamento","Constitución, Legislación, Justicia y Reglamento",Constitución y justicia,,hibrido_institucional_texto,0.677,1,evidencia_semantica_debil | empate_tematico | solo_comision_transversal,"origen=Constitución, Legislación, Justicia y Reglamento || score_1=Constitución y justicia:4.00 || score_2=Gobierno interior y descentralización:1.50",institutional-hybrid-v0.3,"Boletín N° 18.615-07 Proyecto de ley, iniciado en Moción del Honorable Senador señor Lee, que establece nueva obligación de los senadores y diputados relativa a su función de representación. FUNDAMENTOS La dogmática constitucional clásica, tributaria del pensamiento revolucionario francés y de la teorización de Edmund Burke, concibió al parlamentario como un representante de la Nación toda y no de una facción o territorio específico. Esta concepción dispone que diputados y senadores actúan en representación del pueblo de la República, y pretendió abolir los mandatos imperativos del Antiguo Régimen para garantizar la deliberación libre sobre el interés general. Sin embargo, el Estado democrático moderno ha desbordado la abstracción del mandato libre puro. La representación política no se agota en el acto eleccionario ni en la votación en sala; requiere un flujo deliberativo ininterrumpido entre el gobernante y la comunidad que legitima su origen electoral. En un Estado unitario con marcadas asimetrías territoriales y un centralismo histórico que posterga a las regiones —particularmente a las zonas extremas y aisladas —, la presencia del legislador en su territorio no constituye una prerrogativa accesoria. Es el núcleo sustantivo de la representación. La legitimidad del Congreso Nacional sufre un deterioro progresivo cuando la ciudadanía percibe una ruptura entre la actividad legislativa en Valparaíso y la realidad vivencial de las comunidades locales. La lejanía física engendra desafecto cívico. La presencia territorial, en cambio, dota de contenido real a la función fiscalizadora y al debate normativo, permitiendo que la producción legislativa recoja los requerimientos y complejidades de cada rincón del país. Tradicionalmente, el despliegue territorial de los parlamentarios ha quedado entregado al régimen consuetudinario de las denominadas «semanas distritales» o «semanas regionales». Estos períodos, definidos por acuerdos variables de los comités parlamentarios o resoluciones administrativas internas, carecen de la jerarquía que exige el estatuto funcionarial de una autoridad electa por sufragio universal. Tratar la vinculación con el territorio como un simple receso de la labor legislativa ordinaria desnaturaliza su trascendencia pública. No se trata de un beneficio de calendario para el congresista, sino de una exigencia republicana irrenunciable hacia la ciudadanía. Resulta indispensable superar la laxitud del régimen convencional y formalizar este compromiso en la Ley Orgánica Constitucional del Congreso Nacional. Al consagrar legislativamente un umbral mínimo de días hábiles mensuales destinados al trabajo oficial en el distrito o circunscripción, se fija un parámetro objetivo de desempeño. Esta transformación normativa no limita la autonomía deliberativa del parlamentario — pues no le impone instrucciones de voto ni directrices vinculantes prohibidas por el pri ncipio del mandato representativo—, sino que instituye un deber adjetivo de presencia y gestión que equipara la labor en terreno con la asistencia a las sesiones del Congreso. El diseño institucional exige respetar el principio de reserva legal acotada y la autonomía interna de los cuerpos colegisladores, consagrada la Constitución Política. Mientras la Ley N° 18.918 debe fijar la obligación sustantiva de permanencia y el estándar temporal mínimo aplicable a todos los parlamentarios, co rresponde a los Reglamentos del Senado y de la Cámara de Diputados regular los aspectos","{""Constitución y justicia"": 4.0, ""Gobierno interior y descentralización"": 1.5, ""Trabajo y seguridad social"": 1.5, ""Economía y hacienda"": 0.75, ""Salud"": 0.75, ""Territorio y zonas extremas"": 0.75}"
18373-07,"Modifica la ley N° 19.913, que crea la Unidad de Análisis Financiero, para agilizar el acceso a información amparada por secreto o reserva bancaria, manteniendo el control judicial previo",parlamentario,"Constitución, Legislación, Justicia y Reglamento","Constitución, Legislación, Justicia y Reglamento",Constitución y justicia,,hibrido_institucional_texto,0.691,1,evidencia_semantica_debil | solo_comision_transversal,"origen=Constitución, Legislación, Justicia y Reglamento || score_1=Constitución y justicia:4.00 || score_2=Cultura y comunicaciones:0.75",institutional-hybrid-v0.3,"Fundamentos • La Unidad de Análisis Financiero cumple una función esencial en la prevención y detección del lavado de activos, el financiamiento del terrorismo y otros fenómenos delictuales asociados al uso del sistema financiero. Para ello, requiere contar oportunamente con antecedentes suficientes que le permitan analizar operaciones sospechosas, identificar flujos patrimoniales, detectar beneficiarios finales y advertir patrones de ocultamiento o disimulación de activos. • La legislación vigente contempla un mecanismo especial para que la Unidad de Análisis Financiero pueda acceder a información amparada por secreto o reserva. En estos casos, la Ley N° 19.913 exige autorización previa de un ministro de la Corte de Apelaciones de Santiago, resguardando así el control judicial sobre antecedentes especialmente sensibles. Se trata de una garantía institucional relevante, que busca proteger la intimidad y la vida privada de las personas, pero que requiere de enmiendas destinadas a hacer más oportuna y eficaz la obtención de información financiera. 15-06-2026 09:17 Página 2 de 6 • En investigaciones de carácter patrimonial, el tiempo resulta determinante. La demora en el acceso a antecedentes bancarios o financieros puede permitir la triangulación de recursos o la transferencia de activos hacia otras jurisdicciones. Por ello, una respuesta institucional tardía puede afectar seriamente la capacidad del Estado para detectar y perseguir operaciones vinculadas al lavado de activos y otros delitos precedentes. • La experiencia dice que la autorización judicial no es un obstáculo para la obtención final de la información que solicita la Unidad de Análisis Financiero. Por ello es que no parece necesario eliminar el secreto bancario ni suprimir el control judicial previo: debemos introducir reformas legales que procuren un procedimiento más eficaz y expedito para la obtención de la información. En ese sentido, se propone reducir el plazo en que el ministro debe resolver la solicitud de la Unidad de Análisis Financiero, estableciendo un término máximo de veinticuatro horas contado desde su recepción. Con ello se refuerza el carácter urgente y pr eferente de estas solicitudes, sin afectar la exigencia de fundamentación ni la intervención judicial. • Siempre en el sentido de procurar celeridad en la gestión, el proyecto hace propia una fórmula ya utilizada en el Código Procesal Penal a propósito de las investigaciones criminales. En efecto, se establece que tratándose de casos urgentes, en que la inmediata autorización u orden judicial sea indispensable para el éxito de la gestión, ésta podrá ser solicitada y otorgada por cualquier medio idóneo al efecto, tales como teléfono, correo electrónico u otro, sin perjuicio de la constancia posterior que se deberá dejar. 15-06-2026 09:17 Página 3 de 6 • Asimismo, se establece que, una vez otorgada la autorización judicial, la entidad requerida deberá remitir la información dentro de un plazo máximo de veinticuatro horas. En casos calificados de urgencia dicho plazo podrá reducirse hasta seis horas. Esta regla permite que la autorización judicial tenga una consecuencia práctica inmediata, evitando que el levantamiento del secreto o reserva se vea frustrado por demoras administrativas posteriores. • Junto con lo anterior, se establece expresamente que la entidad requerida no podrá comunicar al titular o terceros la existencia del requerimiento, su contenido o la entrega de antecedentes. Esta regla es coherente","{""Constitución y justicia"": 4.0, ""Cultura y comunicaciones"": 0.75, ""Derechos humanos"": 0.75, ""Economía y hacienda"": 0.75, ""Seguridad"": 0.75, ""Agricultura y mundo rural"": 0.0}"
18535-07,Modifica el Código Civil para disponer la servidumbre legal de tránsito en casos que indica,parlamentario,"Constitución, Legislación, Justicia y Reglamento","Constitución, Legislación, Justicia y Reglamento",Constitución y justicia,Transportes y telecomunicaciones,hibrido_institucional_texto,0.722,1,empate_tematico | solo_comision_transversal,"origen=Constitución, Legislación, Justicia y Reglamento || score_1=Constitución y justicia:8.50 || score_2=Transportes y telecomunicaciones:8.00",institutional-hybrid-v0.3,"Idea matriz La presente moción tiene por idea matriz reforzar y agilizar la constitución de la servidumbre legal de tránsito reconocida en el Código Civil, ampliando las hipótesis en que procede en favor de los predios rurales e insulares que carecen de acceso al camino público o cuyo acceso resulta insuficiente, intermitente o peligroso para el uso y beneficio a que se encuentran destinados. Con ese único objeto se modifican los artículos 847 y 848 y se agrega un artículo 848 bis del referido cuerpo legal, con el fin de dotar a la determinación del trazado y de la indemnización de un procedimiento cierto y expedito, y de ordenar la constitución e inscripción de la servidumbre para resguardo de las partes y de los terceros. Las reglas de competencia y de procedimiento que se introducen son accesorias e instrumentales a dicha idea matriz de derecho civil, y no alteran el pago previo del valor del terreno ni el resarcimiento de todo perjuicio que corresponden al dueño del predio sirviente. Fundamentos 1.- La servidumbre legal de tránsito y el aislamiento de los predios. Desde la dictación del Código Civil, los artículos 847 y siguientes reconocen al dueño de un predio que carece de comunicación con el camino público el derecho a imponer sobre los predios vecinos una servidumbre de tránsito, previo pago del valor del terre no y de los perjuicios. Se trata de una institución esencial para que la propiedad pueda cumplir su función: un predio sin acceso es un predio improductivo, no habitable y, en los hechos, despojado de buena parte de su valor económico y social. 2.- El problema de fondo: una vía cuya constitución sigue siendo lenta y conflictiva. El estándar vigente exige que el predio se encuentre destituido de toda comunicación con el camino público, hipótesis que ha sido interpretada de manera estricta. A ello se suma que, a falta de acuerdo, la determinación del trazado y de la indemnización qu eda entregada a un arbitrio pericial cuyo marco procesal no está claramente definido, lo que en la práctica empuja a los interesados a litigios largos y costosos. El resultado 30-07-2026 15:43 2 es que un derecho que el legislador concibió como expedito se ha transformado en una fuente permanente de conflictos entre vecinos. 3.- La realidad de los territorios rurales e insulares. En amplias zonas rurales del país, y muy especialmente en los territorios insulares del archipiélago de Chiloé y de la Región de Los Lagos , la subdivisión sucesiva de la tierra por herencias y enajenaciones informales ha dado origen a numerosos predios enclavados, sin salida a un camino público o con accesos precarios que sólo permiten el tránsito por mar o que se interrumpen con las mareas y las lluvias. Para esas familias, la falta de un acceso seguro no es una cuestión teórica, sino un obstáculo cotidiano para trasladar enfermos, llevar a los niños a la escuela o sacar su producción. 4.- La insuficiencia del estándar vigente y la necesidad de actualizarlo. La exigencia de una carencia absoluta de comunicación deja desprotegidos a quienes disponen de un acceso meramente nominal: una huella intransitable buena parte del año, una vía peligrosa o un paso que depende de la voluntad cambiante del vecino. Resulta necesario actualizar el supuesto del artículo 847 del Código Civil para que el derecho proceda también cuando la comunicación existente sea insuficiente, intermitente o peligrosa para el uso y beneficio a que el predio se encuentra destinado, recogiendo además la","{""Constitución y justicia"": 8.5, ""Transportes y telecomunicaciones"": 8.0, ""Cultura y comunicaciones"": 5.25, ""Infraestructura y obras públicas"": 3.0, ""Economía, comercio y consumidores"": 1.5, ""Familia, infancia y adolescencia"": 1.5}"
18353-07,Conmutación de penas,parlamentario,"Constitución, Legislación, Justicia y Reglamento","Constitución, Legislación, Justicia y Reglamento",Constitución y justicia,Salud,hibrido_institucional_texto,0.731,1,empate_tematico | solo_comision_transversal,"origen=Constitución, Legislación, Justicia y Reglamento || score_1=Constitución y justicia:7.75 || score_2=Salud:6.00",institutional-hybrid-v0.3,"Idea Matriz Regular la sustitución excepcional de la modalidad de cumplimiento de penas privativas de libertad por reclusión domiciliaria total respecto de personas condenadas que se encuentren en situaciones calificadas de vulnerabilidad derivadas de enfermedad terminal, dependencia severa o edad avanzada. PROYECTO DE LEY Artículo primero.- Incorpórase en el Código Procesal Penal el siguiente artículo 468 bis: “Artículo 468 bis. - Sustitución excepcional de la modalidad de cum plimiento de la pena privativa de libertad por razones humanitarias. El juez de garantía que ejerza competencia en el territorio donde la persona condenada cumpla la pena privativa de libertad podrá sustituir, excepcionalmente, la modalidad de cumplimiento de dicha pena por reclusión domiciliaria total cuando concurran razones humanitarias calificadas en los términos de este artículo. Esta sustitución no constituirá pena sustitutiva para los efectos de la ley N° 18.216, ni importará indulto, amnistía, lib ertad condicional, remisión de la pena o extinción de la responsabilidad penal. Podrán solicitarla las personas condenadas que se encuentren en alguna de las siguientes situaciones: a) Padecer una enfermedad terminal grave, progresiva e irreversible. b) Sufrir un menoscabo físico grave e irrecuperable que produzca dependencia severa para realizar actividades básicas de la vida diaria. c) Tener setenta y cinco años o más. Tratándose de la causal prevista en la letra c), la persona condenada deberá haber cumplido, a lo menos, un tercio de la pena impuesta. Si se tratare de un delito 09-06-2026 20:28 sancionado con pena de crimen, deberá haber cumplido, a lo menos, la mitad de la pena. Tratándose de personas condenadas a presidio perpetuo, la solicitud fundada en la causal prevista en la letra c) sólo podrá presentarse una vez cumplidos veinte años de privación efectiva de libertad. Tratándose de personas condenadas a presidio perpetuo calificado, la solicitud fundada en la causal prevista en la letra c) sólo podrá presen tarse una vez cumplidos treinta años de privación efectiva de libertad. Los requisitos de tiempo mínimo de cumplimiento establecidos en los incisos anteriores no serán exigibles respecto de quienes padezcan una enfermedad terminal grave, progresiva e irreversible. Tampoco serán exigibles, excepcionalmente, respecto de quienes sufran un menoscabo físico grave e irrecuperable que produzca dependencia severa, siempre que dicha condición sea permanente e irreversible. La solicitud deberá resolverse en audien cia especialmente convocada al efecto, previa citación del Ministerio Público, de la defensa, de Gendarmería de Chile, de los querellantes y de las víctimas o sus familiares, si los hubiere. Para resolver, el tribunal deberá contar con un informe médico e mitido por el Servicio Médico Legal o por un establecimiento público de salud habilitado, cuando corresponda, y con un informe técnico de Gendarmería de Chile relativo a la conducta penitenciaria, condiciones de cumplimiento, riesgo de fuga, riesgo de reiteración, redes de apoyo y factibilidad de control. El tribunal deberá ponderar especialmente la edad de la persona condenada, su estado de salud, el grado de autonomía personal, el tiempo efectivo de pena cumplido, la gravedad del delito, la conducta observada durante el cumplimiento de la condena, el riesgo para terceros, la opinión de las víctimas y la compatibilidad de la sustitución con los fines de la pena. No podrán acceder a la sustitució","{""Constitución y justicia"": 7.75, ""Salud"": 6.0, ""Familia, infancia y adolescencia"": 5.25, ""Personas mayores y discapacidad"": 2.25, ""Desarrollo social"": 0.75, ""Economía, comercio y consumidores"": 0.75}"
18251-07,Modifica el artículo 445 del Código de Procedimiento Civil para establecer un régimen excepcional de inembargabilidad de la vivienda principal del deudor,parlamentario,"Constitución, Legislación, Justicia y Reglamento","Constitución, Legislación, Justicia y Reglamento",Vivienda y territorio,Constitución y justicia,hibrido_institucional_texto,0.736,1,empate_tematico,"origen=Constitución, Legislación, Justicia y Reglamento || score_1=Vivienda y territorio:8.00 || score_2=Constitución y justicia:6.25",institutional-hybrid-v0.3,"ANTECEDENTES La realidad económica de los hogares chilenos en los últimos años ha evidenciado una persistente exposición al endeudamiento, particularmente en los sectores medios y vulnerables. Si bien algunos indicadores han mostrado una leve mejora en determinados períod os, los datos oficiales permiten constatar que una parte significativa de la población continúa enfrentando condiciones de fragilidad financiera estructural. En efecto, conforme al Informe de Endeudamiento 2025 de la Comisión para el Mercado Fina nciero, la deuda mediana de los hogares alcanza los $1.680.453, mientras que la carga financiera se sitúa en torno al 11,9% del ingreso mensual, con niveles de apalancamiento cercanos a 1,9 veces el ingreso. Estos antecedentes dan cuenta de una presión con stante sobre los ingresos familiares, especialmente en contextos de inestabilidad laboral o contingencias personales.1 Por su parte, información del Banco Central de Chile revela que los hogares con obligaciones financieras destinan una proporción signi ficativa de sus ingresos al pago de deudas, alcanzando en promedio cerca de un 26%, lo que resulta 2 1 https://www.cmfchile.cl/portal/prensa/615/w3-article-102984.html 2https://www.df.cl/economia-y-politica/macro/encuesta-del-banco-central-numero-de-hogares-con-activos- inmobiliarios-se particularmente gravoso en los segmentos de menores ingresos, donde la capacidad de absorción de shocks económicos es considerablemente más limitada A lo anterior se suma que diversos estudios han evidenciado que un porcentaje relevante de los hogares presenta dificultades para cubrir sus necesidades básicas, recurriendo al crédito como mecanismo de financiamiento cotidiano, lo que contribuye a la perpetuación de ciclos de endeudamiento y vulnerabilidad.3 09-05-2026 12:20 Asesoría Jurídica Diputado Patricio Briones En este contexto, el sistema de ejecución civil adquiere especial relevancia, en cuanto sus mecanismos pueden incidir directamente en las condiciones materiales de existencia de las personas. En particular, el embargo de la vivienda principal constituye una de las medidas más gravosas, al afectar el espacio físico que sustenta la vida familiar, generando consecuencias que trascienden lo meramente patrimonial, generando muchas veces el quiebre familiar. FUNDAMENTOS La Constitución Política de la República reconoc e en su artículo 1°, inciso segundo, que la familia es el núcleo fundamental de la sociedad, lo que impone al legislador el deber de establecer condiciones que resguarden su estabilidad y desarrollo. Asimismo, el principio de dignidad de la persona humana, que informa todo el ordenamiento jurídico, exige que las normas procesales no conduzcan a situaciones que priven a las personas de condiciones mínimas de existencia. En este sentido, la ejecución forzada de obligaciones civiles, si bien constituye una ma nifestación legítima del derecho de propiedad del acreedor, garantizado en el artículo 19 N°24 de la Constitución, debe ejercerse dentro de límites razonables que permitan evitar afectaciones desproporcionadas a otros bienes jurídicos de igual o superior relevancia, como la integridad del grupo familiar y el derecho a una vida digna. La jurisprudencia de los tribunales superiores de justicia ha ido reconociendo progresivamente la necesidad de resguardar el denominado “mínimo vital” del 3 https://www.ipsos.com/es-cl/casi-la-mitad-de-los-hogares-chilenos-no-logra-llegar-fin-de-mes deudor, particularmente en aquellos casos en","{""Vivienda y territorio"": 8.0, ""Constitución y justicia"": 6.25, ""Cultura y comunicaciones"": 3.75, ""Familia, infancia y adolescencia"": 3.0, ""Desarrollo social"": 2.25, ""Personas mayores y discapacidad"": 1.5}"
18580-07,"Modifica el artículo 101 de la Carta Fundamental, con el objeto de establecer la inhabilidad que indica",parlamentario,"Constitución, Legislación, Justicia y Reglamento","Constitución, Legislación, Justicia y Reglamento",Constitución y justicia,Defensa,hibrido_institucional_texto,0.736,1,empate_tematico | solo_comision_transversal,"origen=Constitución, Legislación, Justicia y Reglamento || score_1=Constitución y justicia:9.75 || score_2=Defensa:9.75",institutional-hybrid-v0.3,"Boletín N° 18.580-07 Proyecto de reforma constitucional, iniciado en Moción de los Honorables Senadores señor Saavedra, señoras Astudillo y Vodanovic, y señores Castro y De Urresti, que modifica el artículo 101 de la Carta Fundamental, con el objeto de establecer la inhabilidad que indica. En el Capítulo XI ""Fuerzas Armadas, de Orden y Seguridad Pública"", en su artículo 101, en su inciso tercero se indica que las Fuerzas Armadas y Carabineros, como cuerpos armados, son esencialmente obedientes y no deliberantes. Además, se establece que estas fuerzas, incluyendo a la Policía de Investigaciones y Gendarmería son profesionales, jerarquizadas y disciplinadas. En el artículo 57 de la Constitución Política se dispone que no podrán ser candidatos a diputados ni a senadores, número ""10) Los Comandantes en Jefe del Ejército, de la Armada y de la Fuerza Aérea, el General Director de Carabineros, el Director General de la Policía de Investigaciones, el Director Nacional de Gendarmería de Chile y los oficiales pertenecientes a las Fuerzas Armadas y a las Fuerzas de Orden y Seguridad Pública."". Esta inhabilidad es aplicable a quienes hubieren tenido estas calidades o cargos “dentro del año inmediatamente anterior a la elección"". Esta propuesta de reforma constitucional establece un período de inhabilidad de un año antes de que los altos oficiales de las Fuerzas Armadas y de las Fuerzas de Orden y Seguridad Pública puedan ser designados y asumir cargos de exclusiva confianza política. Se busca garantizar la imparcialidad de decisiones tomadas en el cargo respectivo, la debida probidad funcionaría y evitar el uso de información privilegiada y el mal uso de recursos públicos y de decisiones que involucren medidas que afectan a la población. Establecer un periodo de espera o de inhabilidad para ser designado en ministerios, subsecretarías o delegaciones presidenciales, o ser parte de un gabinete político de cualquier administración, permite prevenir que las decisiones de instituciones esencialmente que son esencialmente obedientes, no deliberantes, profesionales, jerarquizadas y disciplinadas, sean afectadas por intereses político - coyunturales. De esta forma se busca que exista separación entre el ejercicio de las facultades de las autoridades militares y policiales, y los cargos políticos de confianza, y así limitar la politización de estos mandos militares y policiales y la eventual militarización de cargos civiles de confianza política, al evitar el paso inmediato del ejercicio de una responsabilidad en estas instituciones permanentes de la República a cargos de designación político - partidaria. Así se impide que ex oficiales superiores ingresen de inmediato después de su retiro o renuncia a la trinchera política y a la actividad política militante. Al evitar que un oficial activo visualice su futuro laboral inmediato en un cargo político de confianza (como ministerios, subsecretarías o delegaciones presidenciales), se elimina el riesgo de que alinee sus decisiones de mando con los intereses del gobierno de turno o con determinado sector político-partidario, tomando decisiones apartadas de los objetivos propios de las necesidades y requerimientos en la seguridad exterior e interior del país. Es necesario asegurar que el uso legítimo de la fuerza en la seguridad exterior del país y las estrategias de seguridad interior y de orden público se gestionen bajo criterios estrictamente institucionales y de Estado, y no bajo cálculos político -partidistas","{""Constitución y justicia"": 9.75, ""Defensa"": 9.75, ""Seguridad"": 8.25, ""Cultura y comunicaciones"": 0.75, ""Trabajo y seguridad social"": 0.75, ""Agricultura y mundo rural"": 0.0}"
18572-07,"Modifica el Código Penal, con el objeto de tipificar la incitación pública o apología a la explotación, abuso sexual o pornografía infantil, y consagrar una circunstancia agravante en el caso de que la víctima posea una condición de discapacidad o neurodivergencia",parlamentario,"Constitución, Legislación, Justicia y Reglamento","Constitución, Legislación, Justicia y Reglamento",Constitución y justicia,Personas mayores y discapacidad,hibrido_institucional_texto,0.74,1,empate_tematico | solo_comision_transversal,"origen=Constitución, Legislación, Justicia y Reglamento || score_1=Constitución y justicia:9.00 || score_2=Personas mayores y discapacidad:8.00",institutional-hybrid-v0.3,"Boletín N° 18.572-07 Proyecto de ley, iniciado en Moción d el Honorable Senador señor Bianchi, que modifica el Código Penal, con el objeto de tipificar la incitación pública o apología a la explotación, abuso sexual o pornografía infantil, y consagrar una circunstancia agravan te en el caso de que la víctima posea una condición de discapacidad o neurodivergencia. Fundamentos El ordenamiento punitivo chileno sanciona con severidad la ejecución material de las agresiones sexuales, así como la producción, facilitación y almacenamiento de material pornográfico infantil en los artículos 366 quinquies y 374 bis del Código Penal. No obstante, el análisis de la dogmática penal objetiva revela un vacío de punibilidad estructural respecto de las conductas de incitación pública y apología cuando estas se emiten de manera abierta y no logran subsumirse en las exigentes figuras de la proposición o la conspiración para un delito determinado. Estas manifestaciones, que banalizan, normalizan o incitan explícitamente a la violencia sexual contra la infancia en el espacio público o en entornos virtuales, escapan a la cobertura típica actual, consagrando una impunidad inadmisible frente a discursos que entrañan un elevado peligro abstracto para los derechos fundamentales de niños, niñas y adolescentes. Esta omisión normativa contrasta intensamente con la evidencia empírica e internacional en materia de cibercriminalidad e indemnidad infantil. Reportes de organismos especializados como el National Center for Missing & Exploited Children (NCMEC) y la red INHOPE confirman que la proliferación de discursos apologéticos y la cosificación sexu al en plataformas digitales actúan como catalizadores directos que erosionan las barreras de inhibición moral de potenciales agresores, facilitando dinámicas de online grooming y captación de víctimas en situación de vulnerabilidad. La pasividad legislativ a ante estas expresiones previas quiebra el deber correlativo del Estado de garantizar una prevención primaria eficaz. La reestructuración punitiva propuesta exige atender rigurosamente a la dogmática del bien jurídico protegido y a la adecuada geografía del Código Penal. La tradición decimonónica tendió a relegar este tipo de conductas al Párrafo VIII del Título VII del Libro II, referente a los ""ultrajes públicos a las buenas costumbres""; sin embargo, la ciencia penal contemporánea concibe dicho apartado como un resabio enfocado en la moralidad abstracta o el pudor colectivo, y no en la protección efectiva de las personas. El bien jurídico que esta iniciativa busca tutelar de forma unívoca es la indemnidad e integridad sexual de la infancia y adolescencia . Por ello, la incitación pública y la apología deben asentarse de forma orgánica en el Párrafo VI del Título VII, reubicándose tácticamente mediante la incorporación de un artículo 367 nonies nuevo. Esta sistemática es plenamente coherente con la tendencia del derecho comparado, tal como se observa en la reforma del Código Penal español a través de la Ley Orgánica 8/2021 — que tipificó de forma autónoma la incitación al abuso infantil en su catálogo de delitos contra la libertad e indemnidad sexuales — y con los mandatos del Convenio de Lanzarote del Consejo de Europa. Finalmente, este ajuste dogmático se articula con el estándar de tutela reforzada exigido por la Convención sobre los Derechos de las Personas con Discapacidad de la Organización de las Nacion es Unidas (artículos 7 y 16) y la Ley N° 21.545 (Ley TEA).","{""Constitución y justicia"": 9.0, ""Personas mayores y discapacidad"": 8.0, ""Familia, infancia y adolescencia"": 4.5, ""Derechos humanos"": 1.5, ""Desarrollo social"": 1.5, ""Ciencia y tecnología"": 0.75}"
18219-07,Modifica cuerpos legales que indica para extender el estatuto de protección al denunciante de delitos de corrupción y criminalidad económica,parlamentario,"Constitución, Legislación, Justicia y Reglamento","Constitución, Legislación, Justicia y Reglamento",Trabajo y seguridad social,Constitución y justicia,hibrido_institucional_texto,0.758,1,empate_tematico,"origen=Constitución, Legislación, Justicia y Reglamento || score_1=Trabajo y seguridad social:9.00 || score_2=Constitución y justicia:7.00",institutional-hybrid-v0.3,"FUNDAMENTOS La corrupción y el fraude al Fisco constituyen fenómenos sistémicos que erosionan la confianza ciudadana y distorsionan los mercados. En Chile, aproximadamente un 75% de la población percibe elevados niveles de corrupción. Asimismo, casi un 19% de las empresas reportan haber experimentado incidentes de corrupción, colusión o prácticas fraudulentas en periodos recientes. Casos relevantes de financiamiento ilegal de la política, carteles y fraudes públicos a menudo quedan impunes debido a redes complejas y estructuras profesionales orientadas al ocultamiento. La normativa actual, aunque ha avanzado con la Ley N° 21.121 y la Ley de Delitos Económicos, carece de un régimen integrado de incentivos que rompa la asimetría de información mediante informantes internos. El modelo estadounidense, a través de la False Claims Act y programas de la SEC, demuestra que la protección real y recompensas proporcionales son claves para el éxito. Solo la False Claims Act ha permitido recuperar más de 70.000 millones de dólares desde 1986. Datos del Departamento de Justicia (DOJ) de EE.UU. indican que en el año fiscal 2024 las recuperaciones superaron los US$ 2.9 mil millones, alcanzando un histórico de US$ 78.000 millones desde su fortalecimiento. En estos casos, los denunciantes reciben entre un 15% y 30% del monto recuperado. Dentro de los fundamentos, existe en nuestro ordenamiento jurídico una serie de normas que tienden a aumentar e incentivar el buen uso de recursos y evitar delitos patrimoniales. De esta manera encontramos: 22-04-2026 14:20 Principio de Probidad Administrativa: El artículo 8° de la Constitución Política de la República impone el deber de un desempeño honesto y leal de la función pública. La doctrina nacional asentada en la Contraloría General de la República señala que la probidad es un estándar de validez del actuar estatal. Ley N° 21.592: Establece un estatuto de protección al denunciante, pero limitado a irregularidades administrativas y sin incentivos pecuniarios. DL N° 211 (Art. 39 bis): Regula con éxito la delación compensada en materia de libre competencia, lo cual ha resultado positivamente en dicho ámbito acotado. Ley N° 20.393: Establece la responsabilidad penal de personas jurídicas, la cual requiere ser complementada con incentivos a la autodenuncia corporativa. Por lo anterior, creemos que es necesario e imperante avanzar hacia una norma comprehensiva que combine incentivos, protección efectiva, anonimato y recuperación de activos. Sin embargo, señalado todo lo anterior hará necesario que será necesaria que la presente moción tenga una futura participación mediante indicaciones del Ejecutivo, conforme al Artículo 65, inciso cuarto, numerales 1° y 2° de la Constitución, por las siguientes razones: Gasto Fiscal: El establecimiento de una recompensa pecuniaria de los activos recuperados irroga gasto público. Nuevas Atribuciones: El proyecto propone otorgar facultades de administración de fondos y programas de protección a órganos de la Administración del Estado. IDEA MATRIZ La presente iniciativa tiene por objeto establecer un régimen integral de incentivos económicos y delación compensada, mediante la modificación de las Leyes N° 21.592 y N° 20.393, para fomentar la denuncia, persecución y recuperación de activos en delitos de corrupción y criminalidad económica, garantizando la indemnidad laboral y personal del denunciante. 22-04-2026 14:20 PROYECTO DE LEY Artículo Primero. Modifícase la Ley N° 21.592, que est","{""Trabajo y seguridad social"": 9.0, ""Constitución y justicia"": 7.0, ""Economía, comercio y consumidores"": 3.75, ""Gobierno interior y descentralización"": 2.25, ""Cultura y comunicaciones"": 1.5, ""Economía y hacienda"": 0.75}"
18285-05,Modifica los cuerpos legales que indica para fortalecer la publicidad y transparencia en materia de modificación presupuestaria,parlamentario,Hacienda,Hacienda,Economía y hacienda,,hibrido_institucional_texto,0.758,1,solo_comision_transversal,origen=Hacienda || score_1=Economía y hacienda:7.00 || score_2=Gobierno interior y descentralización:3.00,institutional-hybrid-v0.3,"Fundamentos Durante los primeros meses del actual gobierno, se han conocido de manera fragmentada y a través de los medios nacionales de comunicación, distintos decretos de modificación presupuestaria dictados por el Ministerio de Hacienda, con relevantes reducciones de recursos en el presupuesto de ministerios como Desarrollo Social y Familia o Justicia y Derechos Humanos, destinados a programas sociales y a financiar instituciones esenciales del Estado como Gendarmería. Estas modificaciones presupuestarias han generado preocupación por sus eventuales efectos sobre el empleo público y los equipos ejecutores, la continuidad, cobertura y funcionamiento de estas políticas y por el destino de sus usuarios. A la fecha, no es posible conocer íntegramente el contenido de estas modificaciones, los montos involucrados, el alcance de los programas afectados ni los fundamentos de las decisiones adoptadas. La situación dificulta el acceso público a la información sobre decisiones administrativas de alta relevancia para la ejecución y el uso de recursos fiscales y para la provisión de programas públicos. Constituye una vulneración del principio de publicidad de los actos de la Administración del Estado consagrado en el inciso segundo del artículo 8° de la Constitución Política de la República de Chile, que establece que son públicos los actos y resoluciones de los órganos del Estado, así como sus fundamentos y los procedimientos que utilicen. Dicho 18-05-2026 20:05 principio es una de las bases esenciales del Estado democrático y del control ciudadano sobre el ejercicio de la función pública. La Ley N° 20.285 sobre Acceso a la Información Pública, en su artículo 5, profundiza dicho principio, indicando que también es pública la información elaborada con presupuesto público y toda otra información que obre en poder de los órganos de la Administración, cualquiera sea su formato, soporte, fecha de creación, origen, clasificación o procesamiento, a menos que esté sujeta a las excepciones previstas en una ley aprobada con quórum calificado. Asimismo, el artículo 13 de la Ley N° 18.575, Orgánica Constitucional de Bases Generales de la Administración del Estado, dispone que la función pública debe ejercerse con transparencia, promoviendo el conocimiento de los procedimientos, contenidos y fundamentos de las decisiones adoptadas por la Administración. Las modificaciones presupuestarias constituyen actos administrativos de especial relevancia pública, toda vez que permiten alterar la distribución de los recursos fiscales aprobada por el Congreso Nacional, sin su concurrencia, durante el respectivo ejercicio presupuestario. Al tratarse de facultades radicadas en el Ejecutivo, particularmente en el Ministro de Hacienda, conforme al Decreto Ley N° 1.263, de Administración Financiera del Estado, estos decretos deben cumplir con los principios de publicidad y transparencia que recaen sobre todos los órganos de la Administración del Estado respecto de sus actuaciones, fundamentos y procedimientos. Ante esto, resulta necesario fortalecer los mecanismos de transparencia activa y de información pública relativos a dichas modificaciones, para asegurar su cumplimiento y facilitar el acceso oportuno, completo y sistematizado al contenido y alcance de los actos administrativos que las contienen y a los fundamentos que las justifican. Contenido del proyecto de ley y legislación vigente afectada por este Por ello, el presente proyecto de ley tiene por objeto asegurar el c","{""Economía y hacienda"": 7.0, ""Gobierno interior y descentralización"": 3.0, ""Constitución y justicia"": 2.25, ""Cultura y comunicaciones"": 0.75, ""Derechos humanos"": 0.75, ""Familia, infancia y adolescencia"": 0.75}"
18602-07,Modifica diversos cuerpos legales para agravar las sanciones por maltrato contra animales,parlamentario,"Constitución, Legislación, Justicia y Reglamento","Constitución, Legislación, Justicia y Reglamento",Constitución y justicia,,hibrido_institucional_texto,0.758,1,solo_comision_transversal,"origen=Constitución, Legislación, Justicia y Reglamento || score_1=Constitución y justicia:7.75 || score_2=Gobierno interior y descentralización:4.50",institutional-hybrid-v0.3,"FUNDAMENTOS. La legislación avanzó significativamente con la promulgación de la Ley Nº 21.020 sobre Tenencia Responsable de Mascotas y Animales de Compañía, conocida como Ley Cholito. Sin embargo, el marco penal actual sigue tratando las manifestaciones de crueldad más extrema bajo rangos de penas que habitualmente se cumplen en libertad, generando una sensación de impunidad en la ciudadanía. Esta falencia legislativa quedó dolorosamente en evidencia con el horroroso crimen ocurrido en la comuna de Marchigüe, Región de O’Higgins. En dicho sector, un canino de raza galgo fue cobardemente amarrado y ahorcado en un árbol hasta causarle la muerte. Este acto denunciado con fuerza por agrupaciones animalistas y la comunidad, no es un hecho aislado. Refleja la cruda realidad de desprecio por la vida animal que sufren especialmente los ejemplares de esta raza al término de su vida útil en actividades clandestinas o de caza. Casos de ensañamiento absoluto como el de Marchigüe demuestran que el actual artículo 291 bis del Código Penal es insuficiente , trata las manifestaciones de crueldad mas extrema bajo rangos de pena mínimos, abriendo la puerta a que los imputados accedan a salidas alter nativas o cumplan sus condenas en total libertad e impunidad . No podemos permitir que actos de esta naturaleza queden sin una sanción penal privativa de libertad. Quien es capaz de ejercer este nivel de tortura contra un ser indefenso representa un peligro latente para toda la sociedad. La ineficacia del sistema penal se demostró en el caso de “Balto”, un perro brutalmente apuñalado y asesinado en la comuna de Qui licura en el año 2023, en donde a pesar de la atrocidad del crimen, el actual Códig o Penal permitió que el proceso penal inicial en este tipo de causas terminara en salidas alternativas y beneficios procesales como la suspensión condicional del procedimiento o penas de arresto domiciliario que no implican cárcel efectiva. Como resultado, agresores con este nivel de crueldad e inestabilidad psicológica terminan en libertad e incluso habilitados para seguir ejerciendo oficios relacionados con el cuidado de mascotas. No podemos continuar permitiendo que la tortura y la muerte intencional de un animal se consideren faltas menores o delitos excarcelables mediante acuerdos procesales. Es urgente elevar las 11-08-2026 17:38 penas para evitar las salidas alternativas en casos de crueldad extrema . Quien es capaz de amarrar, apuñalar o colgar a un ser indefenso representa un peligro latente para toda la sociedad que debe ser castigado de forma efectiva. En mérito a lo expuesto, sometemos a la aprobación de esta Cámara, el siguiente PROYECTO DE LEY: ARTICULO 1º.- Modifíquese el Código Penal en el siguiente sentido: 1. Incorpórese el siguiente Articulo 291 ter A: “El que cometiere el delito de maltrato o crueldad animal mediante ensañamiento, métodos de tortura física o provocando la muerte intencional del animal con crueldad extrema, será sancionado con la pena de maltrato animal agravado. Esta figura penal se castigará con la pena de presidio menor en su grado máximo y multa de cincuenta a cien Unidades Tributarias Mensuales. Se considerarán circunstancias agravantes específicas de este delito, aplicando la pena en su tramo máximo, las siguientes conductas: 1. El uso de métodos de asfixia, ahorcamiento, o la sujeción inmovilizadora destinada a provocar una muerte lenta o agónica. 2. Causar lesiones graves e irreversibles, mutilaciones o desmembraciones. 3.","{""Constitución y justicia"": 7.75, ""Gobierno interior y descentralización"": 4.5, ""Seguridad"": 3.0, ""Derechos humanos"": 2.25, ""Economía, comercio y consumidores"": 2.25, ""Cultura y comunicaciones"": 1.5}"
18292-07,Modifica cuerpos legales que indica para fortalecer la persecución penal en materia de reincidencia,parlamentario,"Constitución, Legislación, Justicia y Reglamento","Constitución, Legislación, Justicia y Reglamento",Seguridad,Constitución y justicia,hibrido_institucional_texto,0.762,1,empate_tematico,"origen=Constitución, Legislación, Justicia y Reglamento || score_1=Seguridad:11.00 || score_2=Constitución y justicia:10.75",institutional-hybrid-v0.3,"ANTECEDENTES La seguridad pública constituye una de las principales preocupaciones de la ciudadanía y uno de los desafíos más relevantes para el sistema penal chileno. En los últimos años, el país ha experimentado un incremento sostenido en la percepción de inseguridad asociada a delitos violentos, robos con intimidación, delitos contra la propiedad y conductas reiteradas cometidas por sujetos con amplios historiales penales. En dicho contexto, ha adquirido especial relevancia el fenómeno de la multirreincidencia delict iva, entendido como la reiteración sistemática de conductas criminales por parte de personas que ya han sido previamente condenadas por uno o más delitos. Esta situación ha provocado un creciente cuestionamiento respecto de la eficacia preventiva y disuasi va del actual sistema de determinación de penas y de las medidas cautelares aplicadas durante la persecución penal. Durante los últimos años, distintos reportajes de prensa, estudios especializados y debates legislativos han advertido sobre la existencia de delincuentes habituales o “prolíficos”, responsables de múltiples detenciones y condenas, que continúan delinquiendo pese a haber enfrentado reiteradamente al sistema de justicia penal¹. Asimismo, diversos actores institucionales han señalado que la reiteración delictiva constituye uno de los factores que más debilita la confianza pública en el sistema judicial, espec ialmente cuando personas con extensos antecedentes penales recuperan rápidamente su libertad y reinciden en nuevos ilícitos. En 2024, el Congreso Nacional discutió y aprobó reformas destinadas a fortalecer la persecución penal de la reincidencia, reconociendo expresamente la necesidad de enfrentar la denominada “puerta giratoria” delictual². Dicho debate legislativo puso de mani fiesto la insuficiencia de las herramientas normativas existentes para diferenciar adecuadamente entre delincuentes ocasionales y sujetos que desarrollan trayectorias delictivas persistentes. En particular, se ha advertido que el actual régimen de determinación de penas no siempre permite reflejar adecuadamente la mayor gravedad que supone la 27-05-2026 17:51 reiteración criminal. Si bien el Código Penal contempla agravantes vinculadas a la reincidencia, su aplicación práctica ha demostrado limitaciones para asegurar respuestas penales proporcionales frente a quienes registran múltiples condenas previas dentro de un mismo período temporal. De igual forma, la experiencia judicial demuestra que la existencia de reiteradas condenas previas constituye un antecedente especialmente relevante para evaluar el peligro que representa la libertad del imputado para la seguridad de la sociedad. Sin embargo, el artículo 140 del Código Procesal Penal no contempla actualmente una regla específica que otorgue un tratamiento reforzado a la multirreincidencia reiterada, particularmente respecto de delitos de la misma naturaleza o delitos patrimoniales cometidos con violencia o intimidación. La experiencia comparada también evidencia una tendencia creciente a establecer regímenes jurídicos más estrictos respecto de delincuentes habituales. Países como Estados Unidos, Reino Unido y España han incorporado mecanismos de agravamiento penal y restricciones cautelares fundadas en la reincidencia reiterada, sobre la base de principios de protección social, prevención especial y mayor reprochabilidad penal del delincuente habitual. En este contexto, el presente proyecto de ley tiene por objeto fortalecer ","{""Seguridad"": 11.0, ""Constitución y justicia"": 10.75, ""Cultura y comunicaciones"": 1.5, ""Ciencia y tecnología"": 0.75, ""Desarrollo social"": 0.75, ""Gobierno interior y descentralización"": 0.75}"
18359-07,Modifica el artículo 52 de la Constitución Política de la República en materia de cumplimiento de los requerimientos de fiscalización realizados por la Cámara de Diputados,parlamentario,"Constitución, Legislación, Justicia y Reglamento","Constitución, Legislación, Justicia y Reglamento",Constitución y justicia,Gobierno interior y descentralización,hibrido_institucional_texto,0.762,1,empate_tematico | solo_comision_transversal,"origen=Constitución, Legislación, Justicia y Reglamento || score_1=Constitución y justicia:9.00 || score_2=Gobierno interior y descentralización:6.75",institutional-hybrid-v0.3,"FUNDAMENTOS DE LA MOCIÓN. 1. EL PROBLEMA NO ES BUROCRÁTICO. Un ministro que ignora un oficio de la Cámara durante semanas o meses, en Chile de hoy, no enfrenta consecuencia distinta a la que enfrentaría si ignorara una carta de un vecino. No existe plazo constitucional incumplido que se active solo. No existe sanción que lo alcance directamente . No existe registro que exponga el silencio ante la ciudadanía. Eso no es un detalle procesal. Es una descripción precisa del estado real del control parlamentario en Chile. La pregunta que esta reforma formula es incómoda pero necesaria. ¿Por qué el poder político más concentrado, ¿el Ejecutivo, tiene más protección frente a la fiscalización que cualquier funcionario de rango medio? La respuesta honesta es que nadie lo diseñó así deliberadamente. Fue la acumulación de omisiones normativas, criterios admi nistrativos restrictivos y la persistencia de una cultura institucional que confunde la deferencia con el respeto republicano. 10-06-2026 16:49 2 Esta moción no nace de un episodio puntual de frustración parlamentaria. Nace de constatar que una atribución consagrada en el a rtículo 52 N° 1 de la Constitución opera, en la práctica, bajo una premisa que ninguna democracia seria debería tolerar. La autoridad requerida responderá si quiere. El deber constitucional no puede depender de la buena voluntad del obligado. Eso no es Rep ública. Es cortesía institucional elevada a norma. 2. LA PARADOJA QUE ESTE PROYECTO VIENE A CORREGIR. Chile tiene un régimen de transparencia ciudadana que funciona con plazos ciertos, órgano autónomo de control y vía de amparo cuando el Estado no respond e. La Ley N° 20.285 fija veinte días hábiles para responder a cualquier solicitud de información, prorrogables excepcionalmente por diez días más, y contempla amparo ante el Consejo para la Transparencia. La Ley N° 19.880 establece un marco general de plaz os para la tramitación de solicitudes de los particulares. Ambas normas parten de una idea correcta. Frente al Estado, el silencio no puede ser una forma legítima de administrar. Frente a eso, los diputados que ejercen la atribución fiscalizadora del artí culo 52 de la Constitución no cuentan con un plazo constitucional expreso para la gran mayoría de sus oficios ordinarios. Y cuando existe plazo, como en el caso del mecanismo que requiere el voto favorable de un tercio de los presentes, la norma sancionato ria no alcanza al Ministro de Estado. Lo ha dicho sin eufemismos la propia Contraloría General. El Ministro no es el ""jefe superior"" del organismo para efectos del artículo 10 de la Ley N° 18.918. Esa conclusión descansa en una lectura coherente del ordenamiento vigente. El artículo 21 de la Ley N° 18.575 define al Subsecretario como jefe superior del Ministerio en su dimensión administrativa, y el artículo 1° del Decreto Ley N° 1.028, de 1975, le asigna la responsabilidad especial de la administración y servicio interno de la cartera. El Ministro conduce políticamente; administra el Subsecretario. Y esa distinción, funcional en otros contextos, produce aquí una anomalía. El titular político del poder que se fiscaliza queda fuera del alcance de la sanción administrativa. 10-06-2026 16:49 3 La paradoja es difícil de defender, pues el ciudadano tiene más herramientas para obtener información del Estado que el diputado que representa a ese ciudadano. Eso no es una anomalía menor. Es una inversión del orden institucional que esta reforma propone corregir. 3. EL MARCO NOR","{""Constitución y justicia"": 9.0, ""Gobierno interior y descentralización"": 6.75, ""Economía, comercio y consumidores"": 6.0, ""Cultura y comunicaciones"": 3.75, ""Trabajo y seguridad social"": 3.0, ""Transportes y telecomunicaciones"": 2.25}"
18323-07,Modifica diversos cuerpos legales con el objeto de fortalecer la persecución y sanción del delito de abigeato,parlamentario,"Constitución, Legislación, Justicia y Reglamento","Constitución, Legislación, Justicia y Reglamento",Salud,Constitución y justicia,hibrido_institucional_texto,0.771,1,empate_tematico,"origen=Constitución, Legislación, Justicia y Reglamento || score_1=Salud:10.50 || score_2=Constitución y justicia:9.25",institutional-hybrid-v0.3,"Boletín N° 18.323-07 Proyecto de ley, iniciado en Moción d e los Honorables Senadores señora Núñez, y señores Bianchi, Kuschel, Moreira y Saavedra, con la cual inician un proyecto de ley que modifica diversos cuerpos legales con el objeto de fortalecer la persecución y sanción del delito de abigeato. FUNDAMENTOS La delincuencia rural moderna ya no se agota en el ingreso clandestino a un predio ni en la sustracción aislada de animales, frutas, madera o cosechas. Actualmente opera como una cadena criminal organizada que identifica objetivos, sustrae bienes, falsifica documentación, utiliza rutas de traslado, incorpora intermediarios, reduce especies, infiltra mercados formales y aprovecha centros de acopio, distribución y logística para transformar el delito en ganancia. Esta realidad exi ge distinguir dos planos normativos complementarios. Por una parte, el régimen sanitario y fitosanitaria protege al país frente a enfermedades animales, plagas vegetales y mercaderías peligrosas para la seguridad agropecuaria y alimentaria. Por otra, el derecho penal patrimonial y procesal penal debe perseguir la apropiación ilícita, receptación, falsificación, traslado, acopio, distribución y comercialización de bienes agropecuarios o Logísticos provenientes del delito. El presente proyecto se construye de manera armónica con el proyecto de ley correspondiente al Boletín N° 16.777 -07, actualmente en tramitación en la Cámara de Diputados, que modifica el Código Penal y el decreto ley N o 3.557 en materia de internación al territorio nacional de enfermedades animales o plagas vegetales. Mientras dicha iniciativa fortalece la protección sanitaria y fitosanitaria del país, esta propuesta aborda la dimensión penal de la criminalidad organizada rural y logística. De esta forma, no existe contradicción normativa. El proyecto no modifica las competencias del Servicio Agrícola y Ganadero, no altera el régimen de certificación sanitaria u origen, no sustituye Las sanciones administrativas del decreto ley N° 3.557 ni interfiere con las hipótesis penales de Los artículos 289 y 290 del Código Penal. Por el contrario, establece una regla de complementariedad expresa para que, cuando los hechos constituyan además un riesgo sanitario, fitosanitario o de seguridad agropecuaria y alimentaria, se apliquen también las normas especiales correspondientes. Asimismo, la propuesta mantiene plena admisibilidad parlamentaria, pues se limita a modificar el Código Penal y el Código Procesal Penal. No crea servicios públicos, cargos, registros administrativos, nuevas atribuciones orgánicas ni gasto fiscal directo. Su diseño se concentra en materias penales y procesales penales: tipificación, agravantes, comiso, receptación, falsificación documental y técnicas especiales de investigación. La iniciativa sigue la lógica legislativa ya utilizada en materia de sustracción de madera: cuando el delito afecta una cadena productiva estratégica y se vincula con estructuras organizadas, no basta la respuesta penal común. Se requiere perseguir el circ uito completo: autor material, transportista, acopiador, falsificador, operador logístico, comprador, financista, exportador, receptador y beneficiario económico. Asimismo, se eleva el estándar de protección de centros de distribución y cadenas logísticas, considerando que la afectación de bodegas, packing, frigoríficos, terminales de carga, rutas de traslado, puertos secos, centros de acopio y sistemas de trazabilidad puede comprometer la contin","{""Salud"": 10.5, ""Constitución y justicia"": 9.25, ""Economía, comercio y consumidores"": 8.25, ""Agricultura y mundo rural"": 6.75, ""Cultura y comunicaciones"": 6.0, ""Economía y hacienda"": 6.0}"
18186-07,"Deroga la ley N° 1.644, que fija la pena en que deben incurrir los tesoreros fiscales, los administradores de Aduana, el Intendente General del Ejército y de la Marina, que no rindan sus cuentas en el plazo de veinte días después de terminado el mes y período en que deben presentarlas",parlamentario,"Constitución, Legislación, Justicia y Reglamento","Constitución, Legislación, Justicia y Reglamento",Defensa,Constitución y justicia,hibrido_institucional_texto,0.776,1,evidencia_semantica_debil,"origen=Constitución, Legislación, Justicia y Reglamento || score_1=Defensa:6.50 || score_2=Constitución y justicia:1.00",institutional-hybrid-v0.3,"Boletín N° 18.186-07 Proyecto de ley, iniciado en M oción d e los Honorables Senadores señores Urrutia, Carter, Squella, Trisotti y Vial, que deroga la ley N° 1.644, que fija la pena en que deben incurrir los tesoreros fiscales, los administradores de Aduana, el Intendente General del Ejército y de la Marina, que no rindan sus cuentas en el plazo de veinte días después de terminado el mes y período en que deben presentarlas. FUNDAMENTOS Nuestro ordenamiento jurídico ha crecido sostenidamente en el tiempo, dando lugar a que subsistan disposiciones dictadas en contextos que no se corresponden con la realidad actual. Por lo anterior, existen leyes que han caído en desuso o han sido superadas por regulaciones posteriores, generando incertidumbre en cuanto a su vigencia. Esta situación dificulta la adecuada identificación del derecho aplicable y puede dar lugar a interpretaciones divergentes. En particular, la ausencia de una derogación expresa respecto de determinadas normas obliga, en muchos casos, a efectuar ejercicios interpretativos para determinar si estas se mantienen o no vigentes, lo que no siempre resulta evidente y puede afectar la certeza jurídica. En este sentido, nuestro ordenamiento jurídico contempla tanto la derogación expresa como tácita; mientras la primera permite identificar de manera clara y formal la exclusión de una norma del sistema jurídico, produciendo efectos generales, la segunda supone un ejercicio interpretativo para determinar la incompatibilidad entre disposiciones, cuyos efectos se circunscriben al caso concreto. En ese contexto, se estima necesario este proceso de revisión y depuración legislativa, orientado a precisar el ordenamiento jurídico vigente, eliminando disposiciones que ya no cumplen una función efectiva dentro del sistema jurídico. En virtud de lo anterior, el presente proyecto tiene por objeto disponer la derogación expresa de la ley que se indica, contribuyendo así a una mayor claridad y coherencia de nuestro ordenamiento jurídico. PROYECTO DE LEY Artículo único: Derógase expresamente la Ley N° 1644, que “Fija la pena en que deben incurrir los tesoreros fiscales, los administradores de Aduana, el Intendente General del Ejército y de la Marina, que no rindan sus cuentas en el plazo de veinte días después de terminado el mes y período en que deben presentarlas.”, publicada en el Diario Ofic ial con fecha 02 de febrero de 1904.","{""Defensa"": 6.5, ""Constitución y justicia"": 1.0, ""Cultura y comunicaciones"": 0.75, ""Agricultura y mundo rural"": 0.0, ""Agua y recursos hídricos"": 0.0, ""Ciencia y tecnología"": 0.0}"
18276-07,"Modifica el número 1° del artículo 447 del Código Penal, con el objeto de actualizar los términos utilizados en la tipificación del delito de hurto doméstico",parlamentario,"Constitución, Legislación, Justicia y Reglamento","Constitución, Legislación, Justicia y Reglamento",Constitución y justicia,Trabajo y seguridad social,hibrido_institucional_texto,0.776,1,empate_tematico,"origen=Constitución, Legislación, Justicia y Reglamento || score_1=Constitución y justicia:11.25 || score_2=Trabajo y seguridad social:10.50",institutional-hybrid-v0.3,"Boletín N° 18.276-07 Proyecto de ley, iniciado en Moción de los Honorables Senadores señores Urrutia, Carter, Squella, Trisotti y Vial, que modifica el número 1° del artículo 447 del Código Penal, con el objeto de actualizar los términos utilizados en la tipificación del delito de hurto doméstico. FUNDAMENTOS: El Código Penal chileno, promulgado en el año 1874, emplea en diversas disposiciones una terminología que responde a la realidad social y jurídica de la época en que fue redactado. Tal es el caso del artículo 447 N°1, que al tipificar el delito de hurto doméstico —conocido también como famulato — hace referencia al ""dependiente, criado o sirviente asalariado"" como sujeto activo, y al ""amo o patrón"" como sujeto pasivo. Dichas expresiones, si bien tuvieron un contenido jurídico preciso en su época, resultan hoy anacrónicas y ajenas al lenguaje propio del ordenamiento jurídico vigente. En efecto, los términos ""criado"" y ""sirviente"" aluden a una condición personal y social que el derecho contemporáneo ha superado, particularmente desde la entrada en vigencia del Código del Trabajo y la regulación específica del contrato de trabajadores de casa particular contemplada en el Capítulo V del Libro I de dicho cuerpo legal. Conforme al artículo 146 del Código del Trabajo, son trabajadores de casa particular las personas naturales que se dedican en forma continua, a jornada completa o parcial, al servicio de una o más personas naturales o de una familia, en trabajos de aseo y asistencia propios o inherentes al hogar. Esta categoría jurídica, dotada de un estatuto laboral propio, es la que corresponde hoy al sujeto que el legislador penal de 1874 denominaba ""criado"" o ""sirviente"". Del mismo modo, la voz ""amo"" utilizada por el artículo 447 N°1 para referirse a quien recibe los servicios del trabajador carece de reconocimiento en el ordenamiento jurídico actual, siendo el término ""empleador"" el que, con arreglo al artículo 3° del Código del Trabajo, designa a la persona natural o jurídica que utiliza los servicios de uno o más trabajadores en virtud de un contrato de trabajo. La propia jurisprudencia nacional ha reconocido la obsolescencia de estos términos. Así, el Segundo Tribunal de Juicio Oral en lo Penal de Santiago, en causa Rol 0 -611-2015, señaló que ""el lenguaje utilizado por la norma resulta algo arcaico, por lo que de be interpretarse en el sentido de que se refiere a personas que prestan servicios personales, de tipo doméstico, bajo vínculo de subordinación y dependencia, lo que en materia laboral recibe el nombre de trabajador de casa particular"". Si bien el esfuerzo interpretativo de los tribunales ha permitido aplicar la norma conforme a la realidad actual, la persistencia de una redacción obsoleta genera incertidumbre y obliga a ejercicios hermenéuticos que debieran ser innecesarios en un ordenamiento jurídico técnicamente depurado. El presente proyecto no innova en materia de política criminal ni altera el bien jurídico protegido, el tipo penal ni la penalidad aplicable. Su objeto es exclusivamente sustituir las expresiones ""criado o sirviente asalariado"" y ""amo o patrón"" por los términos que el ordenamiento jurídico vigente emplea para referirse a las mismas realidades: ""trabajador de casa particular"" y ""empleador"", respectivamente. De esta forma, se contribuye a la coherencia interna del sistema normativo, dotando al Código Penal de una redacción acorde con el lenguaje jurídico contemporáneo, sin ampliar ni restringir el ámbit","{""Constitución y justicia"": 11.25, ""Trabajo y seguridad social"": 10.5, ""Cultura y comunicaciones"": 0.75, ""Familia, infancia y adolescencia"": 0.75, ""Agricultura y mundo rural"": 0.0, ""Agua y recursos hídricos"": 0.0}"
18369-07,"Modifica la Ordenanza de Aduanas, con el objeto de aumentar las penas asignadas al delito de contrabando de tabaco y sus derivados",parlamentario,"Constitución, Legislación, Justicia y Reglamento","Constitución, Legislación, Justicia y Reglamento",Seguridad,Economía y hacienda | Constitución y justicia,hibrido_institucional_texto,0.776,1,empate_tematico,"origen=Constitución, Legislación, Justicia y Reglamento || score_1=Seguridad:10.50 || score_2=Economía y hacienda:9.00",institutional-hybrid-v0.3,"Boletín N° 18.369-07 Proyecto de ley, iniciado en Moción de los Honorables Senadores señor Becker, señora Astudillo, y señores Carter, Sanhueza y Vial, que modifica la Ordenanza de Aduanas, con el objeto de aumentar las penas asignadas al delito de contrabando de tabaco y sus derivados. I. FUNDAMENTOS. El contrabando de cigarrillos constituye uno de los fenómenos delictuales de mayor expansión en Chile durante los últimos años. Según datos del Centro de Medición MIDE UC, durante el segundo semestre de 2025 el consumo de cigarrillos ilegales alcanzó el 49,9% del mercado nacional, evidenciando que prácticamente uno de cada dos cigarrillos consumidos en el país proviene de redes de contrabando. Esta situación genera una pérdida fiscal estimada en tomo a los mil ciento cincuenta millones de dólares anuales por concepto de impuestos no percibidos, cifra equivalente a casi un tercio del presupuesto total de Carabineros de Chile para el año 2025. Lo anterior no representa únicamente un problema tributario. Ei comercio ilícito de tabaco se ha convertido en la principal ""caja chica"" del crimen organizado, actuando como fuente de financiamiento constante para estructuras criminales dedicadas al narcotráfico, tráfico de armas y lavado de activos. Los operativos recientes así lo confirman: en mayo de 2026, Carabineros concretó la mayor incautación registrada en la historia del país en la Región de Antofagasta, con más de dos millones de cajetillas cuyo avalúo alcanzó los $6.604 millones, encontrándose en el lugar una subametralladora y personal armado de escolta. En la misma línea, en la Región de La Araucanía se realizó en abril de 2026 una incautación histórica para esa zona, con 86.500 cajetillas y cerca de 2.200 unidades de fuegos artificiales decomisadas en la comuna fronteriza de Lonquimay, operativo en que se vincula a los detenidos con organizaciones que utilizaban los mismos pasos no habilitados para múltiples actividades ilícitas. Según el Fiscal Regional de Antofagasta, Juan Castro Bekios, en lo que va del año 2026 se han incautado en esa región casi cinco millones de cajetillas, representando un incremento del 30% respecto al mismo período del año anterior. El Fiscal Jefe de Temuco, Alberto Chiffelle, ha advertido que estas redes no solo evaden impuestos, sino que se financian organizaciones vinculadas a otros ilícitos graves. Evolución del marco legal y sus insuficiencias Chile ha intentado responder a este fenómeno en dos oportunidades legislativas recientes. La Ley N° 21.336, publicada el 18 de mayo de 2021, introdujo sanciones diferenciadas para mercancías con tributación especial o adicional, elevando las penas máximas para e l contrabando de tabaco a presidio mayor en su grado mínimo (5 años y 1 día a 10 años) en casos de reincidencia o mercancías de alto valor, y modificando la base de cálculo de las multas para incluir el valor aduanero más impuestos. Posteriormente, la Ley N° 21.632, publicada el 23 de noviembre de 2023, agravó aún más las sanciones, equiparó el contrabando de mercancías con tributación especial al de mayor gravedad, incorporó el contrabando de dinero en efectivo y reforzó las herramientas de persecución penal, incluyendo restricciones a la Renuncia a la Acción Penal. Sin embargo, la realidad de los últimos meses demuestra con contundencia que estas reformas no han sido suficientes para disuadir a las organizaciones criminales. Las penas actualmente vigentes continúan siendo ostensiblemente inferiores a las apl","{""Seguridad"": 10.5, ""Economía y hacienda"": 9.0, ""Economía, comercio y consumidores"": 2.25, ""Constitución y justicia"": 1.75, ""Ciencia y tecnología"": 1.5, ""Cultura y comunicaciones"": 1.5}"
18416-07,Modifica el Código Penal para hacer aplicable la imprescriptibilidad de la acción penal a todos los casos de trata de personas contra víctimas menores de edad y establecer reglas especiales de protección penal,parlamentario,"Constitución, Legislación, Justicia y Reglamento","Constitución, Legislación, Justicia y Reglamento",Constitución y justicia,Cultura y comunicaciones,hibrido_institucional_texto,0.776,1,solo_comision_transversal,"origen=Constitución, Legislación, Justicia y Reglamento || score_1=Constitución y justicia:9.00 || score_2=Cultura y comunicaciones:6.00",institutional-hybrid-v0.3,"ANTECEDENTES 1. Que la Convención sobre los Derechos del Niño, promulgada en Chile mediante el Decreto N° 830,1 establece en su preámbulo: “(...) el niño, por su falta de madurez física y mental, necesita protección y cuidados especiales, incluso la debida protección legal, tanto antes como después del nacimiento”. Asimismo, su artículo 35 dispone: “Los Estados Partes tomarán todas las medidas de carácter nacional, bilateral y multilateral que sean necesarias para impedir el secuestro, la venta o la trata de niños para cualquier fin o en cualquier forma.” 2. Que el Protocolo para Prevenir, Reprimir y Sancionar la T rata de Personas, Especialmente Mujeres y Niños, 2 ratificado por Chile y vigente en el ordenamiento jurídico nacional, establece en su artículo 5:“Cada Estado Parte adoptará las medidas legislativas y de otra índole que sean necesarias para tipificar como delito en su derecho interno las conductas enunciadas en el artículo 3 del presente Protocolo, cuando se cometan intencionalmente.” A su vez, su artículo 3 dispone: “Por ‘trata de personas’ se entenderá la captación, el transporte, el traslado, la acogida o la recepción de personas (...) con fines de explotación. 1Biblioteca del Congreso Nacional de Chile. (1990). Decreto N° 830, promulga la Convención sobre los Derechos del Niño. Ley Chile. https://www.bcn.cl/leychile/navegar?idNorma=15824 2Biblioteca del Congreso Nacional de Chile. (2005). Decreto N° 342, promulga la Convención de las Naciones Unidas contra la Delincuencia Organizada T ransnacional y sus Protocolos. Ley Chile. https://www.bcn.cl/leychile/navegar?idNorma=235583 23-06-2026 15:32 2 Esa explotación incluirá, como mínimo, la explotación de la prostitución ajena u otras formas de explotación sexual, los trabajos o servicios forzados, la esclavitud o las prácticas análogas a la esclavitud, la servidumbre o la extracción de órganos;(...)L a captación, el transporte, el traslado, la acogida o la recepción de un niño con fines de explotación se considerará ‘trata de personas’ incluso cuando no se recurra a ninguno de los medios enunciados en el apartado a) del presente artículo.” 3. Que, en el ordenamiento jurídico interno, el inciso primero del artículo 411 quáter del Código Penal,3 en la parte pertinente, dispone: ‘El que mediante violencia, intimidación, coacción, engaño, abuso de poder, aprovechamiento de una situación de vulnerabilidad o de dependencia de la víctima, o mediante el otorgamiento o recepción de pagos o beneficios para obtener el consentimiento de una persona que tenga autoridad sobre otra, capte, traslade, acoja o reciba personas para que sean objeto de alguna forma de explotación sexual, incluyendo la pornografía, trabajos o servicios forzados, servidumbre o esclavi tud o prácticas análogas a ésta, o extracción de órganos, será castigado con la pena de reclusión mayor en cualquiera de sus grados y multa de cincuenta a cien unidades tributarias mensuales.’ El inciso segundo del mismo artículo dispone: ‘Si la víctima fuere menor de edad, aun cuando no concurriere violencia, intimidación, coacción, engaño, abuso de poder, aprovechamiento de una situación de vulnerabilidad o de dependencia de la víctima, o se hubieren otorgado o recibido pagos o beneficios para obtener el consentimiento de quien tuviere autoridad sobre ella, se impondrán las penas de reclusión mayor en sus grados medio a máximo y multa de cincuenta a cien unidades tributarias mensuales.’ 3Biblioteca del Congreso Nacional de Chile. (","{""Constitución y justicia"": 9.0, ""Cultura y comunicaciones"": 6.0, ""Familia, infancia y adolescencia"": 5.25, ""Desarrollo social"": 3.0, ""Trabajo y seguridad social"": 2.25, ""Economía y hacienda"": 1.5}"
18459-05,"Prohíbe establecer como hecho gravado, base imponible o elemento constitutivo de la obligación tributaria una conducta ilícita o constitutiva de delito",parlamentario,Hacienda,Hacienda,Economía y hacienda,,hibrido_institucional_texto,0.776,1,evidencia_semantica_debil | solo_comision_transversal,origen=Hacienda || score_1=Economía y hacienda:6.00 || score_2=Agricultura y mundo rural:0.00,institutional-hybrid-v0.3,,"{""Economía y hacienda"": 6.0, ""Agricultura y mundo rural"": 0.0, ""Agua y recursos hídricos"": 0.0, ""Ciencia y tecnología"": 0.0, ""Constitución y justicia"": 0.0, ""Cultura y comunicaciones"": 0.0}"
18482-07,Modifica la Constitución Política para impedir la participación de autoridades en procesos de formación de leyes de cuya ejecución obtengan un incremento patrimonial significativo,parlamentario,"Constitución, Legislación, Justicia y Reglamento","Constitución, Legislación, Justicia y Reglamento",Constitución y justicia,Economía y hacienda,hibrido_institucional_texto,0.776,1,solo_comision_transversal,"origen=Constitución, Legislación, Justicia y Reglamento || score_1=Constitución y justicia:9.00 || score_2=Economía y hacienda:6.00",institutional-hybrid-v0.3,"ANTECEDENTES a) Reforma Tributaria del Gobierno de José Antonio Kast El Gobierno de José Antonio Kast está tramitando un Proyecto de Ley bajo la estructura de una ley miscelánea, en donde el núcleo del proyecto reside en una reforma tributaria de carácter regresivo, que erosiona la base de ingresos permanentes del país. Entre sus medidas anunciadas, y que probablemente se aprobarán, se encuentra una rebaja al impuesto corporativo del 27% a 23%, la reintegración total del sistema tributario, una tasa del solo 7% para la repatriación de capitales y la exención de contribuciones para los mayores de 65 años. Estas medidas concentran sus beneficios en los sectores más acaudalados; por ejemplo, el 79,1% del beneficio por la rebaja del impuesto de primera categoría recae en el 1% de los contribuyentes de mayores ingresos, mientras que el 0,01% más rico percibiría ahorros anuales superiores a los $650 millones por contribuyente. 1 Existe un profundo conflicto ético y legal, ya que las autoridades que impulsan y tramitan la ley poseen patrimonios que las sitúan dentro de los deciles que recibirán los mayores beneficios económicos directos. Generando un conflicto de intereses evidente, entre las obligaciones posicionales que deben cumplir derivadas de las funciones propias de su cargo y el bienestar personal en que se pueden beneficiar directamente con las acciones y decisiones que promueven. El patrimonio total de 63 de las máximas autoridades de gobierno asciende a MM$1.148.295, y se estima que además tendrán un beneficio potencial en caso de aprobarse las medidas de la Reforma Tributaria de M$292.515.734 que equivale al 11,24% de la meta de reducción del gasto público del 3% anunciado por el Gobierno. 2 2 Juan Andrés Mena, Nodo XXI, Abril 2026. “Impacto de 4 medidas de la “ley miscelánea” en el patrimonio de las autoridades de gobierno”. 1 Rumbo Colectivo, Abril 2026, “Proyecto de Ley de Reconstrucción Nacional”. 14-07-2026 10:45 Casos específicos, por ejemplo, muestran que el Ministro de Defensa Fernando Barros, obtendría un ahorro personal de más de 209 mil millones por la sola repatriación de capitales; al Ministro Daniel Mas la reintegración y la rebaja del impuesto corporativo podrían reportarle tan solo $1.005.733.050 y $498.528.022 al año respectivamente por concepto de menores impuestos; y respecto del Ministro Pérez, la exención de contribuciones a la primera vivienda le significaría un ahorro de $21.471.691 anuales. 3 b) Ley de Pesca Ahora bien, no hay una sola instancia en que en la tramitación de un proyecto de ley hayan ocurrido situaciones como estas. De hecho, un precedente crítico en la historia legislativa chilena que demuestra la insuficiencia del marco regulatorio actual es la tramitación de la Ley de Pesca o Ley Longueira. La tramitación de este proyecto, demostró cómo grupos económicos pudieron influir para salvaguardar sus intereses particulares. Durante este proceso, se acreditaron sobornos por parte de empresas como CORPESCA a parlamentarios y autoridades para asegurar artículos a su conveniencia, lo que derivó en el procesamiento judicial del entonces ministro de Economía, Pablo Longueira. 4 El mecanismo central de dicha ley fue, los “límites máximos de captura por armador (LMCA)”, que significó un enorme traspaso patrimonial de recursos comunes a manos de grandes empresas. Este beneficio se reflejó directamente en el mercado financiero. Durante la tramitación de la ley, “el precio de las acciones de Eperva ha aumentad","{""Constitución y justicia"": 9.0, ""Economía y hacienda"": 6.0, ""Economía, comercio y consumidores"": 6.0, ""Cultura y comunicaciones"": 4.5, ""Gobierno interior y descentralización"": 4.5, ""Pesca y acuicultura"": 3.75}"
18217-07,"Modifica diversos cuerpos legales, con el objeto de perfeccionar las disposiciones relativas a la persecución penal de la criminalidad organizada y el terrorismo",parlamentario,"Constitución, Legislación, Justicia y Reglamento","Constitución, Legislación, Justicia y Reglamento",Constitución y justicia,Seguridad,hibrido_institucional_texto,0.78,1,empate_tematico,"origen=Constitución, Legislación, Justicia y Reglamento || score_1=Constitución y justicia:15.25 || score_2=Seguridad:15.25",institutional-hybrid-v0.3,"Boletín N° 18.217-07 Proyecto de ley, iniciado en Moción de los Honorables Senadores señora Núñez y señores Bianchi, Flores y Moreira, que modifica diversos cuerpos legales, con el objeto de perfeccionar las disposiciones relativas a la persecución penal de la criminalidad organizada y el terrorismo. FUNDAMENTOS La evolución de la criminalidad organizada y del terrorismo ha evidenciado, en la práctica, límites operativos del actual diseño del proceso penal. No se trata únicamente de fenómenos más graves, sino de formas de delincuencia que se estructuran sobre lógicas distintas: organización, permanencia, división de funciones, uso de intermediarios, manejo de recursos patrimoniales y capacidad de adaptación frente a la acción del Estado. En este context o, las dificultades no radican exclusivamente en la acreditación de los hechos, sino en asegurar que el proceso pueda desarrollarse de manera eficaz: que los intervinientes puedan actuar sin riesgos indebidos, que la prueba se preserve adecuadamente, que la información sensible no sea expuesta de manera incompatible con intereses estratégicos del Estado y que los juicios puedan sostenerse en el tiempo sin afectar el debido proceso. El ordenamiento jurídico chileno ha avanzado en esta materia en los últimos años. Las reformas en delincuencia organizada han fortalecido el comiso y la persecución patrimonial, mientras que otras legislaciones especiales han incorporado herramientas para enfrentar contextos de mayor complejidad. Sin embargo, dichas soluciones han sido, en gran medida, parciales o sectoriales, sin una sistematización suficiente dentro del Código Procesal Penal. El presente proyecto busca dar un paso adicional en esa dirección, mediante una intervención acotada y coherente sobre el procedim iento penal, orientada a reforzar su funcionamiento en contextos de criminalidad compleja, sin alterar sus principios estructurales. No se crean procedimientos especiales ni se modifican las bases del sistema acusatorio. Por el contrario, se introducen her ramientas que permiten que ese mismo modelo opere adecuadamente bajo condiciones de mayor exigencia. En primer lugar, se establece un régimen especial de medidas de resguardo, sujeto a control judicial estricto, que permite proteger a quienes intervienen e n el proceso y asegurar su continuidad, evitando exposiciones innecesarias o riesgos que puedan afectar la integridad del procedimiento. En segundo término, se regula de manera precisa el tratamiento de información cuya divulgación pueda comprometer la seguridad de la Nación u otros intereses estratégicos. Para ello se introduce la figura del anexo reservado, cuya incorporación, alcance y duración quedan sujetos a control judicial, resguardando siempre el derecho a defensa mediante mecanismos de acceso proporcional y efectivo. Asimismo, se incorpora una regla general de gestión de causas de alta complejidad, aplicable no solo a la criminalidad organizada, sino a cualquier procedimiento que, por sus características, requiera herramientas de organización refo rzada. Esta regulación responde a una necesidad práctica del sistema, permitiendo ordenar el desarrollo del juicio sin afectar el contradictorio ni la inmediación. De igual forma, se contempla la posibilidad de radicación excepcional de determinadas causas en tribunales distintos de los originalmente competentes, cuando existan razones fundadas de seguridad o especial complejidad, resguardando en todo caso el derecho a defensa y el ca","{""Constitución y justicia"": 15.25, ""Seguridad"": 15.25, ""Cultura y comunicaciones"": 3.0, ""Economía, comercio y consumidores"": 2.25, ""Familia, infancia y adolescencia"": 2.25, ""Medio ambiente"": 2.25}"
18458-07,Facilita el acceso a la justicia a turistas extranjeros víctimas de delitos en el territorio nacional,parlamentario,"Constitución, Legislación, Justicia y Reglamento","Constitución, Legislación, Justicia y Reglamento",Constitución y justicia,Relaciones exteriores,hibrido_institucional_texto,0.781,1,empate_tematico,"origen=Constitución, Legislación, Justicia y Reglamento || score_1=Constitución y justicia:11.25 || score_2=Relaciones exteriores:10.25",institutional-hybrid-v0.3,"FUNDAMENTOS DEL PROYECTO DE LEY Chile enfrenta actualmente un preocupante aumento de delitos cometidos en zonas turísticas, lo que ha comenzado a afectar la imagen país y a ahuyentar visitantes internacionales. Ciudades emblemáticas como Santiago y Valparaíso han registrado una caída de cerca del 15% en la llegad a de turistas extranjeros la última temporada estival. Esta disminución se atribuye, en parte, a las advertencias de viaje emitidas por los gobiernos de EE.UU., Australia y otros países, alertando sobre el incremento de robos, asaltos y estafas en destinos chilenos. Turoperadores internacionales han llegado incluso a excluir el centro histórico de Santiago y zonas de Valparaíso de sus circuitos turísticos debido a la inseguridad, encendiendo una alarma roja para esta relevante industria. Dicha situación ge nera un daño económico y reputacional significativo. El turismo se ha consolidado como un sector estratégico de la economía chilena, aportando antes de la pandemia cerca de 3,3% del PIB y 7% del empleo del país. Tras la recuperación post -Covid, el sector e mplea nuevamente a más del 7% de los trabajadores chilenos y genera más de US$3.600 millones en divisas al año. En palabras de la Federación de Empresas de Turismo de Chile, FEDETUR, “no podemos permitir que la inseguridad siga mellando la imagen de Chile y frenando el desarrollo del turismo, una actividad que genera empleo, inversión y proyección internacional para el país”. Cada turista perdido por sensación de inseguridad representa oportunidades de empleo y desarrollo que se esfuman en destinos a lo largo de Chile. Un factor crítico agravante es la alta impunidad en los delitos contra visitantes extranjeros. Muchos turistas víctimas no presentan denuncias ni querellas formales, sea por las barreras idiomáticas, el desconocimiento de los procedimientos o porque su estadía limitada les impide dar seguimiento a procesos judiciales. Los delincuentes conocen esta realidad y aprovechan la vulnerabilidad del turista, a quien perciben como víctima fácil y con baja probabilidad de continuar acciones legales en s u contra. Este círculo vicioso —turistas que no denuncian y delincuentes que reinciden sin sanción— socava la confianza en Chile como destino seguro y desincentiva nuevas visitas. De hecho, los gremios del sector destacan que delitos violentos recientes contra extranjeros, ampliamente difundidos por la prensa, “deterioran la imagen del país”, y son responsables de que Chile haya caído en rankings internacionales de seguridad turística. 06-07-2026 18:56 2 Frente a esta realidad, existe una necesidad urgente de reforzar la pr otección penal de quienes nos visitan, otorgándoles las herramientas para poder perseguir en Chile a los responsables de los delitos que se cometieron en su contra. Así, en complemento a mayores esfuerzos policiales (como la propuesta de creación de una policía turística especializada), se requiere enviar una señal potente desde el sistema legal: Chile no tolerará los delitos contra turistas, y quienes sean víctimas podrán participar activamente en la persecución de los delitos. Esta iniciativa, en consecuencia, busca impulsar el restablecimiento de la confianza en nuestros destinos, disuadir a los delincuentes que hoy operan con ventaja sobre víctimas extranjeras, y proteger un motor estratégico de crecimiento de nuestro país. Invertir en seguridad turístic a es proteger una de las industrias más dinámicas de nuestra economía y responder al clamor c","{""Constitución y justicia"": 11.25, ""Relaciones exteriores"": 10.25, ""Economía, comercio y consumidores"": 6.0, ""Seguridad"": 3.75, ""Cultura y comunicaciones"": 3.0, ""Desarrollo social"": 1.5}"
18610-07,"Modifica la Constitución Política para disponer un plazo de prescripción en las acciones de cobro de los créditos otorgados conforme a la ley N° 20.027, sobre financiamiento de estudios de educación superior",parlamentario,"Constitución, Legislación, Justicia y Reglamento","Hacienda | Constitución, Legislación, Justicia y Reglamento",Constitución y justicia,Educación,hibrido_institucional_texto,0.781,1,empate_tematico,"origen=Constitución, Legislación, Justicia y Reglamento || score_1=Constitución y justicia:11.25 || score_2=Educación:10.25",institutional-hybrid-v0.3,"ANTECEDENTES La ley N° 20.027, publicada en el Diario Oficial el 11 de junio de 2005, estableció el Sistema de Financiamiento para Estudios de Educación Superior, conocido como Crédito con Aval del Estado. Su diseño descansa en una estructura triangular: instituciones financieras privadas otorgan el crédito al estudiante, el Fisco garantiza su pago y, verificado el incumplimiento, la Tesorería General de la República asume el cobro. El crédito se pacta en cuotas fijas expresadas en unidades de fomento, devenga una tasa anual de dos por ciento más reajuste y se sirve en plazos que van de sesenta a doscientos cuarenta meses según la carrera y el monto solicitado. El sistema alcanzó una cobertura masiva y socialmente concentrada. Entre 2006 y 2017 sus beneficiarios acumulados llegaron a 874.293 personas, de las cuales 296.345 egresaron y 179.549 desertaron de sus estudios. La distribución por quintil de ingreso es m arcadamente regresiva en su composición: el primer quintil concentra 255.555 beneficiarios y el quinto solamente 81.064. Un ochenta y cinco por ciento de los beneficiarios provino de establecimientos municipales o particulares subvencionados.1 El inciso segundo del artículo 13 de esa ley dispone: 1Biblioteca del Congreso Nacional de Chile, Asesoría Técnica Parlamentaria, “Beneficiarios, egresados y desertores con CAE: 2006-2017”, 28 de mayo de 2018, N° SUP 115519. 12-08-2026 14:16 REPÚBLICA DE CHILE CÁMARA DE DIPUTADAS Y DIPUTADOS 2 “En cualquier caso, las cuotas impagas del deudor, sea por cesantía o cualquier otra causal, no prescribirán, debiendo el Estado proceder al cobro de las mismas hasta la total extinción de la deuda, utilizando para ello los mecanismos establecidos en el Título V.” El precepto está redactado en términos incondicionados: no distingue según quién sea el titular del crédito ni exige que la garantía estatal se haya hecho efectiva. Resulta indispensable, por ello, precisar por qué vías el Fisco pasa a ser acreedor de esto s créditos. La primera es la subrogación: persistiendo la mora por tres o más cuotas, la institución financiera puede solicitar la garantía estatal, momento en que el Estado, en su calidad de garante, se subroga en los derechos que tenía el acreedor y puede cobrar directamente al deudor. 2 La segunda es la compra de cartera: desde la creación del sistema el Estado ha adquirido de los bancos alrededor del cuarenta y cinco por ciento de los créditos otorgados, pagando por ellos un recargo por concepto de administración que ha significado dest inar recursos públicos adicionales por casi un tercio del valor de mercado de la deuda adquirida. 3 La tercera es menos evidente y opera con ocasión de un beneficio: cuando el deudor obtiene la suspensión del pago por cesantía, la Tesorería entera las cuotas en su nombre y pasa a ser acreedora de ellas, sin que esas cuotas prescriban.4 Ejecutada la garantía, el cobro de lo pagado por el Fisco se realiza por intermedio de la Tesorería General de la República empleando los mecanismos de cobranza 2Biblioteca del Congreso Nacional de Chile, Asesoría Técnica Parlamentaria, “Crédito con Aval del Estado (CAE): condiciones de pago y deudores en mora a diciembre de 2021”, junio de 2022, N° SUP 134989. 3Biblioteca del Congreso Nacional de Chile, Asesoría Técnica Parlamentaria, “Algunos problemas del Crédito con Aval del Estado y propuestas contenidas en el proyecto de ley ‘Crédito Estatal para la Educación Superior’”, 19 de marzo de 2018, N° SSP 11663. 12-08-20","{""Constitución y justicia"": 11.25, ""Educación"": 10.25, ""Cultura y comunicaciones"": 8.25, ""Economía y hacienda"": 6.75, ""Trabajo y seguridad social"": 2.25, ""Transportes y telecomunicaciones"": 2.25}"
18216-05,Para la reconstrucción nacional y el desarrollo económico y social,ejecutivo,Hacienda,Hacienda,Economía y hacienda,Trabajo y seguridad social,hibrido_institucional_texto,0.789,1,empate_tematico,origen=Hacienda || score_1=Economía y hacienda:20.00 || score_2=Trabajo y seguridad social:19.50,institutional-hybrid-v0.3,"MENSAJE DE S.E. EL PRESIDENTE DE LA REPÚBLICA CON EL QUE INICIA EL PROYECTO DE LEY PARA LA RECONSTRUCCIÓN NACIONAL Y EL DESARROLLO ECONÓMICO Y SOCIAL. __________________________________ Santiago, 22 de abril de 2026 MENSAJE N°018-374/ Honorable Cámara de Diputados: Tengo el honor de someter a su consideración el siguiente proyecto de ley. ANTECEDENTES Desde el año 2014, Chile ha transitado por un prolongado período de bajo crecimiento económico, con una tasa promedio de 2% anual. Este estancamiento ha tenido consecuencias directas en la generación de empleo-Actualmente cerca de 860 mil personas buscan trabajo sin encontrarlo, y uno de cada cinco jóvenes menores de 25 años enfrenta el desempleo. En particular, quienes recién comienzan su vida laboral enfrentan una tasa de desempleo del 22,2% (Instituto Nacional de Estadísticas, INE). Esta situación se ha agravado en los últimos años. La actividad económica cayó un 0,4% en los primeros meses de 2026, la creación de empleo apenas alcanzó un 0,2%, el déficit habitacional supera los 834 mil hogares y más de 120 mil familias viven en campamentos, cifra que cuadruplica la que había en 2014. A ello se suman los devastadores incendios en las regiones de Valparaíso (2024) y de Ñuble y Biobío (2026), que han dejado una huella profunda en infraestructura y vivienda. Todo lo anterior, agudiza la urgencia de una reconstrucción integral. A nivel fiscal, el bajo dinamismo económico ha impedido generar la recaudación suficiente para sostener las aspiraciones legítimas de la ciudadanía en educación, salud, previsión y seguridad. La deuda pública ha crecido en 120 mil millones de dólares en los últimos doce años y el pago de intereses corresponde a más del 5% del presupuesto anual. A ello se suma que el Fondo de Estabilización Económica y Social se redujo a la mitad entre 2022 y 2026, debilitando la capacidad de respuesta ante emergencias. El diagnóstico resulta claro. Chile extravió la senda del progreso cuando se instaló la ilusión de que el Estado podía generar riqueza por sí mismo, expandiendo el gasto y la regulación mientras se desalentaba la inversión privada. La reforma tributaria de 2014 es el ejemplo más concreto de ese diagnóstico. Buscó aumentar la recaudación en 3 puntos del PIB y terminó por contraer la inversión desde niveles cercanos al 27,5% del PIB en 2013 a un promedio de 23,7% en los doce años siguientes. Al elevar la tasa del impuesto de primera categoría de 20% a 27%, cuando el promedio de la Organización para la Cooperación y el Desarrollo Económico (“OCDE”) es 24% (Corporate Tax Statistics, 2025), Chile se hizo menos atractivo para invertir en comparación con la mayoría de los países con los que compite. A esto se sumó una maraña regulatoria, más conocida como ""permisología"", que, lejos de garantizar estándares de calidad o proteger a la ciudadanía, derivó en procesos ineficientes, elevando costos, retrasando proyectos y cerrando oportunidades de empleo y vivienda. Este proyecto de ley es una respuesta directa a ese diagnóstico. Su propósito es revertir las condiciones que frenaron el crecimiento económico, corregir la brecha tributaria que aleja a Chile de los estándares de la OCDE, avanzar en la racionalización de los permisos que hoy paralizan proyectos de inversión sin afectar los estándares de protección que resguardan, e introducir cambios regulatorios orientados a recuperar la certeza jurídica. Los efectos esperados son concretos y medibles. En el corto plazo, se proyecta un","{""Economía y hacienda"": 20.0, ""Trabajo y seguridad social"": 19.5, ""Economía, comercio y consumidores"": 15.0, ""Vivienda y territorio"": 14.75, ""Cultura y comunicaciones"": 11.25, ""Medio ambiente"": 9.0}"
18327-07,"Modifica la ley N° 18.918, orgánica constitucional del Congreso Nacional, para sancionar el incumplimiento de funciones parlamentarias durante la semana distrital",parlamentario,"Constitución, Legislación, Justicia y Reglamento","Constitución, Legislación, Justicia y Reglamento",Constitución y justicia,Trabajo y seguridad social,hibrido_institucional_texto,0.789,1,solo_comision_transversal,"origen=Constitución, Legislación, Justicia y Reglamento || score_1=Constitución y justicia:9.00 || score_2=Trabajo y seguridad social:5.25",institutional-hybrid-v0.3,"Idea Matriz Establecer sanciones y medidas de publicidad, ante la salida del país sin causa justificada de parlamentarios durante semanas distritales o regionales. II. Fundamentos: Durante los últimos días ha quedado al descubierto una situaci ón que afecta de sobremanera la confianza ciudadana en la política, esto es el hecho de que parlamentarios utilizan las semanas destinadas al trabajo en sus territorios para viajar al extranjero, ausentándose de los distritos y circunscripciones que los eligieron1. La situación adquirió especial visibilidad cuando uno de los propios parlamentarios involucrados declaró públicamente que su jornada laboral solo se extendía de Lunes a miércoles2, una frase que grafica con precisión el problema que este proyecto busca corregir: la ausencia de una comprensión compartida sobre qué significa, en la práctica, ejercer el mandato representativo. Hoy, la semana distrital y regional existen solo en el papel, pero no tiene consecuencias reales cuando se incumple. No hay sanciones para quien viaja al extranjero durante esos días sin justificación, y tampoco existe obligación alguna de informar a la ciudadanía sobre esas ausencias. El resultado es u na norma sin eficacia y una ciudadanía sin herramientas para exigir rendición de cuentas. Este proyecto viene a corregir esa situación. Propone establecer sanciones proporcionales para quienes abandonen el territorio nacional durante la semana distrital o regional sin 1 Sobre esto ver más en:https://www.t13.cl/noticia/politica/no-solo-fue-kunstmann-otros-nueve-diputados- viajaron-extranjero-semana-distrital-3-6-2026 2Sobre esto ver m ás en:https://www.latercera.com/politica/noticia/mi-trabajo-es-de-lunes-a-miercoles- diputado-kunstmann-defiende-viaje-al-extranjero-durante-semana-distrital/ 04-06-2026 20:00 autorización justificada, y crear mecanismos de publicidad que permitan a cualquier ciudadano saber, de manera simple y accesible, si su parlamentario está donde debe estar. La Constitución Política de la República establece en su artículo 4° que “Chile es una república democrática”3. Este principio estructural implica que los parlamentarios no ejercen un poder propio, sino un mandato conferido por la ciudadanía, el cual es la base desde la que se estructura nuestra sociedad. A su vez, la función parlamentaria comprende las facultades de legislar, fiscalizar y representar, así lo han entendido históricamente tanto la Jurisprudencia, como la doctrina de los autores constitucionalistas chilenos. José Luis Cea Egaña define la función parlamentaria como el “conjunto de atribuciones, deberes y potestades que la Constitución y la ley confieren a los miembros del Congreso Nacional para el ejercicio del mandato representativo, comprensivo de la co-legislación, la fiscalización de los actos del gobierno y la representación de la ciudadanía ante los poderes del Estado”4. Por su parte Alejandro Silva Bascuñán sostiene que la función parlamentaria es “una magistratura de representación popular cuyo contenido esencial es triple: participar en la formación de la ley, controlar políticamente al Ejecutivo y encarnar la voluntad del electorado en el debate institucional”5. De esta manera, podemos sostener que la función parlamentaria no se agota solamente en la creación de leyes (o función Nomogenética), circunscrita a los días en los cuales los parlamentarios se encuentran en las dependencias del Congreso Nacional, ya sea en sesiones de sala, o comisiones; sino también en la tarea ","{""Constitución y justicia"": 9.0, ""Trabajo y seguridad social"": 5.25, ""Relaciones exteriores"": 4.5, ""Gobierno interior y descentralización"": 3.0, ""Cultura y comunicaciones"": 2.25, ""Ciencia y tecnología"": 0.75}"
18412-07,"Modifica ley N° 18.415, orgánica constitucional de los Estados de Excepción, con el objeto de introducir el concepto de bienes y servicios esenciales durante su vigencia",parlamentario,"Constitución, Legislación, Justicia y Reglamento","Constitución, Legislación, Justicia y Reglamento",Constitución y justicia,Salud,hibrido_institucional_texto,0.79,1,solo_comision_transversal,"origen=Constitución, Legislación, Justicia y Reglamento || score_1=Constitución y justicia:9.75 || score_2=Salud:6.75",institutional-hybrid-v0.3,"Antecedentes. La legislación chilena en materia de catástrofes y estados de excepción constitucional posee una evolución histórica estrechamente vinculada a la experiencia permanente del país frente a terremotos, inundaciones, incendios y otras emergencias de gran magnitud que han afectado recurrentemente el normal desarrollo de la vida nacional. A lo largo del siglo XX, distintos eventos sísmicos y desastres naturales impulsaron la creación progresiva de mecanismos legales destinados a fortalecer la capacidad de respuesta del Estado, particularmente en materias de reconstrucción, abastecimiento, coordinación administrativa y protección de la población. Uno de los hitos fundamentales en esta evolución normativa fue la dictación de la Ley N.º 16.282 de 1965, conocida como la ley sobre disposiciones permanentes para casos de sismos o catástrofes, promulgada tras el terremoto de marzo de ese mismo año, la cual permitió establecer zonas de catástrofe, agilizar procedimientos administrativos, coordinar labores de reconstrucción, ﬂexibilizar mecanismos presupuestarios y adoptar medidas excepcionales destinadas a asegurar el abastecimiento y la continuidad de servicios esenciales. Posteriormente, la Constitución Política de 1980 reorganizó el régimen jurídico de los estados de excepción constitucional, incorporando expresamente las ﬁguras de estado de asamblea, sitio, emergencia y catástrofe, dictándose la Ley N.º 18.415, Orgánica Constitucional de los Estados de Excepción Constitucional, publicada en 1985, que estableció las facultades extraordinarias del Presidente de la República y de los Jefes de la Defensa Nacional durante situaciones excepcionales que afectaren gravemente el orden público, la seguridad interior o el normal funcionamiento del país. Dicha normativa reconoció expresamente la posibilidad de restringir determinadas libertades, disponer requisiciones de bienes, limitar el ejercicio del derecho de propiedad y adoptar medidas extraordinarias de carácter administrativo destinadas al pronto restablecimiento de la normalidad, incluyendo atribuciones vinculadas al control del abastecimiento, acopio, almacenamiento, reserva y 22-06-2026 10:08 distribución de bienes necesarios para la subsistencia de la población en zonas afectadas por catástrofes. Con posterioridad al retorno a la democracia, y especialmente a partir de grandes emergencias nacionales como el terremoto y tsunami de 2010, incendios forestales, inundaciones y la pandemia provocada por el COVID-19, se hizo evidente la necesidad de fortalecer los mecanismos institucionales de coordinación económica y protección de bienes esenciales durante estados de excepción constitucional, particularmente frente a fenómenos de interrupción de abastecimiento, alteraciones severas en cadenas logísticas, especulación y aumentos desproporcionados de precios respecto de bienes indispensables para la población. En este contexto, diversos análisis doctrinarios, jurisprudenciales y técnicos comenzaron a desarrollar una interpretación más amplia de las facultades extraordinarias del Estado durante situaciones de catástrofe, especialmente en lo relativo a la regulación temporal de precios, protección del acceso a bienes esenciales y prevención de abusos económicos en contextos de emergencia. En cuanto a derecho comparado, es preciso recordar que la pandemia que se ha producido en el mundo entero, a propósito del COVID-19, ha hecho que muchos Estados reformulen sus marcos normativos, en relación ","{""Constitución y justicia"": 9.75, ""Salud"": 6.75, ""Economía, comercio y consumidores"": 4.5, ""Minería y energía"": 3.75, ""Transportes y telecomunicaciones"": 3.0, ""Vivienda y territorio"": 3.0}"
18330-07,Modifica el Código Procesal Penal para restringir la presentación de querellas por parte de parlamentarios en ejercicio,parlamentario,"Constitución, Legislación, Justicia y Reglamento","Constitución, Legislación, Justicia y Reglamento",Constitución y justicia,Cultura y comunicaciones,hibrido_institucional_texto,0.794,1,solo_comision_transversal,"origen=Constitución, Legislación, Justicia y Reglamento || score_1=Constitución y justicia:9.75 || score_2=Cultura y comunicaciones:6.50",institutional-hybrid-v0.3,"ANTECEDENTES Un elemento esencial del régimen democrático es la existencia de mecanismos de control político y de rendición de cuentas respecto de la gestión de quienes ejercen cargos públicos. Ello se vincula a un orden institucional en que las diferencias entre adversarios de distintos sectores enriquecen el diálogo cívico siempre que el disenso se manifieste sobre la base del pluralismo, el respeto y la tolerancia. Sin perjuicio de lo anterior, en el último tiempo se ha constatado una creciente judicialización de controversias de índole política, específicamente a través de la presentación de querellas por parte de parlamentarios en ejercicio. Esta práctica ha generado cuestionamientos respecto de la utilización de acciones penales para trasladar a tribunales de justicia, conflictos que por su naturaleza debiesen resolverse mediante la aplicación de herramientas disponibles en otros procedimientos institucionales. En efecto, la interposición de querellas por parte de diputados o senadores puede responder no solo a la convicción jurídica de encontrarse frente a posibles hechos punibles, sino que también a la finalidad de atribuir una connotación delictiva o litigiosa a situaciones que revelan eventuales responsabilidades políticas o administrativas. Esto puede desnaturalizar parcialmente los criterios técnicos de la persecución penal. 05-06-2026 16:03 A pesar de la autonomía del Ministerio Público, la participación de legisladores en este tipo de causas puede generar una presión indirecta sobre la labor investigativa del organismo persecutor, a raíz de la mayor exposición mediática que habitualmente adquieren algunos asuntos vinculados a la actividad parlamentaria, cuya especial notoriedad constituye un factor que podría llegar a incidir tanto en la agenda pública como en el contexto en que se desarrollan las investigaciones. Por lo mismo, resulta necesario fijar límites claros en esta materia, de modo de resguardar el carácter excepcional de la persecución penal y evitar la instrumentalización del sistema judicial con fines de confrontación política. II. PROYECTO DE LEY Artículo único: Incorpórase, en el artículo 111 del Código Procesal Penal, un inciso final nuevo, del siguiente tenor: “Los diputados y senadores en ejercicio no podrán deducir querella, salvo cuando actúen en calidad de víctima.”. 05-06-2026 16:03 05-06-2026 16:03","{""Constitución y justicia"": 9.75, ""Cultura y comunicaciones"": 6.5, ""Seguridad"": 1.5, ""Agricultura y mundo rural"": 0.0, ""Agua y recursos hídricos"": 0.0, ""Ciencia y tecnología"": 0.0}"
18611-07,Modifica el Código Penal para agravar la penalidad en caso de sustracción y receptación de combustibles en supuestos que indica,parlamentario,"Constitución, Legislación, Justicia y Reglamento","Constitución, Legislación, Justicia y Reglamento",Minería y energía,Constitución y justicia,hibrido_institucional_texto,0.794,1,empate_tematico,"origen=Constitución, Legislación, Justicia y Reglamento || score_1=Minería y energía:11.75 || score_2=Constitución y justicia:10.50",institutional-hybrid-v0.3,"Fundamentos del proyecto Uno de los deberes centrales de la función legislativa es resguardar la vida e integridad de las personas, la continuidad de los servicios esenciales y la seguridad pública. La distribución de gas licuado, combustibles y otros insumos energéticos depende d iariamente de trabajadores que transportan y entregan estos productos en todo el territorio nacional, muchas veces durante jornadas nocturnas o en sectores con alta exposición delictual. El asalto a un vehículo repartidor de gas o combustibles no constituye únicamente una afectación patrimonial. La violencia ejercida contra el conductor o sus acompañantes, la pérdida de control sobre la carga y la eventual interrupción del abastecimiento p ueden afectar simultáneamente a trabajadores, familias, pequeños comercios y actividades productivas que dependen de estos insumos. La gravedad es aún mayor cuando la sustracción recae sobre explosivos, detonadores, precursores de explosivos, sustancias radiactivas, tóxicas, corrosivas o inflamables. Por sus características, cantidades o condiciones de almacenamiento, estos elementos p ueden ser empleados en la comisión de otros delitos o provocar incendios, explosiones, intoxicaciones, contaminación ambiental o daños a infraestructura crítica. El ordenamiento jurídico regula especialmente el transporte, almacenamiento, control y trazabilidad de estas sustancias. Entre otras normas, el decreto supremo N° 298, de 1994, del Ministerio de Transportes y Telecomunicaciones, establece condiciones para el transporte de cargas peligrosas, mientras que la legislación sobre control de armas, explosivos y elementos similares contempla reglas especiales respecto de su tenencia y utilización. Sin embargo, el Código Penal no contiene actualmente una regla general que permita valorar, dentro de los delitos de hurto, robo y receptación, el riesgo adicional que produce la pérdida de control sobre estos bienes. La respuesta penal se construye princi palmente a partir de la modalidad de apoderamiento, la violencia empleada y el valor de lo sustraído, sin considerar suficientemente la capacidad del objeto para provocar un peligro colectivo o afectar un servicio esencial. La sola naturaleza del producto no justifica, por sí misma, una sanción desproporcionada. Por ello, esta iniciativa distingue entre dos niveles. El primero comprende el gas licuado o natural y los elementos directamente destinados a su distribución, cuya sustracción se agrava cuando interrumpe o pone en peligro el abastecimiento o genera un riesgo concreto para las personas. El segundo comprende explosivos y otras sustancias especialmente peligrosas, respecto de las cuales se establece una agravación mayor cuando existe intención de emplearlas en otro delito o cuando se crea un peligro grave y concreto. Asimismo, el proyecto incorpora una regla especial para la receptación. La persecución penal no debe limitarse a quien ejecuta la sustracción, sino alcanzar también a quienes reciben, transportan, almacenan, ocultan o comercializan estos bienes conociendo, o no pudiendo menos que conocer, su origen ilícito. De esta forma se busca desincentivar el mercado que permite rentabilizar estas conductas. 12-08-2026 16:46 Página 2 de 3 La iniciativa respeta los principios de legalidad y proporcionalidad. Las agravaciones se vinculan a circunstancias comprobables, como la afectación del suministro, el peligro concreto, la cantidad y condiciones de la sustancia, o su destinación a otro del ","{""Minería y energía"": 11.75, ""Constitución y justicia"": 10.5, ""Transportes y telecomunicaciones"": 6.75, ""Trabajo y seguridad social"": 5.25, ""Medio ambiente"": 4.5, ""Seguridad"": 3.75}"
18442-07,"Modifica diversos cuerpos legales, con el objeto de agravar las sanciones en el caso de entrega o exhibición de material pornográfico e inadecuado a menores de catorce años",parlamentario,"Constitución, Legislación, Justicia y Reglamento","Constitución, Legislación, Justicia y Reglamento","Familia, infancia y adolescencia",Constitución y justicia,hibrido_institucional_texto,0.802,1,empate_tematico,"origen=Constitución, Legislación, Justicia y Reglamento || score_1=Familia, infancia y adolescencia:12.75 || score_2=Constitución y justicia:11.50",institutional-hybrid-v0.3,"Boletín N° 18.442-07 Proyecto de ley, iniciado en Moción de los Honorables Senadores señoras Kaiser y Balladares, y señores Bianchi, Lee y Squella, que modifica diversos cuerpos legales, con el objeto de agravar las sanciones en el caso de entrega o exhibición de material pornográfico e inadecuado a menores de catorce años. FUNDAMENTOS En virtud del principio protector del interés superior del menor, es un deber no. del Estado proteger a los menores de edad de toda forma de abuso e injerencia indebida en su debido y sano desarrollo físico y mental, siendo precisamente los atentados a su 0 0- integridad psíquica y física en cuanto sano desarrollo de la sexualidad, y los atentados contra la indemnidad sexual infantil, uno de los aspectos en los cuales no se puede tener dobles lecturas, debiendo ser estrictos y tajantes en dicho ámbito protector de nuestros menores de edad. En efecto, el artículo 1o de nuestra Constitución impone al Estado el deber de dar protección a la población, lo cual adquiere una connotación especial cuando se trata de los ""más desvalidos"". Además, el Estado debe crear las condiciones para la ""mayor realización espiritual y material posible"" de todas las personas, lo que incluye proteger a los menores de influencias que el legislador considera nocivas. Además, el citado principio protector del interés superior del menor, se consagra en el artículo 3° N°1 frase final, de la “Convención sobre los Derechos del Niño"", adoptada por la Asamblea General de la Organización de las Naciones Unidas el 20 de noviembre de 1989, y promulgada mediante el D.S. N°830 del Ministerio de RR.EE. (D. Oficial 27/09/1990). Así, el principio del interés superior del niño actúa como un eje transversal que obliga al Estado a brindar una protección especial. Este principio, justifica la protección debido a la falta de madurez física y mental, debilidad e inexperiencia del menor, buscando asegurar su ""bienestar en el plan físico, psíquico y social"". De este modo, el Estado tiene la obligación de salvaguardar la indemnidad sexual y la integridad física y psíquica de los menores de 18 años, entendiéndose la indemnidad como el ""estado o situación de quien está libre de daño o perjuicio"". En consecuencia, el legislador goza de un margen de libertad razonable para determinar qué conductas son punibles en función de la protección de derechos fundamentales como la integridad personal. En este caso, la distinción de edad se considera una opción de política legislativa legítima para resguardar a los púberes, En este sentido, toda actuación de personas naturales, instituciones privadas o entidades municipales y públicas, que atente contra la debida indemnidad sexual infantil debe ser clara y derechamente condenada, pues precisamente está en juego el desarrollo sano de los aspectos físicos y psíquicos de nuestros menores de edad. En dicho contexto, de un tiempo a esta parte, hemos venido siendo testigos de cómo diversas actuaciones en entidades educativas, municipales o estatales no sólo han descuidado la debida protección de dicho sano desarrollo de nuestros menores de edad, sino que se han concretado en verdaderos atentados contra la indemnidad sexual infantil. A continuación, citaos algunos ejemplos: El documento “Orientaciones para la inclusión de personas lesbianas, gays, bisexuales, trans e intersex en el sistema educativo chileno” que se encontraba disponible en la página web del Ministerio de Educación en su versión original de 2017 y actualizado a","{""Familia, infancia y adolescencia"": 12.75, ""Constitución y justicia"": 11.5, ""Educación"": 8.25, ""Ciencia y tecnología"": 5.25, ""Cultura y comunicaciones"": 3.75, ""Gobierno interior y descentralización"": 3.75}"
18137-05,"Adopta medidas transitorias para contener el precio del kerosene doméstico en el contexto de la emergencia energética internacional, y otras medidas que indica",ejecutivo,Hacienda,Hacienda,Minería y energía,Economía y hacienda,hibrido_institucional_texto,0.807,1,empate_tematico,origen=Hacienda || score_1=Minería y energía:18.50 || score_2=Economía y hacienda:17.00,institutional-hybrid-v0.3,"MENSAJE DE S.E. EL PRESIDENTE DE LA REPÚBLICA CON EL QUE INICIA UN PROYECTO DE LEY QUE ADOPTA MEDIDAS TRANSITORIAS PARA CONTENER EL PRECIO DEL KEROSENE DOMÉSTICO EN EL CONTEXTO DE LA EMERGENCIA ENERGÉTICA INTERNACIONAL, Y OTRAS MEDIDAS QUE INDICA. ________________________________ Santiago, 24 de marzo de 2026 MENSAJE N° 003-374/ A S.E. EL PRESIDENTE DE LA H. CÁMARA DE DIPUTADOS. Honorable Cámara de Diputados: Tengo el honor de someter a vuestra consideración un proyecto de ley que adopta medidas transitorias para contener el precio del kerosene doméstico en el contexto de la emergencia energética internacional, y otras medidas que indica. ANTECEDENTES El mundo enfrenta hoy una situación excepcional en materia energética. El conflicto bélico en Medio Oriente ha generado una disrupción significativa en la producción y transporte de hidrocarburos, afectando particularmente zonas estratégicas para el comercio global de petróleo. Este escenario constituye una de las mayores amenazas recientes para la estabilidad energética mundial. En este contexto, los precios internacionales del petróleo han experimentado un alza abrupta y de magnitud inusitada. En pocas semanas, el precio del crudo Brent ha aumentado en más de un 50%, constituyendo un shock de oferta macroeconómico de carácter extraordinario. Esta alza se ha transmitido rápidamente a sus principales derivados, incluyendo las gasolinas, el diésel y el kerosene. Chile, en su calidad de país importador de combustibles, no es ajeno a estos efectos. La totalidad de las gasolinas, diésel y kerosene doméstico consumidos en el país proviene de importaciones directas o de la refinación de crudo importado, lo que implica una transmisión prácticamente inmediata de las variaciones internacionales a los precios internos. LIMITACIONES DEL MECANISMO DE ESTABILIZACIÓN Y RESTRICCIÓN FISCAL Chile cuenta con dos mecanismos para la estabilización de precios de los combustibles. Por una parte, existe el Mecanismo de Estabilización de los Precios de los Combustibles (“MEPCO”), que aplica principalmente sobre las gasolinas y el diésel, y también, en menor medida sobre el gas licuado de petróleo de consumo vehicular y el gas natural comprimido de consumo vehicular. Por otro lado, existe el Fondo de Estabilización de Precios del Petróleo (“FEPP”) que hoy aplica sobre el kerosene doméstico. La finalidad común del MEPCO y FEPP es atenuar las fluctuaciones de corto plazo en los precios internos. Sin embargo, dichos mecanismos no fueron diseñados para absorber shocks prolongados o de gran magnitud, ni para aislar permanentemente a la economía nacional de las condiciones internacionales. En el contexto actual, la mantención de esquemas de contención generalizada de precios implica un costo fiscal de gran envergadura, del orden de USD 160 millones por semana, lo que resulta incompatible con la estrechez fiscal que enfrenta el país. La deuda pública ha aumentado en USD 40.000 millones entre marzo de 2022 y diciembre de 2025, reduciendo el espacio disponible para sostener una política como la amortiguación prolongada de precios de los combustibles. Continuar amortiguando de manera generalizada el alza de los combustibles no solo resulta fiscalmente inviable, sino que además genera efectos regresivos, beneficiando proporcionalmente más a los hogares de mayores ingresos. NECESIDAD DE UNA RESPUESTA FOCALIZADA Frente a este escenario, el Gobierno ha debido adoptar decisiones orientadas a resguardar la sostenibilidad fiscal y","{""Minería y energía"": 18.5, ""Economía y hacienda"": 17.0, ""Transportes y telecomunicaciones"": 16.25, ""Economía, comercio y consumidores"": 8.25, ""Trabajo y seguridad social"": 3.75, ""Cultura y comunicaciones"": 3.0}"
18133-07,Modifica la Carta Fundamental para asignar a las Fuerzas Armadas un rol coadyuvante en el resguardo del orden público y la seguridad interior del país,parlamentario,"Constitución, Legislación, Justicia y Reglamento","Constitución, Legislación, Justicia y Reglamento",Defensa,Seguridad | Constitución y justicia,hibrido_institucional_texto,0.816,1,empate_tematico,"origen=Constitución, Legislación, Justicia y Reglamento || score_1=Defensa:15.25 || score_2=Seguridad:13.25",institutional-hybrid-v0.3,"Reforma Constitucional del H.D. Contreras Radovic que modifica el Capítulo XI de la Carta Fundamental para establecer un estatuto permanente de coadyuvancia de las Fuerzas Armadas en la seguridad interior y el orden público. FUNDAMENTACIÓN 1. Diagnóstico de la Crisis de Seguridad: Chile enfrenta una mutación del fenómeno delictual. Según datos del Centro de Estudios y Análisis del Delito (CEAD), la tasa de homicidios y delitos con uso de armas de fuego ha mostrado un incremento sostenido, vinculado a la penetración de estructuras criminales transnacionales. Esta realidad ha sobrepasado la capacidad operativa de las Fuerzas de Orden y Seguridad Pública, cuya dotación se encuentra estresada por la multiplicidad de funciones (investigación, patrullaje, control de fronteras y custodia de infraestructura). 2. Insuficiencia del Marco Normativo Actual: Actualmente, la participación militar en el orden público es excepcional y precaria. El Artículo 32 N° 21 de la Constitución (incorporado por la Ley N° 21.542) faculta al Presidente para el resguardo de infraestructura crítica, pero bajo una lógica de emergencia: •Requiere renovaciones periódicas (90 días). •Depende de la voluntad política circunstancial del Congreso para su prórroga. •Se limita a ""infraestructura"" y ""fronteras"", dejando fuera zonas rurales, carreteras y recintos penitenciarios. Podríamos indicar también el estado de excepción constitucional, en particular el de emergencia, el cual ha sido utilizado por más de 3 años en el gobierno de Gabriel Boric, lo cual ha desvirtuado instituciones esencialmente excepcionales, dado que se ha requerido la participación de efectivos de las FF.AA. en el control del territorio nacional, principalmente en labores que son propias del orden publico. 3. Compatibilidad Normativa: Esta reforma no colisiona con el Artículo 32 N° 21. Mientras aquella es una ""atribución especial del Presidente"" para casos de peligro inminente, la reforma que se propone al Artículo 101 establece una ""misión institucional"" de carácter permanente. El Art. 32 N° 21 se mantendrá como una herramienta de 17-03-2026 09:12 despliegue extraordinario ante amenazas específicas, mientras que la nueva norma faculta una colaboración técnica, logística y de vigilancia constante. Del mismo modo se mantiene la norma constitucional y de la LOC específica sobre estados de excepción, los cuales deben mantener ese ethos, el cual debe utilizarse para casos concretos. Sin embargo, dado el contexto y la realidad nacional, creemos que las FF.AA deben poder tener una facultad de apoyo y cooperación permanente, cuando se les requiera, en las funciones de orden público, tanto por un uso de personal y conocimiento que tiene como activo el Estado, como por la falta de personal de las fuerzas de orden y seguridad, en un contexto de alta criminalidad, organizada, con delitos que antes no teníamos en el país, y en contextos particulares. 4. Estándares Internacionales: La jurisprudencia de la Corte Interamericana de Derechos Humanos (Corte IDH), en casos como Cabrera García y Montiel Flores vs. México, establece que la participación militar en tareas de seguridad debe ser: subordinada, complementaria, regulada y fiscalizada. Este proyecto cumple con dichos estándares al someter el despliegue al mando civil y a una Ley de Quórum Calificado. IDEA MATRIZ La idea matriz de esta reforma es actualizar la misión constitucional de las Fuerzas Armadas, permitiéndoles actuar de manera permanente, subsidiaria y coad","{""Defensa"": 15.25, ""Seguridad"": 13.25, ""Constitución y justicia"": 9.75, ""Infraestructura y obras públicas"": 3.0, ""Ciencia y tecnología"": 1.5, ""Relaciones exteriores"": 1.5}"
18144-07,"Modifica el Código Procesal Penal, para fortalecer la persecución penal del crimen organizado y regular el juicio oral en ausencia del imputado",parlamentario,"Constitución, Legislación, Justicia y Reglamento","Constitución, Legislación, Justicia y Reglamento",Constitución y justicia,Seguridad,hibrido_institucional_texto,0.816,1,empate_tematico,"origen=Constitución, Legislación, Justicia y Reglamento || score_1=Constitución y justicia:15.00 || score_2=Seguridad:13.00",institutional-hybrid-v0.3,"Boletín N° 18.144-07 Proyecto de ley , iniciado en Moción de los Honorables Senadores señora Núñez y señores Flores, Kuschel, Moreira y Saavedra, que modifica el Código Procesal Penal, para fortalecer la persecución penal del crimen organizado y regular el juicio oral en ausencia del imputado. FUNDAMENTOS El sistema procesal penal chileno, estructurado sobre un modelo acusatorio, ha demostrado solidez en la protección de las garantías fundamentales del imputado, en particular el debido proceso, la presunción de inocencia y el derecho a defensa. Sin embargo, dicho modelo fue concebido sobre la base de una criminalidad predominantemente individual, lo que genera tensiones relevantes frente a las formas contemporáneas de criminalidad organizada, caracterizadas por su complejidad estructural, permanencia en el t iempo y capacidad de adaptación. La criminalidad organizada se manifiesta a través de estructuras estables, con división funcional de roles, utilización de mecanismos de ocultamiento y aprovechamiento de economías ilícitas que dificultan la obtención de prueba directa. En este contexto, la persecución penal enfrenta obstáculos específicos, derivados no de la falta de herramientas normativas, sino de la necesidad de adecuar ciertos criterios de valoración probatoria a la naturaleza de estos fenómenos, sin alterar los principios estructurales del sistema. La legislación vigente ha avanzado en la incorporación de técnicas especiales de investigación y en el fortalecimiento institucional para enfrentar estas formas de criminalidad. No obstante, persiste un vacío en el plano de la valoración judicial de la prueba, particularmente en lo que respecta a la apreciación de indicios estructurales que permitan acreditar la existencia de organizaciones delictivas y la participación funcional de sus integrantes. La ausencia de una regla expresa en esta materia genera in certidumbre interpretativa y dificulta una respuesta uniforme por parte de los tribunales. El presente proyecto no altera el estándar probatorio vigente ni la carga de la prueba que corresponde al Ministerio Público. Por el contrario, reafirma que la convicción condenatoria debe formarse siempre más allá de toda duda razonable, conforme a las re glas de la sana crítica. Su objeto es precisar que, en el contexto de la criminalidad organizada, la prueba indiciaría puede adquirir especial relevancia, en la medida que se trate de antecedentes múltiples, precisos, graves y concordantes, apreciados en su conjunto. Asimismo, se incorpora una definición legal acotada de criminalidad organizada, con el propósito de delimitar el ámbito de aplicación de estas reglas, evitando su extensión indebida a formas de delincuencia que no presentan las características propias de l as estructuras organizadas. Esta definición se construye sobre la base de elementos reconocidos en el derecho comparado y en instrumentos internacionales, tales com ola existencia de una organización estructurada, su carácter estable y la comisión de delito s graves con fines de lucro o poder. Por otra parte, el proyecto aborda la situación de aquellos imputados que, habiendo tenido conocimiento efectivo del procedimiento y habiendo sido debidamente emplazados, se sustraen deliberadamente de la acción de la justicia. En estos casos, la imposibilidad de llevar adelante el juicio oral genera un efecto de paralización del sistema penal que resulta incompatible con el deber del Estado de perseguir los delitos. La regulación del ","{""Constitución y justicia"": 15.0, ""Seguridad"": 13.0, ""Cultura y comunicaciones"": 1.5, ""Ciencia y tecnología"": 0.75, ""Derechos humanos"": 0.75, ""Agricultura y mundo rural"": 0.0}"
18169-07,"Modifica diversos cuerpos legales a fin de otorgar atención preferente para la constatación de lesiones a víctimas e imputados, así como para la realización de exámenes toxicológicos a conductores",parlamentario,"Constitución, Legislación, Justicia y Reglamento","Constitución, Legislación, Justicia y Reglamento",Transportes y telecomunicaciones,Salud | Constitución y justicia,hibrido_institucional_texto,0.816,1,empate_tematico,"origen=Constitución, Legislación, Justicia y Reglamento || score_1=Transportes y telecomunicaciones:12.50 || score_2=Salud:10.50",institutional-hybrid-v0.3,"MODIFICA EL CÓDIGO PROCESAL PENAL Y LA LEY N°18.290, DE TRÁNSITO, PARA DISPONER UNA ATENCIÓN PREFERENTE PARA LA CONSTATACIÓN DE LESIONES DE VÍCTIMAS E IMPUTADOS , ASÍ COMO PARA LA REALIZACIÓN DE LOS EXÁMENES DE DETECCIÓN DE ALCOHOL U OTRAS SUSTANCIAS PSICOTRÓPICAS O ESTUPEFACIENTES EN CONDUCTORES Antecedentes y Fundamentos En el proceso penal existen actuaciones que inicialmente deben realizarse ante un servicio de salud. Ellas son esencialmente dos: la constatación de lesiones de personas víctimas o imputadas y los exámenes de medición de la presencia de alcohol u otras sustancias en la sangre. La así denominada “constatación de lesiones” del imputado se ampara en la garantía que el literal h) del artículo 93 del Código Procesal Penal reconoce a todo imputado -esté o no privado de libertad- en orden a no recibir tratos que afecten su integridad. De allí que ante la detención de un imputado por su participación en hechos delictivos se practique una constatación de lesiones si este alega haber sido víctima de una agresión en su contra para lo cual debe ser conducido por el personal policial aprehen sor a un servicio de salud con capacidad para practicar la constatación. Dado que la constatación consiste en un análisis médico posible de ser realizado por un médico cirujano esta actuación de salud se practica en hospitales, consultorios y también en se rvicios de atención pública de urgencia. La constatación de lesiones se realiza con posterioridad a la detención de un imputado o bien luego de auxiliar a una víctima de un hecho que reviste caracteres de delito. En ambos casos el personal policial acompaña a las personas sometidas a examen, per o en el caso del imputado el control sobre su persona es obligatorio ya que se encuentra en calidad de detenido. En el caso de la víctima puede ocurrir que el Ministerio Público instruya su acompañamiento para asegurarse que los resultados del análisis méd ico serán allegados a la instancia judicial respectiva que es normalmente la audiencia de control de la detención. Como se dijo, además de la denominada “constatación de lesiones” existe la actuación médica de toma de muestra de presencia de alcohol u otras sustancias psicotrópicas o estupefacientes en la sangre lo que se realiza en el caso de infracciones a la Ley N° 18.290, del Tránsito, ya sea por haber indicios de conducción bajo la influencia de estas sustancias o por haber protagonizado un accidente con resultados lesivos . Los artículos 182 y 183 de esta legislación prevén la realización de estos exámenes médicos, contemplándose la alcoholemia en la segunda de las normas como la más usual, en la que se detecta la presencia de alcohol en la sangre de quien ha 09-04-2026 16:54 conducido un vehículo ya sea bajo los efectos del alcohol, derechamente en estado de ebriedad o bajo los efectos de otras sustancias psicotrópicas o estupefacientes. Estos exámenes médicos de detección de alcohol o drogas en la sangre se realizan según protocolos instruidos por el Servicio Médico Legal. Las normas respectivas reconocen distintas modalidades de realización de los exámenes los que pueden realizarse incluso en sistemas móviles así habilitados, pero sigue siendo común su solicitud en hospitales, consultorios y servicios de atención pública de urgencia. Ambas actuaciones procesales suponen el empleo de recursos físicos y humanos de Carabineros quienes deben conducir a imputados y víctimas a la realización de los exámenes médicos. Esto los inhabilita incluso p","{""Transportes y telecomunicaciones"": 12.5, ""Salud"": 10.5, ""Seguridad"": 5.25, ""Constitución y justicia"": 4.75, ""Agricultura y mundo rural"": 0.0, ""Agua y recursos hídricos"": 0.0}"
18455-07,Restringe la sustitución y remisión de sanciones respecto de adolescentes condenados por delitos de especial gravedad,parlamentario,"Constitución, Legislación, Justicia y Reglamento","Constitución, Legislación, Justicia y Reglamento","Familia, infancia y adolescencia",Seguridad | Constitución y justicia,hibrido_institucional_texto,0.816,1,empate_tematico,"origen=Constitución, Legislación, Justicia y Reglamento || score_1=Familia, infancia y adolescencia:14.00 || score_2=Seguridad:12.00",institutional-hybrid-v0.3,"FUNDAMENTOS • La seguridad pública atraviesa una crisis profunda que ha impactado de manera directa la vida cotidiana de las familias chilenas. En los últimos años, delitos como encerronas, portonazos, robos con violencia, homicidios, secuestros, delitos sexuales graves, uso de armas de fuego y ataques contra funcionarios policiales han dejado de ser hechos aislados para convertirse en expresiones especialmente violentas de una criminalidad que actúa con mayor organización, mayor desprecio por la vida humana y mayor capa cidad de intimidación sobre la población. • Uno de los hechos que ha conmovido más profundamente al país fue la muerte de Alejandro Águila, un niño de 12 años, ocurrida en la comuna de San Bernardo en el contexto de una violenta encerrona. Su fallecimiento no sólo produjo dolor e indignación pública, sino que volvió a poner en el centro del debate una pregunta que el sistema jurídico no puede seguir postergando: cómo debe reaccionar el Estado cuando adolescentes participan en delitos de extrema gravedad que destruyen vidas, familias y comunidades completas. • La familia de Alejandro ha emplazado públicamente a las autoridades a impulsar una “Ley Alejandro” , orientada a endurecer la respuesta penal frente a quienes intervienen en encerronas, delitos cometidos en grupo y otros hechos de violencia grave, especialmente cuando estos son cometidos por personas adolescentes. Ese llamado no puede ser entendido como una simple demanda 06-07-2026 18:28 de castigo, sino como una exigencia legítima de justicia, proporcionalidad y protección efectiva de las víctimas frente a delitos que causan daños irreparables. • La Ley N°20.084, que establece el Sistema de Responsabilidad Penal Adolescente, fue concebida sobre una base correcta: los adolescentes deben responder por los delitos que cometen, pero dicha respuesta debe considerar su edad, desarrollo psicosocial y posibilidades de reinserción. Ese principio sigue siendo necesario y no es desconocido por esta iniciativa. Sin embargo, la ﬁnalidad de integración social no puede traducirse en mecanismos automáticos o excesivamente amplios de sustitución o remisión de condenas cuando se trata de delitos gravísimos que comprometen la vida, la libertad, la indemnidad sexual, la seguridad pública o la integridad de funcionarios policiales y penitenciarios. • El propio Sistema de Responsabilidad Penal Adolescente reconoce que la sanción debe hacer efectiva la responsabilidad por el hecho cometido. En consecuencia, la reinserción social no puede desvincularse de la gravedad del delito, de la extensión del daño causado, del bien jurídico afectado, del uso de violencia, del empleo de armas, de la existencia de víctimas fatales o gravemente lesionadas, ni de la legítima expectativa de la sociedad de que crímenes de máxima gravedad tengan un cumplimiento efectivo y proporcional. • Actualmente, los artículos 53 y 55 de la Ley N°20.084 permiten, respectivamente, la sustitución de la condena por una sanción menos gravosa y la remisión del saldo de condena, cuando el tribunal estime que ello resulta favorable para la integración social del infractor o que se han cumplido los objetivos perseguidos con la imposición de la sanción. Si bien estas instituciones pueden ser razonables en una parte importante de los casos, resultan insuﬁcientemente restrictivas cuando se trata de delitos de máxima gravedad, como homicidios, robos con homicidio, secuestros, violaciones, incendios graves, delitos graves de la L","{""Familia, infancia y adolescencia"": 14.0, ""Seguridad"": 12.0, ""Constitución y justicia"": 8.5, ""Cultura y comunicaciones"": 1.5, ""Defensa"": 1.5, ""Derechos humanos"": 0.75}"
18562-07,Establece controles obligatorios sobre consumo de drogas y una causal de cesación en el cargo de las autoridades y directivos superiores que indica,parlamentario,"Constitución, Legislación, Justicia y Reglamento","Constitución, Legislación, Justicia y Reglamento",Educación,Constitución y justicia,hibrido_institucional_texto,0.816,1,empate_tematico,"origen=Constitución, Legislación, Justicia y Reglamento || score_1=Educación:12.75 || score_2=Constitución y justicia:10.75",institutional-hybrid-v0.3,"Antecedentes y fundamentos de la iniciativa. 1. Que, el ejercicio de funciones públicas impone a sus titulares un deber reforzado de probidad. Ese deber exige resguardar la independencia de las decisiones, la confianza de la ciudadanía y la preeminencia del interés general en cada actuación. Que, el consumo de sustancias o drogas estupefacientes o sicotrópicas ilegales por parte de quienes ejercen cargos de alta responsabilidad puede afectar su capacidad de decisión, comprometer la seguridad institucional y abrir espacios de vulnerabilidad frente al narcotráfico y al crimen organizado. 2. Que, el ordenamiento jurídico contiene reglas sobre esta materia, pero de manera fragmentaria. La ley N° 18.575, orgánica constitucional de Bases Generales de la Administración del Estado, contempla inhabilidades asociadas a la dependencia de drogas respecto de determinadas autoridades y directivos; la ley N° 18.695 establece una regla semejante para alcaldes y concejales, y el Código Orgánico de Tribunales incorpora esta circunstancia entre las incapacidades para ejercer funciones judiciales. Sin embargo, no existe un estándar general que combine controles periódicos y una consecuencia jurídica común frente al consumo acreditado. 3. Que, no parece razonable exigir este estándar a determinadas autoridades y excluir a otras que ejercen atribuciones igualmente relevantes. Quienes integran los poderes Ejecutivo, Legislativo y Judicial adoptan decisiones que inciden directamente en los derechos de las personas y en el funcionamiento de las instituciones democráticas, por lo que deben quedar sujetos a reglas equivalentes de integridad y control. 4. Que, los integrantes de las Fuerzas Armadas, Carabineros de Chile y la Policía de Investigaciones de Chile cumplen funciones vinculadas con la defensa nacional, el 1 05-08-2026 12:30 orden público, la investigación criminal, el uso legítimo de la fuerza, la custodia de armamento y el manejo de información estratégica o reservada. En estas instituciones, el consumo de drogas ilegales resulta incompatible con la disciplina, la capacidad operativa y la confianza pública que exige el cumplimiento de sus funciones. 5. Que, la educación cumple una función esencial para el desarrollo de las personas y de la sociedad. Los rectores de universidades y los directores de escuelas y liceos encabezan comunidades educativas, administran recursos, representan institucionalmente a sus establecimientos y adoptan decisiones que inciden en la formación, la seguridad y el bienestar de sus estudiantes. 6. Que, el sistema educacional chileno comprende instituciones estatales y privadas reconocidas oficialmente por el Estado. La distinta naturaleza jurídica de la institución o de su sostenedor no altera la responsabilidad asociada a la conducción de una comunidad educativa ni justifica estándares diferentes de idoneidad para quienes ejercen su máxima dirección. 7. Que, la propia Constitución reconoce la especial relevancia de los cargos de rector y director de establecimiento educacional al contemplarlos expresamente entre las funciones sujetas a inhabilidad en su artículo 9°. Por ello, su incorporación a una regla constitucional de integridad no resulta ajena a la estructura vigente de la Carta Fundamental. 8. Que, la pérdida o término de un cargo no puede fundarse en un resultado preliminar ni en un procedimiento carente de garantías. La regulación debe exigir la confirmación técnica del resultado, asegurar la identidad y cadena de cu","{""Educación"": 12.75, ""Constitución y justicia"": 10.75, ""Defensa"": 6.0, ""Seguridad"": 6.0, ""Gobierno interior y descentralización"": 4.5, ""Salud"": 2.25}"
18264-07,"Modifica el artículo 57 de la Constitución Política de la República, para eliminar la facultad de las autoridades locales y regionales de renunciar a sus cargos para ser candidatos a diputados y senadores",parlamentario,"Constitución, Legislación, Justicia y Reglamento","Constitución, Legislación, Justicia y Reglamento",Constitución y justicia,,hibrido_institucional_texto,0.817,1,solo_comision_transversal,"origen=Constitución, Legislación, Justicia y Reglamento || score_1=Constitución y justicia:9.00 || score_2=Gobierno interior y descentralización:3.75",institutional-hybrid-v0.3,"Antecedentes La actual legislación chilena est ablece un trat o desigual entre las autoridades locales y regionales frente a los legisladores respecto a la posibilidad de que postulen a otros cargos de elección p opular. Mientras el artículo 60 de la Constitución Política establec e causales específicas y restrictivas para el ce se de funciones de diputados y senadores, permitiéndoles renunciar únicamente cuando les afecte una enfermedad grave que les impida desempeñarlos, las autoridades locales y regionales gozan de una inflexibilidad injustificada para renunciar a sus cargos. El artículo 57 de la Constitución , que establece las inhabilidades para ejercer el cargo de diputado y senador, señala que no podrán serlo ciertas autoridades como los ministros de Estado, los gobernadores regionales, los alcaldes, los consejeros regionales y los concejales, entre otros. Sin embargo, en su inciso final establece que estas in habilidades serán aplicables a quienes hubier en tenido los cargos mencionados dentro del a ño inmediatamente anterior a la e lección, lo que abre la posibilidad de que puedan renunciar a su cargo para luego presentarse a ella. Esta flexibilidad que permite que las autoridades locales y regionales renuncien a su cargo no solo contraviene el principio de la responsabilidad 12-05-2026 12:34 en el ejercicio de cargos públicos, sino que también genera evidente preocupación sobre la continuidad de la gestión pública. Así, la normativa actual permite que las autoridades electas no cumplan con el mandato completo otorgado por la ciudadanía, pues los votantes eligen a sus represen tantes para un periodo determinado, confiando en que se cumplirá con las funciones por el tiempo estipulado. Por su parte, la Constitución Política también establece la incompatibilidad entre diversos cargos de elección popular, reconociendo la importancia de la dedicación exclusiva a las funciones para las cuales una persona ha sido electa. Con ello, la po sibilidad de renunciar para postular a otro cargo debilita este principio de deidcación y compromiso. Esta práctica anticipada resulta partic ularmente grave en el caso de los alcaldes y gobernadores, cuya renuncia puede paralizar proyectos importantes para la ciudadanía y generar vacíos de liderazgo en momentos críticos. El compromiso que todas las autoridades electas deben tener con el mandato de la ciudadanía debe ser el mismo independiente del nivel territorial en que ejerzan sus funciones. Así, la posibilidad de renunciar anticipadamente para postular a otro cargo constituye una vulneración al principio de responsabilidad política frente a sus electores. De esta manera, eliminar esta posibilidad fomenta una mayor responsabilidad y com promiso de las autoridades en el cargo para el cual fueron electas, obligándolas a compl etar su mandato antes de aspirar a otros. II. Idea matriz 12-05-2026 12:34 El presente proyecto de reforma constitucional tiene como objetivo eliminar la actual posibilidad que tienen autoridades locales y regionales de renunciar antes del término de su periodo para presentarse a un nuevo cargo de elección popular. En virtud de lo expuesto precedentemente, las y los diputados firmantes ponen a disposición el siguiente Proyecto de Reforma Constitucional Artículo único.- Reemplácese el inciso final del artículo 57 de la Constitución Política de la República por el siguiente: “Las inhabilidades establecidas en este artículo serán aplicables a quienes hubieren tenido las calidades o ","{""Constitución y justicia"": 9.0, ""Gobierno interior y descentralización"": 3.75, ""Cultura y comunicaciones"": 0.75, ""Salud"": 0.75, ""Agricultura y mundo rural"": 0.0, ""Agua y recursos hídricos"": 0.0}"
18432-07,"Modifica el Código Penal para delimitar la aplicación del tipo penal de apremios ilegítimos u otros tratos crueles, inhumanos o degradantes, a conductas cometidas por empleados públicos respecto de personas bajo su custodia",parlamentario,"Constitución, Legislación, Justicia y Reglamento","Constitución, Legislación, Justicia y Reglamento",Constitución y justicia,,hibrido_institucional_texto,0.817,1,solo_comision_transversal,"origen=Constitución, Legislación, Justicia y Reglamento || score_1=Constitución y justicia:8.25 || score_2=Derechos humanos:2.25",institutional-hybrid-v0.3,"Fundamentos: • Uno de los principales problemas interpretativos que ha generado la aplicación del artículo 150 D del Código Penal dice relación con la amplitud de su redacción y, especialmente, con la ausencia de una exigencia expresa de que la víctima se encuentre privada de libertad, bajo custodia o sometida al control efectivo del funcionario público imputado. En la práctica judicial, esta amplitud ha permitido que el delito de apremios ilegítimos sea invocado en contextos muy diversos, incluyendo procedimientos policiales dinámicos y actuaciones de control del orden público, aun cuando la víctima no se encontraba bajo custodia efectiva del funcionario. Ello ha abierto un debate relevante en relación a como parece inconveniente sostener una tesis extensiva del tipo penal y confundirlo con figuras como las lesiones, u otros ilícitos vinculados al uso ilegítimo de la fuerza. 25-06-2026 16:45 Página 2 de 4 • Desde esta perspectiva, la presente moción se inclina por la tesis restrictiva, máxime cuando hablamos de conductas que socialmente se consideran de extrema gravedad . Esta posisión no implica impunidad, sino la persecución por tipos diversos. Se busca en concreto reservar la figura de apremios ilegítimos para aquellos supuestos en que el abuso estatal se produce respecto de una persona especialmente sometida al poder, control o custodia de la autoridad. • Concretamente, el artículo 150 D del Código Penal sanciona al empleado público que, abusando de su cargo o de sus funciones, aplicare, ordenare o consintiere en que se apliquen apremios ilegítimos u otros tratos crueles, inhumanos o degradantes que no alcancen a constituir tortura. Se trata de una figura penal relevante para la protección de la dignidad humana, la integridad física y psíquica de las personas, y el correcto ejercicio de la función pública. • Sin embargo, la experiencia demuestra la necesidad de precisar de mejor manera los elementos que configuran esta conducta, de modo que la persecución penal en base a estos tipos de extrema gravedad se dirija efectivamente contra actuaciones que impongan dicha necesidad. En ese sentido, la presente iniciativa busca reforzar el principio de tipicidad, delimitando con mayor claridad cuándo una actuación de un empleado público puede ser considerada apremio ilegítimo u otro trato cruel, inhumano o degradante. Para ello se exige que la víctima se encuentren bajo custodia. • La propuesta si bien busca realizar cambios en el núcleo típico, mantiene las reglas vigentes de protección reforzada para las personas menores de edad o en situación de vulnerabilidad por discapacidad, enfermedad o vejez, plasmadas en el aumento de la pena en un grado 25-06-2026 16:45 Página 3 de 4 cuando la conducta recaiga sobre ellas. Se conserva un estándar agravado de tutela respecto de quienes se encuentran en una posición de especial indefensión. Igualmente, la iniciativa conserva la regla que excluye de esta figura las molestias o penalidades que sean consecuencia únicamente de sanciones legales, inherentes o incidentales a ellas, o derivadas de un acto legítimo de autoridad. Del mismo modo, se mantiene la cláusula conforme a la cual, si los hechos constituyen un delito de mayor gravedad, deberá aplicarse la pena correspondiente a ese delito. • En síntesis, la moción que por este acto ingresamos a trámite tiene por objeto precisar el tipo penal de apremios ilegítimos u otros tratos crueles, inhumanos o degradantes cometido por empleados públicos, delimita","{""Constitución y justicia"": 8.25, ""Derechos humanos"": 2.25, ""Seguridad"": 2.25, ""Desarrollo social"": 0.75, ""Gobierno interior y descentralización"": 0.75, ""Personas mayores y discapacidad"": 0.75}"
18604-07,Modifica el Código Penal para agravar la pena por la receptación de vehículos en supuestos que indica,parlamentario,"Constitución, Legislación, Justicia y Reglamento","Constitución, Legislación, Justicia y Reglamento",Transportes y telecomunicaciones,Constitución y justicia,hibrido_institucional_texto,0.821,1,empate_tematico,"origen=Constitución, Legislación, Justicia y Reglamento || score_1=Transportes y telecomunicaciones:11.75 || score_2=Constitución y justicia:9.00",institutional-hybrid-v0.3,"Antecedentes Durante los últimos años, el robo de vehículos motorizados ha dejado de ser comprendido únicamente como un delito contra la propiedad, para transformarse en una manifestación compleja vinculada a redes de receptación, reducción, adulteración, traslado y comercialización ilícita de vehículos. La sustracción de automóviles, camionetas, motocicletas y otros vehículos no agota su gravedad en la pérdida patrimonial que afecta directamente a la víctima, sino que abre paso a una cadena posterior de delitos destinados a ocultar, reducir, adulterar, desarmar, trasladar o comercializar dichas especies. En efecto, el vehículo robado puede convertirse en objeto de receptación, en medio de transporte para la comisión d e nuevos ilícitos, en herramienta logística para bandas criminales o en mercancía destinada a mercados ilícitos nacionales e internacionales. Esta realidad demuestra que el robo y posterior receptación de vehículos no constituye un fenómeno aislado, sino una pieza funcional dentro de circuitos delictivos más amplios. La experiencia investigativa reciente ha evidenciado que los vehículos sustraídos en distintas ciudades del país pueden ser trasladados hacia zonas fronterizas, comunas fronterizas, rutas de a cceso internacional, pasos habilitados o no habilitados, o sectores próximos a la frontera, con la finalidad de preparar, facilitar o intentar su salida del territorio nacional. En muchos casos, el delito no alcanza a perfeccionarse como contrabando, pues el vehículo es detectado antes de cruzar efectivamente la frontera; sin embargo, su presencia, ocultamiento, traslado o mantención en sectores fronterizos revela un mayor injusto penal que debe ser especialmente considerado por el ordenamiento jurídico. Así, por ejemplo, cuando un vehículo sustraído en una ciudad del centro del país aparece posteriormente oculto, trasladado o mantenido en sectores fronterizos del norte de Chile, con placas adulteradas, documentación irregular, alteración de elementos identificatorios o sin una justificación lícita de tenencia, resulta necesario que la legislación penal cuente con una herramienta específica que permita sancionar con mayor severidad dicha conducta. 11-08-2026 21:14 Este fenómeno resulta especialmente sensible para las regiones fronterizas del país, particularmente en la macrozona norte, donde la receptación de vehículos motorizados robados puede constituir una fase previa o preparatoria de su traslado internacional. La finalidad transfronteriza no debe entenderse únicam ente cuando el vehículo ya ha salido del territorio nacional, sino también cuando existen antecedentes objetivos que permiten inferir que su receptación se orienta a preparar, facilitar o intentar su salida hacia otro país. Asimismo, este fenómeno puede v incularse con delitos de mayor complejidad, tales como el tráfico ilícito de drogas, el tráfico de armas, el contrabando, el lavado de activos, el tráfico ilícito de migrantes, la trata de personas u otras actividades propias de mercados ilícitos. En tales casos, el vehículo robado no solo representa el resultado de un delito anterior, sino que se transforma en un activo criminal, en un medio de financiamiento, en un objeto de intercambio o en una herramienta para facilitar nuevas actividades ilícitas. II. Fundamentos de la iniciativa El artículo 456 bis A del Código Penal sanciona actualmente el delito de receptación, contemplando reglas especiales cuando el objeto de la receptación son vehículos motori","{""Transportes y telecomunicaciones"": 11.75, ""Constitución y justicia"": 9.0, ""Seguridad"": 8.25, ""Relaciones exteriores"": 5.25, ""Cultura y comunicaciones"": 4.5, ""Economía, comercio y consumidores"": 3.0}"
18140-07,Modifica la Carta Fundamental para garantizar la autonomía estratégica en inversiones relevantes,parlamentario,"Constitución, Legislación, Justicia y Reglamento","Constitución, Legislación, Justicia y Reglamento",Constitución y justicia,,hibrido_institucional_texto,0.83,1,solo_comision_transversal,"origen=Constitución, Legislación, Justicia y Reglamento || score_1=Constitución y justicia:9.00 || score_2=Economía, comercio y consumidores:3.00",institutional-hybrid-v0.3,"REFORMA CONSTITUCIONAL DEL H.D. CRISTIAN CONTRERAS QUE MODIFICA EL ARTÍCULO 8° DE LA CONSTICUCIÓN POLÍTICA DE LA REPÚBLICA PARA GARANTIZAR LA AUTONOMÍA ESTRATÉGICA EN INVERSIONES DE RELEVANCIA Antecedentes En el escenario geopolítico contemporáneo, la soberanía de una nación ya no se define únicamente por el control de sus fronteras físicas, sino por la integridad y autonomía de sus redes de información y suministro energético. Chile, en su calidad de economía abierta y plataforma de servicios para la región, se encuentra hoy en el centro de una disputa de poder tecnológico entre las principales potencias mundiales, particularmente Estados Unidos y la República Popular China. El control de los datos se ha convertido en el nuevo paradigma del poder global. La infraestructura digital, compuesta por cables submarinos de fibra óptica, centros de datos y redes 5G, constituye la columna vertebral del Estado moderno. En este contexto, el proyecto ""Chile China Express"" (CCE), impulsado por China Mobile para conectar Valparaíso con Hong Kong, ha levantado serias preocupaciones sobre la seguridad nacional y la soberanía de los datos. A diferencia del cable ""Humboldt"", una colaboración público-privada entre el Estado chileno y Google que conecta Valparaíso con Oceanía y Asia pasando por jurisdicciones aliadas, el proyecto con China plantea un destino final bajo el control directo del gobierno de Beijing. Expertos en seguridad han advertido que el marco legal chino, específicamente su Ley Nacional de Inteligencia de 2017, obliga a todas sus empresas y ciudadanos a colaborar con el aparato de inteligencia estatal, lo que implica un riesgo inherente de interceptación, manipulación o vigilancia del tráfico de datos regional. Esta situación ha trascendido lo técnico para convertirse en una crisis diplomática. Estados Unidos ha manifestado su preocupación de manera contundente, llegando 17-03-2026 09:19 incluso a la revocación de visas de altos funcionarios chilenos vinculados a la promoción de este tipo de infraestructura controlada por potencias rivales.3 El mensaje enviado por Washington es claro: ""el dinero chino barato cuesta soberanía"".8 Chile, por tanto, se enfrenta al dilema de navegar entre su principal socio comercial y su principal aliado estratégico en seguridad, sin contar con un marco legal interno que le permita evaluar de manera autónoma y técnica los riesgos de seguridad nacional que estas inversiones conllevan. La Constitución Política de la República, en su artículo 5°, establece que la soberanía reside esencialmente en la Nación y que su ejercicio reconoce como limitación el respeto a los derechos esenciales que emanan de la naturaleza humana. No obstante, el ejercicio de las funciones públicas obliga a sus titulares a dar estricto cumplimiento al principio de probidad y transparencia (Artículo 8°), permitiendo que la ley establezca la reserva o secreto solo por causas calificadas de seguridad de la Nación o interés nacional. El problema jurídico fundamental en Chile es la ausencia de un mecanismo de ""escrutinio de inversión extranjera"" (Foreign Investment Screening). A diferencia de países de la OCDE que cuentan con organismos como el CFIUS en Estados Unidos o el FIRB en Australia, Chile carece de herramientas legales para denegar o condicionar inversiones basándose en criterios de seguridad nacional o dependencia estratégica. Actualmente, la Ley N° 20.848 sobre inversión extranjera directa se basa en la no discriminación arbitraria","{""Constitución y justicia"": 9.0, ""Economía, comercio y consumidores"": 3.0, ""Infraestructura y obras públicas"": 3.0, ""Cultura y comunicaciones"": 2.25, ""Ciencia y tecnología"": 1.5, ""Relaciones exteriores"": 1.5}"
18244-07,Modifica el Código Penal para agravar las sanciones en materia de secuestro,parlamentario,"Constitución, Legislación, Justicia y Reglamento","Constitución, Legislación, Justicia y Reglamento",Seguridad,Constitución y justicia,hibrido_institucional_texto,0.83,1,empate_tematico,"origen=Constitución, Legislación, Justicia y Reglamento || score_1=Seguridad:17.75 || score_2=Constitución y justicia:15.00",institutional-hybrid-v0.3,"Fundamentos: ● El secuestro constituye una de las formas más graves de afectación de la libertad individual, pues importa la privación ilegítima de una persona de su capacidad de autodeterminación, desplazamiento y contacto con su entorno familiar, social y laboral. No s e trata únicamente de un delito contra la libertad ambulatoria, sino de una conducta que, por su naturaleza, expone a la víctima a un estado de sometimiento y vulnerabilidad extrema, con consecuencias que pueden extenderse mucho más allá del período material de cautiverio. ● En los últimos años, este delito ha adquirido en Chile una gravedad renovada. Lo que antes aparecía como una figura excepcional o asociada principalmente a conflictos particulares, hoy se vincula crecientemente con dinámicas propias del crimen organizado, la extorsión, el cobro de deudas ilícitas, el control territorial, la trata de personas, el tráfico de drogas, entre otras fórmulas criminales de extrema gravedad. ● La evidencia reciente confirma esta preocupación. De acuerdo con información de la Fiscalía Nacional, durante el año 2024 se registraron 868 delitos de secuestro, la cifra más alta desde 2014, con un aumento de 2,1% respecto de 2023, año en que se registra ron 850 casos. 05-05-2026 12:29 Además, el Ministerio Público ha advertido que el fenómeno presenta una mayor vinculación con estructuras de criminalidad organizada. ● Asimismo, el Informe de Crimen Organizado de la Fiscalía Nacional ha identificado un incremento sostenido secuestros y extorsiones, junto con una mayor sofisticación tecnológica de las organizaciones criminales y una creciente infiltración en economías locales y mercados ilícitos. Este diagnóstico permite advertir que el secuestro se ha convertido en una manifestación especialmente peligrosa del nuevo escenario criminal que enfrenta el país. ● El ordenamiento jurídico chileno ya sanciona el secuestro en el artículo 141 del Código Penal, castigando a quien, sin derecho, encierre o detenga a otro privándolo de su libertad. La norma contempla además hipótesis agravadas cuando el delito se ejecuta p ara obtener rescate, imponer exigencias, arrancar decisiones, causar daño grave o cuando se prolonga por más de cierto tiempo. Sin embargo, la evolución del fenómeno exige actualizar la respuesta penal, reforzando la prevención, anticipando la punibilidad y reconociendo expresamente ciertos supuestos de especial gravedad institucional. ● La presente iniciativa se inserta precisamente en esa necesidad. Su objetivo es fortalecer la persecución penal del secuestro, adaptando la legislación chilena a una realidad criminal más compleja, violenta y organizada. Para ello, el proyecto incorpora tr es modificaciones principales: reduce el plazo que configura una hipótesis agravada de privación de libertad prolongada; sanciona como consumadas las conductas de secuestro desde que se encuentren en grado de tentativa; crea una agravante especial cuando l a víctima sea una alta autoridad del Estado en razón de su cargo; y sanciona la conspiración para cometer este delito. 05-05-2026 12:29 ● En primer lugar, el proyecto modifica el inciso cuarto del artículo 141 del Código Penal, sustituyendo la expresión “quince” por “cinco”. Con ello, se reduce el plazo actualmente exigido para la configuración de una hipótesis de mayor gravedad. Esta modifi cación responde a una constatación elemental: en materia de secuestro, el transcurso del tiempo multiplica exponencialmente el riesgo para la vida, int","{""Seguridad"": 17.75, ""Constitución y justicia"": 15.0, ""Economía, comercio y consumidores"": 2.25, ""Desarrollo social"": 0.75, ""Familia, infancia y adolescencia"": 0.75, ""Trabajo y seguridad social"": 0.75}"
18568-07,Modifica el Código Penal para sancionar supuestos de acceso a sustancias o medicamentos abortivos,parlamentario,"Constitución, Legislación, Justicia y Reglamento","Constitución, Legislación, Justicia y Reglamento",Salud,Constitución y justicia,hibrido_institucional_texto,0.83,1,empate_tematico,"origen=Constitución, Legislación, Justicia y Reglamento || score_1=Salud:14.00 || score_2=Constitución y justicia:11.25",institutional-hybrid-v0.3,"FUNDAMENTOS En los últimos años se ha constatado en Chile la proliferación de un mercado clandestino de sustancias y medicamentos con efecto abo rtivo, ofrecidos y comercializados a través de redes sociales, aplicaciones de mensajería e internet, sin ningún control sanitario. Quienes participan de este mercado lucran con la venta de fármacos como el misoprostol 1 y otros de efecto similar, medicamen tos de alto riesgo que requieren evaluación clínica y supervisión profesional para su uso. La automedicación practicada al margen de ese control puede provocar hemorragias severas, infecciones, abortos incompletos y otras complicaciones graves que ponen en peligro la vida y la salud de la mujer , de manera que el fenómeno que este proyecto busca enfrentar no solo facilita la comisión de abortos fuera de los casos permitidos por la ley, sino que expone a las mujeres a riesgos sanitarios considerables que un c anal de distribución clandestino, anónimo y sin supervisión profesional necesariamente agrava. En Chile el aborto constituye un delito, salvo en el supuesto de las tres causales que expresamente contempla la Ley N° 21.030. Sin embargo, la venta ilegal de medicamentos destinados a causar un aborto fuera de esas causales se persigue hoy, en la práctica, únicamente como una infracción a la normativa sanitaria, conforme a los artículos 100 y 174 del Código Sanitario, o como un delito contra la salubridad pública, pese a que su finalidad específica es facilitar la comisión de un aborto fuera de los casos que la ley permite. Existe con ello una desproporción evidente: quien facilita directamente los medios para un aborto determinado, actuando de concierto con quien lo comete , responde como autor con la pena íntegra que corresponde al delito de aborto conforme al artículo 15 N° 3 del Código Penal; en cambio, quien vende el medicamento sabiendo perfectamente el 1 Carrillo Silva, C. (2025, 19 de mayo). PDI detiene en La Serena a hombre por venta ilegal de medicamento usado para provocar abortos. BioBioChile. https://www.biobiochile.cl/noticias/nacional/region-de- coquimbo/2025/05/19/pdi-detiene-en-la-serena-a-hombre-por-venta-ilegal-de-medicamento-usado-para- provocar-abortos.shtml 06-08-2026 15:01 destino que se le dará, pero sin ese concierto previ o con un comprador identificado, como ocurre en la generalidad de las ventas por redes sociales dirigidas a un público indeterminado, arriesga hoy, según el caso, una sanción administrativa por venta irregular de un producto farmacéutico o, cuando la conducta reviste mayor entidad, la pena genérica que el artículo 314 del Código Penal reserva a quien expende sustancias peligrosas para la salud contraviniendo la normativa dictada en razón de su peligrosidad; pero ninguna de esas dos vías considera que la sus tancia estaba destinada específicamente a causar un aborto fuera de los casos permitidos por la ley. El presente proyecto busca cerrar ese vacío de tratamiento específico (que en los hechos deja sin sanción penal una conducta que pone en peligro la vida de l no nacido , y que en la práctica puede llevar a la muerte de la persona que está por nacer), otorgando a esta conducta la equivalencia, en su gravedad, con la que corresponde a quien participa en la comisión de un aborto. Ese vacío no se explica por falta de reproche social hacia la conducta, sino por un problema de tipicidad: para sancionar al vendedor como cómplice del aborto se requiere un concierto previo con el que comete un aborto deter","{""Salud"": 14.0, ""Constitución y justicia"": 11.25, ""Mujeres y género"": 3.75, ""Transportes y telecomunicaciones"": 3.0, ""Cultura y comunicaciones"": 2.25, ""Economía, comercio y consumidores"": 2.25}"
18526-07,"Establece una nueva causal de cesación en el cargo de diputado o senador y de otras autoridades que indica, por detección de consumo de sustancias estupefacientes o psicotrópicas de carácter ilícito, sin justificación médica",parlamentario,"Constitución, Legislación, Justicia y Reglamento","Constitución, Legislación, Justicia y Reglamento",Constitución y justicia,,hibrido_institucional_texto,0.839,1,solo_comision_transversal,"origen=Constitución, Legislación, Justicia y Reglamento || score_1=Constitución y justicia:9.25 || score_2=Seguridad:3.00",institutional-hybrid-v0.3,"Boletín N° 18.526-07 Proyecto de reforma constitucional iniciado en moción del Honorable Senador señor Bianchi, que establece una nueva causal de cesación en el cargo de diputado o senador y de otras autoridades que indica, por detección de consumo de sustancias estupefacientes o psicotrópicas de carácter ilícito, sin justificación médica. FUNDAMENTOS La penetración del crimen organizado y la economía del narcotráfico en la arquitectura del Estado postula un riesgo de colapso institucional sin prece dentes para las democracias contemporáneas. En la dogmática dogmático -constitucional, la probidad administrativa no constituye un mero catálogo de intenciones morales, sino un imperativo ontológico de la función pública, concebido como barrera infranqueable frente a la captación de voluntades por agentes al margen de la ley. La presente iniciativa asume una postura de máxima exigencia constitucional. El consumo de sustancias estupefacientes o psicotrópicas por parte de las máximas autoridades estatales no puede reducirse a un asunto de salud individual ni ponderarse con criterios de meras faltas reglamentarias, sobre todo con casos tan graves como lo ocurrido a nivel de Subsecretarios de Estado. Tal conducta entraña una vulnerabilidad sistémica directísima: genera dependencia, fractura el discernimiento en la adopción de decisiones de Estado y, fundamentalmente, crea vectores de chantaje, coerción e infiltración por parte de redes delictivas transnacionales. Frente a la dispersión normativa actual -fragmentada entre la Ley N° 18.575, el artículo 110 de la Ley N° 21.806, e instructivos reglamentarios u órdenes internas-, el estándar preventivo no solo debe unificarse en la Carta Fundamental, sino que debe dotarse de autoaplicabilidad en sus elementos esenciales. Por tales consideraciones, este proyecto profundiza cuatro ejes rectores: 1. Incorpora expresamente a las más altas autoridades de la República, al Presidente de la República, Ministros del Tribunal Constitucional, Ministros de la Corte Suprema, Fisc al Nacional, Contralor General de la República, Comandantes en Jefe de las Fuerzas Armadas y General Director de Carabineros, erradicando exenciones corporativas o vacíos institucionales. 2. Establece la obligación de someterse a test sorpresa mediante mat rices de acumulación folicular, superando la permeabilidad y acotada ventana de detección del examen de orina. 3. Frente a un resultado positivo ratificado, se desencadena por mandato constitucional una auditoría de levantamiento del secreto bancario e inv estigación de patrimonio respecto de la autoridad afectada y sus allegados directos, descartando vínculos financieros con el crimen organizado. 4. La cesación no opera de forma neutral; comporta la inhabilitación absoluta para ejercer cargos públicos por un período improrrogable de diez años. REFORMA CONSTITUCIONAL Artículo único.- Introdúcense las siguientes modificaciones en la Constitución Política de la República: 1. Agrégase en el artículo 60, los siguientes incisos nuevos, pasando los actuales incisos noveno y décimo a ser once y doce, respectivamente: ""Sin perjuicio de las causales de cesación previstas en los incisos anteriores, cesará en el cargo el diputado o senador a quien se le detecte el consumo de sustancias estupefacientes o psicotrópicas de carácter ilícito, salvo justificación médica extendida en la forma que determine la ley. Para la efectividad de esta disposición, los parlamentarios deberán someterse obligatoriam","{""Constitución y justicia"": 9.25, ""Seguridad"": 3.0, ""Cultura y comunicaciones"": 2.25, ""Defensa"": 1.5, ""Desarrollo social"": 0.75, ""Familia, infancia y adolescencia"": 0.75}"
18150-07,Modifica la Carta Fundamental a efectos de inhabilitar a los secretarios regionales ministeriales para ser candidatos a diputados o senadores,parlamentario,"Constitución, Legislación, Justicia y Reglamento","Constitución, Legislación, Justicia y Reglamento",Constitución y justicia,,hibrido_institucional_texto,0.844,1,solo_comision_transversal,"origen=Constitución, Legislación, Justicia y Reglamento || score_1=Constitución y justicia:9.75 || score_2=Gobierno interior y descentralización:3.75",institutional-hybrid-v0.3,"REFORMA CONSTITUCIONAL QUE INCORPORA , DENTRO DE LAS INHABILIDADES PARA SER CANDIDATOS A DIPUTADO Y SENADOR, EL EJERCER EL CARGO DE SECRETARIO REGIONAL MINISTERIAL. I. Antecedentes La Constitución Política de la República establece en su artículo 57 las inhabilidades para ser candidato a diputado o senador, incorporando ciertas autoridades que no podrán postular a dichos cargos, como los Ministros de Estado, gobernadores regionales, delegados presidenciales regionales, delegados presidenciales provinciales, los alcaldes, consejeros regionales, concejales y subsecretarios. Esto implica que, para que alguna de ellas pueda inscribir su candidatura a diputado, diputada, senador o senadora, debe renunciar a su cargo un año antes de la fecha de la elección. Sin embargo, los Secretarios Regionales Ministeriales no tienen ninguna r estricción respecto a la posibilidad de postular al Congreso Nacional. Por su parte, el artículo 74 de la Ley Orgánica de Municipalidades establece que no podrán ser candidatos a alcalde o concejal quienes detenten cargos del poder ejecutivo, como los Ministros de Estado, los subsecretarios y secretarios regionales ministeria les. Sin embargo, esta inhabilidad no se extiende en su totalidad para las elecciones parlamentarias. En ese sentido, se vuelve necesario establecer en la Constitución Política de la República la inhabilidad para que los secretarios regionales ministeriales postulen a cargos de elección popular del Congreso Nacional si no han dejado su cargo al menos un año antes de dicha elección. 27-03-2026 16:50 Una de las principales razones para que nuestra carta fundamental establezca la inhabilidad de ciertas autoridades para postular a cargos de elección popular se basan en la prevención del uso de recursos públic os y plataformas institucionales con fines electorales personales , evitando circunstancias que permitan algún tipo de conflicto de interés y fortaleciendo el respeto a los principios fundamentales de un Estado de Derecho. Si los seremis permanecen en sus funciones mientras desarrollan una campaña para una candidatura al Congreso, existe un riesgo importante de que se caiga en la utilización de fondos públicos para su financiamiento, y que utilicen su posición, contactos y visibilidad para ventajas indebidas. Por su parte, esta medida también busca evitar posibles conflictos de interés, pues las autoridades podrían tomar decisiones en su cargo motivados por intereses personales o políticos en miras a su candidatura, lo que afectaría gravemente la credibilidad y legitimidad del aparato estatal, especialmente considerando la crisis de representatividad y confianza en las instituciones que se ha desarrollado en la última década. Establecer un plazo de un año garantizaría una separación clara entre la función pública y los deseos políticos personales, reforzando la confianza de la ciudadanía en que sus autoridades actúen con probidad y transparencia, ajenas a motivaciones electorales en el transcurso de sus funciones. Además, esta exigencia se alinea con los estándares internacionales promovidos por organismos internacionales como la OCDE, que recomienda prevenir cualquier uso de la autoridad pública para obtener ventajas electorales. Por ello, incluir expresamente a los secretarios regionales ministeriales como autoridades que deben dejar el cargo un año antes de la elección a la que 27-03-2026 16:50 quieran postular garantiza un trato igualitario y evita situaciones de privilegio injustificado. U","{""Constitución y justicia"": 9.75, ""Gobierno interior y descentralización"": 3.75, ""Cultura y comunicaciones"": 1.5, ""Agricultura y mundo rural"": 0.0, ""Agua y recursos hídricos"": 0.0, ""Ciencia y tecnología"": 0.0}"
18567-07,Modifica la Constitución Política para permitir a las Cámaras del Congreso Nacional solicitar el trámite de urgencia en la discusión de mociones,parlamentario,"Constitución, Legislación, Justicia y Reglamento","Constitución, Legislación, Justicia y Reglamento",Constitución y justicia,,hibrido_institucional_texto,0.862,1,solo_comision_transversal,"origen=Constitución, Legislación, Justicia y Reglamento || score_1=Constitución y justicia:9.00 || score_2=Educación:0.75",institutional-hybrid-v0.3,"Idea Matriz La presente iniciativa tiene por objeto regular un mecanismo para que el Presidente o Presidenta de la Cámara 1 DEVILLAINE GÓMEZ, Franco (2003): “El cesarismo legislativo del Presidente de la República bajo la Constitución de 1980” en Revista de Derecho Público (Universidad de Chile), Vol. 65, p. 87. 2 Es preciso hacer presente que desde la vuelta a la Democracia han sido varias las iniciativas que han pretendido resolver este problema de nuestro sistema político. Con todo, hace más de una década que no se presenta una moción o mensaje que se haga cargo de esto, lo que es indicativo de que se trata de un asunto que merece ser vuelto a poner sobre la palestra. En detalle, ver: Honorable Cámara de Diputadas y Diputados - Chile (última visita 4 de agosto de 2026). 06-08-2026 11:03 de Diputadas y Diputados y el Senado, según corresponda, y previa solicitud parlamentaria, pueda calificar la urgencia en el despacho de una o más mociones, con la finalidad de dotar de mayor eficacia al trabajo legislativo originado en el Congreso Nacional. Vistos y considerando, entonces, lo dispuesto en los artículos 63 y 65 de la Constitución Política de la república, lo previsto en la Ley n° 18.918, Orgánica Constitucional del Congreso nacional, y lo establecido en el Reglamento de la Cámara de diputadas y diputados de Chile, y en mérito de los antecedentes y fundamentos que se han expresado previamente, los h onorables diputados y diputadas que suscriben vienen en someter a la aprobación de esta corporación el siguiente: PROYECTO DE REFORMA CONSTITUCIONAL Artículo único.- Modifíquese el decreto n° 100, de 17 de septiembre de 2005, del Ministerio Secretaría General de la Presidencia, que fija el texto refundido, coordinado y sistematizado de la constitución política de la república de chile, en el siguiente sentido: Agréguese el siguiente artículo 74 bis nuevo, del siguiente tenor: “Artículo 74 bis.- Sin perjuicio de lo señalado en el artículo anterior, a lo menos un quinto de los m iembros de la Cámara de Diputadas y Diputado s o del Senado también podrán presentar en sala un a solicitud al Presidente o Presidenta de la respectiva cámara, para que este haga presente la urgencia en el despacho de un o o más proyectos de ley iniciados en mociones parlamentarias que estuvieran siendo actualmente tramitados , la que deberá ser aproba da por la mayoría de los presentes al inicio de la respectiva sesión en que se dé cuenta. La calificación de la urgencia que se pida deberá identificarse en la misma solicitud y, de aprobarse, los proyectos continuarán su tramitación interna conforme a lo prescrito en la ley orgánica constitucional relativa al Congreso.”. 06-08-2026 11:03 06-08-2026 11:03","{""Constitución y justicia"": 9.0, ""Educación"": 0.75, ""Trabajo y seguridad social"": 0.75, ""Agricultura y mundo rural"": 0.0, ""Agua y recursos hídricos"": 0.0, ""Ciencia y tecnología"": 0.0}"
18195-07,"Modifica la Carta Fundamental, con el objeto de establecer la exigencia para senadores y diputados de someterse a un examen para detectar el consumo de sustancias o drogas estupefacientes o sicotrópicas.",parlamentario,"Constitución, Legislación, Justicia y Reglamento","Constitución, Legislación, Justicia y Reglamento",Constitución y justicia,,hibrido_institucional_texto,0.871,1,solo_comision_transversal,"origen=Constitución, Legislación, Justicia y Reglamento || score_1=Constitución y justicia:9.75 || score_2=Gobierno interior y descentralización:2.25",institutional-hybrid-v0.3,"1 Boletín N° 18.195-07 Proyecto de reforma constitucional, iniciado en Moción de la Honorable Senadora señora Cicardini, que modifica la Carta Fundamental, con el objeto de establecer la exigencia para senadores y diputados de someterse a un examen para detectar el consumo de sustancias o drogas estupefacientes o sicotrópicas ANTECEDENTES En la actualidad las exigencias ciudadanas demandan mayor transparencia y probidad en quienes ejercen cargos de alta responsabilidad pública y, por tanto, cumplir con este tipo de exigencias dicen relación con los estándares mínimos que todas las autoridades debemos cumplir de manera estricta. En efecto la exigencia de someterse a un examen de consumo de sustancias o drogas estupefacientes o sicotrópicas ilegales por parte de las máximas autoridades de nuestro país no es antojadiza, ya que se vincula con una serie de principios fundamentales que deben imperar en la administración pública consagrados constitucional y legalmente e n nuestro ordenamiento jurídico. Pero, además, en el contexto en que nos encontramos donde el narcotráfico y las redes de corrupción vinculadas a ello, han permeado diversas instituciones públicas, nos obligan a adoptar medidas más estrictas, que puedan ga rantizar a la ciudadanía que las autoridades públicas y quienes ejercen cargos de poder en nuestro país no son consumidores de drogas o sustancias ilícitas. En este sentido es la propia Constitución Política de la República que consagra diversos principios que constituyen un imperativo para todos los funcionarios públicos, donde resalta fundamentalmente el artículo 8 inciso 1 disponiendo ""que el ejercicio de las funciones públicas obliga a sus titulares a dar estricto cumplimiento al principio de probidad en todas sus actuaciones”1, donde justamente la realización de este tipo de exámenes se orienta a evitar que personas vinculadas al consumo de sustancias ilícitas puedan desempeñarse en cargos de alta responsabilidad pública siendo, por tanto, incompatible con una conducta funcionaria intachable. Vinculado a lo anterior es importante destacar lo establecido en la Ley N° 18.575 Orgánica Constitucional de Bases Generales de la Administración del Estado, materializa estas 1 https://www.bcn.cl/leychile/navegar?idNorma=242302 2 exigencias constitucionales en sus artículos 52 y siguientes, def iniendo el principio de probidad exigido a todos los funcionarios públicos como la observancia de “una conducta funcionaria intachable y un desempeño honesto y leal de la función o cargo, con preeminencia del interés general sobre el particular. Su ino bservancia acarreará las responsabilidades y sanciones que determinen la Constitución, las leyes y el párrafo 4o de este Título, en su caso.”2 Queda en evidencia que el consumo de drogas pone en riesgo la integridad y los valores de la institucionalidad, por ello, desde hace algunos además se comenzó a exigir en el artículo 55 bis el cual establece que “No podrá desempeñar las Junciones de Subsecretario, Jefe superior de servicio ni directivo superior de un órgano u organismo de la Administración del Estado, hasta el grado de Jefe de división o su equivalente, el que tuviere dependencia de sustancias o drogas estupefacientes o sicotrópicas ilegales, a menos que Justifique su consumo por un tratamiento médico. Para asumir alguno de esos cargos, el in teresado deberá prestar una declaración Jurada que acredite que no se encuentra afecto a esta causal de inhabilidad.” A ello se suma el reglamento","{""Constitución y justicia"": 9.75, ""Gobierno interior y descentralización"": 2.25, ""Seguridad"": 2.25, ""Trabajo y seguridad social"": 2.25, ""Economía, comercio y consumidores"": 1.5, ""Cultura y comunicaciones"": 0.75}"
18536-07,Modifica el Código Penal para tipificar el delito de ofensa racial y agravar su pena en las circunstancias que indica,parlamentario,"Constitución, Legislación, Justicia y Reglamento","Constitución, Legislación, Justicia y Reglamento",Constitución y justicia,,hibrido_institucional_texto,0.871,1,solo_comision_transversal,"origen=Constitución, Legislación, Justicia y Reglamento || score_1=Constitución y justicia:9.75 || score_2=Cultura y comunicaciones:2.25",institutional-hybrid-v0.3,"Antecedentes El 28 de julio de 2026, a través de distintos medios se informó la denuncia de Ana Carolina Cruz, ciudadana brasileña residente en Chile desde hace ocho años, agredida verbalmente por un instructor de esquí en el centro invernal Valle Nevado. En el registr o audiovisual que circuló en redes sociales y que recogió la prensa nacional se escucha al trabajador dirigirse a ella con la expresión «qué te pasa, macaco», voz de inequívoco contenido racial. La empresa lo suspendió de manera inmediata e indefinida, abr ió una investigación interna y ofreció disculpas públicas a la afectada. La reacción del centro de esquí fue diligente. Precisamente por eso el episodio resulta ilustrativo: el reproche llegó por vía contractual y reputacional, no por vía legal. Si la empresa hubiera guardado silencio, la afectada habría quedado sin herramienta jurídica proporcional a la ofensa recibida. Y el asunto dista de ser marginal: al 31 de diciembre de 2023, el Instituto Nacional de Estadísticas y el Servicio Nacional de Migraciones estimaron en 1.918.583 las personas extranjeras residentes habituales en Chile, casi el diez por ciento de la población, con un aumento de 82.446 en un solo año. A ello se suman los turistas que cada temporada llegan a los centros invernales de la zona central, actividad de la que dependen ingresos relevantes para las comunas cordilleranas y por la que Chile compite con Argentina y con el propio Brasil. El ordenamiento contempla, en apariencia, dos respuestas, y ninguna alcanza. La Ley N° 20.609, publicada en el Diario Oficial de 24 de julio de 2012, conocida también como “Ley Zamudio”, creó una acción judicial contra la discriminación arbitraria e incluyó la raza, la etnia y la nacionalidad entre las categorías protegidas; pero es una acción de naturaleza civil, se tramita ante el juez de letras y termina, en el mejor de los casos, en una multa a 31-07-2026 12:18 beneficio fiscal, sin reproche penal para quien profirió la ofensa. El artículo 17 de esa misma ley incorporó el numeral 21 al artículo 12 del Código Penal, que agrava la responsabilidad de quien comete un delito motivado por «la nación, raza, etnia o grup o social» a que pertenezca la víctima; pero se trata de una agravante, y como tal necesita un delito base al cual adherirse. Si la agresión se agota en el insulto, no hay nada que agravar. Queda el párrafo de injurias. El artículo 416 define la injuria como «toda expresión proferida o acción ejecutada en deshonra, descrédito o menosprecio de otra persona», fórmula genérica que ignora el móvil racial, y arrastra un obstáculo que aquí resulta decisivo: conforme al artículo 53 del Código Procesal Penal, la injuria es delito de acción penal privada, de modo que la víctima debe sostener por sí misma la querella, con abogado y sin intervención del Ministerio Público. Para una turista extranjera de paso por el país, o para un trabajador migrante sin recursos, esa exigencia equivale en los hechos a la impunidad. Ese es el vacío que este proyecto viene a corregir. 2.- Idea Matriz “El proyecto busca incorporar al Código Penal un párrafo nuevo con el delito de ofensa racial, que sanciona la expresión o acción dirigida a una persona determinada en razón de su raza, color, etnia, nacionalidad o procedencia nacional, y agrava la pena cuando el hecho se comete en la prestación de un servicio remunerado al público o en recintos abiertos al público.” 3.- PROYECTO DE LEY Artículo único. - Agrégase, en el Título VIII del Li","{""Constitución y justicia"": 9.75, ""Cultura y comunicaciones"": 2.25, ""Economía y hacienda"": 2.25, ""Gobierno interior y descentralización"": 2.25, ""Economía, comercio y consumidores"": 1.5, ""Relaciones exteriores"": 1.5}"
