"spec_id","diputado_id","diputado_nombre","binary_votes_selected","included_by_minvotes","dimension_1_raw","se_1d","gmp","correctly_classified","dimension_1_aligned"
"raw_lop025","803","René Alinco Bustos",220,TRUE,0.239919424057007,0,0.586324989795685,0.813636363636364,0.239919424057007
"raw_lop025","815","Sergio Bobadilla Muñoz",267,TRUE,-0.866172969341278,0,0.936942994594574,0.98501872659176,-0.866172969341278
"raw_lop025","843","René Manuel García García",227,TRUE,-0.818010449409485,0,0.910121738910675,0.969162995594714,-0.818010449409485
"raw_lop025","872","Jaime Mulet Martínez",248,TRUE,0.21259069442749,0,0.627420485019684,0.798387096774194,0.21259069442749
"raw_lop025","915","Germán Verdugo Soto",257,TRUE,-0.887493073940277,0,0.913946211338043,0.972762645914397,-0.887493073940277
"raw_lop025","986","Marcela Hernando Pérez",212,TRUE,0.337180376052856,0,0.814886748790741,0.929245283018868,0.337180376052856
"raw_lop025","1009","Jorge Alessandri Vergara",251,TRUE,-0.879655182361603,0,0.959765613079071,0.99203187250996,-0.879655182361603
"raw_lop025","1012","Boris Barrera Moreno",267,TRUE,0.991220951080322,0,0.953802704811096,0.99250936329588,0.991220951080322
"raw_lop025","1013","Alejandro Bernales Maldonado",242,TRUE,0.264273375272751,0,0.736209094524384,0.871900826446281,0.264273375272751
"raw_lop025","1015","Jorge Brito Hasbún",237,TRUE,0.763551115989685,0,0.929900109767914,0.974683544303797,0.763551115989685
"raw_lop025","1017","Álvaro Carter Fernández",255,TRUE,-0.981062054634094,0,0.974351644515991,0.996078431372549,-0.981062054634094
"raw_lop025","1021","Andrés Celis Montt",241,TRUE,-0.763008773326874,0,0.886072874069214,0.941908713692946,-0.763008773326874
"raw_lop025","1025","Catalina Del Real Mihovilovic",227,TRUE,-0.979113221168518,0,0.971892595291138,0.995594713656388,-0.979113221168518
"raw_lop025","1028","Eduardo Durán Salinas",255,TRUE,-0.729755461215973,0,0.939746141433716,0.984313725490196,-0.729755461215973
"raw_lop025","1038","Marcos Ilabaca Cerda",227,TRUE,0.576128423213959,0,0.881873607635498,0.960352422907489,0.576128423213959
"raw_lop025","1039","Pamela Jiles Moreno",257,TRUE,0.170654118061066,0,0.676354348659515,0.828793774319066,0.170654118061066
"raw_lop025","1044","Raúl Leiva Carvajal",231,TRUE,0.518639802932739,0,0.913749933242798,0.974025974025974,0.518639802932739
"raw_lop025","1054","Francesca Muñoz González",254,TRUE,-0.728870451450348,0,0.933310329914093,0.976377952755906,-0.728870451450348
"raw_lop025","1056","Emilia Nuyado Ancapichun",269,TRUE,0.654856085777283,0,0.91583389043808,0.955390334572491,0.654856085777283
"raw_lop025","1059","Ximena Ossandón Irarrázabal",253,TRUE,-0.772552251815796,0,0.86609423160553,0.940711462450593,-0.772552251815796
"raw_lop025","1060","Luis Pardo Sáinz",261,TRUE,-0.763075113296509,0,0.940488636493683,0.977011494252874,-0.763075113296509
"raw_lop025","1061","Andrea Parra Sauterel",252,TRUE,0.397401720285416,0,0.857955694198608,0.956349206349206,0.397401720285416
"raw_lop025","1062","Joanna Pérez Olea",223,TRUE,-0.697044610977173,0,0.900244534015656,0.977578475336323,-0.697044610977173
"raw_lop025","1065","Guillermo Ramírez Diez",249,TRUE,-0.866795241832733,0,0.972123205661774,0.991967871485944,-0.866795241832733
"raw_lop025","1073","Juan Santana Castillo",250,TRUE,0.762329995632172,0,0.946866393089294,0.992,0.762329995632172
"raw_lop025","1074","Marisela Santibáñez Novoa",238,TRUE,0.81469863653183,0,0.924321174621582,0.978991596638655,0.81469863653183
"raw_lop025","1075","Diego Schalper Sepúlveda",248,TRUE,-0.809191346168518,0,0.932710289955139,0.963709677419355,-0.809191346168518
"raw_lop025","1077","Raúl Soto Mardones",237,TRUE,0.402703404426575,0,0.868855953216553,0.949367088607595,0.402703404426575
"raw_lop025","1082","Cristóbal Urruticoechea Ríos",239,TRUE,-0.999343276023865,0,0.92620050907135,0.9581589958159,-0.999343276023865
"raw_lop025","1086","Gonzalo Winter Etcheberry",228,TRUE,0.725313663482666,0,0.899527251720428,0.973684210526316,0.725313663482666
"raw_lop025","1087","Gael Yeomans Araya",253,TRUE,0.738458812236786,0,0.936672389507294,0.988142292490119,0.738458812236786
"raw_lop025","1099","Jaime Araya Guerrero",230,TRUE,0.434719085693359,0,0.894850313663483,0.969565217391304,0.434719085693359
"raw_lop025","1100","Cristián Araya Lerdo de Tejada",268,TRUE,-0.992467880249023,0,0.973602414131165,0.996268656716418,-0.992467880249023
"raw_lop025","1102","Roberto Arroyo Muñoz",222,TRUE,-0.687252938747406,0,0.881453037261963,0.959459459459459,-0.687252938747406
"raw_lop025","1104","Chiara Barchiesi Chávez",259,TRUE,-0.98593544960022,0,0.97813493013382,1,-0.98593544960022
"raw_lop025","1105","Héctor Barría Angulo",247,TRUE,0.27749314904213,0,0.732949018478394,0.846153846153846,0.27749314904213
"raw_lop025","1107","María Francisca Bello Campos",0,FALSE,NA,NA,NA,NA,NA
"raw_lop025","1108","Juan Carlos Beltrán Silva",251,TRUE,-0.75402969121933,0,0.902767598628998,0.964143426294821,-0.75402969121933
"raw_lop025","1110","Carlos Bianchi Chelech",251,TRUE,0.335209548473358,0,0.800037801265717,0.912350597609562,0.335209548473358
"raw_lop025","1114","Félix Bugueño Sotelo",244,TRUE,0.675113379955292,0,0.931128621101379,0.971311475409836,0.675113379955292
"raw_lop025","1116","Felipe Camaño Cárdenas",255,TRUE,0.213547468185425,0,0.708780765533447,0.83921568627451,0.213547468185425
"raw_lop025","1117","Nathalie Castillo Rojas",231,TRUE,0.920069932937622,0,0.940924823284149,0.987012987012987,0.920069932937622
"raw_lop025","1119","Sara Concha Smith",262,TRUE,-0.725470304489136,0,0.936406314373016,0.980916030534351,-0.725470304489136
"raw_lop025","1122","Luis Alberto Cuello Peña y Lillo",263,TRUE,0.980134606361389,0,0.953595221042633,0.992395437262357,0.980134606361389
"raw_lop025","1127","Lorena Fries Monleón",254,TRUE,0.757234036922455,0,0.952354192733765,0.988188976377953,0.757234036922455
"raw_lop025","1128","Ana María Gazmuri Vieira",234,TRUE,0.902786135673523,0,0.928852677345276,0.987179487179487,0.902786135673523
"raw_lop025","1131","Mauro González Villarroel",244,TRUE,-0.743403375148773,0,0.928651809692383,0.979508196721312,-0.743403375148773
"raw_lop025","1132","Jorge Guzmán Zepeda",260,TRUE,-0.730028450489044,0,0.878434062004089,0.961538461538462,-0.730028450489044
"raw_lop025","1133","Juan Irarrázaval Rossel",267,TRUE,-0.988123595714569,0,0.974040329456329,0.99625468164794,-0.988123595714569
"raw_lop025","1140","Daniel Lilayu Vivanco",264,TRUE,-0.903686285018921,0,0.954689145088196,0.973484848484849,-0.903686285018921
"raw_lop025","1141","Luis Malla Valenzuela",241,TRUE,0.344787180423737,0,0.803492069244385,0.921161825726141,0.344787180423737
"raw_lop025","1142","Daniel Manouchehri Lobos",233,TRUE,0.561064958572388,0,0.938055396080017,0.991416309012876,0.561064958572388
"raw_lop025","1143","Cristóbal Martínez Ramírez",267,TRUE,-0.809836089611053,0,0.92384535074234,0.9812734082397,-0.809836089611053
"raw_lop025","1146","José Carlos Meza Pereira",249,TRUE,-0.969318866729736,0,0.935429513454437,0.991967871485944,-0.969318866729736
"raw_lop025","1148","Javiera Morales Alvarado",87,TRUE,0.639329791069031,0,0.959490478038788,0.977011494252874,0.639329791069031
"raw_lop025","1150","Benjamín Moreno Bascur",271,TRUE,-0.993116140365601,0,0.973723888397217,0.996309963099631,-0.993116140365601
"raw_lop025","1152","Gloria Naveillan Arriagada",244,TRUE,-0.85929924249649,0,0.902709722518921,0.954918032786885,-0.85929924249649
"raw_lop025","1153","Coca Ericka Ñanco Vásquez",163,TRUE,0.751131236553192,0,0.942497074604034,0.98159509202454,0.751131236553192
"raw_lop025","1157","Marlene Pérez Cartes",218,TRUE,-0.766335129737854,0,0.931510269641876,0.977064220183486,-0.766335129737854
"raw_lop025","1159","Lorena Pizarro Sierra",257,TRUE,0.917440712451935,0,0.931816041469574,0.988326848249027,0.917440712451935
"raw_lop025","1165","Agustín Romero Leiva",270,TRUE,-0.993044495582581,0,0.973627924919128,0.996296296296296,-0.993044495582581
"raw_lop025","1166","Natalia Romero Talguia",265,TRUE,-0.616479396820068,0,0.793460726737976,0.909433962264151,-0.616479396820068
"raw_lop025","1170","Luis Sánchez Ossa",259,TRUE,-0.986490070819855,0,0.973982572555542,0.996138996138996,-0.986490070819855
"raw_lop025","1171","Emilia Schneider Videla",267,TRUE,0.764781355857849,0,0.949515998363495,0.98876404494382,0.764781355857849
"raw_lop025","1172","Stephan Schubert Rubio",224,TRUE,-0.972967624664307,0,0.971779763698578,0.995535714285714,-0.972967624664307
"raw_lop025","1173","Daniela Serrano Salazar",267,TRUE,0.991220951080322,0,0.953802704811096,0.99250936329588,0.991220951080322
"raw_lop025","1174","Marco Antonio Sulantay Olivares",261,TRUE,-0.852442920207977,0,0.957064270973206,0.988505747126437,-0.852442920207977
"raw_lop025","1175","Cristián Tapia Ramos",224,TRUE,0.327570497989655,0,0.757042407989502,0.90625,0.327570497989655
"raw_lop025","1176","Hotuiti Teao Drago",220,TRUE,-0.803806364536285,0,0.931061029434204,0.972727272727273,-0.803806364536285
"raw_lop025","1177","Carolina Tello Rojas",263,TRUE,0.7574662566185,0,0.943515777587891,0.980988593155893,0.7574662566185
"raw_lop025","1178","Héctor Ulloa Aguilera",241,TRUE,0.356259137392044,0,0.817557215690613,0.929460580912863,0.356259137392044
"raw_lop025","1180","Consuelo Veloso Ávila",262,TRUE,0.729194402694702,0,0.939683735370636,0.980916030534351,0.729194402694702
"raw_lop025","1181","Nelson Venegas Salazar",258,TRUE,0.628968894481659,0,0.904281914234161,0.965116279069767,0.628968894481659
"raw_lop025","1182","Sebastián Videla Castillo",255,TRUE,0.288333207368851,0,0.742783308029175,0.870588235294118,0.288333207368851
"raw_lop025","1183","Flor Weisse Novoa",193,TRUE,-0.801198780536652,0,0.924466371536255,0.974093264248705,-0.801198780536652
"raw_lop025","1184","Roberto Celedón Fernández",265,TRUE,0.713096916675568,0,0.942151010036469,0.988679245283019,0.713096916675568
"raw_lop025","1186","Ignacio Achurra Díaz",265,TRUE,0.744872510433197,0,0.949917495250702,0.988679245283019,0.744872510433197
"raw_lop025","1187","Carlo Arqueros Pizarro",268,TRUE,-0.988125205039978,0,0.974104464054108,0.996268656716418,-0.988125205039978
"raw_lop025","1188","Marcos Barraza Gómez",267,TRUE,0.924488961696625,0,0.951607286930084,0.99250936329588,0.924488961696625
"raw_lop025","1189","Jaime Bassa Mercado",261,TRUE,0.790138483047485,0,0.909679889678955,0.984674329501916,0.790138483047485
"raw_lop025","1190","Enrique Bassaletti Riess",271,TRUE,-0.993116140365601,0,0.973723888397217,0.996309963099631,-0.993116140365601
"raw_lop025","1191","Valentina Becerra Peña",264,TRUE,-0.992287635803223,0,0.973152637481689,0.996212121212121,-0.992287635803223
"raw_lop025","1192","Lilian Betancurt Delgado",161,TRUE,-0.0820343121886253,0,0.700243353843689,0.826086956521739,-0.0820343121886253
"raw_lop025","1193","Patricio Briones Moller",262,TRUE,-0.0763376653194427,0,0.755582392215729,0.854961832061069,-0.0763376653194427
"raw_lop025","1194","Daniel Bustos Leal",271,TRUE,-0.993116140365601,0,0.973723888397217,0.996309963099631,-0.993116140365601
"raw_lop025","1195","Carlos Carvajal Gallardo",249,TRUE,0.340061336755753,0,0.827090084552765,0.919678714859438,0.340061336755753
"raw_lop025","1196","Priscilla Castillo Gerli",265,TRUE,0.199255913496017,0,0.726677238941193,0.860377358490566,0.199255913496017
"raw_lop025","1197","Carlos Chandía Alarcón",254,TRUE,-0.724691212177277,0,0.87901109457016,0.956692913385827,-0.724691212177277
"raw_lop025","1198","Paz Charpentier Rajcevich",270,TRUE,-0.992275357246399,0,0.973694145679474,0.996296296296296,-0.992275357246399
"raw_lop025","1199","Jaime Coloma Álamos",264,TRUE,-0.855727970600128,0,0.951068639755249,0.981060606060606,-0.855727970600128
"raw_lop025","1200","Cristian Contreras Radovic",260,TRUE,-0.470514535903931,0,0.684837520122528,0.869230769230769,-0.470514535903931
"raw_lop025","1201","Flor Contreras Vivallo",261,TRUE,-0.0715738758444786,0,0.754287958145142,0.85823754789272,-0.0715738758444786
"raw_lop025","1202","Eduardo Cretton Rebolledo",266,TRUE,-0.901573121547699,0,0.947741866111755,0.969924812030075,-0.901573121547699
"raw_lop025","1203","Sebastián Cristoffanini Jaraquemada",268,TRUE,-0.988125205039978,0,0.974104464054108,0.996268656716418,-0.988125205039978
"raw_lop025","1204","Francisco Crisóstomo Llanos",262,TRUE,0.587814927101135,0,0.922254383563995,0.99236641221374,0.587814927101135
"raw_lop025","1205","Carlos Cuadrado Prats",242,TRUE,0.476959764957428,0,0.8883096575737,0.946280991735537,0.476959764957428
"raw_lop025","1206","Carolina Cucumides Calderón",267,TRUE,0.604688107967377,0,0.92266184091568,0.98501872659176,0.604688107967377
"raw_lop025","1207","Valentina Cáceres Monsálvez",249,TRUE,0.701583206653595,0,0.939255237579346,0.983935742971888,0.701583206653595
"raw_lop025","1208","Jorge Díaz Ibarra",255,TRUE,0.234107002615929,0,0.743698477745056,0.886274509803922,0.234107002615929
"raw_lop025","1209","Matías Fernández Hartwig",266,TRUE,0.75061160326004,0,0.942643523216248,0.988721804511278,0.75061160326004
"raw_lop025","1210","Gustavo Gatica Villarroel",263,TRUE,0.932657659053802,0,0.949349403381348,0.984790874524715,0.932657659053802
"raw_lop025","1211","Sofía González Cortés",265,TRUE,1,0,0.960482835769653,0.988679245283019,1
"raw_lop025","1212","Erich Grohs Marín",264,TRUE,-0.995947360992432,0,0.944227755069733,0.962121212121212,-0.995947360992432
"raw_lop025","1213","Irací Hassler Jacob",267,TRUE,0.924488961696625,0,0.951607286930084,0.99250936329588,0.924488961696625
"raw_lop025","1214","Constanza Hube Portus",264,TRUE,-0.916859328746796,0,0.953378736972809,0.973484848484849,-0.916859328746796
"raw_lop025","1215","Álvaro Jofré Cáceres",275,TRUE,-0.992805957794189,0,0.917817056179047,0.952727272727273,-0.992805957794189
"raw_lop025","1216","Stephanie Jéldrez Ortiz",269,TRUE,-0.992313027381897,0,0.97361546754837,0.996282527881041,-0.992313027381897
"raw_lop025","1217","Pier Karlezi Hazleby",258,TRUE,-1,0,0.91957825422287,0.953488372093023,-1
"raw_lop025","1218","José Antonio Kast Adriasola",270,TRUE,-0.991549730300903,0,0.973734140396118,0.996296296296296,-0.991549730300903
"raw_lop025","1219","Tomás Kast Sommerhoff",260,TRUE,-0.780567169189453,0,0.930429399013519,0.965384615384615,-0.780567169189453
"raw_lop025","1220","Leandro Kunstmann Collado",270,TRUE,-0.992709875106812,0,0.973653793334961,0.996296296296296,-0.992709875106812
"raw_lop025","1221","Benjamín Lorca Inzunza",268,TRUE,-0.993303656578064,0,0.973661184310913,0.996268656716418,-0.993303656578064
"raw_lop025","1222","Andrea Macías Palma",254,TRUE,0.740606844425201,0,0.940864861011505,0.976377952755906,0.740606844425201
"raw_lop025","1223","Hans Marowski Cuevas",256,TRUE,-1,0,0.934031367301941,0.95703125,-1
"raw_lop025","1224","Cristian Mella Andaur",260,TRUE,0.245622903108597,0,0.780253529548645,0.884615384615385,0.245622903108597
"raw_lop025","1225","Cristian Menchaca Pinochet",260,TRUE,-0.992754817008972,0,0.972948372364044,0.996153846153846,-0.992754817008972
"raw_lop025","1226","José Montalva Feuerhake",263,TRUE,0.370998173952103,0,0.823222815990448,0.927756653992395,0.370998173952103
"raw_lop025","1227","Claudia Mora Vega",263,TRUE,-0.751799643039703,0,0.913141965866089,0.965779467680608,-0.751799643039703
"raw_lop025","1228","Paulina Muñoz Minte",274,TRUE,-1,0,0.925385653972626,0.956204379562044,-1
"raw_lop025","1229","Javier Muñoz Riquelme",251,TRUE,0.231780007481575,0,0.757284581661224,0.884462151394422,0.231780007481575
"raw_lop025","1230","Alex Nahuelquin Nahuelquin",257,TRUE,-0.0841939747333527,0,0.735970020294189,0.836575875486381,-0.0841939747333527
"raw_lop025","1231","Ximena Naranjo Pinto",258,TRUE,-0.762622594833374,0,0.932407557964325,0.98062015503876,-0.762622594833374
"raw_lop025","1232","Cristian Neira Martínez",266,TRUE,-0.988200843334198,0,0.973913192749023,0.996240601503759,-0.988200843334198
"raw_lop025","1233","Ricardo Neumann Bertín",262,TRUE,-0.869081258773804,0,0.960518777370453,0.988549618320611,-0.869081258773804
"raw_lop025","1234","Mario Olavarría Rodríguez",223,TRUE,-0.874890327453613,0,0.952684342861176,0.986547085201794,-0.874890327453613
"raw_lop025","1235","Javier Olivares Avendaño",268,TRUE,-0.417377352714539,0,0.748285174369812,0.861940298507463,-0.417377352714539
"raw_lop025","1236","Paula Olmos Contreras",212,TRUE,0.0167149901390076,0,0.711911201477051,0.830188679245283,0.0167149901390076
"raw_lop025","1237","Francisco Orrego Gutiérrez",260,TRUE,-0.837105631828308,0,0.96107405424118,0.988461538461539,-0.837105631828308
"raw_lop025","1238","Álvaro Ortiz Vera",263,TRUE,0.273633152246475,0,0.763680100440979,0.863117870722434,0.273633152246475
"raw_lop025","1239","Fabián Ossandón Briceño",248,TRUE,0.164888069033623,0,0.752805888652802,0.887096774193548,0.164888069033623
"raw_lop025","1240","Zandra Parisi Fernández",209,TRUE,-0.109291799366474,0,0.744827806949615,0.866028708133971,-0.109291799366474
"raw_lop025","1241","Patricio Pinilla Valencia",254,TRUE,0.334697544574738,0,0.77408629655838,0.87007874015748,0.334697544574738
"raw_lop025","1242","Rodrigo Ramírez Parra",263,TRUE,-0.787695109844208,0,0.924485564231873,0.954372623574145,-0.787695109844208
"raw_lop025","1243","Tamara Ramírez Ramírez",257,TRUE,0.15030625462532,0,0.724694132804871,0.859922178988327,0.15030625462532
"raw_lop025","1244","Claudia Reyes Larenas",261,TRUE,-0.94441020488739,0,0.966218948364258,0.996168582375479,-0.94441020488739
"raw_lop025","1245","Alejandro Riquelme Ducci",262,TRUE,-0.992548882961273,0,0.973047852516174,0.99618320610687,-0.992548882961273
"raw_lop025","1246","José Antonio Rivas Villalobos",251,TRUE,0.610677182674408,0,0.890993475914001,0.972111553784861,0.610677182674408
"raw_lop025","1247","Javiera Rodríguez Pascual",271,TRUE,-0.993116140365601,0,0.973723888397217,0.996309963099631,-0.993116140365601
"raw_lop025","1248","Felipe Ross Correa",265,TRUE,-1,0,0.985847532749176,0.99622641509434,-1
"raw_lop025","1249","Omar Sabat Guzmán",259,TRUE,-0.8576340675354,0,0.952070891857147,0.980694980694981,-0.8576340675354
"raw_lop025","1250","Bernardo Salinas Maya",212,TRUE,0.921666145324707,0,0.917715430259705,0.990566037735849,0.921666145324707
"raw_lop025","1251","Macarena Santelices Cañas",265,TRUE,-0.98512190580368,0,0.975128531455994,0.99622641509434,-0.98512190580368
"raw_lop025","1252","Constanza Schonhaut Soto",261,TRUE,0.762940287590027,0,0.952490866184235,0.988505747126437,0.762940287590027
"raw_lop025","1253","Fernando Ugarte Tejeda",271,TRUE,-0.993116140365601,0,0.973723888397217,0.996309963099631,-0.993116140365601
"raw_lop025","1254","Ignacio Urcullú Clèment-Lund",271,TRUE,-0.993116140365601,0,0.973723888397217,0.996309963099631,-0.993116140365601
"raw_lop025","1255","Eileen Urqueta Rojas",263,TRUE,0.0800754055380821,0,0.723318040370941,0.832699619771863,0.0800754055380821
"raw_lop025","1256","Tatiana Urrutia Herrera",258,TRUE,0.760322391986847,0,0.951496422290802,0.988372093023256,0.760322391986847
"raw_lop025","1257","Alejandra Valdebenito Torres",267,TRUE,-0.784243583679199,0,0.885260581970215,0.947565543071161,-0.784243583679199
"raw_lop025","1258","Guillermo Valdés Carmona",262,TRUE,-0.0181336272507906,0,0.711956083774567,0.82824427480916,-0.0181336272507906
"raw_lop025","1259","Juan Marcelo Valenzuela Henríquez",256,TRUE,-0.21808123588562,0,0.785132527351379,0.890625,-0.21808123588562
"raw_lop025","1260","César Valenzuela Maass",262,TRUE,0.604683399200439,0,0.921724021434784,0.99236641221374,0.604683399200439
"raw_lop025","1261","Daniel Valenzuela Salazar",250,TRUE,-0.867259979248047,0,0.954202711582184,0.976,-0.867259979248047
"raw_lop025","1262","Diego Vergara Rodríguez",270,TRUE,-0.992275357246399,0,0.973694145679474,0.996296296296296,-0.992275357246399
"raw_lop025","1263","Sebastián Zamora Soto",258,TRUE,-0.982839286327362,0,0.974328756332397,0.996124031007752,-0.982839286327362
"raw_lop025","1264","Fernando Zamorano Peralta",255,TRUE,0.401796698570251,0,0.854252696037292,0.945098039215686,0.401796698570251
"raw_lop050","803","René Alinco Bustos",215,TRUE,0.202604219317436,0,0.588296413421631,0.809302325581395,0.202604219317436
"raw_lop050","815","Sergio Bobadilla Muñoz",260,TRUE,-0.889388263225555,0,0.938137412071228,0.984615384615385,-0.889388263225555
"raw_lop050","843","René Manuel García García",220,TRUE,-0.83441549539566,0,0.909235000610352,0.968181818181818,-0.83441549539566
"raw_lop050","872","Jaime Mulet Martínez",242,TRUE,0.174790114164352,0,0.629032969474792,0.805785123966942,0.174790114164352
"raw_lop050","915","Germán Verdugo Soto",250,TRUE,-0.915216386318207,0,0.914642035961151,0.972,-0.915216386318207
"raw_lop050","986","Marcela Hernando Pérez",207,TRUE,0.297429651021957,0,0.822816610336304,0.932367149758454,0.297429651021957
"raw_lop050","1009","Jorge Alessandri Vergara",244,TRUE,-0.901114106178284,0,0.960543274879456,0.991803278688525,-0.901114106178284
"raw_lop050","1012","Boris Barrera Moreno",263,TRUE,0.986379981040955,0,0.960501611232758,0.992395437262357,0.986379981040955
"raw_lop050","1013","Alejandro Bernales Maldonado",238,TRUE,0.225754782557487,0,0.742261528968811,0.873949579831933,0.225754782557487
"raw_lop050","1015","Jorge Brito Hasbún",232,TRUE,0.743838846683502,0,0.935523271560669,0.974137931034483,0.743838846683502
"raw_lop050","1017","Álvaro Carter Fernández",249,TRUE,-0.982619881629944,0,0.972158193588257,0.995983935742972,-0.982619881629944
"raw_lop050","1021","Andrés Celis Montt",235,TRUE,-0.780495822429657,0,0.882888317108154,0.940425531914894,-0.780495822429657
"raw_lop050","1025","Catalina Del Real Mihovilovic",222,TRUE,-0.980365455150604,0,0.969678521156311,0.995495495495496,-0.980365455150604
"raw_lop050","1028","Eduardo Durán Salinas",248,TRUE,-0.742204666137695,0,0.938325703144073,0.983870967741935,-0.742204666137695
"raw_lop050","1038","Marcos Ilabaca Cerda",222,TRUE,0.535682559013367,0,0.880515694618225,0.959459459459459,0.535682559013367
"raw_lop050","1039","Pamela Jiles Moreno",250,TRUE,0.136965155601501,0,0.667570531368256,0.824,0.136965155601501
"raw_lop050","1044","Raúl Leiva Carvajal",226,TRUE,0.478686034679413,0,0.911999881267548,0.973451327433628,0.478686034679413
"raw_lop050","1054","Francesca Muñoz González",247,TRUE,-0.74343740940094,0,0.932054281234741,0.975708502024291,-0.74343740940094
"raw_lop050","1056","Emilia Nuyado Ancapichun",265,TRUE,0.617103159427643,0,0.914144814014435,0.954716981132075,0.617103159427643
"raw_lop050","1059","Ximena Ossandón Irarrázabal",246,TRUE,-0.789813935756683,0,0.862872660160065,0.939024390243902,-0.789813935756683
"raw_lop050","1060","Luis Pardo Sáinz",254,TRUE,-0.777200639247894,0,0.939424633979797,0.980314960629921,-0.777200639247894
"raw_lop050","1061","Andrea Parra Sauterel",247,TRUE,0.362658321857452,0,0.856958627700806,0.951417004048583,0.362658321857452
"raw_lop050","1062","Joanna Pérez Olea",218,TRUE,-0.707957565784454,0,0.898515582084656,0.972477064220184,-0.707957565784454
"raw_lop050","1065","Guillermo Ramírez Diez",243,TRUE,-0.879308342933655,0,0.97196900844574,0.991769547325103,-0.879308342933655
"raw_lop050","1073","Juan Santana Castillo",246,TRUE,0.738173365592957,0,0.950821995735168,0.991869918699187,0.738173365592957
"raw_lop050","1074","Marisela Santibáñez Novoa",233,TRUE,0.818554103374481,0,0.928068339824677,0.978540772532189,0.818554103374481
"raw_lop050","1075","Diego Schalper Sepúlveda",241,TRUE,-0.830089390277863,0,0.931945443153381,0.962655601659751,-0.830089390277863
"raw_lop050","1077","Raúl Soto Mardones",231,TRUE,0.368005514144897,0,0.867274165153503,0.948051948051948,0.368005514144897
"raw_lop050","1082","Cristóbal Urruticoechea Ríos",233,TRUE,-0.992441773414612,0,0.926661133766174,0.957081545064378,-0.992441773414612
"raw_lop050","1086","Gonzalo Winter Etcheberry",224,TRUE,0.69428288936615,0,0.90369987487793,0.973214285714286,0.69428288936615
"raw_lop050","1087","Gael Yeomans Araya",249,TRUE,0.717705965042114,0,0.941218614578247,0.987951807228916,0.717705965042114
"raw_lop050","1099","Jaime Araya Guerrero",223,TRUE,0.400907307863235,0,0.894419968128204,0.968609865470852,0.400907307863235
"raw_lop050","1100","Cristián Araya Lerdo de Tejada",263,TRUE,-0.992864429950714,0,0.971508502960205,0.996197718631179,-0.992864429950714
"raw_lop050","1102","Roberto Arroyo Muñoz",217,TRUE,-0.699448704719543,0,0.87947005033493,0.95852534562212,-0.699448704719543
"raw_lop050","1104","Chiara Barchiesi Chávez",253,TRUE,-0.986993432044983,0,0.976085960865021,1,-0.986993432044983
"raw_lop050","1105","Héctor Barría Angulo",242,TRUE,0.239278897643089,0,0.738663852214813,0.847107438016529,0.239278897643089
"raw_lop050","1107","María Francisca Bello Campos",0,FALSE,NA,NA,NA,NA,NA
"raw_lop050","1108","Juan Carlos Beltrán Silva",244,TRUE,-0.76787143945694,0,0.900422871112823,0.950819672131147,-0.76787143945694
"raw_lop050","1110","Carlos Bianchi Chelech",245,TRUE,0.298870325088501,0,0.796306252479553,0.910204081632653,0.298870325088501
"raw_lop050","1114","Félix Bugueño Sotelo",240,TRUE,0.638842642307281,0,0.93432492017746,0.975,0.638842642307281
"raw_lop050","1116","Felipe Camaño Cárdenas",249,TRUE,0.176743492484093,0,0.711969673633575,0.843373493975904,0.176743492484093
"raw_lop050","1117","Nathalie Castillo Rojas",226,TRUE,0.984335660934448,0,0.950094521045685,0.986725663716814,0.984335660934448
"raw_lop050","1119","Sara Concha Smith",255,TRUE,-0.738101422786713,0,0.935695052146912,0.984313725490196,-0.738101422786713
"raw_lop050","1122","Luis Alberto Cuello Peña y Lillo",259,TRUE,0.969006896018982,0,0.960378408432007,0.992277992277992,0.969006896018982
"raw_lop050","1127","Lorena Fries Monleón",250,TRUE,0.730923414230347,0,0.958832859992981,0.992,0.730923414230347
"raw_lop050","1128","Ana María Gazmuri Vieira",230,TRUE,0.95000833272934,0,0.937746405601501,0.98695652173913,0.95000833272934
"raw_lop050","1131","Mauro González Villarroel",239,TRUE,-0.754576563835144,0,0.926609873771667,0.97907949790795,-0.754576563835144
"raw_lop050","1132","Jorge Guzmán Zepeda",253,TRUE,-0.745564162731171,0,0.875902891159058,0.960474308300395,-0.745564162731171
"raw_lop050","1133","Juan Irarrázaval Rossel",261,TRUE,-0.988990306854248,0,0.971895098686218,0.996168582375479,-0.988990306854248
"raw_lop050","1140","Daniel Lilayu Vivanco",257,TRUE,-0.945759236812592,0,0.957965493202209,0.976653696498054,-0.945759236812592
"raw_lop050","1141","Luis Malla Valenzuela",235,TRUE,0.305922418832779,0,0.809415757656097,0.923404255319149,0.305922418832779
"raw_lop050","1142","Daniel Manouchehri Lobos",230,TRUE,0.521172702312469,0,0.937446057796478,0.991304347826087,0.521172702312469
"raw_lop050","1143","Cristóbal Martínez Ramírez",260,TRUE,-0.825991809368134,0,0.923493683338165,0.980769230769231,-0.825991809368134
"raw_lop050","1146","José Carlos Meza Pereira",243,TRUE,-0.972003281116486,0,0.933355569839478,0.991769547325103,-0.972003281116486
"raw_lop050","1148","Javiera Morales Alvarado",86,TRUE,0.626721501350403,0,0.96272599697113,0.976744186046512,0.626721501350403
"raw_lop050","1150","Benjamín Moreno Bascur",265,TRUE,-0.993664920330048,0,0.971580028533936,0.99622641509434,-0.993664920330048
"raw_lop050","1152","Gloria Naveillan Arriagada",239,TRUE,-0.87295526266098,0,0.901625514030457,0.95397489539749,-0.87295526266098
"raw_lop050","1153","Coca Ericka Ñanco Vásquez",160,TRUE,0.726286649703979,0,0.948391735553741,0.98125,0.726286649703979
"raw_lop050","1157","Marlene Pérez Cartes",212,TRUE,-0.784744024276733,0,0.930097818374634,0.981132075471698,-0.784744024276733
"raw_lop050","1159","Lorena Pizarro Sierra",253,TRUE,0.9757080078125,0,0.940080285072327,0.988142292490119,0.9757080078125
"raw_lop050","1165","Agustín Romero Leiva",264,TRUE,-0.993678271770477,0,0.971473932266235,0.996212121212121,-0.993678271770477
"raw_lop050","1166","Natalia Romero Talguia",258,TRUE,-0.628248453140259,0,0.789179563522339,0.903100775193798,-0.628248453140259
"raw_lop050","1170","Luis Sánchez Ossa",253,TRUE,-0.987592160701752,0,0.971790790557861,0.99604743083004,-0.987592160701752
"raw_lop050","1171","Emilia Schneider Videla",263,TRUE,0.74022912979126,0,0.955580830574036,0.988593155893536,0.74022912979126
"raw_lop050","1172","Stephan Schubert Rubio",218,TRUE,-0.975008964538574,0,0.969287812709808,0.995412844036697,-0.975008964538574
"raw_lop050","1173","Daniela Serrano Salazar",263,TRUE,0.986379981040955,0,0.960501611232758,0.992395437262357,0.986379981040955
"raw_lop050","1174","Marco Antonio Sulantay Olivares",255,TRUE,-0.872682809829712,0,0.958051145076752,0.988235294117647,-0.872682809829712
"raw_lop050","1175","Cristián Tapia Ramos",219,TRUE,0.291112124919891,0,0.75261116027832,0.904109589041096,0.291112124919891
"raw_lop050","1176","Hotuiti Teao Drago",214,TRUE,-0.821222841739655,0,0.930532872676849,0.97196261682243,-0.821222841739655
"raw_lop050","1177","Carolina Tello Rojas",259,TRUE,0.731415152549744,0,0.947670519351959,0.984555984555985,0.731415152549744
"raw_lop050","1178","Héctor Ulloa Aguilera",235,TRUE,0.320457547903061,0,0.814494609832764,0.927659574468085,0.320457547903061
"raw_lop050","1180","Consuelo Veloso Ávila",258,TRUE,0.696318387985229,0,0.944675445556641,0.98062015503876,0.696318387985229
"raw_lop050","1181","Nelson Venegas Salazar",253,TRUE,0.579314172267914,0,0.912925660610199,0.964426877470356,0.579314172267914
"raw_lop050","1182","Sebastián Videla Castillo",249,TRUE,0.249597981572151,0,0.74713134765625,0.8714859437751,0.249597981572151
"raw_lop050","1183","Flor Weisse Novoa",188,TRUE,-0.820179641246796,0,0.923719048500061,0.973404255319149,-0.820179641246796
"raw_lop050","1184","Roberto Celedón Fernández",258,TRUE,0.681599020957947,0,0.948794841766357,0.988372093023256,0.681599020957947
"raw_lop050","1186","Ignacio Achurra Díaz",261,TRUE,0.716231048107147,0,0.956206023693085,0.992337164750958,0.716231048107147
"raw_lop050","1187","Carlo Arqueros Pizarro",262,TRUE,-0.989242315292358,0,0.971966862678528,0.99618320610687,-0.989242315292358
"raw_lop050","1188","Marcos Barraza Gómez",263,TRUE,0.986379981040955,0,0.960501611232758,0.992395437262357,0.986379981040955
"raw_lop050","1189","Jaime Bassa Mercado",256,TRUE,0.743837893009186,0,0.919235348701477,0.98828125,0.743837893009186
"raw_lop050","1190","Enrique Bassaletti Riess",265,TRUE,-0.993664920330048,0,0.971580028533936,0.99622641509434,-0.993664920330048
"raw_lop050","1191","Valentina Becerra Peña",259,TRUE,-0.993025183677673,0,0.971003115177155,0.996138996138996,-0.993025183677673
"raw_lop050","1192","Lilian Betancurt Delgado",156,TRUE,-0.112257599830627,0,0.690737664699554,0.788461538461538,-0.112257599830627
"raw_lop050","1193","Patricio Briones Moller",255,TRUE,-0.106402277946472,0,0.748524129390717,0.854901960784314,-0.106402277946472
"raw_lop050","1194","Daniel Bustos Leal",265,TRUE,-0.993664920330048,0,0.971580028533936,0.99622641509434,-0.993664920330048
"raw_lop050","1195","Carlos Carvajal Gallardo",243,TRUE,0.304197072982788,0,0.823899745941162,0.917695473251029,0.304197072982788
"raw_lop050","1196","Priscilla Castillo Gerli",260,TRUE,0.162612900137901,0,0.73119455575943,0.869230769230769,0.162612900137901
"raw_lop050","1197","Carlos Chandía Alarcón",247,TRUE,-0.73786449432373,0,0.875558316707611,0.951417004048583,-0.73786449432373
"raw_lop050","1198","Paz Charpentier Rajcevich",264,TRUE,-0.993056774139404,0,0.971544325351715,0.996212121212121,-0.993056774139404
"raw_lop050","1199","Jaime Coloma Álamos",257,TRUE,-0.87982451915741,0,0.951991677284241,0.98443579766537,-0.87982451915741
"raw_lop050","1200","Cristian Contreras Radovic",254,TRUE,-0.484225213527679,0,0.680422842502594,0.866141732283465,-0.484225213527679
"raw_lop050","1201","Flor Contreras Vivallo",254,TRUE,-0.101494334638119,0,0.747716665267944,0.854330708661417,-0.101494334638119
"raw_lop050","1202","Eduardo Cretton Rebolledo",259,TRUE,-0.940619111061096,0,0.950581729412079,0.972972972972973,-0.940619111061096
"raw_lop050","1203","Sebastián Cristoffanini Jaraquemada",262,TRUE,-0.989242315292358,0,0.971966862678528,0.99618320610687,-0.989242315292358
"raw_lop050","1204","Francisco Crisóstomo Llanos",257,TRUE,0.548982322216034,0,0.922615706920624,0.992217898832685,0.548982322216034
"raw_lop050","1205","Carlos Cuadrado Prats",237,TRUE,0.445052415132523,0,0.889877438545227,0.940928270042194,0.445052415132523
"raw_lop050","1206","Carolina Cucumides Calderón",263,TRUE,0.564894556999207,0,0.923316657543182,0.988593155893536,0.564894556999207
"raw_lop050","1207","Valentina Cáceres Monsálvez",245,TRUE,0.672586560249329,0,0.945034980773926,0.983673469387755,0.672586560249329
"raw_lop050","1208","Jorge Díaz Ibarra",250,TRUE,0.19823369383812,0,0.739635944366455,0.884,0.19823369383812
"raw_lop050","1209","Matías Fernández Hartwig",262,TRUE,0.72193056344986,0,0.948496222496033,0.988549618320611,0.72193056344986
"raw_lop050","1210","Gustavo Gatica Villarroel",260,TRUE,0.893418252468109,0,0.953551411628723,0.988461538461539,0.893418252468109
"raw_lop050","1211","Sofía González Cortés",261,TRUE,1,0,0.967498064041138,0.992337164750958,1
"raw_lop050","1212","Erich Grohs Marín",259,TRUE,-1,0,0.944229364395142,0.961389961389961,-1
"raw_lop050","1213","Irací Hassler Jacob",263,TRUE,0.986379981040955,0,0.960501611232758,0.992395437262357,0.986379981040955
"raw_lop050","1214","Constanza Hube Portus",257,TRUE,-0.957984745502472,0,0.957080841064453,0.976653696498054,-0.957984745502472
"raw_lop050","1215","Álvaro Jofré Cáceres",268,TRUE,-0.986752510070801,0,0.917678773403168,0.951492537313433,-0.986752510070801
"raw_lop050","1216","Stephanie Jéldrez Ortiz",263,TRUE,-0.993009507656097,0,0.971453845500946,0.996197718631179,-0.993009507656097
"raw_lop050","1217","Pier Karlezi Hazleby",251,TRUE,-1,0,0.918119847774506,0.952191235059761,-1
"raw_lop050","1218","José Antonio Kast Adriasola",264,TRUE,-0.992311954498291,0,0.97159731388092,0.996212121212121,-0.992311954498291
"raw_lop050","1219","Tomás Kast Sommerhoff",254,TRUE,-0.79120147228241,0,0.928975522518158,0.964566929133858,-0.79120147228241
"raw_lop050","1220","Leandro Kunstmann Collado",264,TRUE,-0.993331909179688,0,0.971504867076874,0.996212121212121,-0.993331909179688
"raw_lop050","1221","Benjamín Lorca Inzunza",262,TRUE,-0.99387001991272,0,0.971507608890533,0.99618320610687,-0.99387001991272
"raw_lop050","1222","Andrea Macías Palma",250,TRUE,0.711983799934387,0,0.944079041481018,0.976,0.711983799934387
"raw_lop050","1223","Hans Marowski Cuevas",250,TRUE,-1,0,0.93443101644516,0.956,-1
"raw_lop050","1224","Cristian Mella Andaur",255,TRUE,0.208469375967979,0,0.785680592060089,0.886274509803922,0.208469375967979
"raw_lop050","1225","Cristian Menchaca Pinochet",255,TRUE,-0.993174254894257,0,0.970810294151306,0.996078431372549,-0.993174254894257
"raw_lop050","1226","José Montalva Feuerhake",256,TRUE,0.335111200809479,0,0.819465279579163,0.9296875,0.335111200809479
"raw_lop050","1227","Claudia Mora Vega",256,TRUE,-0.767176389694214,0,0.910880029201508,0.96484375,-0.767176389694214
"raw_lop050","1228","Paulina Muñoz Minte",267,TRUE,-0.993315994739532,0,0.925386905670166,0.955056179775281,-0.993315994739532
"raw_lop050","1229","Javier Muñoz Riquelme",246,TRUE,0.194616124033928,0,0.762603044509888,0.890243902439024,0.194616124033928
"raw_lop050","1230","Alex Nahuelquin Nahuelquin",250,TRUE,-0.114566415548325,0,0.727553248405457,0.82,-0.114566415548325
"raw_lop050","1231","Ximena Naranjo Pinto",251,TRUE,-0.776275157928467,0,0.931526780128479,0.97609561752988,-0.776275157928467
"raw_lop050","1232","Cristian Neira Martínez",260,TRUE,-0.989095747470856,0,0.97175544500351,0.996153846153846,-0.989095747470856
"raw_lop050","1233","Ricardo Neumann Bertín",255,TRUE,-0.897626101970673,0,0.962172150611877,0.988235294117647,-0.897626101970673
"raw_lop050","1234","Mario Olavarría Rodríguez",218,TRUE,-0.905059099197388,0,0.955265164375305,0.986238532110092,-0.905059099197388
"raw_lop050","1235","Javier Olivares Avendaño",261,TRUE,-0.434691488742828,0,0.743142008781433,0.85823754789272,-0.434691488742828
"raw_lop050","1236","Paula Olmos Contreras",206,TRUE,-0.0146183958277106,0,0.7040194272995,0.825242718446602,-0.0146183958277106
"raw_lop050","1237","Francisco Orrego Gutiérrez",255,TRUE,-0.845786154270172,0,0.959715783596039,0.984313725490196,-0.845786154270172
"raw_lop050","1238","Álvaro Ortiz Vera",259,TRUE,0.235403120517731,0,0.769073486328125,0.864864864864865,0.235403120517731
"raw_lop050","1239","Fabián Ossandón Briceño",241,TRUE,0.131537303328514,0,0.744371592998505,0.883817427385892,0.131537303328514
"raw_lop050","1240","Zandra Parisi Fernández",204,TRUE,-0.138818755745888,0,0.737285912036896,0.862745098039216,-0.138818755745888
"raw_lop050","1241","Patricio Pinilla Valencia",249,TRUE,0.295456528663635,0,0.780155897140503,0.867469879518072,0.295456528663635
"raw_lop050","1242","Rodrigo Ramírez Parra",256,TRUE,-0.805331230163574,0,0.923014342784882,0.953125,-0.805331230163574
"raw_lop050","1243","Tamara Ramírez Ramírez",251,TRUE,0.116711877286434,0,0.716814994812012,0.852589641434263,0.116711877286434
"raw_lop050","1244","Claudia Reyes Larenas",255,TRUE,-0.949111700057983,0,0.963975131511688,0.996078431372549,-0.949111700057983
"raw_lop050","1245","Alejandro Riquelme Ducci",256,TRUE,-0.993208765983582,0,0.970849931240082,0.99609375,-0.993208765983582
"raw_lop050","1246","José Antonio Rivas Villalobos",249,TRUE,0.568894982337952,0,0.889970600605011,0.971887550200803,0.568894982337952
"raw_lop050","1247","Javiera Rodríguez Pascual",265,TRUE,-0.993664920330048,0,0.971580028533936,0.99622641509434,-0.993664920330048
"raw_lop050","1248","Felipe Ross Correa",259,TRUE,-1,0,0.98410826921463,0.996138996138996,-1
"raw_lop050","1249","Omar Sabat Guzmán",252,TRUE,-0.883611857891083,0,0.9532350897789,0.98015873015873,-0.883611857891083
"raw_lop050","1250","Bernardo Salinas Maya",208,TRUE,0.99611622095108,0,0.927920937538147,0.990384615384615,0.99611622095108
"raw_lop050","1251","Macarena Santelices Cañas",259,TRUE,-0.986473500728607,0,0.972993433475494,0.996138996138996,-0.986473500728607
"raw_lop050","1252","Constanza Schonhaut Soto",257,TRUE,0.738295197486877,0,0.95863276720047,0.988326848249027,0.738295197486877
"raw_lop050","1253","Fernando Ugarte Tejeda",265,TRUE,-0.993664920330048,0,0.971580028533936,0.99622641509434,-0.993664920330048
"raw_lop050","1254","Ignacio Urcullú Clèment-Lund",265,TRUE,-0.993664920330048,0,0.971580028533936,0.99622641509434,-0.993664920330048
"raw_lop050","1255","Eileen Urqueta Rojas",256,TRUE,0.0476491674780846,0,0.715934872627258,0.828125,0.0476491674780846
"raw_lop050","1256","Tatiana Urrutia Herrera",253,TRUE,0.738263487815857,0,0.958023309707642,0.988142292490119,0.738263487815857
"raw_lop050","1257","Alejandra Valdebenito Torres",260,TRUE,-0.799405753612518,0,0.883562088012695,0.946153846153846,-0.799405753612518
"raw_lop050","1258","Guillermo Valdés Carmona",255,TRUE,-0.0492361709475517,0,0.704128980636597,0.823529411764706,-0.0492361709475517
"raw_lop050","1259","Juan Marcelo Valenzuela Henríquez",249,TRUE,-0.243868499994278,0,0.778665959835052,0.887550200803213,-0.243868499994278
"raw_lop050","1260","César Valenzuela Maass",257,TRUE,0.564384162425995,0,0.921855449676514,0.992217898832685,0.564384162425995
"raw_lop050","1261","Daniel Valenzuela Salazar",244,TRUE,-0.876932322978973,0,0.952944338321686,0.975409836065574,-0.876932322978973
"raw_lop050","1262","Diego Vergara Rodríguez",264,TRUE,-0.993056774139404,0,0.971544325351715,0.996212121212121,-0.993056774139404
"raw_lop050","1263","Sebastián Zamora Soto",252,TRUE,-0.983895182609558,0,0.97215348482132,0.996031746031746,-0.983895182609558
"raw_lop050","1264","Fernando Zamorano Peralta",248,TRUE,0.364404827356339,0,0.861169636249542,0.94758064516129,0.364404827356339
"raw_lop100","803","René Alinco Bustos",207,TRUE,0.162353724241257,0,0.574917554855347,0.801932367149758,0.162353724241257
"raw_lop100","815","Sergio Bobadilla Muñoz",249,TRUE,-0.843109667301178,0,0.938004374504089,0.983935742971888,-0.843109667301178
"raw_lop100","843","René Manuel García García",211,TRUE,-0.778887808322906,0,0.906693279743195,0.966824644549763,-0.778887808322906
"raw_lop100","872","Jaime Mulet Martínez",231,TRUE,0.134998619556427,0,0.617349147796631,0.796536796536797,0.134998619556427
"raw_lop100","915","Germán Verdugo Soto",241,TRUE,-0.848556220531464,0,0.910376846790314,0.970954356846473,-0.848556220531464
"raw_lop100","986","Marcela Hernando Pérez",200,TRUE,0.250678271055222,0,0.817890763282776,0.935,0.250678271055222
"raw_lop100","1009","Jorge Alessandri Vergara",234,TRUE,-0.851290583610535,0,0.962019383907318,0.991452991452991,-0.851290583610535
"raw_lop100","1012","Boris Barrera Moreno",254,TRUE,0.970765292644501,0,0.967959940433502,0.992125984251969,0.970765292644501
"raw_lop100","1013","Alejandro Bernales Maldonado",228,TRUE,0.183621600270271,0,0.733168005943298,0.87280701754386,0.183621600270271
"raw_lop100","1015","Jorge Brito Hasbún",222,TRUE,0.916219770908356,0,0.952560484409332,0.981981981981982,0.916219770908356
"raw_lop100","1017","Álvaro Carter Fernández",238,TRUE,-0.984797239303589,0,0.977394461631775,0.995798319327731,-0.984797239303589
"raw_lop100","1021","Andrés Celis Montt",226,TRUE,-0.700376749038696,0,0.891302764415741,0.960176991150443,-0.700376749038696
"raw_lop100","1025","Catalina Del Real Mihovilovic",211,TRUE,-0.985662400722504,0,0.975570976734161,0.995260663507109,-0.985662400722504
"raw_lop100","1028","Eduardo Durán Salinas",240,TRUE,-0.681373476982117,0,0.937338173389435,0.983333333333333,-0.681373476982117
"raw_lop100","1038","Marcos Ilabaca Cerda",213,TRUE,0.474297732114792,0,0.884183406829834,0.957746478873239,0.474297732114792
"raw_lop100","1039","Pamela Jiles Moreno",239,TRUE,0.100090242922306,0,0.67390239238739,0.824267782426778,0.100090242922306
"raw_lop100","1044","Raúl Leiva Carvajal",217,TRUE,0.420331597328186,0,0.917563915252686,0.976958525345622,0.420331597328186
"raw_lop100","1054","Francesca Muñoz González",236,TRUE,-0.685950696468353,0,0.929662585258484,0.974576271186441,-0.685950696468353
"raw_lop100","1056","Emilia Nuyado Ancapichun",254,TRUE,0.558841824531555,0,0.933361649513245,0.968503937007874,0.558841824531555
"raw_lop100","1059","Ximena Ossandón Irarrázabal",236,TRUE,-0.711376965045929,0,0.869414329528809,0.953389830508475,-0.711376965045929
"raw_lop100","1060","Luis Pardo Sáinz",244,TRUE,-0.716636538505554,0,0.93914920091629,0.987704918032787,-0.716636538505554
"raw_lop100","1061","Andrea Parra Sauterel",236,TRUE,0.313868135213852,0,0.852298617362976,0.957627118644068,0.313868135213852
"raw_lop100","1062","Joanna Pérez Olea",209,TRUE,-0.65118795633316,0,0.896387696266174,0.976076555023923,-0.65118795633316
"raw_lop100","1065","Guillermo Ramírez Diez",233,TRUE,-0.826634466648102,0,0.97238677740097,0.991416309012876,-0.826634466648102
"raw_lop100","1073","Juan Santana Castillo",238,TRUE,0.764348149299622,0,0.960736274719238,0.991596638655462,0.764348149299622
"raw_lop100","1074","Marisela Santibáñez Novoa",225,TRUE,0.760174036026001,0,0.939668238162994,0.986666666666667,0.760174036026001
"raw_lop100","1075","Diego Schalper Sepúlveda",231,TRUE,-0.743189513683319,0,0.939477741718292,0.96969696969697,-0.743189513683319
"raw_lop100","1077","Raúl Soto Mardones",220,TRUE,0.317957550287247,0,0.861755788326263,0.954545454545455,0.317957550287247
"raw_lop100","1082","Cristóbal Urruticoechea Ríos",225,TRUE,-0.871163487434387,0,0.931023299694061,0.964444444444444,-0.871163487434387
"raw_lop100","1086","Gonzalo Winter Etcheberry",215,TRUE,0.679677069187164,0,0.914085566997528,0.972093023255814,0.679677069187164
"raw_lop100","1087","Gael Yeomans Araya",239,TRUE,0.683182954788208,0,0.950890421867371,0.98744769874477,0.683182954788208
"raw_lop100","1099","Jaime Araya Guerrero",213,TRUE,0.348364621400833,0,0.890765488147736,0.962441314553991,0.348364621400833
"raw_lop100","1100","Cristián Araya Lerdo de Tejada",252,TRUE,-0.999330639839172,0,0.977226495742798,0.996031746031746,-0.999330639839172
"raw_lop100","1102","Roberto Arroyo Muñoz",206,TRUE,-0.641333699226379,0,0.874477803707123,0.961165048543689,-0.641333699226379
"raw_lop100","1104","Chiara Barchiesi Chávez",242,TRUE,-0.991667449474335,0,0.982060372829437,1,-0.991667449474335
"raw_lop100","1105","Héctor Barría Angulo",233,TRUE,0.196684747934341,0,0.731297016143799,0.836909871244635,0.196684747934341
"raw_lop100","1107","María Francisca Bello Campos",0,FALSE,NA,NA,NA,NA,NA
"raw_lop100","1108","Juan Carlos Beltrán Silva",234,TRUE,-0.712838590145111,0,0.896650612354279,0.952991452991453,-0.712838590145111
"raw_lop100","1110","Carlos Bianchi Chelech",234,TRUE,0.252759695053101,0,0.788423955440521,0.905982905982906,0.252759695053101
"raw_lop100","1114","Félix Bugueño Sotelo",230,TRUE,0.619279265403748,0,0.94480174779892,0.978260869565217,0.619279265403748
"raw_lop100","1116","Felipe Camaño Cárdenas",238,TRUE,0.138410940766335,0,0.701461255550385,0.836134453781513,0.138410940766335
"raw_lop100","1117","Nathalie Castillo Rojas",220,TRUE,0.933936953544617,0,0.955235064029694,0.986363636363636,0.933936953544617
"raw_lop100","1119","Sara Concha Smith",244,TRUE,-0.67958003282547,0,0.934472501277924,0.983606557377049,-0.67958003282547
"raw_lop100","1122","Luis Alberto Cuello Peña y Lillo",251,TRUE,0.971139192581177,0,0.96758359670639,0.99203187250996,0.971139192581177
"raw_lop100","1127","Lorena Fries Monleón",241,TRUE,0.753621578216553,0,0.97270530462265,0.991701244813278,0.753621578216553
"raw_lop100","1128","Ana María Gazmuri Vieira",223,TRUE,0.835838317871094,0,0.939546227455139,0.982062780269058,0.835838317871094
"raw_lop100","1131","Mauro González Villarroel",230,TRUE,-0.693123877048492,0,0.925932645797729,0.978260869565217,-0.693123877048492
"raw_lop100","1132","Jorge Guzmán Zepeda",243,TRUE,-0.680580914020538,0,0.876754403114319,0.958847736625514,-0.680580914020538
"raw_lop100","1133","Juan Irarrázaval Rossel",250,TRUE,-0.993841409683228,0,0.977400004863739,0.996,-0.993841409683228
"raw_lop100","1140","Daniel Lilayu Vivanco",248,TRUE,-0.872952878475189,0,0.958030164241791,0.975806451612903,-0.872952878475189
"raw_lop100","1141","Luis Malla Valenzuela",226,TRUE,0.258781611919403,0,0.804232597351074,0.920353982300885,0.258781611919403
"raw_lop100","1142","Daniel Manouchehri Lobos",220,TRUE,0.473564803600311,0,0.940112471580505,0.990909090909091,0.473564803600311
"raw_lop100","1143","Cristóbal Martínez Ramírez",249,TRUE,-0.769153535366058,0,0.920589506626129,0.979919678714859,-0.769153535366058
"raw_lop100","1146","José Carlos Meza Pereira",232,TRUE,-0.979489326477051,0,0.940609037876129,0.991379310344828,-0.979489326477051
"raw_lop100","1148","Javiera Morales Alvarado",82,TRUE,0.869681179523468,0,0.971533477306366,0.98780487804878,0.869681179523468
"raw_lop100","1150","Benjamín Moreno Bascur",254,TRUE,-1,0,0.977311253547668,0.996062992125984,-1
"raw_lop100","1152","Gloria Naveillan Arriagada",231,TRUE,-0.761426508426666,0,0.916309833526611,0.96969696969697,-0.761426508426666
"raw_lop100","1153","Coca Ericka Ñanco Vásquez",151,TRUE,0.769304692745209,0,0.964208424091339,0.980132450331126,0.769304692745209
"raw_lop100","1157","Marlene Pérez Cartes",201,TRUE,-0.725765466690063,0,0.926971256732941,0.980099502487562,-0.725765466690063
"raw_lop100","1159","Lorena Pizarro Sierra",244,TRUE,0.973023176193237,0,0.947439908981323,0.987704918032787,0.973023176193237
"raw_lop100","1165","Agustín Romero Leiva",253,TRUE,-0.999887704849243,0,0.977222681045532,0.99604743083004,-0.999887704849243
"raw_lop100","1166","Natalia Romero Talguia",247,TRUE,-0.57315057516098,0,0.785699486732483,0.919028340080972,-0.57315057516098
"raw_lop100","1170","Luis Sánchez Ossa",242,TRUE,-0.991267800331116,0,0.977273225784302,0.995867768595041,-0.991267800331116
"raw_lop100","1171","Emilia Schneider Videla",252,TRUE,0.747862637042999,0,0.969993650913239,0.992063492063492,0.747862637042999
"raw_lop100","1172","Stephan Schubert Rubio",209,TRUE,-0.975081920623779,0,0.975156664848328,0.995215311004785,-0.975081920623779
"raw_lop100","1173","Daniela Serrano Salazar",254,TRUE,0.970765292644501,0,0.967959940433502,0.992125984251969,0.970765292644501
"raw_lop100","1174","Marco Antonio Sulantay Olivares",244,TRUE,-0.82622492313385,0,0.958010971546173,0.987704918032787,-0.82622492313385
"raw_lop100","1175","Cristián Tapia Ramos",209,TRUE,0.244962215423584,0,0.742879688739777,0.899521531100478,0.244962215423584
"raw_lop100","1176","Hotuiti Teao Drago",204,TRUE,-0.771924257278442,0,0.928668618202209,0.970588235294118,-0.771924257278442
"raw_lop100","1177","Carolina Tello Rojas",249,TRUE,0.764712452888489,0,0.958325624465942,0.983935742971888,0.764712452888489
"raw_lop100","1178","Héctor Ulloa Aguilera",225,TRUE,0.272889256477356,0,0.806800305843353,0.924444444444444,0.272889256477356
"raw_lop100","1180","Consuelo Veloso Ávila",248,TRUE,0.714149653911591,0,0.962294697761536,0.983870967741935,0.714149653911591
"raw_lop100","1181","Nelson Venegas Salazar",244,TRUE,0.505787432193756,0,0.930598378181458,0.983606557377049,0.505787432193756
"raw_lop100","1182","Sebastián Videla Castillo",238,TRUE,0.206175461411476,0,0.738428771495819,0.865546218487395,0.206175461411476
"raw_lop100","1183","Flor Weisse Novoa",183,TRUE,-0.763564765453339,0,0.92119163274765,0.967213114754098,-0.763564765453339
"raw_lop100","1184","Roberto Celedón Fernández",247,TRUE,0.732579052448273,0,0.968554258346558,0.995951417004049,0.732579052448273
"raw_lop100","1186","Ignacio Achurra Díaz",252,TRUE,0.719649314880371,0,0.968001484870911,0.992063492063492,0.719649314880371
"raw_lop100","1187","Carlo Arqueros Pizarro",251,TRUE,-0.994084537029266,0,0.977450907230377,0.99601593625498,-0.994084537029266
"raw_lop100","1188","Marcos Barraza Gómez",254,TRUE,0.970765292644501,0,0.967959940433502,0.992125984251969,0.970765292644501
"raw_lop100","1189","Jaime Bassa Mercado",245,TRUE,0.783053696155548,0,0.932568430900574,0.991836734693878,0.783053696155548
"raw_lop100","1190","Enrique Bassaletti Riess",254,TRUE,-1,0,0.977311253547668,0.996062992125984,-1
"raw_lop100","1191","Valentina Becerra Peña",248,TRUE,-0.99921977519989,0,0.976796329021454,0.995967741935484,-0.99921977519989
"raw_lop100","1192","Lilian Betancurt Delgado",147,TRUE,-0.124597497284412,0,0.672768414020538,0.775510204081633,-0.124597497284412
"raw_lop100","1193","Patricio Briones Moller",244,TRUE,-0.119852989912033,0,0.752470076084137,0.848360655737705,-0.119852989912033
"raw_lop100","1194","Daniel Bustos Leal",254,TRUE,-1,0,0.977311253547668,0.996062992125984,-1
"raw_lop100","1195","Carlos Carvajal Gallardo",232,TRUE,0.258752346038818,0,0.81760585308075,0.90948275862069,0.258752346038818
"raw_lop100","1196","Priscilla Castillo Gerli",249,TRUE,0.125235348939896,0,0.723676860332489,0.863453815261044,0.125235348939896
"raw_lop100","1197","Carlos Chandía Alarcón",239,TRUE,-0.679490149021149,0,0.871231555938721,0.949790794979079,-0.679490149021149
"raw_lop100","1198","Paz Charpentier Rajcevich",253,TRUE,-0.999529182910919,0,0.977249443531036,0.99604743083004,-0.999529182910919
"raw_lop100","1199","Jaime Coloma Álamos",248,TRUE,-0.819800853729248,0,0.95041960477829,0.983870967741935,-0.819800853729248
"raw_lop100","1200","Cristian Contreras Radovic",243,TRUE,-0.438338339328766,0,0.675223350524902,0.860082304526749,-0.438338339328766
"raw_lop100","1201","Flor Contreras Vivallo",243,TRUE,-0.115524381399155,0,0.752062857151031,0.8559670781893,-0.115524381399155
"raw_lop100","1202","Eduardo Cretton Rebolledo",250,TRUE,-0.867760062217712,0,0.950275778770447,0.972,-0.867760062217712
"raw_lop100","1203","Sebastián Cristoffanini Jaraquemada",251,TRUE,-0.994084537029266,0,0.977450907230377,0.99601593625498,-0.994084537029266
"raw_lop100","1204","Francisco Crisóstomo Llanos",247,TRUE,0.495942085981369,0,0.92533677816391,0.983805668016194,0.495942085981369
"raw_lop100","1205","Carlos Cuadrado Prats",226,TRUE,0.390826225280762,0,0.888623535633087,0.942477876106195,0.390826225280762
"raw_lop100","1206","Carolina Cucumides Calderón",253,TRUE,0.515134155750275,0,0.923798322677612,0.964426877470356,0.515134155750275
"raw_lop100","1207","Valentina Cáceres Monsálvez",234,TRUE,0.764321744441986,0,0.964733779430389,0.991452991452991,0.764321744441986
"raw_lop100","1208","Jorge Díaz Ibarra",239,TRUE,0.158873364329338,0,0.729872167110443,0.887029288702929,0.158873364329338
"raw_lop100","1209","Matías Fernández Hartwig",253,TRUE,0.737153112888336,0,0.960212230682373,0.988142292490119,0.737153112888336
"raw_lop100","1210","Gustavo Gatica Villarroel",251,TRUE,0.970096349716187,0,0.967598974704742,0.99203187250996,0.970096349716187
"raw_lop100","1211","Sofía González Cortés",252,TRUE,1,0,0.975602924823761,0.992063492063492,1
"raw_lop100","1212","Erich Grohs Marín",248,TRUE,-0.874470114707947,0,0.946958482265472,0.967741935483871,-0.874470114707947
"raw_lop100","1213","Irací Hassler Jacob",254,TRUE,0.970765292644501,0,0.967959940433502,0.992125984251969,0.970765292644501
"raw_lop100","1214","Constanza Hube Portus",248,TRUE,-0.885342299938202,0,0.957040667533875,0.975806451612903,-0.885342299938202
"raw_lop100","1215","Álvaro Jofré Cáceres",257,TRUE,-0.865669727325439,0,0.919468700885773,0.957198443579767,-0.865669727325439
"raw_lop100","1216","Stephanie Jéldrez Ortiz",252,TRUE,-0.999242305755615,0,0.977192282676697,0.996031746031746,-0.999242305755615
"raw_lop100","1217","Pier Karlezi Hazleby",240,TRUE,-0.885711669921875,0,0.91839587688446,0.958333333333333,-0.885711669921875
"raw_lop100","1218","José Antonio Kast Adriasola",253,TRUE,-0.99865311384201,0,0.977269113063812,0.99604743083004,-0.99865311384201
"raw_lop100","1219","Tomás Kast Sommerhoff",243,TRUE,-0.736490070819855,0,0.92586874961853,0.958847736625514,-0.736490070819855
"raw_lop100","1220","Leandro Kunstmann Collado",253,TRUE,-0.999449849128723,0,0.97723525762558,0.99604743083004,-0.999449849128723
"raw_lop100","1221","Benjamín Lorca Inzunza",252,TRUE,-0.999911665916443,0,0.977134168148041,0.996031746031746,-0.999911665916443
"raw_lop100","1222","Andrea Macías Palma",242,TRUE,0.649295210838318,0,0.956265389919281,0.983471074380165,0.649295210838318
"raw_lop100","1223","Hans Marowski Cuevas",239,TRUE,-0.883264422416687,0,0.936442136764526,0.96234309623431,-0.883264422416687
"raw_lop100","1224","Cristian Mella Andaur",244,TRUE,0.168594360351562,0,0.778260409832001,0.89344262295082,0.168594360351562
"raw_lop100","1225","Cristian Menchaca Pinochet",244,TRUE,-0.999085545539856,0,0.976732552051544,0.995901639344262,-0.999085545539856
"raw_lop100","1226","José Montalva Feuerhake",245,TRUE,0.278523147106171,0,0.835843145847321,0.93469387755102,0.278523147106171
"raw_lop100","1227","Claudia Mora Vega",246,TRUE,-0.689763784408569,0,0.920184314250946,0.971544715447154,-0.689763784408569
"raw_lop100","1228","Paulina Muñoz Minte",256,TRUE,-0.871057152748108,0,0.927498579025269,0.9609375,-0.871057152748108
"raw_lop100","1229","Javier Muñoz Riquelme",235,TRUE,0.155464455485344,0,0.754859209060669,0.88936170212766,0.155464455485344
"raw_lop100","1230","Alex Nahuelquin Nahuelquin",239,TRUE,-0.127200827002525,0,0.73011726140976,0.820083682008368,-0.127200827002525
"raw_lop100","1231","Ximena Naranjo Pinto",240,TRUE,-0.723947763442993,0,0.927952885627747,0.975,-0.723947763442993
"raw_lop100","1232","Cristian Neira Martínez",249,TRUE,-0.994088530540466,0,0.977274000644684,0.995983935742972,-0.994088530540466
"raw_lop100","1233","Ricardo Neumann Bertín",246,TRUE,-0.8393235206604,0,0.961651623249054,0.98780487804878,-0.8393235206604
"raw_lop100","1234","Mario Olavarría Rodríguez",210,TRUE,-0.84204226732254,0,0.952720701694489,0.985714285714286,-0.84204226732254
"raw_lop100","1235","Javier Olivares Avendaño",250,TRUE,-0.398999929428101,0,0.752182126045227,0.86,-0.398999929428101
"raw_lop100","1236","Paula Olmos Contreras",198,TRUE,-0.0369796454906464,0,0.703292787075043,0.823232323232323,-0.0369796454906464
"raw_lop100","1237","Francisco Orrego Gutiérrez",244,TRUE,-0.7908695936203,0,0.959893524646759,0.983606557377049,-0.7908695936203
"raw_lop100","1238","Álvaro Ortiz Vera",248,TRUE,0.192589670419693,0,0.762006223201752,0.858870967741935,0.192589670419693
"raw_lop100","1239","Fabián Ossandón Briceño",230,TRUE,0.0961235165596008,0,0.754309117794037,0.882608695652174,0.0961235165596008
"raw_lop100","1240","Zandra Parisi Fernández",193,TRUE,-0.149104997515678,0,0.741589725017548,0.860103626943005,-0.149104997515678
"raw_lop100","1241","Patricio Pinilla Valencia",238,TRUE,0.248936608433723,0,0.773123502731323,0.861344537815126,0.248936608433723
"raw_lop100","1242","Rodrigo Ramírez Parra",247,TRUE,-0.726696252822876,0,0.930565118789673,0.963562753036437,-0.726696252822876
"raw_lop100","1243","Tamara Ramírez Ramírez",240,TRUE,0.0824447348713875,0,0.7245854139328,0.854166666666667,0.0824447348713875
"raw_lop100","1244","Claudia Reyes Larenas",244,TRUE,-0.923810660839081,0,0.967224180698395,0.995901639344262,-0.923810660839081
"raw_lop100","1245","Alejandro Riquelme Ducci",245,TRUE,-0.999238014221191,0,0.976758301258087,0.995918367346939,-0.999238014221191
"raw_lop100","1246","José Antonio Rivas Villalobos",242,TRUE,0.508694469928741,0,0.897559642791748,0.962809917355372,0.508694469928741
"raw_lop100","1247","Javiera Rodríguez Pascual",254,TRUE,-1,0,0.977311253547668,0.996062992125984,-1
"raw_lop100","1248","Felipe Ross Correa",250,TRUE,-1,0,0.984447717666626,0.996,-1
"raw_lop100","1249","Omar Sabat Guzmán",243,TRUE,-0.821120023727417,0,0.952683806419373,0.979423868312757,-0.821120023727417
"raw_lop100","1250","Bernardo Salinas Maya",200,TRUE,0.987358629703522,0,0.933706521987915,0.99,0.987358629703522
"raw_lop100","1251","Macarena Santelices Cañas",248,TRUE,-0.988665819168091,0,0.978347659111023,0.995967741935484,-0.988665819168091
"raw_lop100","1252","Constanza Schonhaut Soto",246,TRUE,0.747468948364258,0,0.973547220230103,0.991869918699187,0.747468948364258
"raw_lop100","1253","Fernando Ugarte Tejeda",254,TRUE,-1,0,0.977311253547668,0.996062992125984,-1
"raw_lop100","1254","Ignacio Urcullú Clèment-Lund",254,TRUE,-1,0,0.977311253547668,0.996062992125984,-1
"raw_lop100","1255","Eileen Urqueta Rojas",245,TRUE,0.0199602730572224,0,0.716966927051544,0.828571428571429,0.0199602730572224
"raw_lop100","1256","Tatiana Urrutia Herrera",242,TRUE,0.747263550758362,0,0.97314715385437,0.991735537190083,0.747263550758362
"raw_lop100","1257","Alejandra Valdebenito Torres",249,TRUE,-0.744052708148956,0,0.880775988101959,0.943775100401606,-0.744052708148956
"raw_lop100","1258","Guillermo Valdés Carmona",244,TRUE,-0.0696387216448784,0,0.714091718196869,0.827868852459016,-0.0696387216448784
"raw_lop100","1259","Juan Marcelo Valenzuela Henríquez",238,TRUE,-0.241539776325226,0,0.784552395343781,0.894957983193277,-0.241539776325226
"raw_lop100","1260","César Valenzuela Maass",249,TRUE,0.5050168633461,0,0.923721313476562,0.983935742971888,0.5050168633461
"raw_lop100","1261","Daniel Valenzuela Salazar",236,TRUE,-0.803694784641266,0,0.957334876060486,0.98728813559322,-0.803694784641266
"raw_lop100","1262","Diego Vergara Rodríguez",253,TRUE,-0.999529182910919,0,0.977249443531036,0.99604743083004,-0.999529182910919
"raw_lop100","1263","Sebastián Zamora Soto",241,TRUE,-0.986889183521271,0,0.977431416511536,0.995850622406639,-0.986889183521271
"raw_lop100","1264","Fernando Zamorano Peralta",238,TRUE,0.315422028303146,0,0.85828161239624,0.953781512605042,0.315422028303146
"dedup_lop025","803","René Alinco Bustos",213,TRUE,0.231069058179855,0,0.580759346485138,0.812206572769953,0.231069058179855
"dedup_lop025","815","Sergio Bobadilla Muñoz",260,TRUE,-0.867544174194336,0,0.935577034950256,0.984615384615385,-0.867544174194336
"dedup_lop025","843","René Manuel García García",221,TRUE,-0.818265199661255,0,0.90826004743576,0.968325791855204,-0.818265199661255
"dedup_lop025","872","Jaime Mulet Martínez",241,TRUE,0.19487202167511,0,0.625582814216614,0.809128630705394,0.19487202167511
"dedup_lop025","915","Germán Verdugo Soto",250,TRUE,-0.887476563453674,0,0.91230970621109,0.972,-0.887476563453674
"dedup_lop025","986","Marcela Hernando Pérez",211,TRUE,0.32845664024353,0,0.814803719520569,0.928909952606635,0.32845664024353
"dedup_lop025","1009","Jorge Alessandri Vergara",244,TRUE,-0.879681706428528,0,0.958470046520233,0.991803278688525,-0.879681706428528
"dedup_lop025","1012","Boris Barrera Moreno",260,TRUE,0.990867137908936,0,0.952896535396576,0.992307692307692,0.990867137908936
"dedup_lop025","1013","Alejandro Bernales Maldonado",235,TRUE,0.249952927231789,0,0.733117580413818,0.868085106382979,0.249952927231789
"dedup_lop025","1015","Jorge Brito Hasbún",230,TRUE,0.762316048145294,0,0.927409648895264,0.973913043478261,0.762316048145294
"dedup_lop025","1017","Álvaro Carter Fernández",248,TRUE,-0.982877790927887,0,0.973594963550568,0.995967741935484,-0.982877790927887
"dedup_lop025","1021","Andrés Celis Montt",234,TRUE,-0.760648012161255,0,0.884073972702026,0.944444444444444,-0.760648012161255
"dedup_lop025","1025","Catalina Del Real Mihovilovic",220,TRUE,-0.980300903320312,0,0.971005618572235,0.995454545454545,-0.980300903320312
"dedup_lop025","1028","Eduardo Durán Salinas",248,TRUE,-0.727157413959503,0,0.938817083835602,0.983870967741935,-0.727157413959503
"dedup_lop025","1038","Marcos Ilabaca Cerda",221,TRUE,0.573781967163086,0,0.879547238349915,0.959276018099548,0.573781967163086
"dedup_lop025","1039","Pamela Jiles Moreno",250,TRUE,0.159877717494965,0,0.674321174621582,0.82,0.159877717494965
"dedup_lop025","1044","Raúl Leiva Carvajal",224,TRUE,0.514751076698303,0,0.912431657314301,0.973214285714286,0.514751076698303
"dedup_lop025","1054","Francesca Muñoz González",247,TRUE,-0.725560247898102,0,0.932401061058044,0.975708502024291,-0.725560247898102
"dedup_lop025","1056","Emilia Nuyado Ancapichun",262,TRUE,0.653812229633331,0,0.914551436901093,0.958015267175573,0.653812229633331
"dedup_lop025","1059","Ximena Ossandón Irarrázabal",246,TRUE,-0.769565105438232,0,0.863095581531525,0.939024390243902,-0.769565105438232
"dedup_lop025","1060","Luis Pardo Sáinz",254,TRUE,-0.761234700679779,0,0.939564287662506,0.980314960629921,-0.761234700679779
"dedup_lop025","1061","Andrea Parra Sauterel",245,TRUE,0.389636039733887,0,0.855897605419159,0.951020408163265,0.389636039733887
"dedup_lop025","1062","Joanna Pérez Olea",216,TRUE,-0.689560055732727,0,0.898276746273041,0.976851851851852,-0.689560055732727
"dedup_lop025","1065","Guillermo Ramírez Diez",242,TRUE,-0.865959405899048,0,0.971336722373962,0.991735537190083,-0.865959405899048
"dedup_lop025","1073","Juan Santana Castillo",243,TRUE,0.75796777009964,0,0.945426821708679,0.991769547325103,0.75796777009964
"dedup_lop025","1074","Marisela Santibáñez Novoa",231,TRUE,0.810636878013611,0,0.921769738197327,0.978354978354978,0.810636878013611
"dedup_lop025","1075","Diego Schalper Sepúlveda",241,TRUE,-0.806382834911346,0,0.931567370891571,0.962655601659751,-0.806382834911346
"dedup_lop025","1077","Raúl Soto Mardones",230,TRUE,0.394655048847198,0,0.866678476333618,0.947826086956522,0.394655048847198
"dedup_lop025","1082","Cristóbal Urruticoechea Ríos",232,TRUE,-1,0,0.924882650375366,0.956896551724138,-1
"dedup_lop025","1086","Gonzalo Winter Etcheberry",222,TRUE,0.722987294197083,0,0.89701235294342,0.972972972972973,0.722987294197083
"dedup_lop025","1087","Gael Yeomans Araya",246,TRUE,0.735291302204132,0,0.934162199497223,0.983739837398374,0.735291302204132
"dedup_lop025","1099","Jaime Araya Guerrero",223,TRUE,0.428384870290756,0,0.893090724945068,0.968609865470852,0.428384870290756
"dedup_lop025","1100","Cristián Araya Lerdo de Tejada",261,TRUE,-0.993960976600647,0,0.972899675369263,0.996168582375479,-0.993960976600647
"dedup_lop025","1102","Roberto Arroyo Muñoz",215,TRUE,-0.681974649429321,0,0.878464937210083,0.958139534883721,-0.681974649429321
"dedup_lop025","1104","Chiara Barchiesi Chávez",252,TRUE,-0.987522780895233,0,0.977515697479248,1,-0.987522780895233
"dedup_lop025","1105","Héctor Barría Angulo",240,TRUE,0.263619124889374,0,0.727430582046509,0.841666666666667,0.263619124889374
"dedup_lop025","1107","María Francisca Bello Campos",0,FALSE,NA,NA,NA,NA,NA
"dedup_lop025","1108","Juan Carlos Beltrán Silva",244,TRUE,-0.751405239105225,0,0.900616347789764,0.954918032786885,-0.751405239105225
"dedup_lop025","1110","Carlos Bianchi Chelech",244,TRUE,0.324784904718399,0,0.796895682811737,0.909836065573771,0.324784904718399
"dedup_lop025","1114","Félix Bugueño Sotelo",237,TRUE,0.67331326007843,0,0.929042339324951,0.970464135021097,0.67331326007843
"dedup_lop025","1116","Felipe Camaño Cárdenas",248,TRUE,0.202651277184486,0,0.706170260906219,0.838709677419355,0.202651277184486
"dedup_lop025","1117","Nathalie Castillo Rojas",224,TRUE,0.918340563774109,0,0.939679861068726,0.986607142857143,0.918340563774109
"dedup_lop025","1119","Sara Concha Smith",255,TRUE,-0.72263890504837,0,0.935506582260132,0.980392156862745,-0.72263890504837
"dedup_lop025","1122","Luis Alberto Cuello Peña y Lillo",256,TRUE,0.979218602180481,0,0.952681601047516,0.9921875,0.979218602180481
"dedup_lop025","1127","Lorena Fries Monleón",247,TRUE,0.755072832107544,0,0.950412929058075,0.987854251012146,0.755072832107544
"dedup_lop025","1128","Ana María Gazmuri Vieira",233,TRUE,0.901384234428406,0,0.929106295108795,0.987124463519313,0.901384234428406
"dedup_lop025","1131","Mauro González Villarroel",237,TRUE,-0.740974843502045,0,0.927204310894012,0.978902953586498,-0.740974843502045
"dedup_lop025","1132","Jorge Guzmán Zepeda",253,TRUE,-0.726601362228394,0,0.876559615135193,0.960474308300395,-0.726601362228394
"dedup_lop025","1133","Juan Irarrázaval Rossel",260,TRUE,-0.990094840526581,0,0.973332047462463,0.996153846153846,-0.990094840526581
"dedup_lop025","1140","Daniel Lilayu Vivanco",257,TRUE,-0.903160691261292,0,0.95370751619339,0.980544747081712,-0.903160691261292
"dedup_lop025","1141","Luis Malla Valenzuela",234,TRUE,0.334421277046204,0,0.799597084522247,0.918803418803419,0.334421277046204
"dedup_lop025","1142","Daniel Manouchehri Lobos",226,TRUE,0.558612644672394,0,0.937715470790863,0.991150442477876,0.558612644672394
"dedup_lop025","1143","Cristóbal Martínez Ramírez",260,TRUE,-0.80897581577301,0,0.922065496444702,0.980769230769231,-0.80897581577301
"dedup_lop025","1146","José Carlos Meza Pereira",242,TRUE,-0.971850693225861,0,0.933643281459808,0.991735537190083,-0.971850693225861
"dedup_lop025","1148","Javiera Morales Alvarado",87,TRUE,0.63204824924469,0,0.959852457046509,0.977011494252874,0.63204824924469
"dedup_lop025","1150","Benjamín Moreno Bascur",264,TRUE,-0.994929313659668,0,0.973032772541046,0.996212121212121,-0.994929313659668
"dedup_lop025","1152","Gloria Naveillan Arriagada",237,TRUE,-0.858866393566132,0,0.900598704814911,0.953586497890295,-0.858866393566132
"dedup_lop025","1153","Coca Ericka Ñanco Vásquez",162,TRUE,0.750555813312531,0,0.941669762134552,0.981481481481482,0.750555813312531
"dedup_lop025","1157","Marlene Pérez Cartes",211,TRUE,-0.764876127243042,0,0.929963231086731,0.976303317535545,-0.764876127243042
"dedup_lop025","1159","Lorena Pizarro Sierra",250,TRUE,0.915400445461273,0,0.930353999137878,0.988,0.915400445461273
"dedup_lop025","1165","Agustín Romero Leiva",263,TRUE,-0.994917333126068,0,0.972931683063507,0.996197718631179,-0.994917333126068
"dedup_lop025","1166","Natalia Romero Talguia",258,TRUE,-0.610281586647034,0,0.790321171283722,0.89922480620155,-0.610281586647034
"dedup_lop025","1170","Luis Sánchez Ossa",252,TRUE,-0.988132238388062,0,0.973243296146393,0.996031746031746,-0.988132238388062
"dedup_lop025","1171","Emilia Schneider Videla",260,TRUE,0.763153791427612,0,0.947472810745239,0.988461538461539,0.763153791427612
"dedup_lop025","1172","Stephan Schubert Rubio",218,TRUE,-0.9763063788414,0,0.970805168151855,0.995412844036697,-0.9763063788414
"dedup_lop025","1173","Daniela Serrano Salazar",260,TRUE,0.990867137908936,0,0.952896535396576,0.992307692307692,0.990867137908936
"dedup_lop025","1174","Marco Antonio Sulantay Olivares",254,TRUE,-0.85188364982605,0,0.955917775630951,0.988188976377953,-0.85188364982605
"dedup_lop025","1175","Cristián Tapia Ramos",223,TRUE,0.318836629390717,0,0.757562756538391,0.905829596412556,0.318836629390717
"dedup_lop025","1176","Hotuiti Teao Drago",219,TRUE,-0.803476870059967,0,0.930543303489685,0.972602739726027,-0.803476870059967
"dedup_lop025","1177","Carolina Tello Rojas",256,TRUE,0.757029950618744,0,0.941888809204102,0.98046875,0.757029950618744
"dedup_lop025","1178","Héctor Ulloa Aguilera",234,TRUE,0.346190452575684,0,0.814272165298462,0.927350427350427,0.346190452575684
"dedup_lop025","1180","Consuelo Veloso Ávila",255,TRUE,0.728721022605896,0,0.938262820243835,0.980392156862745,0.728721022605896
"dedup_lop025","1181","Nelson Venegas Salazar",251,TRUE,0.626898407936096,0,0.902889609336853,0.972111553784861,0.626898407936096
"dedup_lop025","1182","Sebastián Videla Castillo",248,TRUE,0.275049865245819,0,0.738932430744171,0.862903225806452,0.275049865245819
"dedup_lop025","1183","Flor Weisse Novoa",186,TRUE,-0.801343977451324,0,0.922383069992065,0.973118279569892,-0.801343977451324
"dedup_lop025","1184","Roberto Celedón Fernández",258,TRUE,0.711381494998932,0,0.940580725669861,0.988372093023256,0.711381494998932
"dedup_lop025","1186","Ignacio Achurra Díaz",258,TRUE,0.742564558982849,0,0.948051631450653,0.988372093023256,0.742564558982849
"dedup_lop025","1187","Carlo Arqueros Pizarro",261,TRUE,-0.990050196647644,0,0.973400890827179,0.996168582375479,-0.990050196647644
"dedup_lop025","1188","Marcos Barraza Gómez",260,TRUE,0.922953724861145,0,0.950842678546906,0.992307692307692,0.922953724861145
"dedup_lop025","1189","Jaime Bassa Mercado",254,TRUE,0.787830114364624,0,0.906578421592712,0.984251968503937,0.787830114364624
"dedup_lop025","1190","Enrique Bassaletti Riess",264,TRUE,-0.994929313659668,0,0.973032772541046,0.996212121212121,-0.994929313659668
"dedup_lop025","1191","Valentina Becerra Peña",257,TRUE,-0.994482100009918,0,0.972433924674988,0.996108949416342,-0.994482100009918
"dedup_lop025","1192","Lilian Betancurt Delgado",160,TRUE,-0.077951654791832,0,0.700800955295563,0.83125,-0.077951654791832
"dedup_lop025","1193","Patricio Briones Moller",255,TRUE,-0.0682032257318497,0,0.753948926925659,0.858823529411765,-0.0682032257318497
"dedup_lop025","1194","Daniel Bustos Leal",264,TRUE,-0.994929313659668,0,0.973032772541046,0.996212121212121,-0.994929313659668
"dedup_lop025","1195","Carlos Carvajal Gallardo",242,TRUE,0.330161720514297,0,0.824554622173309,0.917355371900826,0.330161720514297
"dedup_lop025","1196","Priscilla Castillo Gerli",258,TRUE,0.187930688261986,0,0.725676000118256,0.864341085271318,0.187930688261986
"dedup_lop025","1197","Carlos Chandía Alarcón",247,TRUE,-0.730497896671295,0,0.895150363445282,0.955465587044534,-0.730497896671295
"dedup_lop025","1198","Paz Charpentier Rajcevich",263,TRUE,-0.994174063205719,0,0.972999036312103,0.996197718631179,-0.994174063205719
"dedup_lop025","1199","Jaime Coloma Álamos",257,TRUE,-0.855110049247742,0,0.949887096881866,0.980544747081712,-0.855110049247742
"dedup_lop025","1200","Cristian Contreras Radovic",253,TRUE,-0.468678206205368,0,0.677221059799194,0.865612648221344,-0.468678206205368
"dedup_lop025","1201","Flor Contreras Vivallo",254,TRUE,-0.0749665945768356,0,0.754124402999878,0.866141732283465,-0.0749665945768356
"dedup_lop025","1202","Eduardo Cretton Rebolledo",259,TRUE,-0.901092290878296,0,0.946598052978516,0.976833976833977,-0.901092290878296
"dedup_lop025","1203","Sebastián Cristoffanini Jaraquemada",261,TRUE,-0.990050196647644,0,0.973400890827179,0.996168582375479,-0.990050196647644
"dedup_lop025","1204","Francisco Crisóstomo Llanos",255,TRUE,0.586056232452393,0,0.921539783477783,0.992156862745098,0.586056232452393
"dedup_lop025","1205","Carlos Cuadrado Prats",235,TRUE,0.472031801939011,0,0.886701047420502,0.94468085106383,0.472031801939011
"dedup_lop025","1206","Carolina Cucumides Calderón",260,TRUE,0.603081405162811,0,0.921875,0.984615384615385,0.603081405162811
"dedup_lop025","1207","Valentina Cáceres Monsálvez",242,TRUE,0.700634002685547,0,0.937750279903412,0.983471074380165,0.700634002685547
"dedup_lop025","1208","Jorge Díaz Ibarra",248,TRUE,0.218647941946983,0,0.741389751434326,0.887096774193548,0.218647941946983
"dedup_lop025","1209","Matías Fernández Hartwig",259,TRUE,0.750147700309753,0,0.940961539745331,0.988416988416988,0.750147700309753
"dedup_lop025","1210","Gustavo Gatica Villarroel",256,TRUE,0.931266307830811,0,0.947477459907532,0.984375,0.931266307830811
"dedup_lop025","1211","Sofía González Cortés",258,TRUE,1,0,0.959756672382355,0.988372093023256,1
"dedup_lop025","1212","Erich Grohs Marín",257,TRUE,-0.995607137680054,0,0.943488419055939,0.961089494163424,-0.995607137680054
"dedup_lop025","1213","Irací Hassler Jacob",260,TRUE,0.922953724861145,0,0.950842678546906,0.992307692307692,0.922953724861145
"dedup_lop025","1214","Constanza Hube Portus",257,TRUE,-0.91695636510849,0,0.952320098876953,0.972762645914397,-0.91695636510849
"dedup_lop025","1215","Álvaro Jofré Cáceres",268,TRUE,-0.993245899677277,0,0.916450023651123,0.951492537313433,-0.993245899677277
"dedup_lop025","1216","Stephanie Jéldrez Ortiz",262,TRUE,-0.994377076625824,0,0.972915589809418,0.99618320610687,-0.994377076625824
"dedup_lop025","1217","Pier Karlezi Hazleby",251,TRUE,-1,0,0.917630016803741,0.952191235059761,-1
"dedup_lop025","1218","José Antonio Kast Adriasola",263,TRUE,-0.993113934993744,0,0.973043143749237,0.996197718631179,-0.993113934993744
"dedup_lop025","1219","Tomás Kast Sommerhoff",253,TRUE,-0.778984665870667,0,0.928919911384583,0.964426877470356,-0.778984665870667
"dedup_lop025","1220","Leandro Kunstmann Collado",263,TRUE,-0.994667768478394,0,0.97295880317688,0.996197718631179,-0.994667768478394
"dedup_lop025","1221","Benjamín Lorca Inzunza",261,TRUE,-0.995112657546997,0,0.972961962223053,0.996168582375479,-0.995112657546997
"dedup_lop025","1222","Andrea Macías Palma",247,TRUE,0.739489316940308,0,0.939428865909576,0.975708502024291,0.739489316940308
"dedup_lop025","1223","Hans Marowski Cuevas",249,TRUE,-1,0,0.933011054992676,0.955823293172691,-1
"dedup_lop025","1224","Cristian Mella Andaur",253,TRUE,0.230873197317123,0,0.778224170207977,0.881422924901186,0.230873197317123
"dedup_lop025","1225","Cristian Menchaca Pinochet",253,TRUE,-0.994465947151184,0,0.97220903635025,0.99604743083004,-0.994465947151184
"dedup_lop025","1226","José Montalva Feuerhake",256,TRUE,0.361880242824554,0,0.819919466972351,0.9296875,0.361880242824554
"dedup_lop025","1227","Claudia Mora Vega",256,TRUE,-0.749023199081421,0,0.911877751350403,0.96875,-0.749023199081421
"dedup_lop025","1228","Paulina Muñoz Minte",267,TRUE,-0.999947965145111,0,0.924161851406097,0.955056179775281,-0.999947965145111
"dedup_lop025","1229","Javier Muñoz Riquelme",244,TRUE,0.215515404939651,0,0.755639970302582,0.885245901639344,0.215515404939651
"dedup_lop025","1230","Alex Nahuelquin Nahuelquin",250,TRUE,-0.0748839229345322,0,0.73438423871994,0.848,-0.0748839229345322
"dedup_lop025","1231","Ximena Naranjo Pinto",251,TRUE,-0.759898900985718,0,0.930845975875854,0.9800796812749,-0.759898900985718
"dedup_lop025","1232","Cristian Neira Martínez",259,TRUE,-0.9898921251297,0,0.973199069499969,0.996138996138996,-0.9898921251297
"dedup_lop025","1233","Ricardo Neumann Bertín",255,TRUE,-0.868846476078033,0,0.959579408168793,0.988235294117647,-0.868846476078033
"dedup_lop025","1234","Mario Olavarría Rodríguez",216,TRUE,-0.874584078788757,0,0.952144920825958,0.986111111111111,-0.874584078788757
"dedup_lop025","1235","Javier Olivares Avendaño",261,TRUE,-0.413522064685822,0,0.743005573749542,0.85823754789272,-0.413522064685822
"dedup_lop025","1236","Paula Olmos Contreras",211,TRUE,0.0163736492395401,0,0.708750307559967,0.824644549763033,0.0163736492395401
"dedup_lop025","1237","Francisco Orrego Gutiérrez",253,TRUE,-0.835561752319336,0,0.959939420223236,0.984189723320158,-0.835561752319336
"dedup_lop025","1238","Álvaro Ortiz Vera",256,TRUE,0.259534239768982,0,0.760536432266235,0.859375,0.259534239768982
"dedup_lop025","1239","Fabián Ossandón Briceño",241,TRUE,0.153864249587059,0,0.751221418380737,0.883817427385892,0.153864249587059
"dedup_lop025","1240","Zandra Parisi Fernández",202,TRUE,-0.0994845107197762,0,0.741526782512665,0.866336633663366,-0.0994845107197762
"dedup_lop025","1241","Patricio Pinilla Valencia",247,TRUE,0.322551667690277,0,0.768760442733765,0.866396761133603,0.322551667690277
"dedup_lop025","1242","Rodrigo Ramírez Parra",256,TRUE,-0.785523355007172,0,0.923366904258728,0.953125,-0.785523355007172
"dedup_lop025","1243","Tamara Ramírez Ramírez",250,TRUE,0.138664945960045,0,0.723235428333282,0.86,0.138664945960045
"dedup_lop025","1244","Claudia Reyes Larenas",254,TRUE,-0.94538152217865,0,0.965175151824951,0.996062992125984,-0.94538152217865
"dedup_lop025","1245","Alejandro Riquelme Ducci",255,TRUE,-0.994499683380127,0,0.972316980361938,0.996078431372549,-0.994499683380127
"dedup_lop025","1246","José Antonio Rivas Villalobos",244,TRUE,0.609582424163818,0,0.88884425163269,0.971311475409836,0.609582424163818
"dedup_lop025","1247","Javiera Rodríguez Pascual",264,TRUE,-0.994929313659668,0,0.973032772541046,0.996212121212121,-0.994929313659668
"dedup_lop025","1248","Felipe Ross Correa",258,TRUE,-1,0,0.985507428646088,0.996124031007752,-1
"dedup_lop025","1249","Omar Sabat Guzmán",252,TRUE,-0.857354819774628,0,0.950840175151825,0.98015873015873,-0.857354819774628
"dedup_lop025","1250","Bernardo Salinas Maya",211,TRUE,0.919236779212952,0,0.917872130870819,0.990521327014218,0.919236779212952
"dedup_lop025","1251","Macarena Santelices Cañas",258,TRUE,-0.986894905567169,0,0.974444270133972,0.996124031007752,-0.986894905567169
"dedup_lop025","1252","Constanza Schonhaut Soto",254,TRUE,0.761062741279602,0,0.950521230697632,0.988188976377953,0.761062741279602
"dedup_lop025","1253","Fernando Ugarte Tejeda",264,TRUE,-0.994929313659668,0,0.973032772541046,0.996212121212121,-0.994929313659668
"dedup_lop025","1254","Ignacio Urcullú Clèment-Lund",264,TRUE,-0.994929313659668,0,0.973032772541046,0.996212121212121,-0.994929313659668
"dedup_lop025","1255","Eileen Urqueta Rojas",256,TRUE,0.0871394723653793,0,0.723674595355988,0.828125,0.0871394723653793
"dedup_lop025","1256","Tatiana Urrutia Herrera",251,TRUE,0.758575022220612,0,0.9494988322258,0.98804780876494,0.758575022220612
"dedup_lop025","1257","Alejandra Valdebenito Torres",260,TRUE,-0.782022893428802,0,0.882505238056183,0.946153846153846,-0.782022893428802
"dedup_lop025","1258","Guillermo Valdés Carmona",255,TRUE,-0.00853640027344227,0,0.709833383560181,0.831372549019608,-0.00853640027344227
"dedup_lop025","1259","Juan Marcelo Valenzuela Henríquez",249,TRUE,-0.210934981703758,0,0.78220671415329,0.891566265060241,-0.210934981703758
"dedup_lop025","1260","César Valenzuela Maass",255,TRUE,0.602891504764557,0,0.920634865760803,0.992156862745098,0.602891504764557
"dedup_lop025","1261","Daniel Valenzuela Salazar",243,TRUE,-0.865948617458344,0,0.952910006046295,0.975308641975309,-0.865948617458344
"dedup_lop025","1262","Diego Vergara Rodríguez",263,TRUE,-0.994174063205719,0,0.972999036312103,0.996197718631179,-0.994174063205719
"dedup_lop025","1263","Sebastián Zamora Soto",251,TRUE,-0.984454452991486,0,0.973585605621338,0.99601593625498,-0.984454452991486
"dedup_lop025","1264","Fernando Zamorano Peralta",248,TRUE,0.393892884254456,0,0.852418124675751,0.943548387096774,0.393892884254456
"cap20_balanced_lop025","803","René Alinco Bustos",121,TRUE,0.316475480794907,0,0.511121809482574,0.760330578512397,0.316475480794907
"cap20_balanced_lop025","815","Sergio Bobadilla Muñoz",160,TRUE,-0.697819948196411,0,0.912768125534058,0.96875,-0.697819948196411
"cap20_balanced_lop025","843","René Manuel García García",131,TRUE,-0.704362452030182,0,0.890419781208038,0.961832061068702,-0.704362452030182
"cap20_balanced_lop025","872","Jaime Mulet Martínez",147,TRUE,0.357416152954102,0,0.644840598106384,0.843537414965986,0.357416152954102
"cap20_balanced_lop025","915","Germán Verdugo Soto",150,TRUE,-0.764164447784424,0,0.872000396251678,0.953333333333333,-0.764164447784424
"cap20_balanced_lop025","986","Marcela Hernando Pérez",142,TRUE,0.471136778593063,0,0.862092554569244,0.950704225352113,0.471136778593063
"cap20_balanced_lop025","1009","Jorge Alessandri Vergara",145,TRUE,-0.731476783752441,0,0.953324437141418,0.993103448275862,-0.731476783752441
"cap20_balanced_lop025","1012","Boris Barrera Moreno",160,TRUE,1,0,0.942257225513458,0.98125,1
"cap20_balanced_lop025","1013","Alejandro Bernales Maldonado",148,TRUE,0.439540207386017,0,0.832643270492554,0.952702702702703,0.439540207386017
"cap20_balanced_lop025","1015","Jorge Brito Hasbún",134,TRUE,0.975267112255096,0,0.958206951618195,0.977611940298508,0.975267112255096
"cap20_balanced_lop025","1017","Álvaro Carter Fernández",148,TRUE,-0.776265442371368,0,0.965716242790222,0.993243243243243,-0.776265442371368
"cap20_balanced_lop025","1021","Andrés Celis Montt",140,TRUE,-0.724291324615479,0,0.817061185836792,0.907142857142857,-0.724291324615479
"cap20_balanced_lop025","1025","Catalina Del Real Mihovilovic",120,TRUE,-0.769879937171936,0,0.959414601325989,0.991666666666667,-0.769879937171936
"cap20_balanced_lop025","1028","Eduardo Durán Salinas",151,TRUE,-0.599321663379669,0,0.924339473247528,0.986754966887417,-0.599321663379669
"cap20_balanced_lop025","1038","Marcos Ilabaca Cerda",128,TRUE,0.668580830097198,0,0.853211343288422,0.953125,0.668580830097198
"cap20_balanced_lop025","1039","Pamela Jiles Moreno",155,TRUE,0.218151658773422,0,0.742302536964417,0.87741935483871,0.218151658773422
"cap20_balanced_lop025","1044","Raúl Leiva Carvajal",125,TRUE,0.613836228847504,0,0.923377394676208,0.984,0.613836228847504
"cap20_balanced_lop025","1054","Francesca Muñoz González",149,TRUE,-0.609835386276245,0,0.942112743854523,0.973154362416107,-0.609835386276245
"cap20_balanced_lop025","1056","Emilia Nuyado Ancapichun",163,TRUE,0.751465916633606,0,0.913825869560242,0.96319018404908,0.751465916633606
"cap20_balanced_lop025","1059","Ximena Ossandón Irarrázabal",149,TRUE,-0.720423400402069,0,0.781471431255341,0.912751677852349,-0.720423400402069
"cap20_balanced_lop025","1060","Luis Pardo Sáinz",155,TRUE,-0.666595041751862,0,0.918448626995087,0.967741935483871,-0.666595041751862
"cap20_balanced_lop025","1061","Andrea Parra Sauterel",152,TRUE,0.443996608257294,0,0.84495085477829,0.947368421052632,0.443996608257294
"cap20_balanced_lop025","1062","Joanna Pérez Olea",124,TRUE,-0.566421926021576,0,0.841424167156219,0.967741935483871,-0.566421926021576
"cap20_balanced_lop025","1065","Guillermo Ramírez Diez",143,TRUE,-0.705791056156158,0,0.96711277961731,0.993006993006993,-0.705791056156158
"cap20_balanced_lop025","1073","Juan Santana Castillo",146,TRUE,1,0,0.966466963291168,0.986301369863014,1
"cap20_balanced_lop025","1074","Marisela Santibáñez Novoa",131,TRUE,0.91782283782959,0,0.942264020442963,0.984732824427481,0.91782283782959
"cap20_balanced_lop025","1075","Diego Schalper Sepúlveda",143,TRUE,-0.819175064563751,0,0.916868150234222,0.937062937062937,-0.819175064563751
"cap20_balanced_lop025","1077","Raúl Soto Mardones",137,TRUE,0.458218783140182,0,0.875423610210419,0.956204379562044,0.458218783140182
"cap20_balanced_lop025","1082","Cristóbal Urruticoechea Ríos",136,TRUE,-1,0,0.924524486064911,0.977941176470588,-1
"cap20_balanced_lop025","1086","Gonzalo Winter Etcheberry",132,TRUE,0.892083942890167,0,0.911284923553467,0.977272727272727,0.892083942890167
"cap20_balanced_lop025","1087","Gael Yeomans Araya",148,TRUE,0.91872239112854,0,0.956493556499481,0.993243243243243,0.91872239112854
"cap20_balanced_lop025","1099","Jaime Araya Guerrero",126,TRUE,0.478314340114594,0,0.877165555953979,0.952380952380952,0.478314340114594
"cap20_balanced_lop025","1100","Cristián Araya Lerdo de Tejada",162,TRUE,-0.784297585487366,0,0.963949859142303,0.993827160493827,-0.784297585487366
"cap20_balanced_lop025","1102","Roberto Arroyo Muñoz",122,TRUE,-0.594127833843231,0,0.841561317443848,0.934426229508197,-0.594127833843231
"cap20_balanced_lop025","1104","Chiara Barchiesi Chávez",152,TRUE,-0.778656542301178,0,0.97182697057724,1,-0.778656542301178
"cap20_balanced_lop025","1105","Héctor Barría Angulo",141,TRUE,0.454857587814331,0,0.742875576019287,0.858156028368794,0.454857587814331
"cap20_balanced_lop025","1107","María Francisca Bello Campos",0,FALSE,NA,NA,NA,NA,NA
"cap20_balanced_lop025","1108","Juan Carlos Beltrán Silva",147,TRUE,-0.625544488430023,0,0.902111649513245,0.952380952380952,-0.625544488430023
"cap20_balanced_lop025","1110","Carlos Bianchi Chelech",151,TRUE,0.413857847452164,0,0.844525575637817,0.933774834437086,0.413857847452164
"cap20_balanced_lop025","1114","Félix Bugueño Sotelo",141,TRUE,0.82068794965744,0,0.929418325424194,0.978723404255319,0.82068794965744
"cap20_balanced_lop025","1116","Felipe Camaño Cárdenas",149,TRUE,0.375504225492477,0,0.750530779361725,0.838926174496644,0.375504225492477
"cap20_balanced_lop025","1117","Nathalie Castillo Rojas",127,TRUE,1,0,0.923861801624298,0.968503937007874,1
"cap20_balanced_lop025","1119","Sara Concha Smith",156,TRUE,-0.625241339206696,0,0.94118320941925,0.980769230769231,-0.625241339206696
"cap20_balanced_lop025","1122","Luis Alberto Cuello Peña y Lillo",157,TRUE,1,0,0.941187381744385,0.980891719745223,1
"cap20_balanced_lop025","1127","Lorena Fries Monleón",149,TRUE,0.912134408950806,0,0.958650588989258,0.993288590604027,0.912134408950806
"cap20_balanced_lop025","1128","Ana María Gazmuri Vieira",151,TRUE,1,0,0.951260507106781,0.980132450331126,1
"cap20_balanced_lop025","1131","Mauro González Villarroel",140,TRUE,-0.619870245456696,0,0.903588891029358,0.957142857142857,-0.619870245456696
"cap20_balanced_lop025","1132","Jorge Guzmán Zepeda",158,TRUE,-0.638794779777527,0,0.806457936763763,0.936708860759494,-0.638794779777527
"cap20_balanced_lop025","1133","Juan Irarrázaval Rossel",160,TRUE,-0.780866801738739,0,0.965062856674194,0.99375,-0.780866801738739
"cap20_balanced_lop025","1140","Daniel Lilayu Vivanco",158,TRUE,-0.822951138019562,0,0.936718761920929,0.962025316455696,-0.822951138019562
"cap20_balanced_lop025","1141","Luis Malla Valenzuela",149,TRUE,0.477799981832504,0,0.859626293182373,0.946308724832215,0.477799981832504
"cap20_balanced_lop025","1142","Daniel Manouchehri Lobos",137,TRUE,0.662522614002228,0,0.931729793548584,0.985401459854015,0.662522614002228
"cap20_balanced_lop025","1143","Cristóbal Martínez Ramírez",161,TRUE,-0.647822916507721,0,0.898683905601501,0.975155279503106,-0.647822916507721
"cap20_balanced_lop025","1146","José Carlos Meza Pereira",142,TRUE,-0.75407487154007,0,0.900855362415314,0.985915492957746,-0.75407487154007
"cap20_balanced_lop025","1148","Javiera Morales Alvarado",20,TRUE,1,0,0.999777257442474,1,1
"cap20_balanced_lop025","1150","Benjamín Moreno Bascur",164,TRUE,-0.785287320613861,0,0.964066684246063,0.99390243902439,-0.785287320613861
"cap20_balanced_lop025","1152","Gloria Naveillan Arriagada",138,TRUE,-1,0,0.974890530109406,0.992753623188406,-1
"cap20_balanced_lop025","1153","Coca Ericka Ñanco Vásquez",87,TRUE,0.956989765167236,0,0.958430171012878,0.977011494252874,0.956989765167236
"cap20_balanced_lop025","1157","Marlene Pérez Cartes",119,TRUE,-0.625734329223633,0,0.905879259109497,0.974789915966387,-0.625734329223633
"cap20_balanced_lop025","1159","Lorena Pizarro Sierra",151,TRUE,1,0,0.908400356769562,0.973509933774834,1
"cap20_balanced_lop025","1165","Agustín Romero Leiva",163,TRUE,-0.785287320613861,0,0.963850319385529,0.993865030674847,-0.785287320613861
"cap20_balanced_lop025","1166","Natalia Romero Talguia",158,TRUE,-0.516158819198608,0,0.754774332046509,0.911392405063291,-0.516158819198608
"cap20_balanced_lop025","1170","Luis Sánchez Ossa",152,TRUE,-0.78088390827179,0,0.964569568634033,0.993421052631579,-0.78088390827179
"cap20_balanced_lop025","1171","Emilia Schneider Videla",162,TRUE,0.925953447818756,0,0.952697157859802,0.993827160493827,0.925953447818756
"cap20_balanced_lop025","1172","Stephan Schubert Rubio",125,TRUE,-0.759703636169434,0,0.963143110275269,0.992,-0.759703636169434
"cap20_balanced_lop025","1173","Daniela Serrano Salazar",160,TRUE,1,0,0.942257225513458,0.98125,1
"cap20_balanced_lop025","1174","Marco Antonio Sulantay Olivares",155,TRUE,-0.683842360973358,0,0.951870977878571,0.993548387096774,-0.683842360973358
"cap20_balanced_lop025","1175","Cristián Tapia Ramos",147,TRUE,0.410942882299423,0,0.777399599552155,0.91156462585034,0.410942882299423
"cap20_balanced_lop025","1176","Hotuiti Teao Drago",139,TRUE,-0.625433325767517,0,0.920893847942352,0.971223021582734,-0.625433325767517
"cap20_balanced_lop025","1177","Carolina Tello Rojas",156,TRUE,0.928764343261719,0,0.930600464344025,0.980769230769231,0.928764343261719
"cap20_balanced_lop025","1178","Héctor Ulloa Aguilera",142,TRUE,0.424170076847076,0,0.856250286102295,0.943661971830986,0.424170076847076
"cap20_balanced_lop025","1180","Consuelo Veloso Ávila",157,TRUE,0.876295208930969,0,0.939760029315948,0.980891719745223,0.876295208930969
"cap20_balanced_lop025","1181","Nelson Venegas Salazar",153,TRUE,0.71892249584198,0,0.914624512195587,0.986928104575163,0.71892249584198
"cap20_balanced_lop025","1182","Sebastián Videla Castillo",155,TRUE,0.438908129930496,0,0.809158861637115,0.92258064516129,0.438908129930496
"cap20_balanced_lop025","1183","Flor Weisse Novoa",140,TRUE,-0.649542152881622,0,0.914168000221252,0.971428571428571,-0.649542152881622
"cap20_balanced_lop025","1184","Roberto Celedón Fernández",159,TRUE,0.842546939849854,0,0.934881508350372,0.981132075471698,0.842546939849854
"cap20_balanced_lop025","1186","Ignacio Achurra Díaz",159,TRUE,0.902533113956451,0,0.95586496591568,0.993710691823899,0.902533113956451
"cap20_balanced_lop025","1187","Carlo Arqueros Pizarro",161,TRUE,-0.780867516994476,0,0.965218842029572,0.993788819875776,-0.780867516994476
"cap20_balanced_lop025","1188","Marcos Barraza Gómez",160,TRUE,1,0,0.942257225513458,0.98125,1
"cap20_balanced_lop025","1189","Jaime Bassa Mercado",155,TRUE,0.959990799427032,0,0.919306874275208,0.987096774193548,0.959990799427032
"cap20_balanced_lop025","1190","Enrique Bassaletti Riess",164,TRUE,-0.785287320613861,0,0.964066684246063,0.99390243902439,-0.785287320613861
"cap20_balanced_lop025","1191","Valentina Becerra Peña",157,TRUE,-0.784338474273682,0,0.962866485118866,0.993630573248408,-0.784338474273682
"cap20_balanced_lop025","1192","Lilian Betancurt Delgado",84,TRUE,0.156416788697243,0,0.824202656745911,0.904761904761905,0.156416788697243
"cap20_balanced_lop025","1193","Patricio Briones Moller",161,TRUE,0.165395095944405,0,0.80374151468277,0.888198757763975,0.165395095944405
"cap20_balanced_lop025","1194","Daniel Bustos Leal",164,TRUE,-0.785287320613861,0,0.964066684246063,0.99390243902439,-0.785287320613861
"cap20_balanced_lop025","1195","Carlos Carvajal Gallardo",152,TRUE,0.370799720287323,0,0.844310104846954,0.934210526315789,0.370799720287323
"cap20_balanced_lop025","1196","Priscilla Castillo Gerli",160,TRUE,0.324377804994583,0,0.739155054092407,0.86875,0.324377804994583
"cap20_balanced_lop025","1197","Carlos Chandía Alarcón",151,TRUE,-0.621250152587891,0,0.89398181438446,0.940397350993378,-0.621250152587891
"cap20_balanced_lop025","1198","Paz Charpentier Rajcevich",163,TRUE,-0.784306943416595,0,0.964136064052582,0.993865030674847,-0.784306943416595
"cap20_balanced_lop025","1199","Jaime Coloma Álamos",158,TRUE,-0.699319005012512,0,0.937089264392853,0.974683544303797,-0.699319005012512
"cap20_balanced_lop025","1200","Cristian Contreras Radovic",154,TRUE,-0.289061963558197,0,0.72670179605484,0.863636363636364,-0.289061963558197
"cap20_balanced_lop025","1201","Flor Contreras Vivallo",159,TRUE,0.15682016313076,0,0.79163259267807,0.874213836477987,0.15682016313076
"cap20_balanced_lop025","1202","Eduardo Cretton Rebolledo",161,TRUE,-0.819265604019165,0,0.925841808319092,0.956521739130435,-0.819265604019165
"cap20_balanced_lop025","1203","Sebastián Cristoffanini Jaraquemada",161,TRUE,-0.780867516994476,0,0.965218842029572,0.993788819875776,-0.780867516994476
"cap20_balanced_lop025","1204","Francisco Crisóstomo Llanos",156,TRUE,0.696379542350769,0,0.927304089069366,0.993589743589744,0.696379542350769
"cap20_balanced_lop025","1205","Carlos Cuadrado Prats",140,TRUE,0.533885478973389,0,0.867376804351807,0.921428571428571,0.533885478973389
"cap20_balanced_lop025","1206","Carolina Cucumides Calderón",161,TRUE,0.71161961555481,0,0.90676873922348,0.968944099378882,0.71161961555481
"cap20_balanced_lop025","1207","Valentina Cáceres Monsálvez",147,TRUE,0.839541554450989,0,0.935335397720337,0.986394557823129,0.839541554450989
"cap20_balanced_lop025","1208","Jorge Díaz Ibarra",150,TRUE,0.395735114812851,0,0.801937282085419,0.9,0.395735114812851
"cap20_balanced_lop025","1209","Matías Fernández Hartwig",161,TRUE,0.913921356201172,0,0.941873550415039,0.993788819875776,0.913921356201172
"cap20_balanced_lop025","1210","Gustavo Gatica Villarroel",158,TRUE,1,0,0.941548943519592,0.981012658227848,1
"cap20_balanced_lop025","1211","Sofía González Cortés",159,TRUE,1,0,0.953231334686279,0.987421383647799,1
"cap20_balanced_lop025","1212","Erich Grohs Marín",158,TRUE,-1,0,0.955008804798126,0.981012658227848,-1
"cap20_balanced_lop025","1213","Irací Hassler Jacob",160,TRUE,1,0,0.942257225513458,0.98125,1
"cap20_balanced_lop025","1214","Constanza Hube Portus",160,TRUE,-0.830618560314178,0,0.93657261133194,0.9625,-0.830618560314178
"cap20_balanced_lop025","1215","Álvaro Jofré Cáceres",168,TRUE,-1,0,0.932683825492859,0.970238095238095,-1
"cap20_balanced_lop025","1216","Stephanie Jéldrez Ortiz",162,TRUE,-0.784309566020966,0,0.963949799537659,0.993827160493827,-0.784309566020966
"cap20_balanced_lop025","1217","Pier Karlezi Hazleby",154,TRUE,-0.996705055236816,0,0.927487254142761,0.967532467532468,-0.996705055236816
"cap20_balanced_lop025","1218","José Antonio Kast Adriasola",163,TRUE,-0.783385515213013,0,0.964190721511841,0.993865030674847,-0.783385515213013
"cap20_balanced_lop025","1219","Tomás Kast Sommerhoff",155,TRUE,-0.666963398456573,0,0.916640043258667,0.967741935483871,-0.666963398456573
"cap20_balanced_lop025","1220","Leandro Kunstmann Collado",163,TRUE,-0.784785807132721,0,0.96394282579422,0.993865030674847,-0.784785807132721
"cap20_balanced_lop025","1221","Benjamín Lorca Inzunza",164,TRUE,-0.785310566425323,0,0.964066743850708,0.99390243902439,-0.785310566425323
"cap20_balanced_lop025","1222","Andrea Macías Palma",147,TRUE,0.885057032108307,0,0.930866360664368,0.972789115646258,0.885057032108307
"cap20_balanced_lop025","1223","Hans Marowski Cuevas",150,TRUE,-1,0,0.938562035560608,0.973333333333333,-1
"cap20_balanced_lop025","1224","Cristian Mella Andaur",154,TRUE,0.409986257553101,0,0.831991314888,0.915584415584416,0.409986257553101
"cap20_balanced_lop025","1225","Cristian Menchaca Pinochet",154,TRUE,-0.784818649291992,0,0.962209701538086,0.993506493506494,-0.784818649291992
"cap20_balanced_lop025","1226","José Montalva Feuerhake",157,TRUE,0.424368500709534,0,0.848521053791046,0.942675159235669,0.424368500709534
"cap20_balanced_lop025","1227","Claudia Mora Vega",159,TRUE,-0.698874533176422,0,0.86165976524353,0.924528301886792,-0.698874533176422
"cap20_balanced_lop025","1228","Paulina Muñoz Minte",167,TRUE,-1,0,0.94631689786911,0.976047904191617,-1
"cap20_balanced_lop025","1229","Javier Muñoz Riquelme",146,TRUE,0.401702672243118,0,0.810654878616333,0.904109589041096,0.401702672243118
"cap20_balanced_lop025","1230","Alex Nahuelquin Nahuelquin",156,TRUE,0.153368100523949,0,0.80128937959671,0.878205128205128,0.153368100523949
"cap20_balanced_lop025","1231","Ximena Naranjo Pinto",157,TRUE,-0.62148642539978,0,0.924785971641541,0.980891719745223,-0.62148642539978
"cap20_balanced_lop025","1232","Cristian Neira Martínez",160,TRUE,-0.780867516994476,0,0.965005278587341,0.99375,-0.780867516994476
"cap20_balanced_lop025","1233","Ricardo Neumann Bertín",157,TRUE,-0.722333073616028,0,0.94854599237442,0.980891719745223,-0.722333073616028
"cap20_balanced_lop025","1234","Mario Olavarría Rodríguez",116,TRUE,-0.721343159675598,0,0.928843259811401,0.96551724137931,-0.721343159675598
"cap20_balanced_lop025","1235","Javier Olivares Avendaño",165,TRUE,-0.12790684401989,0,0.757171809673309,0.860606060606061,-0.12790684401989
"cap20_balanced_lop025","1236","Paula Olmos Contreras",135,TRUE,0.157418817281723,0,0.800919890403748,0.896296296296296,0.157418817281723
"cap20_balanced_lop025","1237","Francisco Orrego Gutiérrez",154,TRUE,-0.700982928276062,0,0.957345426082611,0.980519480519481,-0.700982928276062
"cap20_balanced_lop025","1238","Álvaro Ortiz Vera",158,TRUE,0.442607313394547,0,0.806064486503601,0.892405063291139,0.442607313394547
"cap20_balanced_lop025","1239","Fabián Ossandón Briceño",150,TRUE,0.219273373484612,0,0.814123749732971,0.913333333333333,0.219273373484612
"cap20_balanced_lop025","1240","Zandra Parisi Fernández",112,TRUE,0.158483684062958,0,0.817247986793518,0.901785714285714,0.158483684062958
"cap20_balanced_lop025","1241","Patricio Pinilla Valencia",149,TRUE,0.536433637142181,0,0.817972481250763,0.919463087248322,0.536433637142181
"cap20_balanced_lop025","1242","Rodrigo Ramírez Parra",158,TRUE,-0.75038605928421,0,0.891679108142853,0.930379746835443,-0.75038605928421
"cap20_balanced_lop025","1243","Tamara Ramírez Ramírez",157,TRUE,0.206857264041901,0,0.795338034629822,0.904458598726115,0.206857264041901
"cap20_balanced_lop025","1244","Claudia Reyes Larenas",154,TRUE,-0.775105595588684,0,0.973073840141296,1,-0.775105595588684
"cap20_balanced_lop025","1245","Alejandro Riquelme Ducci",155,TRUE,-0.784839630126953,0,0.962416350841522,0.993548387096774,-0.784839630126953
"cap20_balanced_lop025","1246","José Antonio Rivas Villalobos",157,TRUE,0.733211398124695,0,0.89385050535202,0.980891719745223,0.733211398124695
"cap20_balanced_lop025","1247","Javiera Rodríguez Pascual",164,TRUE,-0.785310566425323,0,0.964066743850708,0.99390243902439,-0.785310566425323
"cap20_balanced_lop025","1248","Felipe Ross Correa",158,TRUE,-1,0,0.985420644283295,0.993670886075949,-1
"cap20_balanced_lop025","1249","Omar Sabat Guzmán",154,TRUE,-0.72831803560257,0,0.931777477264404,0.967532467532468,-0.72831803560257
"cap20_balanced_lop025","1250","Bernardo Salinas Maya",129,TRUE,1,0,0.890895128250122,0.976744186046512,1
"cap20_balanced_lop025","1251","Macarena Santelices Cañas",158,TRUE,-0.778882563114166,0,0.967183589935303,0.993670886075949,-0.778882563114166
"cap20_balanced_lop025","1252","Constanza Schonhaut Soto",155,TRUE,0.922530174255371,0,0.958261251449585,0.993548387096774,0.922530174255371
"cap20_balanced_lop025","1253","Fernando Ugarte Tejeda",164,TRUE,-0.785310566425323,0,0.964066743850708,0.99390243902439,-0.785310566425323
"cap20_balanced_lop025","1254","Ignacio Urcullú Clèment-Lund",164,TRUE,-0.785310566425323,0,0.964066743850708,0.99390243902439,-0.785310566425323
"cap20_balanced_lop025","1255","Eileen Urqueta Rojas",161,TRUE,0.170360490679741,0,0.809630930423737,0.906832298136646,0.170360490679741
"cap20_balanced_lop025","1256","Tatiana Urrutia Herrera",151,TRUE,0.92253303527832,0,0.957238554954529,0.993377483443709,0.92253303527832
"cap20_balanced_lop025","1257","Alejandra Valdebenito Torres",160,TRUE,-0.659826040267944,0,0.875650763511658,0.94375,-0.659826040267944
"cap20_balanced_lop025","1258","Guillermo Valdés Carmona",161,TRUE,0.178216695785522,0,0.786759436130524,0.894409937888199,0.178216695785522
"cap20_balanced_lop025","1259","Juan Marcelo Valenzuela Henríquez",154,TRUE,0.0609937384724617,0,0.781134366989136,0.863636363636364,0.0609937384724617
"cap20_balanced_lop025","1260","César Valenzuela Maass",158,TRUE,0.710425972938538,0,0.924138009548187,0.987341772151899,0.710425972938538
"cap20_balanced_lop025","1261","Daniel Valenzuela Salazar",143,TRUE,-0.76668781042099,0,0.942211866378784,0.965034965034965,-0.76668781042099
"cap20_balanced_lop025","1262","Diego Vergara Rodríguez",163,TRUE,-0.784306943416595,0,0.964136064052582,0.993865030674847,-0.784306943416595
"cap20_balanced_lop025","1263","Sebastián Zamora Soto",151,TRUE,-0.777459383010864,0,0.965689480304718,0.993377483443709,-0.777459383010864
"cap20_balanced_lop025","1264","Fernando Zamorano Peralta",150,TRUE,0.449573874473572,0,0.848531186580658,0.953333333333333,0.449573874473572
"cap10_balanced_lop025","803","René Alinco Bustos",98,TRUE,0.246309354901314,0,0.527156472206116,0.795918367346939,0.246309354901314
"cap10_balanced_lop025","815","Sergio Bobadilla Muñoz",136,TRUE,-0.70696622133255,0,0.898950338363647,0.963235294117647,-0.70696622133255
"cap10_balanced_lop025","843","René Manuel García García",117,TRUE,-0.713421881198883,0,0.878630876541138,0.957264957264957,-0.713421881198883
"cap10_balanced_lop025","872","Jaime Mulet Martínez",125,TRUE,0.263017147779465,0,0.703271746635437,0.856,0.263017147779465
"cap10_balanced_lop025","915","Germán Verdugo Soto",128,TRUE,-0.771737992763519,0,0.853912770748138,0.9453125,-0.771737992763519
"cap10_balanced_lop025","986","Marcela Hernando Pérez",122,TRUE,0.354234784841537,0,0.850505769252777,0.942622950819672,0.354234784841537
"cap10_balanced_lop025","1009","Jorge Alessandri Vergara",121,TRUE,-0.736278116703033,0,0.941256165504456,0.983471074380165,-0.736278116703033
"cap10_balanced_lop025","1012","Boris Barrera Moreno",137,TRUE,0.967462122440338,0,0.937309622764587,0.985401459854015,0.967462122440338
"cap10_balanced_lop025","1013","Alejandro Bernales Maldonado",127,TRUE,0.316280424594879,0,0.81419426202774,0.94488188976378,0.316280424594879
"cap10_balanced_lop025","1015","Jorge Brito Hasbún",110,TRUE,0.879084169864655,0,0.95827043056488,0.972727272727273,0.879084169864655
"cap10_balanced_lop025","1017","Álvaro Carter Fernández",126,TRUE,-0.7762531042099,0,0.958988845348358,0.992063492063492,-0.7762531042099
"cap10_balanced_lop025","1021","Andrés Celis Montt",116,TRUE,-0.731161534786224,0,0.788649618625641,0.887931034482759,-0.731161534786224
"cap10_balanced_lop025","1025","Catalina Del Real Mihovilovic",99,TRUE,-0.768457293510437,0,0.950634956359863,0.98989898989899,-0.768457293510437
"cap10_balanced_lop025","1028","Eduardo Durán Salinas",127,TRUE,-0.609384119510651,0,0.912947058677673,0.976377952755906,-0.609384119510651
"cap10_balanced_lop025","1038","Marcos Ilabaca Cerda",114,TRUE,0.553048312664032,0,0.858120143413544,0.956140350877193,0.553048312664032
"cap10_balanced_lop025","1039","Pamela Jiles Moreno",133,TRUE,0.14430059492588,0,0.730645775794983,0.857142857142857,0.14430059492588
"cap10_balanced_lop025","1044","Raúl Leiva Carvajal",104,TRUE,0.489655256271362,0,0.917715966701508,0.980769230769231,0.489655256271362
"cap10_balanced_lop025","1054","Francesca Muñoz González",125,TRUE,-0.620634794235229,0,0.934543788433075,0.968,-0.620634794235229
"cap10_balanced_lop025","1056","Emilia Nuyado Ancapichun",139,TRUE,0.636276721954346,0,0.908974528312683,0.956834532374101,0.636276721954346
"cap10_balanced_lop025","1059","Ximena Ossandón Irarrázabal",125,TRUE,-0.738291680812836,0,0.800423324108124,0.896,-0.738291680812836
"cap10_balanced_lop025","1060","Luis Pardo Sáinz",131,TRUE,-0.677065372467041,0,0.90424519777298,0.954198473282443,-0.677065372467041
"cap10_balanced_lop025","1061","Andrea Parra Sauterel",129,TRUE,0.330005705356598,0,0.846757173538208,0.953488372093023,0.330005705356598
"cap10_balanced_lop025","1062","Joanna Pérez Olea",102,TRUE,-0.585944473743439,0,0.875574290752411,0.970588235294118,-0.585944473743439
"cap10_balanced_lop025","1065","Guillermo Ramírez Diez",119,TRUE,-0.709926605224609,0,0.959937274456024,0.991596638655462,-0.709926605224609
"cap10_balanced_lop025","1073","Juan Santana Castillo",123,TRUE,0.902611672878265,0,0.965674757957458,1,0.902611672878265
"cap10_balanced_lop025","1074","Marisela Santibáñez Novoa",107,TRUE,0.826727271080017,0,0.935990333557129,0.981308411214953,0.826727271080017
"cap10_balanced_lop025","1075","Diego Schalper Sepúlveda",119,TRUE,-0.818590223789215,0,0.902300119400024,0.941176470588235,-0.818590223789215
"cap10_balanced_lop025","1077","Raúl Soto Mardones",116,TRUE,0.331972867250443,0,0.861721813678741,0.948275862068966,0.331972867250443
"cap10_balanced_lop025","1082","Cristóbal Urruticoechea Ríos",114,TRUE,-1,0,0.911202967166901,0.973684210526316,-1
"cap10_balanced_lop025","1086","Gonzalo Winter Etcheberry",118,TRUE,0.790599822998047,0,0.906815350055695,0.974576271186441,0.790599822998047
"cap10_balanced_lop025","1087","Gael Yeomans Araya",124,TRUE,0.818150162696838,0,0.960144639015198,1,0.818150162696838
"cap10_balanced_lop025","1099","Jaime Araya Guerrero",105,TRUE,0.350930482149124,0,0.863870620727539,0.942857142857143,0.350930482149124
"cap10_balanced_lop025","1100","Cristián Araya Lerdo de Tejada",139,TRUE,-0.784021019935608,0,0.957124352455139,0.992805755395683,-0.784021019935608
"cap10_balanced_lop025","1102","Roberto Arroyo Muñoz",101,TRUE,-0.600804388523102,0,0.813281655311584,0.930693069306931,-0.600804388523102
"cap10_balanced_lop025","1104","Chiara Barchiesi Chávez",128,TRUE,-0.778289139270782,0,0.965820729732513,1,-0.778289139270782
"cap10_balanced_lop025","1105","Héctor Barría Angulo",117,TRUE,0.339563548564911,0,0.775515079498291,0.871794871794872,0.339563548564911
"cap10_balanced_lop025","1107","María Francisca Bello Campos",0,FALSE,NA,NA,NA,NA,NA
"cap10_balanced_lop025","1108","Juan Carlos Beltrán Silva",123,TRUE,-0.635598361492157,0,0.886120080947876,0.943089430894309,-0.635598361492157
"cap10_balanced_lop025","1110","Carlos Bianchi Chelech",128,TRUE,0.287597149610519,0,0.831392705440521,0.9140625,0.287597149610519
"cap10_balanced_lop025","1114","Félix Bugueño Sotelo",120,TRUE,0.711389899253845,0,0.922847092151642,0.975,0.711389899253845
"cap10_balanced_lop025","1116","Felipe Camaño Cárdenas",125,TRUE,0.255993098020554,0,0.768880844116211,0.856,0.255993098020554
"cap10_balanced_lop025","1117","Nathalie Castillo Rojas",104,TRUE,0.96023428440094,0,0.911897659301758,0.971153846153846,0.96023428440094
"cap10_balanced_lop025","1119","Sara Concha Smith",132,TRUE,-0.637543916702271,0,0.933364033699036,0.977272727272727,-0.637543916702271
"cap10_balanced_lop025","1122","Luis Alberto Cuello Peña y Lillo",134,TRUE,0.967477381229401,0,0.935952484607697,0.985074626865672,0.967477381229401
"cap10_balanced_lop025","1127","Lorena Fries Monleón",126,TRUE,0.810873329639435,0,0.962237775325775,1,0.810873329639435
"cap10_balanced_lop025","1128","Ana María Gazmuri Vieira",130,TRUE,1,0,0.946588933467865,0.976923076923077,1
"cap10_balanced_lop025","1131","Mauro González Villarroel",116,TRUE,-0.629713416099548,0,0.886352837085724,0.948275862068966,-0.629713416099548
"cap10_balanced_lop025","1132","Jorge Guzmán Zepeda",134,TRUE,-0.649111926555634,0,0.778186857700348,0.925373134328358,-0.649111926555634
"cap10_balanced_lop025","1133","Juan Irarrázaval Rossel",136,TRUE,-0.780658483505249,0,0.958117961883545,0.992647058823529,-0.780658483505249
"cap10_balanced_lop025","1140","Daniel Lilayu Vivanco",134,TRUE,-0.832023680210114,0,0.924287557601929,0.955223880597015,-0.832023680210114
"cap10_balanced_lop025","1141","Luis Malla Valenzuela",126,TRUE,0.359336078166962,0,0.844179630279541,0.936507936507937,0.359336078166962
"cap10_balanced_lop025","1142","Daniel Manouchehri Lobos",117,TRUE,0.541690170764923,0,0.929445087909698,0.982905982905983,0.541690170764923
"cap10_balanced_lop025","1143","Cristóbal Martínez Ramírez",137,TRUE,-0.657887101173401,0,0.884075164794922,0.970802919708029,-0.657887101173401
"cap10_balanced_lop025","1146","José Carlos Meza Pereira",120,TRUE,-0.757453203201294,0,0.883737146854401,0.983333333333333,-0.757453203201294
"cap10_balanced_lop025","1148","Javiera Morales Alvarado",12,FALSE,NA,NA,NA,NA,NA
"cap10_balanced_lop025","1150","Benjamín Moreno Bascur",140,TRUE,-0.78503406047821,0,0.957069575786591,0.992857142857143,-0.78503406047821
"cap10_balanced_lop025","1152","Gloria Naveillan Arriagada",114,TRUE,-1,0,0.969878613948822,0.991228070175439,-1
"cap10_balanced_lop025","1153","Coca Ericka Ñanco Vásquez",69,TRUE,0.847819447517395,0,0.953252494335175,0.985507246376812,0.847819447517395
"cap10_balanced_lop025","1157","Marlene Pérez Cartes",96,TRUE,-0.633752048015594,0,0.888029277324677,0.96875,-0.633752048015594
"cap10_balanced_lop025","1159","Lorena Pizarro Sierra",128,TRUE,0.946411609649658,0,0.896231710910797,0.9765625,0.946411609649658
"cap10_balanced_lop025","1165","Agustín Romero Leiva",139,TRUE,-0.784996747970581,0,0.956767559051514,0.992805755395683,-0.784996747970581
"cap10_balanced_lop025","1166","Natalia Romero Talguia",134,TRUE,-0.522653162479401,0,0.723955273628235,0.895522388059702,-0.522653162479401
"cap10_balanced_lop025","1170","Luis Sánchez Ossa",130,TRUE,-0.780729949474335,0,0.957762897014618,0.992307692307692,-0.780729949474335
"cap10_balanced_lop025","1171","Emilia Schneider Videla",138,TRUE,0.823378205299377,0,0.956060111522675,0.992753623188406,0.823378205299377
"cap10_balanced_lop025","1172","Stephan Schubert Rubio",113,TRUE,-0.764083385467529,0,0.956895172595978,0.991150442477876,-0.764083385467529
"cap10_balanced_lop025","1173","Daniela Serrano Salazar",137,TRUE,0.967462122440338,0,0.937309622764587,0.985401459854015,0.967462122440338
"cap10_balanced_lop025","1174","Marco Antonio Sulantay Olivares",131,TRUE,-0.690689504146576,0,0.942456722259521,0.99236641221374,-0.690689504146576
"cap10_balanced_lop025","1175","Cristián Tapia Ramos",127,TRUE,0.282398283481598,0,0.760140538215637,0.889763779527559,0.282398283481598
"cap10_balanced_lop025","1176","Hotuiti Teao Drago",118,TRUE,-0.638264060020447,0,0.907406747341156,0.966101694915254,-0.638264060020447
"cap10_balanced_lop025","1177","Carolina Tello Rojas",134,TRUE,0.817400097846985,0,0.921772003173828,0.977611940298508,0.817400097846985
"cap10_balanced_lop025","1178","Héctor Ulloa Aguilera",119,TRUE,0.300214052200317,0,0.845498204231262,0.932773109243697,0.300214052200317
"cap10_balanced_lop025","1180","Consuelo Veloso Ávila",133,TRUE,0.766381323337555,0,0.935807645320892,0.977443609022556,0.766381323337555
"cap10_balanced_lop025","1181","Nelson Venegas Salazar",129,TRUE,0.593844771385193,0,0.920904517173767,0.984496124031008,0.593844771385193
"cap10_balanced_lop025","1182","Sebastián Videla Castillo",132,TRUE,0.315468162298203,0,0.787520468235016,0.909090909090909,0.315468162298203
"cap10_balanced_lop025","1183","Flor Weisse Novoa",123,TRUE,-0.660976827144623,0,0.904449105262756,0.967479674796748,-0.660976827144623
"cap10_balanced_lop025","1184","Roberto Celedón Fernández",137,TRUE,0.734818637371063,0,0.932664513587952,0.978102189781022,0.734818637371063
"cap10_balanced_lop025","1186","Ignacio Achurra Díaz",136,TRUE,0.802465915679932,0,0.959163308143616,1,0.802465915679932
"cap10_balanced_lop025","1187","Carlo Arqueros Pizarro",137,TRUE,-0.780615746974945,0,0.958349406719208,0.992700729927007,-0.780615746974945
"cap10_balanced_lop025","1188","Marcos Barraza Gómez",137,TRUE,0.967462122440338,0,0.937309622764587,0.985401459854015,0.967462122440338
"cap10_balanced_lop025","1189","Jaime Bassa Mercado",132,TRUE,0.870132744312286,0,0.957744896411896,0.992424242424242,0.870132744312286
"cap10_balanced_lop025","1190","Enrique Bassaletti Riess",140,TRUE,-0.78503406047821,0,0.957069575786591,0.992857142857143,-0.78503406047821
"cap10_balanced_lop025","1191","Valentina Becerra Peña",133,TRUE,-0.784118711948395,0,0.955345392227173,0.992481203007519,-0.784118711948395
"cap10_balanced_lop025","1192","Lilian Betancurt Delgado",67,TRUE,0.149379730224609,0,0.890655875205994,0.970149253731343,0.149379730224609
"cap10_balanced_lop025","1193","Patricio Briones Moller",139,TRUE,0.105990387499332,0,0.801799118518829,0.899280575539568,0.105990387499332
"cap10_balanced_lop025","1194","Daniel Bustos Leal",140,TRUE,-0.78503406047821,0,0.957069575786591,0.992857142857143,-0.78503406047821
"cap10_balanced_lop025","1195","Carlos Carvajal Gallardo",129,TRUE,0.241080045700073,0,0.838458120822906,0.953488372093023,0.241080045700073
"cap10_balanced_lop025","1196","Priscilla Castillo Gerli",137,TRUE,0.245875611901283,0,0.743169486522675,0.883211678832117,0.245875611901283
"cap10_balanced_lop025","1197","Carlos Chandía Alarcón",127,TRUE,-0.631844460964203,0,0.875742673873901,0.929133858267717,-0.631844460964203
"cap10_balanced_lop025","1198","Paz Charpentier Rajcevich",139,TRUE,-0.784065842628479,0,0.957124412059784,0.992805755395683,-0.784065842628479
"cap10_balanced_lop025","1199","Jaime Coloma Álamos",134,TRUE,-0.708188951015472,0,0.925927817821503,0.970149253731343,-0.708188951015472
"cap10_balanced_lop025","1200","Cristian Contreras Radovic",132,TRUE,-0.327247679233551,0,0.73119729757309,0.878787878787879,-0.327247679233551
"cap10_balanced_lop025","1201","Flor Contreras Vivallo",137,TRUE,0.114781491458416,0,0.803737640380859,0.905109489051095,0.114781491458416
"cap10_balanced_lop025","1202","Eduardo Cretton Rebolledo",137,TRUE,-0.828439176082611,0,0.91199141740799,0.948905109489051,-0.828439176082611
"cap10_balanced_lop025","1203","Sebastián Cristoffanini Jaraquemada",137,TRUE,-0.780615746974945,0,0.958349406719208,0.992700729927007,-0.780615746974945
"cap10_balanced_lop025","1204","Francisco Crisóstomo Llanos",134,TRUE,0.574347257614136,0,0.928670525550842,0.992537313432836,0.574347257614136
"cap10_balanced_lop025","1205","Carlos Cuadrado Prats",119,TRUE,0.392671197652817,0,0.84848690032959,0.92436974789916,0.392671197652817
"cap10_balanced_lop025","1206","Carolina Cucumides Calderón",139,TRUE,0.593479812145233,0,0.901093542575836,0.964028776978417,0.593479812145233
"cap10_balanced_lop025","1207","Valentina Cáceres Monsálvez",125,TRUE,0.729332864284515,0,0.931251525878906,0.976,0.729332864284515
"cap10_balanced_lop025","1208","Jorge Díaz Ibarra",128,TRUE,0.269197672605515,0,0.801335334777832,0.9140625,0.269197672605515
"cap10_balanced_lop025","1209","Matías Fernández Hartwig",137,TRUE,0.838640451431274,0,0.963154792785645,1,0.838640451431274
"cap10_balanced_lop025","1210","Gustavo Gatica Villarroel",135,TRUE,0.967548906803131,0,0.936411738395691,0.985185185185185,0.967548906803131
"cap10_balanced_lop025","1211","Sofía González Cortés",136,TRUE,0.988475859165192,0,0.950317561626434,0.992647058823529,0.988475859165192
"cap10_balanced_lop025","1212","Erich Grohs Marín",135,TRUE,-1,0,0.948241889476776,0.977777777777778,-1
"cap10_balanced_lop025","1213","Irací Hassler Jacob",137,TRUE,0.967462122440338,0,0.937309622764587,0.985401459854015,0.967462122440338
"cap10_balanced_lop025","1214","Constanza Hube Portus",136,TRUE,-0.840297937393188,0,0.92424076795578,0.955882352941177,-0.840297937393188
"cap10_balanced_lop025","1215","Álvaro Jofré Cáceres",144,TRUE,-0.992788076400757,0,0.922941625118256,0.965277777777778,-0.992788076400757
"cap10_balanced_lop025","1216","Stephanie Jéldrez Ortiz",138,TRUE,-0.784069955348969,0,0.956855475902557,0.992753623188406,-0.784069955348969
"cap10_balanced_lop025","1217","Pier Karlezi Hazleby",130,TRUE,-0.989476323127747,0,0.915861248970032,0.961538461538462,-0.989476323127747
"cap10_balanced_lop025","1218","José Antonio Kast Adriasola",139,TRUE,-0.782760620117188,0,0.957291424274445,0.992805755395683,-0.782760620117188
"cap10_balanced_lop025","1219","Tomás Kast Sommerhoff",131,TRUE,-0.674953758716583,0,0.901977717876434,0.954198473282443,-0.674953758716583
"cap10_balanced_lop025","1220","Leandro Kunstmann Collado",139,TRUE,-0.784441947937012,0,0.956891775131226,0.992805755395683,-0.784441947937012
"cap10_balanced_lop025","1221","Benjamín Lorca Inzunza",140,TRUE,-0.78503406047821,0,0.957069575786591,0.992857142857143,-0.78503406047821
"cap10_balanced_lop025","1222","Andrea Macías Palma",126,TRUE,0.773667752742767,0,0.921475529670715,0.968253968253968,0.773667752742767
"cap10_balanced_lop025","1223","Hans Marowski Cuevas",129,TRUE,-1,0,0.929841101169586,0.968992248062015,-1
"cap10_balanced_lop025","1224","Cristian Mella Andaur",130,TRUE,0.282351672649384,0,0.840218305587769,0.923076923076923,0.282351672649384
"cap10_balanced_lop025","1225","Cristian Menchaca Pinochet",131,TRUE,-0.784625709056854,0,0.95475435256958,0.99236641221374,-0.784625709056854
"cap10_balanced_lop025","1226","José Montalva Feuerhake",133,TRUE,0.303423464298248,0,0.841756939888,0.93984962406015,0.303423464298248
"cap10_balanced_lop025","1227","Claudia Mora Vega",135,TRUE,-0.704642832279205,0,0.843203902244568,0.911111111111111,-0.704642832279205
"cap10_balanced_lop025","1228","Paulina Muñoz Minte",143,TRUE,-1,0,0.938271880149841,0.972027972027972,-1
"cap10_balanced_lop025","1229","Javier Muñoz Riquelme",126,TRUE,0.270605266094208,0,0.814452111721039,0.920634920634921,0.270605266094208
"cap10_balanced_lop025","1230","Alex Nahuelquin Nahuelquin",134,TRUE,0.116876743733883,0,0.810657978057861,0.902985074626866,0.116876743733883
"cap10_balanced_lop025","1231","Ximena Naranjo Pinto",133,TRUE,-0.630017757415771,0,0.913140892982483,0.977443609022556,-0.630017757415771
"cap10_balanced_lop025","1232","Cristian Neira Martínez",136,TRUE,-0.780607879161835,0,0.958049774169922,0.992647058823529,-0.780607879161835
"cap10_balanced_lop025","1233","Ricardo Neumann Bertín",133,TRUE,-0.730357229709625,0,0.939080715179443,0.969924812030075,-0.730357229709625
"cap10_balanced_lop025","1234","Mario Olavarría Rodríguez",95,TRUE,-0.726614058017731,0,0.918419301509857,0.968421052631579,-0.726614058017731
"cap10_balanced_lop025","1235","Javier Olivares Avendaño",142,TRUE,-0.141054078936577,0,0.733809411525726,0.830985915492958,-0.141054078936577
"cap10_balanced_lop025","1236","Paula Olmos Contreras",116,TRUE,0.0837806463241577,0,0.800229609012604,0.905172413793103,0.0837806463241577
"cap10_balanced_lop025","1237","Francisco Orrego Gutiérrez",130,TRUE,-0.702050089836121,0,0.947780072689056,0.976923076923077,-0.702050089836121
"cap10_balanced_lop025","1238","Álvaro Ortiz Vera",134,TRUE,0.319278329610825,0,0.822766244411469,0.91044776119403,0.319278329610825
"cap10_balanced_lop025","1239","Fabián Ossandón Briceño",128,TRUE,0.131673917174339,0,0.811684608459473,0.90625,0.131673917174339
"cap10_balanced_lop025","1240","Zandra Parisi Fernández",95,TRUE,0.0992106795310974,0,0.821152746677399,0.91578947368421,0.0992106795310974
"cap10_balanced_lop025","1241","Patricio Pinilla Valencia",126,TRUE,0.398892134428024,0,0.843715250492096,0.936507936507937,0.398892134428024
"cap10_balanced_lop025","1242","Rodrigo Ramírez Parra",134,TRUE,-0.754452526569366,0,0.876899242401123,0.917910447761194,-0.754452526569366
"cap10_balanced_lop025","1243","Tamara Ramírez Ramírez",135,TRUE,0.129901021718979,0,0.784755349159241,0.881481481481482,0.129901021718979
"cap10_balanced_lop025","1244","Claudia Reyes Larenas",130,TRUE,-0.77417004108429,0,0.967565953731537,1,-0.77417004108429
"cap10_balanced_lop025","1245","Alejandro Riquelme Ducci",131,TRUE,-0.784625709056854,0,0.95475435256958,0.99236641221374,-0.784625709056854
"cap10_balanced_lop025","1246","José Antonio Rivas Villalobos",135,TRUE,0.617810726165771,0,0.887006282806396,0.977777777777778,0.617810726165771
"cap10_balanced_lop025","1247","Javiera Rodríguez Pascual",140,TRUE,-0.78503406047821,0,0.957069575786591,0.992857142857143,-0.78503406047821
"cap10_balanced_lop025","1248","Felipe Ross Correa",134,TRUE,-1,0,0.983069658279419,0.992537313432836,-1
"cap10_balanced_lop025","1249","Omar Sabat Guzmán",132,TRUE,-0.735765039920807,0,0.920150756835938,0.954545454545455,-0.735765039920807
"cap10_balanced_lop025","1250","Bernardo Salinas Maya",111,TRUE,0.94871574640274,0,0.87855863571167,0.981981981981982,0.94871574640274
"cap10_balanced_lop025","1251","Macarena Santelices Cañas",134,TRUE,-0.778714120388031,0,0.96061110496521,0.992537313432836,-0.778714120388031
"cap10_balanced_lop025","1252","Constanza Schonhaut Soto",131,TRUE,0.820732533931732,0,0.961815774440765,0.99236641221374,0.820732533931732
"cap10_balanced_lop025","1253","Fernando Ugarte Tejeda",140,TRUE,-0.78503406047821,0,0.957069575786591,0.992857142857143,-0.78503406047821
"cap10_balanced_lop025","1254","Ignacio Urcullú Clèment-Lund",140,TRUE,-0.78503406047821,0,0.957069575786591,0.992857142857143,-0.78503406047821
"cap10_balanced_lop025","1255","Eileen Urqueta Rojas",139,TRUE,0.0856638178229332,0,0.80247288942337,0.899280575539568,0.0856638178229332
"cap10_balanced_lop025","1256","Tatiana Urrutia Herrera",127,TRUE,0.82067734003067,0,0.960696935653687,0.992125984251969,0.82067734003067
"cap10_balanced_lop025","1257","Alejandra Valdebenito Torres",136,TRUE,-0.666898250579834,0,0.857178568840027,0.933823529411765,-0.666898250579834
"cap10_balanced_lop025","1258","Guillermo Valdés Carmona",139,TRUE,0.0947498008608818,0,0.77492493391037,0.884892086330935,0.0947498008608818
"cap10_balanced_lop025","1259","Juan Marcelo Valenzuela Henríquez",132,TRUE,0.0510837584733963,0,0.782235324382782,0.893939393939394,0.0510837584733963
"cap10_balanced_lop025","1260","César Valenzuela Maass",135,TRUE,0.591091752052307,0,0.922593116760254,0.985185185185185,0.591091752052307
"cap10_balanced_lop025","1261","Daniel Valenzuela Salazar",121,TRUE,-0.763424575328827,0,0.934363186359406,0.958677685950413,-0.763424575328827
"cap10_balanced_lop025","1262","Diego Vergara Rodríguez",139,TRUE,-0.784021019935608,0,0.957124352455139,0.992805755395683,-0.784021019935608
"cap10_balanced_lop025","1263","Sebastián Zamora Soto",129,TRUE,-0.777294337749481,0,0.959098637104034,0.992248062015504,-0.777294337749481
"cap10_balanced_lop025","1264","Fernando Zamorano Peralta",126,TRUE,0.32511955499649,0,0.831164419651031,0.944444444444444,0.32511955499649
