"spec_id","vote_id","boletin","fecha","minority_share_binary","binary_participation_share","spread_1d","midpoint_1d","gmp","apre"
"raw_lop025","88450","15347-07","2026-03-23",0.084507,0.916129,1.58229756355286,0.751788198947906,0.917674958705902,0.333333333333333
"raw_lop025","88451","15347-07","2026-03-23",0.2,0.903226,1.57916474342346,0.62518709897995,0.951053142547607,0.964285714285714
"raw_lop025","88452","15347-07","2026-03-23",0.183099,0.916129,1.57158446311951,0.630901217460632,0.948055982589722,0.961538461538462
"raw_lop025","88453","15347-07","2026-03-23",0.177305,0.909677,1.57228565216064,0.632718741893768,0.949959933757782,0.96
"raw_lop025","88454","15347-07","2026-03-23",0.190141,0.916129,1.55753898620605,0.629939615726471,0.946385145187378,0.962962962962963
"raw_lop025","88455","15347-07","2026-03-23",0.174825,0.922581,1.57472443580627,0.639444887638092,0.93000990152359,0.88
"raw_lop025","88474","17474-06","2026-03-24",0.335664,0.922581,1.2819916009903,0.281991600990295,0.923540115356445,0.854166666666667
"raw_lop025","88475","17474-06","2026-03-24",0.351562,0.825806,0.526084363460541,0.19782280921936,0.893995583057404,0.866666666666667
"raw_lop025","88477","16487-12","2026-03-24",0.486301,0.941935,-1.58859729766846,-0.655043125152588,0.964416861534119,1
"raw_lop025","88489","18137-05","2026-03-24",0.026786,0.722581,1.55114877223969,0.551148772239685,0.987747013568878,1
"raw_lop025","88493","18137-05","2026-03-24",0.356643,0.922581,0.266367822885513,0.209487468004227,0.745718777179718,0.392156862745098
"raw_lop025","88502","10634-29","2026-03-25",0.137681,0.890323,-0.319999933242798,-1,0.722515285015106,0
"raw_lop025","88503","10634-29","2026-03-25",0.094203,0.890323,-0.440000057220459,-1,0.753672957420349,0
"raw_lop025","88504","10634-29","2026-03-25",0.052239,0.864516,-1,-1,0.822249591350555,0
"raw_lop025","88506","10634-29","2026-03-25",0.118881,0.922581,-0.370000004768372,-1,0.730648636817932,0
"raw_lop025","88507","10634-29","2026-03-25",0.111888,0.922581,-0.400000095367432,-1,0.738703906536102,0
"raw_lop025","88544","16569-25","2026-04-06",0.114286,0.903226,-0.375823825597763,0.895627856254578,0.813239693641663,0.6875
"raw_lop025","88613","17170-07","2026-04-13",0.067797,0.76129,1.59163534641266,0.667725563049316,0.938791275024414,0.5
"raw_lop025","88614","17170-07","2026-04-13",0.051724,0.748387,1.58847796916962,0.652111709117889,0.950949549674988,0.5
"raw_lop025","88633","17354-37","2026-04-14",0.162963,0.870968,1.58058440685272,0.64531546831131,0.931208610534668,0.863636363636364
"raw_lop025","88634","17690-07","2026-04-14",0.453237,0.896774,0.416687667369843,-0.195424228906631,0.869763433933258,0.904761904761905
"raw_lop025","88646","17757-29","2026-04-15",0.262411,0.909677,-1.58455610275269,-0.846342384815216,0.869318842887878,0.72972972972973
"raw_lop025","88647","17522-12","2026-04-15",0.388889,0.812903,-1.59470152854919,-0.726778388023376,0.953643321990967,0.959183673469388
"raw_lop025","88648","17522-12","2026-04-15",0.421875,0.825806,-1.58248853683472,-0.616137504577637,0.983468890190125,1
"raw_lop025","88680","18156-04","2026-04-21",0.294521,0.941935,0.257249057292938,0.370541214942932,0.726982653141022,0.511627906976744
"raw_lop025","88681","18156-04","2026-04-21",0.5,0.954839,-1.58343148231506,-0.617084980010986,0.972407221794128,0.986486486486487
"raw_lop025","88682","18156-04","2026-04-21",0.359712,0.896774,0.285151898860931,0.115427777171135,0.774280190467834,0.52
"raw_lop025","88683","18156-04","2026-04-21",0.441176,0.877419,-0.552770733833313,-0.343183726072311,0.914463520050049,0.966666666666667
"raw_lop025","88684","18156-04","2026-04-21",0.362963,0.870968,0.331561297178268,0.0525725111365318,0.817172467708588,0.63265306122449
"raw_lop025","88685","18156-04","2026-04-21",0.426471,0.877419,-1.12262105941772,0.122621074318886,0.955954670906067,0.96551724137931
"raw_lop025","88686","18156-04","2026-04-21",0.472973,0.954839,-0.414229035377502,-0.230762377381325,0.870892226696014,0.942857142857143
"raw_lop025","88687","18156-04","2026-04-21",0.483221,0.96129,-0.712398052215576,-0.262514352798462,0.95348846912384,0.986111111111111
"raw_lop025","88688","18156-04","2026-04-21",0.312,0.806452,-1.39548420906067,0.395484238862991,0.971932709217072,0.974358974358974
"raw_lop025","88689","18156-04","2026-04-21",0.364286,0.903226,-0.59323662519455,0.149912893772125,0.887232542037964,0.882352941176471
"raw_lop025","88690","18156-04","2026-04-21",0.402685,0.96129,-1.18475151062012,0.184751570224762,0.943830907344818,0.95
"raw_lop025","88691","18156-04","2026-04-21",0.385135,0.954839,-1.21541917324066,0.215419217944145,0.93584531545639,0.929824561403509
"raw_lop025","88692","18156-04","2026-04-21",0.471831,0.916129,-0.349862515926361,-0.379869759082794,0.818702161312103,0.880597014925373
"raw_lop025","88693","18156-04","2026-04-21",0.324138,0.935484,1.33497714996338,0.334977179765701,0.932494819164276,0.914893617021277
"raw_lop025","88694","18156-04","2026-04-21",0.348993,0.96129,-1.29754626750946,0.29754626750946,0.936626732349396,0.961538461538462
"raw_lop025","88695","18156-04","2026-04-21",0.357143,0.903226,0.313903152942657,0.134273365139961,0.792628765106201,0.54
"raw_lop025","88696","18156-04","2026-04-21",0.389262,0.96129,-1.21765840053558,0.217658445239067,0.941288471221924,0.96551724137931
"raw_lop025","88697","18156-04","2026-04-21",0.430657,0.883871,-1.14303803443909,0.143038004636765,0.961776435375214,0.966101694915254
"raw_lop025","88698","18156-04","2026-04-21",0.47651,0.96129,-0.577060222625732,-0.221077352762222,0.928796112537384,0.971830985915493
"raw_lop025","88699","18156-04","2026-04-21",0.389262,0.96129,-1.21765840053558,0.217658445239067,0.941288471221924,0.96551724137931
"raw_lop025","88700","18156-04","2026-04-21",0.352941,0.877419,0.80010998249054,0.308206737041473,0.884583234786987,0.9375
"raw_lop025","88701","18156-04","2026-04-21",0.486486,0.954839,-0.662676990032196,-0.326121419668198,0.945511698722839,0.972222222222222
"raw_lop025","88702","18156-04","2026-04-21",0.395833,0.929032,0.328745514154434,0.0660095885396004,0.801213800907135,0.649122807017544
"raw_lop025","88703","18156-04","2026-04-21",0.409396,0.96129,-1.18765473365784,0.187654748558998,0.951155781745911,1
"raw_lop025","88704","18156-04","2026-04-21",0.409396,0.96129,-0.634956419467926,0.113920673727989,0.889413893222809,0.918032786885246
"raw_lop025","88705","18156-04","2026-04-21",0.416107,0.96129,-0.346684336662292,0.0245481133460999,0.811059296131134,0.693548387096774
"raw_lop025","88706","18156-04","2026-04-21",0.439189,0.954839,0.338119506835938,-0.0782348066568375,0.816001117229462,0.8
"raw_lop025","88707","18156-04","2026-04-21",0.489796,0.948387,-1.43129169940948,-0.431291729211807,0.989024877548218,0.986111111111111
"raw_lop025","88755","18016-13","2026-05-05",0.320896,0.864516,-1.57384955883026,-0.750770449638367,0.898804485797882,0.790697674418605
"raw_lop025","88756","17381-03","2026-05-05",0.472222,0.929032,-1.58520984649658,-0.61887139081955,0.979434370994568,0.985294117647059
"raw_lop025","88757","17381-03","2026-05-05",0.468966,0.935484,-1.5837254524231,-0.651837646961212,0.960066437721252,0.970588235294118
"raw_lop025","88758","17471-07","2026-05-05",0.204545,0.851613,-0.110000014305115,1,0.5234375,-0.037037037037037
"raw_lop025","88759","17872-33","2026-05-05",0.454545,0.922581,-0.879095435142517,-0.534095108509064,0.945986449718475,0.953846153846154
"raw_lop025","88760","17872-33","2026-05-05",0.47482,0.896774,-1.58373808860779,-0.617392897605896,0.980401754379272,0.984848484848485
"raw_lop025","88761","17405-07","2026-05-05",0.359375,0.825806,0.336096912622452,0.249534383416176,0.803795397281647,0.826086956521739
"raw_lop025","88794","18107-07","2026-05-06",0.5,0.941935,0.628220200538635,-0.325678467750549,0.943714618682861,0.972602739726027
"raw_lop025","88812","14309-04","2026-05-11",0.482014,0.896774,-1.53351294994354,-0.533512949943542,0.981183886528015,0.985074626865672
"raw_lop025","88813","14309-04","2026-05-11",0.417266,0.896774,-0.351209580898285,0.00671995570883155,0.825082540512085,0.741379310344828
"raw_lop025","88826","17112-19","2026-05-12",0.271605,0.522581,-0.143452301621437,0.0815998539328575,0.618189632892609,0.409090909090909
"raw_lop025","88870","18155-25","2026-05-13",0.133333,0.774194,1.59673857688904,0.628217697143555,0.947420656681061,0.6875
"raw_lop025","88871","18155-25","2026-05-13",0.376923,0.83871,0.348159641027451,0.0937724635004997,0.834868252277374,0.693877551020408
"raw_lop025","88872","15258-25","2026-05-13",0.117647,0.767742,1.58336555957794,0.60979175567627,0.974186539649963,0.857142857142857
"raw_lop025","88893","18216-05","2026-05-20",0.395973,0.96129,1.1997264623642,0.199726462364197,0.948000192642212,0.966101694915254
"raw_lop025","88894","18216-05","2026-05-20",0.443709,0.974194,0.639786422252655,-0.0164956003427505,0.915503442287445,0.940298507462687
"raw_lop025","88897","18216-05","2026-05-20",0.418301,0.987097,0.65430760383606,0.0890147015452385,0.901784658432007,0.90625
"raw_lop025","88898","18216-05","2026-05-20",0.454545,0.993548,1.0541627407074,-0.0541626885533333,0.968125283718109,0.971428571428571
"raw_lop025","88899","18216-05","2026-05-20",0.437908,0.987097,-0.775947988033295,0.0268431752920151,0.927582979202271,0.91044776119403
"raw_lop025","88900","18216-05","2026-05-20",0.5,0.993548,1.52578508853912,-0.525785088539124,0.983678162097931,0.987012987012987
"raw_lop025","88901","18216-05","2026-05-20",0.437908,0.987097,0.625558495521545,0.0113165220245719,0.910493135452271,0.955223880597015
"raw_lop025","88902","18216-05","2026-05-20",0.363636,0.993548,0.426652252674103,0.235653132200241,0.822396039962769,0.696428571428571
"raw_lop025","88903","18216-05","2026-05-20",0.403974,0.974194,0.493277579545975,0.116438373923302,0.868260204792023,0.868852459016393
"raw_lop025","88904","18216-05","2026-05-20",0.292517,0.948387,0.901186943054199,-0.841484069824219,0.790831506252289,0.674418604651163
"raw_lop025","88905","18216-05","2026-05-20",0.428571,0.993548,0.765392422676086,0.0707030445337296,0.916085660457611,0.939393939393939
"raw_lop025","88906","18216-05","2026-05-20",0.427632,0.980645,0.552028834819794,0.0453874580562115,0.894247531890869,0.907692307692308
"raw_lop025","88907","18216-05","2026-05-20",0.46,0.967742,1.10369575023651,-0.103695772588253,0.975102543830872,0.971014492753623
"raw_lop025","88908","18216-05","2026-05-20",0.411765,0.987097,0.652942478656769,0.1147406026721,0.896902561187744,0.920634920634921
"raw_lop025","88909","18216-05","2026-05-20",0.464052,0.987097,0.861718833446503,-0.0810871869325638,0.9508136510849,0.957746478873239
"raw_lop025","88910","18216-05","2026-05-20",0.448276,0.935484,-0.671998918056488,-0.534367203712463,0.917521297931671,0.907692307692308
"raw_lop025","88911","18216-05","2026-05-20",0.369231,0.83871,-0.785258769989014,-0.674230635166168,0.907373309135437,0.895833333333333
"raw_lop025","88912","18216-05","2026-05-20",0.375,0.980645,1.22624158859253,0.22624160349369,0.912442028522491,0.894736842105263
"raw_lop025","88913","18216-05","2026-05-20",0.443709,0.974194,-0.559562563896179,0.00743273319676518,0.899403214454651,0.925373134328358
"raw_lop025","88914","18216-05","2026-05-20",0.427632,0.980645,-0.929687023162842,0.0861404687166214,0.927261173725128,0.923076923076923
"raw_lop025","88915","18216-05","2026-05-20",0.437086,0.974194,0.464332908391953,-0.0155157372355461,0.877827048301697,0.893939393939394
"raw_lop025","88917","18216-05","2026-05-20",0.444444,0.987097,-1.06316125392914,0.0631612166762352,0.974177539348602,1
"raw_lop025","88918","18216-05","2026-05-20",0.464052,0.987097,-0.687507748603821,-0.0756029337644577,0.931724607944489,0.915492957746479
"raw_lop025","88919","18216-05","2026-05-20",0.477124,0.987097,1.12148237228394,-0.121482327580452,0.971355974674225,0.972602739726027
"raw_lop025","88920","18216-05","2026-05-20",0.401316,0.980645,1.20132219791412,0.201322168111801,0.931740641593933,0.918032786885246
"raw_lop025","88921","18216-05","2026-05-20",0.45098,0.987097,1.00548088550568,0.00548092043027282,0.94676661491394,0.971014492753623
"raw_lop025","88922","18216-05","2026-05-20",0.453947,0.980645,0.626225531101227,-0.0401904545724392,0.921972274780273,0.956521739130435
"raw_lop025","88923","18216-05","2026-05-20",0.464052,0.987097,1.07617628574371,-0.0761762484908104,0.971251547336578,0.971830985915493
"raw_lop025","88924","18216-05","2026-05-20",0.447368,0.980645,0.466617435216904,-0.0270680841058493,0.87760990858078,0.911764705882353
"raw_lop025","88925","18216-05","2026-05-20",0.4,0.967742,0.527992844581604,0.121928013861179,0.874528467655182,0.866666666666667
"raw_lop025","88926","18216-05","2026-05-20",0.379085,0.987097,0.486262530088425,0.204269126057625,0.843888282775879,0.706896551724138
"raw_lop025","88927","18216-05","2026-05-20",0.375,0.980645,0.679080784320831,0.223177388310432,0.876479387283325,0.807017543859649
"raw_lop025","88928","18216-05","2026-05-20",0.237705,0.787097,0.593444526195526,0.379559844732285,0.881238877773285,0.862068965517241
"raw_lop025","88929","18216-05","2026-05-20",0.041379,0.935484,-0.290000021457672,1,0.653195738792419,-0.166666666666667
"raw_lop025","88930","18216-05","2026-05-20",0.348993,0.96129,0.177033647894859,0.205873608589172,0.64899617433548,0.288461538461538
"raw_lop025","88931","18216-05","2026-05-20",0.453947,0.980645,0.364537268877029,-0.128250390291214,0.839165806770325,0.898550724637681
"raw_lop025","88932","18216-05","2026-05-20",0.397351,0.974194,0.484370201826096,-0.688461720943451,0.784015357494354,0.733333333333333
"raw_lop025","88933","18216-05","2026-05-20",0.381579,0.980645,1.58398544788361,-0.752983927726746,0.854399621486664,0.844827586206897
"raw_lop025","88934","18216-05","2026-05-20",0.197368,0.980645,0.283141195774078,0.662144064903259,0.7423295378685,0.266666666666667
"raw_lop025","88935","18216-05","2026-05-20",0.092105,0.980645,1.57175588607788,0.833147764205933,0.916056632995605,0.785714285714286
"raw_lop025","88936","18216-05","2026-05-20",0.045113,0.858065,1.57626938819885,0.934259295463562,0.938476026058197,0.666666666666667
"raw_lop025","88937","18216-05","2026-05-20",0.07947,0.974194,1.45352911949158,0.846638858318329,0.910538673400879,0.833333333333333
"raw_lop025","88938","18216-05","2026-05-20",0.065789,0.980645,1.58571815490723,0.831190705299377,0.942927241325378,0.9
"raw_lop025","88939","18216-05","2026-05-20",0.46,0.967742,0.771414458751678,-0.0668239593505859,0.94602507352829,0.942028985507246
"raw_lop025","88940","18216-05","2026-05-20",0.456954,0.974194,1.07974410057068,-0.0797440856695175,0.971193134784698,0.985507246376812
"raw_lop025","88941","18216-05","2026-05-20",0.467105,0.980645,1.07689118385315,-0.0768911242485046,0.974641144275665,0.985915492957746
"raw_lop025","88942","18216-05","2026-05-20",0.326667,0.967742,0.560216963291168,0.330509334802628,0.84710830450058,0.693877551020408
"raw_lop025","88944","18216-05","2026-05-20",0.416107,0.96129,-1.09491848945618,0.0949184820055962,0.937657356262207,0.919354838709677
"raw_lop025","88945","18216-05","2026-05-20",0.464052,0.987097,-1.07617628574371,-0.0761762484908104,0.971251547336578,0.971830985915493
"raw_lop025","88946","18216-05","2026-05-20",0.463087,0.96129,-1.2339460849762,-0.628805160522461,0.917762160301208,0.927536231884058
"raw_lop025","88947","18216-05","2026-05-20",0.456376,0.96129,-0.773342847824097,-0.570772707462311,0.913825511932373,0.926470588235294
"raw_lop025","88948","18216-05","2026-05-20",0.419118,0.877419,-1.59770464897156,-0.655255377292633,0.962116718292236,0.982456140350877
"raw_lop025","88949","18216-05","2026-05-20",0.446667,0.967742,-1.06571161746979,0.0657115802168846,0.950488209724426,0.955223880597015
"raw_lop025","88950","18216-05","2026-05-20",0.5,0.980645,-1.43026781082153,-0.430267810821533,0.989578008651733,0.986842105263158
"raw_lop025","88951","18216-05","2026-05-20",0.486842,0.980645,-1.17057073116302,-0.170570686459541,0.969463169574738,0.986486486486487
"raw_lop025","88952","18216-05","2026-05-20",0.418301,0.987097,-1.18771123886108,0.187711253762245,0.952340662479401,1
"raw_lop025","88953","18216-05","2026-05-20",0.371622,0.954839,-0.65347558259964,0.204828500747681,0.883671522140503,0.890909090909091
"raw_lop025","88954","18216-05","2026-05-20",0.496644,0.96129,-0.529007792472839,-0.281494349241257,0.921431601047516,0.959459459459459
"raw_lop025","88955","18216-05","2026-05-20",0.486842,0.980645,-0.572959065437317,-0.226594805717468,0.931426346302032,0.972972972972973
"raw_lop025","88956","18216-05","2026-05-20",0.480263,0.980645,-0.764060497283936,-0.1984693557024,0.955227017402649,0.986301369863014
"raw_lop025","88957","18216-05","2026-05-20",0.493333,0.967742,-0.663699984550476,-0.338085174560547,0.949100852012634,0.972972972972973
"raw_lop025","88958","18216-05","2026-05-20",0.390728,0.974194,0.454561054706573,0.150516882538795,0.847603142261505,0.711864406779661
"raw_lop025","88959","18216-05","2026-05-20",0.410596,0.974194,0.751300930976868,0.119573257863522,0.906114637851715,0.887096774193548
"raw_lop025","88960","18216-05","2026-05-20",0.368421,0.980645,0.513019740581512,0.230642005801201,0.848877251148224,0.714285714285714
"raw_lop025","88961","18216-05","2026-05-20",0.44,0.967742,0.666306734085083,-0.00874426867812872,0.921155989170074,0.939393939393939
"raw_lop025","88962","18216-05","2026-05-20",0.496732,0.987097,1.43173682689667,-0.43173685669899,0.989364862442017,0.986842105263158
"raw_lop025","88963","18216-05","2026-05-20",0.411765,0.987097,0.462781220674515,0.100508160889149,0.855133235454559,0.777777777777778
"raw_lop025","88964","18216-05","2026-05-20",0.431373,0.987097,0.546289205551147,0.0449202470481396,0.888048827648163,0.878787878787879
"raw_lop025","88965","18216-05","2026-05-20",0.073826,0.96129,0.240000009536743,1,0.60072934627533,0
"raw_lop025","88966","18216-05","2026-05-20",0.369128,0.96129,0.449034750461578,0.198221877217293,0.844184458255768,0.727272727272727
"raw_lop025","88967","18216-05","2026-05-20",0.453947,0.980645,1.06470358371735,-0.0647035539150238,0.97233259677887,1
"raw_lop025","88968","18216-05","2026-05-20",0.430464,0.974194,0.462123066186905,0.00630610948428512,0.870450973510742,0.907692307692308
"raw_lop025","88969","18216-05","2026-05-20",0.414474,0.980645,0.49894580245018,0.107158944010735,0.863771557807922,0.80952380952381
"raw_lop025","88970","18216-05","2026-05-20",0.463576,0.974194,1.09079468250275,-0.0907947272062302,0.971782803535461,0.971428571428571
"raw_lop025","88971","18216-05","2026-05-20",0.46,0.967742,1.07924902439117,-0.0792490243911743,0.972379803657532,0.985507246376812
"raw_lop025","88972","18216-05","2026-05-20",0.473684,0.980645,0.708690941333771,-0.131129130721092,0.945660293102264,0.944444444444444
"raw_lop025","88973","18216-05","2026-05-20",0.477124,0.987097,0.70938766002655,-0.149903580546379,0.944192707538605,0.945205479452055
"raw_lop025","88974","18216-05","2026-05-20",0.464052,0.987097,-0.726046144962311,-0.0773810893297195,0.936183333396912,0.957746478873239
"raw_lop025","88975","18216-05","2026-05-20",0.496689,0.974194,-0.501129567623138,-0.350964963436127,0.904185712337494,0.933333333333333
"raw_lop025","88976","18216-05","2026-05-20",0.437908,0.987097,-0.44516795873642,0.016996756196022,0.863586902618408,0.895522388059702
"raw_lop025","88977","18216-05","2026-05-20",0.493421,0.980645,-1.22258448600769,-0.222584441304207,0.98938649892807,0.986666666666667
"raw_lop025","88978","18216-05","2026-05-20",0.463576,0.974194,-0.844518721103668,-0.0654110163450241,0.944731593132019,0.957142857142857
"raw_lop025","88979","18216-05","2026-05-20",0.467105,0.980645,-0.751480400562286,-0.0741930156946182,0.938131988048553,0.915492957746479
"raw_lop025","88980","18216-05","2026-05-20",0.450331,0.974194,-1.02960801124573,0.0296079535037279,0.952468037605286,0.970588235294118
"raw_lop025","88981","18216-05","2026-05-20",0.38255,0.96129,0.496072858572006,0.16935683786869,0.861839234828949,0.719298245614035
"raw_lop025","88984","18216-05","2026-05-20",0.476821,0.974194,-0.504036843776703,-0.243750363588333,0.910506784915924,0.972222222222222
"raw_lop025","89000","18156-04","2026-06-02",0.304636,0.974194,0.557962417602539,0.371433794498444,0.843004822731018,0.760869565217391
"raw_lop025","89001","18156-04","2026-06-02",0.206667,0.967742,-1.58354449272156,-0.894947528839111,0.834390461444855,0.741935483870968
"raw_lop025","89002","18156-04","2026-06-02",0.3,0.967742,0.860320091247559,0.383455574512482,0.883908927440643,0.822222222222222
"raw_lop025","89003","17287-14","2026-06-02",0.106383,0.909677,1.58862149715424,0.744175732135773,0.939075708389282,0.6
"raw_lop025","89032","16808-25","2026-06-03",0.414966,0.948387,-1.18751072883606,0.187510699033737,0.952337026596069,1
"raw_lop025","89034","18230-13","2026-06-03",0.335766,0.883871,1.13866007328033,0.268970012664795,0.923479855060577,0.934782608695652
"raw_lop025","89035","18230-13","2026-06-03",0.355072,0.890323,1.28317284584045,0.283172786235809,0.954700469970703,0.959183673469388
"raw_lop025","89036","18230-13","2026-06-03",0.345324,0.896774,1.30278038978577,0.302780359983444,0.943631410598755,0.916666666666667
"raw_lop025","89037","18230-13","2026-06-03",0.35,0.903226,1.29375422000885,0.29375422000885,0.950524747371674,0.938775510204082
"raw_lop025","89038","18230-13","2026-06-03",0.043478,0.890323,0.300000011920929,1,0.634900331497192,0
"raw_lop025","89071","18030-12","2026-06-08",0.352,0.806452,1.19985938072205,0.199859425425529,0.949196398258209,0.954545454545455
"raw_lop025","89107","16725-06","2026-06-10",0.382979,0.909677,0.806776225566864,0.207698971033096,0.893949568271637,0.907407407407407
"raw_lop025","89113","15936-18","2026-06-10",0.045045,0.716129,-1.60700392723083,-0.900661528110504,0.915386319160461,0.4
"raw_lop025","89154","16857-07","2026-06-16",0.37037,0.870968,-1.19237875938416,0.192378729581833,0.94829910993576,0.98
"raw_lop025","89155","16857-07","2026-06-16",0.375,0.877419,-1.18474769592285,0.184747725725174,0.95171594619751,0.980392156862745
"raw_lop025","89157","16857-07","2026-06-16",0.303371,0.574194,-0.20045031607151,-0.189487680792809,0.668299973011017,0.37037037037037
"raw_lop025","89158","16857-07","2026-06-16",0.408602,0.6,-0.402754008769989,0.0582754649221897,0.80398291349411,0.842105263157895
"raw_lop025","89160","16857-07","2026-06-16",0.446281,0.780645,-1.17723917961121,0.177239134907722,0.949473321437836,1
"raw_lop025","89161","16857-07","2026-06-16",0.344262,0.787097,-1.5841817855835,-0.761058628559113,0.895775556564331,0.785714285714286
"raw_lop025","89178","18296-05","2026-06-17",0.356164,0.941935,0.473878681659698,0.238682344555855,0.837281405925751,0.884615384615385
"raw_lop025","89179","18296-05","2026-06-17",0.5,0.941935,-1.50862073898315,-0.508620798587799,0.974633038043976,0.972602739726027
"raw_lop025","89180","18296-05","2026-06-17",0.493151,0.941935,-1.51161909103394,-0.51161915063858,0.985368371009827,0.986111111111111
"raw_lop025","89242","18211-25","2026-06-24",0.264706,0.877419,1.43597841262817,0.435978412628174,0.946554601192474,0.972222222222222
"raw_lop025","89288","16851-14","2026-07-06",0.5,0.864516,-1.18281984329224,-0.543507874011993,0.951047897338867,0.985074626865672
"raw_lop025","89302","16743-04","2026-07-07",0.240876,0.883871,1.52967047691345,0.529670417308807,0.965016543865204,0.96969696969697
"raw_lop025","89303","16743-04","2026-07-07",0.258993,0.896774,1.46980655193329,0.469806522130966,0.937135756015778,0.972222222222222
"raw_lop025","89304","16743-04","2026-07-07",0.255319,0.909677,1.52867412567139,0.528674185276031,0.961751759052277,0.972222222222222
"raw_lop025","89305","16743-04","2026-07-07",0.482517,0.922581,-1.49286115169525,-0.492861181497574,0.981712996959686,0.985507246376812
"raw_lop025","89306","16743-04","2026-07-07",0.433566,0.922581,-0.315262854099274,-0.0814356654882431,0.805567443370819,0.806451612903226
"raw_lop025","89307","16743-04","2026-07-07",0.409722,0.929032,-1.17558610439301,0.175586074590683,0.954957842826843,1
"raw_lop025","89308","16743-04","2026-07-07",0.28777,0.896774,0.628996133804321,0.398580372333527,0.86524361371994,0.75
"raw_lop025","89309","16743-04","2026-07-07",0.242647,0.877419,1.56337642669678,0.563376486301422,0.944116175174713,0.96969696969697
"raw_lop025","89310","16743-04","2026-07-07",0.363636,0.922581,0.665765881538391,0.234769403934479,0.876125454902649,0.807692307692308
"raw_lop025","89311","16743-04","2026-07-07",0.260563,0.916129,1.48050618171692,0.480506241321564,0.936597466468811,0.972972972972973
"raw_lop025","89312","16743-04","2026-07-07",0.253521,0.916129,1.55523955821991,0.55523955821991,0.961730301380157,1
"raw_lop025","89314","14767-03","2026-07-07",0.416667,0.929032,-0.66361802816391,0.0912520065903664,0.90325528383255,0.933333333333333
"raw_lop025","89315","14767-03","2026-07-07",0.03,0.645161,1.54328310489655,0.543283104896545,0.987738370895386,1
"raw_lop025","89316","14767-03","2026-07-07",0.401408,0.916129,-1.17947268486023,0.179472640156746,0.959057152271271,1
"raw_lop025","89317","14767-03","2026-07-07",0.413793,0.935484,-1.1761120557785,0.176112100481987,0.952694416046143,1
"raw_lop025","89344","18384-08","2026-07-08",0.276423,0.793548,0.508677184581757,0.414463996887207,0.846077919006348,0.764705882352941
"raw_lop025","89345","18384-08","2026-07-08",0.303571,0.722581,0.835046350955963,0.406350463628769,0.889552533626556,0.882352941176471
"raw_lop025","89346","18384-08","2026-07-08",0.33913,0.741935,1.02583384513855,0.398311287164688,0.896024227142334,0.871794871794872
"raw_lop025","89347","18384-08","2026-07-08",0.338983,0.76129,0.795585155487061,0.379342347383499,0.882717251777649,0.825
"raw_lop025","89348","18384-08","2026-07-08",0.48855,0.845161,-0.561065435409546,-0.417833566665649,0.911247372627258,0.953125
"raw_lop025","89349","18384-08","2026-07-08",0.496183,0.845161,-1.54043388366699,-0.622126877307892,0.970309257507324,0.984615384615385
"raw_lop025","89351","18384-08","2026-07-08",0.480315,0.819355,-0.589235067367554,-0.380679309368134,0.927531123161316,0.950819672131147
"raw_lop025","89352","18384-08","2026-07-08",0.351562,0.825806,0.157867237925529,0.0870558619499207,0.629445195198059,0.4
"raw_lop025","89353","18384-08","2026-07-08",0.446154,0.83871,0.319901823997498,-0.0792440101504326,0.80751770734787,0.827586206896552
"raw_lop025","89354","18384-08","2026-07-08",0.44697,0.851613,0.322686672210693,-0.082917109131813,0.808810114860535,0.830508474576271
"raw_lop025","89355","18384-08","2026-07-08",0.424242,0.851613,-0.71185690164566,0.102913841605186,0.90535968542099,0.928571428571429
"raw_lop025","89357","18384-08","2026-07-08",0.31746,0.812903,-0.462318986654282,-0.785360634326935,0.752643942832947,0.675
"raw_lop025","89382","18399-06","2026-07-13",0.130435,0.593548,0.356730222702026,-0.857229769229889,0.808378398418427,0
"raw_lop025","89385","16836-06","2026-07-13",0.282609,0.890323,1.06876921653748,0.428106337785721,0.905257165431976,0.871794871794872
"raw_lop025","89386","16836-06","2026-07-13",0.272059,0.877419,1.43644189834595,0.43644192814827,0.932320058345795,0.918918918918919
"raw_lop025","89387","16836-06","2026-07-13",0.284672,0.883871,1.41906213760376,0.419062107801437,0.931438267230988,0.923076923076923
"raw_lop025","89389","16836-06","2026-07-13",0.425,0.774194,-1.59229731559753,-0.609637498855591,0.972431004047394,1
"raw_lop025","89390","16836-06","2026-07-13",0.352518,0.896774,0.247103676199913,0.236024186015129,0.720473825931549,0.408163265306122
"raw_lop025","89391","16836-06","2026-07-13",0.270073,0.883871,0.724660336971283,0.470748156309128,0.881158828735352,0.972972972972973
"raw_lop025","89409","17012-14","2026-07-14",0.37037,0.870968,0.200076207518578,0.130587056279182,0.681752562522888,0.42
"raw_lop025","89410","17012-14","2026-07-14",0.345588,0.877419,-1.58473980426788,-0.834172606468201,0.815303802490234,0.659574468085106
"raw_lop025","89411","17012-14","2026-07-14",0.079137,0.896774,0.189999997615814,1,0.602360129356384,0
"raw_lop025","89421","18401-31","2026-07-15",0.491071,0.722581,-0.782278299331665,-0.629344344139099,0.869861602783203,0.927272727272727
"raw_lop025","89470","18216-05","2026-07-21",0.409722,0.929032,1.1747020483017,0.174702048301697,0.954162180423737,0.983050847457627
"raw_lop025","89471","18216-05","2026-07-21",0.076389,0.929032,0.189999997615814,1,0.608979821205139,0
"raw_lop025","89472","18216-05","2026-07-21",0.305556,0.929032,0.662999331951141,0.365000367164612,0.864909052848816,0.863636363636364
"raw_lop025","89473","18216-05","2026-07-21",0.395833,0.929032,0.586330711841583,0.0996846705675125,0.892930030822754,0.912280701754386
"raw_lop025","89474","18216-05","2026-07-21",0.319444,0.929032,1.29516327381134,0.295163303613663,0.935427844524384,0.956521739130435
"raw_lop025","89475","18216-05","2026-07-21",0.42069,0.935484,1.13184177875519,0.131841734051704,0.96634840965271,1
"raw_lop025","89476","18216-05","2026-07-21",0.42069,0.935484,1.13184177875519,0.131841734051704,0.96634840965271,1
"raw_lop025","89477","18216-05","2026-07-21",0.441379,0.935484,0.603967070579529,-0.0852058455348015,0.92742782831192,0.9375
"raw_lop025","89478","18216-05","2026-07-21",0.4375,0.929032,1.04945051670074,-0.0494505502283573,0.972988545894623,0.968253968253968
"raw_lop025","89479","18216-05","2026-07-21",0.441379,0.935484,0.603967070579529,-0.0852058455348015,0.92742782831192,0.9375
"raw_lop025","89480","18216-05","2026-07-21",0.427586,0.935484,1.00936353206635,0.00936349667608738,0.965990304946899,0.967741935483871
"raw_lop025","89481","18216-05","2026-07-21",0.427586,0.935484,1.00936353206635,0.00936349667608738,0.965990304946899,0.967741935483871
"raw_lop025","89482","18216-05","2026-07-21",0.324138,0.935484,1.30759108066559,0.307591050863266,0.92454320192337,0.914893617021277
"raw_lop025","89483","18216-05","2026-07-21",0.344828,0.935484,1.25971508026123,0.259715020656586,0.919805228710175,0.9
"raw_lop025","89484","18216-05","2026-07-21",0.42069,0.935484,1.13184177875519,0.131841734051704,0.96634840965271,1
"raw_lop025","89485","18216-05","2026-07-21",0.482759,0.935484,1.5805675983429,-0.614207983016968,0.972850382328033,1
"raw_lop025","89486","18216-05","2026-07-21",0.482759,0.935484,1.5805675983429,-0.614207983016968,0.972850382328033,1
"raw_lop025","89487","18216-05","2026-07-21",0.333333,0.929032,1.28455722332001,0.28455725312233,0.925776541233063,0.9375
"raw_lop025","89488","18216-05","2026-07-21",0.475862,0.935484,1.52648091316223,-0.526480853557587,0.982683181762695,0.985507246376812
"raw_lop025","89489","18216-05","2026-07-21",0.413793,0.935484,1.13747620582581,0.137476250529289,0.961794376373291,0.983333333333333
"raw_lop025","89490","18216-05","2026-07-21",0.4,0.935484,1.17354297637939,0.173543035984039,0.95504355430603,1
"raw_lop025","89491","18216-05","2026-07-21",0.42069,0.935484,1.13184177875519,0.131841734051704,0.96634840965271,1
"raw_lop025","89492","18216-05","2026-07-21",0.413793,0.935484,1.14812481403351,0.148124814033508,0.955707013607025,0.983333333333333
"raw_lop025","89493","18216-05","2026-07-21",0.351724,0.935484,1.25571465492249,0.255714595317841,0.90563690662384,0.882352941176471
"raw_lop025","89494","18216-05","2026-07-21",0.434483,0.935484,1.04872310161591,-0.0487230978906155,0.973204791545868,0.968253968253968
"raw_lop025","89495","18216-05","2026-07-21",0.434483,0.935484,0.383230209350586,-0.104693092405796,0.8539097905159,0.857142857142857
"raw_lop025","89523","18431-31","2026-07-22",0.496241,0.858065,-1.55185532569885,-0.647142827510834,0.952972650527954,0.96969696969697
"raw_lop025","89542","18216-05","2026-07-22",0.375,0.825806,0.293333023786545,0.111567765474319,0.771852970123291,0.770833333333333
"raw_lop025","89543","18384-08","2026-07-22",0.033058,0.780645,0.330000042915344,1,0.651669561862946,0
"raw_lop025","89583","18258-07","2026-08-04",0.184932,0.941935,1.577876329422,0.626706779003143,0.937961995601654,0.888888888888889
"raw_lop025","89584","18258-07","2026-08-04",0.465278,0.929032,-0.51091331243515,-0.310179173946381,0.910220682621002,0.940298507462687
"raw_lop025","89585","18258-07","2026-08-04",0.333333,0.870968,0.274091988801956,0.104266665875912,0.759352207183838,0.488888888888889
"raw_lop025","89631","18389-04","2026-08-05",0.201439,0.896774,1.5717670917511,0.571767032146454,0.950441420078278,0.892857142857143
"raw_lop025","89632","18389-04","2026-08-05",0.357664,0.883871,0.385159939527512,0.113517366349697,0.832120299339294,0.714285714285714
"raw_lop025","89633","18389-04","2026-08-05",0.460432,0.896774,-1.43458449840546,-0.434584468603134,0.988241910934448,0.984375
"raw_lop025","89634","18389-04","2026-08-05",0.423358,0.883871,1.05653190612793,-0.115149319171906,0.95945417881012,0.96551724137931
"raw_lop025","89668","18216-05","2026-08-10",0.440299,0.864516,1.5368185043335,-0.536818563938141,0.980699837207794,0.983050847457627
"raw_lop025","89669","18216-05","2026-08-10",0.43609,0.858065,0.531486630439758,-0.119258254766464,0.943729937076569,0.982758620689655
"raw_lop025","89670","18216-05","2026-08-10",0.403226,0.8,1.4906667470932,-0.490666717290878,0.987819731235504,0.98
"raw_lop025","89693","16300-07","2026-08-11",0.185714,0.903226,1.55307579040527,0.630485594272614,0.955721139907837,1
"raw_lop025","89694","16300-07","2026-08-11",0.471831,0.916129,-1.52934622764587,-0.529346287250519,0.981999397277832,0.985074626865672
"raw_lop025","89695","16300-07","2026-08-11",0.253521,0.916129,1.15925931930542,0.465754836797714,0.909524857997894,0.861111111111111
"raw_lop025","89751","18030-12","2026-08-12",0.408,0.806452,1.15123963356018,0.151239573955536,0.973627269268036,1
"raw_lop025","89780","17912-25","2026-08-17",0.464286,0.722581,-0.637002050876617,-0.324296951293945,0.957605183124542,0.980769230769231
"raw_lop025","89784","17837-13","2026-08-17",0.362903,0.8,-1.58415532112122,-0.768252551555634,0.872355818748474,0.911111111111111
"raw_lop025","89816","18525-06","2026-08-18",0.112782,0.858065,0.160000026226044,1,0.565189480781555,0
"raw_lop025","89817","18525-06","2026-08-18",0.398438,0.825806,-0.0502944961190224,-0.706914603710175,0.513593912124634,-0.156862745098039
"raw_lop025","89842","15387-12","2026-08-18",0.338843,0.780645,-0.59381639957428,-0.75376158952713,0.796473741531372,0.780487804878049
"raw_lop025","89843","12786-12","2026-08-18",0.423729,0.76129,0.374459147453308,-0.461775422096252,0.83005291223526,0.86
"raw_lop025","89844","12786-12","2026-08-18",0.453782,0.767742,0.433890581130981,-0.355895608663559,0.880623936653137,0.907407407407407
"raw_lop025","89864","18189-14","2026-08-19",0.471074,0.780645,0.205095037817955,-0.233564168214798,0.683314919471741,0.631578947368421
"raw_lop025","89865","18189-14","2026-08-19",0.422414,0.748387,-0.17350760102272,-0.516618311405182,0.6285400390625,0.387755102040816
"raw_lop025","89867","17324-33","2026-08-19",0.225,0.516129,-0.385728806257248,-0.636219084262848,0.819926977157593,0.666666666666667
"raw_lop025","89929","17818-24","2026-09-01",0.489209,0.896774,0.562991261482239,-0.312735289335251,0.926773190498352,0.970588235294118
"raw_lop025","89930","17818-24","2026-09-01",0.481203,0.858065,-1.06099367141724,0.0609936527907848,0.947468936443329,0.953125
"raw_lop025","89931","17818-24","2026-09-01",0.450704,0.916129,-0.384822815656662,0.000426365382736549,0.836257636547089,0.875
"raw_lop025","89932","17662-07","2026-09-01",0.261538,0.83871,1.41892778873444,0.418927758932114,0.966122686862946,0.970588235294118
"raw_lop025","89933","17662-07","2026-09-01",0.347518,0.909677,-0.219056367874146,0.193160653114319,0.690687596797943,0.755102040816326
"raw_lop025","89934","17662-07","2026-09-01",0.438849,0.896774,-1.18594813346863,0.18594816327095,0.948303282260895,1
"raw_lop025","89935","17914-13","2026-09-01",0.142857,0.812903,1.58950757980347,0.597347378730774,0.959050714969635,0.944444444444444
"raw_lop025","89936","17914-13","2026-09-01",0.48227,0.909677,-0.864081501960754,-0.401875257492065,0.965098679065704,0.985294117647059
"raw_lop025","89937","15295-07","2026-09-01",0.105263,0.735484,1.61616957187653,0.633476972579956,0.945160865783691,0.916666666666667
"raw_lop050","88450","15347-07","2026-03-23",0.084507,0.916129,1.54307341575623,0.731718301773071,0.926324546337128,0.5
"raw_lop050","88451","15347-07","2026-03-23",0.2,0.903226,1.49236130714417,0.572819530963898,0.953046083450317,0.964285714285714
"raw_lop050","88452","15347-07","2026-03-23",0.183099,0.916129,1.53945982456207,0.578698456287384,0.948327839374542,0.923076923076923
"raw_lop050","88453","15347-07","2026-03-23",0.177305,0.909677,1.48378038406372,0.579732894897461,0.949692606925964,0.96
"raw_lop050","88454","15347-07","2026-03-23",0.190141,0.916129,1.54050445556641,0.57819664478302,0.947094023227692,0.925925925925926
"raw_lop050","88455","15347-07","2026-03-23",0.174825,0.922581,1.53961265087128,0.596439898014069,0.93082869052887,0.88
"raw_lop050","88474","17474-06","2026-03-24",0.335664,0.922581,1.24574708938599,0.245747089385986,0.923603594303131,0.854166666666667
"raw_lop050","88475","17474-06","2026-03-24",0.351562,0.825806,0.521946609020233,0.164510026574135,0.894889295101166,0.888888888888889
"raw_lop050","88477","16487-12","2026-03-24",0.486301,0.941935,-1.54035139083862,-0.667266547679901,0.964865922927856,1
"raw_lop050","88493","18137-05","2026-03-24",0.356643,0.922581,0.2639140188694,0.18120189011097,0.746586918830872,0.431372549019608
"raw_lop050","88502","10634-29","2026-03-25",0.137681,0.890323,-0.340000033378601,-1,0.725203573703766,0
"raw_lop050","88503","10634-29","2026-03-25",0.094203,0.890323,-0.460000038146973,-1,0.75365549325943,0
"raw_lop050","88504","10634-29","2026-03-25",0.052239,0.864516,-1,-1,0.819662630558014,0
"raw_lop050","88506","10634-29","2026-03-25",0.118881,0.922581,-0.389999985694885,-1,0.732451617717743,0
"raw_lop050","88507","10634-29","2026-03-25",0.111888,0.922581,-0.430000066757202,-1,0.740860521793365,0
"raw_lop050","88544","16569-25","2026-04-06",0.114286,0.903226,-0.38807612657547,0.878877282142639,0.825209259986877,0.6875
"raw_lop050","88613","17170-07","2026-04-13",0.067797,0.76129,1.54244136810303,0.629808068275452,0.939141452312469,0.5
"raw_lop050","88614","17170-07","2026-04-13",0.051724,0.748387,1.54154634475708,0.652372241020203,0.959395110607147,0.666666666666667
"raw_lop050","88633","17354-37","2026-04-14",0.162963,0.870968,1.52694809436798,0.624904334545135,0.929154515266418,0.818181818181818
"raw_lop050","88634","17690-07","2026-04-14",0.453237,0.896774,0.417107164859772,-0.221329391002655,0.870021998882294,0.904761904761905
"raw_lop050","88646","17757-29","2026-04-15",0.262411,0.909677,-1.53806006908417,-0.852698504924774,0.852053940296173,0.72972972972973
"raw_lop050","88647","17522-12","2026-04-15",0.388889,0.812903,-1.48829293251038,-0.737257301807404,0.954343199729919,0.959183673469388
"raw_lop050","88648","17522-12","2026-04-15",0.421875,0.825806,-1.48383641242981,-0.628683090209961,0.983258187770844,0.981481481481482
"raw_lop050","88680","18156-04","2026-04-21",0.294521,0.941935,0.254467219114304,0.342857331037521,0.728577733039856,0.534883720930233
"raw_lop050","88681","18156-04","2026-04-21",0.5,0.954839,-1.5300430059433,-0.629739701747894,0.972378492355347,0.986486486486487
"raw_lop050","88682","18156-04","2026-04-21",0.359712,0.896774,0.28339296579361,0.0865484848618507,0.77507609128952,0.52
"raw_lop050","88683","18156-04","2026-04-21",0.441176,0.877419,-0.550853252410889,-0.371231406927109,0.91341495513916,0.966666666666667
"raw_lop050","88684","18156-04","2026-04-21",0.362963,0.870968,0.329803735017776,0.0228261407464743,0.817779779434204,0.63265306122449
"raw_lop050","88685","18156-04","2026-04-21",0.426471,0.877419,-1.09586322307587,0.0958632156252861,0.955702602863312,0.96551724137931
"raw_lop050","88686","18156-04","2026-04-21",0.472973,0.954839,-0.41301429271698,-0.256105065345764,0.870561957359314,0.942857142857143
"raw_lop050","88687","18156-04","2026-04-21",0.483221,0.96129,-0.717902958393097,-0.287267118692398,0.953418076038361,0.986111111111111
"raw_lop050","88688","18156-04","2026-04-21",0.312,0.806452,-1.35770440101624,0.357704341411591,0.972034811973572,0.974358974358974
"raw_lop050","88689","18156-04","2026-04-21",0.364286,0.903226,-0.589737892150879,0.115679204463959,0.887544512748718,0.882352941176471
"raw_lop050","88690","18156-04","2026-04-21",0.402685,0.96129,-1.14607763290405,0.146077662706375,0.943401038646698,0.95
"raw_lop050","88691","18156-04","2026-04-21",0.385135,0.954839,-1.17753124237061,0.177531287074089,0.935252785682678,0.929824561403509
"raw_lop050","88692","18156-04","2026-04-21",0.471831,0.916129,-0.349599629640579,-0.405138522386551,0.818303346633911,0.880597014925373
"raw_lop050","88693","18156-04","2026-04-21",0.324138,0.935484,1.29205465316772,0.29205459356308,0.933285415172577,0.893617021276596
"raw_lop050","88694","18156-04","2026-04-21",0.348993,0.96129,-1.25925087928772,0.259250938892365,0.936314642429352,0.961538461538462
"raw_lop050","88695","18156-04","2026-04-21",0.357143,0.903226,0.311953037977219,0.104293182492256,0.793637633323669,0.54
"raw_lop050","88696","18156-04","2026-04-21",0.389262,0.96129,-1.18189346790314,0.181893438100815,0.940239787101746,0.96551724137931
"raw_lop050","88697","18156-04","2026-04-21",0.430657,0.883871,-1.10329186916351,0.103291869163513,0.961756885051727,0.966101694915254
"raw_lop050","88698","18156-04","2026-04-21",0.47651,0.96129,-0.578830420970917,-0.247065216302872,0.928786873817444,0.971830985915493
"raw_lop050","88699","18156-04","2026-04-21",0.389262,0.96129,-1.18189346790314,0.181893438100815,0.940239787101746,0.96551724137931
"raw_lop050","88700","18156-04","2026-04-21",0.352941,0.877419,0.711548388004303,0.267911344766617,0.880617082118988,0.9375
"raw_lop050","88701","18156-04","2026-04-21",0.486486,0.954839,-0.665667116641998,-0.349161177873611,0.945656359195709,0.972222222222222
"raw_lop050","88702","18156-04","2026-04-21",0.395833,0.929032,0.32668125629425,0.0364177674055099,0.801763474941254,0.649122807017544
"raw_lop050","88703","18156-04","2026-04-21",0.409396,0.96129,-1.15110337734222,0.151103377342224,0.950035154819489,1
"raw_lop050","88704","18156-04","2026-04-21",0.409396,0.96129,-0.630807757377625,0.0808065310120583,0.889477849006653,0.918032786885246
"raw_lop050","88705","18156-04","2026-04-21",0.416107,0.96129,-0.344700127840042,-0.00525107653811574,0.811488211154938,0.693548387096774
"raw_lop050","88706","18156-04","2026-04-21",0.439189,0.954839,0.337008357048035,-0.105720214545727,0.816271543502808,0.784615384615385
"raw_lop050","88707","18156-04","2026-04-21",0.489796,0.948387,-1.44763922691345,-0.447639226913452,0.98877614736557,0.986111111111111
"raw_lop050","88755","18016-13","2026-05-05",0.320896,0.864516,-1.54156029224396,-0.764085352420807,0.896476328372955,0.790697674418605
"raw_lop050","88756","17381-03","2026-05-05",0.472222,0.929032,-1.53678417205811,-0.631346225738525,0.979495823383331,0.985294117647059
"raw_lop050","88757","17381-03","2026-05-05",0.468966,0.935484,-1.54930305480957,-0.66150426864624,0.960913181304932,0.970588235294118
"raw_lop050","88758","17471-07","2026-05-05",0.204545,0.851613,-0.110000014305115,1,0.522520124912262,-0.037037037037037
"raw_lop050","88759","17872-33","2026-05-05",0.454545,0.922581,-0.877050757408142,-0.551258027553558,0.946128904819489,0.953846153846154
"raw_lop050","88760","17872-33","2026-05-05",0.47482,0.896774,-1.51723158359528,-0.629890024662018,0.980485618114471,0.984848484848485
"raw_lop050","88761","17405-07","2026-05-05",0.359375,0.825806,0.332819223403931,0.220714554190636,0.805482625961304,0.826086956521739
"raw_lop050","88794","18107-07","2026-05-06",0.5,0.941935,0.63184666633606,-0.348628848791122,0.943889439105988,0.972602739726027
"raw_lop050","88812","14309-04","2026-05-11",0.482014,0.896774,-1.54939889907837,-0.558349668979645,0.978827476501465,0.985074626865672
"raw_lop050","88813","14309-04","2026-05-11",0.417266,0.896774,-0.349862664937973,-0.0225718654692173,0.82573527097702,0.741379310344828
"raw_lop050","88826","17112-19","2026-05-12",0.271605,0.522581,-0.14367501437664,0.0422069169580936,0.617847740650177,0.363636363636364
"raw_lop050","88870","18155-25","2026-05-13",0.133333,0.774194,1.59842348098755,0.602777242660522,0.950174450874329,0.75
"raw_lop050","88871","18155-25","2026-05-13",0.376923,0.83871,0.346570760011673,0.0641320422291756,0.835427284240723,0.693877551020408
"raw_lop050","88872","15258-25","2026-05-13",0.117647,0.767742,1.53623640537262,0.563311159610748,0.973528146743774,0.928571428571429
"raw_lop050","88893","18216-05","2026-05-20",0.395973,0.96129,1.16337370872498,0.163373738527298,0.94702672958374,0.966101694915254
"raw_lop050","88894","18216-05","2026-05-20",0.443709,0.974194,0.643418312072754,-0.0469888187944889,0.916001975536346,0.940298507462687
"raw_lop050","88897","18216-05","2026-05-20",0.418301,0.987097,0.654459595680237,0.0563404373824596,0.902240514755249,0.90625
"raw_lop050","88898","18216-05","2026-05-20",0.454545,0.993548,1.09397542476654,-0.0939753800630569,0.967446565628052,0.971428571428571
"raw_lop050","88899","18216-05","2026-05-20",0.437908,0.987097,-0.774758040904999,-0.00542086781933904,0.927356481552124,0.91044776119403
"raw_lop050","88900","18216-05","2026-05-20",0.5,0.993548,1.52645242214203,-0.535649418830872,0.9840008020401,0.987012987012987
"raw_lop050","88901","18216-05","2026-05-20",0.437908,0.987097,0.629613220691681,-0.0194741245359182,0.911159336566925,0.955223880597015
"raw_lop050","88902","18216-05","2026-05-20",0.363636,0.993548,0.422428280115128,0.202171251177788,0.82361114025116,0.696428571428571
"raw_lop050","88903","18216-05","2026-05-20",0.403974,0.974194,0.491324871778488,0.0840853005647659,0.868957459926605,0.868852459016393
"raw_lop050","88904","18216-05","2026-05-20",0.292517,0.948387,1.05249273777008,-0.855231404304504,0.795171737670898,0.674418604651163
"raw_lop050","88905","18216-05","2026-05-20",0.428571,0.993548,0.769488036632538,0.0381907112896442,0.916411399841309,0.939393939393939
"raw_lop050","88906","18216-05","2026-05-20",0.427632,0.980645,0.551031649112701,0.0141335893422365,0.894558131694794,0.907692307692308
"raw_lop050","88907","18216-05","2026-05-20",0.46,0.967742,1.14119482040405,-0.141194775700569,0.975161731243134,0.971014492753623
"raw_lop050","88908","18216-05","2026-05-20",0.411765,0.987097,0.651677429676056,0.081307478249073,0.897253334522247,0.920634920634921
"raw_lop050","88909","18216-05","2026-05-20",0.464052,0.987097,0.872906386852264,-0.110462792217731,0.950961053371429,0.957746478873239
"raw_lop050","88910","18216-05","2026-05-20",0.448276,0.935484,-0.671031355857849,-0.552505135536194,0.917512714862823,0.907692307692308
"raw_lop050","88911","18216-05","2026-05-20",0.369231,0.83871,-0.79675155878067,-0.689636945724487,0.907483518123627,0.895833333333333
"raw_lop050","88912","18216-05","2026-05-20",0.375,0.980645,1.18977880477905,0.189778864383698,0.912055432796478,0.894736842105263
"raw_lop050","88913","18216-05","2026-05-20",0.443709,0.974194,-0.559682190418243,-0.0231656953692436,0.899816930294037,0.925373134328358
"raw_lop050","88914","18216-05","2026-05-20",0.427632,0.980645,-0.935642838478088,0.0529503226280212,0.927231252193451,0.923076923076923
"raw_lop050","88915","18216-05","2026-05-20",0.437086,0.974194,0.462743520736694,-0.0457449592649937,0.878000020980835,0.893939393939394
"raw_lop050","88917","18216-05","2026-05-20",0.444444,0.987097,-1.03548192977905,0.0354818776249886,0.972765982151031,1
"raw_lop050","88918","18216-05","2026-05-20",0.464052,0.987097,-0.691520035266876,-0.104864507913589,0.931993424892426,0.915492957746479
"raw_lop050","88919","18216-05","2026-05-20",0.477124,0.987097,1.14771783351898,-0.147717878222466,0.971248090267181,0.972602739726027
"raw_lop050","88920","18216-05","2026-05-20",0.401316,0.980645,1.1682596206665,0.168259635567665,0.931025087833405,0.918032786885246
"raw_lop050","88921","18216-05","2026-05-20",0.45098,0.987097,1.02601397037506,-0.0260139629244804,0.94695919752121,0.971014492753623
"raw_lop050","88922","18216-05","2026-05-20",0.453947,0.980645,0.621513307094574,-0.0715819001197815,0.921513020992279,0.956521739130435
"raw_lop050","88923","18216-05","2026-05-20",0.464052,0.987097,1.11994206905365,-0.119942121207714,0.970511198043823,0.957746478873239
"raw_lop050","88924","18216-05","2026-05-20",0.447368,0.980645,0.463569700717926,-0.0576826930046082,0.877281069755554,0.911764705882353
"raw_lop050","88925","18216-05","2026-05-20",0.4,0.967742,0.522709786891937,0.0885285511612892,0.874558627605438,0.866666666666667
"raw_lop050","88926","18216-05","2026-05-20",0.379085,0.987097,0.480557084083557,0.170310407876968,0.84445184469223,0.706896551724138
"raw_lop050","88927","18216-05","2026-05-20",0.375,0.980645,0.674018025398254,0.187788650393486,0.877086222171783,0.807017543859649
"raw_lop050","88928","18216-05","2026-05-20",0.237705,0.787097,0.579599618911743,0.344368815422058,0.882607758045197,0.862068965517241
"raw_lop050","88930","18216-05","2026-05-20",0.348993,0.96129,0.174158543348312,0.176136493682861,0.647964000701904,0.307692307692308
"raw_lop050","88931","18216-05","2026-05-20",0.453947,0.980645,0.362111538648605,-0.157449200749397,0.83843868970871,0.898550724637681
"raw_lop050","88932","18216-05","2026-05-20",0.397351,0.974194,0.489483565092087,-0.705626308917999,0.784337818622589,0.733333333333333
"raw_lop050","88933","18216-05","2026-05-20",0.381579,0.980645,1.51634418964386,-0.789520919322968,0.856045663356781,0.862068965517241
"raw_lop050","88934","18216-05","2026-05-20",0.197368,0.980645,0.278335392475128,0.639874756336212,0.744836926460266,0.3
"raw_lop050","88935","18216-05","2026-05-20",0.092105,0.980645,1.49027764797211,0.815818250179291,0.9219731092453,0.857142857142857
"raw_lop050","88937","18216-05","2026-05-20",0.07947,0.974194,1.24393224716187,0.84179300069809,0.920735418796539,0.833333333333333
"raw_lop050","88938","18216-05","2026-05-20",0.065789,0.980645,1.54177510738373,0.800608515739441,0.947789072990417,0.8
"raw_lop050","88939","18216-05","2026-05-20",0.46,0.967742,0.774641692638397,-0.0966160148382187,0.94595593214035,0.942028985507246
"raw_lop050","88940","18216-05","2026-05-20",0.456954,0.974194,1.12330770492554,-0.123307727277279,0.970326542854309,0.956521739130435
"raw_lop050","88941","18216-05","2026-05-20",0.467105,0.980645,1.12045967578888,-0.120459720492363,0.974386692047119,0.957746478873239
"raw_lop050","88942","18216-05","2026-05-20",0.326667,0.967742,0.546663522720337,0.295077383518219,0.847753524780273,0.693877551020408
"raw_lop050","88944","18216-05","2026-05-20",0.416107,0.96129,-1.06134629249573,0.0613462589681149,0.937194526195526,0.919354838709677
"raw_lop050","88945","18216-05","2026-05-20",0.464052,0.987097,-1.11994206905365,-0.119942121207714,0.970511198043823,0.957746478873239
"raw_lop050","88946","18216-05","2026-05-20",0.463087,0.96129,-1.64454245567322,-0.644542515277863,0.918186068534851,0.927536231884058
"raw_lop050","88947","18216-05","2026-05-20",0.456376,0.96129,-0.772868752479553,-0.587909579277039,0.913973391056061,0.926470588235294
"raw_lop050","88948","18216-05","2026-05-20",0.419118,0.877419,-1.50863885879517,-0.661434888839722,0.962265491485596,0.982456140350877
"raw_lop050","88949","18216-05","2026-05-20",0.446667,0.967742,-1.02967345714569,0.0296734292060137,0.949875175952911,0.955223880597015
"raw_lop050","88950","18216-05","2026-05-20",0.5,0.980645,-1.44981408119202,-0.449814110994339,0.989005386829376,0.986842105263158
"raw_lop050","88951","18216-05","2026-05-20",0.486842,0.980645,-1.1990293264389,-0.199029311537743,0.96932178735733,0.986486486486487
"raw_lop050","88952","18216-05","2026-05-20",0.418301,0.987097,-1.15249335765839,0.152493357658386,0.950929462909698,1
"raw_lop050","88953","18216-05","2026-05-20",0.371622,0.954839,-0.647477090358734,0.169866040349007,0.884053826332092,0.890909090909091
"raw_lop050","88954","18216-05","2026-05-20",0.496644,0.96129,-0.53083735704422,-0.306099385023117,0.921694278717041,0.959459459459459
"raw_lop050","88955","18216-05","2026-05-20",0.486842,0.980645,-0.574373781681061,-0.252517014741898,0.931498646736145,0.972972972972973
"raw_lop050","88956","18216-05","2026-05-20",0.480263,0.980645,-0.771591782569885,-0.224874258041382,0.955225586891174,0.986301369863014
"raw_lop050","88957","18216-05","2026-05-20",0.493333,0.967742,-0.667546391487122,-0.361819833517075,0.949377238750458,0.972972972972973
"raw_lop050","88958","18216-05","2026-05-20",0.390728,0.974194,0.45198780298233,0.117945469915867,0.848579466342926,0.711864406779661
"raw_lop050","88959","18216-05","2026-05-20",0.410596,0.974194,0.755337357521057,0.0862196534872055,0.906705260276794,0.887096774193548
"raw_lop050","88960","18216-05","2026-05-20",0.368421,0.980645,0.509054005146027,0.196271046996117,0.850139558315277,0.732142857142857
"raw_lop050","88961","18216-05","2026-05-20",0.44,0.967742,0.670642971992493,-0.0392717644572258,0.921721696853638,0.939393939393939
"raw_lop050","88962","18216-05","2026-05-20",0.496732,0.987097,1.45104551315308,-0.451045542955399,0.988798022270203,0.986842105263158
"raw_lop050","88963","18216-05","2026-05-20",0.411765,0.987097,0.460798680782318,0.0684017911553383,0.855796337127686,0.777777777777778
"raw_lop050","88964","18216-05","2026-05-20",0.431373,0.987097,0.545073330402374,0.0133469579741359,0.888395428657532,0.878787878787879
"raw_lop050","88965","18216-05","2026-05-20",0.073826,0.96129,0.230000019073486,1,0.598539412021637,0
"raw_lop050","88966","18216-05","2026-05-20",0.369128,0.96129,0.442347675561905,0.164409831166267,0.844480037689209,0.745454545454545
"raw_lop050","88967","18216-05","2026-05-20",0.453947,0.980645,1.08781969547272,-0.0878196656703949,0.973060369491577,1
"raw_lop050","88968","18216-05","2026-05-20",0.430464,0.974194,0.461593419313431,-0.0241758581250906,0.871098577976227,0.907692307692308
"raw_lop050","88969","18216-05","2026-05-20",0.414474,0.980645,0.496374577283859,0.0746223255991936,0.864349067211151,0.80952380952381
"raw_lop050","88970","18216-05","2026-05-20",0.463576,0.974194,1.13557040691376,-0.13557043671608,0.971668124198914,0.971428571428571
"raw_lop050","88971","18216-05","2026-05-20",0.46,0.967742,1.1213561296463,-0.121356122195721,0.971353471279144,0.956521739130435
"raw_lop050","88972","18216-05","2026-05-20",0.473684,0.980645,0.718621909618378,-0.158547386527061,0.946133375167847,0.944444444444444
"raw_lop050","88973","18216-05","2026-05-20",0.477124,0.987097,0.717832624912262,-0.177430123090744,0.944622337818146,0.945205479452055
"raw_lop050","88974","18216-05","2026-05-20",0.464052,0.987097,-0.727555453777313,-0.106951199471951,0.936079561710358,0.957746478873239
"raw_lop050","88975","18216-05","2026-05-20",0.496689,0.974194,-0.502915143966675,-0.374035894870758,0.904636025428772,0.933333333333333
"raw_lop050","88976","18216-05","2026-05-20",0.437908,0.987097,-0.444105327129364,-0.0131823271512985,0.864077925682068,0.895522388059702
"raw_lop050","88977","18216-05","2026-05-20",0.493421,0.980645,-1.24643278121948,-0.24643275141716,0.989097535610199,0.986666666666667
"raw_lop050","88978","18216-05","2026-05-20",0.463576,0.974194,-0.852386116981506,-0.0954224765300751,0.944862008094788,0.957142857142857
"raw_lop050","88979","18216-05","2026-05-20",0.467105,0.980645,-0.755478858947754,-0.103841885924339,0.938198149204254,0.915492957746479
"raw_lop050","88980","18216-05","2026-05-20",0.450331,0.974194,-1.00266790390015,-0.00266795442439616,0.952380955219269,0.970588235294118
"raw_lop050","88981","18216-05","2026-05-20",0.38255,0.96129,0.493251144886017,0.136304631829262,0.862821996212006,0.719298245614035
"raw_lop050","88984","18216-05","2026-05-20",0.476821,0.974194,-0.504571795463562,-0.269288748502731,0.910560250282288,0.972222222222222
"raw_lop050","89000","18156-04","2026-06-02",0.304636,0.974194,0.549601852893829,0.336105793714523,0.844978630542755,0.760869565217391
"raw_lop050","89001","18156-04","2026-06-02",0.206667,0.967742,-1.53818309307098,-0.922605872154236,0.831169307231903,0.741935483870968
"raw_lop050","89002","18156-04","2026-06-02",0.3,0.967742,0.851418673992157,0.34680587053299,0.885223388671875,0.822222222222222
"raw_lop050","89003","17287-14","2026-06-02",0.106383,0.909677,1.54351115226746,0.726106226444244,0.943426609039307,0.666666666666667
"raw_lop050","89032","16808-25","2026-06-03",0.414966,0.948387,-1.15249454975128,0.152494549751282,0.950901687145233,1
"raw_lop050","89034","18230-13","2026-06-03",0.335766,0.883871,1.13028419017792,0.232728451490402,0.923399746417999,0.934782608695652
"raw_lop050","89035","18230-13","2026-06-03",0.355072,0.890323,1.24140393733978,0.241403982043266,0.954953253269196,0.959183673469388
"raw_lop050","89036","18230-13","2026-06-03",0.345324,0.896774,1.26333582401276,0.263335853815079,0.943471670150757,0.916666666666667
"raw_lop050","89037","18230-13","2026-06-03",0.35,0.903226,1.25492930412292,0.254929304122925,0.950337469577789,0.938775510204082
"raw_lop050","89071","18030-12","2026-06-08",0.352,0.806452,1.16342163085938,0.16342157125473,0.948567986488342,0.954545454545455
"raw_lop050","89107","16725-06","2026-06-10",0.382979,0.909677,0.784923255443573,0.171551033854485,0.893005728721619,0.907407407407407
"raw_lop050","89154","16857-07","2026-06-16",0.37037,0.870968,-1.15675508975983,0.156755104660988,0.947040021419525,0.98
"raw_lop050","89155","16857-07","2026-06-16",0.375,0.877419,-1.15001666545868,0.150016710162163,0.950479924678802,0.980392156862745
"raw_lop050","89157","16857-07","2026-06-16",0.303371,0.574194,-0.199943318963051,-0.209915950894356,0.669080436229706,0.37037037037037
"raw_lop050","89158","16857-07","2026-06-16",0.408602,0.6,-0.399356126785278,0.0273103602230549,0.804286479949951,0.842105263157895
"raw_lop050","89160","16857-07","2026-06-16",0.446281,0.780645,-1.14233577251434,0.142335772514343,0.947884500026703,1
"raw_lop050","89161","16857-07","2026-06-16",0.344262,0.787097,-1.54244351387024,-0.767235219478607,0.889887928962708,0.761904761904762
"raw_lop050","89178","18296-05","2026-06-17",0.356164,0.941935,0.471556663513184,0.204891994595528,0.838809013366699,0.865384615384615
"raw_lop050","89179","18296-05","2026-06-17",0.5,0.941935,-1.514279961586,-0.523607611656189,0.974601328372955,0.972602739726027
"raw_lop050","89180","18296-05","2026-06-17",0.493151,0.941935,-1.52517533302307,-0.534386038780212,0.983925580978394,0.986111111111111
"raw_lop050","89242","18211-25","2026-06-24",0.264706,0.877419,1.39758849143982,0.397588551044464,0.945978760719299,0.972222222222222
"raw_lop050","89288","16851-14","2026-07-06",0.5,0.864516,-1.12271213531494,-0.555225253105164,0.949722349643707,0.985074626865672
"raw_lop050","89302","16743-04","2026-07-07",0.240876,0.883871,1.48650598526001,0.486505925655365,0.965844631195068,0.96969696969697
"raw_lop050","89303","16743-04","2026-07-07",0.258993,0.896774,1.43552732467651,0.435527384281158,0.93727034330368,0.972222222222222
"raw_lop050","89304","16743-04","2026-07-07",0.255319,0.909677,1.48507928848267,0.485079288482666,0.962832450866699,0.972222222222222
"raw_lop050","89305","16743-04","2026-07-07",0.482517,0.922581,-1.50462985038757,-0.514061093330383,0.981111645698547,0.985507246376812
"raw_lop050","89306","16743-04","2026-07-07",0.433566,0.922581,-0.314231157302856,-0.109124176204205,0.805903315544128,0.806451612903226
"raw_lop050","89307","16743-04","2026-07-07",0.409722,0.929032,-1.14177799224854,0.14177793264389,0.953371703624725,1
"raw_lop050","89308","16743-04","2026-07-07",0.28777,0.896774,0.606862306594849,0.363236248493195,0.865291178226471,0.75
"raw_lop050","89309","16743-04","2026-07-07",0.242647,0.877419,1.51682567596436,0.516825616359711,0.943940222263336,0.96969696969697
"raw_lop050","89310","16743-04","2026-07-07",0.363636,0.922581,0.64603579044342,0.198479041457176,0.875153005123138,0.807692307692308
"raw_lop050","89311","16743-04","2026-07-07",0.260563,0.916129,1.44271087646484,0.442710816860199,0.936210453510284,0.945945945945946
"raw_lop050","89312","16743-04","2026-07-07",0.253521,0.916129,1.50703501701355,0.507034957408905,0.96368545293808,1
"raw_lop050","89314","14767-03","2026-07-07",0.416667,0.929032,-0.663136303424835,0.0581516847014427,0.903512060642242,0.933333333333333
"raw_lop050","89316","14767-03","2026-07-07",0.401408,0.916129,-1.14354300498962,0.143543049693108,0.957892954349518,1
"raw_lop050","89317","14767-03","2026-07-07",0.413793,0.935484,-1.14080286026001,0.140802800655365,0.951307237148285,1
"raw_lop050","89344","18384-08","2026-07-08",0.276423,0.793548,0.489388108253479,0.380277812480927,0.846230328083038,0.764705882352941
"raw_lop050","89345","18384-08","2026-07-08",0.303571,0.722581,0.799226105213165,0.369990825653076,0.889429688453674,0.882352941176471
"raw_lop050","89346","18384-08","2026-07-08",0.33913,0.741935,0.984356999397278,0.36137443780899,0.895566403865814,0.846153846153846
"raw_lop050","89347","18384-08","2026-07-08",0.338983,0.76129,0.763754546642303,0.342336922883987,0.882497131824493,0.825
"raw_lop050","89348","18384-08","2026-07-08",0.48855,0.845161,-0.564262926578522,-0.439260095357895,0.911847531795502,0.953125
"raw_lop050","89349","18384-08","2026-07-08",0.496183,0.845161,-1.5246160030365,-0.634836256504059,0.970387101173401,0.984615384615385
"raw_lop050","89351","18384-08","2026-07-08",0.480315,0.819355,-0.592389404773712,-0.402867317199707,0.927950859069824,0.950819672131147
"raw_lop050","89352","18384-08","2026-07-08",0.351562,0.825806,0.1533133238554,0.0382071137428284,0.625384330749512,0.422222222222222
"raw_lop050","89353","18384-08","2026-07-08",0.446154,0.83871,0.318072408437729,-0.107149839401245,0.807270407676697,0.827586206896552
"raw_lop050","89354","18384-08","2026-07-08",0.44697,0.851613,0.320800244808197,-0.111147187650204,0.808549225330353,0.830508474576271
"raw_lop050","89355","18384-08","2026-07-08",0.424242,0.851613,-0.714281141757965,0.0700157880783081,0.905676186084747,0.928571428571429
"raw_lop050","89357","18384-08","2026-07-08",0.31746,0.812903,-0.477973580360413,-0.800479114055634,0.753788948059082,0.675
"raw_lop050","89382","18399-06","2026-07-13",0.130435,0.593548,0.371496379375458,-0.871982395648956,0.812805950641632,0.0833333333333333
"raw_lop050","89385","16836-06","2026-07-13",0.282609,0.890323,1.02631807327271,0.391539841890335,0.904504060745239,0.871794871794872
"raw_lop050","89386","16836-06","2026-07-13",0.272059,0.877419,1.4032883644104,0.403288424015045,0.931494653224945,0.918918918918919
"raw_lop050","89387","16836-06","2026-07-13",0.284672,0.883871,1.37880218029022,0.378802210092545,0.930357754230499,0.923076923076923
"raw_lop050","89389","16836-06","2026-07-13",0.425,0.774194,-1.49029386043549,-0.614919602870941,0.974887132644653,1
"raw_lop050","89390","16836-06","2026-07-13",0.352518,0.896774,0.245378419756889,0.207189470529556,0.721581816673279,0.408163265306122
"raw_lop050","89391","16836-06","2026-07-13",0.270073,0.883871,0.709002137184143,0.426313936710358,0.88321179151535,0.972972972972973
"raw_lop050","89409","17012-14","2026-07-14",0.37037,0.870968,0.199073180556297,0.103741161525249,0.68244469165802,0.42
"raw_lop050","89410","17012-14","2026-07-14",0.345588,0.877419,-1.52263188362122,-0.848295152187347,0.801075279712677,0.638297872340426
"raw_lop050","89411","17012-14","2026-07-14",0.079137,0.896774,0.189999997615814,1,0.600008189678192,0
"raw_lop050","89421","18401-31","2026-07-15",0.491071,0.722581,-0.785731971263885,-0.645876288414001,0.869919180870056,0.927272727272727
"raw_lop050","89470","18216-05","2026-07-21",0.409722,0.929032,1.13912665843964,0.139126628637314,0.953088760375977,0.983050847457627
"raw_lop050","89471","18216-05","2026-07-21",0.076389,0.929032,0.189999997615814,1,0.606562077999115,0
"raw_lop050","89472","18216-05","2026-07-21",0.305556,0.929032,0.653850793838501,0.329028099775314,0.866422176361084,0.863636363636364
"raw_lop050","89473","18216-05","2026-07-21",0.395833,0.929032,0.584958791732788,0.0667288228869438,0.893310964107513,0.912280701754386
"raw_lop050","89474","18216-05","2026-07-21",0.319444,0.929032,1.25242805480957,0.252428084611893,0.934570789337158,0.956521739130435
"raw_lop050","89475","18216-05","2026-07-21",0.42069,0.935484,1.10331249237061,0.103312484920025,0.963755905628204,1
"raw_lop050","89476","18216-05","2026-07-21",0.42069,0.935484,1.10331249237061,0.103312484920025,0.963755905628204,1
"raw_lop050","89477","18216-05","2026-07-21",0.441379,0.935484,0.606274127960205,-0.113981269299984,0.927631318569183,0.953125
"raw_lop050","89478","18216-05","2026-07-21",0.4375,0.929032,1.09372770786285,-0.0937276631593704,0.972152650356293,0.968253968253968
"raw_lop050","89479","18216-05","2026-07-21",0.441379,0.935484,0.606274127960205,-0.113981269299984,0.927631318569183,0.953125
"raw_lop050","89480","18216-05","2026-07-21",0.427586,0.935484,1.03010833263397,-0.03010836802423,0.965878129005432,0.967741935483871
"raw_lop050","89481","18216-05","2026-07-21",0.427586,0.935484,1.03010833263397,-0.03010836802423,0.965878129005432,0.967741935483871
"raw_lop050","89482","18216-05","2026-07-21",0.324138,0.935484,1.27029466629028,0.270294725894928,0.924827933311462,0.914893617021277
"raw_lop050","89483","18216-05","2026-07-21",0.344828,0.935484,1.22326791286469,0.223267957568169,0.919948160648346,0.9
"raw_lop050","89484","18216-05","2026-07-21",0.42069,0.935484,1.10331249237061,0.103312484920025,0.963755905628204,1
"raw_lop050","89485","18216-05","2026-07-21",0.482759,0.935484,1.49972343444824,-0.626921772956848,0.972760438919067,1
"raw_lop050","89486","18216-05","2026-07-21",0.482759,0.935484,1.49972343444824,-0.626921772956848,0.972760438919067,1
"raw_lop050","89487","18216-05","2026-07-21",0.333333,0.929032,1.24143135547638,0.241431310772896,0.925799787044525,0.9375
"raw_lop050","89488","18216-05","2026-07-21",0.475862,0.935484,1.53138709068298,-0.540531098842621,0.982365667819977,0.985507246376812
"raw_lop050","89489","18216-05","2026-07-21",0.413793,0.935484,1.10583531856537,0.105835296213627,0.960188508033752,0.983333333333333
"raw_lop050","89490","18216-05","2026-07-21",0.4,0.935484,1.14206516742706,0.142065122723579,0.953061461448669,1
"raw_lop050","89491","18216-05","2026-07-21",0.42069,0.935484,1.10331249237061,0.103312484920025,0.963755905628204,1
"raw_lop050","89492","18216-05","2026-07-21",0.413793,0.935484,1.11992335319519,0.119923397898674,0.953427612781525,0.966666666666667
"raw_lop050","89493","18216-05","2026-07-21",0.351724,0.935484,1.21881198883057,0.218812018632889,0.906522989273071,0.882352941176471
"raw_lop050","89494","18216-05","2026-07-21",0.434483,0.935484,1.09371531009674,-0.0937152951955795,0.972341120243073,0.968253968253968
"raw_lop050","89495","18216-05","2026-07-21",0.434483,0.935484,0.382601618766785,-0.132157027721405,0.854231536388397,0.857142857142857
"raw_lop050","89523","18431-31","2026-07-22",0.496241,0.858065,-1.50862669944763,-0.658789753913879,0.953491926193237,0.96969696969697
"raw_lop050","89542","18216-05","2026-07-22",0.375,0.825806,0.293262273073196,0.0822461098432541,0.773476302623749,0.770833333333333
"raw_lop050","89583","18258-07","2026-08-04",0.184932,0.941935,1.54111325740814,0.576727032661438,0.938769996166229,0.888888888888889
"raw_lop050","89584","18258-07","2026-08-04",0.465278,0.929032,-0.512769103050232,-0.334209144115448,0.910651206970215,0.940298507462687
"raw_lop050","89585","18258-07","2026-08-04",0.333333,0.870968,0.272208631038666,0.0749030262231827,0.759698927402496,0.488888888888889
"raw_lop050","89631","18389-04","2026-08-05",0.201439,0.896774,1.52385497093201,0.523854911327362,0.95243889093399,0.892857142857143
"raw_lop050","89632","18389-04","2026-08-05",0.357664,0.883871,0.383930534124374,0.082507848739624,0.833059251308441,0.714285714285714
"raw_lop050","89633","18389-04","2026-08-05",0.460432,0.896774,-1.45395720005035,-0.453957200050354,0.987634181976318,0.984375
"raw_lop050","89634","18389-04","2026-08-05",0.423358,0.883871,1.07656538486481,-0.144028097391129,0.959352076053619,0.96551724137931
"raw_lop050","89668","18216-05","2026-08-10",0.440299,0.864516,1.53010439872742,-0.539262175559998,0.982807397842407,0.983050847457627
"raw_lop050","89669","18216-05","2026-08-10",0.43609,0.858065,0.510753452777863,-0.152461037039757,0.942440927028656,0.982758620689655
"raw_lop050","89670","18216-05","2026-08-10",0.403226,0.8,1.5007039308548,-0.510177314281464,0.986842453479767,0.98
"raw_lop050","89693","16300-07","2026-08-11",0.185714,0.903226,1.51694464683533,0.577440619468689,0.957004487514496,0.961538461538462
"raw_lop050","89694","16300-07","2026-08-11",0.471831,0.916129,-1.54874134063721,-0.557699084281921,0.979000449180603,0.985074626865672
"raw_lop050","89695","16300-07","2026-08-11",0.253521,0.916129,1.1080539226532,0.429625540971756,0.908746063709259,0.861111111111111
"raw_lop050","89751","18030-12","2026-08-12",0.408,0.806452,1.11515462398529,0.115154631435871,0.972910046577454,1
"raw_lop050","89780","17912-25","2026-08-17",0.464286,0.722581,-0.635627090930939,-0.345241606235504,0.957517743110657,0.980769230769231
"raw_lop050","89784","17837-13","2026-08-17",0.362903,0.8,-1.53581285476685,-0.777511298656464,0.869361340999603,0.888888888888889
"raw_lop050","89816","18525-06","2026-08-18",0.112782,0.858065,0.160000026226044,1,0.563254237174988,0
"raw_lop050","89817","18525-06","2026-08-18",0.398438,0.825806,-0.0510862544178963,-0.70041686296463,0.513870537281036,-0.176470588235294
"raw_lop050","89842","15387-12","2026-08-18",0.338843,0.780645,-0.598348200321198,-0.769514143466949,0.796183168888092,0.75609756097561
"raw_lop050","89843","12786-12","2026-08-18",0.423729,0.76129,0.374141901731491,-0.482470244169235,0.829995334148407,0.86
"raw_lop050","89844","12786-12","2026-08-18",0.453782,0.767742,0.433826267719269,-0.378751933574677,0.880868077278137,0.907407407407407
"raw_lop050","89864","18189-14","2026-08-19",0.471074,0.780645,0.202815502882004,-0.250228047370911,0.681853890419006,0.631578947368421
"raw_lop050","89865","18189-14","2026-08-19",0.422414,0.748387,-0.173546999692917,-0.533437013626099,0.628569364547729,0.387755102040816
"raw_lop050","89867","17324-33","2026-08-19",0.225,0.516129,-0.38510474562645,-0.656392216682434,0.820504367351532,0.666666666666667
"raw_lop050","89929","17818-24","2026-09-01",0.489209,0.896774,0.564536809921265,-0.335980027914047,0.926873803138733,0.970588235294118
"raw_lop050","89930","17818-24","2026-09-01",0.481203,0.858065,-1.0274486541748,0.0274486895650625,0.946925818920135,0.953125
"raw_lop050","89931","17818-24","2026-09-01",0.450704,0.916129,-0.383816123008728,-0.0286213532090187,0.836705327033997,0.875
"raw_lop050","89932","17662-07","2026-09-01",0.261538,0.83871,1.37858474254608,0.378584712743759,0.965968608856201,0.970588235294118
"raw_lop050","89933","17662-07","2026-09-01",0.347518,0.909677,-0.207948282361031,0.143226355314255,0.682889461517334,0.755102040816326
"raw_lop050","89934","17662-07","2026-09-01",0.438849,0.896774,-1.15014255046844,0.150142580270767,0.946928024291992,1
"raw_lop050","89935","17914-13","2026-09-01",0.142857,0.812903,1.50904488563538,0.54763400554657,0.958406388759613,0.944444444444444
"raw_lop050","89936","17914-13","2026-09-01",0.48227,0.909677,-0.869861304759979,-0.421404272317886,0.96502697467804,0.985294117647059
"raw_lop050","89937","15295-07","2026-09-01",0.105263,0.735484,1.54242980480194,0.581569075584412,0.944513559341431,0.916666666666667
"raw_lop100","88451","15347-07","2026-03-23",0.2,0.903226,1.30736231803894,0.492304027080536,0.954212784767151,0.821428571428571
"raw_lop100","88452","15347-07","2026-03-23",0.183099,0.916129,1.30541706085205,0.512779533863068,0.952521860599518,0.923076923076923
"raw_lop100","88453","15347-07","2026-03-23",0.177305,0.909677,1.30232036113739,0.512438476085663,0.952233850955963,0.92
"raw_lop100","88454","15347-07","2026-03-23",0.190141,0.916129,1.26420831680298,0.507593512535095,0.950442433357239,0.888888888888889
"raw_lop100","88455","15347-07","2026-03-23",0.174825,0.922581,1.29981482028961,0.608548939228058,0.94916844367981,0.92
"raw_lop100","88474","17474-06","2026-03-24",0.335664,0.922581,1.20038568973541,0.200385674834251,0.923002600669861,0.854166666666667
"raw_lop100","88475","17474-06","2026-03-24",0.351562,0.825806,0.499997854232788,0.132692277431488,0.897835671901703,0.888888888888889
"raw_lop100","88477","16487-12","2026-03-24",0.486301,0.941935,-1.32183444499969,-0.607062518596649,0.963297963142395,1
"raw_lop100","88493","18137-05","2026-03-24",0.356643,0.922581,0.250934302806854,0.16269738972187,0.749133467674255,0.490196078431373
"raw_lop100","88502","10634-29","2026-03-25",0.137681,0.890323,-0.25,-1,0.694663047790527,0
"raw_lop100","88506","10634-29","2026-03-25",0.118881,0.922581,-0.279999971389771,-1,0.70545095205307,0
"raw_lop100","88507","10634-29","2026-03-25",0.111888,0.922581,-0.289999961853027,-1,0.71337628364563,0
"raw_lop100","88544","16569-25","2026-04-06",0.114286,0.903226,-0.392436474561691,0.862793028354645,0.834548532962799,0.6875
"raw_lop100","88633","17354-37","2026-04-14",0.162963,0.870968,1.35490262508392,0.600548267364502,0.939728915691376,0.818181818181818
"raw_lop100","88634","17690-07","2026-04-14",0.453237,0.896774,0.402823477983475,-0.222656443715096,0.870272099971771,0.904761904761905
"raw_lop100","88646","17757-29","2026-04-15",0.262411,0.909677,-1.29751598834991,-0.817230701446533,0.875877797603607,0.756756756756757
"raw_lop100","88647","17522-12","2026-04-15",0.388889,0.812903,-1.32329320907593,-0.669886946678162,0.956122517585754,0.959183673469388
"raw_lop100","88648","17522-12","2026-04-15",0.421875,0.825806,-1.31213188171387,-0.566746056079865,0.983555257320404,1
"raw_lop100","88680","18156-04","2026-04-21",0.294521,0.941935,0.238118067383766,0.318766444921494,0.729113280773163,0.604651162790698
"raw_lop100","88681","18156-04","2026-04-21",0.5,0.954839,-1.2838921546936,-0.567739069461823,0.971737504005432,1
"raw_lop100","88682","18156-04","2026-04-21",0.359712,0.896774,0.269433498382568,0.0690491124987602,0.776428639888763,0.52
"raw_lop100","88683","18156-04","2026-04-21",0.441176,0.877419,-0.541903436183929,-0.36113378405571,0.915474355220795,0.966666666666667
"raw_lop100","88684","18156-04","2026-04-21",0.362963,0.870968,0.313813209533691,0.00539871444925666,0.817960917949677,0.63265306122449
"raw_lop100","88685","18156-04","2026-04-21",0.426471,0.877419,-1.04460537433624,0.0446053966879845,0.956050515174866,0.96551724137931
"raw_lop100","88686","18156-04","2026-04-21",0.472973,0.954839,-0.397306114435196,-0.252923190593719,0.86981463432312,0.942857142857143
"raw_lop100","88687","18156-04","2026-04-21",0.483221,0.96129,-0.720738291740417,-0.278775751590729,0.95282256603241,0.986111111111111
"raw_lop100","88688","18156-04","2026-04-21",0.312,0.806452,-1.29304695129395,0.293046921491623,0.971024870872498,0.974358974358974
"raw_lop100","88689","18156-04","2026-04-21",0.364286,0.903226,-0.572030603885651,0.0849802866578102,0.889581680297852,0.901960784313726
"raw_lop100","88690","18156-04","2026-04-21",0.402685,0.96129,-1.11812603473663,0.118126064538956,0.940534949302673,0.95
"raw_lop100","88691","18156-04","2026-04-21",0.385135,0.954839,-1.14634227752686,0.146342307329178,0.932584226131439,0.929824561403509
"raw_lop100","88692","18156-04","2026-04-21",0.471831,0.916129,-0.340312510728836,-0.398305058479309,0.821892321109772,0.880597014925373
"raw_lop100","88693","18156-04","2026-04-21",0.324138,0.935484,1.26863133907318,0.268631339073181,0.928321003913879,0.872340425531915
"raw_lop100","88694","18156-04","2026-04-21",0.348993,0.96129,-1.21680104732513,0.216801092028618,0.933919012546539,0.961538461538462
"raw_lop100","88695","18156-04","2026-04-21",0.357143,0.903226,0.295838624238968,0.0833424106240273,0.794570446014404,0.52
"raw_lop100","88696","18156-04","2026-04-21",0.389262,0.96129,-1.14150333404541,0.14150333404541,0.938754439353943,0.96551724137931
"raw_lop100","88697","18156-04","2026-04-21",0.430657,0.883871,-1.06131327152252,0.0613133125007153,0.961775004863739,0.966101694915254
"raw_lop100","88698","18156-04","2026-04-21",0.47651,0.96129,-0.567844808101654,-0.243912294507027,0.928277432918549,0.971830985915493
"raw_lop100","88699","18156-04","2026-04-21",0.389262,0.96129,-1.14150333404541,0.14150333404541,0.938754439353943,0.96551724137931
"raw_lop100","88700","18156-04","2026-04-21",0.352941,0.877419,0.664319574832916,0.224879324436188,0.883406460285187,0.9375
"raw_lop100","88701","18156-04","2026-04-21",0.486486,0.954839,-0.664180159568787,-0.33325856924057,0.945875108242035,0.972222222222222
"raw_lop100","88702","18156-04","2026-04-21",0.395833,0.929032,0.311162799596786,0.0180116966366768,0.802287995815277,0.649122807017544
"raw_lop100","88703","18156-04","2026-04-21",0.409396,0.96129,-1.10344564914703,0.10344559699297,0.950747549533844,1
"raw_lop100","88704","18156-04","2026-04-21",0.409396,0.96129,-0.621681034564972,0.0537937544286251,0.892003238201141,0.918032786885246
"raw_lop100","88705","18156-04","2026-04-21",0.416107,0.96129,-0.327217191457748,-0.0227970685809851,0.811507761478424,0.693548387096774
"raw_lop100","88706","18156-04","2026-04-21",0.439189,0.954839,0.323457568883896,-0.114953152835369,0.816835343837738,0.769230769230769
"raw_lop100","88707","18156-04","2026-04-21",0.489796,0.948387,-1.25162506103516,-0.409864097833633,0.986971855163574,0.986111111111111
"raw_lop100","88755","18016-13","2026-05-05",0.320896,0.864516,-1.30289041996002,-0.717166543006897,0.907581150531769,0.883720930232558
"raw_lop100","88756","17381-03","2026-05-05",0.472222,0.929032,-1.26146328449249,-0.570999562740326,0.978165686130524,1
"raw_lop100","88757","17381-03","2026-05-05",0.468966,0.935484,-1.30970180034637,-0.593940794467926,0.961846351623535,0.970588235294118
"raw_lop100","88758","17471-07","2026-05-05",0.204545,0.851613,-0.110000014305115,1,0.525619089603424,-0.037037037037037
"raw_lop100","88759","17872-33","2026-05-05",0.454545,0.922581,-0.830078840255737,-0.503066062927246,0.946176707744598,0.953846153846154
"raw_lop100","88760","17872-33","2026-05-05",0.47482,0.896774,-1.34599137306213,-0.570526361465454,0.97895336151123,1
"raw_lop100","88761","17405-07","2026-05-05",0.359375,0.825806,0.319081515073776,0.199110954999924,0.812309861183167,0.804347826086957
"raw_lop100","88794","18107-07","2026-05-06",0.5,0.941935,0.625584125518799,-0.333691656589508,0.944145798683167,0.972602739726027
"raw_lop100","88812","14309-04","2026-05-11",0.482014,0.896774,-1.30606496334076,-0.481870830059052,0.981858491897583,0.985074626865672
"raw_lop100","88813","14309-04","2026-05-11",0.417266,0.896774,-0.335084289312363,-0.0379696302115917,0.826356291770935,0.741379310344828
"raw_lop100","88826","17112-19","2026-05-12",0.271605,0.522581,-0.144931837916374,-0.0268673747777939,0.622936546802521,0.363636363636364
"raw_lop100","88870","18155-25","2026-05-13",0.133333,0.774194,1.3648464679718,0.582692325115204,0.951925754547119,0.8125
"raw_lop100","88871","18155-25","2026-05-13",0.376923,0.83871,0.328327834606171,0.0453534349799156,0.8362997174263,0.693877551020408
"raw_lop100","88872","15258-25","2026-05-13",0.117647,0.767742,1.32212436199188,0.550155401229858,0.974781513214111,0.857142857142857
"raw_lop100","88893","18216-05","2026-05-20",0.395973,0.96129,1.1354786157608,0.135478600859642,0.943266272544861,0.966101694915254
"raw_lop100","88894","18216-05","2026-05-20",0.443709,0.974194,0.642320096492767,-0.0634553879499435,0.917598009109497,0.940298507462687
"raw_lop100","88897","18216-05","2026-05-20",0.418301,0.987097,0.627883315086365,0.0287640672177076,0.902117609977722,0.90625
"raw_lop100","88898","18216-05","2026-05-20",0.454545,0.993548,1.10474646091461,-0.104746408760548,0.967183351516724,0.971428571428571
"raw_lop100","88899","18216-05","2026-05-20",0.437908,0.987097,-0.770994186401367,-0.027007918804884,0.927597045898438,0.91044776119403
"raw_lop100","88900","18216-05","2026-05-20",0.5,0.993548,1.32940268516541,-0.486734181642532,0.982101917266846,0.987012987012987
"raw_lop100","88901","18216-05","2026-05-20",0.437908,0.987097,0.624005794525146,-0.0385146848857403,0.912762999534607,0.955223880597015
"raw_lop100","88902","18216-05","2026-05-20",0.363636,0.993548,0.396957457065582,0.170178234577179,0.826472282409668,0.696428571428571
"raw_lop100","88903","18216-05","2026-05-20",0.403974,0.974194,0.469901591539383,0.0571503154933453,0.870510816574097,0.868852459016393
"raw_lop100","88904","18216-05","2026-05-20",0.292517,0.948387,1.30571162700653,-0.805626511573792,0.839731633663177,0.720930232558139
"raw_lop100","88905","18216-05","2026-05-20",0.428571,0.993548,0.751149117946625,0.0117766838520765,0.91620546579361,0.939393939393939
"raw_lop100","88906","18216-05","2026-05-20",0.427632,0.980645,0.528861463069916,-0.0088579198345542,0.894524931907654,0.907692307692308
"raw_lop100","88907","18216-05","2026-05-20",0.46,0.967742,1.15500998497009,-0.15500995516777,0.974245369434357,0.971014492753623
"raw_lop100","88908","18216-05","2026-05-20",0.411765,0.987097,0.624181032180786,0.0519533343613148,0.897347033023834,0.920634920634921
"raw_lop100","88909","18216-05","2026-05-20",0.464052,0.987097,0.910131216049194,-0.121589988470078,0.950899660587311,0.957746478873239
"raw_lop100","88910","18216-05","2026-05-20",0.448276,0.935484,-0.629833161830902,-0.513201534748077,0.917966902256012,0.907692307692308
"raw_lop100","88911","18216-05","2026-05-20",0.369231,0.83871,-0.672300815582275,-0.636892437934875,0.907814025878906,0.895833333333333
"raw_lop100","88912","18216-05","2026-05-20",0.375,0.980645,1.14826440811157,0.14826437830925,0.911805808544159,0.894736842105263
"raw_lop100","88913","18216-05","2026-05-20",0.443709,0.974194,-0.548003435134888,-0.0412289500236511,0.901242852210999,0.925373134328358
"raw_lop100","88914","18216-05","2026-05-20",0.427632,0.980645,-0.971826434135437,0.025769229978323,0.927651286125183,0.923076923076923
"raw_lop100","88915","18216-05","2026-05-20",0.437086,0.974194,0.446845561265945,-0.0618427582085133,0.878809869289398,0.893939393939394
"raw_lop100","88917","18216-05","2026-05-20",0.444444,0.987097,-1.01345992088318,0.013459887355566,0.970621883869171,1
"raw_lop100","88918","18216-05","2026-05-20",0.464052,0.987097,-0.701042175292969,-0.11566212028265,0.933241963386536,0.915492957746479
"raw_lop100","88919","18216-05","2026-05-20",0.477124,0.987097,1.18455040454865,-0.184550359845161,0.970337688922882,0.972602739726027
"raw_lop100","88920","18216-05","2026-05-20",0.401316,0.980645,1.13005614280701,0.13005618751049,0.93011200428009,0.918032786885246
"raw_lop100","88921","18216-05","2026-05-20",0.45098,0.987097,1.04391169548035,-0.0439117550849915,0.946728765964508,0.971014492753623
"raw_lop100","88922","18216-05","2026-05-20",0.453947,0.980645,0.584376156330109,-0.0943246260285378,0.919396996498108,0.956521739130435
"raw_lop100","88923","18216-05","2026-05-20",0.464052,0.987097,1.14171385765076,-0.141713872551918,0.968677937984467,0.957746478873239
"raw_lop100","88924","18216-05","2026-05-20",0.447368,0.980645,0.443764477968216,-0.073801577091217,0.876773178577423,0.911764705882353
"raw_lop100","88925","18216-05","2026-05-20",0.4,0.967742,0.493931651115417,0.0597806386649609,0.874626219272614,0.866666666666667
"raw_lop100","88926","18216-05","2026-05-20",0.379085,0.987097,0.449185401201248,0.137117460370064,0.845548152923584,0.724137931034483
"raw_lop100","88927","18216-05","2026-05-20",0.375,0.980645,0.635600745677948,0.15033657848835,0.878081738948822,0.807017543859649
"raw_lop100","88928","18216-05","2026-05-20",0.237705,0.787097,0.531630754470825,0.301303178071976,0.884634256362915,0.862068965517241
"raw_lop100","88930","18216-05","2026-05-20",0.348993,0.96129,0.155183851718903,0.119018375873566,0.636779129505157,0.269230769230769
"raw_lop100","88931","18216-05","2026-05-20",0.453947,0.980645,0.340817511081696,-0.17595599591732,0.834996819496155,0.898550724637681
"raw_lop100","88932","18216-05","2026-05-20",0.397351,0.974194,0.493251204490662,-0.672559022903442,0.79801869392395,0.75
"raw_lop100","88933","18216-05","2026-05-20",0.381579,0.980645,1.28877317905426,-0.726429641246796,0.869227647781372,0.879310344827586
"raw_lop100","88934","18216-05","2026-05-20",0.197368,0.980645,0.25551837682724,0.626713156700134,0.741074860095978,0.333333333333333
"raw_lop100","88939","18216-05","2026-05-20",0.46,0.967742,0.776849567890167,-0.109728336334229,0.945761561393738,0.942028985507246
"raw_lop100","88940","18216-05","2026-05-20",0.456954,0.974194,1.13449060916901,-0.134490564465523,0.969439923763275,0.956521739130435
"raw_lop100","88941","18216-05","2026-05-20",0.467105,0.980645,1.14082229137421,-0.140822291374207,0.97302633523941,0.957746478873239
"raw_lop100","88942","18216-05","2026-05-20",0.326667,0.967742,0.492743730545044,0.255517244338989,0.849894404411316,0.714285714285714
"raw_lop100","88944","18216-05","2026-05-20",0.416107,0.96129,-1.02770578861237,0.0277058016508818,0.937353849411011,0.919354838709677
"raw_lop100","88945","18216-05","2026-05-20",0.464052,0.987097,-1.14171385765076,-0.141713872551918,0.968677937984467,0.957746478873239
"raw_lop100","88946","18216-05","2026-05-20",0.463087,0.96129,-1.58210277557373,-0.582204043865204,0.917108595371246,0.927536231884058
"raw_lop100","88947","18216-05","2026-05-20",0.456376,0.96129,-0.760918855667114,-0.546142518520355,0.917600333690643,0.926470588235294
"raw_lop100","88948","18216-05","2026-05-20",0.419118,0.877419,-1.28640449047089,-0.657587230205536,0.963299632072449,0.982456140350877
"raw_lop100","88949","18216-05","2026-05-20",0.446667,0.967742,-1.00851380825043,-0.00851386692374945,0.949308574199677,0.955223880597015
"raw_lop100","88950","18216-05","2026-05-20",0.5,0.980645,-1.25727677345276,-0.411582112312317,0.987321078777313,0.986842105263158
"raw_lop100","88951","18216-05","2026-05-20",0.486842,0.980645,-1.21124768257141,-0.211247637867928,0.968915641307831,0.986486486486487
"raw_lop100","88952","18216-05","2026-05-20",0.418301,0.987097,-1.10537874698639,0.105378724634647,0.951585173606873,1
"raw_lop100","88953","18216-05","2026-05-20",0.371622,0.954839,-0.568989098072052,0.129016935825348,0.879986464977264,0.890909090909091
"raw_lop100","88954","18216-05","2026-05-20",0.496644,0.96129,-0.520156919956207,-0.298521608114243,0.922252357006073,0.959459459459459
"raw_lop100","88955","18216-05","2026-05-20",0.486842,0.980645,-0.563524127006531,-0.249806299805641,0.931245923042297,0.972972972972973
"raw_lop100","88956","18216-05","2026-05-20",0.480263,0.980645,-0.786462604999542,-0.224140584468842,0.954862833023071,0.986301369863014
"raw_lop100","88957","18216-05","2026-05-20",0.493333,0.967742,-0.667056202888489,-0.346461564302444,0.949995577335358,0.972972972972973
"raw_lop100","88958","18216-05","2026-05-20",0.390728,0.974194,0.426738888025284,0.0895085334777832,0.84948205947876,0.711864406779661
"raw_lop100","88959","18216-05","2026-05-20",0.410596,0.974194,0.732754766941071,0.0559714585542679,0.906753420829773,0.887096774193548
"raw_lop100","88960","18216-05","2026-05-20",0.368421,0.980645,0.473622530698776,0.161259114742279,0.851476013660431,0.75
"raw_lop100","88961","18216-05","2026-05-20",0.44,0.967742,0.671948552131653,-0.056891456246376,0.923252522945404,0.939393939393939
"raw_lop100","88962","18216-05","2026-05-20",0.496732,0.987097,1.34686279296875,-0.412465929985046,0.987114727497101,0.986842105263158
"raw_lop100","88963","18216-05","2026-05-20",0.411765,0.987097,0.437578171491623,0.0429457947611809,0.856213927268982,0.777777777777778
"raw_lop100","88964","18216-05","2026-05-20",0.431373,0.987097,0.52208411693573,-0.00960202980786562,0.888235092163086,0.878787878787879
"raw_lop100","88966","18216-05","2026-05-20",0.369128,0.96129,0.403289675712585,0.129588603973389,0.842343926429749,0.745454545454545
"raw_lop100","88967","18216-05","2026-05-20",0.453947,0.980645,1.1162394285202,-0.116239435970783,0.970612347126007,0.985507246376812
"raw_lop100","88968","18216-05","2026-05-20",0.430464,0.974194,0.446096211671829,-0.0417248420417309,0.87207442522049,0.907692307692308
"raw_lop100","88969","18216-05","2026-05-20",0.414474,0.980645,0.471353381872177,0.0478424988687038,0.864674031734467,0.80952380952381
"raw_lop100","88970","18216-05","2026-05-20",0.463576,0.974194,1.15902841091156,-0.159028381109238,0.970073044300079,0.957142857142857
"raw_lop100","88971","18216-05","2026-05-20",0.46,0.967742,1.13081002235413,-0.130810081958771,0.970814883708954,0.956521739130435
"raw_lop100","88972","18216-05","2026-05-20",0.473684,0.980645,0.741816520690918,-0.163383305072784,0.947537004947662,0.944444444444444
"raw_lop100","88973","18216-05","2026-05-20",0.477124,0.987097,0.742475569248199,-0.18031308054924,0.945961833000183,0.945205479452055
"raw_lop100","88974","18216-05","2026-05-20",0.464052,0.987097,-0.722326815128326,-0.119303308427334,0.935852408409119,0.943661971830986
"raw_lop100","88975","18216-05","2026-05-20",0.496689,0.974194,-0.49065887928009,-0.357987850904465,0.905825078487396,0.933333333333333
"raw_lop100","88976","18216-05","2026-05-20",0.437908,0.987097,-0.431148290634155,-0.0289207492023706,0.866185665130615,0.895522388059702
"raw_lop100","88977","18216-05","2026-05-20",0.493421,0.980645,-1.24597978591919,-0.245979800820351,0.987533390522003,0.986666666666667
"raw_lop100","88978","18216-05","2026-05-20",0.463576,0.974194,-0.870773553848267,-0.109176516532898,0.944867789745331,0.957142857142857
"raw_lop100","88979","18216-05","2026-05-20",0.467105,0.980645,-0.755049884319305,-0.116525165736675,0.938180446624756,0.915492957746479
"raw_lop100","88980","18216-05","2026-05-20",0.450331,0.974194,-1.02666234970093,-0.0266623552888632,0.952343881130219,0.970588235294118
"raw_lop100","88981","18216-05","2026-05-20",0.38255,0.96129,0.464174628257751,0.10560154914856,0.863676071166992,0.701754385964912
"raw_lop100","88984","18216-05","2026-05-20",0.476821,0.974194,-0.484287530183792,-0.271223276853561,0.908628404140472,0.972222222222222
"raw_lop100","89000","18156-04","2026-06-02",0.304636,0.974194,0.497931003570557,0.294037759304047,0.847745835781097,0.760869565217391
"raw_lop100","89001","18156-04","2026-06-02",0.206667,0.967742,-1.29756474494934,-0.852599442005157,0.874702394008636,0.741935483870968
"raw_lop100","89002","18156-04","2026-06-02",0.3,0.967742,0.760424673557281,0.300623893737793,0.88548469543457,0.822222222222222
"raw_lop100","89003","17287-14","2026-06-02",0.106383,0.909677,1.30615055561066,0.732581794261932,0.941995561122894,0.666666666666667
"raw_lop100","89032","16808-25","2026-06-03",0.414966,0.948387,-1.10359942913055,0.103599466383457,0.95182740688324,1
"raw_lop100","89034","18230-13","2026-06-03",0.335766,0.883871,1.13417875766754,0.190138176083565,0.923280477523804,0.934782608695652
"raw_lop100","89035","18230-13","2026-06-03",0.355072,0.890323,1.19747722148895,0.197477266192436,0.953638255596161,0.959183673469388
"raw_lop100","89036","18230-13","2026-06-03",0.345324,0.896774,1.21837997436523,0.21837991476059,0.943327724933624,0.916666666666667
"raw_lop100","89037","18230-13","2026-06-03",0.35,0.903226,1.21123611927032,0.211236163973808,0.94879686832428,0.938775510204082
"raw_lop100","89071","18030-12","2026-06-08",0.352,0.806452,1.11749196052551,0.11749192327261,0.948178172111511,0.977272727272727
"raw_lop100","89107","16725-06","2026-06-10",0.382979,0.909677,0.744678735733032,0.134030148386955,0.892759501934052,0.907407407407407
"raw_lop100","89154","16857-07","2026-06-16",0.37037,0.870968,-1.12231993675232,0.122319892048836,0.945269048213959,0.98
"raw_lop100","89155","16857-07","2026-06-16",0.375,0.877419,-1.11131596565247,0.111315965652466,0.94932633638382,0.980392156862745
"raw_lop100","89157","16857-07","2026-06-16",0.303371,0.574194,-0.197046294808388,-0.183413341641426,0.673136115074158,0.37037037037037
"raw_lop100","89158","16857-07","2026-06-16",0.408602,0.6,-0.385969936847687,0.0111544784158468,0.807613253593445,0.842105263157895
"raw_lop100","89160","16857-07","2026-06-16",0.446281,0.780645,-1.10738146305084,0.107381500303745,0.945959568023682,1
"raw_lop100","89161","16857-07","2026-06-16",0.344262,0.787097,-1.30382239818573,-0.723818302154541,0.901839911937714,0.857142857142857
"raw_lop100","89178","18296-05","2026-06-17",0.356164,0.941935,0.451766699552536,0.171738460659981,0.843197405338287,0.884615384615385
"raw_lop100","89179","18296-05","2026-06-17",0.5,0.941935,-1.2913533449173,-0.479475796222687,0.973429977893829,0.972602739726027
"raw_lop100","89180","18296-05","2026-06-17",0.493151,0.941935,-1.30661582946777,-0.478455305099487,0.983131408691406,0.986111111111111
"raw_lop100","89242","18211-25","2026-06-24",0.264706,0.877419,1.30023634433746,0.344004243612289,0.944724202156067,0.972222222222222
"raw_lop100","89288","16851-14","2026-07-06",0.5,0.864516,-1.06879448890686,-0.502824902534485,0.94950258731842,0.985074626865672
"raw_lop100","89302","16743-04","2026-07-07",0.240876,0.883871,1.33783519268036,0.409658551216125,0.96689373254776,0.96969696969697
"raw_lop100","89303","16743-04","2026-07-07",0.258993,0.896774,1.28139841556549,0.380112648010254,0.937855780124664,0.972222222222222
"raw_lop100","89304","16743-04","2026-07-07",0.255319,0.909677,1.3184300661087,0.409071564674377,0.965233683586121,0.972222222222222
"raw_lop100","89305","16743-04","2026-07-07",0.482517,0.922581,-1.27336823940277,-0.466657847166061,0.98035192489624,0.985507246376812
"raw_lop100","89306","16743-04","2026-07-07",0.433566,0.922581,-0.300137132406235,-0.120520807802677,0.805875837802887,0.806451612903226
"raw_lop100","89307","16743-04","2026-07-07",0.409722,0.929032,-1.10301840305328,0.10301835089922,0.952188670635223,1
"raw_lop100","89308","16743-04","2026-07-07",0.28777,0.896774,0.538832485675812,0.321223348379135,0.86787486076355,0.8
"raw_lop100","89309","16743-04","2026-07-07",0.242647,0.877419,1.26301193237305,0.445486903190613,0.937534093856812,0.96969696969697
"raw_lop100","89310","16743-04","2026-07-07",0.363636,0.922581,0.59980309009552,0.159833520650864,0.87522029876709,0.807692307692308
"raw_lop100","89311","16743-04","2026-07-07",0.260563,0.916129,1.28686308860779,0.398010224103928,0.937531232833862,0.972972972972973
"raw_lop100","89312","16743-04","2026-07-07",0.253521,0.916129,1.25821602344513,0.422145009040833,0.96747362613678,1
"raw_lop100","89314","14767-03","2026-07-07",0.416667,0.929032,-0.658416032791138,0.0329656302928925,0.905606746673584,0.933333333333333
"raw_lop100","89316","14767-03","2026-07-07",0.401408,0.916129,-1.11652398109436,0.116524040699005,0.954764485359192,1
"raw_lop100","89317","14767-03","2026-07-07",0.413793,0.935484,-1.10372042655945,0.103720463812351,0.949835538864136,1
"raw_lop100","89344","18384-08","2026-07-08",0.276423,0.793548,0.425841748714447,0.342313677072525,0.846134185791016,0.764705882352941
"raw_lop100","89345","18384-08","2026-07-08",0.303571,0.722581,0.69773542881012,0.325200110673904,0.891339182853699,0.882352941176471
"raw_lop100","89346","18384-08","2026-07-08",0.33913,0.741935,0.874259650707245,0.314780980348587,0.897030234336853,0.871794871794872
"raw_lop100","89347","18384-08","2026-07-08",0.338983,0.76129,0.672226846218109,0.297625690698624,0.884403228759766,0.825
"raw_lop100","89348","18384-08","2026-07-08",0.48855,0.845161,-0.553554773330688,-0.415469348430634,0.913591921329498,0.953125
"raw_lop100","89349","18384-08","2026-07-08",0.496183,0.845161,-1.28916430473328,-0.575409173965454,0.968922257423401,0.984615384615385
"raw_lop100","89351","18384-08","2026-07-08",0.480315,0.819355,-0.584321439266205,-0.383041739463806,0.929530918598175,0.950819672131147
"raw_lop100","89352","18384-08","2026-07-08",0.351562,0.825806,0.144293546676636,-0.0261108484119177,0.623838126659393,0.422222222222222
"raw_lop100","89353","18384-08","2026-07-08",0.446154,0.83871,0.304064035415649,-0.117420576512814,0.807353675365448,0.810344827586207
"raw_lop100","89354","18384-08","2026-07-08",0.44697,0.851613,0.306702762842178,-0.12116201967001,0.808600306510925,0.830508474576271
"raw_lop100","89355","18384-08","2026-07-08",0.424242,0.851613,-0.719110071659088,0.0431316234171391,0.908213496208191,0.928571428571429
"raw_lop100","89357","18384-08","2026-07-08",0.31746,0.812903,-0.551826477050781,-0.770088613033295,0.783092498779297,0.725
"raw_lop100","89382","18399-06","2026-07-13",0.130435,0.593548,0.416540175676346,-0.796151638031006,0.821660578250885,0.0833333333333333
"raw_lop100","89385","16836-06","2026-07-13",0.282609,0.890323,0.922265827655792,0.344744712114334,0.906153559684753,0.871794871794872
"raw_lop100","89386","16836-06","2026-07-13",0.272059,0.877419,1.27697777748108,0.345575541257858,0.931145191192627,0.891891891891892
"raw_lop100","89387","16836-06","2026-07-13",0.284672,0.883871,1.30203580856323,0.32256406545639,0.929575562477112,0.923076923076923
"raw_lop100","89389","16836-06","2026-07-13",0.425,0.774194,-1.32067477703094,-0.566455602645874,0.970394551753998,1
"raw_lop100","89390","16836-06","2026-07-13",0.352518,0.896774,0.235235795378685,0.188719913363457,0.725284039974213,0.448979591836735
"raw_lop100","89391","16836-06","2026-07-13",0.270073,0.883871,0.637901067733765,0.396164119243622,0.892758309841156,0.972972972972973
"raw_lop100","89409","17012-14","2026-07-14",0.37037,0.870968,0.187030732631683,0.0812971144914627,0.68129962682724,0.42
"raw_lop100","89410","17012-14","2026-07-14",0.345588,0.877419,-1.53055322170258,-0.797923147678375,0.809264481067657,0.638297872340426
"raw_lop100","89421","18401-31","2026-07-15",0.491071,0.722581,-0.769231140613556,-0.601299524307251,0.876673102378845,0.927272727272727
"raw_lop100","89470","18216-05","2026-07-21",0.409722,0.929032,1.08897566795349,0.0889757126569748,0.955046713352203,0.983050847457627
"raw_lop100","89472","18216-05","2026-07-21",0.305556,0.929032,0.605262994766235,0.285873562097549,0.871036648750305,0.886363636363636
"raw_lop100","89473","18216-05","2026-07-21",0.395833,0.929032,0.571439921855927,0.0404577068984509,0.895090818405151,0.912280701754386
"raw_lop100","89474","18216-05","2026-07-21",0.319444,0.929032,1.2078400850296,0.20784005522728,0.932744443416595,0.956521739130435
"raw_lop100","89475","18216-05","2026-07-21",0.42069,0.935484,1.07681047916412,0.0768105089664459,0.959920585155487,1
"raw_lop100","89476","18216-05","2026-07-21",0.42069,0.935484,1.07681047916412,0.0768105089664459,0.959920585155487,1
"raw_lop100","89477","18216-05","2026-07-21",0.441379,0.935484,0.601665019989014,-0.123005546629429,0.928491711616516,0.953125
"raw_lop100","89478","18216-05","2026-07-21",0.4375,0.929032,1.11947429180145,-0.11947425454855,0.970387935638428,0.984126984126984
"raw_lop100","89479","18216-05","2026-07-21",0.441379,0.935484,0.601665019989014,-0.123005546629429,0.928491711616516,0.953125
"raw_lop100","89480","18216-05","2026-07-21",0.427586,0.935484,1.05845475196838,-0.058454692363739,0.965240657329559,0.967741935483871
"raw_lop100","89481","18216-05","2026-07-21",0.427586,0.935484,1.05845475196838,-0.058454692363739,0.965240657329559,0.967741935483871
"raw_lop100","89482","18216-05","2026-07-21",0.324138,0.935484,1.22374355792999,0.223743543028831,0.92346328496933,0.914893617021277
"raw_lop100","89483","18216-05","2026-07-21",0.344828,0.935484,1.17962610721588,0.179626077413559,0.918740630149841,0.9
"raw_lop100","89484","18216-05","2026-07-21",0.42069,0.935484,1.07681047916412,0.0768105089664459,0.959920585155487,1
"raw_lop100","89485","18216-05","2026-07-21",0.482759,0.935484,1.31891310214996,-0.568047046661377,0.971084415912628,1
"raw_lop100","89486","18216-05","2026-07-21",0.482759,0.935484,1.31891310214996,-0.568047046661377,0.971084415912628,1
"raw_lop100","89487","18216-05","2026-07-21",0.333333,0.929032,1.20606708526611,0.206067100167274,0.924622654914856,0.9375
"raw_lop100","89488","18216-05","2026-07-21",0.475862,0.935484,1.25475668907166,-0.482775568962097,0.981765329837799,0.985507246376812
"raw_lop100","89489","18216-05","2026-07-21",0.413793,0.935484,1.08901953697205,0.0890194997191429,0.95434582233429,0.966666666666667
"raw_lop100","89490","18216-05","2026-07-21",0.4,0.935484,1.10698652267456,0.106986567378044,0.951295137405396,1
"raw_lop100","89491","18216-05","2026-07-21",0.42069,0.935484,1.07681047916412,0.0768105089664459,0.959920585155487,1
"raw_lop100","89492","18216-05","2026-07-21",0.413793,0.935484,1.08091497421265,0.0809149593114853,0.953387498855591,0.983333333333333
"raw_lop100","89493","18216-05","2026-07-21",0.351724,0.935484,1.17238450050354,0.17238450050354,0.906222820281982,0.882352941176471
"raw_lop100","89494","18216-05","2026-07-21",0.434483,0.935484,1.1195775270462,-0.119577541947365,0.970573246479034,0.984126984126984
"raw_lop100","89495","18216-05","2026-07-21",0.434483,0.935484,0.368056535720825,-0.139972031116486,0.854538440704346,0.857142857142857
"raw_lop100","89523","18431-31","2026-07-22",0.496241,0.858065,-1.26734292507172,-0.598588585853577,0.951936185359955,0.96969696969697
"raw_lop100","89542","18216-05","2026-07-22",0.375,0.825806,0.286851108074188,0.0642240270972252,0.780408442020416,0.770833333333333
"raw_lop100","89583","18258-07","2026-08-04",0.184932,0.941935,1.30342543125153,0.544982194900513,0.950553417205811,0.925925925925926
"raw_lop100","89584","18258-07","2026-08-04",0.465278,0.929032,-0.503562211990356,-0.323219180107117,0.912002742290497,0.940298507462687
"raw_lop100","89585","18258-07","2026-08-04",0.333333,0.870968,0.259427845478058,0.0536781698465347,0.760065853595734,0.488888888888889
"raw_lop100","89631","18389-04","2026-08-05",0.201439,0.896774,1.28755497932434,0.440663695335388,0.952627241611481,0.892857142857143
"raw_lop100","89632","18389-04","2026-08-05",0.357664,0.883871,0.367953389883041,0.0584218800067902,0.834179103374481,0.714285714285714
"raw_lop100","89633","18389-04","2026-08-05",0.460432,0.896774,-1.28752934932709,-0.41511332988739,0.985982060432434,0.984375
"raw_lop100","89634","18389-04","2026-08-05",0.423358,0.883871,1.15454876422882,-0.154548719525337,0.959143698215485,0.96551724137931
"raw_lop100","89668","18216-05","2026-08-10",0.440299,0.864516,1.30675220489502,-0.474449574947357,0.984336853027344,0.983050847457627
"raw_lop100","89669","18216-05","2026-08-10",0.43609,0.858065,0.511663734912872,-0.168533593416214,0.942071735858917,0.982758620689655
"raw_lop100","89670","18216-05","2026-08-10",0.403226,0.8,1.30725562572479,-0.468323409557343,0.984448552131653,0.98
"raw_lop100","89693","16300-07","2026-08-11",0.185714,0.903226,1.30822253227234,0.495925724506378,0.955934941768646,0.807692307692308
"raw_lop100","89694","16300-07","2026-08-11",0.471831,0.916129,-1.26734364032745,-0.494205594062805,0.979746997356415,0.985074626865672
"raw_lop100","89695","16300-07","2026-08-11",0.253521,0.916129,1.00503957271576,0.380851358175278,0.910346388816833,0.861111111111111
"raw_lop100","89751","18030-12","2026-08-12",0.408,0.806452,1.08343744277954,0.083437480032444,0.970897614955902,1
"raw_lop100","89780","17912-25","2026-08-17",0.464286,0.722581,-0.612871468067169,-0.321597158908844,0.957493007183075,0.980769230769231
"raw_lop100","89784","17837-13","2026-08-17",0.362903,0.8,-1.24062740802765,-0.75331062078476,0.882888555526733,0.933333333333333
"raw_lop100","89816","18525-06","2026-08-18",0.112782,0.858065,0.150000035762787,1,0.568965554237366,0
"raw_lop100","89817","18525-06","2026-08-18",0.398438,0.825806,-0.0368506051599979,-0.415616929531097,0.508607089519501,-0.117647058823529
"raw_lop100","89842","15387-12","2026-08-18",0.338843,0.780645,-0.553355157375336,-0.723212361335754,0.806271135807037,0.75609756097561
"raw_lop100","89843","12786-12","2026-08-18",0.423729,0.76129,0.36383843421936,-0.465004771947861,0.833944857120514,0.84
"raw_lop100","89844","12786-12","2026-08-18",0.453782,0.767742,0.423323571681976,-0.365859538316727,0.883650302886963,0.907407407407407
"raw_lop100","89864","18189-14","2026-08-19",0.471074,0.780645,0.193331092596054,-0.240229070186615,0.683462917804718,0.649122807017544
"raw_lop100","89865","18189-14","2026-08-19",0.422414,0.748387,-0.17688250541687,-0.538041055202484,0.638637244701385,0.387755102040816
"raw_lop100","89867","17324-33","2026-08-19",0.225,0.516129,-0.379961401224136,-0.608661830425262,0.819728493690491,0.666666666666667
"raw_lop100","89929","17818-24","2026-09-01",0.489209,0.896774,0.552975475788116,-0.322823345661163,0.926893889904022,0.970588235294118
"raw_lop100","89930","17818-24","2026-09-01",0.481203,0.858065,-1.01128363609314,-0.0112836780026555,0.946700990200043,0.953125
"raw_lop100","89931","17818-24","2026-09-01",0.450704,0.916129,-0.372468948364258,-0.0411108620464802,0.839089810848236,0.875
"raw_lop100","89932","17662-07","2026-09-01",0.261538,0.83871,1.29867231845856,0.311962127685547,0.964225113391876,0.970588235294118
"raw_lop100","89933","17662-07","2026-09-01",0.347518,0.909677,-0.191599145531654,0.0820059850811958,0.678413927555084,0.693877551020408
"raw_lop100","89934","17662-07","2026-09-01",0.438849,0.896774,-1.11680567264557,0.116805672645569,0.944114983081818,1
"raw_lop100","89935","17914-13","2026-09-01",0.142857,0.812903,1.31610369682312,0.468569546937943,0.955764770507812,0.888888888888889
"raw_lop100","89936","17914-13","2026-09-01",0.48227,0.909677,-0.886522650718689,-0.392735809087753,0.964582324028015,0.985294117647059
"raw_lop100","89937","15295-07","2026-09-01",0.105263,0.735484,1.30801427364349,0.518641829490662,0.949381709098816,0.916666666666667
"dedup_lop025","88450","15347-07","2026-03-23",0.084507,0.916129,1.59925961494446,0.752626299858093,0.919075965881348,0.333333333333333
"dedup_lop025","88451","15347-07","2026-03-23",0.2,0.903226,1.55540215969086,0.626170814037323,0.951048195362091,0.964285714285714
"dedup_lop025","88452","15347-07","2026-03-23",0.183099,0.916129,1.58223056793213,0.632569313049316,0.948446869850159,0.961538461538462
"dedup_lop025","88453","15347-07","2026-03-23",0.177305,0.909677,1.58638000488281,0.634282231330872,0.950376152992249,0.96
"dedup_lop025","88454","15347-07","2026-03-23",0.190141,0.916129,1.58108389377594,0.631723582744598,0.946710050106049,0.962962962962963
"dedup_lop025","88455","15347-07","2026-03-23",0.174825,0.922581,1.59677016735077,0.643078565597534,0.931179881095886,0.88
"dedup_lop025","88474","17474-06","2026-03-24",0.335664,0.922581,1.27234601974487,0.272346049547195,0.923113465309143,0.854166666666667
"dedup_lop025","88475","17474-06","2026-03-24",0.351562,0.825806,0.538435935974121,0.190499767661095,0.89433741569519,0.888888888888889
"dedup_lop025","88477","16487-12","2026-03-24",0.486301,0.941935,-1.57139670848846,-0.65615051984787,0.962569892406464,1
"dedup_lop025","88489","18137-05","2026-03-24",0.026786,0.722581,1.54823160171509,0.548231542110443,0.988341569900513,1
"dedup_lop025","88493","18137-05","2026-03-24",0.356643,0.922581,0.273624509572983,0.204779416322708,0.748739659786224,0.431372549019608
"dedup_lop025","88502","10634-29","2026-03-25",0.137681,0.890323,-0.319999933242798,-1,0.721701920032501,0
"dedup_lop025","88503","10634-29","2026-03-25",0.094203,0.890323,-0.440000057220459,-1,0.752527356147766,0
"dedup_lop025","88504","10634-29","2026-03-25",0.052239,0.864516,-1,-1,0.820082128047943,0
"dedup_lop025","88506","10634-29","2026-03-25",0.118881,0.922581,-0.370000004768372,-1,0.729681789875031,0
"dedup_lop025","88507","10634-29","2026-03-25",0.111888,0.922581,-0.400000095367432,-1,0.737667977809906,0
"dedup_lop025","88544","16569-25","2026-04-06",0.114286,0.903226,-0.377658635377884,0.894094884395599,0.813223421573639,0.6875
"dedup_lop025","88613","17170-07","2026-04-13",0.067797,0.76129,1.59609794616699,0.670880198478699,0.939886450767517,0.5
"dedup_lop025","88614","17170-07","2026-04-13",0.051724,0.748387,1.59771478176117,0.656480610370636,0.952508866786957,0.666666666666667
"dedup_lop025","88633","17354-37","2026-04-14",0.162963,0.870968,1.59153640270233,0.641826391220093,0.931511223316193,0.863636363636364
"dedup_lop025","88634","17690-07","2026-04-14",0.453237,0.896774,0.428609102964401,-0.193881988525391,0.871792793273926,0.904761904761905
"dedup_lop025","88646","17757-29","2026-04-15",0.262411,0.909677,-1.59338414669037,-0.830952286720276,0.860233068466187,0.702702702702703
"dedup_lop025","88647","17522-12","2026-04-15",0.388889,0.812903,-1.54877626895905,-0.728663265705109,0.952853322029114,0.938775510204082
"dedup_lop025","88648","17522-12","2026-04-15",0.421875,0.825806,-1.60029780864716,-0.617497086524963,0.982421636581421,0.981481481481482
"dedup_lop025","88680","18156-04","2026-04-21",0.294521,0.941935,0.263265758752823,0.363817125558853,0.729555606842041,0.534883720930233
"dedup_lop025","88681","18156-04","2026-04-21",0.5,0.954839,-1.60139775276184,-0.61859118938446,0.970601081848145,0.986486486486487
"dedup_lop025","88682","18156-04","2026-04-21",0.359712,0.896774,0.293886721134186,0.111326597630978,0.777651369571686,0.52
"dedup_lop025","88683","18156-04","2026-04-21",0.441176,0.877419,-0.56042754650116,-0.340183854103088,0.914373695850372,0.966666666666667
"dedup_lop025","88684","18156-04","2026-04-21",0.362963,0.870968,0.343266725540161,0.0501001067459583,0.820849895477295,0.63265306122449
"dedup_lop025","88685","18156-04","2026-04-21",0.426471,0.877419,-1.10827827453613,0.108278319239616,0.955677330493927,0.96551724137931
"dedup_lop025","88686","18156-04","2026-04-21",0.472973,0.954839,-0.422564476728439,-0.229970410466194,0.871483027935028,0.942857142857143
"dedup_lop025","88687","18156-04","2026-04-21",0.483221,0.96129,-0.734135091304779,-0.256624966859818,0.954275786876678,0.986111111111111
"dedup_lop025","88688","18156-04","2026-04-21",0.312,0.806452,-1.38634324073792,0.38634330034256,0.97273576259613,0.974358974358974
"dedup_lop025","88689","18156-04","2026-04-21",0.364286,0.903226,-0.60480523109436,0.141732960939407,0.886055827140808,0.901960784313726
"dedup_lop025","88690","18156-04","2026-04-21",0.402685,0.96129,-1.17999541759491,0.17999541759491,0.940866112709045,0.95
"dedup_lop025","88691","18156-04","2026-04-21",0.385135,0.954839,-1.20762896537781,0.207628920674324,0.933731496334076,0.929824561403509
"dedup_lop025","88692","18156-04","2026-04-21",0.471831,0.916129,-0.35588327050209,-0.379112929105759,0.819316565990448,0.880597014925373
"dedup_lop025","88693","18156-04","2026-04-21",0.324138,0.935484,1.32380068302155,0.323800653219223,0.932892858982086,0.914893617021277
"dedup_lop025","88694","18156-04","2026-04-21",0.348993,0.96129,-1.28687524795532,0.286875188350677,0.936914563179016,0.961538461538462
"dedup_lop025","88695","18156-04","2026-04-21",0.357143,0.903226,0.324625670909882,0.129731804132462,0.796309292316437,0.54
"dedup_lop025","88696","18156-04","2026-04-21",0.389262,0.96129,-1.20804297924042,0.208042964339256,0.939083218574524,0.96551724137931
"dedup_lop025","88697","18156-04","2026-04-21",0.430657,0.883871,-1.13253736495972,0.132537424564362,0.960788309574127,0.966101694915254
"dedup_lop025","88698","18156-04","2026-04-21",0.47651,0.96129,-0.594900190830231,-0.217672854661942,0.930043876171112,0.971830985915493
"dedup_lop025","88700","18156-04","2026-04-21",0.352941,0.877419,0.799444794654846,0.297435194253922,0.885450065135956,0.9375
"dedup_lop025","88701","18156-04","2026-04-21",0.486486,0.954839,-0.67569375038147,-0.322780668735504,0.946244776248932,0.972222222222222
"dedup_lop025","88702","18156-04","2026-04-21",0.395833,0.929032,0.338851571083069,0.0628725290298462,0.804514169692993,0.649122807017544
"dedup_lop025","88703","18156-04","2026-04-21",0.409396,0.96129,-1.17460668087006,0.174606710672379,0.949679374694824,1
"dedup_lop025","88704","18156-04","2026-04-21",0.409396,0.96129,-0.648229956626892,0.107010029256344,0.887908458709717,0.918032786885246
"dedup_lop025","88705","18156-04","2026-04-21",0.416107,0.96129,-0.356855124235153,0.0214905813336372,0.814206719398499,0.693548387096774
"dedup_lop025","88706","18156-04","2026-04-21",0.439189,0.954839,0.348581701517105,-0.0792071521282196,0.81864732503891,0.830769230769231
"dedup_lop025","88707","18156-04","2026-04-21",0.489796,0.948387,-1.42752194404602,-0.427521884441376,0.989027798175812,0.986111111111111
"dedup_lop025","88755","18016-13","2026-05-05",0.320896,0.864516,-1.59645235538483,-0.754937589168549,0.902273118495941,0.813953488372093
"dedup_lop025","88756","17381-03","2026-05-05",0.472222,0.929032,-1.60328841209412,-0.620471894741058,0.978289365768433,0.985294117647059
"dedup_lop025","88757","17381-03","2026-05-05",0.468966,0.935484,-1.58327639102936,-0.656582891941071,0.957945942878723,0.970588235294118
"dedup_lop025","88758","17471-07","2026-05-05",0.204545,0.851613,-0.110000014305115,1,0.523526608943939,-0.037037037037037
"dedup_lop025","88759","17872-33","2026-05-05",0.454545,0.922581,-0.887181043624878,-0.531080842018127,0.94610857963562,0.953846153846154
"dedup_lop025","88760","17872-33","2026-05-05",0.47482,0.896774,-1.60157155990601,-0.618764162063599,0.97922271490097,0.984848484848485
"dedup_lop025","88761","17405-07","2026-05-05",0.359375,0.825806,0.340709686279297,0.243519574403763,0.804057657718658,0.826086956521739
"dedup_lop025","88794","18107-07","2026-05-06",0.5,0.941935,0.642602026462555,-0.322773486375809,0.944618582725525,0.972602739726027
"dedup_lop025","88812","14309-04","2026-05-11",0.482014,0.896774,-1.51016449928284,-0.510164499282837,0.98433381319046,0.985074626865672
"dedup_lop025","88813","14309-04","2026-05-11",0.417266,0.896774,-0.363082647323608,0.00419957563281059,0.828133463859558,0.741379310344828
"dedup_lop025","88826","17112-19","2026-05-12",0.271605,0.522581,-0.144825756549835,0.0766895711421967,0.617340385913849,0.363636363636364
"dedup_lop025","88870","18155-25","2026-05-13",0.133333,0.774194,1.57682085037231,0.628721594810486,0.947726786136627,0.75
"dedup_lop025","88871","18155-25","2026-05-13",0.376923,0.83871,0.359244793653488,0.0901701003313065,0.837916791439056,0.693877551020408
"dedup_lop025","88872","15258-25","2026-05-13",0.117647,0.767742,1.60144209861755,0.610525071620941,0.974685847759247,0.857142857142857
"dedup_lop025","88893","18216-05","2026-05-20",0.395973,0.96129,1.19281303882599,0.192813083529472,0.945465505123138,0.966101694915254
"dedup_lop025","88894","18216-05","2026-05-20",0.443709,0.974194,0.659049272537231,-0.0177976470440626,0.914296209812164,0.925373134328358
"dedup_lop025","88897","18216-05","2026-05-20",0.418301,0.987097,0.682739794254303,0.0849495157599449,0.901602029800415,0.921875
"dedup_lop025","88898","18216-05","2026-05-20",0.454545,0.993548,1.04655039310455,-0.0465504489839077,0.966812133789062,0.971428571428571
"dedup_lop025","88899","18216-05","2026-05-20",0.437908,0.987097,-0.842970609664917,0.0271745547652245,0.92858350276947,0.91044776119403
"dedup_lop025","88900","18216-05","2026-05-20",0.5,0.993548,1.51994895935059,-0.519948959350586,0.984042644500732,0.987012987012987
"dedup_lop025","88901","18216-05","2026-05-20",0.437908,0.987097,0.648943781852722,0.0095276003703475,0.909851789474487,0.955223880597015
"dedup_lop025","88902","18216-05","2026-05-20",0.363636,0.993548,0.438138604164124,0.228491365909576,0.824115872383118,0.696428571428571
"dedup_lop025","88903","18216-05","2026-05-20",0.403974,0.974194,0.506542086601257,0.11066959798336,0.868482768535614,0.868852459016393
"dedup_lop025","88904","18216-05","2026-05-20",0.292517,0.948387,0.907973349094391,-0.841056823730469,0.791633605957031,0.674418604651163
"dedup_lop025","88905","18216-05","2026-05-20",0.428571,0.993548,0.811605036258698,0.0676717609167099,0.91588419675827,0.939393939393939
"dedup_lop025","88906","18216-05","2026-05-20",0.427632,0.980645,0.573969662189484,0.0424466170370579,0.894692361354828,0.907692307692308
"dedup_lop025","88907","18216-05","2026-05-20",0.46,0.967742,1.08723676204681,-0.0872367769479752,0.973910450935364,0.971014492753623
"dedup_lop025","88908","18216-05","2026-05-20",0.411765,0.987097,0.677120327949524,0.109022632241249,0.896420240402222,0.920634920634921
"dedup_lop025","88909","18216-05","2026-05-20",0.464052,0.987097,0.92587810754776,-0.076722539961338,0.951165735721588,0.943661971830986
"dedup_lop025","88910","18216-05","2026-05-20",0.448276,0.935484,-0.680671036243439,-0.532304048538208,0.917909145355225,0.907692307692308
"dedup_lop025","88911","18216-05","2026-05-20",0.369231,0.83871,-0.794862270355225,-0.673681318759918,0.907902359962463,0.895833333333333
"dedup_lop025","88912","18216-05","2026-05-20",0.375,0.980645,1.21477127075195,0.21477122604847,0.911443173885345,0.894736842105263
"dedup_lop025","88913","18216-05","2026-05-20",0.443709,0.974194,-0.578856885433197,0.00588368950411677,0.899236798286438,0.925373134328358
"dedup_lop025","88914","18216-05","2026-05-20",0.427632,0.980645,-1.03797936439514,0.0836718827486038,0.928347527980804,0.907692307692308
"dedup_lop025","88915","18216-05","2026-05-20",0.437086,0.974194,0.476435929536819,-0.017687726765871,0.87778502702713,0.909090909090909
"dedup_lop025","88917","18216-05","2026-05-20",0.444444,0.987097,-1.06840634346008,0.0684063211083412,0.970990121364594,1
"dedup_lop025","88918","18216-05","2026-05-20",0.464052,0.987097,-0.713285684585571,-0.073667399585247,0.931227266788483,0.915492957746479
"dedup_lop025","88919","18216-05","2026-05-20",0.477124,0.987097,1.11063396930695,-0.11063402146101,0.97122198343277,0.972602739726027
"dedup_lop025","88920","18216-05","2026-05-20",0.401316,0.980645,1.19072008132935,0.190720066428185,0.93055248260498,0.918032786885246
"dedup_lop025","88921","18216-05","2026-05-20",0.45098,0.987097,1.00714874267578,0.00714875105768442,0.946625947952271,0.971014492753623
"dedup_lop025","88922","18216-05","2026-05-20",0.453947,0.980645,0.641253113746643,-0.0416083261370659,0.920704305171967,0.956521739130435
"dedup_lop025","88923","18216-05","2026-05-20",0.464052,0.987097,1.07362329959869,-0.0736232846975327,0.970608949661255,1
"dedup_lop025","88924","18216-05","2026-05-20",0.447368,0.980645,0.48104390501976,-0.0284197870641947,0.878087520599365,0.911764705882353
"dedup_lop025","88925","18216-05","2026-05-20",0.4,0.967742,0.543796956539154,0.116047196090221,0.874648451805115,0.866666666666667
"dedup_lop025","88926","18216-05","2026-05-20",0.379085,0.987097,0.505318462848663,0.19755257666111,0.846248805522919,0.724137931034483
"dedup_lop025","88927","18216-05","2026-05-20",0.375,0.980645,0.714811682701111,0.214756935834885,0.878542482852936,0.807017543859649
"dedup_lop025","88928","18216-05","2026-05-20",0.237705,0.787097,0.610741555690765,0.370411068201065,0.883644282817841,0.862068965517241
"dedup_lop025","88929","18216-05","2026-05-20",0.041379,0.935484,-0.290000021457672,1,0.65335088968277,-0.166666666666667
"dedup_lop025","88930","18216-05","2026-05-20",0.348993,0.96129,0.180170610547066,0.201149865984917,0.649895191192627,0.307692307692308
"dedup_lop025","88931","18216-05","2026-05-20",0.453947,0.980645,0.374168157577515,-0.128466606140137,0.840651333332062,0.898550724637681
"dedup_lop025","88932","18216-05","2026-05-20",0.397351,0.974194,0.497008115053177,-0.688583076000214,0.785813570022583,0.733333333333333
"dedup_lop025","88933","18216-05","2026-05-20",0.381579,0.980645,1.58970189094543,-0.752070903778076,0.855152249336243,0.827586206896552
"dedup_lop025","88934","18216-05","2026-05-20",0.197368,0.980645,0.286219418048859,0.657712459564209,0.743327140808105,0.266666666666667
"dedup_lop025","88935","18216-05","2026-05-20",0.092105,0.980645,1.57937216758728,0.821909189224243,0.915802001953125,0.785714285714286
"dedup_lop025","88936","18216-05","2026-05-20",0.045113,0.858065,1.58840203285217,0.932833671569824,0.938605964183807,0.666666666666667
"dedup_lop025","88937","18216-05","2026-05-20",0.07947,0.974194,1.45147907733917,0.845141530036926,0.90982711315155,0.833333333333333
"dedup_lop025","88938","18216-05","2026-05-20",0.065789,0.980645,1.59732246398926,0.812746167182922,0.935747921466827,0.9
"dedup_lop025","88939","18216-05","2026-05-20",0.46,0.967742,0.817907094955444,-0.0645425543189049,0.946397840976715,0.942028985507246
"dedup_lop025","88940","18216-05","2026-05-20",0.456954,0.974194,1.07296907901764,-0.0729690715670586,0.969747483730316,0.971014492753623
"dedup_lop025","88941","18216-05","2026-05-20",0.467105,0.980645,1.07197046279907,-0.0719704180955887,0.973271429538727,0.971830985915493
"dedup_lop025","88942","18216-05","2026-05-20",0.326667,0.967742,0.566965579986572,0.321726828813553,0.847883582115173,0.693877551020408
"dedup_lop025","88944","18216-05","2026-05-20",0.416107,0.96129,-1.08960235118866,0.0896023511886597,0.938091039657593,0.919354838709677
"dedup_lop025","88945","18216-05","2026-05-20",0.464052,0.987097,-1.07362329959869,-0.0736232846975327,0.970608949661255,1
"dedup_lop025","88946","18216-05","2026-05-20",0.463087,0.96129,-1.2238495349884,-0.625101983547211,0.917749464511871,0.927536231884058
"dedup_lop025","88947","18216-05","2026-05-20",0.456376,0.96129,-0.780520141124725,-0.568271696567535,0.914050936698914,0.926470588235294
"dedup_lop025","88948","18216-05","2026-05-20",0.419118,0.877419,-1.59608817100525,-0.653831899166107,0.962217032909393,0.982456140350877
"dedup_lop025","88949","18216-05","2026-05-20",0.446667,0.967742,-1.05857479572296,0.0585748478770256,0.949117839336395,0.955223880597015
"dedup_lop025","88950","18216-05","2026-05-20",0.5,0.980645,-1.43083798885345,-0.430838018655777,0.989129722118378,0.986842105263158
"dedup_lop025","88951","18216-05","2026-05-20",0.486842,0.980645,-1.16380190849304,-0.163801923394203,0.969801783561707,0.986486486486487
"dedup_lop025","88952","18216-05","2026-05-20",0.418301,0.987097,-1.17478597164154,0.174785956740379,0.950876295566559,1
"dedup_lop025","88953","18216-05","2026-05-20",0.371622,0.954839,-0.675844728946686,0.196832090616226,0.88433039188385,0.909090909090909
"dedup_lop025","88954","18216-05","2026-05-20",0.496644,0.96129,-0.543989956378937,-0.278344124555588,0.923176229000092,0.959459459459459
"dedup_lop025","88955","18216-05","2026-05-20",0.486842,0.980645,-0.592613637447357,-0.222621619701385,0.933040857315063,0.972972972972973
"dedup_lop025","88956","18216-05","2026-05-20",0.480263,0.980645,-0.803068876266479,-0.192381739616394,0.956453859806061,0.986301369863014
"dedup_lop025","88957","18216-05","2026-05-20",0.493333,0.967742,-0.679260730743408,-0.334996700286865,0.950283110141754,0.972972972972973
"dedup_lop025","88958","18216-05","2026-05-20",0.390728,0.974194,0.475837469100952,0.145679906010628,0.850774526596069,0.711864406779661
"dedup_lop025","88959","18216-05","2026-05-20",0.410596,0.974194,0.819144785404205,0.115301392972469,0.907973825931549,0.887096774193548
"dedup_lop025","88960","18216-05","2026-05-20",0.368421,0.980645,0.535187065601349,0.223374724388123,0.851718723773956,0.75
"dedup_lop025","88961","18216-05","2026-05-20",0.44,0.967742,0.692857563495636,-0.00937099941074848,0.920529782772064,0.954545454545455
"dedup_lop025","88962","18216-05","2026-05-20",0.496732,0.987097,1.43038320541382,-0.430383175611496,0.989106059074402,0.986842105263158
"dedup_lop025","88963","18216-05","2026-05-20",0.411765,0.987097,0.48503452539444,0.0970681309700012,0.85791152715683,0.777777777777778
"dedup_lop025","88964","18216-05","2026-05-20",0.431373,0.987097,0.566981852054596,0.0420978330075741,0.888195991516113,0.878787878787879
"dedup_lop025","88965","18216-05","2026-05-20",0.073826,0.96129,0.240000009536743,1,0.600590407848358,0
"dedup_lop025","88966","18216-05","2026-05-20",0.369128,0.96129,0.461136698722839,0.191857606172562,0.845383167266846,0.745454545454545
"dedup_lop025","88967","18216-05","2026-05-20",0.453947,0.980645,1.05422246456146,-0.0542224459350109,0.971784651279449,1
"dedup_lop025","88968","18216-05","2026-05-20",0.430464,0.974194,0.4745814204216,0.00343941454775631,0.870396196842194,0.907692307692308
"dedup_lop025","88969","18216-05","2026-05-20",0.414474,0.980645,0.520598888397217,0.102990753948689,0.865454435348511,0.80952380952381
"dedup_lop025","88970","18216-05","2026-05-20",0.463576,0.974194,1.08405339717865,-0.0840534344315529,0.970589995384216,0.971428571428571
"dedup_lop025","88971","18216-05","2026-05-20",0.46,0.967742,1.07314908504486,-0.0731490701436996,0.972092509269714,1
"dedup_lop025","88972","18216-05","2026-05-20",0.473684,0.980645,0.729263186454773,-0.128773361444473,0.945185482501984,0.944444444444444
"dedup_lop025","88973","18216-05","2026-05-20",0.477124,0.987097,0.72929048538208,-0.146819517016411,0.943899571895599,0.945205479452055
"dedup_lop025","88974","18216-05","2026-05-20",0.464052,0.987097,-0.755533874034882,-0.0747742727398872,0.935677111148834,0.943661971830986
"dedup_lop025","88975","18216-05","2026-05-20",0.496689,0.974194,-0.510372340679169,-0.349371194839478,0.904936850070953,0.933333333333333
"dedup_lop025","88976","18216-05","2026-05-20",0.437908,0.987097,-0.454896450042725,0.012791158631444,0.863129913806915,0.880597014925373
"dedup_lop025","88977","18216-05","2026-05-20",0.493421,0.980645,-1.20472323894501,-0.204723209142685,0.988769292831421,1
"dedup_lop025","88978","18216-05","2026-05-20",0.463576,0.974194,-0.929199516773224,-0.0601499639451504,0.94586592912674,0.957142857142857
"dedup_lop025","88979","18216-05","2026-05-20",0.467105,0.980645,-0.829156637191772,-0.0678751021623611,0.939850211143494,0.929577464788732
"dedup_lop025","88980","18216-05","2026-05-20",0.450331,0.974194,-1.03249001502991,0.0324899926781654,0.952835738658905,0.970588235294118
"dedup_lop025","88981","18216-05","2026-05-20",0.38255,0.96129,0.519420444965363,0.164002925157547,0.864616751670837,0.701754385964912
"dedup_lop025","88984","18216-05","2026-05-20",0.476821,0.974194,-0.51647013425827,-0.239957839250565,0.911303162574768,0.972222222222222
"dedup_lop025","89000","18156-04","2026-06-02",0.304636,0.974194,0.560652732849121,0.36310487985611,0.84348064661026,0.760869565217391
"dedup_lop025","89001","18156-04","2026-06-02",0.206667,0.967742,-1.57636201381683,-0.9069744348526,0.84169065952301,0.806451612903226
"dedup_lop025","89002","18156-04","2026-06-02",0.3,0.967742,0.848212659358978,0.374725729227066,0.883781731128693,0.822222222222222
"dedup_lop025","89003","17287-14","2026-06-02",0.106383,0.909677,1.5986875295639,0.727181315422058,0.934664905071259,0.533333333333333
"dedup_lop025","89032","16808-25","2026-06-03",0.414966,0.948387,-1.175816655159,0.175816640257835,0.950628578662872,1
"dedup_lop025","89034","18230-13","2026-06-03",0.335766,0.883871,1.13053786754608,0.258876353502274,0.922677576541901,0.934782608695652
"dedup_lop025","89035","18230-13","2026-06-03",0.355072,0.890323,1.28000581264496,0.280005782842636,0.95293653011322,0.938775510204082
"dedup_lop025","89036","18230-13","2026-06-03",0.345324,0.896774,1.2907589673996,0.29075899720192,0.94367128610611,0.916666666666667
"dedup_lop025","89037","18230-13","2026-06-03",0.35,0.903226,1.28395068645477,0.283950686454773,0.950093924999237,0.938775510204082
"dedup_lop025","89038","18230-13","2026-06-03",0.043478,0.890323,0.300000011920929,1,0.634815156459808,0
"dedup_lop025","89071","18030-12","2026-06-08",0.352,0.806452,1.19547235965729,0.195472359657288,0.94715029001236,0.954545454545455
"dedup_lop025","89107","16725-06","2026-06-10",0.382979,0.909677,0.810350775718689,0.197521239519119,0.892332196235657,0.888888888888889
"dedup_lop025","89113","15936-18","2026-06-10",0.045045,0.716129,-1.59520530700684,-0.904776215553284,0.918624818325043,0.8
"dedup_lop025","89154","16857-07","2026-06-16",0.37037,0.870968,-1.17261981964111,0.172619864344597,0.947221755981445,0.98
"dedup_lop025","89155","16857-07","2026-06-16",0.375,0.877419,-1.17273211479187,0.172732099890709,0.949700117111206,0.980392156862745
"dedup_lop025","89157","16857-07","2026-06-16",0.303371,0.574194,-0.202601313591003,-0.194182112812996,0.667285919189453,0.37037037037037
"dedup_lop025","89158","16857-07","2026-06-16",0.408602,0.6,-0.407849252223969,0.0524890571832657,0.802119374275208,0.842105263157895
"dedup_lop025","89160","16857-07","2026-06-16",0.446281,0.780645,-1.162602186203,0.162602230906487,0.94759863615036,1
"dedup_lop025","89161","16857-07","2026-06-16",0.344262,0.787097,-1.59698736667633,-0.762806475162506,0.897496342658997,0.833333333333333
"dedup_lop025","89178","18296-05","2026-06-17",0.356164,0.941935,0.486336290836334,0.229590758681297,0.838577330112457,0.884615384615385
"dedup_lop025","89179","18296-05","2026-06-17",0.5,0.941935,-1.51064109802246,-0.510641157627106,0.974833250045776,0.972602739726027
"dedup_lop025","89180","18296-05","2026-06-17",0.493151,0.941935,-1.52501916885376,-0.525019109249115,0.983049809932709,0.986111111111111
"dedup_lop025","89242","18211-25","2026-06-24",0.264706,0.877419,1.43334150314331,0.433341443538666,0.948010206222534,0.972222222222222
"dedup_lop025","89288","16851-14","2026-07-06",0.5,0.864516,-1.17302393913269,-0.539205074310303,0.950802326202393,0.985074626865672
"dedup_lop025","89302","16743-04","2026-07-07",0.240876,0.883871,1.52661430835724,0.526614308357239,0.965567409992218,0.96969696969697
"dedup_lop025","89303","16743-04","2026-07-07",0.258993,0.896774,1.45836937427521,0.45836940407753,0.937792241573334,0.972222222222222
"dedup_lop025","89304","16743-04","2026-07-07",0.255319,0.909677,1.52576613426208,0.52576607465744,0.962271511554718,0.972222222222222
"dedup_lop025","89305","16743-04","2026-07-07",0.482517,0.922581,-1.4809752702713,-0.480975300073624,0.982311010360718,0.985507246376812
"dedup_lop025","89306","16743-04","2026-07-07",0.433566,0.922581,-0.32375705242157,-0.0834867060184479,0.807769358158112,0.82258064516129
"dedup_lop025","89307","16743-04","2026-07-07",0.409722,0.929032,-1.1813817024231,0.181381732225418,0.949792623519897,1
"dedup_lop025","89308","16743-04","2026-07-07",0.28777,0.896774,0.627586722373962,0.390847086906433,0.865347266197205,0.75
"dedup_lop025","89309","16743-04","2026-07-07",0.242647,0.877419,1.55300211906433,0.553002119064331,0.945618152618408,0.96969696969697
"dedup_lop025","89310","16743-04","2026-07-07",0.363636,0.922581,0.66361790895462,0.224537342786789,0.874624371528625,0.807692307692308
"dedup_lop025","89311","16743-04","2026-07-07",0.260563,0.916129,1.47767651081085,0.47767648100853,0.937242925167084,0.972972972972973
"dedup_lop025","89312","16743-04","2026-07-07",0.253521,0.916129,1.55353283882141,0.553532898426056,0.961987853050232,1
"dedup_lop025","89314","14767-03","2026-07-07",0.416667,0.929032,-0.681192219257355,0.0846611112356186,0.902123689651489,0.916666666666667
"dedup_lop025","89315","14767-03","2026-07-07",0.03,0.645161,1.53971326351166,0.539713263511658,0.988150417804718,1
"dedup_lop025","89316","14767-03","2026-07-07",0.401408,0.916129,-1.1709166765213,0.170916646718979,0.957042872905731,1
"dedup_lop025","89317","14767-03","2026-07-07",0.413793,0.935484,-1.1809641122818,0.180964156985283,0.947081387042999,1
"dedup_lop025","89344","18384-08","2026-07-08",0.276423,0.793548,0.506857633590698,0.407097369432449,0.845342636108398,0.764705882352941
"dedup_lop025","89345","18384-08","2026-07-08",0.303571,0.722581,0.822808086872101,0.397937595844269,0.889710068702698,0.882352941176471
"dedup_lop025","89346","18384-08","2026-07-08",0.33913,0.741935,0.994047343730927,0.389430522918701,0.89580100774765,0.846153846153846
"dedup_lop025","89347","18384-08","2026-07-08",0.338983,0.76129,0.783530294895172,0.370417654514313,0.882716417312622,0.825
"dedup_lop025","89348","18384-08","2026-07-08",0.48855,0.845161,-0.571694076061249,-0.41559886932373,0.912053465843201,0.953125
"dedup_lop025","89349","18384-08","2026-07-08",0.496183,0.845161,-1.59031283855438,-0.623884320259094,0.968313455581665,0.984615384615385
"dedup_lop025","89351","18384-08","2026-07-08",0.480315,0.819355,-0.600093603134155,-0.378523707389832,0.928130149841309,0.950819672131147
"dedup_lop025","89352","18384-08","2026-07-08",0.351562,0.825806,0.159918516874313,0.084696963429451,0.629263758659363,0.422222222222222
"dedup_lop025","89353","18384-08","2026-07-08",0.446154,0.83871,0.327354609966278,-0.0808041766285896,0.808834552764893,0.844827586206897
"dedup_lop025","89354","18384-08","2026-07-08",0.44697,0.851613,0.330103665590286,-0.0847339704632759,0.810072064399719,0.847457627118644
"dedup_lop025","89355","18384-08","2026-07-08",0.424242,0.851613,-0.735387206077576,0.0971607863903046,0.904312670230865,0.928571428571429
"dedup_lop025","89357","18384-08","2026-07-08",0.31746,0.812903,-0.471027433872223,-0.785132825374603,0.753699958324432,0.675
"dedup_lop025","89382","18399-06","2026-07-13",0.130435,0.593548,0.360314577817917,-0.856345951557159,0.80862557888031,0
"dedup_lop025","89385","16836-06","2026-07-13",0.282609,0.890323,1.03487038612366,0.420649230480194,0.904870390892029,0.871794871794872
"dedup_lop025","89386","16836-06","2026-07-13",0.272059,0.877419,1.43070268630981,0.430702745914459,0.932195246219635,0.918918918918919
"dedup_lop025","89387","16836-06","2026-07-13",0.284672,0.883871,1.42031860351562,0.420318633317947,0.931655466556549,0.923076923076923
"dedup_lop025","89389","16836-06","2026-07-13",0.425,0.774194,-1.59061288833618,-0.607863545417786,0.971691429615021,1
"dedup_lop025","89390","16836-06","2026-07-13",0.352518,0.896774,0.253747433423996,0.230377227067947,0.723455965518951,0.408163265306122
"dedup_lop025","89391","16836-06","2026-07-13",0.270073,0.883871,0.728653192520142,0.464212894439697,0.88254302740097,0.972972972972973
"dedup_lop025","89409","17012-14","2026-07-14",0.37037,0.870968,0.204337880015373,0.125483706593513,0.683451235294342,0.42
"dedup_lop025","89410","17012-14","2026-07-14",0.345588,0.877419,-1.59125781059265,-0.83396178483963,0.815973222255707,0.659574468085106
"dedup_lop025","89411","17012-14","2026-07-14",0.079137,0.896774,0.189999997615814,1,0.602207481861115,0
"dedup_lop025","89421","18401-31","2026-07-15",0.491071,0.722581,-0.781981825828552,-0.625800728797913,0.869818985462189,0.927272727272727
"dedup_lop025","89470","18216-05","2026-07-21",0.409722,0.929032,1.16000247001648,0.160002514719963,0.953225314617157,0.983050847457627
"dedup_lop025","89471","18216-05","2026-07-21",0.076389,0.929032,0.189999997615814,1,0.608810663223267,0
"dedup_lop025","89472","18216-05","2026-07-21",0.305556,0.929032,0.671891450881958,0.356016129255295,0.866518199443817,0.863636363636364
"dedup_lop025","89473","18216-05","2026-07-21",0.395833,0.929032,0.600233495235443,0.0931236818432808,0.89198237657547,0.912280701754386
"dedup_lop025","89474","18216-05","2026-07-21",0.319444,0.929032,1.27948188781738,0.279481917619705,0.934991121292114,0.956521739130435
"dedup_lop025","89475","18216-05","2026-07-21",0.42069,0.935484,1.12125396728516,0.121253974735737,0.964026629924774,1
"dedup_lop025","89477","18216-05","2026-07-21",0.441379,0.935484,0.609754800796509,-0.0863522067666054,0.925112664699554,0.9375
"dedup_lop025","89478","18216-05","2026-07-21",0.4375,0.929032,1.04604804515839,-0.046048030257225,0.970820188522339,0.968253968253968
"dedup_lop025","89480","18216-05","2026-07-21",0.427586,0.935484,1.01066243648529,0.0106624672189355,0.963087379932404,0.967741935483871
"dedup_lop025","89482","18216-05","2026-07-21",0.324138,0.935484,1.29469847679138,0.294698506593704,0.92504209280014,0.914893617021277
"dedup_lop025","89483","18216-05","2026-07-21",0.344828,0.935484,1.24860644340515,0.248606503009796,0.919876158237457,0.9
"dedup_lop025","89485","18216-05","2026-07-21",0.482759,0.935484,1.59863018989563,-0.615838348865509,0.971026182174683,0.985714285714286
"dedup_lop025","89487","18216-05","2026-07-21",0.333333,0.929032,1.27446889877319,0.274468928575516,0.92633444070816,0.9375
"dedup_lop025","89488","18216-05","2026-07-21",0.475862,0.935484,1.51474142074585,-0.51474142074585,0.98395448923111,0.985507246376812
"dedup_lop025","89489","18216-05","2026-07-21",0.413793,0.935484,1.13539624214172,0.135396271944046,0.957868218421936,0.983333333333333
"dedup_lop025","89490","18216-05","2026-07-21",0.4,0.935484,1.16470265388489,0.16470268368721,0.952773749828339,1
"dedup_lop025","89492","18216-05","2026-07-21",0.413793,0.935484,1.1356041431427,0.135604202747345,0.954672455787659,0.983333333333333
"dedup_lop025","89493","18216-05","2026-07-21",0.351724,0.935484,1.24421942234039,0.244219467043877,0.906438291072845,0.882352941176471
"dedup_lop025","89494","18216-05","2026-07-21",0.434483,0.935484,1.04612469673157,-0.0461246855556965,0.971013486385345,0.968253968253968
"dedup_lop025","89495","18216-05","2026-07-21",0.434483,0.935484,0.395457357168198,-0.104898236691952,0.85641610622406,0.873015873015873
"dedup_lop025","89523","18431-31","2026-07-22",0.496241,0.858065,-1.58931541442871,-0.648108899593353,0.950614511966705,0.96969696969697
"dedup_lop025","89542","18216-05","2026-07-22",0.375,0.825806,0.297486007213593,0.105215884745121,0.771453320980072,0.770833333333333
"dedup_lop025","89543","18384-08","2026-07-22",0.033058,0.780645,0.330000042915344,1,0.651353478431702,0
"dedup_lop025","89583","18258-07","2026-08-04",0.184932,0.941935,1.56473577022552,0.628247380256653,0.938138544559479,0.925925925925926
"dedup_lop025","89584","18258-07","2026-08-04",0.465278,0.929032,-0.522598624229431,-0.308101564645767,0.911587655544281,0.940298507462687
"dedup_lop025","89585","18258-07","2026-08-04",0.333333,0.870968,0.281095683574677,0.0989522561430931,0.761410117149353,0.488888888888889
"dedup_lop025","89631","18389-04","2026-08-05",0.201439,0.896774,1.56459879875183,0.570476591587067,0.950503289699554,0.892857142857143
"dedup_lop025","89632","18389-04","2026-08-05",0.357664,0.883871,0.39890131354332,0.109064288437366,0.834701895713806,0.714285714285714
"dedup_lop025","89633","18389-04","2026-08-05",0.460432,0.896774,-1.43474817276001,-0.434748232364655,0.987790107727051,0.984375
"dedup_lop025","89634","18389-04","2026-08-05",0.423358,0.883871,1.09560394287109,-0.110658623278141,0.958681285381317,0.96551724137931
"dedup_lop025","89668","18216-05","2026-08-10",0.440299,0.864516,1.50562381744385,-0.505623877048492,0.985885262489319,0.983050847457627
"dedup_lop025","89669","18216-05","2026-08-10",0.43609,0.858065,0.523940086364746,-0.124503403902054,0.943256437778473,0.982758620689655
"dedup_lop025","89670","18216-05","2026-08-10",0.403226,0.8,1.49703574180603,-0.497035801410675,0.986352741718292,0.98
"dedup_lop025","89693","16300-07","2026-08-11",0.185714,0.903226,1.57798862457275,0.632339000701904,0.9558145403862,1
"dedup_lop025","89694","16300-07","2026-08-11",0.471831,0.916129,-1.52196455001831,-0.521964490413666,0.982660830020905,0.985074626865672
"dedup_lop025","89695","16300-07","2026-08-11",0.253521,0.916129,1.11366724967957,0.459357887506485,0.909077763557434,0.861111111111111
"dedup_lop025","89751","18030-12","2026-08-12",0.408,0.806452,1.15973341464996,0.159733444452286,0.966445744037628,1
"dedup_lop025","89780","17912-25","2026-08-17",0.464286,0.722581,-0.644262790679932,-0.32292777299881,0.956952393054962,0.980769230769231
"dedup_lop025","89784","17837-13","2026-08-17",0.362903,0.8,-1.59642434120178,-0.766722321510315,0.873272836208344,0.911111111111111
"dedup_lop025","89816","18525-06","2026-08-18",0.112782,0.858065,0.160000026226044,1,0.56516569852829,0
"dedup_lop025","89817","18525-06","2026-08-18",0.398438,0.825806,-0.0507938899099827,-0.709387600421906,0.513589203357697,-0.156862745098039
"dedup_lop025","89842","15387-12","2026-08-18",0.338843,0.780645,-0.602820694446564,-0.752941250801086,0.797469556331635,0.75609756097561
"dedup_lop025","89843","12786-12","2026-08-18",0.423729,0.76129,0.379892975091934,-0.461406648159027,0.83029705286026,0.86
"dedup_lop025","89844","12786-12","2026-08-18",0.453782,0.767742,0.441165268421173,-0.355071276426315,0.880964636802673,0.907407407407407
"dedup_lop025","89864","18189-14","2026-08-19",0.471074,0.780645,0.208240076899529,-0.237124517560005,0.682848513126373,0.631578947368421
"dedup_lop025","89865","18189-14","2026-08-19",0.422414,0.748387,-0.17614583671093,-0.51846843957901,0.628656208515167,0.387755102040816
"dedup_lop025","89867","17324-33","2026-08-19",0.225,0.516129,-0.390705913305283,-0.634794533252716,0.820116341114044,0.666666666666667
"dedup_lop025","89929","17818-24","2026-09-01",0.489209,0.896774,0.575500071048737,-0.310099303722382,0.927741467952728,0.970588235294118
"dedup_lop025","89930","17818-24","2026-09-01",0.481203,0.858065,-1.05641520023346,0.0564151853322983,0.945081770420074,0.953125
"dedup_lop025","89931","17818-24","2026-09-01",0.450704,0.916129,-0.390919774770737,-0.00478104269132018,0.83517998456955,0.875
"dedup_lop025","89932","17662-07","2026-09-01",0.261538,0.83871,1.4108589887619,0.410859018564224,0.966793417930603,0.970588235294118
"dedup_lop025","89933","17662-07","2026-09-01",0.347518,0.909677,-0.220222026109695,0.187920033931732,0.689086973667145,0.755102040816326
"dedup_lop025","89934","17662-07","2026-09-01",0.438849,0.896774,-1.17468321323395,0.174683257937431,0.946320176124573,1
"dedup_lop025","89935","17914-13","2026-09-01",0.142857,0.812903,1.58246719837189,0.597389042377472,0.959299683570862,0.944444444444444
"dedup_lop025","89936","17914-13","2026-09-01",0.48227,0.909677,-0.877745091915131,-0.398859798908234,0.965356051921844,0.985294117647059
"dedup_lop025","89937","15295-07","2026-09-01",0.105263,0.735484,1.58072757720947,0.636401832103729,0.945919692516327,0.916666666666667
"cap20_balanced_lop025","88450","15347-07","2026-03-23",0.084507,0.916129,1.6851007938385,0.949069738388062,0.91859358549118,0.666666666666667
"cap20_balanced_lop025","88451","15347-07","2026-03-23",0.2,0.903226,1.62121546268463,0.754398941993713,0.966519117355347,0.964285714285714
"cap20_balanced_lop025","88452","15347-07","2026-03-23",0.183099,0.916129,1.60077881813049,0.765575349330902,0.968567788600922,1
"cap20_balanced_lop025","88453","15347-07","2026-03-23",0.177305,0.909677,1.60018932819366,0.767769038677216,0.97028112411499,1
"cap20_balanced_lop025","88454","15347-07","2026-03-23",0.190141,0.916129,1.60106229782104,0.764331758022308,0.966902673244476,1
"cap20_balanced_lop025","88455","15347-07","2026-03-23",0.174825,0.922581,1.64032554626465,0.787514686584473,0.94474470615387,0.92
"cap20_balanced_lop025","88474","17474-06","2026-03-24",0.335664,0.922581,1.41929793357849,0.419297963380814,0.921434700489044,0.854166666666667
"cap20_balanced_lop025","88475","17474-06","2026-03-24",0.351562,0.825806,0.452721267938614,0.321511179208755,0.880862534046173,0.888888888888889
"cap20_balanced_lop025","88477","16487-12","2026-03-24",0.486301,0.941935,-1.53248500823975,-0.532485067844391,0.972547769546509,1
"cap20_balanced_lop025","88489","18137-05","2026-03-24",0.026786,0.722581,1.57794201374054,0.57794201374054,0.978955388069153,1
"cap20_balanced_lop025","88493","18137-05","2026-03-24",0.356643,0.922581,0.270851135253906,0.336661159992218,0.766707181930542,0.411764705882353
"cap20_balanced_lop025","88502","10634-29","2026-03-25",0.137681,0.890323,-0.733983278274536,-0.855052471160889,0.796970427036285,0.368421052631579
"cap20_balanced_lop025","88503","10634-29","2026-03-25",0.094203,0.890323,-1.49609243869781,-0.869355916976929,0.861004412174225,0.538461538461538
"cap20_balanced_lop025","88504","10634-29","2026-03-25",0.052239,0.864516,-1.60021924972534,-0.83480316400528,0.918620645999908,1
"cap20_balanced_lop025","88506","10634-29","2026-03-25",0.118881,0.922581,-0.899712681770325,-0.864408195018768,0.816385388374329,0.411764705882353
"cap20_balanced_lop025","88507","10634-29","2026-03-25",0.111888,0.922581,-1.17830693721771,-0.859043717384338,0.833744049072266,0.4375
"cap20_balanced_lop025","88544","16569-25","2026-04-06",0.114286,0.903226,-0.310000002384186,1,0.599766135215759,0.625
"cap20_balanced_lop025","88613","17170-07","2026-04-13",0.067797,0.76129,1.64111661911011,0.841221809387207,0.960015475749969,0.75
"cap20_balanced_lop025","88614","17170-07","2026-04-13",0.051724,0.748387,1.65551388263702,0.814308345317841,0.969982445240021,0.666666666666667
"cap20_balanced_lop025","88633","17354-37","2026-04-14",0.162963,0.870968,1.79011273384094,0.790112733840942,0.938923060894012,0.818181818181818
"cap20_balanced_lop025","88634","17690-07","2026-04-14",0.453237,0.896774,0.392239391803741,-0.0248837191611528,0.876770496368408,0.920634920634921
"cap20_balanced_lop025","88646","17757-29","2026-04-15",0.262411,0.909677,-1.63811230659485,-0.748278856277466,0.823850393295288,0.810810810810811
"cap20_balanced_lop025","88647","17522-12","2026-04-15",0.388889,0.812903,-1.59216117858887,-0.592161178588867,0.947273135185242,0.938775510204082
"cap20_balanced_lop025","88648","17522-12","2026-04-15",0.421875,0.825806,-1.49964511394501,-0.499645084142685,0.986257076263428,1
"cap20_balanced_lop025","88681","18156-04","2026-04-21",0.5,0.954839,-1.4982488155365,-0.498248875141144,0.979182779788971,1
"cap20_balanced_lop025","88683","18156-04","2026-04-21",0.441176,0.877419,-0.477337270975113,-0.158015310764313,0.916804850101471,0.95
"cap20_balanced_lop025","88685","18156-04","2026-04-21",0.426471,0.877419,-1.26543426513672,0.265434205532074,0.955564618110657,0.96551724137931
"cap20_balanced_lop025","88686","18156-04","2026-04-21",0.472973,0.954839,-0.384756207466125,-0.0586050115525723,0.878118216991425,0.942857142857143
"cap20_balanced_lop025","88687","18156-04","2026-04-21",0.483221,0.96129,-0.746170878410339,-0.0343337804079056,0.961833536624908,0.986111111111111
"cap20_balanced_lop025","88689","18156-04","2026-04-21",0.364286,0.903226,-0.626265168190002,0.297031491994858,0.892578303813934,0.941176470588235
"cap20_balanced_lop025","88690","18156-04","2026-04-21",0.402685,0.96129,-1.27723622322083,0.27723628282547,0.952747404575348,0.95
"cap20_balanced_lop025","88691","18156-04","2026-04-21",0.385135,0.954839,-1.35654127597809,0.356541246175766,0.941000461578369,0.982456140350877
"cap20_balanced_lop025","88692","18156-04","2026-04-21",0.471831,0.916129,-0.312032639980316,-0.216699123382568,0.822081983089447,0.895522388059702
"cap20_balanced_lop025","88696","18156-04","2026-04-21",0.389262,0.96129,-1.32833433151245,0.328334391117096,0.953588843345642,0.982758620689655
"cap20_balanced_lop025","88697","18156-04","2026-04-21",0.430657,0.883871,-1.32990050315857,0.329900562763214,0.961136221885681,1
"cap20_balanced_lop025","88698","18156-04","2026-04-21",0.47651,0.96129,-0.592153787612915,-0.0115507813170552,0.939030170440674,0.971830985915493
"cap20_balanced_lop025","88699","18156-04","2026-04-21",0.389262,0.96129,-1.32833433151245,0.328334391117096,0.953588843345642,0.982758620689655
"cap20_balanced_lop025","88701","18156-04","2026-04-21",0.486486,0.954839,-0.628754734992981,-0.123139545321465,0.9582359790802,0.972222222222222
"cap20_balanced_lop025","88702","18156-04","2026-04-21",0.395833,0.929032,0.315253347158432,0.205387011170387,0.806932151317596,0.631578947368421
"cap20_balanced_lop025","88703","18156-04","2026-04-21",0.409396,0.96129,-1.27641463279724,0.276414602994919,0.968030512332916,1
"cap20_balanced_lop025","88704","18156-04","2026-04-21",0.409396,0.96129,-0.663262605667114,0.257985383272171,0.887063980102539,0.967213114754098
"cap20_balanced_lop025","88705","18156-04","2026-04-21",0.416107,0.96129,-0.329423666000366,0.168968930840492,0.815154433250427,0.709677419354839
"cap20_balanced_lop025","88706","18156-04","2026-04-21",0.439189,0.954839,0.310599863529205,0.073268286883831,0.815098285675049,0.846153846153846
"cap20_balanced_lop025","88707","18156-04","2026-04-21",0.489796,0.948387,-1.00562572479248,0.00562574481591582,0.989508807659149,1
"cap20_balanced_lop025","88755","18016-13","2026-05-05",0.320896,0.864516,-1.65375447273254,-0.673428297042847,0.856952488422394,0.767441860465116
"cap20_balanced_lop025","88756","17381-03","2026-05-05",0.472222,0.929032,-1.5023558139801,-0.502355754375458,0.984234690666199,1
"cap20_balanced_lop025","88757","17381-03","2026-05-05",0.468966,0.935484,-1.49286437034607,-0.492864429950714,0.969001591205597,0.985294117647059
"cap20_balanced_lop025","88758","17471-07","2026-05-05",0.204545,0.851613,-0.100000023841858,1,0.538499772548676,-0.444444444444444
"cap20_balanced_lop025","88759","17872-33","2026-05-05",0.454545,0.922581,-0.602856397628784,-0.346587955951691,0.938597798347473,0.953846153846154
"cap20_balanced_lop025","88760","17872-33","2026-05-05",0.47482,0.896774,-1.49496471881866,-0.494964718818665,0.986059963703156,1
"cap20_balanced_lop025","88761","17405-07","2026-05-05",0.359375,0.825806,0.301073014736176,0.387064009904861,0.797762274742126,0.782608695652174
"cap20_balanced_lop025","88794","18107-07","2026-05-06",0.5,0.941935,0.574826240539551,-0.130882859230042,0.951588213443756,0.986301369863014
"cap20_balanced_lop025","88812","14309-04","2026-05-11",0.482014,0.896774,-1.25651288032532,-0.256512939929962,0.995184659957886,1
"cap20_balanced_lop025","88813","14309-04","2026-05-11",0.417266,0.896774,-0.325332760810852,0.147018402814865,0.825591623783112,0.827586206896552
"cap20_balanced_lop025","88826","17112-19","2026-05-12",0.271605,0.522581,-0.118236310780048,0.308106005191803,0.607941746711731,0.545454545454545
"cap20_balanced_lop025","88870","18155-25","2026-05-13",0.133333,0.774194,1.77041864395142,0.770418584346771,0.947273850440979,0.8125
"cap20_balanced_lop025","88871","18155-25","2026-05-13",0.376923,0.83871,0.332228660583496,0.235031947493553,0.841289639472961,0.63265306122449
"cap20_balanced_lop025","88872","15258-25","2026-05-13",0.117647,0.767742,1.64723062515259,0.754184067249298,0.974274694919586,0.857142857142857
"cap20_balanced_lop025","88900","18216-05","2026-05-20",0.5,0.993548,1.30626451969147,-0.30626454949379,0.993051409721375,0.987012987012987
"cap20_balanced_lop025","88909","18216-05","2026-05-20",0.464052,0.987097,0.901926755905151,0.110585287213326,0.942699253559113,0.957746478873239
"cap20_balanced_lop025","88919","18216-05","2026-05-20",0.477124,0.987097,1.13191640377045,0.13191644847393,0.961315155029297,0.972602739726027
"cap20_balanced_lop025","88941","18216-05","2026-05-20",0.467105,0.980645,1.15140473842621,0.151404783129692,0.959616601467133,0.957746478873239
"cap20_balanced_lop025","88950","18216-05","2026-05-20",0.5,0.980645,-1.00769412517548,0.00769408838823438,0.989578425884247,1
"cap20_balanced_lop025","88951","18216-05","2026-05-20",0.486842,0.980645,-1.12208569049835,0.122085653245449,0.965509712696075,0.986486486486487
"cap20_balanced_lop025","88954","18216-05","2026-05-20",0.496644,0.96129,-0.491618454456329,-0.095202773809433,0.93005096912384,0.959459459459459
"cap20_balanced_lop025","88955","18216-05","2026-05-20",0.486842,0.980645,-0.546044111251831,-0.0275812074542046,0.935766577720642,0.972972972972973
"cap20_balanced_lop025","88956","18216-05","2026-05-20",0.480263,0.980645,-0.793113887310028,0.0240885429084301,0.954856872558594,0.972602739726027
"cap20_balanced_lop025","88957","18216-05","2026-05-20",0.493333,0.967742,-0.598207712173462,-0.141620174050331,0.957736134529114,0.986486486486487
"cap20_balanced_lop025","88962","18216-05","2026-05-20",0.496732,0.987097,1.00497722625732,0.00497723557054996,0.989900410175323,1
"cap20_balanced_lop025","88972","18216-05","2026-05-20",0.473684,0.980645,0.593905746936798,0.0434526540338993,0.931930303573608,0.930555555555556
"cap20_balanced_lop025","88973","18216-05","2026-05-20",0.477124,0.987097,0.588268280029297,0.0332187227904797,0.930390596389771,0.931506849315068
"cap20_balanced_lop025","88975","18216-05","2026-05-20",0.496689,0.974194,-0.419299364089966,-0.175978660583496,0.898420214653015,0.92
"cap20_balanced_lop025","88977","18216-05","2026-05-20",0.493421,0.980645,-1.10161018371582,0.101610153913498,0.974701941013336,1
"cap20_balanced_lop025","88979","18216-05","2026-05-20",0.467105,0.980645,-0.988647937774658,0.130634993314743,0.936826407909393,0.943661971830986
"cap20_balanced_lop025","88984","18216-05","2026-05-20",0.476821,0.974194,-0.458569437265396,-0.0609190538525581,0.912910282611847,0.972222222222222
"cap20_balanced_lop025","89003","17287-14","2026-06-02",0.106383,0.909677,1.64058804512024,0.900504112243652,0.935226202011108,0.533333333333333
"cap20_balanced_lop025","89032","16808-25","2026-06-03",0.414966,0.948387,-1.26735782623291,0.267357796430588,0.969161093235016,1
"cap20_balanced_lop025","89034","18230-13","2026-06-03",0.335766,0.883871,1.31374752521515,0.366742938756943,0.928041338920593,0.956521739130435
"cap20_balanced_lop025","89035","18230-13","2026-06-03",0.355072,0.890323,1.37460017204285,0.374600201845169,0.963903963565826,1
"cap20_balanced_lop025","89036","18230-13","2026-06-03",0.345324,0.896774,1.40587162971497,0.405871570110321,0.953115284442902,0.979166666666667
"cap20_balanced_lop025","89037","18230-13","2026-06-03",0.35,0.903226,1.38121485710144,0.381214797496796,0.961062848567963,1
"cap20_balanced_lop025","89038","18230-13","2026-06-03",0.043478,0.890323,0.259999990463257,1,0.692115128040314,0
"cap20_balanced_lop025","89071","18030-12","2026-06-08",0.352,0.806452,1.34639406204224,0.346394121646881,0.953931927680969,0.954545454545455
"cap20_balanced_lop025","89107","16725-06","2026-06-10",0.382979,0.909677,1.34337174892426,0.343371748924255,0.919909000396729,0.888888888888889
"cap20_balanced_lop025","89113","15936-18","2026-06-10",0.045045,0.716129,-1.65279972553253,-0.816609442234039,0.946386873722076,0.2
"cap20_balanced_lop025","89154","16857-07","2026-06-16",0.37037,0.870968,-1.31804370880127,0.318043738603592,0.960662424564362,0.96
"cap20_balanced_lop025","89155","16857-07","2026-06-16",0.375,0.877419,-1.32118272781372,0.321182787418365,0.964739501476288,0.980392156862745
"cap20_balanced_lop025","89157","16857-07","2026-06-16",0.303371,0.574194,-0.171100974082947,-0.0535333752632141,0.657396137714386,0.333333333333333
"cap20_balanced_lop025","89158","16857-07","2026-06-16",0.408602,0.6,-0.382276117801666,0.211577519774437,0.802169382572174,0.894736842105263
"cap20_balanced_lop025","89160","16857-07","2026-06-16",0.446281,0.780645,-1.26475358009338,0.264753639698029,0.9688321352005,1
"cap20_balanced_lop025","89161","16857-07","2026-06-16",0.344262,0.787097,-1.65350139141083,-0.664045214653015,0.874104142189026,0.833333333333333
"cap20_balanced_lop025","89178","18296-05","2026-06-17",0.356164,0.941935,0.390397399663925,0.352853089570999,0.819943249225616,0.788461538461538
"cap20_balanced_lop025","89179","18296-05","2026-06-17",0.5,0.941935,-0.847203135490417,-0.311536818742752,0.971879541873932,0.972602739726027
"cap20_balanced_lop025","89180","18296-05","2026-06-17",0.493151,0.941935,-1.27822518348694,-0.278225123882294,0.99448835849762,1
"cap20_balanced_lop025","89242","18211-25","2026-06-24",0.264706,0.877419,1.570561170578,0.570561170578003,0.946296036243439,0.972222222222222
"cap20_balanced_lop025","89288","16851-14","2026-07-06",0.5,0.864516,-0.843196928501129,-0.387335628271103,0.95406436920166,0.985074626865672
"cap20_balanced_lop025","89302","16743-04","2026-07-07",0.240876,0.883871,1.55395913124084,0.55395919084549,0.972676455974579,0.96969696969697
"cap20_balanced_lop025","89303","16743-04","2026-07-07",0.258993,0.896774,1.3718968629837,0.559170603752136,0.933815717697144,0.944444444444444
"cap20_balanced_lop025","89304","16743-04","2026-07-07",0.255319,0.909677,1.55637562274933,0.556375622749329,0.972606778144836,0.972222222222222
"cap20_balanced_lop025","89305","16743-04","2026-07-07",0.482517,0.922581,-0.838746070861816,-0.202888429164886,0.979512929916382,0.971014492753623
"cap20_balanced_lop025","89306","16743-04","2026-07-07",0.433566,0.922581,-0.290903687477112,0.0565803237259388,0.806575655937195,0.838709677419355
"cap20_balanced_lop025","89307","16743-04","2026-07-07",0.409722,0.929032,-1.28294360637665,0.28294363617897,0.969039618968964,1
"cap20_balanced_lop025","89308","16743-04","2026-07-07",0.28777,0.896774,0.574092209339142,0.505339562892914,0.867362141609192,0.825
"cap20_balanced_lop025","89309","16743-04","2026-07-07",0.242647,0.877419,1.29776692390442,0.629313886165619,0.946187555789948,0.96969696969697
"cap20_balanced_lop025","89310","16743-04","2026-07-07",0.363636,0.922581,1.24724721908569,0.370512068271637,0.906316339969635,0.846153846153846
"cap20_balanced_lop025","89311","16743-04","2026-07-07",0.260563,0.916129,1.41959524154663,0.577563881874084,0.937763035297394,0.972972972972973
"cap20_balanced_lop025","89312","16743-04","2026-07-07",0.253521,0.916129,1.59236121177673,0.606732904911041,0.980203986167908,1
"cap20_balanced_lop025","89314","14767-03","2026-07-07",0.416667,0.929032,-0.703979909420013,0.235155493021011,0.903418064117432,0.983333333333333
"cap20_balanced_lop025","89315","14767-03","2026-07-07",0.03,0.645161,1.57138454914093,0.57138454914093,0.986615121364594,1
"cap20_balanced_lop025","89316","14767-03","2026-07-07",0.401408,0.916129,-1.28273034095764,0.282730311155319,0.971906542778015,1
"cap20_balanced_lop025","89317","14767-03","2026-07-07",0.413793,0.935484,-1.28706967830658,0.287069648504257,0.967840969562531,1
"cap20_balanced_lop025","89344","18384-08","2026-07-08",0.276423,0.793548,0.50847989320755,0.529593527317047,0.860491871833801,0.794117647058823
"cap20_balanced_lop025","89345","18384-08","2026-07-08",0.303571,0.722581,0.965779423713684,0.512518584728241,0.905805349349976,0.911764705882353
"cap20_balanced_lop025","89346","18384-08","2026-07-08",0.33913,0.741935,1.50052833557129,0.500528335571289,0.917024254798889,0.923076923076923
"cap20_balanced_lop025","89347","18384-08","2026-07-08",0.338983,0.76129,1.03257513046265,0.488990515470505,0.904179155826569,0.9
"cap20_balanced_lop025","89348","18384-08","2026-07-08",0.48855,0.845161,-0.494438290596008,-0.251819998025894,0.920327067375183,0.953125
"cap20_balanced_lop025","89349","18384-08","2026-07-08",0.496183,0.845161,-1.47336220741272,-0.473362177610397,0.985296607017517,1
"cap20_balanced_lop025","89351","18384-08","2026-07-08",0.480315,0.819355,-0.535201728343964,-0.202328234910965,0.938918709754944,0.967213114754098
"cap20_balanced_lop025","89352","18384-08","2026-07-08",0.351562,0.825806,0.153155699372292,0.247081279754639,0.643186926841736,0.333333333333333
"cap20_balanced_lop025","89353","18384-08","2026-07-08",0.446154,0.83871,0.327339708805084,0.0825364664196968,0.831859767436981,0.844827586206897
"cap20_balanced_lop025","89354","18384-08","2026-07-08",0.44697,0.851613,0.330228537321091,0.0800965875387192,0.833175361156464,0.847457627118644
"cap20_balanced_lop025","89355","18384-08","2026-07-08",0.424242,0.851613,-0.833529829978943,0.243257254362106,0.911122739315033,0.982142857142857
"cap20_balanced_lop025","89357","18384-08","2026-07-08",0.31746,0.812903,-0.266921579837799,-0.602219104766846,0.710756182670593,0.55
"cap20_balanced_lop025","89382","18399-06","2026-07-13",0.130435,0.593548,0.260420948266983,-0.759581327438354,0.792058348655701,-0.25
"cap20_balanced_lop025","89385","16836-06","2026-07-13",0.282609,0.890323,1.28320038318634,0.533823430538177,0.920106053352356,0.923076923076923
"cap20_balanced_lop025","89386","16836-06","2026-07-13",0.272059,0.877419,1.53908491134644,0.539084851741791,0.95691704750061,0.945945945945946
"cap20_balanced_lop025","89387","16836-06","2026-07-13",0.284672,0.883871,1.52778577804565,0.527785778045654,0.949347078800201,0.923076923076923
"cap20_balanced_lop025","89389","16836-06","2026-07-13",0.425,0.774194,-1.46636271476746,-0.466362684965134,0.985243558883667,1
"cap20_balanced_lop025","89390","16836-06","2026-07-13",0.352518,0.896774,0.240757063031197,0.366633415222168,0.732991874217987,0.346938775510204
"cap20_balanced_lop025","89391","16836-06","2026-07-13",0.270073,0.883871,0.650005102157593,0.580662250518799,0.880195081233978,0.972972972972973
"cap20_balanced_lop025","89409","17012-14","2026-07-14",0.37037,0.870968,0.184282884001732,0.261600464582443,0.68313080072403,0.36
"cap20_balanced_lop025","89410","17012-14","2026-07-14",0.345588,0.877419,-1.66143441200256,-0.69299590587616,0.798961758613586,0.723404255319149
"cap20_balanced_lop025","89411","17012-14","2026-07-14",0.079137,0.896774,0.170000016689301,1,0.638735413551331,0
"cap20_balanced_lop025","89421","18401-31","2026-07-15",0.491071,0.722581,-0.549497842788696,-0.454442232847214,0.857095777988434,0.909090909090909
"cap20_balanced_lop025","89485","18216-05","2026-07-21",0.482759,0.935484,1.49489402770996,-0.494893997907639,0.980217099189758,1
"cap20_balanced_lop025","89486","18216-05","2026-07-21",0.482759,0.935484,1.49489402770996,-0.494893997907639,0.980217099189758,1
"cap20_balanced_lop025","89488","18216-05","2026-07-21",0.475862,0.935484,1.29985868930817,-0.299858659505844,0.993124186992645,0.985507246376812
"cap20_balanced_lop025","89523","18431-31","2026-07-22",0.496241,0.858065,-1.48923134803772,-0.489231377840042,0.967082142829895,0.984848484848485
"cap20_balanced_lop025","89543","18384-08","2026-07-22",0.033058,0.780645,0.319999992847443,1,0.724029064178467,0
"cap20_balanced_lop025","89583","18258-07","2026-08-04",0.184932,0.941935,1.66751909255981,0.756648361682892,0.949223875999451,0.888888888888889
"cap20_balanced_lop025","89584","18258-07","2026-08-04",0.465278,0.929032,-0.467661052942276,-0.133029386401176,0.919897258281708,0.955223880597015
"cap20_balanced_lop025","89585","18258-07","2026-08-04",0.333333,0.870968,0.277490884065628,0.242162495851517,0.779521882534027,0.422222222222222
"cap20_balanced_lop025","89631","18389-04","2026-08-05",0.201439,0.896774,1.64370894432068,0.643708884716034,0.953107357025146,0.892857142857143
"cap20_balanced_lop025","89632","18389-04","2026-08-05",0.357664,0.883871,0.347324579954147,0.242281019687653,0.824358880519867,0.653061224489796
"cap20_balanced_lop025","89633","18389-04","2026-08-05",0.460432,0.896774,-1.00146102905273,0.00146098854020238,0.990065813064575,1
"cap20_balanced_lop025","89634","18389-04","2026-08-05",0.423358,0.883871,1.14185094833374,0.141850993037224,0.957575738430023,0.96551724137931
"cap20_balanced_lop025","89693","16300-07","2026-08-11",0.185714,0.903226,1.62956631183624,0.756463646888733,0.969577848911285,0.961538461538462
"cap20_balanced_lop025","89694","16300-07","2026-08-11",0.471831,0.916129,-1.30115640163422,-0.301156431436539,0.992907583713531,0.985074626865672
"cap20_balanced_lop025","89695","16300-07","2026-08-11",0.253521,0.916129,1.21890866756439,0.563246250152588,0.922690629959106,0.888888888888889
"cap20_balanced_lop025","89751","18030-12","2026-08-12",0.408,0.806452,1.25825810432434,0.258258074522018,0.98353374004364,1
"cap20_balanced_lop025","89780","17912-25","2026-08-17",0.464286,0.722581,-0.509504556655884,-0.122591875493526,0.950234353542328,0.980769230769231
"cap20_balanced_lop025","89784","17837-13","2026-08-17",0.362903,0.8,-1.61793291568756,-0.666338086128235,0.832834422588348,0.866666666666667
"cap20_balanced_lop025","89816","18525-06","2026-08-18",0.112782,0.858065,0.14000004529953,1,0.591304361820221,0
"cap20_balanced_lop025","89817","18525-06","2026-08-18",0.398438,0.825806,-0.0533626787364483,-0.607948958873749,0.51927524805069,-0.137254901960784
"cap20_balanced_lop025","89842","15387-12","2026-08-18",0.338843,0.780645,-0.460529118776321,-0.600413680076599,0.785759031772614,0.682926829268293
"cap20_balanced_lop025","89843","12786-12","2026-08-18",0.423729,0.76129,0.322355628013611,-0.29668527841568,0.827070951461792,0.84
"cap20_balanced_lop025","89844","12786-12","2026-08-18",0.453782,0.767742,0.380273550748825,-0.181679129600525,0.880517661571503,0.925925925925926
"cap20_balanced_lop025","89864","18189-14","2026-08-19",0.471074,0.780645,0.183766409754753,-0.0966245085000992,0.678766012191772,0.631578947368421
"cap20_balanced_lop025","89865","18189-14","2026-08-19",0.422414,0.748387,-0.137503981590271,-0.336953848600388,0.607473134994507,0.387755102040816
"cap20_balanced_lop025","89867","17324-33","2026-08-19",0.225,0.516129,-0.332302629947662,-0.509633839130402,0.826438188552856,0.666666666666667
"cap20_balanced_lop025","89929","17818-24","2026-09-01",0.489209,0.896774,0.477811634540558,-0.128204435110092,0.923371553421021,0.955882352941177
"cap20_balanced_lop025","89930","17818-24","2026-09-01",0.481203,0.858065,-1.18374621868134,0.183746188879013,0.951561152935028,0.96875
"cap20_balanced_lop025","89931","17818-24","2026-09-01",0.450704,0.916129,-0.349301189184189,0.143005266785622,0.828871667385101,0.796875
"cap20_balanced_lop025","89932","17662-07","2026-09-01",0.261538,0.83871,1.5328540802002,0.532854080200195,0.958175003528595,0.911764705882353
"cap20_balanced_lop025","89933","17662-07","2026-09-01",0.347518,0.909677,-0.205993786454201,0.342981368303299,0.695473432540894,0.714285714285714
"cap20_balanced_lop025","89934","17662-07","2026-09-01",0.438849,0.896774,-1.28615164756775,0.286151707172394,0.965763330459595,1
"cap20_balanced_lop025","89935","17914-13","2026-09-01",0.142857,0.812903,1.604008436203,0.716815829277039,0.963563919067383,0.833333333333333
"cap20_balanced_lop025","89936","17914-13","2026-09-01",0.48227,0.909677,-0.606400907039642,-0.19187319278717,0.957214415073395,0.970588235294118
"cap20_balanced_lop025","89937","15295-07","2026-09-01",0.105263,0.735484,1.64200448989868,0.76498544216156,0.966648042201996,1
"cap10_balanced_lop025","88450","15347-07","2026-03-23",0.084507,0.916129,1.59296977519989,0.850446462631226,0.935122787952423,0.75
"cap10_balanced_lop025","88451","15347-07","2026-03-23",0.2,0.903226,1.59645819664001,0.647197246551514,0.971053957939148,0.964285714285714
"cap10_balanced_lop025","88452","15347-07","2026-03-23",0.183099,0.916129,1.58747184276581,0.659355103969574,0.974164843559265,1
"cap10_balanced_lop025","88453","15347-07","2026-03-23",0.177305,0.909677,1.58968961238861,0.660374224185944,0.975825250148773,1
"cap10_balanced_lop025","88454","15347-07","2026-03-23",0.190141,0.916129,1.5839626789093,0.657630980014801,0.972503662109375,1
"cap10_balanced_lop025","88455","15347-07","2026-03-23",0.174825,0.922581,1.59896862506866,0.675811290740967,0.948100209236145,0.92
"cap10_balanced_lop025","88474","17474-06","2026-03-24",0.335664,0.922581,1.30546641349792,0.30546635389328,0.918956756591797,0.854166666666667
"cap10_balanced_lop025","88475","17474-06","2026-03-24",0.351562,0.825806,0.44008195400238,0.220267295837402,0.877035558223724,0.866666666666667
"cap10_balanced_lop025","88477","16487-12","2026-03-24",0.486301,0.941935,-1.52688026428223,-0.553759276866913,0.968804121017456,1
"cap10_balanced_lop025","88489","18137-05","2026-03-24",0.026786,0.722581,1.44475221633911,0.444752216339111,0.977212429046631,1
"cap10_balanced_lop025","88493","18137-05","2026-03-24",0.356643,0.922581,0.288795709609985,0.249635130167007,0.781423985958099,0.431372549019608
"cap10_balanced_lop025","88502","10634-29","2026-03-25",0.137681,0.890323,-0.784832537174225,-0.849854052066803,0.801425576210022,0.368421052631579
"cap10_balanced_lop025","88503","10634-29","2026-03-25",0.094203,0.890323,-1.59934675693512,-0.80714476108551,0.837946951389313,0.615384615384615
"cap10_balanced_lop025","88504","10634-29","2026-03-25",0.052239,0.864516,-1.62557625770569,-0.827272832393646,0.911648094654083,1
"cap10_balanced_lop025","88506","10634-29","2026-03-25",0.118881,0.922581,-0.974863290786743,-0.858622074127197,0.820878803730011,0.411764705882353
"cap10_balanced_lop025","88507","10634-29","2026-03-25",0.111888,0.922581,-1.36732542514801,-0.853756666183472,0.838723063468933,0.4375
"cap10_balanced_lop025","88544","16569-25","2026-04-06",0.114286,0.903226,-0.302556037902832,0.93688291311264,0.810873806476593,0.6875
"cap10_balanced_lop025","88613","17170-07","2026-04-13",0.067797,0.76129,1.62669956684113,0.720178961753845,0.959753394126892,0.625
"cap10_balanced_lop025","88614","17170-07","2026-04-13",0.051724,0.748387,1.59375286102295,0.702758312225342,0.971659004688263,0.666666666666667
"cap10_balanced_lop025","88633","17354-37","2026-04-14",0.162963,0.870968,1.00854003429413,0.682616412639618,0.939830660820007,0.818181818181818
"cap10_balanced_lop025","88634","17690-07","2026-04-14",0.453237,0.896774,0.414970725774765,-0.0719605311751366,0.883449792861938,0.920634920634921
"cap10_balanced_lop025","88646","17757-29","2026-04-15",0.262411,0.909677,-1.59043157100677,-0.723390519618988,0.815055966377258,0.72972972972973
"cap10_balanced_lop025","88647","17522-12","2026-04-15",0.388889,0.812903,-1.59004747867584,-0.615875363349915,0.943217039108276,0.959183673469388
"cap10_balanced_lop025","88648","17522-12","2026-04-15",0.421875,0.825806,-1.51735401153564,-0.517354071140289,0.984731376171112,1
"cap10_balanced_lop025","88681","18156-04","2026-04-21",0.5,0.954839,-1.51670718193054,-0.516707241535187,0.977507352828979,1
"cap10_balanced_lop025","88683","18156-04","2026-04-21",0.441176,0.877419,-0.472776770591736,-0.199953883886337,0.913117647171021,0.95
"cap10_balanced_lop025","88686","18156-04","2026-04-21",0.472973,0.954839,-0.38888218998909,-0.110541634261608,0.876933455467224,0.942857142857143
"cap10_balanced_lop025","88687","18156-04","2026-04-21",0.483221,0.96129,-0.807056069374084,-0.0707596018910408,0.961373269557953,0.986111111111111
"cap10_balanced_lop025","88692","18156-04","2026-04-21",0.471831,0.916129,-0.312513619661331,-0.257821530103683,0.820585131645203,0.895522388059702
"cap10_balanced_lop025","88697","18156-04","2026-04-21",0.430657,0.883871,-1.16492748260498,0.164927497506142,0.961480379104614,0.966101694915254
"cap10_balanced_lop025","88698","18156-04","2026-04-21",0.47651,0.96129,-0.630143344402313,-0.0536710396409035,0.938591063022614,0.971830985915493
"cap10_balanced_lop025","88701","18156-04","2026-04-21",0.486486,0.954839,-0.646829724311829,-0.158504292368889,0.959207892417908,0.986111111111111
"cap10_balanced_lop025","88706","18156-04","2026-04-21",0.439189,0.954839,0.323317587375641,0.0101668769493699,0.820352792739868,0.861538461538462
"cap10_balanced_lop025","88707","18156-04","2026-04-21",0.489796,0.948387,-1.02234554290771,0.022345557808876,0.976979374885559,1
"cap10_balanced_lop025","88755","18016-13","2026-05-05",0.320896,0.864516,-1.59634780883789,-0.671676874160767,0.85453736782074,0.720930232558139
"cap10_balanced_lop025","88756","17381-03","2026-05-05",0.472222,0.929032,-1.52184641361237,-0.521846413612366,0.982329368591309,1
"cap10_balanced_lop025","88757","17381-03","2026-05-05",0.468966,0.935484,-1.51371252536774,-0.513712525367737,0.967681527137756,0.985294117647059
"cap10_balanced_lop025","88758","17471-07","2026-05-05",0.204545,0.851613,-0.0900000333786011,1,0.539436399936676,-0.037037037037037
"cap10_balanced_lop025","88759","17872-33","2026-05-05",0.454545,0.922581,-0.592720687389374,-0.370415389537811,0.937315583229065,0.953846153846154
"cap10_balanced_lop025","88760","17872-33","2026-05-05",0.47482,0.896774,-1.51720356941223,-0.517203569412231,0.98371547460556,1
"cap10_balanced_lop025","88761","17405-07","2026-05-05",0.359375,0.825806,0.297325402498245,0.297917634248734,0.798733532428741,0.826086956521739
"cap10_balanced_lop025","88794","18107-07","2026-05-06",0.5,0.941935,0.605770587921143,-0.16620808839798,0.95478081703186,0.986301369863014
"cap10_balanced_lop025","88812","14309-04","2026-05-11",0.482014,0.896774,-1.32514107227325,-0.325141072273254,0.993772387504578,1
"cap10_balanced_lop025","88813","14309-04","2026-05-11",0.417266,0.896774,-0.344600260257721,0.0751950815320015,0.833432078361511,0.827586206896552
"cap10_balanced_lop025","88826","17112-19","2026-05-12",0.271605,0.522581,-0.113903075456619,0.229767933487892,0.603042483329773,0.545454545454545
"cap10_balanced_lop025","88870","18155-25","2026-05-13",0.133333,0.774194,0.996941030025482,0.663253545761108,0.949069380760193,0.8125
"cap10_balanced_lop025","88871","18155-25","2026-05-13",0.376923,0.83871,0.353469848632812,0.161426976323128,0.851349890232086,0.63265306122449
"cap10_balanced_lop025","88872","15258-25","2026-05-13",0.117647,0.767742,1.1525821685791,0.66040426492691,0.975243151187897,0.857142857142857
"cap10_balanced_lop025","88900","18216-05","2026-05-20",0.5,0.993548,1.32115793228149,-0.321157932281494,0.9945148229599,1
"cap10_balanced_lop025","88950","18216-05","2026-05-20",0.5,0.980645,-1.02457523345947,0.0245752576738596,0.976764261722565,1
"cap10_balanced_lop025","88951","18216-05","2026-05-20",0.486842,0.980645,-1.0593558549881,0.0593558102846146,0.963069081306458,0.986301369863014
"cap10_balanced_lop025","88954","18216-05","2026-05-20",0.496644,0.96129,-0.51771205663681,-0.132780700922012,0.933873116970062,0.958904109589041
"cap10_balanced_lop025","88955","18216-05","2026-05-20",0.486842,0.980645,-0.598907649517059,-0.0634908005595207,0.938092827796936,0.972602739726027
"cap10_balanced_lop025","88957","18216-05","2026-05-20",0.493333,0.967742,-0.619159996509552,-0.17341373860836,0.959503948688507,0.986301369863014
"cap10_balanced_lop025","88962","18216-05","2026-05-20",0.496732,0.987097,1.02384316921234,0.0238431319594383,0.977114677429199,1
"cap10_balanced_lop025","88975","18216-05","2026-05-20",0.496689,0.974194,-0.418483853340149,-0.216769322752953,0.895809650421143,0.92
"cap10_balanced_lop025","88977","18216-05","2026-05-20",0.493421,0.980645,-1.04621851444244,0.0462184734642506,0.96939605474472,0.986486486486487
"cap10_balanced_lop025","89003","17287-14","2026-06-02",0.106383,0.909677,1.59229075908661,0.818928241729736,0.949181258678436,0.733333333333333
"cap10_balanced_lop025","89032","16808-25","2026-06-03",0.414966,0.948387,-1.19444108009338,0.1944410353899,0.956109881401062,1
"cap10_balanced_lop025","89034","18230-13","2026-06-03",0.335766,0.883871,1.25967884063721,0.259678900241852,0.919348120689392,0.956521739130435
"cap10_balanced_lop025","89035","18230-13","2026-06-03",0.355072,0.890323,1.24626672267914,0.246266722679138,0.958803832530975,0.979591836734694
"cap10_balanced_lop025","89036","18230-13","2026-06-03",0.345324,0.896774,1.28035223484039,0.280352264642715,0.950046539306641,0.979166666666667
"cap10_balanced_lop025","89037","18230-13","2026-06-03",0.35,0.903226,1.28932809829712,0.289328068494797,0.947356104850769,0.959183673469388
"cap10_balanced_lop025","89038","18230-13","2026-06-03",0.043478,0.890323,0.240000009536743,1,0.695163607597351,0
"cap10_balanced_lop025","89071","18030-12","2026-06-08",0.352,0.806452,1.2297785282135,0.229778468608856,0.948608636856079,0.977272727272727
"cap10_balanced_lop025","89107","16725-06","2026-06-10",0.382979,0.909677,1.2467805147171,0.246780544519424,0.920505106449127,0.907407407407407
"cap10_balanced_lop025","89113","15936-18","2026-06-10",0.045045,0.716129,-1.62185275554657,-0.826190829277039,0.948800981044769,0.4
"cap10_balanced_lop025","89154","16857-07","2026-06-16",0.37037,0.870968,-1.20427942276001,0.204279363155365,0.9568971991539,0.98
"cap10_balanced_lop025","89155","16857-07","2026-06-16",0.375,0.877419,-1.20660638809204,0.206606417894363,0.959047794342041,0.980392156862745
"cap10_balanced_lop025","89157","16857-07","2026-06-16",0.303371,0.574194,-0.167511120438576,-0.121357925236225,0.654627621173859,0.333333333333333
"cap10_balanced_lop025","89158","16857-07","2026-06-16",0.408602,0.6,-0.370208889245987,0.123271115124226,0.79411119222641,0.868421052631579
"cap10_balanced_lop025","89160","16857-07","2026-06-16",0.446281,0.780645,-1.19568264484406,0.195682659745216,0.958976447582245,1
"cap10_balanced_lop025","89161","16857-07","2026-06-16",0.344262,0.787097,-1.59635937213898,-0.673511981964111,0.870874524116516,0.833333333333333
"cap10_balanced_lop025","89178","18296-05","2026-06-17",0.356164,0.941935,0.390087187290192,0.251945197582245,0.819393694400787,0.769230769230769
"cap10_balanced_lop025","89179","18296-05","2026-06-17",0.5,0.941935,-0.889614284038544,-0.344554632902145,0.973366737365723,0.972602739726027
"cap10_balanced_lop025","89180","18296-05","2026-06-17",0.493151,0.941935,-1.31801688671112,-0.318016886711121,0.994527101516724,1
"cap10_balanced_lop025","89242","18211-25","2026-06-24",0.264706,0.877419,1.42685198783875,0.42685204744339,0.952178299427032,0.972222222222222
"cap10_balanced_lop025","89288","16851-14","2026-07-06",0.5,0.864516,-0.829548060894012,-0.408954054117203,0.953381717205048,0.985074626865672
"cap10_balanced_lop025","89303","16743-04","2026-07-07",0.258993,0.896774,1.4176881313324,0.434317916631699,0.937725603580475,0.944444444444444
"cap10_balanced_lop025","89304","16743-04","2026-07-07",0.255319,0.909677,1.42952311038971,0.429523140192032,0.971439063549042,0.972222222222222
"cap10_balanced_lop025","89305","16743-04","2026-07-07",0.482517,0.922581,-0.794684231281281,-0.232151091098785,0.977143228054047,0.971014492753623
"cap10_balanced_lop025","89306","16743-04","2026-07-07",0.433566,0.922581,-0.299368262290955,-0.00833347253501415,0.810722529888153,0.838709677419355
"cap10_balanced_lop025","89307","16743-04","2026-07-07",0.409722,0.929032,-1.2114497423172,0.2114497423172,0.954972147941589,1
"cap10_balanced_lop025","89308","16743-04","2026-07-07",0.28777,0.896774,0.590170323848724,0.387111991643906,0.874866425991058,0.825
"cap10_balanced_lop025","89309","16743-04","2026-07-07",0.242647,0.877419,1.09371316432953,0.511769354343414,0.946353256702423,0.96969696969697
"cap10_balanced_lop025","89310","16743-04","2026-07-07",0.363636,0.922581,1.26102066040039,0.261020690202713,0.909541428089142,0.865384615384615
"cap10_balanced_lop025","89311","16743-04","2026-07-07",0.260563,0.916129,1.45393073558807,0.453930705785751,0.943954885005951,0.972972972972973
"cap10_balanced_lop025","89312","16743-04","2026-07-07",0.253521,0.916129,1.45792484283447,0.457924783229828,0.981156468391418,1
"cap10_balanced_lop025","89314","14767-03","2026-07-07",0.416667,0.929032,-0.73273092508316,0.147295892238617,0.896223127841949,0.983333333333333
"cap10_balanced_lop025","89315","14767-03","2026-07-07",0.03,0.645161,1.41693472862244,0.416934728622437,0.980170071125031,1
"cap10_balanced_lop025","89316","14767-03","2026-07-07",0.401408,0.916129,-1.20863735675812,0.208637341856956,0.959010422229767,1
"cap10_balanced_lop025","89317","14767-03","2026-07-07",0.413793,0.935484,-1.21274411678314,0.212744131684303,0.952787458896637,1
"cap10_balanced_lop025","89346","18384-08","2026-07-08",0.33913,0.741935,1.36452996730804,0.364529997110367,0.922076046466827,0.923076923076923
"cap10_balanced_lop025","89347","18384-08","2026-07-08",0.338983,0.76129,1.16101324558258,0.365464091300964,0.909340679645538,0.9
"cap10_balanced_lop025","89348","18384-08","2026-07-08",0.48855,0.845161,-0.502020001411438,-0.28516086935997,0.922581434249878,0.953125
"cap10_balanced_lop025","89349","18384-08","2026-07-08",0.496183,0.845161,-1.49030494689941,-0.490304917097092,0.984824419021606,1
"cap10_balanced_lop025","89351","18384-08","2026-07-08",0.480315,0.819355,-0.549669981002808,-0.236816465854645,0.942037761211395,0.967213114754098
"cap10_balanced_lop025","89352","18384-08","2026-07-08",0.351562,0.825806,0.147337853908539,0.160895064473152,0.637543499469757,0.333333333333333
"cap10_balanced_lop025","89353","18384-08","2026-07-08",0.446154,0.83871,0.349231362342834,0.0208181571215391,0.841385722160339,0.862068965517241
"cap10_balanced_lop025","89354","18384-08","2026-07-08",0.44697,0.851613,0.352557241916656,0.0185656230896711,0.84251457452774,0.864406779661017
"cap10_balanced_lop025","89355","18384-08","2026-07-08",0.424242,0.851613,-0.905240535736084,0.158703103661537,0.904159247875214,0.982142857142857
"cap10_balanced_lop025","89357","18384-08","2026-07-08",0.31746,0.812903,-0.262090921401978,-0.614018499851227,0.70966899394989,0.55
"cap10_balanced_lop025","89382","18399-06","2026-07-13",0.130435,0.593548,0.25499427318573,-0.768028676509857,0.791629493236542,-0.25
"cap10_balanced_lop025","89385","16836-06","2026-07-13",0.282609,0.890323,1.40413641929626,0.404136449098587,0.92771703004837,0.923076923076923
"cap10_balanced_lop025","89386","16836-06","2026-07-13",0.272059,0.877419,1.39656794071198,0.396567970514297,0.955323874950409,0.972972972972973
"cap10_balanced_lop025","89387","16836-06","2026-07-13",0.284672,0.883871,1.37522053718567,0.375220596790314,0.946198105812073,0.923076923076923
"cap10_balanced_lop025","89389","16836-06","2026-07-13",0.425,0.774194,-1.50435841083527,-0.504358410835266,0.978663921356201,1
"cap10_balanced_lop025","89390","16836-06","2026-07-13",0.352518,0.896774,0.254032850265503,0.275129407644272,0.746791243553162,0.428571428571429
"cap10_balanced_lop025","89391","16836-06","2026-07-13",0.270073,0.883871,0.619621932506561,0.470014721155167,0.884941101074219,0.972972972972973
"cap10_balanced_lop025","89409","17012-14","2026-07-14",0.37037,0.870968,0.187371775507927,0.181687042117119,0.689139544963837,0.36
"cap10_balanced_lop025","89410","17012-14","2026-07-14",0.345588,0.877419,-1.59605383872986,-0.692348539829254,0.794516026973724,0.723404255319149
"cap10_balanced_lop025","89411","17012-14","2026-07-14",0.079137,0.896774,0.160000026226044,1,0.640691637992859,0
"cap10_balanced_lop025","89421","18401-31","2026-07-15",0.491071,0.722581,-0.542260766029358,-0.473006695508957,0.856474697589874,0.909090909090909
"cap10_balanced_lop025","89485","18216-05","2026-07-21",0.482759,0.935484,1.51386260986328,-0.513862609863281,0.978457570075989,1
"cap10_balanced_lop025","89523","18431-31","2026-07-22",0.496241,0.858065,-1.50341475009918,-0.503414750099182,0.966544508934021,0.984848484848485
"cap10_balanced_lop025","89583","18258-07","2026-08-04",0.184932,0.941935,1.59434270858765,0.644712567329407,0.952649414539337,0.888888888888889
"cap10_balanced_lop025","89584","18258-07","2026-08-04",0.465278,0.929032,-0.480978816747665,-0.174382030963898,0.922558724880219,0.955223880597015
"cap10_balanced_lop025","89585","18258-07","2026-08-04",0.333333,0.870968,0.293178409337997,0.15854300558567,0.789752125740051,0.422222222222222
"cap10_balanced_lop025","89631","18389-04","2026-08-05",0.201439,0.896774,1.53780651092529,0.537806451320648,0.951838195323944,0.892857142857143
"cap10_balanced_lop025","89632","18389-04","2026-08-05",0.357664,0.883871,0.364775419235229,0.157428219914436,0.829277336597443,0.653061224489796
"cap10_balanced_lop025","89633","18389-04","2026-08-05",0.460432,0.896774,-1.02284109592438,0.022841040045023,0.976538896560669,1
"cap10_balanced_lop025","89634","18389-04","2026-08-05",0.423358,0.883871,1.08354151248932,0.0835415422916412,0.953041136264801,0.96551724137931
"cap10_balanced_lop025","89693","16300-07","2026-08-11",0.185714,0.903226,1.55386054515839,0.649580895900726,0.974128067493439,0.961538461538462
"cap10_balanced_lop025","89694","16300-07","2026-08-11",0.471831,0.916129,-1.32462096214294,-0.324621021747589,0.993913233280182,1
"cap10_balanced_lop025","89695","16300-07","2026-08-11",0.253521,0.916129,1.28481197357178,0.437459349632263,0.927889168262482,0.888888888888889
"cap10_balanced_lop025","89751","18030-12","2026-08-12",0.408,0.806452,1.16854333877563,0.168543323874474,0.978823065757751,1
"cap10_balanced_lop025","89780","17912-25","2026-08-17",0.464286,0.722581,-0.515094935894012,-0.170861572027206,0.948384284973145,0.961538461538462
"cap10_balanced_lop025","89784","17837-13","2026-08-17",0.362903,0.8,-1.57102060317993,-0.673814594745636,0.831745624542236,0.866666666666667
"cap10_balanced_lop025","89816","18525-06","2026-08-18",0.112782,0.858065,0.129999995231628,1,0.593102872371674,0
"cap10_balanced_lop025","89817","18525-06","2026-08-18",0.398438,0.825806,-0.0544115975499153,-0.609132945537567,0.520466923713684,-0.156862745098039
"cap10_balanced_lop025","89842","15387-12","2026-08-18",0.338843,0.780645,-0.459814190864563,-0.612494170665741,0.786582231521606,0.682926829268293
"cap10_balanced_lop025","89843","12786-12","2026-08-18",0.423729,0.76129,0.32485020160675,-0.332162857055664,0.827980220317841,0.84
"cap10_balanced_lop025","89844","12786-12","2026-08-18",0.453782,0.767742,0.38654899597168,-0.224450975656509,0.881959617137909,0.925925925925926
"cap10_balanced_lop025","89864","18189-14","2026-08-19",0.471074,0.780645,0.182886734604836,-0.15104153752327,0.676916122436523,0.614035087719298
"cap10_balanced_lop025","89865","18189-14","2026-08-19",0.422414,0.748387,-0.136233404278755,-0.372459769248962,0.606408417224884,0.387755102040816
"cap10_balanced_lop025","89867","17324-33","2026-08-19",0.225,0.516129,-0.330767154693604,-0.528356373310089,0.826391696929932,0.666666666666667
"cap10_balanced_lop025","89929","17818-24","2026-09-01",0.489209,0.896774,0.488463014364243,-0.170844361186028,0.924364447593689,0.955882352941177
"cap10_balanced_lop025","89930","17818-24","2026-09-01",0.481203,0.858065,-1.10781538486481,0.107815392315388,0.947196006774902,0.984375
"cap10_balanced_lop025","89931","17818-24","2026-09-01",0.450704,0.916129,-0.344612151384354,0.0603891275823116,0.82353550195694,0.796875
"cap10_balanced_lop025","89932","17662-07","2026-09-01",0.261538,0.83871,1.40920662879944,0.409206628799438,0.958778262138367,0.941176470588235
"cap10_balanced_lop025","89933","17662-07","2026-09-01",0.347518,0.909677,-0.18573947250843,0.238189786672592,0.677732110023499,0.755102040816326
"cap10_balanced_lop025","89934","17662-07","2026-09-01",0.438849,0.896774,-1.19653701782227,0.196537032723427,0.953827798366547,1
"cap10_balanced_lop025","89935","17914-13","2026-09-01",0.142857,0.812903,1.58830535411835,0.605819344520569,0.963308990001678,0.777777777777778
"cap10_balanced_lop025","89936","17914-13","2026-09-01",0.48227,0.909677,-0.604452311992645,-0.22859650850296,0.956199645996094,0.970588235294118
"cap10_balanced_lop025","89937","15295-07","2026-09-01",0.105263,0.735484,1.61296987533569,0.658751726150513,0.972405433654785,1
