"replicate","diputado_id","dimension_1_aligned"
1,"803",0.322593629360199
1,"815",-0.70421975851059
1,"843",-0.703429698944092
1,"872",0.306641817092896
1,"915",-0.798808932304382
1,"986",0.45527371764183
1,"1009",-0.699672043323517
1,"1012",0.990423679351807
1,"1013",0.386132299900055
1,"1015",0.784405469894409
1,"1017",-0.723008275032043
1,"1021",-0.769537508487701
1,"1025",-0.705423057079315
1,"1028",-0.635739922523499
1,"1038",0.626844644546509
1,"1039",0.210649564862251
1,"1044",0.59828907251358
1,"1054",-0.606404840946198
1,"1056",0.760116636753082
1,"1059",-0.771542370319366
1,"1060",-0.701164782047272
1,"1061",0.500679552555084
1,"1062",-0.596491277217865
1,"1065",-0.748631417751312
1,"1073",0.788750350475311
1,"1074",0.796928703784943
1,"1075",-0.87361866235733
1,"1077",0.502045214176178
1,"1082",-1
1,"1086",0.772207796573639
1,"1087",0.787542223930359
1,"1099",0.556111931800842
1,"1100",-0.729651153087616
1,"1102",-0.64521187543869
1,"1104",-0.721962153911591
1,"1105",0.370408535003662
1,"1108",-0.634190857410431
1,"1110",0.433145850896835
1,"1114",0.689807415008545
1,"1116",0.291331440210342
1,"1117",0.921196401119232
1,"1119",-0.603901922702789
1,"1122",0.980075418949127
1,"1127",0.809444904327393
1,"1128",0.893464505672455
1,"1131",-0.634371697902679
1,"1132",-0.722747921943665
1,"1133",-0.726115584373474
1,"1140",-0.971518635749817
1,"1141",0.458342224359512
1,"1142",0.619732320308685
1,"1143",-0.650409340858459
1,"1146",-0.720839142799377
1,"1148",0.685736358165741
1,"1150",-0.729674458503723
1,"1152",-0.902529299259186
1,"1153",0.756011605262756
1,"1157",-0.617971956729889
1,"1159",0.915649771690369
1,"1165",-0.729674458503723
1,"1166",-0.531631231307983
1,"1170",-0.726694703102112
1,"1171",0.809236228466034
1,"1172",-0.721376359462738
1,"1173",0.990423679351807
1,"1174",-0.68385249376297
1,"1175",0.432718873023987
1,"1176",-0.632811307907104
1,"1177",0.818142354488373
1,"1178",0.456145256757736
1,"1180",0.811357259750366
1,"1181",0.68848317861557
1,"1182",0.398364156484604
1,"1183",-0.656744956970215
1,"1184",0.799391508102417
1,"1186",0.791808724403381
1,"1187",-0.726115584373474
1,"1188",0.925538182258606
1,"1189",0.806866526603699
1,"1190",-0.729674458503723
1,"1191",-0.729735314846039
1,"1192",-0.0225196722894907
1,"1193",-0.0121792182326317
1,"1194",-0.729674458503723
1,"1195",0.405849784612656
1,"1196",0.299832046031952
1,"1197",-0.620410919189453
1,"1198",-0.729674458503723
1,"1199",-0.862168073654175
1,"1200",-0.396091550588608
1,"1201",-0.0123171806335449
1,"1202",-0.955437421798706
1,"1203",-0.726115584373474
1,"1204",0.645211756229401
1,"1205",0.555234253406525
1,"1206",0.669838845729828
1,"1207",0.755543649196625
1,"1208",0.337292283773422
1,"1209",0.786323070526123
1,"1210",0.932743608951569
1,"1211",1
1,"1212",-1
1,"1213",0.925538182258606
1,"1214",-0.976735413074493
1,"1215",-0.963368773460388
1,"1216",-0.729682922363281
1,"1217",-0.974523901939392
1,"1218",-0.729674458503723
1,"1219",-0.650210678577423
1,"1220",-0.729674458503723
1,"1221",-0.729767203330994
1,"1222",0.695206761360168
1,"1223",-0.978941440582275
1,"1224",0.345968514680862
1,"1225",-0.729618489742279
1,"1226",0.46156719326973
1,"1227",-0.768507838249207
1,"1228",-0.988129436969757
1,"1229",0.338716357946396
1,"1230",-0.0210642572492361
1,"1231",-0.624916911125183
1,"1232",-0.725995004177094
1,"1233",-0.85687667131424
1,"1234",-0.785211563110352
1,"1235",-0.326969414949417
1,"1236",0.0794699341058731
1,"1237",-0.680619478225708
1,"1238",0.366980403661728
1,"1239",0.212383449077606
1,"1240",-0.0473700016736984
1,"1241",0.423462718725204
1,"1242",-0.787634372711182
1,"1243",0.198127269744873
1,"1244",-0.706600546836853
1,"1245",-0.729695439338684
1,"1246",0.690381765365601
1,"1247",-0.729674458503723
1,"1248",-1
1,"1249",-0.852242529392242
1,"1250",0.920470118522644
1,"1251",-0.725263595581055
1,"1252",0.800541877746582
1,"1253",-0.729674458503723
1,"1254",-0.729674458503723
1,"1255",0.1385258436203
1,"1256",0.795912206172943
1,"1257",-0.638839721679688
1,"1258",0.0446861572563648
1,"1259",-0.153018429875374
1,"1260",0.649593889713287
1,"1261",-0.750664353370667
1,"1262",-0.729674458503723
1,"1263",-0.723624169826508
1,"1264",0.509633600711823
2,"803",0.351613074541092
2,"815",-0.610573410987854
2,"843",-0.541908323764801
2,"872",0.315667361021042
2,"915",-0.60502415895462
2,"986",0.446074157953262
2,"1009",-0.612162351608276
2,"1012",0.994327783584595
2,"1013",0.38041877746582
2,"1015",0.812019169330597
2,"1017",-0.950024366378784
2,"1021",-0.444461107254028
2,"1025",-0.990131855010986
2,"1028",-0.429490298032761
2,"1038",0.614076435565948
2,"1039",0.305269926786423
2,"1044",0.580332338809967
2,"1054",-0.423043578863144
2,"1056",0.712661147117615
2,"1059",-0.44938251376152
2,"1060",-0.455644845962524
2,"1061",0.483821332454681
2,"1062",-0.393356710672379
2,"1065",-0.577894032001495
2,"1073",0.764820396900177
2,"1074",0.870098233222961
2,"1075",-0.467064887285233
2,"1077",0.491519331932068
2,"1082",-0.660467207431793
2,"1086",0.757952868938446
2,"1087",0.777290284633636
2,"1099",0.51504385471344
2,"1100",-0.999878644943237
2,"1102",-0.423420906066895
2,"1104",-0.989780783653259
2,"1105",0.372312158346176
2,"1108",-0.508193612098694
2,"1110",0.4392249584198
2,"1114",0.761941492557526
2,"1116",0.327222585678101
2,"1117",0.941810071468353
2,"1119",-0.411849826574326
2,"1122",0.985455572605133
2,"1127",0.807693481445312
2,"1128",0.929934799671173
2,"1131",-0.442372530698776
2,"1132",-0.417718082666397
2,"1133",-0.973757088184357
2,"1140",-0.595142066478729
2,"1141",0.450242400169373
2,"1142",0.612719118595123
2,"1143",-0.535918116569519
2,"1146",-1
2,"1148",0.690085470676422
2,"1150",-0.995992541313171
2,"1152",-0.510980486869812
2,"1153",0.791826009750366
2,"1157",-0.509006500244141
2,"1159",0.940994501113892
2,"1165",-0.996139824390411
2,"1166",-0.353769719600677
2,"1170",-0.977491796016693
2,"1171",0.813122868537903
2,"1172",-0.966472506523132
2,"1173",0.994327783584595
2,"1174",-0.592129468917847
2,"1175",0.433674275875092
2,"1176",-0.509643375873566
2,"1177",0.807158291339874
2,"1178",0.456430464982986
2,"1180",0.763067424297333
2,"1181",0.66236537694931
2,"1182",0.397380948066711
2,"1183",-0.591210007667542
2,"1184",0.770544588565826
2,"1186",0.800735235214233
2,"1187",-0.973131895065308
2,"1188",0.945711851119995
2,"1189",0.810860991477966
2,"1190",-0.995942115783691
2,"1191",-1
2,"1192",0.10059804469347
2,"1193",0.104531653225422
2,"1194",-0.996576488018036
2,"1195",0.423401266336441
2,"1196",0.304468244314194
2,"1197",-0.44134521484375
2,"1198",-0.995992541313171
2,"1199",-0.607996106147766
2,"1200",-0.199771299958229
2,"1201",0.10924082249403
2,"1202",-0.597871780395508
2,"1203",-0.973230361938477
2,"1204",0.63375598192215
2,"1205",0.543522953987122
2,"1206",0.639391779899597
2,"1207",0.762665212154388
2,"1208",0.335311204195023
2,"1209",0.791697859764099
2,"1210",0.952797412872314
2,"1211",1
2,"1212",-0.591619431972504
2,"1213",0.945711851119995
2,"1214",-0.605821251869202
2,"1215",-0.613862931728363
2,"1216",-1
2,"1217",-0.631136953830719
2,"1218",-0.996013998985291
2,"1219",-0.496965259313583
2,"1220",-0.996313452720642
2,"1221",-1
2,"1222",0.806226551532745
2,"1223",-0.616016983985901
2,"1224",0.343366235494614
2,"1225",-0.999369263648987
2,"1226",0.460382372140884
2,"1227",-0.440552026033401
2,"1228",-0.613953590393066
2,"1229",0.33529981970787
2,"1230",0.0979708209633827
2,"1231",-0.458757132291794
2,"1232",-0.973251640796661
2,"1233",-0.604118704795837
2,"1234",-0.560740053653717
2,"1235",-0.147639617323875
2,"1236",0.183987572789192
2,"1237",-0.530516028404236
2,"1238",0.366512596607208
2,"1239",0.300539344549179
2,"1240",0.0769404098391533
2,"1241",0.416209727525711
2,"1242",-0.468898057937622
2,"1243",0.290130347013474
2,"1244",-0.75297600030899
2,"1245",-0.995031416416168
2,"1246",0.647900342941284
2,"1247",-0.995992541313171
2,"1248",-0.994346857070923
2,"1249",-0.540258765220642
2,"1250",0.944716691970825
2,"1251",-0.973319232463837
2,"1252",0.814472258090973
2,"1253",-0.995992541313171
2,"1254",-0.995992541313171
2,"1255",0.231259316205978
2,"1256",0.811992347240448
2,"1257",-0.506547391414642
2,"1258",0.15669658780098
2,"1259",-0.0121405553072691
2,"1260",0.639734208583832
2,"1261",-0.551909506320953
2,"1262",-0.995992541313171
2,"1263",-0.950530409812927
2,"1264",0.490357369184494
3,"803",-0.178447186946869
3,"815",-0.735999822616577
3,"843",-0.775980234146118
3,"872",0.0632626190781593
3,"915",-0.820974409580231
3,"986",0.26336944103241
3,"1009",-0.776418328285217
3,"1012",0.988983452320099
3,"1013",0.216602489352226
3,"1015",0.839392602443695
3,"1017",-0.98838484287262
3,"1021",-0.651408791542053
3,"1025",-0.986110508441925
3,"1028",-0.649652063846588
3,"1038",0.445595264434814
3,"1039",-0.150279879570007
3,"1044",0.395362347364426
3,"1054",-0.692329883575439
3,"1056",0.573504328727722
3,"1059",-0.678777694702148
3,"1060",-0.686001539230347
3,"1061",0.254319131374359
3,"1062",-0.630387425422668
3,"1065",-0.731966495513916
3,"1073",0.835452258586884
3,"1074",0.761072933673859
3,"1075",-0.744170486927032
3,"1077",0.30033928155899
3,"1082",-0.950460314750671
3,"1086",0.728866577148438
3,"1087",0.885255634784698
3,"1099",0.29711639881134
3,"1100",-0.999522030353546
3,"1102",-0.689769089221954
3,"1104",-0.990105032920837
3,"1105",0.100575886666775
3,"1108",-0.713813722133636
3,"1110",0.239659294486046
3,"1114",0.718522191047668
3,"1116",0.00737619213759899
3,"1117",0.993346095085144
3,"1119",-0.691047132015228
3,"1122",0.988983452320099
3,"1127",0.817917227745056
3,"1128",0.928090929985046
3,"1131",-0.682803392410278
3,"1132",-0.679743885993958
3,"1133",-0.996056020259857
3,"1140",-0.753942549228668
3,"1141",0.25392684340477
3,"1142",0.468259781599045
3,"1143",-0.696341037750244
3,"1146",-0.9580237865448
3,"1148",NA
3,"1150",-1
3,"1152",-0.961290061473846
3,"1153",0.83741968870163
3,"1157",-0.623809158802032
3,"1159",0.960672855377197
3,"1165",-0.999998807907104
3,"1166",-0.593954861164093
3,"1170",-0.992642045021057
3,"1171",0.840341627597809
3,"1172",-0.97931706905365
3,"1173",0.988983452320099
3,"1174",-0.719605565071106
3,"1175",0.225561767816544
3,"1176",-0.668958783149719
3,"1177",0.818934202194214
3,"1178",0.271683037281036
3,"1180",0.716645121574402
3,"1181",0.512044191360474
3,"1182",0.224882543087006
3,"1183",-0.695719182491302
3,"1184",0.698182880878448
3,"1186",0.813576281070709
3,"1187",-0.996056020259857
3,"1188",0.988983452320099
3,"1189",0.84082704782486
3,"1190",-1
3,"1191",-0.99968296289444
3,"1192",-0.143089860677719
3,"1193",-0.173652410507202
3,"1194",-1
3,"1195",0.126399368047714
3,"1196",-0.0729672089219093
3,"1197",-0.73999011516571
3,"1198",-0.999466776847839
3,"1199",-0.71563732624054
3,"1200",-0.506148338317871
3,"1201",-0.16832534968853
3,"1202",-0.74891722202301
3,"1203",-0.996056020259857
3,"1204",0.481285512447357
3,"1205",0.320598900318146
3,"1206",0.513429880142212
3,"1207",0.694164872169495
3,"1208",0.0414915904402733
3,"1209",0.806183159351349
3,"1210",0.988983452320099
3,"1211",1
3,"1212",-0.970152139663696
3,"1213",0.988983452320099
3,"1214",-0.777007937431335
3,"1215",-0.958792328834534
3,"1216",-0.999244451522827
3,"1217",-1
3,"1218",-1
3,"1219",-0.739555954933167
3,"1220",-1
3,"1221",-1
3,"1222",0.823884189128876
3,"1223",-0.970696210861206
3,"1224",0.0591480061411858
3,"1225",-0.999413907527924
3,"1226",0.201112180948257
3,"1227",-0.667574107646942
3,"1228",-0.975911498069763
3,"1229",0.0601869970560074
3,"1230",-0.165185987949371
3,"1231",-0.686839401721954
3,"1232",-0.996113181114197
3,"1233",-0.729659557342529
3,"1234",-0.741106390953064
3,"1235",-0.385427206754684
3,"1236",-0.178474217653275
3,"1237",-0.763997495174408
3,"1238",0.0820557549595833
3,"1239",-0.138252586126328
3,"1240",-0.172369688749313
3,"1241",0.197347313165665
3,"1242",-0.7209352850914
3,"1243",-0.159562736749649
3,"1244",-0.987157106399536
3,"1245",-0.999414622783661
3,"1246",0.500718295574188
3,"1247",-1
3,"1248",-1
3,"1249",-0.729270875453949
3,"1250",0.95258617401123
3,"1251",-0.98771345615387
3,"1252",0.839855313301086
3,"1253",-1
3,"1254",-1
3,"1255",-0.195606783032417
3,"1256",0.839848697185516
3,"1257",-0.676045954227448
3,"1258",-0.197601512074471
3,"1259",-0.186592683196068
3,"1260",0.512172162532806
3,"1261",-0.781162917613983
3,"1262",-0.999466776847839
3,"1263",-0.990368068218231
3,"1264",0.273409098386765
4,"803",0.247496902942657
4,"815",-0.875206649303436
4,"843",-0.77393364906311
4,"872",0.237356647849083
4,"915",-0.819642663002014
4,"986",0.367911636829376
4,"1009",-0.890193283557892
4,"1012",1
4,"1013",0.279946863651276
4,"1015",0.71858537197113
4,"1017",-0.992018342018127
4,"1021",-0.751299679279327
4,"1025",-0.993981063365936
4,"1028",-0.72358238697052
4,"1038",0.652244925498962
4,"1039",0.199655294418335
4,"1044",0.601525127887726
4,"1054",-0.729267716407776
4,"1056",0.779023587703705
4,"1059",-0.746800899505615
4,"1060",-0.762782156467438
4,"1061",0.441258639097214
4,"1062",-0.715796113014221
4,"1065",-0.868527293205261
4,"1073",0.735685646533966
4,"1074",0.831576466560364
4,"1075",-0.777286469936371
4,"1077",0.454359591007233
4,"1082",-0.889013528823853
4,"1086",0.720043659210205
4,"1087",0.709152340888977
4,"1099",0.467902332544327
4,"1100",-0.998703002929688
4,"1102",-0.738389670848846
4,"1104",-0.984738111495972
4,"1105",0.295847773551941
4,"1108",-0.806655764579773
4,"1110",0.374405831098557
4,"1114",0.671218693256378
4,"1116",0.2239049077034
4,"1117",0.9028240442276
4,"1119",-0.709046065807343
4,"1122",0.986261367797852
4,"1127",0.742797493934631
4,"1128",0.865244150161743
4,"1131",-0.740095496177673
4,"1132",-0.73666375875473
4,"1133",-0.992018342018127
4,"1140",-0.928461492061615
4,"1141",0.361904084682465
4,"1142",0.651294827461243
4,"1143",-0.800442516803741
4,"1146",-0.987518072128296
4,"1148",0.630849242210388
4,"1150",-0.99912017583847
4,"1152",-0.776157975196838
4,"1153",0.656897485256195
4,"1157",-0.773728311061859
4,"1159",0.896347105503082
4,"1165",-0.99912017583847
4,"1166",-0.603890657424927
4,"1170",-0.99912017583847
4,"1171",0.742261648178101
4,"1172",-0.993413388729095
4,"1173",1
4,"1174",-0.862715542316437
4,"1175",0.381461769342422
4,"1176",-0.857835829257965
4,"1177",0.723175823688507
4,"1178",0.420324116945267
4,"1180",0.741356611251831
4,"1181",0.707400619983673
4,"1182",0.310429483652115
4,"1183",-0.790349185466766
4,"1184",0.745144605636597
4,"1186",0.730747759342194
4,"1187",-0.992496490478516
4,"1188",0.908209621906281
4,"1189",0.764756619930267
4,"1190",-0.99912017583847
4,"1191",-0.999044418334961
4,"1192",-0.0772203803062439
4,"1193",-0.0816394239664078
4,"1194",-0.99912017583847
4,"1195",0.397868514060974
4,"1196",0.222346156835556
4,"1197",-0.759439468383789
4,"1198",-0.998633980751038
4,"1199",-0.885303378105164
4,"1200",-0.495936006307602
4,"1201",-0.0755461379885674
4,"1202",-0.91630744934082
4,"1203",-0.992496490478516
4,"1204",0.653912365436554
4,"1205",0.476911813020706
4,"1206",0.684021949768066
4,"1207",0.726817429065704
4,"1208",0.2574642598629
4,"1209",0.739140629768372
4,"1210",0.919265925884247
4,"1211",0.99895578622818
4,"1212",-0.849761784076691
4,"1213",0.908209621906281
4,"1214",-0.928388714790344
4,"1215",-0.853954434394836
4,"1216",-0.998633980751038
4,"1217",-0.871368885040283
4,"1218",-0.99912017583847
4,"1219",-0.74522078037262
4,"1220",-0.99912017583847
4,"1221",-1
4,"1222",0.73234236240387
4,"1223",-0.853405892848969
4,"1224",0.262627959251404
4,"1225",-0.998868525028229
4,"1226",0.415254354476929
4,"1227",-0.745093166828156
4,"1228",-0.85642272233963
4,"1229",0.249172821640968
4,"1230",-0.0941011756658554
4,"1231",-0.743829011917114
4,"1232",-0.992494165897369
4,"1233",-0.893876135349274
4,"1234",-0.849763035774231
4,"1235",-0.468418657779694
4,"1236",0.0305005107074976
4,"1237",-0.8322713971138
4,"1238",0.267913073301315
4,"1239",0.199618130922318
4,"1240",-0.0986635535955429
4,"1241",0.351250618696213
4,"1242",-0.77590411901474
4,"1243",0.181902557611465
4,"1244",-0.906828224658966
4,"1245",-0.999079883098602
4,"1246",0.666744232177734
4,"1247",-0.99912017583847
4,"1248",-1
4,"1249",-0.87308806180954
4,"1250",0.899165332317352
4,"1251",-0.985731184482574
4,"1252",0.743070840835571
4,"1253",-0.99912017583847
4,"1254",-0.99912017583847
4,"1255",0.115139760077
4,"1256",0.738670349121094
4,"1257",-0.78099113702774
4,"1258",-0.0049520474858582
4,"1259",-0.242982640862465
4,"1260",0.661855041980743
4,"1261",-0.838194668292999
4,"1262",-0.998633980751038
4,"1263",-0.992496490478516
4,"1264",0.449596375226974
5,"803",0.135326415300369
5,"815",-0.930520474910736
5,"843",-0.867508590221405
5,"872",0.156756833195686
5,"915",-0.924607157707214
5,"986",0.29221498966217
5,"1009",-0.929666876792908
5,"1012",1
5,"1013",0.186933368444443
5,"1015",0.70671021938324
5,"1017",-0.996864020824432
5,"1021",-0.822482168674469
5,"1025",-0.988451898097992
5,"1028",-0.810767590999603
5,"1038",0.508613049983978
5,"1039",0.0561617612838745
5,"1044",0.469900846481323
5,"1054",-0.840581655502319
5,"1056",0.613150775432587
5,"1059",-0.840648472309113
5,"1060",-0.847920417785645
5,"1061",0.323994070291519
5,"1062",-0.824951529502869
5,"1065",-0.986841559410095
5,"1073",0.731499016284943
5,"1074",0.759357213973999
5,"1075",-0.925385117530823
5,"1077",0.336212515830994
5,"1082",-0.990739643573761
5,"1086",0.715500712394714
5,"1087",0.660295426845551
5,"1099",0.354115873575211
5,"1100",-0.997629523277283
5,"1102",-0.785870611667633
5,"1104",-0.992108285427094
5,"1105",0.21458113193512
5,"1108",-0.800503849983215
5,"1110",0.26052787899971
5,"1114",0.562291026115417
5,"1116",0.109298393130302
5,"1117",0.899425208568573
5,"1119",-0.817312121391296
5,"1122",0.993075430393219
5,"1127",0.67437756061554
5,"1128",0.884887933731079
5,"1131",-0.815354287624359
5,"1132",-0.83122044801712
5,"1133",-0.996864020824432
5,"1140",-1
5,"1141",0.278916925191879
5,"1142",0.529711663722992
5,"1143",-0.851847529411316
5,"1146",-0.982529699802399
5,"1148",0.582233965396881
5,"1150",-0.999834477901459
5,"1152",-0.936934053897858
5,"1153",0.683895349502563
5,"1157",-0.784220516681671
5,"1159",0.899353921413422
5,"1165",-0.999834477901459
5,"1166",-0.693201839923859
5,"1170",-0.999834477901459
5,"1171",0.682435393333435
5,"1172",-0.996126174926758
5,"1173",1
5,"1174",-0.917251348495483
5,"1175",0.273444265127182
5,"1176",-0.890589952468872
5,"1177",0.745052218437195
5,"1178",0.305334061384201
5,"1180",0.689057946205139
5,"1181",0.580359935760498
5,"1182",0.221575438976288
5,"1183",-0.810241997241974
5,"1184",0.642612159252167
5,"1186",0.654015839099884
5,"1187",-0.996864020824432
5,"1188",0.909239530563354
5,"1189",0.759712517261505
5,"1190",-0.999834477901459
5,"1191",-0.997735142707825
5,"1192",-0.173128589987755
5,"1193",-0.174721986055374
5,"1194",-0.999834477901459
5,"1195",0.261431008577347
5,"1196",0.146414160728455
5,"1197",-0.790230214595795
5,"1198",-0.99766081571579
5,"1199",-0.902058959007263
5,"1200",-0.609440088272095
5,"1201",-0.162379652261734
5,"1202",-1
5,"1203",-0.996864020824432
5,"1204",0.546276807785034
5,"1205",0.367301911115646
5,"1206",0.526376962661743
5,"1207",0.596407234668732
5,"1208",0.170580640435219
5,"1209",0.711207866668701
5,"1210",0.920000553131104
5,"1211",0.999526083469391
5,"1212",-1
5,"1213",0.909239530563354
5,"1214",-1
5,"1215",-1
5,"1216",-0.997729063034058
5,"1217",-1
5,"1218",-0.999834477901459
5,"1219",-0.824353516101837
5,"1220",-0.999834477901459
5,"1221",-1
5,"1222",0.646117508411407
5,"1223",-1
5,"1224",0.175650477409363
5,"1225",-0.998558402061462
5,"1226",0.30024316906929
5,"1227",-0.818943798542023
5,"1228",-1
5,"1229",0.163859009742737
5,"1230",-0.1807901263237
5,"1231",-0.84895658493042
5,"1232",-0.996800065040588
5,"1233",-0.944324612617493
5,"1234",-0.962358236312866
5,"1235",-0.561296403408051
5,"1236",-0.0858880802989006
5,"1237",-0.922725737094879
5,"1238",0.18321518599987
5,"1239",0.0759197100996971
5,"1240",-0.223304405808449
5,"1241",0.274766683578491
5,"1242",-0.868633568286896
5,"1243",0.058628287166357
5,"1244",-0.958146333694458
5,"1245",-0.99875545501709
5,"1246",0.574646890163422
5,"1247",-0.999834477901459
5,"1248",-1
5,"1249",-0.972092866897583
5,"1250",0.906518697738647
5,"1251",-0.991547286510468
5,"1252",0.675690948963165
5,"1253",-0.999834477901459
5,"1254",-0.999834477901459
5,"1255",-0.0370879806578159
5,"1256",0.674383640289307
5,"1257",-0.836292684078217
5,"1258",-0.125530585646629
5,"1259",-0.336984246969223
5,"1260",0.570247709751129
5,"1261",-0.9507896900177
5,"1262",-0.99766081571579
5,"1263",-0.999834477901459
5,"1264",0.331419616937637
6,"803",-0.0734265372157097
6,"815",-0.892086267471313
6,"843",-0.861907660961151
6,"872",0.0686917304992676
6,"915",-0.864628672599792
6,"986",0.158345818519592
6,"1009",-0.891348302364349
6,"1012",0.948644757270813
6,"1013",0.102635376155376
6,"1015",0.825470149517059
6,"1017",-0.967029929161072
6,"1021",-0.907875418663025
6,"1025",-0.956337630748749
6,"1028",-0.770542323589325
6,"1038",0.490730196237564
6,"1039",-0.0243969988077879
6,"1044",0.366714924573898
6,"1054",-0.803726673126221
6,"1056",0.575966835021973
6,"1059",-0.809767067432404
6,"1060",-0.85317999124527
6,"1061",0.151849955320358
6,"1062",-0.716962575912476
6,"1065",-0.936764061450958
6,"1073",1
6,"1074",0.89283287525177
6,"1075",-0.953218460083008
6,"1077",0.180952861905098
6,"1082",-1
6,"1086",0.737105965614319
6,"1087",0.792972981929779
6,"1099",0.189604684710503
6,"1100",-0.9768186211586
6,"1102",-0.772601783275604
6,"1104",-0.978534400463104
6,"1105",0.069303385913372
6,"1108",-0.784250259399414
6,"1110",0.121845051646233
6,"1114",0.65728348493576
6,"1116",0.0270640440285206
6,"1117",0.944775879383087
6,"1119",-0.843140959739685
6,"1122",0.948600947856903
6,"1127",0.780152142047882
6,"1128",0.857304871082306
6,"1131",-0.773950815200806
6,"1132",-0.830777287483215
6,"1133",-0.977556645870209
6,"1140",-1
6,"1141",0.156966969370842
6,"1142",0.4949671626091
6,"1143",-0.863036751747131
6,"1146",-0.949559271335602
6,"1148",NA
6,"1150",-0.977556645870209
6,"1152",-1
6,"1153",0.830210447311401
6,"1157",-0.825595080852509
6,"1159",0.915650367736816
6,"1165",-0.977579236030579
6,"1166",-0.747040033340454
6,"1170",-0.967029929161072
6,"1171",0.791981518268585
6,"1172",-0.951638400554657
6,"1173",0.948644757270813
6,"1174",-0.903534233570099
6,"1175",0.0953114032745361
6,"1176",-0.896945118904114
6,"1177",0.690072298049927
6,"1178",0.13529460132122
6,"1180",0.722237586975098
6,"1181",0.542862236499786
6,"1182",0.109243385493755
6,"1183",-0.845359444618225
6,"1184",0.707763075828552
6,"1186",0.773910462856293
6,"1187",-0.977556645870209
6,"1188",0.948644757270813
6,"1189",0.861804723739624
6,"1190",-0.977556645870209
6,"1191",-0.976724207401276
6,"1192",-0.0801266431808472
6,"1193",-0.0914492681622505
6,"1194",-0.977556645870209
6,"1195",0.126325771212578
6,"1196",-0.0548780933022499
6,"1197",-0.807670414447784
6,"1198",-0.976724982261658
6,"1199",-0.937573552131653
6,"1200",-0.458337336778641
6,"1201",-0.0931056812405586
6,"1202",-1
6,"1203",-0.977556645870209
6,"1204",0.519201219081879
6,"1205",0.320536553859711
6,"1206",0.551713705062866
6,"1207",0.686572849750519
6,"1208",0.0304452106356621
6,"1209",0.763277173042297
6,"1210",0.948620617389679
6,"1211",0.996604800224304
6,"1212",-1
6,"1213",0.948644757270813
6,"1214",-1
6,"1215",-1
6,"1216",-0.976724982261658
6,"1217",-1
6,"1218",-0.971773982048035
6,"1219",-0.838769733905792
6,"1220",-0.973903119564056
6,"1221",-0.977556645870209
6,"1222",0.731531739234924
6,"1223",-1
6,"1224",0.0469596162438393
6,"1225",-0.977315247058868
6,"1226",0.141400098800659
6,"1227",-0.868317544460297
6,"1228",-1
6,"1229",0.0475996881723404
6,"1230",-0.0887644737958908
6,"1231",-0.85361123085022
6,"1232",-0.977584421634674
6,"1233",-0.986397922039032
6,"1234",-0.934001088142395
6,"1235",-0.300908029079437
6,"1236",-0.0879376158118248
6,"1237",-0.858521521091461
6,"1238",0.0892143771052361
6,"1239",-0.0612043999135494
6,"1240",-0.101579815149307
6,"1241",0.167111590504646
6,"1242",-0.88971084356308
6,"1243",-0.0750996023416519
6,"1244",-0.975249707698822
6,"1245",-0.977242410182953
6,"1246",0.530199646949768
6,"1247",-0.977556645870209
6,"1248",-1
6,"1249",-1
6,"1250",0.91279000043869
6,"1251",-0.977581858634949
6,"1252",0.797941446304321
6,"1253",-0.977556645870209
6,"1254",-0.977556645870209
6,"1255",-0.115025959908962
6,"1256",0.797877132892609
6,"1257",-0.904866576194763
6,"1258",-0.0914492681622505
6,"1259",-0.105072624981403
6,"1260",0.55493825674057
6,"1261",-0.931768715381622
6,"1262",-0.976724982261658
6,"1263",-0.967029929161072
6,"1264",0.168842524290085
7,"803",0.158004865050316
7,"815",-0.693883121013641
7,"843",-0.647755026817322
7,"872",0.196274742484093
7,"915",-0.80009400844574
7,"986",0.484667897224426
7,"1009",-0.705362200737
7,"1012",1
7,"1013",0.414699554443359
7,"1015",0.831837356090546
7,"1017",-0.712777018547058
7,"1021",-0.842044532299042
7,"1025",-0.699557363986969
7,"1028",-0.681126296520233
7,"1038",0.624437749385834
7,"1039",0.179835334420204
7,"1044",0.591765105724335
7,"1054",-0.620384514331818
7,"1056",0.830211341381073
7,"1059",-0.81427526473999
7,"1060",-0.749853014945984
7,"1061",0.501150786876678
7,"1062",-0.621669948101044
7,"1065",-0.775334119796753
7,"1073",0.835826396942139
7,"1074",0.751542270183563
7,"1075",-0.858901858329773
7,"1077",0.499629974365234
7,"1082",-0.963221192359924
7,"1086",0.799602270126343
7,"1087",0.822775602340698
7,"1099",0.512614011764526
7,"1100",-0.714986026287079
7,"1102",-0.642744362354279
7,"1104",-0.712028026580811
7,"1105",0.25031566619873
7,"1108",-0.664045929908752
7,"1110",0.466634452342987
7,"1114",0.710798740386963
7,"1116",0.204981446266174
7,"1117",0.934096455574036
7,"1119",-0.629778504371643
7,"1122",0.988457083702087
7,"1127",0.833563983440399
7,"1128",0.903169274330139
7,"1131",-0.680429756641388
7,"1132",-0.786540567874908
7,"1133",-0.712777018547058
7,"1140",-1
7,"1141",0.472168743610382
7,"1142",0.642891228199005
7,"1143",-0.672034442424774
7,"1146",-0.707504093647003
7,"1148",0.691687703132629
7,"1150",-0.715685188770294
7,"1152",-0.890714943408966
7,"1153",0.808936536312103
7,"1157",-0.691239655017853
7,"1159",0.938454747200012
7,"1165",-0.715769290924072
7,"1166",-0.556666433811188
7,"1170",-0.715685188770294
7,"1171",0.833437442779541
7,"1172",-0.702698469161987
7,"1173",1
7,"1174",-0.701366662979126
7,"1175",0.468400210142136
7,"1176",-0.678147554397583
7,"1177",0.802228391170502
7,"1178",0.485970050096512
7,"1180",0.840974509716034
7,"1181",0.786436319351196
7,"1182",0.431999981403351
7,"1183",-0.690941870212555
7,"1184",0.811106383800507
7,"1186",0.801950633525848
7,"1187",-0.712818145751953
7,"1188",0.950346887111664
7,"1189",0.857227921485901
7,"1190",-0.715685188770294
7,"1191",-0.715097725391388
7,"1192",-0.0448214188218117
7,"1193",-0.0440997034311295
7,"1194",-0.715685188770294
7,"1195",0.34606271982193
7,"1196",0.160135135054588
7,"1197",-0.652730703353882
7,"1198",-0.715085446834564
7,"1199",-0.906309723854065
7,"1200",-0.434358149766922
7,"1201",-0.0459870994091034
7,"1202",-1
7,"1203",-0.712818145751953
7,"1204",0.682029843330383
7,"1205",0.564887225627899
7,"1206",0.682764053344727
7,"1207",0.78864598274231
7,"1208",0.23321869969368
7,"1209",0.841219305992126
7,"1210",0.955390214920044
7,"1211",0.999583184719086
7,"1212",-0.966735243797302
7,"1213",0.950346887111664
7,"1214",-1
7,"1215",-0.957480370998383
7,"1216",-0.71506541967392
7,"1217",-0.979216754436493
7,"1218",-0.711962819099426
7,"1219",-0.640108644962311
7,"1220",-0.714172661304474
7,"1221",-0.715775430202484
7,"1222",0.705733060836792
7,"1223",-0.960683166980743
7,"1224",0.238904699683189
7,"1225",-0.715667366981506
7,"1226",0.44712707400322
7,"1227",-0.829952359199524
7,"1228",-0.957480370998383
7,"1229",0.226846516132355
7,"1230",-0.0527151599526405
7,"1231",-0.661520898342133
7,"1232",-0.712778747081757
7,"1233",-1
7,"1234",-0.828523993492126
7,"1235",-0.455479085445404
7,"1236",0.044507410377264
7,"1237",-0.695397436618805
7,"1238",0.245679795742035
7,"1239",0.165606200695038
7,"1240",-0.0748738795518875
7,"1241",0.30582395195961
7,"1242",-0.86193311214447
7,"1243",0.146733149886131
7,"1244",-0.699949026107788
7,"1245",-0.715685188770294
7,"1246",0.774640560150146
7,"1247",-0.715685188770294
7,"1248",-1
7,"1249",-0.897031486034393
7,"1250",0.932145059108734
7,"1251",-0.712004780769348
7,"1252",0.808554410934448
7,"1253",-0.715685188770294
7,"1254",-0.715685188770294
7,"1255",0.0772523358464241
7,"1256",0.804933786392212
7,"1257",-0.669707536697388
7,"1258",0.0116846337914467
7,"1259",-0.174454420804977
7,"1260",0.690220475196838
7,"1261",-0.751431822776794
7,"1262",-0.715085446834564
7,"1263",-0.712818145751953
7,"1264",0.522155582904816
8,"803",-0.103185258805752
8,"815",-0.640642762184143
8,"843",-0.641180515289307
8,"872",0.036499384790659
8,"915",-0.749021470546722
8,"986",0.210420146584511
8,"1009",-0.673230290412903
8,"1012",0.999838888645172
8,"1013",0.156150966882706
8,"1015",0.764040052890778
8,"1017",-0.673317611217499
8,"1021",-0.847596108913422
8,"1025",-0.667426347732544
8,"1028",-0.664560854434967
8,"1038",0.285698473453522
8,"1039",-0.0536467283964157
8,"1044",0.246805191040039
8,"1054",-0.618176639080048
8,"1056",0.416610538959503
8,"1059",-0.823005199432373
8,"1060",-0.743803143501282
8,"1061",0.207636639475822
8,"1062",-0.609537243843079
8,"1065",-0.738455772399902
8,"1073",0.830626547336578
8,"1074",0.678850769996643
8,"1075",-0.872125864028931
8,"1077",0.220670521259308
8,"1082",-1
8,"1086",0.616942048072815
8,"1087",0.771789073944092
8,"1099",0.228691980242729
8,"1100",-0.675455570220947
8,"1102",-0.588452458381653
8,"1104",-0.663244187831879
8,"1105",-0.00299277971498668
8,"1108",-0.605689406394958
8,"1110",0.214107438921928
8,"1114",0.602474868297577
8,"1116",-0.011484800837934
8,"1117",0.963880658149719
8,"1119",-0.65082585811615
8,"1122",0.999838888645172
8,"1127",0.710304141044617
8,"1128",0.939713656902313
8,"1131",-0.635131657123566
8,"1132",-0.766830623149872
8,"1133",-0.673317611217499
8,"1140",-0.932655930519104
8,"1141",0.207836925983429
8,"1142",0.294909983873367
8,"1143",-0.629013359546661
8,"1146",-0.660037279129028
8,"1148",NA
8,"1150",-0.675455570220947
8,"1152",-1
8,"1153",0.760632276535034
8,"1157",-0.670350968837738
8,"1159",0.966443359851837
8,"1165",-0.675455570220947
8,"1166",-0.522940516471863
8,"1170",-0.675455570220947
8,"1171",0.746408402919769
8,"1172",-0.656872272491455
8,"1173",0.999838888645172
8,"1174",-0.664262354373932
8,"1175",0.232222825288773
8,"1176",-0.652617216110229
8,"1177",0.761380910873413
8,"1178",0.219939976930618
8,"1180",0.590104639530182
8,"1181",0.32957261800766
8,"1182",0.13094387948513
8,"1183",-0.655174136161804
8,"1184",0.588885188102722
8,"1186",0.700778484344482
8,"1187",-0.673404693603516
8,"1188",0.999838888645172
8,"1189",0.770261347293854
8,"1190",-0.675455570220947
8,"1191",-0.675456881523132
8,"1192",-0.0333018712699413
8,"1193",-0.048996202647686
8,"1194",-0.675455570220947
8,"1195",0.137384936213493
8,"1196",-0.0895087867975235
8,"1197",-0.624070703983307
8,"1198",-0.675455570220947
8,"1199",-0.816462695598602
8,"1200",-0.392759770154953
8,"1201",-0.0336599573493004
8,"1202",-0.899245083332062
8,"1203",-0.673404693603516
8,"1204",0.301554173231125
8,"1205",0.22937548160553
8,"1206",0.35645005106926
8,"1207",0.583404958248138
8,"1208",0.0159254781901836
8,"1209",0.721178650856018
8,"1210",1
8,"1211",0.999838888645172
8,"1212",-0.944623053073883
8,"1213",0.999838888645172
8,"1214",-0.930344521999359
8,"1215",-1
8,"1216",-0.675452351570129
8,"1217",-1
8,"1218",-0.663600623607635
8,"1219",-0.626765191555023
8,"1220",-0.673193693161011
8,"1221",-0.675455570220947
8,"1222",0.798382699489594
8,"1223",-0.997355878353119
8,"1224",0.0273903664201498
8,"1225",-0.675091743469238
8,"1226",0.179650589823723
8,"1227",-0.854838192462921
8,"1228",-1
8,"1229",0.0281012374907732
8,"1230",-0.03653509542346
8,"1231",-0.640361189842224
8,"1232",-0.673404693603516
8,"1233",-0.815039694309235
8,"1234",-0.733929216861725
8,"1235",-0.283926159143448
8,"1236",-0.0437585338950157
8,"1237",-0.654790818691254
8,"1238",0.0306210964918137
8,"1239",-0.0110030090436339
8,"1240",-0.04009098559618
8,"1241",0.0566365197300911
8,"1242",-0.870237529277802
8,"1243",-0.0333678759634495
8,"1244",-0.671369612216949
8,"1245",-0.675091743469238
8,"1246",0.329604238271713
8,"1247",-0.675455570220947
8,"1248",-1
8,"1249",-0.817271947860718
8,"1250",0.950769424438477
8,"1251",-0.670637130737305
8,"1252",0.74492746591568
8,"1253",-0.675455570220947
8,"1254",-0.675455570220947
8,"1255",-0.0489962100982666
8,"1256",0.7447350025177
8,"1257",-0.63121235370636
8,"1258",-0.0489962100982666
8,"1259",-0.0537034310400486
8,"1260",0.336229175329208
8,"1261",-0.709552407264709
8,"1262",-0.675455570220947
8,"1263",-0.673404693603516
8,"1264",0.223894834518433
9,"803",0.211225762963295
9,"815",-0.815957546234131
9,"843",-0.643678843975067
9,"872",0.283213436603546
9,"915",-0.780869245529175
9,"986",0.322737693786621
9,"1009",-0.769326746463776
9,"1012",1
9,"1013",0.256029844284058
9,"1015",0.998548090457916
9,"1017",-0.830448269844055
9,"1021",-0.558510780334473
9,"1025",-0.821376323699951
9,"1028",-0.552533149719238
9,"1038",0.628806710243225
9,"1039",0.0728144198656082
9,"1044",0.498759418725967
9,"1054",-0.563607037067413
9,"1056",0.836406648159027
9,"1059",-0.613785326480865
9,"1060",-0.609423995018005
9,"1061",0.267272979021072
9,"1062",-0.51088809967041
9,"1065",-0.770046055316925
9,"1073",1
9,"1074",0.948212862014771
9,"1075",-0.663874387741089
9,"1077",0.300383031368256
9,"1082",-1
9,"1086",0.990150213241577
9,"1087",0.885059952735901
9,"1099",0.329618155956268
9,"1100",-0.844071269035339
9,"1102",-0.556491196155548
9,"1104",-0.833656966686249
9,"1105",0.314701110124588
9,"1108",-0.5741246342659
9,"1110",0.231581479310989
9,"1114",0.903149545192719
9,"1116",0.227273046970367
9,"1117",1
9,"1119",-0.599926233291626
9,"1122",1
9,"1127",0.936346769332886
9,"1128",1
9,"1131",-0.552795767784119
9,"1132",-0.538648784160614
9,"1133",-0.839005053043365
9,"1140",-1
9,"1141",0.347393125295639
9,"1142",0.650504529476166
9,"1143",-0.688767969608307
9,"1146",-0.768860995769501
9,"1148",NA
9,"1150",-0.844038128852844
9,"1152",-1
9,"1153",1
9,"1157",-0.698689818382263
9,"1159",1
9,"1165",-0.844038128852844
9,"1166",-0.476148903369904
9,"1170",-0.835671365261078
9,"1171",0.936583697795868
9,"1172",-0.806776225566864
9,"1173",1
9,"1174",-0.736478328704834
9,"1175",0.237345561385155
9,"1176",-0.615488350391388
9,"1177",0.986882507801056
9,"1178",0.250109195709229
9,"1180",0.963292360305786
9,"1181",0.691818237304688
9,"1182",0.252559393644333
9,"1183",-0.805676400661469
9,"1184",0.919986128807068
9,"1186",0.929141879081726
9,"1187",-0.839007258415222
9,"1188",1
9,"1189",1
9,"1190",-0.844038128852844
9,"1191",-0.844063699245453
9,"1192",0.0929759070277214
9,"1193",0.0302958954125643
9,"1194",-0.844038128852844
9,"1195",0.181096270680428
9,"1196",0.20145545899868
9,"1197",-0.578126430511475
9,"1198",-0.844038128852844
9,"1199",-0.835799515247345
9,"1200",-0.30356627702713
9,"1201",0.0366098657250404
9,"1202",-0.991377830505371
9,"1203",-0.838986873626709
9,"1204",0.666170954704285
9,"1205",0.315301656723022
9,"1206",0.662248909473419
9,"1207",0.985039710998535
9,"1208",0.175913080573082
9,"1209",0.999539136886597
9,"1210",1
9,"1211",1
9,"1212",-1
9,"1213",1
9,"1214",-1
9,"1215",-1
9,"1216",-0.844038128852844
9,"1217",-1
9,"1218",-0.8405841588974
9,"1219",-0.62889951467514
9,"1220",-0.843571722507477
9,"1221",-0.844038128852844
9,"1222",0.912364780902863
9,"1223",-1
9,"1224",0.209083929657936
9,"1225",-0.842182040214539
9,"1226",0.233494207262993
9,"1227",-0.595027327537537
9,"1228",-1
9,"1229",0.185676828026772
9,"1230",0.0394665636122227
9,"1231",-0.623844742774963
9,"1232",-0.838986873626709
9,"1233",-0.835272669792175
9,"1234",-1
9,"1235",-0.0417940728366375
9,"1236",0.0103992577642202
9,"1237",-0.700823605060577
9,"1238",0.275718122720718
9,"1239",0.0490789450705051
9,"1240",0.0385031700134277
9,"1241",0.383404761552811
9,"1242",-0.63607931137085
9,"1243",0.048644132912159
9,"1244",-0.824421763420105
9,"1245",-0.842153370380402
9,"1246",0.748467266559601
9,"1247",-0.844038128852844
9,"1248",-1
9,"1249",-0.85505747795105
9,"1250",1
9,"1251",-0.834537744522095
9,"1252",0.928854882717133
9,"1253",-0.844038128852844
9,"1254",-0.844038128852844
9,"1255",0.0368696264922619
9,"1256",0.928877234458923
9,"1257",-0.766474723815918
9,"1258",-0.0353999249637127
9,"1259",0.00813974253833294
9,"1260",0.666651964187622
9,"1261",-0.793953597545624
9,"1262",-0.844038128852844
9,"1263",-0.835671365261078
9,"1264",0.259442895650864
10,"803",-0.29985585808754
10,"815",-0.83042961359024
10,"843",-0.799531996250153
10,"872",-0.00820856541395187
10,"915",-0.806034862995148
10,"986",0.0201266370713711
10,"1009",-0.879621565341949
10,"1012",1
10,"1013",-0.0502678044140339
10,"1015",1
10,"1017",-0.933144986629486
10,"1021",-0.660503089427948
10,"1025",-0.927944839000702
10,"1028",-0.663804113864899
10,"1038",0.268786251544952
10,"1039",-0.296538352966309
10,"1044",0.201706767082214
10,"1054",-0.714548289775848
10,"1056",0.368769973516464
10,"1059",-0.746702373027802
10,"1060",-0.743948876857758
10,"1061",0.0402711220085621
10,"1062",-0.725861787796021
10,"1065",-0.861196041107178
10,"1073",0.632682919502258
10,"1074",1
10,"1075",-0.810579001903534
10,"1077",0.0567203611135483
10,"1082",-1
10,"1086",0.594460606575012
10,"1087",0.457854390144348
10,"1099",0.038727518171072
10,"1100",-0.945301592350006
10,"1102",-0.743460059165955
10,"1104",-0.916888654232025
10,"1105",-0.0322285667061806
10,"1108",-0.736823558807373
10,"1110",0.0027848300524056
10,"1114",0.382597327232361
10,"1116",-0.148914784193039
10,"1117",1
10,"1119",-0.72325199842453
10,"1122",1
10,"1127",0.438924163579941
10,"1128",1
10,"1131",-0.657284259796143
10,"1132",-0.720748007297516
10,"1133",-0.933144986629486
10,"1140",-0.976190984249115
10,"1141",0.00277062505483627
10,"1142",0.270873427391052
10,"1143",-0.762816667556763
10,"1146",-0.929264962673187
10,"1148",NA
10,"1150",-0.945301592350006
10,"1152",-1
10,"1153",0.591938257217407
10,"1157",-0.686421155929565
10,"1159",1
10,"1165",-0.945428192615509
10,"1166",-0.567591369152069
10,"1170",-0.945301592350006
10,"1171",0.463682621717453
10,"1172",-0.940517008304596
10,"1173",1
10,"1174",-0.834649920463562
10,"1175",0.00661020679399371
10,"1176",-0.694867312908173
10,"1177",0.684086561203003
10,"1178",0.0437450483441353
10,"1180",0.472557097673416
10,"1181",0.278718888759613
10,"1182",-0.0343249812722206
10,"1183",-0.750488638877869
10,"1184",0.395192116498947
10,"1186",0.440429091453552
10,"1187",-0.933248341083527
10,"1188",1
10,"1189",0.648601531982422
10,"1190",-0.945301592350006
10,"1191",-0.945324957370758
10,"1192",-0.228051736950874
10,"1193",-0.32135197520256
10,"1194",-0.945301592350006
10,"1195",0.00277909287251532
10,"1196",-0.154001504182816
10,"1197",-0.758992671966553
10,"1198",-0.945301592350006
10,"1199",-0.872747778892517
10,"1200",-0.566921830177307
10,"1201",-0.298640877008438
10,"1202",-0.922005236148834
10,"1203",-0.933248341083527
10,"1204",0.271774739027023
10,"1205",0.0937838405370712
10,"1206",0.280690491199493
10,"1207",0.392507046461105
10,"1208",-0.0918948948383331
10,"1209",0.623438715934753
10,"1210",1
10,"1211",1
10,"1212",-1
10,"1213",1
10,"1214",-0.983779549598694
10,"1215",-0.969135105609894
10,"1216",-0.945460736751556
10,"1217",-1
10,"1218",-0.944101810455322
10,"1219",-0.723148286342621
10,"1220",-0.944984376430511
10,"1221",-0.945301592350006
10,"1222",0.33618900179863
10,"1223",-0.959969818592072
10,"1224",-0.0681398063898087
10,"1225",-0.944814443588257
10,"1226",0.013591998256743
10,"1227",-0.692624866962433
10,"1228",-1
10,"1229",-0.0698981359601021
10,"1230",-0.301420480012894
10,"1231",-0.70220148563385
10,"1232",-0.933173477649689
10,"1233",-0.85932993888855
10,"1234",-0.726459443569183
10,"1235",-0.43702295422554
10,"1236",-0.322075843811035
10,"1237",-0.743631780147552
10,"1238",-0.0526797063648701
10,"1239",-0.270152598619461
10,"1240",-0.300268679857254
10,"1241",0.059837780892849
10,"1242",-0.785881459712982
10,"1243",-0.293677449226379
10,"1244",-0.914523899555206
10,"1245",-0.944814443588257
10,"1246",0.318998068571091
10,"1247",-0.945301592350006
10,"1248",-1
10,"1249",-0.772736728191376
10,"1250",1
10,"1251",-0.918686926364899
10,"1252",0.462411969900131
10,"1253",-0.945301592350006
10,"1254",-0.945301592350006
10,"1255",-0.32187220454216
10,"1256",0.462363004684448
10,"1257",-0.702642261981964
10,"1258",-0.370643079280853
10,"1259",-0.320087224245071
10,"1260",0.294140040874481
10,"1261",-0.754158318042755
10,"1262",-0.945301592350006
10,"1263",-0.936128616333008
10,"1264",0.0480933375656605
11,"803",0.373760223388672
11,"815",-1
11,"843",-0.598880410194397
11,"872",0.302852958440781
11,"915",-0.542878687381744
11,"986",0.318276673555374
11,"1009",-0.671619117259979
11,"1012",0.985128879547119
11,"1013",0.293032735586166
11,"1015",0.758560419082642
11,"1017",-0.910983800888062
11,"1021",-0.420779287815094
11,"1025",-0.984952092170715
11,"1028",-0.438908308744431
11,"1038",0.570351779460907
11,"1039",0.30467876791954
11,"1044",0.551880478858948
11,"1054",-0.460160732269287
11,"1056",0.667409360408783
11,"1059",-0.48405510187149
11,"1060",-0.47943851351738
11,"1061",0.414129704236984
11,"1062",-0.394659489393234
11,"1065",-0.978050410747528
11,"1073",0.741943955421448
11,"1074",0.80471533536911
11,"1075",-0.495663225650787
11,"1077",0.4409499168396
11,"1082",-0.563217043876648
11,"1086",0.727175295352936
11,"1087",0.728329122066498
11,"1099",0.451264679431915
11,"1100",-1
11,"1102",-0.341732323169708
11,"1104",-0.968041241168976
11,"1105",0.384521633386612
11,"1108",-0.511551976203918
11,"1110",0.350724875926971
11,"1114",0.722506582736969
11,"1116",0.318880528211594
11,"1117",0.899323761463165
11,"1119",-0.429444760084152
11,"1122",0.976774930953979
11,"1127",0.750193417072296
11,"1128",0.921681880950928
11,"1131",-0.446685284376144
11,"1132",-0.426110625267029
11,"1133",-0.967399656772614
11,"1140",-1
11,"1141",0.346146166324615
11,"1142",0.588259875774384
11,"1143",-0.588684558868408
11,"1146",-1
11,"1148",0.642086863517761
11,"1150",-0.99965226650238
11,"1152",-0.469047129154205
11,"1153",0.714947700500488
11,"1157",-0.534131765365601
11,"1159",0.912230670452118
11,"1165",-0.99965226650238
11,"1166",-0.313853919506073
11,"1170",-0.964653193950653
11,"1171",0.750064969062805
11,"1172",-0.963976085186005
11,"1173",0.985128879547119
11,"1174",-1
11,"1175",0.337122678756714
11,"1176",-0.576877415180206
11,"1177",0.76282274723053
11,"1178",0.36683464050293
11,"1180",0.737348556518555
11,"1181",0.650468230247498
11,"1182",0.297717958688736
11,"1183",-0.606370151042938
11,"1184",0.740724086761475
11,"1186",0.740145266056061
11,"1187",-0.967282950878143
11,"1188",0.915112435817719
11,"1189",0.76615172624588
11,"1190",-0.999666512012482
11,"1191",-0.99878466129303
11,"1192",0.0651160031557083
11,"1193",0.0915874391794205
11,"1194",-0.999671638011932
11,"1195",0.382773190736771
11,"1196",0.293461918830872
11,"1197",-0.39763879776001
11,"1198",-0.998448371887207
11,"1199",-0.645512104034424
11,"1200",-0.144858583807945
11,"1201",0.0884638130664825
11,"1202",-0.986349821090698
11,"1203",-0.967263162136078
11,"1204",0.620704531669617
11,"1205",0.510339736938477
11,"1206",0.589809954166412
11,"1207",0.741768658161163
11,"1208",0.287372529506683
11,"1209",0.733050584793091
11,"1210",0.925882995128632
11,"1211",1
11,"1212",-0.555153727531433
11,"1213",0.915112555027008
11,"1214",-1
11,"1215",-0.56931746006012
11,"1216",-1
11,"1217",-0.56407356262207
11,"1218",-0.99965226650238
11,"1219",-0.547037303447723
11,"1220",-0.99965226650238
11,"1221",-1
11,"1222",0.713510453701019
11,"1223",-0.576253235340118
11,"1224",0.314854055643082
11,"1225",-1
11,"1226",0.390300631523132
11,"1227",-0.412872791290283
11,"1228",-0.56931746006012
11,"1229",0.291441261768341
11,"1230",0.0868310928344727
11,"1231",-0.510207891464233
11,"1232",-0.966908097267151
11,"1233",-1
11,"1234",-0.640253305435181
11,"1235",-0.123831808567047
11,"1236",0.16351281106472
11,"1237",-0.545297622680664
11,"1238",0.368559598922729
11,"1239",0.295652747154236
11,"1240",0.0372495055198669
11,"1241",0.445357441902161
11,"1242",-0.497237086296082
11,"1243",0.288076490163803
11,"1244",-0.729410529136658
11,"1245",-1
11,"1246",0.671088457107544
11,"1247",-0.999671638011932
11,"1248",-0.999671638011932
11,"1249",-0.68376886844635
11,"1250",0.928342223167419
11,"1251",-0.967282950878143
11,"1252",0.747194409370422
11,"1253",-0.999671638011932
11,"1254",-0.999671638011932
11,"1255",0.204633921384811
11,"1256",0.745291948318481
11,"1257",-0.550161600112915
11,"1258",0.131351292133331
11,"1259",-0.0330757834017277
11,"1260",0.624321758747101
11,"1261",-0.576465964317322
11,"1262",-0.998859763145447
11,"1263",-0.928198993206024
11,"1264",0.40280869603157
12,"803",0.494601309299469
12,"815",-0.743868470191956
12,"843",-0.568821966648102
12,"872",0.388553231954575
12,"915",-0.64481246471405
12,"986",0.464152604341507
12,"1009",-0.693792462348938
12,"1012",0.992159605026245
12,"1013",0.399559915065765
12,"1015",0.792476415634155
12,"1017",-0.942902982234955
12,"1021",-0.431050628423691
12,"1025",-0.965758800506592
12,"1028",-0.430896580219269
12,"1038",0.660293817520142
12,"1039",0.371021807193756
12,"1044",0.594435274600983
12,"1054",-0.441005259752274
12,"1056",0.705958485603333
12,"1059",-0.475893944501877
12,"1060",-0.463601738214493
12,"1061",0.519396066665649
12,"1062",-0.420223921537399
12,"1065",-0.638753056526184
12,"1073",0.812648952007294
12,"1074",0.879440009593964
12,"1075",-0.465725243091583
12,"1077",0.50224769115448
12,"1082",-0.708062350749969
12,"1086",0.796812951564789
12,"1087",0.786424160003662
12,"1099",0.535016059875488
12,"1100",-0.993722975254059
12,"1102",-0.371004343032837
12,"1104",-1
12,"1105",0.439858675003052
12,"1108",-0.504380166530609
12,"1110",0.448304861783981
12,"1114",0.692889869213104
12,"1116",0.395290523767471
12,"1117",0.932979345321655
12,"1119",-0.440951287746429
12,"1122",0.979841887950897
12,"1127",0.80853545665741
12,"1128",0.975717961788177
12,"1131",-0.444099634885788
12,"1132",-0.442508935928345
12,"1133",-0.966988801956177
12,"1140",-0.671814680099487
12,"1141",0.481976807117462
12,"1142",0.648869156837463
12,"1143",-0.576092183589935
12,"1146",-0.963858246803284
12,"1148",0.711012125015259
12,"1150",-0.990492284297943
12,"1152",-0.532244205474854
12,"1153",0.750251829624176
12,"1157",-0.506519913673401
12,"1159",0.936307013034821
12,"1165",-0.990621268749237
12,"1166",-0.334388017654419
12,"1170",-0.971944153308868
12,"1171",0.810329079627991
12,"1172",-0.962463736534119
12,"1173",0.992159605026245
12,"1174",-0.665053486824036
12,"1175",0.414489656686783
12,"1176",-0.563450694084167
12,"1177",0.799553215503693
12,"1178",0.459655910730362
12,"1180",0.792598485946655
12,"1181",0.730665326118469
12,"1182",0.415003627538681
12,"1183",-0.605487883090973
12,"1184",0.773926317691803
12,"1186",0.792405664920807
12,"1187",-0.966988801956177
12,"1188",0.937127470970154
12,"1189",0.831580936908722
12,"1190",-0.991596698760986
12,"1191",-0.991557121276855
12,"1192",0.0911150872707367
12,"1193",0.109826728701591
12,"1194",-0.991596698760986
12,"1195",0.48385101556778
12,"1196",0.408584833145142
12,"1197",-0.458781152963638
12,"1198",-0.991596698760986
12,"1199",-0.668799459934235
12,"1200",-0.220647171139717
12,"1201",0.107717223465443
12,"1202",-0.655310094356537
12,"1203",-0.966870307922363
12,"1204",0.683732926845551
12,"1205",0.596205234527588
12,"1206",0.703246355056763
12,"1207",0.737154304981232
12,"1208",0.416946560144424
12,"1209",0.80227530002594
12,"1210",0.945438802242279
12,"1211",1
12,"1212",-0.655111134052277
12,"1213",0.937288641929626
12,"1214",-0.685561537742615
12,"1215",-0.64738529920578
12,"1216",-0.993591010570526
12,"1217",-0.646374821662903
12,"1218",-0.991068124771118
12,"1219",-0.492184221744537
12,"1220",-0.991420149803162
12,"1221",-1
12,"1222",0.768982768058777
12,"1223",-0.657218873500824
12,"1224",0.418655455112457
12,"1225",-0.993399620056152
12,"1226",0.502470016479492
12,"1227",-0.437776118516922
12,"1228",-0.653985440731049
12,"1229",0.413461208343506
12,"1230",0.0998542532324791
12,"1231",-0.486425936222076
12,"1232",-0.966868221759796
12,"1233",-0.662858963012695
12,"1234",-0.641335070133209
12,"1235",-0.168477043509483
12,"1236",0.202139735221863
12,"1237",-0.564132988452911
12,"1238",0.445540606975555
12,"1239",0.348485231399536
12,"1240",0.0700401067733765
12,"1241",0.483778357505798
12,"1242",-0.46830627322197
12,"1243",0.341953009366989
12,"1244",-0.766969740390778
12,"1245",-0.991423785686493
12,"1246",0.729842901229858
12,"1247",-0.990492284297943
12,"1248",-0.990145087242126
12,"1249",-0.599029839038849
12,"1250",0.942092835903168
12,"1251",-0.938542187213898
12,"1252",0.81872171163559
12,"1253",-0.990492284297943
12,"1254",-0.990492284297943
12,"1255",0.271185696125031
12,"1256",0.815027058124542
12,"1257",-0.543066024780273
12,"1258",0.167936831712723
12,"1259",-0.0381541661918163
12,"1260",0.708631932735443
12,"1261",-0.578584671020508
12,"1262",-0.990492284297943
12,"1263",-0.94972437620163
12,"1264",0.508876919746399
13,"803",0.3815898001194
13,"815",-0.88510137796402
13,"843",-0.797913074493408
13,"872",0.248591855168343
13,"915",-0.809447348117828
13,"986",0.329651087522507
13,"1009",-0.857978641986847
13,"1012",0.993972897529602
13,"1013",0.255629897117615
13,"1015",0.83016699552536
13,"1017",-0.903265476226807
13,"1021",-0.843664050102234
13,"1025",-0.890408754348755
13,"1028",-0.740499973297119
13,"1038",0.68163013458252
13,"1039",0.191663727164268
13,"1044",0.593693673610687
13,"1054",-0.746347963809967
13,"1056",0.710627496242523
13,"1059",-0.848239421844482
13,"1060",-0.805318772792816
13,"1061",0.370988249778748
13,"1062",-0.723599553108215
13,"1065",-0.902561902999878
13,"1073",0.84258097410202
13,"1074",0.878111243247986
13,"1075",-0.883674323558807
13,"1077",0.357166051864624
13,"1082",-1
13,"1086",0.809072434902191
13,"1087",0.843584656715393
13,"1099",0.414269745349884
13,"1100",-0.90804785490036
13,"1102",-0.646007478237152
13,"1104",-0.909594178199768
13,"1105",0.316291004419327
13,"1108",-0.739763736724854
13,"1110",0.292535960674286
13,"1114",0.745643675327301
13,"1116",0.232126444578171
13,"1117",0.940423607826233
13,"1119",-0.740478754043579
13,"1122",0.977850735187531
13,"1127",0.871313691139221
13,"1128",0.95636522769928
13,"1131",-0.753590643405914
13,"1132",-0.821077764034271
13,"1133",-0.908907294273376
13,"1140",-1
13,"1141",0.38363179564476
13,"1142",0.623559474945068
13,"1143",-0.814236223697662
13,"1146",-0.874777615070343
13,"1148",0.694493889808655
13,"1150",-0.910256803035736
13,"1152",-0.930833697319031
13,"1153",0.807513952255249
13,"1157",-0.764397263526917
13,"1159",0.942486822605133
13,"1165",-0.910256803035736
13,"1166",-0.611152827739716
13,"1170",-0.90473210811615
13,"1171",0.867284834384918
13,"1172",-0.889443874359131
13,"1173",0.993972897529602
13,"1174",-0.859721541404724
13,"1175",0.274449050426483
13,"1176",-0.842616200447083
13,"1177",0.794849574565887
13,"1178",0.315353482961655
13,"1180",0.840824007987976
13,"1181",0.69847297668457
13,"1182",0.287605375051498
13,"1183",-0.776801764965057
13,"1184",0.854735016822815
13,"1186",0.856409132480621
13,"1187",-0.908907294273376
13,"1188",0.94588565826416
13,"1189",0.872653961181641
13,"1190",-0.910256803035736
13,"1191",-0.908165514469147
13,"1192",-0.128143414855003
13,"1193",-0.112737573683262
13,"1194",-0.910256803035736
13,"1195",0.325907200574875
13,"1196",0.267257124185562
13,"1197",-0.734931409358978
13,"1198",-0.908165514469147
13,"1199",-0.825617849826813
13,"1200",-0.462882906198502
13,"1201",-0.10363507270813
13,"1202",-1
13,"1203",-0.908907294273376
13,"1204",0.672565400600433
13,"1205",0.475970447063446
13,"1206",0.703657448291779
13,"1207",0.840753793716431
13,"1208",0.258939802646637
13,"1209",0.850881278514862
13,"1210",0.951564788818359
13,"1211",1
13,"1212",-1
13,"1213",0.94588565826416
13,"1214",-1
13,"1215",-1
13,"1216",-0.908165514469147
13,"1217",-1
13,"1218",-0.908168911933899
13,"1219",-0.761092245578766
13,"1220",-0.909836649894714
13,"1221",-0.910336077213287
13,"1222",0.820514261722565
13,"1223",-1
13,"1224",0.266118496656418
13,"1225",-0.908705234527588
13,"1226",0.342531800270081
13,"1227",-0.793989181518555
13,"1228",-1
13,"1229",0.256081163883209
13,"1230",-0.125591814517975
13,"1231",-0.790628373622894
13,"1232",-0.908904552459717
13,"1233",-0.899449467658997
13,"1234",-0.989838540554047
13,"1235",-0.426698267459869
13,"1236",-0.0176190920174122
13,"1237",-0.83813863992691
13,"1238",0.290490239858627
13,"1239",0.159257635474205
13,"1240",-0.158155545592308
13,"1241",0.384287506341934
13,"1242",-0.853498935699463
13,"1243",0.148909240961075
13,"1244",-0.882905960083008
13,"1245",-0.908936083316803
13,"1246",0.700244903564453
13,"1247",-0.910256803035736
13,"1248",-1
13,"1249",-0.944243133068085
13,"1250",0.94720470905304
13,"1251",-0.907030820846558
13,"1252",0.868368566036224
13,"1253",-0.910256803035736
13,"1254",-0.910256803035736
13,"1255",0.073605515062809
13,"1256",0.861016631126404
13,"1257",-0.801904201507568
13,"1258",-0.0492034666240215
13,"1259",-0.271926134824753
13,"1260",0.677969694137573
13,"1261",-0.892645597457886
13,"1262",-0.908165514469147
13,"1263",-0.90473210811615
13,"1264",0.365559577941895
14,"803",0.14921709895134
14,"815",-0.751502931118011
14,"843",-0.766736567020416
14,"872",0.175399273633957
14,"915",-0.806633353233337
14,"986",0.24245910346508
14,"1009",-0.727265536785126
14,"1012",1
14,"1013",0.212701976299286
14,"1015",0.970547139644623
14,"1017",-0.759821951389313
14,"1021",-0.829724550247192
14,"1025",-0.711331784725189
14,"1028",-0.698749542236328
14,"1038",0.57609760761261
14,"1039",0.0343468636274338
14,"1044",0.482527583837509
14,"1054",-0.67387467622757
14,"1056",0.700193881988525
14,"1059",-0.816859722137451
14,"1060",-0.768916964530945
14,"1061",0.210392206907272
14,"1062",-0.582249283790588
14,"1065",-0.808715283870697
14,"1073",1
14,"1074",0.859459340572357
14,"1075",-0.916238367557526
14,"1077",0.229361653327942
14,"1082",-1
14,"1086",0.834224343299866
14,"1087",0.987180411815643
14,"1099",0.240324854850769
14,"1100",-0.776058971881866
14,"1102",-0.695597410202026
14,"1104",-0.768787562847137
14,"1105",0.239607810974121
14,"1108",-0.676896810531616
14,"1110",0.158275082707405
14,"1114",0.821970164775848
14,"1116",0.160224586725235
14,"1117",1
14,"1119",-0.676109910011292
14,"1122",1
14,"1127",0.939796507358551
14,"1128",1
14,"1131",-0.694600403308868
14,"1132",-0.724511325359344
14,"1133",-0.771277546882629
14,"1140",-0.967729449272156
14,"1141",0.236342072486877
14,"1142",0.58404529094696
14,"1143",-0.683173418045044
14,"1146",-0.755639910697937
14,"1148",NA
14,"1150",-0.776168882846832
14,"1152",-0.999981760978699
14,"1153",0.974711179733276
14,"1157",-0.670885264873505
14,"1159",1
14,"1165",-0.776168882846832
14,"1166",-0.641972124576569
14,"1170",-0.765248835086823
14,"1171",0.965373456478119
14,"1172",-0.758090615272522
14,"1173",1
14,"1174",-0.740476012229919
14,"1175",0.140682846307755
14,"1176",-0.679237306118011
14,"1177",0.89828497171402
14,"1178",0.161976352334023
14,"1180",0.825860798358917
14,"1181",0.664064884185791
14,"1182",0.208893910050392
14,"1183",-0.708842515945435
14,"1184",0.800426065921783
14,"1186",0.933368325233459
14,"1187",-0.771464824676514
14,"1188",1
14,"1189",0.980157196521759
14,"1190",-0.776168882846832
14,"1191",-0.776211202144623
14,"1192",-0.00825127493590117
14,"1193",-0.0371475331485271
14,"1194",-0.776168882846832
14,"1195",0.122698299586773
14,"1196",0.0906244739890099
14,"1197",-0.72682648897171
14,"1198",-0.776168882846832
14,"1199",-0.840257465839386
14,"1200",-0.329249083995819
14,"1201",-0.0389336012303829
14,"1202",-0.936710298061371
14,"1203",-0.771464824676514
14,"1204",0.625591635704041
14,"1205",0.389936596155167
14,"1206",0.649357199668884
14,"1207",0.800099611282349
14,"1208",0.142388358712196
14,"1209",0.890215873718262
14,"1210",1
14,"1211",1
14,"1212",-1
14,"1213",1
14,"1214",-0.969782531261444
14,"1215",-0.988370001316071
14,"1216",-0.776212275028229
14,"1217",-1
14,"1218",-0.776168882846832
14,"1219",-0.705970823764801
14,"1220",-0.776168882846832
14,"1221",-0.776168882846832
14,"1222",0.949717700481415
14,"1223",-1
14,"1224",0.167534023523331
14,"1225",-0.776119351387024
14,"1226",0.194634094834328
14,"1227",-0.820194780826569
14,"1228",-1
14,"1229",0.162253767251968
14,"1230",-0.0312731303274632
14,"1231",-0.720568001270294
14,"1232",-0.771464824676514
14,"1233",-0.85845559835434
14,"1234",-0.795589506626129
14,"1235",-0.20675702393055
14,"1236",-0.038059376180172
14,"1237",-0.717013120651245
14,"1238",0.246773943305016
14,"1239",-0.00266341608949006
14,"1240",-0.0677110999822617
14,"1241",0.350762933492661
14,"1242",-0.845098078250885
14,"1243",-0.0165444985032082
14,"1244",-0.769198298454285
14,"1245",-0.775990009307861
14,"1246",0.650952160358429
14,"1247",-0.776168882846832
14,"1248",-1
14,"1249",-0.862949669361115
14,"1250",1
14,"1251",-0.769085168838501
14,"1252",0.964720726013184
14,"1253",-0.776168882846832
14,"1254",-0.776168882846832
14,"1255",-0.0492705106735229
14,"1256",0.964759588241577
14,"1257",-0.708286702632904
14,"1258",-0.047439269721508
14,"1259",-0.0551801361143589
14,"1260",0.653406620025635
14,"1261",-0.772947490215302
14,"1262",-0.776168882846832
14,"1263",-0.760900914669037
14,"1264",0.214949756860733
15,"803",0.338312327861786
15,"815",-0.853473305702209
15,"843",-0.894109845161438
15,"872",0.201431274414062
15,"915",-1
15,"986",0.485635906457901
15,"1009",-0.939205527305603
15,"1012",0.99560159444809
15,"1013",0.40701150894165
15,"1015",0.840867221355438
15,"1017",-0.948783934116364
15,"1021",-0.927466511726379
15,"1025",-0.941944122314453
15,"1028",-0.779586136341095
15,"1038",0.618581831455231
15,"1039",0.206739887595177
15,"1044",0.59089583158493
15,"1054",-0.734625458717346
15,"1056",0.747276544570923
15,"1059",-0.944920539855957
15,"1060",-0.802073240280151
15,"1061",0.498871862888336
15,"1062",-0.689347445964813
15,"1065",-0.866929411888123
15,"1073",0.818822801113129
15,"1074",0.853416740894318
15,"1075",-1
15,"1077",0.486707240343094
15,"1082",-1
15,"1086",0.818402171134949
15,"1087",0.81610119342804
15,"1099",0.515019953250885
15,"1100",-0.952748656272888
15,"1102",-0.674467623233795
15,"1104",-0.95362401008606
15,"1105",0.303023457527161
15,"1108",-0.759450018405914
15,"1110",0.446403920650482
15,"1114",0.818543434143066
15,"1116",0.226986184716225
15,"1117",0.961946606636047
15,"1119",-0.756960451602936
15,"1122",0.983807146549225
15,"1127",0.851111531257629
15,"1128",0.973491370677948
15,"1131",-0.840725600719452
15,"1132",-0.797062635421753
15,"1133",-0.953576385974884
15,"1140",-0.956713974475861
15,"1141",0.496209502220154
15,"1142",0.629870176315308
15,"1143",-0.811770021915436
15,"1146",-0.94234961271286
15,"1148",0.703892111778259
15,"1150",-0.953584313392639
15,"1152",-0.966741979122162
15,"1153",0.825649738311768
15,"1157",-0.781507015228271
15,"1159",0.960390686988831
15,"1165",-0.953584313392639
15,"1166",-0.595285713672638
15,"1170",-0.948805451393127
15,"1171",0.849537193775177
15,"1172",-0.942100048065186
15,"1173",0.99560159444809
15,"1174",-0.855861485004425
15,"1175",0.444294571876526
15,"1176",-0.833116829395294
15,"1177",0.831512153148651
15,"1178",0.453283220529556
15,"1180",0.82874596118927
15,"1181",0.710413157939911
15,"1182",0.425203949213028
15,"1183",-0.772275388240814
15,"1184",0.826316356658936
15,"1186",0.843378901481628
15,"1187",-0.953584313392639
15,"1188",0.960525333881378
15,"1189",0.86297082901001
15,"1190",-0.953584313392639
15,"1191",-0.952893912792206
15,"1192",-0.129661664366722
15,"1193",-0.102474622428417
15,"1194",-0.953584313392639
15,"1195",0.311751484870911
15,"1196",0.248869389295578
15,"1197",-0.733406901359558
15,"1198",-0.952875137329102
15,"1199",-0.861353039741516
15,"1200",-0.470996469259262
15,"1201",-0.0880853310227394
15,"1202",-0.967151880264282
15,"1203",-0.953584313392639
15,"1204",0.671192705631256
15,"1205",0.578107953071594
15,"1206",0.664839744567871
15,"1207",0.826819896697998
15,"1208",0.252321273088455
15,"1209",0.847937941551208
15,"1210",0.964988470077515
15,"1211",1
15,"1212",-1
15,"1213",0.960525333881378
15,"1214",-0.977019608020782
15,"1215",-1
15,"1216",-0.952825665473938
15,"1217",-1
15,"1218",-0.9488325715065
15,"1219",-0.852166652679443
15,"1220",-0.952874183654785
15,"1221",-0.953800797462463
15,"1222",0.835280239582062
15,"1223",-1
15,"1224",0.270264387130737
15,"1225",-0.952826261520386
15,"1226",0.436722815036774
15,"1227",-0.881920218467712
15,"1228",-1
15,"1229",0.25523841381073
15,"1230",-0.114028699696064
15,"1231",-0.775485336780548
15,"1232",-0.953596115112305
15,"1233",-0.88070422410965
15,"1234",-0.876271545886993
15,"1235",-0.397378236055374
15,"1236",-0.00214849342592061
15,"1237",-0.917899191379547
15,"1238",0.304362535476685
15,"1239",0.186611220240593
15,"1240",-0.148604199290276
15,"1241",0.359588503837585
15,"1242",-0.91743016242981
15,"1243",0.176900118589401
15,"1244",-0.924580276012421
15,"1245",-0.952902793884277
15,"1246",0.712202370166779
15,"1247",-0.953584313392639
15,"1248",-1
15,"1249",-0.910812735557556
15,"1250",0.959651410579681
15,"1251",-0.953584313392639
15,"1252",0.848426222801208
15,"1253",-0.953584313392639
15,"1254",-0.953584313392639
15,"1255",0.0806768611073494
15,"1256",0.845163226127625
15,"1257",-0.79483962059021
15,"1258",-0.02813227660954
15,"1259",-0.265644401311874
15,"1260",0.666847050189972
15,"1261",-1
15,"1262",-0.952875137329102
15,"1263",-0.948805451393127
15,"1264",0.512394726276398
16,"803",0.297502219676971
16,"815",-0.840493500232697
16,"843",-0.787752985954285
16,"872",0.220327004790306
16,"915",-0.909172654151917
16,"986",0.264028459787369
16,"1009",-0.848397850990295
16,"1012",0.985902309417725
16,"1013",0.199987068772316
16,"1015",0.697746992111206
16,"1017",-0.857241928577423
16,"1021",-0.812651753425598
16,"1025",-0.84355217218399
16,"1028",-0.697301030158997
16,"1038",0.564023554325104
16,"1039",0.141485452651978
16,"1044",0.487170159816742
16,"1054",-0.690374672412872
16,"1056",0.628915131092072
16,"1059",-0.852177739143372
16,"1060",-0.778754532337189
16,"1061",0.33738186955452
16,"1062",-0.688342928886414
16,"1065",-0.905044794082642
16,"1073",0.698357343673706
16,"1074",0.812756717205048
16,"1075",-0.939331233501434
16,"1077",0.337767690420151
16,"1082",-1
16,"1086",0.679097712039948
16,"1087",0.668040692806244
16,"1099",0.366853684186935
16,"1100",-0.864082753658295
16,"1102",-0.695243418216705
16,"1104",-0.855033814907074
16,"1105",0.275221109390259
16,"1108",-0.698439538478851
16,"1110",0.25872066617012
16,"1114",0.580000758171082
16,"1116",0.188766077160835
16,"1117",0.882409572601318
16,"1119",-0.705501616001129
16,"1122",0.977410197257996
16,"1127",0.679457306861877
16,"1128",0.89344996213913
16,"1131",-0.684458494186401
16,"1132",-0.746365427970886
16,"1133",-0.860755860805511
16,"1140",-1
16,"1141",0.283040136098862
16,"1142",0.537129819393158
16,"1143",-0.800196766853333
16,"1146",-0.851967453956604
16,"1148",0.582336366176605
16,"1150",-0.864850342273712
16,"1152",-1
16,"1153",0.644077181816101
16,"1157",-0.73801326751709
16,"1159",0.884335815906525
16,"1165",-0.864850342273712
16,"1166",-0.592020630836487
16,"1170",-0.861506581306458
16,"1171",0.694875001907349
16,"1172",-0.855911791324615
16,"1173",0.985902309417725
16,"1174",-0.829842329025269
16,"1175",0.247055143117905
16,"1176",-0.764866888523102
16,"1177",0.701406717300415
16,"1178",0.276183605194092
16,"1180",0.681205689907074
16,"1181",0.591777086257935
16,"1182",0.218641638755798
16,"1183",-0.761504173278809
16,"1184",0.64948695898056
16,"1186",0.67149543762207
16,"1187",-0.860799252986908
16,"1188",0.886939108371735
16,"1189",0.728593647480011
16,"1190",-0.864850342273712
16,"1191",-0.864136040210724
16,"1192",-0.170023426413536
16,"1193",-0.144049316644669
16,"1194",-0.864850342273712
16,"1195",0.29767519235611
16,"1196",0.202398300170898
16,"1197",-0.708605170249939
16,"1198",-0.864152431488037
16,"1199",-0.932356536388397
16,"1200",-0.474500000476837
16,"1201",-0.140904545783997
16,"1202",-1
16,"1203",-0.860799252986908
16,"1204",0.575077891349792
16,"1205",0.432897180318832
16,"1206",0.557583391666412
16,"1207",0.630146443843842
16,"1208",0.202095627784729
16,"1209",0.668104708194733
16,"1210",0.897757768630981
16,"1211",1
16,"1212",-1
16,"1213",0.886939108371735
16,"1214",-1
16,"1215",-1
16,"1216",-0.864042639732361
16,"1217",-1
16,"1218",-0.860820949077606
16,"1219",-0.74003678560257
16,"1220",-0.864016950130463
16,"1221",-0.86492919921875
16,"1222",0.658330917358398
16,"1223",-1
16,"1224",0.227975219488144
16,"1225",-0.864406645298004
16,"1226",0.312618881464005
16,"1227",-0.812744081020355
16,"1228",-1
16,"1229",0.198817119002342
16,"1230",-0.152515947818756
16,"1231",-0.730535209178925
16,"1232",-0.860821545124054
16,"1233",-0.980030596256256
16,"1234",-0.899421095848083
16,"1235",-0.428205877542496
16,"1236",-0.0526255369186401
16,"1237",-0.802713513374329
16,"1238",0.265068501234055
16,"1239",0.134390071034431
16,"1240",-0.197817444801331
16,"1241",0.33521357178688
16,"1242",-0.855579614639282
16,"1243",0.119284138083458
16,"1244",-0.831969499588013
16,"1245",-0.864581525325775
16,"1246",0.59100741147995
16,"1247",-0.864850342273712
16,"1248",-1
16,"1249",-0.995555818080902
16,"1250",0.897851884365082
16,"1251",-0.856949865818024
16,"1252",0.694336950778961
16,"1253",-0.864850342273712
16,"1254",-0.864850342273712
16,"1255",0.0270142517983913
16,"1256",0.69220632314682
16,"1257",-0.765776216983795
16,"1258",-0.0909509882330894
16,"1259",-0.308095484972
16,"1260",0.580803215503693
16,"1261",-0.884253919124603
16,"1262",-0.864152431488037
16,"1263",-0.859337270259857
16,"1264",0.319900780916214
17,"803",0.226765781641006
17,"815",-0.450465679168701
17,"843",-0.484016478061676
17,"872",0.304417073726654
17,"915",-0.452759802341461
17,"986",0.358495622873306
17,"1009",-0.485219269990921
17,"1012",0.959508180618286
17,"1013",0.326590180397034
17,"1015",0.822792291641235
17,"1017",-0.898553848266602
17,"1021",-0.401335716247559
17,"1025",-0.936105847358704
17,"1028",-0.365781128406525
17,"1038",0.514999628067017
17,"1039",0.179051458835602
17,"1044",0.454846739768982
17,"1054",-0.383805185556412
17,"1056",0.602390944957733
17,"1059",-0.375345051288605
17,"1060",-0.383233636617661
17,"1061",0.348959565162659
17,"1062",-0.295359075069427
17,"1065",-0.438226252794266
17,"1073",0.892248570919037
17,"1074",0.816922843456268
17,"1075",-0.412961393594742
17,"1077",0.401947498321533
17,"1082",-0.491985976696014
17,"1086",0.735345602035522
17,"1087",0.882373094558716
17,"1099",0.403395265340805
17,"1100",-0.998592615127563
17,"1102",-0.365166276693344
17,"1104",-0.925602197647095
17,"1105",0.325382620096207
17,"1108",-0.446394056081772
17,"1110",0.334539294242859
17,"1114",0.750341832637787
17,"1116",0.293313413858414
17,"1117",0.998238444328308
17,"1119",-0.388713270425797
17,"1122",0.959798097610474
17,"1127",0.809999704360962
17,"1128",0.902579009532928
17,"1131",-0.41445791721344
17,"1132",-0.356774151325226
17,"1133",-0.962796151638031
17,"1140",-0.455581367015839
17,"1141",0.347031056880951
17,"1142",0.541462242603302
17,"1143",-0.390319675207138
17,"1146",-1
17,"1148",NA
17,"1150",-0.969935178756714
17,"1152",-0.459670841693878
17,"1153",0.839080393314362
17,"1157",-0.368096619844437
17,"1159",0.940257489681244
17,"1165",-0.96928995847702
17,"1166",-0.291817605495453
17,"1170",-0.911944150924683
17,"1171",0.831052422523499
17,"1172",-0.891929984092712
17,"1173",0.959508180618286
17,"1174",-0.441954433917999
17,"1175",0.308109521865845
17,"1176",-0.440583258867264
17,"1177",0.808489561080933
17,"1178",0.345533818006516
17,"1180",0.733773946762085
17,"1181",0.573037922382355
17,"1182",0.331390887498856
17,"1183",-0.394969344139099
17,"1184",0.729813814163208
17,"1186",0.810296714305878
17,"1187",-0.961842775344849
17,"1188",0.959508180618286
17,"1189",0.837190568447113
17,"1190",-0.969307899475098
17,"1191",-0.96861058473587
17,"1192",0.167038396000862
17,"1193",0.159359574317932
17,"1194",-0.968626320362091
17,"1195",0.338373124599457
17,"1196",0.21813277900219
17,"1197",-0.419119775295258
17,"1198",-0.968618929386139
17,"1199",-0.407361626625061
17,"1200",-0.0922590419650078
17,"1201",0.157082363963127
17,"1202",-0.443295329809189
17,"1203",-0.961798012256622
17,"1204",0.544034540653229
17,"1205",0.449137151241302
17,"1206",0.570165634155273
17,"1207",0.720764696598053
17,"1208",0.287442862987518
17,"1209",0.773917675018311
17,"1210",0.960019648075104
17,"1211",1
17,"1212",-0.479483991861343
17,"1213",0.959508180618286
17,"1214",-0.465616911649704
17,"1215",-0.480475246906281
17,"1216",-0.969727516174316
17,"1217",-0.498153030872345
17,"1218",-0.96967077255249
17,"1219",-0.437542647123337
17,"1220",-0.969671308994293
17,"1221",-0.969308078289032
17,"1222",0.901315212249756
17,"1223",-0.492241233587265
17,"1224",0.295173168182373
17,"1225",-1
17,"1226",0.342695713043213
17,"1227",-0.354478925466537
17,"1228",-0.484264671802521
17,"1229",0.295300960540771
17,"1230",0.161405995488167
17,"1231",-0.408594161272049
17,"1232",-0.96181458234787
17,"1233",-0.450699806213379
17,"1234",-0.427072286605835
17,"1235",-0.00697149941697717
17,"1236",0.159168437123299
17,"1237",-0.465471655130386
17,"1238",0.34211790561676
17,"1239",0.178311094641685
17,"1240",0.158538922667503
17,"1241",0.390763938426971
17,"1242",-0.401482731103897
17,"1243",0.164342194795609
17,"1244",-0.919426083564758
17,"1245",-0.969042956829071
17,"1246",0.542818009853363
17,"1247",-0.968563199043274
17,"1248",-0.969690263271332
17,"1249",-0.448913663625717
17,"1250",0.944998145103455
17,"1251",-0.925652086734772
17,"1252",0.830956876277924
17,"1253",-0.969045042991638
17,"1254",-0.969045042991638
17,"1255",0.144627869129181
17,"1256",0.830905735492706
17,"1257",-0.431849539279938
17,"1258",0.159359574317932
17,"1259",0.149088054895401
17,"1260",0.571070611476898
17,"1261",-0.4776970744133
17,"1262",-0.96841961145401
17,"1263",-0.898280441761017
17,"1264",0.363621294498444
18,"803",0.299501001834869
18,"815",-0.553808808326721
18,"843",-0.471052795648575
18,"872",0.254323124885559
18,"915",-0.537270605564117
18,"986",0.35981822013855
18,"1009",-0.597919583320618
18,"1012",0.994591176509857
18,"1013",0.310999125242233
18,"1015",0.784920692443848
18,"1017",-0.984462261199951
18,"1021",-0.413948357105255
18,"1025",-1
18,"1028",-0.423951536417007
18,"1038",0.580016732215881
18,"1039",0.267440408468246
18,"1044",0.525283575057983
18,"1054",-0.438581764698029
18,"1056",0.642369985580444
18,"1059",-0.422992497682571
18,"1060",-0.442267924547195
18,"1061",0.408072263002396
18,"1062",-0.390969455242157
18,"1065",-0.586047470569611
18,"1073",0.763238370418549
18,"1074",0.773648917675018
18,"1075",-0.445208102464676
18,"1077",0.402767360210419
18,"1082",-0.511571049690247
18,"1086",0.721149325370789
18,"1087",0.73125147819519
18,"1099",0.424047827720642
18,"1100",-1
18,"1102",-0.363098621368408
18,"1104",-0.928326010704041
18,"1105",0.314700663089752
18,"1108",-0.470090091228485
18,"1110",0.35609295964241
18,"1114",0.696370840072632
18,"1116",0.274857014417648
18,"1117",0.934671342372894
18,"1119",-0.414733558893204
18,"1122",0.988564848899841
18,"1127",0.752405226230621
18,"1128",0.928778111934662
18,"1131",-0.438471078872681
18,"1132",-0.419418513774872
18,"1133",-0.997984170913696
18,"1140",-0.58055567741394
18,"1141",0.365568101406097
18,"1142",0.558269798755646
18,"1143",-0.548973858356476
18,"1146",-1
18,"1148",0.650458216667175
18,"1150",-1
18,"1152",-0.444341212511063
18,"1153",0.764690518379211
18,"1157",-0.483679085969925
18,"1159",0.935771107673645
18,"1165",-0.99958211183548
18,"1166",-0.300287783145905
18,"1170",-0.987082958221436
18,"1171",0.757754981517792
18,"1172",-0.984305620193481
18,"1173",0.994591176509857
18,"1174",-0.556145966053009
18,"1175",0.341802448034286
18,"1176",-0.517773032188416
18,"1177",0.758732676506042
18,"1178",0.372220456600189
18,"1180",0.729723691940308
18,"1181",0.617361843585968
18,"1182",0.333615988492966
18,"1183",-0.47785222530365
18,"1184",0.709892272949219
18,"1186",0.738108098506927
18,"1187",-0.996671140193939
18,"1188",0.938781082630157
18,"1189",0.789559841156006
18,"1190",-0.999616384506226
18,"1191",-1
18,"1192",0.0481444224715233
18,"1193",0.0523801483213902
18,"1194",-0.999512255191803
18,"1195",0.362218052148819
18,"1196",0.253773868083954
18,"1197",-0.402272492647171
18,"1198",-0.999447762966156
18,"1199",-0.506418108940125
18,"1200",-0.201975971460342
18,"1201",0.0528339184820652
18,"1202",-0.553098738193512
18,"1203",-0.996671140193939
18,"1204",0.579685151576996
18,"1205",0.475408285856247
18,"1206",0.602724015712738
18,"1207",0.72227019071579
18,"1208",0.282433182001114
18,"1209",0.760091483592987
18,"1210",0.947476506233215
18,"1211",1
18,"1212",-0.544865250587463
18,"1213",0.938781082630157
18,"1214",-0.582982003688812
18,"1215",-0.545572757720947
18,"1216",-1
18,"1217",-0.553893327713013
18,"1218",-1
18,"1219",-0.480988353490829
18,"1220",-0.999616384506226
18,"1221",-1
18,"1222",0.723750174045563
18,"1223",-0.557341694831848
18,"1224",0.290201753377914
18,"1225",-1
18,"1226",0.389610916376114
18,"1227",-0.397587507963181
18,"1228",-0.545572757720947
18,"1229",0.283613592386246
18,"1230",0.0474550016224384
18,"1231",-0.454006642103195
18,"1232",-0.996540129184723
18,"1233",-0.544982373714447
18,"1234",-0.544745922088623
18,"1235",-0.187859535217285
18,"1236",0.128804787993431
18,"1237",-0.564433991909027
18,"1238",0.312340319156647
18,"1239",0.252860963344574
18,"1240",0.0409554503858089
18,"1241",0.370196282863617
18,"1242",-0.43548196554184
18,"1243",0.237947449088097
18,"1244",-0.697063207626343
18,"1245",-0.999481439590454
18,"1246",0.622133731842041
18,"1247",-0.999511420726776
18,"1248",-0.999577343463898
18,"1249",-0.538608610630035
18,"1250",0.940458655357361
18,"1251",-0.914483070373535
18,"1252",0.751056730747223
18,"1253",-0.999512255191803
18,"1254",-0.999643206596375
18,"1255",0.187220260500908
18,"1256",0.749836921691895
18,"1257",-0.473888993263245
18,"1258",0.0994319394230843
18,"1259",-0.0463509075343609
18,"1260",0.59356826543808
18,"1261",-0.560803771018982
18,"1262",-0.999122023582458
18,"1263",-0.987082958221436
18,"1264",0.412207514047623
19,"803",0.22619204223156
19,"815",-0.445255130529404
19,"843",-0.364894926548004
19,"872",0.197326362133026
19,"915",-0.411328166723251
19,"986",0.232831448316574
19,"1009",-0.431634575128555
19,"1012",0.974652171134949
19,"1013",0.210215330123901
19,"1015",0.724291205406189
19,"1017",-0.442613065242767
19,"1021",-0.286539644002914
19,"1025",-0.426660418510437
19,"1028",-0.273018449544907
19,"1038",0.454205065965652
19,"1039",0.0762622132897377
19,"1044",0.353204309940338
19,"1054",-0.269696921110153
19,"1056",0.521353542804718
19,"1059",-0.295551985502243
19,"1060",-0.301234513521194
19,"1061",0.210456654429436
19,"1062",-0.207182288169861
19,"1065",-0.446433991193771
19,"1073",0.750794410705566
19,"1074",0.764070630073547
19,"1075",-0.372545927762985
19,"1077",0.145188942551613
19,"1082",-0.738215565681458
19,"1086",0.62781023979187
19,"1087",0.678486526012421
19,"1099",0.177592769265175
19,"1100",-0.455512404441833
19,"1102",-0.28594172000885
19,"1104",-0.442647606134415
19,"1105",0.222071647644043
19,"1108",-0.256035000085831
19,"1110",0.125719457864761
19,"1114",0.614416062831879
19,"1116",0.173150286078453
19,"1117",0.974301159381866
19,"1119",-0.30682784318924
19,"1122",0.974652171134949
19,"1127",0.672732174396515
19,"1128",0.974652171134949
19,"1131",-0.274427652359009
19,"1132",-0.267554521560669
19,"1133",-0.449506342411041
19,"1140",-1
19,"1141",0.233688056468964
19,"1142",0.44357442855835
19,"1143",-0.287240236997604
19,"1146",-0.44351926445961
19,"1148",NA
19,"1150",-0.45511919260025
19,"1152",-0.707936346530914
19,"1153",0.69455474615097
19,"1157",-0.283404171466827
19,"1159",0.975429654121399
19,"1165",-0.45511919260025
19,"1166",-0.229127556085587
19,"1170",-0.448423862457275
19,"1171",0.683184504508972
19,"1172",-0.443518936634064
19,"1173",0.974642217159271
19,"1174",-0.413891166448593
19,"1175",0.141078010201454
19,"1176",-0.332766741514206
19,"1177",0.631201684474945
19,"1178",0.122056923806667
19,"1180",0.622983515262604
19,"1181",0.495280683040619
19,"1182",0.222087204456329
19,"1183",-0.321998834609985
19,"1184",0.627313494682312
19,"1186",0.670104026794434
19,"1187",-0.449506342411041
19,"1188",0.974652171134949
19,"1189",0.711144149303436
19,"1190",-0.45511919260025
19,"1191",-0.455559134483337
19,"1192",-0.0246633384376764
19,"1193",-0.0108163747936487
19,"1194",-0.45511919260025
19,"1195",0.0901363119482994
19,"1196",0.187168806791306
19,"1197",-0.269169807434082
19,"1198",-0.45511919260025
19,"1199",-0.580809831619263
19,"1200",-0.141042545437813
19,"1201",-0.0133606372401118
19,"1202",-0.761130630970001
19,"1203",-0.449506342411041
19,"1204",0.480782300233841
19,"1205",0.329740136861801
19,"1206",0.497035324573517
19,"1207",0.632060766220093
19,"1208",0.191707193851471
19,"1209",0.674042284488678
19,"1210",0.974642217159271
19,"1211",1
19,"1212",-0.578234851360321
19,"1213",0.974649131298065
19,"1214",-0.993396699428558
19,"1215",-0.50514280796051
19,"1216",-0.455386877059937
19,"1217",-0.502130031585693
19,"1218",-0.451829850673676
19,"1219",-0.300260692834854
19,"1220",-0.454485028982162
19,"1221",-0.45511919260025
19,"1222",0.744187653064728
19,"1223",-0.525882363319397
19,"1224",0.202062621712685
19,"1225",-0.455049782991409
19,"1226",0.199439898133278
19,"1227",-0.291926056146622
19,"1228",-0.549885988235474
19,"1229",0.22356641292572
19,"1230",-0.00441183662042022
19,"1231",-0.313385277986526
19,"1232",-0.449506342411041
19,"1233",-0.565278708934784
19,"1234",-0.397946864366531
19,"1235",-0.130735352635384
19,"1236",-0.0127511117607355
19,"1237",-0.364943414926529
19,"1238",0.229963794350624
19,"1239",0.0206863842904568
19,"1240",-0.0582529194653034
19,"1241",0.331557542085648
19,"1242",-0.31007969379425
19,"1243",0.0151432827115059
19,"1244",-0.436018764972687
19,"1245",-0.455212950706482
19,"1246",0.49784854054451
19,"1247",-0.45511919260025
19,"1248",-0.859268248081207
19,"1249",-0.492222964763641
19,"1250",0.995570540428162
19,"1251",-0.442729622125626
19,"1252",0.680444240570068
19,"1253",-0.45511919260025
19,"1254",-0.45511919260025
19,"1255",-0.0267773251980543
19,"1256",0.680444777011871
19,"1257",-0.401139765977859
19,"1258",-0.0252899173647165
19,"1259",-0.0329463668167591
19,"1260",0.49002394080162
19,"1261",-0.426951825618744
19,"1262",-0.45511919260025
19,"1263",-0.4442398250103
19,"1264",0.206756427884102
20,"803",0.394277691841125
20,"815",-0.584758460521698
20,"843",-0.502095222473145
20,"872",0.329293370246887
20,"915",-0.546957552433014
20,"986",0.407280147075653
20,"1009",-0.597324192523956
20,"1012",1
20,"1013",0.331335574388504
20,"1015",0.803457260131836
20,"1017",-0.985464334487915
20,"1021",-0.39153003692627
20,"1025",-0.995242595672607
20,"1028",-0.413426607847214
20,"1038",0.689411759376526
20,"1039",0.321993976831436
20,"1044",0.619274973869324
20,"1054",-0.432706892490387
20,"1056",0.763234615325928
20,"1059",-0.418369203805923
20,"1060",-0.44698640704155
20,"1061",0.437924563884735
20,"1062",-0.391675561666489
20,"1065",-0.894774556159973
20,"1073",0.828153192996979
20,"1074",0.897144198417664
20,"1075",-0.45568910241127
20,"1077",0.430408269166946
20,"1082",-0.613351047039032
20,"1086",0.82327938079834
20,"1087",0.790698885917664
20,"1099",0.453662008047104
20,"1100",-0.998441994190216
20,"1102",-0.389442771673203
20,"1104",-0.909119129180908
20,"1105",0.387278020381927
20,"1108",-0.431642770767212
20,"1110",0.375572055578232
20,"1114",0.695387601852417
20,"1116",0.313975602388382
20,"1117",0.932889401912689
20,"1119",-0.422730416059494
20,"1122",0.988261759281158
20,"1127",0.806562125682831
20,"1128",0.951527833938599
20,"1131",-0.419698238372803
20,"1132",-0.419305026531219
20,"1133",-0.985982596874237
20,"1140",-0.594905495643616
20,"1141",0.414029657840729
20,"1142",0.665095567703247
20,"1143",-0.483283013105392
20,"1146",-1
20,"1148",0.68751060962677
20,"1150",-0.998234272003174
20,"1152",-0.435852736234665
20,"1153",0.755835056304932
20,"1157",-0.504994571208954
20,"1159",0.937007009983063
20,"1165",-0.998275756835938
20,"1166",-0.304983139038086
20,"1170",-0.998348414897919
20,"1171",0.8157719373703
20,"1172",-0.997416794300079
20,"1173",1
20,"1174",-0.572120010852814
20,"1175",0.362322151660919
20,"1176",-0.49826443195343
20,"1177",0.785311877727509
20,"1178",0.407068401575089
20,"1180",0.810060858726501
20,"1181",0.7222900390625
20,"1182",0.350364476442337
20,"1183",-0.545744776725769
20,"1184",0.781709849834442
20,"1186",0.798634648323059
20,"1187",-0.985464334487915
20,"1188",0.942328691482544
20,"1189",0.860099196434021
20,"1190",-0.998234272003174
20,"1191",-1
20,"1192",0.0602268874645233
20,"1193",0.0757991746068001
20,"1194",-0.99810004234314
20,"1195",0.384151130914688
20,"1196",0.348047643899918
20,"1197",-0.386829674243927
20,"1198",-0.998234272003174
20,"1199",-0.59815376996994
20,"1200",-0.228040248155594
20,"1201",0.0785494670271873
20,"1202",-0.586517035961151
20,"1203",-0.985464334487915
20,"1204",0.704918563365936
20,"1205",0.489294320344925
20,"1206",0.700574994087219
20,"1207",0.765851020812988
20,"1208",0.330390214920044
20,"1209",0.824301362037659
20,"1210",0.950447499752045
20,"1211",0.999637126922607
20,"1212",-0.544648587703705
20,"1213",0.942328691482544
20,"1214",-0.604630708694458
20,"1215",-0.570969820022583
20,"1216",-0.999807059764862
20,"1217",-0.570067286491394
20,"1218",-0.998198747634888
20,"1219",-0.47319221496582
20,"1220",-0.998323857784271
20,"1221",-1
20,"1222",0.796589612960815
20,"1223",-0.572626709938049
20,"1224",0.333487272262573
20,"1225",-1
20,"1226",0.419279992580414
20,"1227",-0.418661743402481
20,"1228",-0.570969820022583
20,"1229",0.326406955718994
20,"1230",0.0692446604371071
20,"1231",-0.428835391998291
20,"1232",-0.987073183059692
20,"1233",-0.579805612564087
20,"1234",-0.567670822143555
20,"1235",-0.160718739032745
20,"1236",0.153140068054199
20,"1237",-0.582727670669556
20,"1238",0.347097784280777
20,"1239",0.301903456449509
20,"1240",0.0385609790682793
20,"1241",0.450817674398422
20,"1242",-0.439744800329208
20,"1243",0.292076915502548
20,"1244",-0.619078874588013
20,"1245",-0.99987006187439
20,"1246",0.728316068649292
20,"1247",-0.998884201049805
20,"1248",-0.999807059764862
20,"1249",-0.562666237354279
20,"1250",0.944112539291382
20,"1251",-0.885835528373718
20,"1252",0.81713330745697
20,"1253",-0.998884201049805
20,"1254",-0.99810004234314
20,"1255",0.212298929691315
20,"1256",0.814186751842499
20,"1257",-0.48538601398468
20,"1258",0.120645545423031
20,"1259",-0.0565658807754517
20,"1260",0.708199143409729
20,"1261",-0.576394736766815
20,"1262",-0.999807059764862
20,"1263",-0.999807059764862
20,"1264",0.436597555875778
21,"803",0.0702391564846039
21,"815",-0.79475212097168
21,"843",-0.771652698516846
21,"872",0.137990519404411
21,"915",-0.85765278339386
21,"986",0.344840735197067
21,"1009",-0.802889227867126
21,"1012",0.989386737346649
21,"1013",0.316502839326859
21,"1015",0.94165712594986
21,"1017",-0.846023976802826
21,"1021",-1
21,"1025",-0.837406396865845
21,"1028",-0.799766719341278
21,"1038",0.539335310459137
21,"1039",0.0294269546866417
21,"1044",0.537510275840759
21,"1054",-0.769423067569733
21,"1056",0.764447689056396
21,"1059",-0.88946521282196
21,"1060",-0.858897149562836
21,"1061",0.344556272029877
21,"1062",-0.684140920639038
21,"1065",-0.854464173316956
21,"1073",0.954102456569672
21,"1074",0.774284660816193
21,"1075",-0.940828621387482
21,"1077",0.375523239374161
21,"1082",-0.944703698158264
21,"1086",0.852426111698151
21,"1087",0.868165135383606
21,"1099",0.399155050516129
21,"1100",-0.846910238265991
21,"1102",-0.644814372062683
21,"1104",-0.850572645664215
21,"1105",0.187926188111305
21,"1108",-0.703558087348938
21,"1110",0.332049936056137
21,"1114",0.827868223190308
21,"1116",0.13015142083168
21,"1117",0.969021499156952
21,"1119",-0.786249876022339
21,"1122",0.989524364471436
21,"1127",0.881345629692078
21,"1128",0.951397061347961
21,"1131",-0.822805643081665
21,"1132",-0.765693664550781
21,"1133",-0.851650893688202
21,"1140",-0.945386171340942
21,"1141",0.379842281341553
21,"1142",0.608862996101379
21,"1143",-0.801109731197357
21,"1146",-0.804182291030884
21,"1148",NA
21,"1150",-0.851639986038208
21,"1152",-1
21,"1153",0.907930254936218
21,"1157",-0.784817814826965
21,"1159",0.976353645324707
21,"1165",-0.851687967777252
21,"1166",-0.676338672637939
21,"1170",-0.846158742904663
21,"1171",0.881346940994263
21,"1172",-0.807229816913605
21,"1173",0.989386737346649
21,"1174",-0.807058215141296
21,"1175",0.313202887773514
21,"1176",-0.797992646694183
21,"1177",0.899422466754913
21,"1178",0.351984620094299
21,"1180",0.873009443283081
21,"1181",0.686453342437744
21,"1182",0.320834547281265
21,"1183",-0.730146050453186
21,"1184",0.850369215011597
21,"1186",0.864477813243866
21,"1187",-0.851703882217407
21,"1188",0.989386737346649
21,"1189",0.92570286989212
21,"1190",-0.851703882217407
21,"1191",-0.846888780593872
21,"1192",0.0010747485794127
21,"1193",-0.00162830378394574
21,"1194",-0.851703882217407
21,"1195",0.197202578186989
21,"1196",0.0599567443132401
21,"1197",-0.699286460876465
21,"1198",-0.846862137317657
21,"1199",-0.768900632858276
21,"1200",-0.362615466117859
21,"1201",-0.00315274624153972
21,"1202",-0.950951278209686
21,"1203",-0.851703882217407
21,"1204",0.640499174594879
21,"1205",0.454345762729645
21,"1206",0.634254038333893
21,"1207",0.866747856140137
21,"1208",0.143219694495201
21,"1209",0.89378410577774
21,"1210",0.989374041557312
21,"1211",1
21,"1212",-1
21,"1213",0.989386737346649
21,"1214",-0.952352702617645
21,"1215",-1
21,"1216",-0.846890330314636
21,"1217",-1
21,"1218",-0.844014286994934
21,"1219",-0.789245545864105
21,"1220",-0.849327564239502
21,"1221",-0.851703882217407
21,"1222",0.776816248893738
21,"1223",-1
21,"1224",0.154786363244057
21,"1225",-0.8506920337677
21,"1226",0.291898399591446
21,"1227",-0.833770275115967
21,"1228",-1
21,"1229",0.169969901442528
21,"1230",0.00444737635552883
21,"1231",-0.790771186351776
21,"1232",-0.851674020290375
21,"1233",-0.871009826660156
21,"1234",-0.944957435131073
21,"1235",-0.22659195959568
21,"1236",0.00204821536317468
21,"1237",-0.803921759128571
21,"1238",0.195765092968941
21,"1239",0.029155133292079
21,"1240",-0.0367191806435585
21,"1241",0.284189164638519
21,"1242",-0.938797116279602
21,"1243",0.0172959435731173
21,"1244",-0.850703120231628
21,"1245",-0.850645482540131
21,"1246",0.734987914562225
21,"1247",-0.851703882217407
21,"1248",-1
21,"1249",-0.905226945877075
21,"1250",0.974918067455292
21,"1251",-0.851639986038208
21,"1252",0.864431500434875
21,"1253",-0.851703882217407
21,"1254",-0.851703882217407
21,"1255",-0.045929491519928
21,"1256",0.864425599575043
21,"1257",-0.800513327121735
21,"1258",-0.00162830378394574
21,"1259",-0.0458261780440807
21,"1260",0.661804437637329
21,"1261",-0.854544460773468
21,"1262",-0.846862137317657
21,"1263",-0.846158742904663
21,"1264",0.365271121263504
22,"803",0.046466875821352
22,"815",-0.599716603755951
22,"843",-0.598288416862488
22,"872",0.210843905806541
22,"915",-0.625760674476624
22,"986",0.304015547037125
22,"1009",-0.632571697235107
22,"1012",1
22,"1013",0.236622512340546
22,"1015",0.842585265636444
22,"1017",-0.709223449230194
22,"1021",-0.513982057571411
22,"1025",-0.690848827362061
22,"1028",-0.494198679924011
22,"1038",0.499903827905655
22,"1039",-0.0165893547236919
22,"1044",0.409263402223587
22,"1054",-0.500204086303711
22,"1056",0.587991058826447
22,"1059",-0.517703950405121
22,"1060",-0.516666948795319
22,"1061",0.293706804513931
22,"1062",-0.475566864013672
22,"1065",-0.612946808338165
22,"1073",0.811945021152496
22,"1074",0.781596004962921
22,"1075",-0.596822381019592
22,"1077",0.318155437707901
22,"1082",-0.969714105129242
22,"1086",0.734394729137421
22,"1087",0.796857893466949
22,"1099",0.31520688533783
22,"1100",-0.710732400417328
22,"1102",-0.488074779510498
22,"1104",-0.716563940048218
22,"1105",0.189952671527863
22,"1108",-0.514922082424164
22,"1110",0.283150911331177
22,"1114",0.686057388782501
22,"1116",0.106981880962849
22,"1117",0.996801555156708
22,"1119",-0.505907893180847
22,"1122",0.999997437000275
22,"1127",0.818327963352203
22,"1128",0.993454039096832
22,"1131",-0.512718558311462
22,"1132",-0.495294123888016
22,"1133",-0.709223449230194
22,"1140",-0.626977562904358
22,"1141",0.290175169706345
22,"1142",0.464079707860947
22,"1143",-0.53072714805603
22,"1146",-0.69815319776535
22,"1148",NA
22,"1150",-0.710732400417328
22,"1152",-0.977722942829132
22,"1153",0.814300656318665
22,"1157",-0.486551582813263
22,"1159",0.97791600227356
22,"1165",-0.710732400417328
22,"1166",-0.436386346817017
22,"1170",-0.710732400417328
22,"1171",0.808559477329254
22,"1172",-0.707483112812042
22,"1173",1
22,"1174",-0.565445303916931
22,"1175",0.303398191928864
22,"1176",-0.50117015838623
22,"1177",0.830236792564392
22,"1178",0.307042688131332
22,"1180",0.749567210674286
22,"1181",0.510273993015289
22,"1182",0.23221917450428
22,"1183",-0.557092607021332
22,"1184",0.784839034080505
22,"1186",0.804727971553802
22,"1187",-0.709223449230194
22,"1188",1
22,"1189",0.804592967033386
22,"1190",-0.710732400417328
22,"1191",-0.710732400417328
22,"1192",0.0605273954570293
22,"1193",-0.0107413353398442
22,"1194",-0.710732400417328
22,"1195",0.278983563184738
22,"1196",0.05965955555439
22,"1197",-0.530032813549042
22,"1198",-0.710732400417328
22,"1199",-0.611091017723083
22,"1200",-0.405997931957245
22,"1201",0.0021638551261276
22,"1202",-0.643982291221619
22,"1203",-0.709223449230194
22,"1204",0.476135909557343
22,"1205",0.328609496355057
22,"1206",0.572817504405975
22,"1207",0.769270896911621
22,"1208",0.146875873208046
22,"1209",0.809734642505646
22,"1210",0.9998939037323
22,"1211",0.999997437000275
22,"1212",-0.914580166339874
22,"1213",1
22,"1214",-0.652052402496338
22,"1215",-0.88044148683548
22,"1216",-0.710701525211334
22,"1217",-1
22,"1218",-0.710732400417328
22,"1219",-0.566469073295593
22,"1220",-0.710732400417328
22,"1221",-0.710732400417328
22,"1222",0.778411507606506
22,"1223",-0.878877997398376
22,"1224",0.167017549276352
22,"1225",-0.710130035877228
22,"1226",0.265642613172531
22,"1227",-0.529358685016632
22,"1228",-0.923043787479401
22,"1229",0.156567141413689
22,"1230",-0.00434243213385344
22,"1231",-0.522183418273926
22,"1232",-0.709223449230194
22,"1233",-0.614675402641296
22,"1234",-0.584206283092499
22,"1235",-0.186037093400955
22,"1236",-0.0174434501677752
22,"1237",-0.642252385616302
22,"1238",0.167144760489464
22,"1239",0.0113781569525599
22,"1240",-0.00790301058441401
22,"1241",0.240697890520096
22,"1242",-0.533686816692352
22,"1243",0.00223805918358266
22,"1244",-0.707432508468628
22,"1245",-0.710130035877228
22,"1246",0.53191751241684
22,"1247",-0.710732400417328
22,"1248",-0.874485731124878
22,"1249",-0.614950299263
22,"1250",0.967579901218414
22,"1251",-0.709294855594635
22,"1252",0.814715445041656
22,"1253",-0.710732400417328
22,"1254",-0.710732400417328
22,"1255",-0.00957494135946035
22,"1256",0.814700722694397
22,"1257",-0.574702680110931
22,"1258",-0.0249297115951777
22,"1259",-0.0167404320091009
22,"1260",0.51849889755249
22,"1261",-0.73546689748764
22,"1262",-0.710732400417328
22,"1263",-0.710732400417328
22,"1264",0.294878900051117
23,"803",-0.0666262954473495
23,"815",-0.742520809173584
23,"843",-0.770258784294128
23,"872",0.128294557332993
23,"915",-0.790477991104126
23,"986",0.241906821727753
23,"1009",-0.7535520195961
23,"1012",0.854954957962036
23,"1013",0.16644874215126
23,"1015",0.917227685451508
23,"1017",-0.796234548091888
23,"1021",-0.855744957923889
23,"1025",-0.784872174263
23,"1028",-0.718934178352356
23,"1038",0.561590194702148
23,"1039",-0.0197520926594734
23,"1044",0.456572502851486
23,"1054",-0.701071500778198
23,"1056",0.60237056016922
23,"1059",-0.807859003543854
23,"1060",-0.779545545578003
23,"1061",0.236111462116241
23,"1062",-0.633673191070557
23,"1065",-0.772453367710114
23,"1073",0.882298946380615
23,"1074",0.85095751285553
23,"1075",-0.904276788234711
23,"1077",0.32257667183876
23,"1082",-0.996908009052277
23,"1086",0.77637654542923
23,"1087",0.881810307502747
23,"1099",0.294228345155716
23,"1100",-0.800696492195129
23,"1102",-0.666900277137756
23,"1104",-0.798077940940857
23,"1105",0.149628698825836
23,"1108",-0.716121196746826
23,"1110",0.233928710222244
23,"1114",0.5742307305336
23,"1116",0.0809872671961784
23,"1117",0.854917883872986
23,"1119",-0.700747191905975
23,"1122",0.854910790920258
23,"1127",0.861335873603821
23,"1128",0.717913806438446
23,"1131",-0.736304223537445
23,"1132",-0.753215491771698
23,"1133",-0.799979150295258
23,"1140",-0.895606100559235
23,"1141",0.208621367812157
23,"1142",0.558594703674316
23,"1143",-0.711663603782654
23,"1146",-0.769364237785339
23,"1148",NA
23,"1150",-0.801401019096375
23,"1152",-1
23,"1153",1
23,"1157",-0.724717020988464
23,"1159",0.775532603263855
23,"1165",-0.801401078701019
23,"1166",-0.655834555625916
23,"1170",-0.797719776630402
23,"1171",0.887229025363922
23,"1172",-0.776633977890015
23,"1173",0.855200052261353
23,"1174",-0.735823929309845
23,"1175",0.227523535490036
23,"1176",-0.688770890235901
23,"1177",0.771079838275909
23,"1178",0.284148156642914
23,"1180",0.772520303726196
23,"1181",0.598435878753662
23,"1182",0.175489127635956
23,"1183",-0.746315360069275
23,"1184",0.700239360332489
23,"1186",0.845357000827789
23,"1187",-0.800022900104523
23,"1188",0.855200052261353
23,"1189",0.917236626148224
23,"1190",-0.801401019096375
23,"1191",-0.800696790218353
23,"1192",-0.00767760444432497
23,"1193",-0.0439598821103573
23,"1194",-0.801403164863586
23,"1195",0.196666076779366
23,"1196",-0.00467386282980442
23,"1197",-0.731354236602783
23,"1198",-0.800686359405518
23,"1199",-0.800860464572906
23,"1200",-0.461747109889984
23,"1201",-0.0246400758624077
23,"1202",-0.891668856143951
23,"1203",-0.800022900104523
23,"1204",0.576393067836761
23,"1205",0.311552941799164
23,"1206",0.657243371009827
23,"1207",0.626691162586212
23,"1208",0.0867907777428627
23,"1209",0.779830038547516
23,"1210",0.854996621608734
23,"1211",0.888631105422974
23,"1212",-0.977681219577789
23,"1213",0.854954957962036
23,"1214",-0.898362278938293
23,"1215",-0.973230004310608
23,"1216",-0.800686359405518
23,"1217",-1
23,"1218",-0.801401019096375
23,"1219",-0.746714234352112
23,"1220",-0.801401019096375
23,"1221",-0.801401019096375
23,"1222",0.861952126026154
23,"1223",-0.982933640480042
23,"1224",0.106294512748718
23,"1225",-0.801047027111053
23,"1226",0.214397430419922
23,"1227",-0.831514716148376
23,"1228",-0.973230004310608
23,"1229",0.0884994640946388
23,"1230",-0.0314546376466751
23,"1231",-0.712561368942261
23,"1232",-0.800020813941956
23,"1233",-0.820965230464935
23,"1234",-0.861611664295197
23,"1235",-0.27363795042038
23,"1236",-0.0482814162969589
23,"1237",-0.754047751426697
23,"1238",0.131304174661636
23,"1239",-0.0020225893240422
23,"1240",-0.0213934630155563
23,"1241",0.253620475530624
23,"1242",-0.858278512954712
23,"1243",-0.019763108342886
23,"1244",-0.791594862937927
23,"1245",-0.801039040088654
23,"1246",0.525536000728607
23,"1247",-0.801401019096375
23,"1248",-1
23,"1249",-0.839560389518738
23,"1250",0.759228885173798
23,"1251",-0.798950672149658
23,"1252",0.90123850107193
23,"1253",-0.801401019096375
23,"1254",-0.801401019096375
23,"1255",-0.0464253090322018
23,"1256",0.901109099388123
23,"1257",-0.725357890129089
23,"1258",-0.0619002059102058
23,"1259",-0.0435118079185486
23,"1260",0.645750224590302
23,"1261",-0.80651843547821
23,"1262",-0.800686359405518
23,"1263",-0.797708928585052
23,"1264",0.256636679172516
24,"803",0.343914747238159
24,"815",-0.906922698020935
24,"843",-0.769993007183075
24,"872",0.221445560455322
24,"915",-0.94961005449295
24,"986",0.291134297847748
24,"1009",-0.802598714828491
24,"1012",0.967911064624786
24,"1013",0.242981433868408
24,"1015",0.751300573348999
24,"1017",-0.909262120723724
24,"1021",-0.66853255033493
24,"1025",-0.914105713367462
24,"1028",-0.659087657928467
24,"1038",0.590831875801086
24,"1039",0.201652944087982
24,"1044",0.564358413219452
24,"1054",-0.668773591518402
24,"1056",0.65872585773468
24,"1059",-0.720730602741241
24,"1060",-0.699133574962616
24,"1061",0.341817557811737
24,"1062",-0.611031174659729
24,"1065",-0.85576206445694
24,"1073",0.739345729351044
24,"1074",0.780201971530914
24,"1075",-0.724491953849792
24,"1077",0.371270328760147
24,"1082",-0.875241816043854
24,"1086",0.698415517807007
24,"1087",0.714197278022766
24,"1099",0.385971426963806
24,"1100",-0.941707789897919
24,"1102",-0.58707594871521
24,"1104",-0.931825578212738
24,"1105",0.334008783102036
24,"1108",-0.698357701301575
24,"1110",0.276231944561005
24,"1114",0.700374603271484
24,"1116",0.264135807752609
24,"1117",0.881490170955658
24,"1119",-0.652847707271576
24,"1122",0.95523738861084
24,"1127",0.732710301876068
24,"1128",0.909752309322357
24,"1131",-0.660531759262085
24,"1132",-0.653355360031128
24,"1133",-0.93298065662384
24,"1140",-0.930703282356262
24,"1141",0.30047932267189
24,"1142",0.589493334293365
24,"1143",-0.782473027706146
24,"1146",-0.882773816585541
24,"1148",0.619112193584442
24,"1150",-0.943437516689301
24,"1152",-0.779907464981079
24,"1153",0.743970036506653
24,"1157",-0.697169363498688
24,"1159",0.898342669010162
24,"1165",-0.943451285362244
24,"1166",-0.512015104293823
24,"1170",-0.921780586242676
24,"1171",0.743170619010925
24,"1172",-0.892225444316864
24,"1173",0.967911064624786
24,"1174",-0.846782267093658
24,"1175",0.242390364408493
24,"1176",-0.776967167854309
24,"1177",0.719173550605774
24,"1178",0.28990450501442
24,"1180",0.706989049911499
24,"1181",0.690540432929993
24,"1182",0.25588595867157
24,"1183",-0.727291584014893
24,"1184",0.694719076156616
24,"1186",0.719422459602356
24,"1187",-0.933019161224365
24,"1188",0.90052592754364
24,"1189",0.777338683605194
24,"1190",-0.943437516689301
24,"1191",-0.941725432872772
24,"1192",-0.090382032096386
24,"1193",-0.0723120868206024
24,"1194",-0.943437516689301
24,"1195",0.285977989435196
24,"1196",0.24053181707859
24,"1197",-0.676705718040466
24,"1198",-0.941785335540771
24,"1199",-0.765003204345703
24,"1200",-0.318374484777451
24,"1201",-0.0716147273778915
24,"1202",-0.899034738540649
24,"1203",-0.933019161224365
24,"1204",0.616638481616974
24,"1205",0.457363694906235
24,"1206",0.617116689682007
24,"1207",0.70454877614975
24,"1208",0.239186495542526
24,"1209",0.697618365287781
24,"1210",0.908316850662231
24,"1211",1
24,"1212",-0.916321158409119
24,"1213",0.90052592754364
24,"1214",-0.935888409614563
24,"1215",-0.905973136425018
24,"1216",-0.941745519638062
24,"1217",-0.902818083763123
24,"1218",-0.942001521587372
24,"1219",-0.715839743614197
24,"1220",-0.943234503269196
24,"1221",-0.943982660770416
24,"1222",0.739976167678833
24,"1223",-1
24,"1224",0.262361854314804
24,"1225",-0.943502068519592
24,"1226",0.325082123279572
24,"1227",-0.636776328086853
24,"1228",-0.913092374801636
24,"1229",0.236684486269951
24,"1230",-0.0818861797451973
24,"1231",-0.743096828460693
24,"1232",-0.933022141456604
24,"1233",-0.867457449436188
24,"1234",-0.905088067054749
24,"1235",-0.285880923271179
24,"1236",0.0190598480403423
24,"1237",-0.737121164798737
24,"1238",0.341919541358948
24,"1239",0.173956707119942
24,"1240",-0.108038172125816
24,"1241",0.430876851081848
24,"1242",-0.720924437046051
24,"1243",0.163804307579994
24,"1244",-0.89592319726944
24,"1245",-0.943523108959198
24,"1246",0.656968057155609
24,"1247",-0.943437516689301
24,"1248",-1
24,"1249",-0.827998757362366
24,"1250",0.91701078414917
24,"1251",-0.929654240608215
24,"1252",0.740438401699066
24,"1253",-0.943437516689301
24,"1254",-0.943437516689301
24,"1255",0.100459910929203
24,"1256",0.738049387931824
24,"1257",-0.752590298652649
24,"1258",-0.0217650569975376
24,"1259",-0.197034254670143
24,"1260",0.626585364341736
24,"1261",-0.762219130992889
24,"1262",-0.941785335540771
24,"1263",-0.912756443023682
24,"1264",0.335864394903183
25,"803",0.234571799635887
25,"815",-0.518628895282745
25,"843",-0.47749274969101
25,"872",0.276758670806885
25,"915",-0.488716095685959
25,"986",0.348422884941101
25,"1009",-0.510572552680969
25,"1012",0.958020508289337
25,"1013",0.321365058422089
25,"1015",0.77328234910965
25,"1017",-0.917623043060303
25,"1021",-0.375807851552963
25,"1025",-0.922463715076447
25,"1028",-0.371073544025421
25,"1038",0.434148550033569
25,"1039",0.149051681160927
25,"1044",0.389221340417862
25,"1054",-0.364539176225662
25,"1056",0.550961136817932
25,"1059",-0.374443858861923
25,"1060",-0.385565578937531
25,"1061",0.335350900888443
25,"1062",-0.300867110490799
25,"1065",-0.504321157932281
25,"1073",0.804445266723633
25,"1074",0.727305829524994
25,"1075",-0.406449884176254
25,"1077",0.377864062786102
25,"1082",-0.508697390556335
25,"1086",0.701239228248596
25,"1087",0.69846647977829
25,"1099",0.393026411533356
25,"1100",-0.998323082923889
25,"1102",-0.299250870943069
25,"1104",-0.96650892496109
25,"1105",0.309779614210129
25,"1108",-0.378824472427368
25,"1110",0.321837514638901
25,"1114",0.65984433889389
25,"1116",0.292948514223099
25,"1117",0.927695751190186
25,"1119",-0.38616818189621
25,"1122",0.957920968532562
25,"1127",0.709007143974304
25,"1128",0.898540258407593
25,"1131",-0.382135301828384
25,"1132",-0.283914566040039
25,"1133",-0.967281520366669
25,"1140",-0.504020154476166
25,"1141",0.34661066532135
25,"1142",0.462867856025696
25,"1143",-0.486311554908752
25,"1146",-0.921083748340607
25,"1148",NA
25,"1150",-0.970849692821503
25,"1152",-0.487557947635651
25,"1153",0.744953095912933
25,"1157",-0.449232935905457
25,"1159",0.946090340614319
25,"1165",-0.970801174640656
25,"1166",-0.313279122114182
25,"1170",-0.924054086208344
25,"1171",0.717258453369141
25,"1172",-0.912532806396484
25,"1173",0.958020508289337
25,"1174",-0.503845393657684
25,"1175",0.314892292022705
25,"1176",-0.43553438782692
25,"1177",0.786721587181091
25,"1178",0.32475683093071
25,"1180",0.676441133022308
25,"1181",0.494915872812271
25,"1182",0.325355678796768
25,"1183",-0.467740714550018
25,"1184",0.660085499286652
25,"1186",0.703337013721466
25,"1187",-0.966408371925354
25,"1188",0.958020508289337
25,"1189",0.769592106342316
25,"1190",-0.97139185667038
25,"1191",-0.988645672798157
25,"1192",0.161492541432381
25,"1193",0.151525765657425
25,"1194",-0.97139185667038
25,"1195",0.294927209615707
25,"1196",0.191188037395477
25,"1197",-0.406765311956406
25,"1198",-0.969457507133484
25,"1199",-0.465536653995514
25,"1200",-0.0902575775980949
25,"1201",0.163457989692688
25,"1202",-0.510871708393097
25,"1203",-0.965763628482819
25,"1204",0.462857156991959
25,"1205",0.394178211688995
25,"1206",0.490847498178482
25,"1207",0.6583212018013
25,"1208",0.256301432847977
25,"1209",0.708913624286652
25,"1210",0.957910537719727
25,"1211",1
25,"1212",-0.521430850028992
25,"1213",0.958020508289337
25,"1214",-0.524276733398438
25,"1215",-0.521460175514221
25,"1216",-0.977937638759613
25,"1217",-0.540072381496429
25,"1218",-0.970722377300262
25,"1219",-0.461016356945038
25,"1220",-0.971291899681091
25,"1221",-0.97139185667038
25,"1222",0.707065165042877
25,"1223",-0.544107973575592
25,"1224",0.273348122835159
25,"1225",-1
25,"1226",0.320899486541748
25,"1227",-0.357382327318192
25,"1228",-0.521460175514221
25,"1229",0.267908900976181
25,"1230",0.157805949449539
25,"1231",-0.435743927955627
25,"1232",-0.966449975967407
25,"1233",-0.524276852607727
25,"1234",-0.527285516262054
25,"1235",0.0457896031439304
25,"1236",0.152053982019424
25,"1237",-0.47468826174736
25,"1238",0.333459347486496
25,"1239",0.172594264149666
25,"1240",0.153774186968803
25,"1241",0.354195296764374
25,"1242",-0.386372089385986
25,"1243",0.163461491465569
25,"1244",-0.962647140026093
25,"1245",-0.970737218856812
25,"1246",0.489913612604141
25,"1247",-0.971400737762451
25,"1248",-0.970479130744934
25,"1249",-0.511319100856781
25,"1250",0.961640000343323
25,"1251",-0.966326653957367
25,"1252",0.712594509124756
25,"1253",-0.971400737762451
25,"1254",-0.971464514732361
25,"1255",0.149495780467987
25,"1256",0.712451994419098
25,"1257",-0.478533685207367
25,"1258",0.142225667834282
25,"1259",0.146132379770279
25,"1260",0.4843969643116
25,"1261",-0.515670657157898
25,"1262",-0.969405472278595
25,"1263",-0.924053370952606
25,"1264",0.343526989221573
26,"803",0.242568597197533
26,"815",-0.559256553649902
26,"843",-0.589978456497192
26,"872",0.271977245807648
26,"915",-0.632947623729706
26,"986",0.386137425899506
26,"1009",-0.626871347427368
26,"1012",0.995137214660645
26,"1013",0.326239377260208
26,"1015",0.810486793518066
26,"1017",-0.965094923973083
26,"1021",-0.480090439319611
26,"1025",-1
26,"1028",-0.473029941320419
26,"1038",0.571250200271606
26,"1039",0.235234543681145
26,"1044",0.552459597587585
26,"1054",-0.480169296264648
26,"1056",0.678292274475098
26,"1059",-0.488875895738602
26,"1060",-0.495821356773376
26,"1061",0.427962094545364
26,"1062",-0.446079969406128
26,"1065",-0.552383065223694
26,"1073",0.764188230037689
26,"1074",0.84521222114563
26,"1075",-0.526954770088196
26,"1077",0.473581731319427
26,"1082",-0.66989654302597
26,"1086",0.743717730045319
26,"1087",0.765441715717316
26,"1099",0.47242334485054
26,"1100",-0.998583376407623
26,"1102",-0.45114853978157
26,"1104",-0.984711825847626
26,"1105",0.331549555063248
26,"1108",-0.54062956571579
26,"1110",0.39282751083374
26,"1114",0.722642481327057
26,"1116",0.266751259565353
26,"1117",0.957066476345062
26,"1119",-0.472027599811554
26,"1122",0.987616717815399
26,"1127",0.794808864593506
26,"1128",0.916309714317322
26,"1131",-0.510532438755035
26,"1132",-0.465793430805206
26,"1133",-0.984968662261963
26,"1140",-0.55958491563797
26,"1141",0.377092808485031
26,"1142",0.588384985923767
26,"1143",-0.551420748233795
26,"1146",-1
26,"1148",0.667420506477356
26,"1150",-0.995759010314941
26,"1152",-0.504167377948761
26,"1153",0.785460829734802
26,"1157",-0.506487190723419
26,"1159",0.938835799694061
26,"1165",-0.995759010314941
26,"1166",-0.38701057434082
26,"1170",-0.976394891738892
26,"1171",0.800787150859833
26,"1172",-0.960862874984741
26,"1173",0.995137214660645
26,"1174",-0.56366503238678
26,"1175",0.397238880395889
26,"1176",-0.522594630718231
26,"1177",0.824428975582123
26,"1178",0.433386027812958
26,"1180",0.755654096603394
26,"1181",0.632336378097534
26,"1182",0.338932693004608
26,"1183",-0.552397608757019
26,"1184",0.751550257205963
26,"1186",0.786411702632904
26,"1187",-0.984761893749237
26,"1188",0.947950005531311
26,"1189",0.802072644233704
26,"1190",-0.995759010314941
26,"1191",-1
26,"1192",0.0689051896333694
26,"1193",0.0747155547142029
26,"1194",-0.995759010314941
26,"1195",0.37753501534462
26,"1196",0.231995135545731
26,"1197",-0.499107480049133
26,"1198",-0.995745837688446
26,"1199",-0.578047394752502
26,"1200",-0.260806173086166
26,"1201",0.0719327330589294
26,"1202",-0.570103526115417
26,"1203",-0.984779059886932
26,"1204",0.597668886184692
26,"1205",0.462558776140213
26,"1206",0.621639668941498
26,"1207",0.730162501335144
26,"1208",0.273383259773254
26,"1209",0.782308578491211
26,"1210",0.955095708370209
26,"1211",1
26,"1212",-0.639763057231903
26,"1213",0.947950005531311
26,"1214",-0.576470613479614
26,"1215",-0.650955140590668
26,"1216",-0.99996942281723
26,"1217",-0.691724479198456
26,"1218",-0.995745837688446
26,"1219",-0.58037918806076
26,"1220",-0.995759010314941
26,"1221",-1
26,"1222",0.79631769657135
26,"1223",-0.660670936107635
26,"1224",0.28552708029747
26,"1225",-0.998999238014221
26,"1226",0.399525672197342
26,"1227",-0.488106817007065
26,"1228",-0.650955140590668
26,"1229",0.270257741212845
26,"1230",0.0699643641710281
26,"1231",-0.494185596704483
26,"1232",-0.984769642353058
26,"1233",-0.571102917194366
26,"1234",-0.563484609127045
26,"1235",-0.189493298530579
26,"1236",0.140881240367889
26,"1237",-0.602055311203003
26,"1238",0.302432715892792
26,"1239",0.240040063858032
26,"1240",0.0512200072407722
26,"1241",0.385824739933014
26,"1242",-0.514080941677094
26,"1243",0.226544126868248
26,"1244",-0.795669078826904
26,"1245",-0.996276497840881
26,"1246",0.606002628803253
26,"1247",-0.995745837688446
26,"1248",-0.995745837688446
26,"1249",-0.544746220111847
26,"1250",0.943001866340637
26,"1251",-0.985071241855621
26,"1252",0.798695504665375
26,"1253",-0.995745837688446
26,"1254",-0.995759010314941
26,"1255",0.178358390927315
26,"1256",0.796930193901062
26,"1257",-0.504852473735809
26,"1258",0.11537791788578
26,"1259",-0.0227271858602762
26,"1260",0.616146981716156
26,"1261",-0.619037330150604
26,"1262",-0.995759010314941
26,"1263",-0.968754768371582
26,"1264",0.439174085855484
27,"803",0.415504068136215
27,"815",-0.572622179985046
27,"843",-0.448486536741257
27,"872",0.348024249076843
27,"915",-0.520474016666412
27,"986",0.392086654901505
27,"1009",-0.470428943634033
27,"1012",0.967144012451172
27,"1013",0.346808522939682
27,"1015",0.780556738376617
27,"1017",-0.924829244613647
27,"1021",-0.384292155504227
27,"1025",-0.942121684551239
27,"1028",-0.358225375413895
27,"1038",0.56864321231842
27,"1039",0.311452656984329
27,"1044",0.544725775718689
27,"1054",-0.372017592191696
27,"1056",0.679254114627838
27,"1059",-0.363645315170288
27,"1060",-0.380296587944031
27,"1061",0.424417227506638
27,"1062",-0.317953884601593
27,"1065",-0.473214745521545
27,"1073",0.774136245250702
27,"1074",0.773336410522461
27,"1075",-0.375687927007675
27,"1077",0.454585075378418
27,"1082",-0.578475296497345
27,"1086",0.739066421985626
27,"1087",0.783622622489929
27,"1099",0.508190512657166
27,"1100",-1
27,"1102",-0.297618567943573
27,"1104",-0.950204789638519
27,"1105",0.419955760240555
27,"1108",-0.389877706766129
27,"1110",0.377456247806549
27,"1114",0.731206238269806
27,"1116",0.379472315311432
27,"1117",0.911112368106842
27,"1119",-0.367867946624756
27,"1122",0.957262516021729
27,"1127",0.792851984500885
27,"1128",0.900951623916626
27,"1131",-0.363321632146835
27,"1132",-0.364971309900284
27,"1133",-0.974567115306854
27,"1140",-0.481318593025208
27,"1141",0.412515193223953
27,"1142",0.580691516399384
27,"1143",-0.475195854902267
27,"1146",-1
27,"1148",0.679258525371552
27,"1150",-0.986334323883057
27,"1152",-0.411361217498779
27,"1153",0.78991287946701
27,"1157",-0.400785446166992
27,"1159",0.908859431743622
27,"1165",-0.983795285224915
27,"1166",-0.279222816228867
27,"1170",-0.94212931394577
27,"1171",0.804465711116791
27,"1172",-0.935136914253235
27,"1173",0.967144012451172
27,"1174",-0.488718658685684
27,"1175",0.349192678928375
27,"1176",-0.46141305565834
27,"1177",0.800131916999817
27,"1178",0.390546709299088
27,"1180",0.738644957542419
27,"1181",0.637492120265961
27,"1182",0.368953466415405
27,"1183",-0.543678343296051
27,"1184",0.732378959655762
27,"1186",0.781929552555084
27,"1187",-0.974962651729584
27,"1188",0.913743853569031
27,"1189",0.809613108634949
27,"1190",-0.984776377677917
27,"1191",-0.983958899974823
27,"1192",0.13694466650486
27,"1193",0.149840906262398
27,"1194",-0.984262943267822
27,"1195",0.40166699886322
27,"1196",0.334177613258362
27,"1197",-0.367670774459839
27,"1198",-0.984245419502258
27,"1199",-0.456331521272659
27,"1200",-0.0394003391265869
27,"1201",0.155131638050079
27,"1202",-0.459184616804123
27,"1203",-0.974567115306854
27,"1204",0.593113780021667
27,"1205",0.513629496097565
27,"1206",0.599688231945038
27,"1207",0.719155430793762
27,"1208",0.360984921455383
27,"1209",0.745191514492035
27,"1210",0.92080020904541
27,"1211",1
27,"1212",-0.527102053165436
27,"1213",0.913743853569031
27,"1214",-0.486298620700836
27,"1215",-0.529693901538849
27,"1216",-0.984217047691345
27,"1217",-0.538977682590485
27,"1218",-0.984114766120911
27,"1219",-0.413303762674332
27,"1220",-0.984751224517822
27,"1221",-1
27,"1222",0.755331456661224
27,"1223",-0.570205688476562
27,"1224",0.368201673030853
27,"1225",-1
27,"1226",0.420898973941803
27,"1227",-0.354531854391098
27,"1228",-0.529693901538849
27,"1229",0.368417173624039
27,"1230",0.146396175026894
27,"1231",-0.422125577926636
27,"1232",-0.974397122859955
27,"1233",-0.475023657083511
27,"1234",-0.54414027929306
27,"1235",-0.0229087341576815
27,"1236",0.212692245841026
27,"1237",-0.42810320854187
27,"1238",0.423266351222992
27,"1239",0.319258809089661
27,"1240",0.124760217964649
27,"1241",0.463200271129608
27,"1242",-0.382606953382492
27,"1243",0.308223158121109
27,"1244",-0.736749589443207
27,"1245",-0.986226499080658
27,"1246",0.622426629066467
27,"1247",-0.986330330371857
27,"1248",-0.985630393028259
27,"1249",-0.454392999410629
27,"1250",0.926646947860718
27,"1251",-0.950200736522675
27,"1252",0.801220178604126
27,"1253",-0.984760105609894
27,"1254",-0.984713494777679
27,"1255",0.256720215082169
27,"1256",0.79832661151886
27,"1257",-0.42320042848587
27,"1258",0.191900864243507
27,"1259",0.0605548173189163
27,"1260",0.602724194526672
27,"1261",-0.432637125253677
27,"1262",-0.984716951847076
27,"1263",-0.924805581569672
27,"1264",0.434419751167297
28,"803",0.3503138422966
28,"815",-0.496569395065308
28,"843",-0.511895716190338
28,"872",0.365145921707153
28,"915",-0.553896367549896
28,"986",0.500431478023529
28,"1009",-0.520638167858124
28,"1012",0.993234992027283
28,"1013",0.422890067100525
28,"1015",0.813735485076904
28,"1017",-0.936105489730835
28,"1021",-0.423471033573151
28,"1025",-0.965239703655243
28,"1028",-0.409594744443893
28,"1038",0.617473244667053
28,"1039",0.334320694208145
28,"1044",0.588304281234741
28,"1054",-0.40836837887764
28,"1056",0.692351698875427
28,"1059",-0.440354526042938
28,"1060",-0.441321045160294
28,"1061",0.557271063327789
28,"1062",-0.358262270689011
28,"1065",-0.496636539697647
28,"1073",0.82233715057373
28,"1074",0.863374829292297
28,"1075",-0.447776347398758
28,"1077",0.543662369251251
28,"1082",-0.616581618785858
28,"1086",0.801123082637787
28,"1087",0.824282586574554
28,"1099",0.601249754428864
28,"1100",-0.991249203681946
28,"1102",-0.346602022647858
28,"1104",-0.960954785346985
28,"1105",0.397922039031982
28,"1108",-0.487954467535019
28,"1110",0.498375415802002
28,"1114",0.655891954898834
28,"1116",0.370488524436951
28,"1117",0.945329129695892
28,"1119",-0.398673325777054
28,"1122",0.98227471113205
28,"1127",0.811014294624329
28,"1128",0.884688854217529
28,"1131",-0.44263544678688
28,"1132",-0.373381495475769
28,"1133",-0.960946679115295
28,"1140",-0.496898680925369
28,"1141",0.502863764762878
28,"1142",0.628989517688751
28,"1143",-0.467538774013519
28,"1146",-0.963467836380005
28,"1148",0.710481226444244
28,"1150",-0.986416459083557
28,"1152",-0.463296622037888
28,"1153",0.831985294818878
28,"1157",-0.445964992046356
28,"1159",0.931313991546631
28,"1165",-0.987292945384979
28,"1166",-0.334933191537857
28,"1170",-0.966288864612579
28,"1171",0.840987205505371
28,"1172",-0.95265519618988
28,"1173",0.993234992027283
28,"1174",-0.494846969842911
28,"1175",0.515023171901703
28,"1176",-0.449553549289703
28,"1177",0.84565931558609
28,"1178",0.510083913803101
28,"1180",0.761601448059082
28,"1181",0.715910375118256
28,"1182",0.450492113828659
28,"1183",-0.487018525600433
28,"1184",0.729170501232147
28,"1186",0.798201024532318
28,"1187",-0.960287392139435
28,"1188",0.939147651195526
28,"1189",0.863053202629089
28,"1190",-0.987407147884369
28,"1191",-0.991387963294983
28,"1192",0.158260151743889
28,"1193",0.164499431848526
28,"1194",-0.98728621006012
28,"1195",0.503576576709747
28,"1196",0.335362404584885
28,"1197",-0.432236671447754
28,"1198",-0.98728621006012
28,"1199",-0.498097449541092
28,"1200",-0.186324149370193
28,"1201",0.161681354045868
28,"1202",-0.490751594305038
28,"1203",-0.960702061653137
28,"1204",0.645584940910339
28,"1205",0.609160602092743
28,"1206",0.677518963813782
28,"1207",0.653594076633453
28,"1208",0.388975650072098
28,"1209",0.808542788028717
28,"1210",0.947084724903107
28,"1211",1
28,"1212",-0.557999312877655
28,"1213",0.939147651195526
28,"1214",-0.49675327539444
28,"1215",-0.577981531620026
28,"1216",-0.988345742225647
28,"1217",-0.616476595401764
28,"1218",-0.985711514949799
28,"1219",-0.478186845779419
28,"1220",-0.987407624721527
28,"1221",-1
28,"1222",0.779160857200623
28,"1223",-0.580070793628693
28,"1224",0.39422932267189
28,"1225",-0.991777539253235
28,"1226",0.525225043296814
28,"1227",-0.42548993229866
28,"1228",-0.577981531620026
28,"1229",0.385320097208023
28,"1230",0.157315209507942
28,"1231",-0.430585414171219
28,"1232",-0.960859417915344
28,"1233",-0.495063573122025
28,"1234",-0.503210127353668
28,"1235",-0.13970023393631
28,"1236",0.239628329873085
28,"1237",-0.504255056381226
28,"1238",0.408598780632019
28,"1239",0.337014108896255
28,"1240",0.135773673653603
28,"1241",0.43471747636795
28,"1242",-0.461672008037567
28,"1243",0.323020994663239
28,"1244",-0.73396372795105
28,"1245",-0.987407147884369
28,"1246",0.657396078109741
28,"1247",-0.985735416412354
28,"1248",-0.98574286699295
28,"1249",-0.474503070116043
28,"1250",0.929459035396576
28,"1251",-0.960892021656036
28,"1252",0.838941872119904
28,"1253",-0.985735416412354
28,"1254",-0.98728621006012
28,"1255",0.27108895778656
28,"1256",0.834835052490234
28,"1257",-0.444074869155884
28,"1258",0.204484179615974
28,"1259",0.0589485019445419
28,"1260",0.702987730503082
28,"1261",-0.507426857948303
28,"1262",-0.985812425613403
28,"1263",-0.948768436908722
28,"1264",0.564721405506134
29,"803",0.207975685596466
29,"815",-0.82382607460022
29,"843",-0.778666615486145
29,"872",0.190157756209373
29,"915",-0.9013432264328
29,"986",0.338250160217285
29,"1009",-0.824981808662415
29,"1012",0.999751508235931
29,"1013",0.249380588531494
29,"1015",0.708753407001495
29,"1017",-0.843329310417175
29,"1021",-0.865780055522919
29,"1025",-0.837227523326874
29,"1028",-0.750846326351166
29,"1038",0.59451550245285
29,"1039",0.182586207985878
29,"1044",0.525291621685028
29,"1054",-0.735702633857727
29,"1056",0.680901527404785
29,"1059",-0.868151664733887
29,"1060",-0.820702731609344
29,"1061",0.446210652589798
29,"1062",-0.730514705181122
29,"1065",-0.88694816827774
29,"1073",0.706530094146729
29,"1074",0.768271446228027
29,"1075",-0.932723701000214
29,"1077",0.420836925506592
29,"1082",-1
29,"1086",0.680977463722229
29,"1087",0.697639882564545
29,"1099",0.47619953751564
29,"1100",-0.84444135427475
29,"1102",-0.70525848865509
29,"1104",-0.843748927116394
29,"1105",0.240895375609398
29,"1108",-0.753963470458984
29,"1110",0.370148956775665
29,"1114",0.593406736850739
29,"1116",0.19345623254776
29,"1117",0.893219292163849
29,"1119",-0.73056548833847
29,"1122",0.989218592643738
29,"1127",0.712903320789337
29,"1128",0.849916398525238
29,"1131",-0.756826460361481
29,"1132",-0.847946107387543
29,"1133",-0.843329310417175
29,"1140",-1
29,"1141",0.343081086874008
29,"1142",0.556649386882782
29,"1143",-0.805058598518372
29,"1146",-0.841669142246246
29,"1148",0.611401677131653
29,"1150",-0.845151543617249
29,"1152",-0.92840987443924
29,"1153",0.692175030708313
29,"1157",-0.771403133869171
29,"1159",0.887111127376556
29,"1165",-0.845150589942932
29,"1166",-0.63737165927887
29,"1170",-0.845151543617249
29,"1171",0.721050679683685
29,"1172",-0.836759328842163
29,"1173",1
29,"1174",-0.815254688262939
29,"1175",0.362157791852951
29,"1176",-0.780377745628357
29,"1177",0.708363115787506
29,"1178",0.389337688684464
29,"1180",0.704283535480499
29,"1181",0.654292702674866
29,"1182",0.286759883165359
29,"1183",-0.790973484516144
29,"1184",0.689511120319366
29,"1186",0.692244946956635
29,"1187",-0.843335926532745
29,"1188",0.89584082365036
29,"1189",0.745787620544434
29,"1190",-0.845167517662048
29,"1191",-0.844541847705841
29,"1192",-0.116783753037453
29,"1193",-0.111429311335087
29,"1194",-0.845167517662048
29,"1195",0.398305743932724
29,"1196",0.182895228266716
29,"1197",-0.742394506931305
29,"1198",-0.844545125961304
29,"1199",-0.946649432182312
29,"1200",-0.574228942394257
29,"1201",-0.0987380221486092
29,"1202",-1
29,"1203",-0.843335926532745
29,"1204",0.589457035064697
29,"1205",0.518131732940674
29,"1206",0.62137496471405
29,"1207",0.660907745361328
29,"1208",0.230629086494446
29,"1209",0.713269114494324
29,"1210",0.906151831150055
29,"1211",0.999104022979736
29,"1212",-1
29,"1213",0.89584082365036
29,"1214",-1
29,"1215",-1
29,"1216",-0.844542801380157
29,"1217",-1
29,"1218",-0.845167517662048
29,"1219",-0.771280467510223
29,"1220",-0.845167517662048
29,"1221",-0.845170438289642
29,"1222",0.661207675933838
29,"1223",-1
29,"1224",0.235423862934113
29,"1225",-0.844204783439636
29,"1226",0.421535909175873
29,"1227",-0.868133127689362
29,"1228",-1
29,"1229",0.224585771560669
29,"1230",-0.125417128205299
29,"1231",-0.75971782207489
29,"1232",-0.843354940414429
29,"1233",-0.969666123390198
29,"1234",-1
29,"1235",-0.557329177856445
29,"1236",0.00528488960117102
29,"1237",-0.815065562725067
29,"1238",0.245429024100304
29,"1239",0.181385189294815
29,"1240",-0.142131760716438
29,"1241",0.280593186616898
29,"1242",-0.893671572208405
29,"1243",0.165276661515236
29,"1244",-0.816278576850891
29,"1245",-0.844348073005676
29,"1246",0.617498099803925
29,"1247",-0.845167517662048
29,"1248",-1
29,"1249",-0.999713838100433
29,"1250",0.885346114635468
29,"1251",-0.843335926532745
29,"1252",0.71657931804657
29,"1253",-0.845167517662048
29,"1254",-0.845167517662048
29,"1255",0.0814665630459785
29,"1256",0.713486671447754
29,"1257",-0.760087788105011
29,"1258",-0.0461122803390026
29,"1259",-0.271754771471024
29,"1260",0.612261056900024
29,"1261",-0.877506852149963
29,"1262",-0.844545125961304
29,"1263",-0.845167517662048
29,"1264",0.448791861534119
30,"803",0.329357355833054
30,"815",-0.670837819576263
30,"843",-0.730479180812836
30,"872",0.297654241323471
30,"915",-0.821026027202606
30,"986",0.429348766803741
30,"1009",-0.766664385795593
30,"1012",0.947775602340698
30,"1013",0.425915271043777
30,"1015",0.95327889919281
30,"1017",-0.822527945041656
30,"1021",-0.59217232465744
30,"1025",-0.825511157512665
30,"1028",-0.541027843952179
30,"1038",0.491530060768127
30,"1039",0.0530766844749451
30,"1044",0.529490530490875
30,"1054",-0.539807856082916
30,"1056",0.656935155391693
30,"1059",-0.751669883728027
30,"1060",-0.61532324552536
30,"1061",0.45068034529686
30,"1062",-0.49513977766037
30,"1065",-0.640592038631439
30,"1073",0.915171027183533
30,"1074",0.845999181270599
30,"1075",-0.743517935276031
30,"1077",0.481486618518829
30,"1082",-1
30,"1086",0.911753237247467
30,"1087",0.846313536167145
30,"1099",0.496596664190292
30,"1100",-0.844498693943024
30,"1102",-0.510217189788818
30,"1104",-0.8111771941185
30,"1105",0.428900957107544
30,"1108",-0.662726402282715
30,"1110",0.404619038105011
30,"1114",0.650544822216034
30,"1116",0.325214475393295
30,"1117",0.964798271656036
30,"1119",-0.555427014827728
30,"1122",0.947158873081207
30,"1127",0.788745820522308
30,"1128",0.972755312919617
30,"1131",-0.572299897670746
30,"1132",-0.572909116744995
30,"1133",-0.830176830291748
30,"1140",-0.78778612613678
30,"1141",0.448652505874634
30,"1142",0.530679106712341
30,"1143",-0.518937468528748
30,"1146",-0.822283267974854
30,"1148",NA
30,"1150",-0.844684541225433
30,"1152",-1
30,"1153",0.940904915332794
30,"1157",-0.564063012599945
30,"1159",0.947336196899414
30,"1165",-0.844464421272278
30,"1166",-0.323164731264114
30,"1170",-0.837854146957397
30,"1171",0.848184704780579
30,"1172",-0.822057247161865
30,"1173",0.947775602340698
30,"1174",-0.64867627620697
30,"1175",0.344672799110413
30,"1176",-0.545893847942352
30,"1177",1
30,"1178",0.412583500146866
30,"1180",0.751256585121155
30,"1181",0.684820652008057
30,"1182",0.38972669839859
30,"1183",-0.60863596200943
30,"1184",0.681559681892395
30,"1186",0.780383050441742
30,"1187",-0.830346524715424
30,"1188",0.947775602340698
30,"1189",0.965671598911285
30,"1190",-0.844684541225433
30,"1191",-0.844740748405457
30,"1192",0.103320024907589
30,"1193",0.065010167658329
30,"1194",-0.844684541225433
30,"1195",0.279334247112274
30,"1196",0.283457368612289
30,"1197",-0.690132677555084
30,"1198",-0.844684541225433
30,"1199",-0.670506656169891
30,"1200",-0.203368037939072
30,"1201",0.0941785797476768
30,"1202",-0.728182077407837
30,"1203",-0.830227792263031
30,"1204",0.567720651626587
30,"1205",0.485012322664261
30,"1206",0.627070248126984
30,"1207",0.662447512149811
30,"1208",0.308892965316772
30,"1209",0.831732034683228
30,"1210",0.947158873081207
30,"1211",0.969886124134064
30,"1212",-1
30,"1213",0.947775602340698
30,"1214",-0.791383504867554
30,"1215",-0.970008850097656
30,"1216",-0.844625115394592
30,"1217",-0.968843460083008
30,"1218",-0.844097673892975
30,"1219",-0.617042362689972
30,"1220",-0.844555020332336
30,"1221",-0.844684541225433
30,"1222",0.594083726406097
30,"1223",-1
30,"1224",0.33838814496994
30,"1225",-0.844089865684509
30,"1226",0.378570795059204
30,"1227",-0.604502379894257
30,"1228",-0.98949784040451
30,"1229",0.365323424339294
30,"1230",0.0973135977983475
30,"1231",-0.539509415626526
30,"1232",-0.83034747838974
30,"1233",-0.666416823863983
30,"1234",-0.573852181434631
30,"1235",-0.120917856693268
30,"1236",0.0475384555757046
30,"1237",-0.64467716217041
30,"1238",0.451347470283508
30,"1239",0.128482669591904
30,"1240",0.0833653584122658
30,"1241",0.480019003152847
30,"1242",-0.727772057056427
30,"1243",0.0941768884658813
30,"1244",-0.81342339515686
30,"1245",-0.844071507453918
30,"1246",0.733756303787231
30,"1247",-0.844684541225433
30,"1248",-1
30,"1249",-0.609246134757996
30,"1250",0.963323533535004
30,"1251",-0.81342339515686
30,"1252",0.841751754283905
30,"1253",-0.844684541225433
30,"1254",-0.844684541225433
30,"1255",0.0595363900065422
30,"1256",0.841633200645447
30,"1257",-0.542588114738464
30,"1258",0.0350365936756134
30,"1259",0.0474746897816658
30,"1260",0.631677746772766
30,"1261",-0.658439576625824
30,"1262",-0.844684541225433
30,"1263",-0.824439644813538
30,"1264",0.454469949007034
31,"803",0.118432708084583
31,"815",-0.946255922317505
31,"843",-0.888540983200073
31,"872",0.128445684909821
31,"915",-0.992556929588318
31,"986",0.228441938757896
31,"1009",-0.956705629825592
31,"1012",1
31,"1013",0.141209781169891
31,"1015",0.676597535610199
31,"1017",-0.995366394519806
31,"1021",-0.896996796131134
31,"1025",-0.988053679466248
31,"1028",-0.860151648521423
31,"1038",0.478244364261627
31,"1039",0.0483309961855412
31,"1044",0.412324637174606
31,"1054",-0.854162991046906
31,"1056",0.532226085662842
31,"1059",-0.907037734985352
31,"1060",-0.895552039146423
31,"1061",0.285865873098373
31,"1062",-0.858986139297485
31,"1065",-0.994366765022278
31,"1073",0.646968364715576
31,"1074",0.792970299720764
31,"1075",-0.952359616756439
31,"1077",0.280945509672165
31,"1082",-0.950299799442291
31,"1086",0.605779945850372
31,"1087",0.645795941352844
31,"1099",0.306845992803574
31,"1100",-0.996191442012787
31,"1102",-0.804810464382172
31,"1104",-0.992694199085236
31,"1105",0.170219957828522
31,"1108",-0.864365816116333
31,"1110",0.217144653201103
31,"1114",0.601932168006897
31,"1116",0.100529938936234
31,"1117",0.883809506893158
31,"1119",-0.825415551662445
31,"1122",0.993090212345123
31,"1127",0.674752354621887
31,"1128",0.864251017570496
31,"1131",-0.853146135807037
31,"1132",-0.881085932254791
31,"1133",-0.995366394519806
31,"1140",-1
31,"1141",0.221477314829826
31,"1142",0.449898481369019
31,"1143",-0.896471560001373
31,"1146",-0.990757882595062
31,"1148",0.566744267940521
31,"1150",-0.999892711639404
31,"1152",-0.97065144777298
31,"1153",0.663875639438629
31,"1157",-0.877833008766174
31,"1159",0.885350525379181
31,"1165",-0.999932885169983
31,"1166",-0.704070150852203
31,"1170",-0.999892711639404
31,"1171",0.681798875331879
31,"1172",-0.997409343719482
31,"1173",1
31,"1174",-0.951155304908752
31,"1175",0.219569951295853
31,"1176",-0.917956948280334
31,"1177",0.661252975463867
31,"1178",0.251004576683044
31,"1180",0.610267341136932
31,"1181",0.496785461902618
31,"1182",0.171521738171577
31,"1183",-0.842775762081146
31,"1184",0.628018856048584
31,"1186",0.666390836238861
31,"1187",-0.995366394519806
31,"1188",0.892732858657837
31,"1189",0.690435767173767
31,"1190",-0.999892711639404
31,"1191",-0.996191442012787
31,"1192",-0.203405544161797
31,"1193",-0.209666296839714
31,"1194",-0.999892711639404
31,"1195",0.253428906202316
31,"1196",0.098915733397007
31,"1197",-0.830836117267609
31,"1198",-0.996414244174957
31,"1199",-0.88088446855545
31,"1200",-0.627051055431366
31,"1201",-0.198375284671783
31,"1202",-1
31,"1203",-0.995366394519806
31,"1204",0.467697232961655
31,"1205",0.331803232431412
31,"1206",0.49509260058403
31,"1207",0.620438456535339
31,"1208",0.127830594778061
31,"1209",0.667624592781067
31,"1210",0.903274297714233
31,"1211",0.99947053194046
31,"1212",-1
31,"1213",0.892732858657837
31,"1214",-1
31,"1215",-1
31,"1216",-0.996351480484009
31,"1217",-1
31,"1218",-0.999892711639404
31,"1219",-0.862751007080078
31,"1220",-0.999892711639404
31,"1221",-1
31,"1222",0.733986675739288
31,"1223",-1
31,"1224",0.134392246603966
31,"1225",-0.999417662620544
31,"1226",0.275897264480591
31,"1227",-0.846496999263763
31,"1228",-1
31,"1229",0.118661805987358
31,"1230",-0.221395701169968
31,"1231",-0.887075006961823
31,"1232",-0.995346546173096
31,"1233",-0.984825313091278
31,"1234",-0.982236742973328
31,"1235",-0.570790350437164
31,"1236",-0.110447488725185
31,"1237",-0.927931666374207
31,"1238",0.149460658431053
31,"1239",0.042921531945467
31,"1240",-0.23636919260025
31,"1241",0.219905763864517
31,"1242",-0.932852506637573
31,"1243",0.0278238859027624
31,"1244",-0.967528998851776
31,"1245",-0.999565780162811
31,"1246",0.468750953674316
31,"1247",-0.999892711639404
31,"1248",-1
31,"1249",-0.990797579288483
31,"1250",0.889548540115356
31,"1251",-0.993381202220917
31,"1252",0.683302462100983
31,"1253",-0.999892711639404
31,"1254",-0.999892711639404
31,"1255",-0.0385623015463352
31,"1256",0.68198823928833
31,"1257",-0.877947330474854
31,"1258",-0.149864226579666
31,"1259",-0.363813161849976
31,"1260",0.481808841228485
31,"1261",-0.954808354377747
31,"1262",-0.996414244174957
31,"1263",-0.99667751789093
31,"1264",0.289538711309433
32,"803",0.192263320088387
32,"815",-0.743352353572845
32,"843",-0.766602277755737
32,"872",0.206449687480927
32,"915",-0.804693758487701
32,"986",0.340136975049973
32,"1009",-0.795138716697693
32,"1012",1
32,"1013",0.249714747071266
32,"1015",0.758518159389496
32,"1017",-0.899667263031006
32,"1021",-0.691938638687134
32,"1025",-0.892388164997101
32,"1028",-0.659956693649292
32,"1038",0.554707705974579
32,"1039",0.148149088025093
32,"1044",0.458003044128418
32,"1054",-0.659297525882721
32,"1056",0.629545450210571
32,"1059",-0.696103274822235
32,"1060",-0.67190033197403
32,"1061",0.373336315155029
32,"1062",-0.636771559715271
32,"1065",-0.74109023809433
32,"1073",0.764952123165131
32,"1074",0.828359484672546
32,"1075",-0.743044555187225
32,"1077",0.347638696432114
32,"1082",-0.960974335670471
32,"1086",0.729369342327118
32,"1087",0.706992208957672
32,"1099",0.372162818908691
32,"1100",-0.899639427661896
32,"1102",-0.648328304290771
32,"1104",-0.899673700332642
32,"1105",0.236048683524132
32,"1108",-0.67292183637619
32,"1110",0.303818821907043
32,"1114",0.633559703826904
32,"1116",0.163454338908195
32,"1117",0.940554797649384
32,"1119",-0.670517802238464
32,"1122",0.992413341999054
32,"1127",0.71991640329361
32,"1128",0.916533708572388
32,"1131",-0.696622788906097
32,"1132",-0.650884032249451
32,"1133",-0.899671733379364
32,"1140",-0.741360008716583
32,"1141",0.339869916439056
32,"1142",0.531664192676544
32,"1143",-0.690555989742279
32,"1146",-0.883068680763245
32,"1148",0.627322912216187
32,"1150",-0.899741351604462
32,"1152",-0.776894986629486
32,"1153",0.736363470554352
32,"1157",-0.646966934204102
32,"1159",0.923396229743958
32,"1165",-0.899775385856628
32,"1166",-0.585520446300507
32,"1170",-0.899644315242767
32,"1171",0.732020795345306
32,"1172",-0.886842966079712
32,"1173",1
32,"1174",-0.735258162021637
32,"1175",0.299273252487183
32,"1176",-0.718045711517334
32,"1177",0.730524837970734
32,"1178",0.322902083396912
32,"1180",0.700650870800018
32,"1181",0.586491584777832
32,"1182",0.267880201339722
32,"1183",-0.665396153926849
32,"1184",0.663851678371429
32,"1186",0.71163147687912
32,"1187",-0.899644315242767
32,"1188",0.92907577753067
32,"1189",0.788049817085266
32,"1190",-0.899644315242767
32,"1191",-0.899741351604462
32,"1192",-0.0991939231753349
32,"1193",-0.0889144167304039
32,"1194",-0.899644315242767
32,"1195",0.30890291929245
32,"1196",0.179529905319214
32,"1197",-0.664492964744568
32,"1198",-0.899644315242767
32,"1199",-0.749965190887451
32,"1200",-0.483640313148499
32,"1201",-0.0887109935283661
32,"1202",-0.758363008499146
32,"1203",-0.899644315242767
32,"1204",0.55505234003067
32,"1205",0.436730682849884
32,"1206",0.575881004333496
32,"1207",0.655006408691406
32,"1208",0.210910260677338
32,"1209",0.748762547969818
32,"1210",0.936895489692688
32,"1211",0.999851286411285
32,"1212",-0.948909938335419
32,"1213",0.92925488948822
32,"1214",-0.772722721099854
32,"1215",-0.935226380825043
32,"1216",-0.899730265140533
32,"1217",-1
32,"1218",-0.897506296634674
32,"1219",-0.706314861774445
32,"1220",-0.898916959762573
32,"1221",-0.89998871088028
32,"1222",0.710448443889618
32,"1223",-0.94272792339325
32,"1224",0.218855679035187
32,"1225",-0.899370133876801
32,"1226",0.338241338729858
32,"1227",-0.688556730747223
32,"1228",-0.960184156894684
32,"1229",0.211119815707207
32,"1230",-0.0999930649995804
32,"1231",-0.678147971630096
32,"1232",-0.899667143821716
32,"1233",-0.740799963474274
32,"1234",-0.76593005657196
32,"1235",-0.412677377462387
32,"1236",-0.00637814216315746
32,"1237",-0.793156862258911
32,"1238",0.230725109577179
32,"1239",0.126414895057678
32,"1240",-0.119988523423672
32,"1241",0.284697145223618
32,"1242",-0.692442774772644
32,"1243",0.114220164716244
32,"1244",-0.86147677898407
32,"1245",-0.899665892124176
32,"1246",0.587126791477203
32,"1247",-0.899644315242767
32,"1248",-1
32,"1249",-0.754027426242828
32,"1250",0.924134790897369
32,"1251",-0.899644315242767
32,"1252",0.729716300964355
32,"1253",-0.899644315242767
32,"1254",-0.899644315242767
32,"1255",0.0519327446818352
32,"1256",0.729052186012268
32,"1257",-0.695300698280334
32,"1258",-0.0303862988948822
32,"1259",-0.222434252500534
32,"1260",0.572289943695068
32,"1261",-0.82248991727829
32,"1262",-0.899644315242767
32,"1263",-0.899644315242767
32,"1264",0.374450862407684
33,"803",0.331652224063873
33,"815",-0.621053636074066
33,"843",-0.608775675296783
33,"872",0.264849662780762
33,"915",-0.72167980670929
33,"986",0.405623614788055
33,"1009",-0.636813163757324
33,"1012",1
33,"1013",0.325961053371429
33,"1015",0.803197085857391
33,"1017",-0.63782000541687
33,"1021",-0.775914013385773
33,"1025",-0.636999487876892
33,"1028",-0.624881982803345
33,"1038",0.6310054063797
33,"1039",0.247655928134918
33,"1044",0.582570552825928
33,"1054",-0.564590752124786
33,"1056",0.708278298377991
33,"1059",-0.799139142036438
33,"1060",-0.687999248504639
33,"1061",0.455908238887787
33,"1062",-0.562636017799377
33,"1065",-0.687458634376526
33,"1073",0.762776911258698
33,"1074",0.870000720024109
33,"1075",-0.821252226829529
33,"1077",0.430348843336105
33,"1082",-1
33,"1086",0.752915561199188
33,"1087",0.778507173061371
33,"1099",0.463880777359009
33,"1100",-0.640354156494141
33,"1102",-0.54834121465683
33,"1104",-0.625716745853424
33,"1105",0.347462594509125
33,"1108",-0.573482871055603
33,"1110",0.375201970338821
33,"1114",0.703684151172638
33,"1116",0.256774604320526
33,"1117",0.936367213726044
33,"1119",-0.575481116771698
33,"1122",0.989589035511017
33,"1127",0.79843544960022
33,"1128",0.956849277019501
33,"1131",-0.6304652094841
33,"1132",-0.730016887187958
33,"1133",-0.63782000541687
33,"1140",-0.821133613586426
33,"1141",0.416319668292999
33,"1142",0.593667328357697
33,"1143",-0.611547470092773
33,"1146",-0.625455319881439
33,"1148",0.687008321285248
33,"1150",-0.640456557273865
33,"1152",-0.844490885734558
33,"1153",0.776759564876556
33,"1157",-0.588423013687134
33,"1159",0.939112663269043
33,"1165",-0.640456557273865
33,"1166",-0.446587413549423
33,"1170",-0.640456557273865
33,"1171",0.805961489677429
33,"1172",-0.634170353412628
33,"1173",1
33,"1174",-0.618713557720184
33,"1175",0.381485283374786
33,"1176",-0.59867912530899
33,"1177",0.786540806293488
33,"1178",0.402927696704865
33,"1180",0.766060054302216
33,"1181",0.655174672603607
33,"1182",0.344062715768814
33,"1183",-0.603710114955902
33,"1184",0.74990302324295
33,"1186",0.790519177913666
33,"1187",-0.63782000541687
33,"1188",0.94192498922348
33,"1189",0.799860656261444
33,"1190",-0.640456557273865
33,"1191",-0.640456080436707
33,"1192",-0.0477138571441174
33,"1193",-0.0198179464787245
33,"1194",-0.640456557273865
33,"1195",0.3471899330616
33,"1196",0.299178451299667
33,"1197",-0.558574736118317
33,"1198",-0.640456557273865
33,"1199",-0.747214436531067
33,"1200",-0.33432948589325
33,"1201",-0.00594717357307673
33,"1202",-0.821428120136261
33,"1203",-0.637783288955688
33,"1204",0.632159888744354
33,"1205",0.496083617210388
33,"1206",0.658270418643951
33,"1207",0.74671459197998
33,"1208",0.291850984096527
33,"1209",0.789903283119202
33,"1210",0.947983920574188
33,"1211",0.999481081962585
33,"1212",-0.977123975753784
33,"1213",0.94192498922348
33,"1214",-0.82760763168335
33,"1215",-0.985823214054108
33,"1216",-0.640455603599548
33,"1217",-0.980704188346863
33,"1218",-0.635802209377289
33,"1219",-0.59980982542038
33,"1220",-0.639155685901642
33,"1221",-0.640427529811859
33,"1222",0.756092607975006
33,"1223",-0.995833396911621
33,"1224",0.303116708993912
33,"1225",-0.639823734760284
33,"1226",0.40814483165741
33,"1227",-0.786041259765625
33,"1228",-1
33,"1229",0.296068221330643
33,"1230",-0.0289428886026144
33,"1231",-0.570717692375183
33,"1232",-0.637820243835449
33,"1233",-0.733379542827606
33,"1234",-0.703059136867523
33,"1235",-0.282759636640549
33,"1236",0.0647337064146996
33,"1237",-0.634596168994904
33,"1238",0.306919187307358
33,"1239",0.243433460593224
33,"1240",-0.0557477623224258
33,"1241",0.40554666519165
33,"1242",-0.802326798439026
33,"1243",0.232978209853172
33,"1244",-0.622168779373169
33,"1245",-0.639908492565155
33,"1246",0.6749666929245
33,"1247",-0.640456557273865
33,"1248",-1
33,"1249",-0.761282622814178
33,"1250",0.943996965885162
33,"1251",-0.636633396148682
33,"1252",0.807596564292908
33,"1253",-0.640456557273865
33,"1254",-0.640456557273865
33,"1255",0.148157700896263
33,"1256",0.805314004421234
33,"1257",-0.561349034309387
33,"1258",0.0395914949476719
33,"1259",-0.166189983487129
33,"1260",0.632038772106171
33,"1261",-0.700464189052582
33,"1262",-0.640456557273865
33,"1263",-0.638744950294495
33,"1264",0.452578574419022
34,"803",0.384344130754471
34,"815",-0.625252783298492
34,"843",-0.473182618618011
34,"872",0.375035524368286
34,"915",-0.651152849197388
34,"986",0.485660642385483
34,"1009",-0.633081912994385
34,"1012",1
34,"1013",0.418728649616241
34,"1015",0.796600639820099
34,"1017",-0.975261270999908
34,"1021",-0.431171864271164
34,"1025",-1
34,"1028",-0.432213306427002
34,"1038",0.73319137096405
34,"1039",0.354391098022461
34,"1044",0.671913862228394
34,"1054",-0.451013445854187
34,"1056",0.815173983573914
34,"1059",-0.437718570232391
34,"1060",-0.467006117105484
34,"1061",0.588268578052521
34,"1062",-0.445003598928452
34,"1065",-0.586566865444183
34,"1073",0.79660838842392
34,"1074",0.855392515659332
34,"1075",-0.459497511386871
34,"1077",0.574030160903931
34,"1082",-0.614376544952393
34,"1086",0.768441200256348
34,"1087",0.798646569252014
34,"1099",0.604986727237701
34,"1100",-0.989460468292236
34,"1102",-0.388378083705902
34,"1104",-0.985244691371918
34,"1105",0.422984093427658
34,"1108",-0.467523962259293
34,"1110",0.51987886428833
34,"1114",0.730341792106628
34,"1116",0.379345089197159
34,"1117",0.933015167713165
34,"1119",-0.441710561513901
34,"1122",0.98507958650589
34,"1127",0.816364109516144
34,"1128",0.901152431964874
34,"1131",-0.43320170044899
34,"1132",-0.438520461320877
34,"1133",-0.975261270999908
34,"1140",-0.586024224758148
34,"1141",0.495577812194824
34,"1142",0.689393818378448
34,"1143",-0.61504077911377
34,"1146",-1
34,"1148",0.709226310253143
34,"1150",-0.989893436431885
34,"1152",-0.478698551654816
34,"1153",0.775786459445953
34,"1157",-0.539093315601349
34,"1159",0.927671372890472
34,"1165",-0.989496529102325
34,"1166",-0.303917914628983
34,"1170",-0.989959955215454
34,"1171",0.823111593723297
34,"1172",-0.975772976875305
34,"1173",1
34,"1174",-0.611685752868652
34,"1175",0.52314704656601
34,"1176",-0.57127058506012
34,"1177",0.791047930717468
34,"1178",0.54216206073761
34,"1180",0.800969839096069
34,"1181",0.760190546512604
34,"1182",0.445831686258316
34,"1183",-0.596045732498169
34,"1184",0.795025110244751
34,"1186",0.798064231872559
34,"1187",-0.974787533283234
34,"1188",0.93413257598877
34,"1189",0.81624448299408
34,"1190",-0.989893436431885
34,"1191",-0.993063569068909
34,"1192",0.111118599772453
34,"1193",0.113145641982555
34,"1194",-0.989959955215454
34,"1195",0.54487532377243
34,"1196",0.356854498386383
34,"1197",-0.450755447149277
34,"1198",-0.989687740802765
34,"1199",-0.593046367168427
34,"1200",-0.188318088650703
34,"1201",0.124728783965111
34,"1202",-0.58934485912323
34,"1203",-0.974775671958923
34,"1204",0.708363234996796
34,"1205",0.628305435180664
34,"1206",0.747069120407104
34,"1207",0.774192869663239
34,"1208",0.397374421358109
34,"1209",0.801233351230621
34,"1210",0.944708168506622
34,"1211",0.999375343322754
34,"1212",-0.630349516868591
34,"1213",0.93413257598877
34,"1214",-0.592146456241608
34,"1215",-0.628054857254028
34,"1216",-0.989687740802765
34,"1217",-0.664751589298248
34,"1218",-0.989939510822296
34,"1219",-0.471183985471725
34,"1220",-0.990126371383667
34,"1221",-1
34,"1222",0.758314490318298
34,"1223",-0.629771769046783
34,"1224",0.408000409603119
34,"1225",-0.990073442459106
34,"1226",0.551374733448029
34,"1227",-0.432449460029602
34,"1228",-0.628054857254028
34,"1229",0.392712086439133
34,"1230",0.103859961032867
34,"1231",-0.500299394130707
34,"1232",-0.9740269780159
34,"1233",-0.586039900779724
34,"1234",-0.64956521987915
34,"1235",-0.188951730728149
34,"1236",0.207561761140823
34,"1237",-0.566521525382996
34,"1238",0.416471213102341
34,"1239",0.355750858783722
34,"1240",0.0952766090631485
34,"1241",0.464608311653137
34,"1242",-0.465761810541153
34,"1243",0.34269580245018
34,"1244",-0.736766278743744
34,"1245",-0.989954173564911
34,"1246",0.745402991771698
34,"1247",-0.989893436431885
34,"1248",-0.988765895366669
34,"1249",-0.57106339931488
34,"1250",0.923197209835052
34,"1251",-0.97473818063736
34,"1252",0.821856558322906
34,"1253",-0.989893436431885
34,"1254",-0.989959955215454
34,"1255",0.278428018093109
34,"1256",0.815321683883667
34,"1257",-0.502200186252594
34,"1258",0.17072094976902
34,"1259",-0.0128939412534237
34,"1260",0.722664773464203
34,"1261",-0.566322088241577
34,"1262",-0.989687740802765
34,"1263",-0.982573390007019
34,"1264",0.588661015033722
35,"803",0.343687802553177
35,"815",-0.501503884792328
35,"843",-0.469715386629105
35,"872",0.348056435585022
35,"915",-0.489889323711395
35,"986",0.522188365459442
35,"1009",-0.559878408908844
35,"1012",1
35,"1013",0.436696231365204
35,"1015",0.828231930732727
35,"1017",-0.964664041996002
35,"1021",-0.40353387594223
35,"1025",-0.995770037174225
35,"1028",-0.405121743679047
35,"1038",0.657011985778809
35,"1039",0.319810330867767
35,"1044",0.571704626083374
35,"1054",-0.402973264455795
35,"1056",0.743884205818176
35,"1059",-0.420264482498169
35,"1060",-0.441099554300308
35,"1061",0.522541463375092
35,"1062",-0.376361757516861
35,"1065",-0.550327122211456
35,"1073",0.805273056030273
35,"1074",0.857515454292297
35,"1075",-0.45031601190567
35,"1077",0.504849791526794
35,"1082",-0.611142456531525
35,"1086",0.775007307529449
35,"1087",0.803336262702942
35,"1099",0.515970468521118
35,"1100",-0.981362402439117
35,"1102",-0.364531755447388
35,"1104",-0.900808393955231
35,"1105",0.381917387247086
35,"1108",-0.401308864355087
35,"1110",0.482732027769089
35,"1114",0.785580813884735
35,"1116",0.345825225114822
35,"1117",0.959293186664581
35,"1119",-0.402861297130585
35,"1122",0.991871476173401
35,"1127",0.827608823776245
35,"1128",0.945407271385193
35,"1131",-0.426350384950638
35,"1132",-0.398517668247223
35,"1133",-0.964557468891144
35,"1140",-0.515393912792206
35,"1141",0.515661537647247
35,"1142",0.656346142292023
35,"1143",-0.452036112546921
35,"1146",-0.980577647686005
35,"1148",0.713627099990845
35,"1150",-0.981443285942078
35,"1152",-0.46080008149147
35,"1153",0.810712218284607
35,"1157",-0.436693012714386
35,"1159",0.954948604106903
35,"1165",-0.981440842151642
35,"1166",-0.297862321138382
35,"1170",-0.981443285942078
35,"1171",0.832300305366516
35,"1172",-0.978408515453339
35,"1173",1
35,"1174",-0.510143578052521
35,"1175",0.477940648794174
35,"1176",-0.448103457689285
35,"1177",0.79641729593277
35,"1178",0.490340739488602
35,"1180",0.787767350673676
35,"1181",0.70253986120224
35,"1182",0.465571075677872
35,"1183",-0.460956811904907
35,"1184",0.791795134544373
35,"1186",0.818024516105652
35,"1187",-0.964662313461304
35,"1188",0.957333505153656
35,"1189",0.833978056907654
35,"1190",-0.981427311897278
35,"1191",-1
35,"1192",0.084274634718895
35,"1193",0.0880833119153976
35,"1194",-0.980752348899841
35,"1195",0.442671090364456
35,"1196",0.343733429908752
35,"1197",-0.331385225057602
35,"1198",-0.981448173522949
35,"1199",-0.520817637443542
35,"1200",-0.220719158649445
35,"1201",0.0919792503118515
35,"1202",-0.512853443622589
35,"1203",-0.964672029018402
35,"1204",0.678182601928711
35,"1205",0.586556017398834
35,"1206",0.671915829181671
35,"1207",0.782116591930389
35,"1208",0.378883212804794
35,"1209",0.82039338350296
35,"1210",0.963811159133911
35,"1211",0.999786138534546
35,"1212",-0.592201352119446
35,"1213",0.957333505153656
35,"1214",-0.532956123352051
35,"1215",-0.611245632171631
35,"1216",-0.987238347530365
35,"1217",-0.636637330055237
35,"1218",-0.981242179870605
35,"1219",-0.467665880918503
35,"1220",-0.980398654937744
35,"1221",-0.99565190076828
35,"1222",0.843716681003571
35,"1223",-0.608024179935455
35,"1224",0.378716111183167
35,"1225",-0.980879485607147
35,"1226",0.497854441404343
35,"1227",-0.40833905339241
35,"1228",-0.617760896682739
35,"1229",0.369936108589172
35,"1230",0.0826642066240311
35,"1231",-0.417362540960312
35,"1232",-0.964665651321411
35,"1233",-0.500629425048828
35,"1234",-0.48793038725853
35,"1235",-0.199826210737228
35,"1236",0.168629109859467
35,"1237",-0.544409036636353
35,"1238",0.384391009807587
35,"1239",0.300232857465744
35,"1240",0.0554837696254253
35,"1241",0.416577368974686
35,"1242",-0.44381520152092
35,"1243",0.285823076963425
35,"1244",-0.673409521579742
35,"1245",-0.981041073799133
35,"1246",0.684594750404358
35,"1247",-0.981381118297577
35,"1248",-0.980752348899841
35,"1249",-0.473202884197235
35,"1250",0.951543629169464
35,"1251",-0.873311161994934
35,"1252",0.832166910171509
35,"1253",-0.981450021266937
35,"1254",-0.981381118297577
35,"1255",0.211527898907661
35,"1256",0.830230832099915
35,"1257",-0.425293236970901
35,"1258",0.135877370834351
35,"1259",-0.038080919533968
35,"1260",0.68341600894928
35,"1261",-0.534317433834076
35,"1262",-0.981443285942078
35,"1263",-0.969834864139557
35,"1264",0.530457079410553
36,"803",0.494960278272629
36,"815",-0.529976785182953
36,"843",-0.430518358945847
36,"872",0.3766248524189
36,"915",-0.448285549879074
36,"986",0.580916404724121
36,"1009",-0.524546384811401
36,"1012",1
36,"1013",0.509190738201141
36,"1015",0.833650708198547
36,"1017",-0.973864912986755
36,"1021",-0.401425033807755
36,"1025",-0.980098843574524
36,"1028",-0.419426202774048
36,"1038",0.676141440868378
36,"1039",0.398511081933975
36,"1044",0.672299206256866
36,"1054",-0.417101800441742
36,"1056",0.752740859985352
36,"1059",-0.421953737735748
36,"1060",-0.436728060245514
36,"1061",0.639602541923523
36,"1062",-0.411622703075409
36,"1065",-0.562333166599274
36,"1073",0.843994677066803
36,"1074",0.831061661243439
36,"1075",-0.427766650915146
36,"1077",0.618130207061768
36,"1082",-0.51457291841507
36,"1086",0.812764823436737
36,"1087",0.793046295642853
36,"1099",0.656864106655121
36,"1100",-0.979135274887085
36,"1102",-0.315173029899597
36,"1104",-1
36,"1105",0.447154521942139
36,"1108",-0.402242809534073
36,"1110",0.584409654140472
36,"1114",0.743874371051788
36,"1116",0.405853480100632
36,"1117",0.950070381164551
36,"1119",-0.387055963277817
36,"1122",0.991830408573151
36,"1127",0.811266541481018
36,"1128",0.971054911613464
36,"1131",-0.426337867975235
36,"1132",-0.390747725963593
36,"1133",-0.973864912986755
36,"1140",-0.511641442775726
36,"1141",0.593810081481934
36,"1142",0.643235325813293
36,"1143",-0.426758766174316
36,"1146",-0.978463590145111
36,"1148",0.741448223590851
36,"1150",-0.979345500469208
36,"1152",-0.404565155506134
36,"1153",0.835370600223541
36,"1157",-0.450759619474411
36,"1159",0.959226310253143
36,"1165",-0.979455649852753
36,"1166",-0.229989945888519
36,"1170",-0.979547381401062
36,"1171",0.817812979221344
36,"1172",-0.976188242435455
36,"1173",1
36,"1174",-0.507836401462555
36,"1175",0.589099407196045
36,"1176",-0.480939567089081
36,"1177",0.847741663455963
36,"1178",0.593669354915619
36,"1180",0.810416996479034
36,"1181",0.721978604793549
36,"1182",0.525239825248718
36,"1183",-0.420996725559235
36,"1184",0.776955485343933
36,"1186",0.7896608710289
36,"1187",-0.972274899482727
36,"1188",0.959831178188324
36,"1189",0.859606862068176
36,"1190",-0.979350984096527
36,"1191",-1
36,"1192",0.131159335374832
36,"1193",0.148111671209335
36,"1194",-0.979345500469208
36,"1195",0.520673811435699
36,"1196",0.419980108737946
36,"1197",-0.3161561191082
36,"1198",-0.978814721107483
36,"1199",-0.446969658136368
36,"1200",-0.142676413059235
36,"1201",0.151693075895309
36,"1202",-0.495886623859406
36,"1203",-0.972274899482727
36,"1204",0.698791563510895
36,"1205",0.664424538612366
36,"1206",0.682950139045715
36,"1207",0.786250352859497
36,"1208",0.42511197924614
36,"1209",0.832771301269531
36,"1210",0.966291606426239
36,"1211",0.999721944332123
36,"1212",-0.605842471122742
36,"1213",0.959831178188324
36,"1214",-0.508314967155457
36,"1215",-0.613762438297272
36,"1216",-0.982263565063477
36,"1217",-0.609736084938049
36,"1218",-0.979350984096527
36,"1219",-0.437686651945114
36,"1220",-0.979345500469208
36,"1221",-0.998549580574036
36,"1222",0.788571953773499
36,"1223",-0.620640397071838
36,"1224",0.437976688146591
36,"1225",-0.980780959129333
36,"1226",0.590833246707916
36,"1227",-0.374468207359314
36,"1228",-0.613762438297272
36,"1229",0.419264197349548
36,"1230",0.14027450978756
36,"1231",-0.427734792232513
36,"1232",-0.972476601600647
36,"1233",-0.481072187423706
36,"1234",-0.551278054714203
36,"1235",-0.119281001389027
36,"1236",0.239552095532417
36,"1237",-0.533879160881042
36,"1238",0.441604644060135
36,"1239",0.401833862066269
36,"1240",0.103212095797062
36,"1241",0.477263122797012
36,"1242",-0.424998641014099
36,"1243",0.391039550304413
36,"1244",-0.630862414836884
36,"1245",-0.980346322059631
36,"1246",0.751417934894562
36,"1247",-0.979345500469208
36,"1248",-0.979345500469208
36,"1249",-0.484517097473145
36,"1250",0.963173270225525
36,"1251",-0.878903269767761
36,"1252",0.807959318161011
36,"1253",-0.979350984096527
36,"1254",-0.979345500469208
36,"1255",0.305830031633377
36,"1256",0.805351257324219
36,"1257",-0.425092160701752
36,"1258",0.207384809851646
36,"1259",-0.00396282272413373
36,"1260",0.696964800357819
36,"1261",-0.515793144702911
36,"1262",-0.977531492710114
36,"1263",-0.97933030128479
36,"1264",0.647151291370392
37,"803",0.326453685760498
37,"815",-0.886306166648865
37,"843",-0.798850238323212
37,"872",0.227859824895859
37,"915",-0.915829241275787
37,"986",0.34883040189743
37,"1009",-0.827754497528076
37,"1012",0.982917487621307
37,"1013",0.281913429498672
37,"1015",0.739704310894012
37,"1017",-0.978417217731476
37,"1021",-0.738672256469727
37,"1025",-0.980402171611786
37,"1028",-0.706273436546326
37,"1038",0.64719545841217
37,"1039",0.26227194070816
37,"1044",0.597589671611786
37,"1054",-0.711333990097046
37,"1056",0.719778895378113
37,"1059",-0.732294917106628
37,"1060",-0.729321718215942
37,"1061",0.410900831222534
37,"1062",-0.670842170715332
37,"1065",-0.837588489055634
37,"1073",0.764263212680817
37,"1074",0.824176073074341
37,"1075",-0.737568557262421
37,"1077",0.451929837465286
37,"1082",-0.910759031772614
37,"1086",0.725636541843414
37,"1087",0.714242100715637
37,"1099",0.471337825059891
37,"1100",-0.998532056808472
37,"1102",-0.649319887161255
37,"1104",-0.996063947677612
37,"1105",0.33545795083046
37,"1108",-0.765491187572479
37,"1110",0.352917671203613
37,"1114",0.633611857891083
37,"1116",0.265678346157074
37,"1117",0.903179109096527
37,"1119",-0.685377359390259
37,"1122",0.968009829521179
37,"1127",0.735521256923676
37,"1128",0.899417042732239
37,"1131",-0.709030091762543
37,"1132",-0.721339225769043
37,"1133",-0.995415508747101
37,"1140",-0.866051316261292
37,"1141",0.357313871383667
37,"1142",0.616395056247711
37,"1143",-0.835448205471039
37,"1146",-0.948798537254333
37,"1148",0.635940432548523
37,"1150",-0.999493658542633
37,"1152",-0.744469404220581
37,"1153",0.706428050994873
37,"1157",-0.746352016925812
37,"1159",0.90146267414093
37,"1165",-0.999493658542633
37,"1166",-0.566310584545135
37,"1170",-0.982714533805847
37,"1171",0.743676900863647
37,"1172",-0.962681531906128
37,"1173",0.982917487621307
37,"1174",-0.846999645233154
37,"1175",0.329091370105743
37,"1176",-0.821778059005737
37,"1177",0.733894884586334
37,"1178",0.37799859046936
37,"1180",0.745387434959412
37,"1181",0.721490681171417
37,"1182",0.30281525850296
37,"1183",-0.822943389415741
37,"1184",0.714519143104553
37,"1186",0.718573212623596
37,"1187",-0.995415508747101
37,"1188",0.908752739429474
37,"1189",0.783149898052216
37,"1190",-0.999493658542633
37,"1191",-0.998769223690033
37,"1192",-0.0418449677526951
37,"1193",-0.0276025738567114
37,"1194",-0.999493658542633
37,"1195",0.35976442694664
37,"1196",0.244320258498192
37,"1197",-0.70972865819931
37,"1198",-0.998543679714203
37,"1199",-0.810214579105377
37,"1200",-0.359713405370712
37,"1201",-0.0275514982640743
37,"1202",-0.846617043018341
37,"1203",-0.995415508747101
37,"1204",0.658582150936127
37,"1205",0.480583965778351
37,"1206",0.696641564369202
37,"1207",0.705723404884338
37,"1208",0.259462833404541
37,"1209",0.711775958538055
37,"1210",0.917752325534821
37,"1211",1
37,"1212",-0.902558445930481
37,"1213",0.908752739429474
37,"1214",-0.86362886428833
37,"1215",-0.898022174835205
37,"1216",-0.998543679714203
37,"1217",-0.916895270347595
37,"1218",-0.999493658542633
37,"1219",-0.759038329124451
37,"1220",-0.999493658542633
37,"1221",-1
37,"1222",0.714469492435455
37,"1223",-0.951468288898468
37,"1224",0.275564521551132
37,"1225",-0.999471306800842
37,"1226",0.384721517562866
37,"1227",-0.705267548561096
37,"1228",-0.898022174835205
37,"1229",0.25621497631073
37,"1230",-0.0399833731353283
37,"1231",-0.763512492179871
37,"1232",-0.995473384857178
37,"1233",-0.841637670993805
37,"1234",-0.912430822849274
37,"1235",-0.339120745658875
37,"1236",0.0810323506593704
37,"1237",-0.787621736526489
37,"1238",0.318790584802628
37,"1239",0.250554025173187
37,"1240",-0.0558254532516003
37,"1241",0.403688281774521
37,"1242",-0.740009844303131
37,"1243",0.238070949912071
37,"1244",-0.933570444583893
37,"1245",-0.999493658542633
37,"1246",0.692034006118774
37,"1247",-0.999493658542633
37,"1248",-1
37,"1249",-0.8340824842453
37,"1250",0.913053452968597
37,"1251",-0.995415508747101
37,"1252",0.741272687911987
37,"1253",-0.999493658542633
37,"1254",-0.999493658542633
37,"1255",0.171397268772125
37,"1256",0.737704157829285
37,"1257",-0.762058973312378
37,"1258",0.0443333424627781
37,"1259",-0.181194841861725
37,"1260",0.670850276947021
37,"1261",-0.810173869132996
37,"1262",-0.998543679714203
37,"1263",-0.979512453079224
37,"1264",0.412097781896591
38,"803",0.159535765647888
38,"815",-0.318100780248642
38,"843",-0.31465670466423
38,"872",0.393661260604858
38,"915",-0.334160447120667
38,"986",0.516888201236725
38,"1009",-0.384602934122086
38,"1012",1
38,"1013",0.442629754543304
38,"1015",0.984861314296722
38,"1017",-0.967048227787018
38,"1021",-0.296944499015808
38,"1025",-1
38,"1028",-0.295471876859665
38,"1038",0.684243738651276
38,"1039",0.218378141522408
38,"1044",0.57855898141861
38,"1054",-0.303513824939728
38,"1056",0.792986810207367
38,"1059",-0.257473200559616
38,"1060",-0.306481957435608
38,"1061",0.54834520816803
38,"1062",-0.284848988056183
38,"1065",-0.394145309925079
38,"1073",0.994998216629028
38,"1074",1
38,"1075",-0.326535135507584
38,"1077",0.560962378978729
38,"1082",-0.345796883106232
38,"1086",0.894029676914215
38,"1087",0.887245237827301
38,"1099",0.581412613391876
38,"1100",-0.966727375984192
38,"1102",-0.272110998630524
38,"1104",-0.892485439777374
38,"1105",0.350280910730362
38,"1108",-0.307035267353058
38,"1110",0.548827946186066
38,"1114",0.903496086597443
38,"1116",0.332161426544189
38,"1117",1
38,"1119",-0.294158726930618
38,"1122",1
38,"1127",0.932441473007202
38,"1128",0.977977693080902
38,"1131",-0.331370294094086
38,"1132",-0.280346930027008
38,"1133",-0.966809272766113
38,"1140",-0.34978061914444
38,"1141",0.537892997264862
38,"1142",0.697442591190338
38,"1143",-0.326507300138474
38,"1146",-0.966871440410614
38,"1148",NA
38,"1150",-0.96777731180191
38,"1152",-0.409400463104248
38,"1153",0.944445610046387
38,"1157",-0.327011436223984
38,"1159",1
38,"1165",-0.966929137706757
38,"1166",-0.205194622278214
38,"1170",-0.967431128025055
38,"1171",0.930814027786255
38,"1172",-0.964739501476288
38,"1173",1
38,"1174",-0.344073742628098
38,"1175",0.570289134979248
38,"1176",-0.32575511932373
38,"1177",0.94855397939682
38,"1178",0.555980324745178
38,"1180",0.894633591175079
38,"1181",0.694955825805664
38,"1182",0.463357508182526
38,"1183",-0.280163079500198
38,"1184",0.914694488048553
38,"1186",0.930807948112488
38,"1187",-0.967120289802551
38,"1188",1
38,"1189",0.959732532501221
38,"1190",-0.967963933944702
38,"1191",-0.966727375984192
38,"1192",0.241900488734245
38,"1193",0.202891021966934
38,"1194",-0.967439115047455
38,"1195",0.548566460609436
38,"1196",0.229160115122795
38,"1197",-0.330704838037491
38,"1198",-0.966544806957245
38,"1199",-0.28990226984024
38,"1200",-0.111668892204762
38,"1201",0.211011603474617
38,"1202",-0.358968138694763
38,"1203",-0.967120289802551
38,"1204",0.680379629135132
38,"1205",0.611748516559601
38,"1206",0.717356264591217
38,"1207",0.897871434688568
38,"1208",0.357751965522766
38,"1209",0.949141979217529
38,"1210",1
38,"1211",1
38,"1212",-0.422392278909683
38,"1213",1
38,"1214",-0.355417728424072
38,"1215",-0.4450763463974
38,"1216",-0.98380446434021
38,"1217",-0.509457767009735
38,"1218",-0.967239618301392
38,"1219",-0.360758125782013
38,"1220",-0.967517673969269
38,"1221",-0.967200756072998
38,"1222",1
38,"1223",-0.445182591676712
38,"1224",0.363902002573013
38,"1225",-0.972310602664948
38,"1226",0.519304633140564
38,"1227",-0.249852120876312
38,"1228",-0.4450763463974
38,"1229",0.360235005617142
38,"1230",0.21059738099575
38,"1231",-0.323893278837204
38,"1232",-0.967395007610321
38,"1233",-0.340777963399887
38,"1234",-0.34648385643959
38,"1235",-0.0240866523236036
38,"1236",0.212025493383408
38,"1237",-0.433038264513016
38,"1238",0.374098747968674
38,"1239",0.237514093518257
38,"1240",0.221874341368675
38,"1241",0.405121386051178
38,"1242",-0.303421318531036
38,"1243",0.214196413755417
38,"1244",-0.878650724887848
38,"1245",-0.971975445747375
38,"1246",0.652009189128876
38,"1247",-0.967431128025055
38,"1248",-0.966590464115143
38,"1249",-0.34493961930275
38,"1250",1
38,"1251",-0.867738723754883
38,"1252",0.932441473007202
38,"1253",-0.967963933944702
38,"1254",-0.966735124588013
38,"1255",0.199525728821754
38,"1256",0.932334959506989
38,"1257",-0.325409412384033
38,"1258",0.202902674674988
38,"1259",0.202278539538383
38,"1260",0.714880764484406
38,"1261",-0.42668828368187
38,"1262",-0.966727375984192
38,"1263",-0.967200756072998
38,"1264",0.569826245307922
39,"803",0.242149710655212
39,"815",-0.877737998962402
39,"843",-0.842292845249176
39,"872",0.20327752828598
39,"915",-0.947416484355927
39,"986",0.349060624837875
39,"1009",-0.887839496135712
39,"1012",0.999995410442352
39,"1013",0.272437632083893
39,"1015",0.714833796024323
39,"1017",-0.913333892822266
39,"1021",-0.917607486248016
39,"1025",-0.908711493015289
39,"1028",-0.801748216152191
39,"1038",0.599587917327881
39,"1039",0.221991688013077
39,"1044",0.556493878364563
39,"1054",-0.768755078315735
39,"1056",0.678178071975708
39,"1059",-0.910548865795135
39,"1060",-0.856204032897949
39,"1061",0.46947118639946
39,"1062",-0.761023163795471
39,"1065",-0.91349458694458
39,"1073",0.720022320747375
39,"1074",0.799219012260437
39,"1075",-0.964253306388855
39,"1077",0.443271636962891
39,"1082",-1
39,"1086",0.700320839881897
39,"1087",0.699899733066559
39,"1099",0.481291830539703
39,"1100",-0.913712203502655
39,"1102",-0.752192795276642
39,"1104",-0.91253262758255
39,"1105",0.269910871982574
39,"1108",-0.817425489425659
39,"1110",0.382092773914337
39,"1114",0.648091793060303
39,"1116",0.21424289047718
39,"1117",0.904804468154907
39,"1119",-0.758841037750244
39,"1122",0.988353729248047
39,"1127",0.715663194656372
39,"1128",0.877229928970337
39,"1131",-0.811739265918732
39,"1132",-0.855744063854218
39,"1133",-0.913333892822266
39,"1140",-1
39,"1141",0.357149213552475
39,"1142",0.586586713790894
39,"1143",-0.846716105937958
39,"1146",-0.907957315444946
39,"1148",0.623625338077545
39,"1150",-0.91435295343399
39,"1152",-0.929389536380768
39,"1153",0.704220533370972
39,"1157",-0.821318387985229
39,"1159",0.898287117481232
39,"1165",-0.91435295343399
39,"1166",-0.675948798656464
39,"1170",-0.91435295343399
39,"1171",0.725416123867035
39,"1172",-0.906635344028473
39,"1173",1
39,"1174",-0.871745944023132
39,"1175",0.388826161623001
39,"1176",-0.844838857650757
39,"1177",0.704935431480408
39,"1178",0.406118720769882
39,"1180",0.697918891906738
39,"1181",0.673206329345703
39,"1182",0.301807343959808
39,"1183",-0.833592891693115
39,"1184",0.682328939437866
39,"1186",0.703581094741821
39,"1187",-0.913362503051758
39,"1188",0.904523491859436
39,"1189",0.758483052253723
39,"1190",-0.914352178573608
39,"1191",-0.913823962211609
39,"1192",-0.137898042798042
39,"1193",-0.119254268705845
39,"1194",-0.914352178573608
39,"1195",0.402289897203445
39,"1196",0.208484590053558
39,"1197",-0.790983498096466
39,"1198",-0.91384893655777
39,"1199",-0.960213363170624
39,"1200",-0.567095041275024
39,"1201",-0.120836041867733
39,"1202",-1
39,"1203",-0.913362503051758
39,"1204",0.617409408092499
39,"1205",0.539937615394592
39,"1206",0.616847932338715
39,"1207",0.682532131671906
39,"1208",0.244256183505058
39,"1209",0.726444125175476
39,"1210",0.914315223693848
39,"1211",0.999130964279175
39,"1212",-1
39,"1213",0.904523491859436
39,"1214",-1
39,"1215",-1
39,"1216",-0.913830816745758
39,"1217",-1
39,"1218",-0.914352178573608
39,"1219",-0.821355164051056
39,"1220",-0.914352178573608
39,"1221",-0.914397060871124
39,"1222",0.724060595035553
39,"1223",-1
39,"1224",0.2520871758461
39,"1225",-0.914154171943665
39,"1226",0.433862090110779
39,"1227",-0.910321652889252
39,"1228",-1
39,"1229",0.234987333416939
39,"1230",-0.138289287686348
39,"1231",-0.80301970243454
39,"1232",-0.913350939750671
39,"1233",-0.969279825687408
39,"1234",-0.994159817695618
39,"1235",-0.588604211807251
39,"1236",0.0150384586304426
39,"1237",-0.877109885215759
39,"1238",0.262232452630997
39,"1239",0.208144664764404
39,"1240",-0.16034796833992
39,"1241",0.311688393354416
39,"1242",-0.929911375045776
39,"1243",0.19248940050602
39,"1244",-0.879559934139252
39,"1245",-0.914300918579102
39,"1246",0.648655295372009
39,"1247",-0.914352178573608
39,"1248",-1
39,"1249",-1
39,"1250",0.898080408573151
39,"1251",-0.913362503051758
39,"1252",0.724289417266846
39,"1253",-0.914352178573608
39,"1254",-0.914352178573608
39,"1255",0.10337058454752
39,"1256",0.721852004528046
39,"1257",-0.808818161487579
39,"1258",-0.0364746488630772
39,"1259",-0.318138092756271
39,"1260",0.635976254940033
39,"1261",-0.930788278579712
39,"1262",-0.913830101490021
39,"1263",-0.914352178573608
39,"1264",0.47480320930481
40,"803",0.330123573541641
40,"815",-0.9058638215065
40,"843",-0.780585050582886
40,"872",0.257763862609863
40,"915",-0.923224568367004
40,"986",0.356104791164398
40,"1009",-0.906212747097015
40,"1012",1
40,"1013",0.291428655385971
40,"1015",0.69079726934433
40,"1017",-0.990351736545563
40,"1021",-0.727824568748474
40,"1025",-0.99772173166275
40,"1028",-0.722173511981964
40,"1038",0.651333630084991
40,"1039",0.298093527555466
40,"1044",0.599827945232391
40,"1054",-0.706985294818878
40,"1056",0.695168673992157
40,"1059",-0.751854598522186
40,"1060",-0.757304906845093
40,"1061",0.507912039756775
40,"1062",-0.703409433364868
40,"1065",-0.913192391395569
40,"1073",0.688309669494629
40,"1074",0.790141046047211
40,"1075",-0.770295143127441
40,"1077",0.472234040498734
40,"1082",-0.860006630420685
40,"1086",0.669590771198273
40,"1087",0.678476572036743
40,"1099",0.520459115505219
40,"1100",-0.997638642787933
40,"1102",-0.635913908481598
40,"1104",-0.987708270549774
40,"1105",0.326232820749283
40,"1108",-0.742150485515594
40,"1110",0.402310252189636
40,"1114",0.630192220211029
40,"1116",0.274323761463165
40,"1117",0.877589166164398
40,"1119",-0.673952102661133
40,"1122",0.989234626293182
40,"1127",0.690338671207428
40,"1128",0.877166390419006
40,"1131",-0.723627150058746
40,"1132",-0.720341682434082
40,"1133",-0.990351736545563
40,"1140",-0.947155833244324
40,"1141",0.387428939342499
40,"1142",0.615495800971985
40,"1143",-0.881416738033295
40,"1146",-0.990799069404602
40,"1148",0.623080968856812
40,"1150",-0.999217987060547
40,"1152",-0.743586897850037
40,"1153",0.666599988937378
40,"1157",-0.806032180786133
40,"1159",0.888338267803192
40,"1165",-0.999289572238922
40,"1166",-0.571142315864563
40,"1170",-0.999217987060547
40,"1171",0.704786062240601
40,"1172",-0.99032324552536
40,"1173",1
40,"1174",-0.902129888534546
40,"1175",0.379367649555206
40,"1176",-0.827454566955566
40,"1177",0.700950443744659
40,"1178",0.431519836187363
40,"1180",0.680117607116699
40,"1181",0.697815120220184
40,"1182",0.323055475950241
40,"1183",-0.797505497932434
40,"1184",0.663507521152496
40,"1186",0.673302948474884
40,"1187",-0.990351736545563
40,"1188",0.892719864845276
40,"1189",0.730185806751251
40,"1190",-0.999217987060547
40,"1191",-0.997876226902008
40,"1192",-0.0909961089491844
40,"1193",-0.0760397166013718
40,"1194",-0.999217987060547
40,"1195",0.471678704023361
40,"1196",0.284531086683273
40,"1197",-0.691737055778503
40,"1198",-0.997876226902008
40,"1199",-0.858281016349792
40,"1200",-0.458041608333588
40,"1201",-0.0729103535413742
40,"1202",-0.94272369146347
40,"1203",-0.990351736545563
40,"1204",0.62900722026825
40,"1205",0.55230838060379
40,"1206",0.631462097167969
40,"1207",0.660586357116699
40,"1208",0.303359836339951
40,"1209",0.692044734954834
40,"1210",0.905636966228485
40,"1211",0.999034702777863
40,"1212",-0.919415831565857
40,"1213",0.892719864845276
40,"1214",-0.949569165706635
40,"1215",-0.92778480052948
40,"1216",-0.998034298419952
40,"1217",-0.945474922657013
40,"1218",-0.999217987060547
40,"1219",-0.759539783000946
40,"1220",-0.999217987060547
40,"1221",-1
40,"1222",0.681823670864105
40,"1223",-0.930960655212402
40,"1224",0.304762482643127
40,"1225",-0.998714625835419
40,"1226",0.476666212081909
40,"1227",-0.707272291183472
40,"1228",-0.92778480052948
40,"1229",0.294840216636658
40,"1230",-0.0949633941054344
40,"1231",-0.749802350997925
40,"1232",-0.990568220615387
40,"1233",-0.908095419406891
40,"1234",-0.924121856689453
40,"1235",-0.48510080575943
40,"1236",0.0649135932326317
40,"1237",-0.826619029045105
40,"1238",0.320862382650375
40,"1239",0.280048429965973
40,"1240",-0.110694505274296
40,"1241",0.364586502313614
40,"1242",-0.7669957280159
40,"1243",0.265702873468399
40,"1244",-0.883003652095795
40,"1245",-0.999141097068787
40,"1246",0.695036947727203
40,"1247",-0.999217987060547
40,"1248",-1
40,"1249",-0.869465470314026
40,"1250",0.892687320709229
40,"1251",-0.987639546394348
40,"1252",0.702979385852814
40,"1253",-0.999217987060547
40,"1254",-0.999217987060547
40,"1255",0.171435311436653
40,"1256",0.699896693229675
40,"1257",-0.746198952198029
40,"1258",0.0113514075055718
40,"1259",-0.277675300836563
40,"1260",0.643153667449951
40,"1261",-0.837740659713745
40,"1262",-0.997876226902008
40,"1263",-0.993046522140503
40,"1264",0.497187048196793
41,"803",0.426108300685883
41,"815",-0.648281097412109
41,"843",-0.4975246489048
41,"872",0.338740736246109
41,"915",-0.495137065649033
41,"986",0.479388266801834
41,"1009",-0.674848616123199
41,"1012",1
41,"1013",0.389571607112885
41,"1015",0.806931793689728
41,"1017",-0.992632210254669
41,"1021",-0.426614671945572
41,"1025",-0.990419566631317
41,"1028",-0.428489297628403
41,"1038",0.679266571998596
41,"1039",0.338519006967545
41,"1044",0.610787749290466
41,"1054",-0.443998038768768
41,"1056",0.744103610515594
41,"1059",-0.451454937458038
41,"1060",-0.434460610151291
41,"1061",0.499584853649139
41,"1062",-0.413793653249741
41,"1065",-0.574403703212738
41,"1073",0.818361461162567
41,"1074",0.874087691307068
41,"1075",-0.457290679216385
41,"1077",0.463305085897446
41,"1082",-0.449934095144272
41,"1086",0.793498337268829
41,"1087",0.773358047008514
41,"1099",0.503208041191101
41,"1100",-0.99262011051178
41,"1102",-0.391139060258865
41,"1104",-0.921265304088593
41,"1105",0.387641429901123
41,"1108",-0.506303071975708
41,"1110",0.428759098052979
41,"1114",0.683914482593536
41,"1116",0.34710282087326
41,"1117",0.947099804878235
41,"1119",-0.405215263366699
41,"1122",0.990654647350311
41,"1127",0.783861935138702
41,"1128",0.956440031528473
41,"1131",-0.449618011713028
41,"1132",-0.421402394771576
41,"1133",-0.992772221565247
41,"1140",-0.623402059078217
41,"1141",0.485807657241821
41,"1142",0.670568943023682
41,"1143",-0.510853469371796
41,"1146",-1
41,"1148",0.692589104175568
41,"1150",-0.992632210254669
41,"1152",-0.429833024740219
41,"1153",0.756904780864716
41,"1157",-0.495889782905579
41,"1159",0.944655179977417
41,"1165",-0.992648005485535
41,"1166",-0.297483503818512
41,"1170",-0.992632210254669
41,"1171",0.794368624687195
41,"1172",-0.980606257915497
41,"1173",1
41,"1174",-0.579808473587036
41,"1175",0.431953936815262
41,"1176",-0.565399944782257
41,"1177",0.781592786312103
41,"1178",0.445307463407516
41,"1180",0.788496732711792
41,"1181",0.757258355617523
41,"1182",0.421568512916565
41,"1183",-0.416539371013641
41,"1184",0.757076144218445
41,"1186",0.771953225135803
41,"1187",-0.992518782615662
41,"1188",0.946440815925598
41,"1189",0.836234271526337
41,"1190",-0.992772221565247
41,"1191",-1
41,"1192",0.0721778720617294
41,"1193",0.0859729871153831
41,"1194",-0.992632210254669
41,"1195",0.412309169769287
41,"1196",0.377648204565048
41,"1197",-0.453984379768372
41,"1198",-0.99262809753418
41,"1199",-0.487205296754837
41,"1200",-0.226448014378548
41,"1201",0.0890248864889145
41,"1202",-0.60365104675293
41,"1203",-0.99272096157074
41,"1204",0.713467061519623
41,"1205",0.559919416904449
41,"1206",0.712585270404816
41,"1207",0.742195188999176
41,"1208",0.373581349849701
41,"1209",0.807338953018188
41,"1210",0.954744398593903
41,"1211",0.999690055847168
41,"1212",-0.531393885612488
41,"1213",0.946440815925598
41,"1214",-0.620119571685791
41,"1215",-0.521348297595978
41,"1216",-1
41,"1217",-0.519597947597504
41,"1218",-0.99272096157074
41,"1219",-0.451550126075745
41,"1220",-0.992632210254669
41,"1221",-1
41,"1222",0.781643033027649
41,"1223",-0.524952411651611
41,"1224",0.375916868448257
41,"1225",-0.994182407855988
41,"1226",0.473602920770645
41,"1227",-0.378128558397293
41,"1228",-0.521348297595978
41,"1229",0.364571928977966
41,"1230",0.0775729864835739
41,"1231",-0.432252824306488
41,"1232",-0.992759883403778
41,"1233",-0.589594841003418
41,"1234",-0.651602923870087
41,"1235",-0.193154200911522
41,"1236",0.171129405498505
41,"1237",-0.571841716766357
41,"1238",0.383615016937256
41,"1239",0.321798324584961
41,"1240",0.0438360720872879
41,"1241",0.439491152763367
41,"1242",-0.42709943652153
41,"1243",0.311042875051498
41,"1244",-0.682680249214172
41,"1245",-0.994171798229218
41,"1246",0.757744610309601
41,"1247",-0.992772221565247
41,"1248",-0.992802262306213
41,"1249",-0.588248550891876
41,"1250",0.947304427623749
41,"1251",-0.922080814838409
41,"1252",0.790012001991272
41,"1253",-0.992772221565247
41,"1254",-0.992772221565247
41,"1255",0.229083374142647
41,"1256",0.788486421108246
41,"1257",-0.514199078083038
41,"1258",0.145699858665466
41,"1259",-0.0697398036718369
41,"1260",0.730172634124756
41,"1261",-0.563688576221466
41,"1262",-0.992618799209595
41,"1263",-0.992772221565247
41,"1264",0.499974876642227
42,"803",0.224590122699738
42,"815",-0.818131685256958
42,"843",-0.799552917480469
42,"872",0.199594259262085
42,"915",-0.799202740192413
42,"986",0.211694628000259
42,"1009",-0.860137224197388
42,"1012",1
42,"1013",0.178166508674622
42,"1015",0.949634671211243
42,"1017",-0.921879291534424
42,"1021",-0.759888589382172
42,"1025",-0.890450894832611
42,"1028",-0.725975513458252
42,"1038",0.565304160118103
42,"1039",-0.0747262388467789
42,"1044",0.379685789346695
42,"1054",-0.728058576583862
42,"1056",0.665675044059753
42,"1059",-0.783907234668732
42,"1060",-0.730052530765533
42,"1061",0.216393187642097
42,"1062",-0.724539995193481
42,"1065",-0.823361933231354
42,"1073",1
42,"1074",0.961245238780975
42,"1075",-0.838465571403503
42,"1077",0.163524180650711
42,"1082",-0.966209769248962
42,"1086",0.89264053106308
42,"1087",0.881157457828522
42,"1099",0.173022240400314
42,"1100",-0.918681919574738
42,"1102",-0.782796442508698
42,"1104",-0.913800299167633
42,"1105",0.172884792089462
42,"1108",-0.742576420307159
42,"1110",0.143197044730186
42,"1114",0.728654980659485
42,"1116",0.0972822308540344
42,"1117",1
42,"1119",-0.707319557666779
42,"1122",1
42,"1127",0.865600049495697
42,"1128",1
42,"1131",-0.743432402610779
42,"1132",-0.70677262544632
42,"1133",-0.921879291534424
42,"1140",-0.862691164016724
42,"1141",0.228841319680214
42,"1142",0.53061980009079
42,"1143",-0.734905004501343
42,"1146",-0.92135351896286
42,"1148",NA
42,"1150",-0.921879291534424
42,"1152",-1
42,"1153",0.956546783447266
42,"1157",-0.673111081123352
42,"1159",1
42,"1165",-0.921879291534424
42,"1166",-0.561830401420593
42,"1170",-0.921879291534424
42,"1171",0.890687823295593
42,"1172",-0.921560049057007
42,"1173",1
42,"1174",-0.766730010509491
42,"1175",0.167598739266396
42,"1176",-0.737922668457031
42,"1177",0.843155324459076
42,"1178",0.132358863949776
42,"1180",0.791434466838837
42,"1181",0.580113291740417
42,"1182",0.154741615056992
42,"1183",-0.699300289154053
42,"1184",0.752006590366364
42,"1186",0.857568025588989
42,"1187",-0.921879291534424
42,"1188",1
42,"1189",1
42,"1190",-0.921879291534424
42,"1191",-0.918780267238617
42,"1192",-0.1000746935606
42,"1193",-0.179844722151756
42,"1194",-0.921879291534424
42,"1195",0.141322061419487
42,"1196",0.117795169353485
42,"1197",-0.751453578472137
42,"1198",-0.918780267238617
42,"1199",-0.706870257854462
42,"1200",-0.450309783220291
42,"1201",-0.19754733145237
42,"1202",-0.855433344841003
42,"1203",-0.921879291534424
42,"1204",0.583662748336792
42,"1205",0.360091239213943
42,"1206",0.590315818786621
42,"1207",0.745103597640991
42,"1208",0.1351717710495
42,"1209",0.930577099323273
42,"1210",1
42,"1211",1
42,"1212",-1
42,"1213",1
42,"1214",-0.880320429801941
42,"1215",-1
42,"1216",-0.918780267238617
42,"1217",-1
42,"1218",-0.921879291534424
42,"1219",-0.762000203132629
42,"1220",-0.921879291534424
42,"1221",-0.921879291534424
42,"1222",0.859254717826843
42,"1223",-1
42,"1224",0.166646167635918
42,"1225",-0.921416580677032
42,"1226",0.1870998442173
42,"1227",-0.707600235939026
42,"1228",-1
42,"1229",0.140342235565186
42,"1230",-0.167524769902229
42,"1231",-0.741416156291962
42,"1232",-0.921879291534424
42,"1233",-0.780533611774445
42,"1234",-0.776561498641968
42,"1235",-0.382991820573807
42,"1236",-0.193845346570015
42,"1237",-0.894474864006042
42,"1238",0.176270142197609
42,"1239",-0.134477153420448
42,"1240",-0.256425440311432
42,"1241",0.245773062109947
42,"1242",-0.76393735408783
42,"1243",-0.15358404815197
42,"1244",-0.910531461238861
42,"1245",-0.921529352664948
42,"1246",0.629802942276001
42,"1247",-0.921879291534424
42,"1248",-1
42,"1249",-0.81909191608429
42,"1250",1
42,"1251",-0.914239287376404
42,"1252",0.888458907604218
42,"1253",-0.921879291534424
42,"1254",-0.921879291534424
42,"1255",-0.256350219249725
42,"1256",0.888458907604218
42,"1257",-0.78096467256546
42,"1258",-0.179844722151756
42,"1259",-0.258740544319153
42,"1260",0.591927766799927
42,"1261",-1
42,"1262",-0.918681919574738
42,"1263",-0.921879291534424
42,"1264",0.188137903809547
43,"803",0.383645296096802
43,"815",-0.915467262268066
43,"843",-0.796017467975616
43,"872",0.2601557970047
43,"915",-0.886309266090393
43,"986",0.332684755325317
43,"1009",-0.942403197288513
43,"1012",0.987437307834625
43,"1013",0.286879420280457
43,"1015",0.735621929168701
43,"1017",-0.973637878894806
43,"1021",-0.703379571437836
43,"1025",-0.973898947238922
43,"1028",-0.684426486492157
43,"1038",0.6263827085495
43,"1039",0.27738019824028
43,"1044",0.578940510749817
43,"1054",-0.670640230178833
43,"1056",0.714471101760864
43,"1059",-0.732964515686035
43,"1060",-0.712945222854614
43,"1061",0.429258227348328
43,"1062",-0.643171548843384
43,"1065",-0.905057311058044
43,"1073",0.717300295829773
43,"1074",0.794539213180542
43,"1075",-0.758288860321045
43,"1077",0.419576466083527
43,"1082",-0.888108551502228
43,"1086",0.709563434123993
43,"1087",0.727864444255829
43,"1099",0.459057569503784
43,"1100",-0.992717564105988
43,"1102",-0.625286161899567
43,"1104",-0.985761046409607
43,"1105",0.347642570734024
43,"1108",-0.695713818073273
43,"1110",0.348080158233643
43,"1114",0.704129815101624
43,"1116",0.285241335630417
43,"1117",0.907645106315613
43,"1119",-0.659971535205841
43,"1122",0.972716689109802
43,"1127",0.759733200073242
43,"1128",0.920445501804352
43,"1131",-0.705781877040863
43,"1132",-0.669043123722076
43,"1133",-0.987032890319824
43,"1140",-1
43,"1141",0.3659807741642
43,"1142",0.604316651821136
43,"1143",-0.807703018188477
43,"1146",-0.978067636489868
43,"1148",0.643725633621216
43,"1150",-0.994075834751129
43,"1152",-0.761238813400269
43,"1153",0.718554258346558
43,"1157",-0.730981469154358
43,"1159",0.904543459415436
43,"1165",-0.994075834751129
43,"1166",-0.54756087064743
43,"1170",-0.981396913528442
43,"1171",0.758263409137726
43,"1172",-0.978146433830261
43,"1173",0.987437307834625
43,"1174",-0.903028607368469
43,"1175",0.313864380121231
43,"1176",-0.820529997348785
43,"1177",0.726679503917694
43,"1178",0.361298531293869
43,"1180",0.73427814245224
43,"1181",0.690297722816467
43,"1182",0.309880256652832
43,"1183",-0.742359399795532
43,"1184",0.750075221061707
43,"1186",0.744821190834045
43,"1187",-0.987032890319824
43,"1188",0.905489861965179
43,"1189",0.765889346599579
43,"1190",-0.994075834751129
43,"1191",-0.992629706859589
43,"1192",-0.0905548706650734
43,"1193",-0.0652140825986862
43,"1194",-0.994075834751129
43,"1195",0.395540863275528
43,"1196",0.288981407880783
43,"1197",-0.679271757602692
43,"1198",-0.992624878883362
43,"1199",-0.852552711963654
43,"1200",-0.36226224899292
43,"1201",-0.0647948607802391
43,"1202",-1
43,"1203",-0.987032890319824
43,"1204",0.640557110309601
43,"1205",0.532466769218445
43,"1206",0.62871378660202
43,"1207",0.736578702926636
43,"1208",0.294639438390732
43,"1209",0.727963268756866
43,"1210",0.91553807258606
43,"1211",1
43,"1212",-0.941196143627167
43,"1213",0.905489861965179
43,"1214",-1
43,"1215",-0.929216146469116
43,"1216",-0.992629289627075
43,"1217",-0.920061051845551
43,"1218",-0.992017567157745
43,"1219",-0.752051532268524
43,"1220",-0.99391758441925
43,"1221",-0.994319379329681
43,"1222",0.734394490718842
43,"1223",-0.975382208824158
43,"1224",0.307588309049606
43,"1225",-0.993620753288269
43,"1226",0.410222411155701
43,"1227",-0.670400202274323
43,"1228",-0.940524160861969
43,"1229",0.289735198020935
43,"1230",-0.0807924568653107
43,"1231",-0.728744804859161
43,"1232",-0.987353563308716
43,"1233",-0.936985552310944
43,"1234",-0.8797847032547
43,"1235",-0.409649908542633
43,"1236",0.0541498064994812
43,"1237",-0.828992605209351
43,"1238",0.352442115545273
43,"1239",0.257071375846863
43,"1240",-0.1111925765872
43,"1241",0.400702297687531
43,"1242",-0.723959684371948
43,"1243",0.245671182870865
43,"1244",-0.902509212493896
43,"1245",-0.993718385696411
43,"1246",0.688218593597412
43,"1247",-0.994075834751129
43,"1248",-1
43,"1249",-0.884692966938019
43,"1250",0.912065804004669
43,"1251",-0.984022855758667
43,"1252",0.757104456424713
43,"1253",-0.994075834751129
43,"1254",-0.994075834751129
43,"1255",0.152041062712669
43,"1256",0.752537131309509
43,"1257",-0.773649930953979
43,"1258",0.0174782015383244
43,"1259",-0.257854372262955
43,"1260",0.629771113395691
43,"1261",-0.87168824672699
43,"1262",-0.992624878883362
43,"1263",-0.973637878894806
43,"1264",0.421446800231934
44,"803",0.427524566650391
44,"815",-0.911461055278778
44,"843",-0.747258126735687
44,"872",0.315785497426987
44,"915",-0.969520032405853
44,"986",0.389313727617264
44,"1009",-0.918915808200836
44,"1012",1
44,"1013",0.343278527259827
44,"1015",0.706082403659821
44,"1017",-0.996078908443451
44,"1021",-0.717596828937531
44,"1025",-0.993463456630707
44,"1028",-0.703372836112976
44,"1038",0.663072526454926
44,"1039",0.363040208816528
44,"1044",0.637090981006622
44,"1054",-0.675626873970032
44,"1056",0.769800543785095
44,"1059",-0.723753452301025
44,"1060",-0.72427898645401
44,"1061",0.584226667881012
44,"1062",-0.684564828872681
44,"1065",-0.903046190738678
44,"1073",0.720305681228638
44,"1074",0.776778221130371
44,"1075",-0.72716349363327
44,"1077",0.525470077991486
44,"1082",-0.938588917255402
44,"1086",0.70196396112442
44,"1087",0.692600190639496
44,"1099",0.609843134880066
44,"1100",-0.998027265071869
44,"1102",-0.637795984745026
44,"1104",-0.992881059646606
44,"1105",0.392033666372299
44,"1108",-0.722375631332397
44,"1110",0.456084340810776
44,"1114",0.6544548869133
44,"1116",0.340431451797485
44,"1117",0.902447760105133
44,"1119",-0.66414749622345
44,"1122",0.988483488559723
44,"1127",0.724630296230316
44,"1128",0.91215181350708
44,"1131",-0.708650588989258
44,"1132",-0.690661311149597
44,"1133",-0.996078908443451
44,"1140",-0.912474572658539
44,"1141",0.450535953044891
44,"1142",0.634335517883301
44,"1143",-0.839285492897034
44,"1146",-0.991423904895782
44,"1148",0.663216292858124
44,"1150",-0.999387443065643
44,"1152",-0.753865242004395
44,"1153",0.694703698158264
44,"1157",-0.801218807697296
44,"1159",0.903941094875336
44,"1165",-0.99936980009079
44,"1166",-0.554559946060181
44,"1170",-0.999387443065643
44,"1171",0.723197937011719
44,"1172",-0.991171598434448
44,"1173",1
44,"1174",-0.886694312095642
44,"1175",0.442021399736404
44,"1176",-0.851073980331421
44,"1177",0.740718603134155
44,"1178",0.48077455163002
44,"1180",0.72752970457077
44,"1181",0.720656752586365
44,"1182",0.371255785226822
44,"1183",-0.833847463130951
44,"1184",0.7269127368927
44,"1186",0.697329103946686
44,"1187",-0.996078908443451
44,"1188",0.904932975769043
44,"1189",0.751376092433929
44,"1190",-0.999387443065643
44,"1191",-0.998270273208618
44,"1192",-0.0678833425045013
44,"1193",-0.0452216640114784
44,"1194",-0.999387443065643
44,"1195",0.539482772350311
44,"1196",0.358858704566956
44,"1197",-0.683342576026917
44,"1198",-0.998266339302063
44,"1199",-0.876040518283844
44,"1200",-0.424602180719376
44,"1201",-0.0433586090803146
44,"1202",-0.910614371299744
44,"1203",-0.996078908443451
44,"1204",0.658025860786438
44,"1205",0.61509907245636
44,"1206",0.644253194332123
44,"1207",0.7029909491539
44,"1208",0.364479094743729
44,"1209",0.722978234291077
44,"1210",0.916664600372314
44,"1211",0.998688101768494
44,"1212",-0.95607990026474
44,"1213",0.904932975769043
44,"1214",-0.917693257331848
44,"1215",-0.968746423721313
44,"1216",-0.998483836650848
44,"1217",-0.968498289585114
44,"1218",-0.99776291847229
44,"1219",-0.726123869419098
44,"1220",-0.99908709526062
44,"1221",-1
44,"1222",0.685696482658386
44,"1223",-0.977332770824432
44,"1224",0.369478613138199
44,"1225",-0.999080121517181
44,"1226",0.544631123542786
44,"1227",-0.700181841850281
44,"1228",-0.968746423721313
44,"1229",0.353647768497467
44,"1230",-0.0668933466076851
44,"1231",-0.740497708320618
44,"1232",-0.996332585811615
44,"1233",-0.884968280792236
44,"1234",-0.921210944652557
44,"1235",-0.490687608718872
44,"1236",0.107539586722851
44,"1237",-0.845907092094421
44,"1238",0.385623723268509
44,"1239",0.350341558456421
44,"1240",-0.086183950304985
44,"1241",0.421512246131897
44,"1242",-0.722413063049316
44,"1243",0.337535709142685
44,"1244",-0.893517732620239
44,"1245",-0.999338448047638
44,"1246",0.82980078458786
44,"1247",-0.999387443065643
44,"1248",-1
44,"1249",-0.871534883975983
44,"1250",0.909761250019073
44,"1251",-0.993804216384888
44,"1252",0.711773335933685
44,"1253",-0.999387443065643
44,"1254",-0.999387443065643
44,"1255",0.230182722210884
44,"1256",0.708790242671967
44,"1257",-0.776826024055481
44,"1258",0.0586356781423092
44,"1259",-0.293311148881912
44,"1260",0.635841727256775
44,"1261",-0.860661387443542
44,"1262",-0.998270273208618
44,"1263",-0.996078908443451
44,"1264",0.570045530796051
45,"803",0.338293582201004
45,"815",-0.406559199094772
45,"843",-0.443069934844971
45,"872",0.364542663097382
45,"915",-0.382209330797195
45,"986",0.298209607601166
45,"1009",-0.438945531845093
45,"1012",0.913652241230011
45,"1013",0.267312437295914
45,"1015",0.800268828868866
45,"1017",-0.923018574714661
45,"1021",-0.291671603918076
45,"1025",-0.943591713905334
45,"1028",-0.309852421283722
45,"1038",0.456016570329666
45,"1039",-0.0166381578892469
45,"1044",0.431276828050613
45,"1054",-0.328138798475266
45,"1056",0.558856546878815
45,"1059",-0.389385461807251
45,"1060",-0.313434153795242
45,"1061",0.319713681936264
45,"1062",-0.291897177696228
45,"1065",-0.378808557987213
45,"1073",0.827772617340088
45,"1074",0.893938362598419
45,"1075",-0.373254209756851
45,"1077",0.336320161819458
45,"1082",-0.431277424097061
45,"1086",0.74785178899765
45,"1087",0.675094962120056
45,"1099",0.35417103767395
45,"1100",-1
45,"1102",-0.26694792509079
45,"1104",-0.970081627368927
45,"1105",0.370311111211777
45,"1108",-0.359732806682587
45,"1110",0.250580549240112
45,"1114",0.611912608146667
45,"1116",0.280811041593552
45,"1117",0.909264445304871
45,"1119",-0.30842798948288
45,"1122",0.914150536060333
45,"1127",0.68814742565155
45,"1128",1
45,"1131",-0.362336575984955
45,"1132",-0.27523347735405
45,"1133",-0.973687350749969
45,"1140",-0.405217736959457
45,"1141",0.310801029205322
45,"1142",0.444494396448135
45,"1143",-0.320373713970184
45,"1146",-0.943684935569763
45,"1148",NA
45,"1150",-0.986260175704956
45,"1152",-0.570240259170532
45,"1153",0.766376972198486
45,"1157",-0.176868766546249
45,"1159",0.913504004478455
45,"1165",-0.986270725727081
45,"1166",-0.175884783267975
45,"1170",-0.945311307907104
45,"1171",0.701100051403046
45,"1172",-0.942664563655853
45,"1173",0.913652241230011
45,"1174",-0.38123744726181
45,"1175",0.227294385433197
45,"1176",-0.339360535144806
45,"1177",0.80586165189743
45,"1178",0.254569292068481
45,"1180",0.681828022003174
45,"1181",0.515681862831116
45,"1182",0.259418427944183
45,"1183",-0.268488883972168
45,"1184",0.64077216386795
45,"1186",0.687373280525208
45,"1187",-0.974178791046143
45,"1188",0.913652241230011
45,"1189",0.800357162952423
45,"1190",-0.986536502838135
45,"1191",-0.986279487609863
45,"1192",-0.0267901625484228
45,"1193",-0.0195123702287674
45,"1194",-0.986478567123413
45,"1195",0.269066333770752
45,"1196",0.251206457614899
45,"1197",-0.339880675077438
45,"1198",-0.98638117313385
45,"1199",-0.321211963891983
45,"1200",-0.141256675124168
45,"1201",0.0336750410497189
45,"1202",-0.393620520830154
45,"1203",-0.974014937877655
45,"1204",0.480247169733047
45,"1205",0.384073436260223
45,"1206",0.533278524875641
45,"1207",0.657068490982056
45,"1208",0.270589113235474
45,"1209",0.724078178405762
45,"1210",0.913500726222992
45,"1211",0.935746431350708
45,"1212",-0.474323183298111
45,"1213",0.913652241230011
45,"1214",-0.417447686195374
45,"1215",-0.492276400327682
45,"1216",-0.989784359931946
45,"1217",-0.488037496805191
45,"1218",-0.986536502838135
45,"1219",-0.377546846866608
45,"1220",-0.986536502838135
45,"1221",-0.986268937587738
45,"1222",0.696296989917755
45,"1223",-0.485427111387253
45,"1224",0.306206822395325
45,"1225",-0.998025178909302
45,"1226",0.277201354503632
45,"1227",-0.26032754778862
45,"1228",-0.516658663749695
45,"1229",0.292960375547409
45,"1230",0.0112541737034917
45,"1231",-0.314965754747391
45,"1232",-0.974198222160339
45,"1233",-0.384999632835388
45,"1234",-0.348743587732315
45,"1235",-0.0982706621289253
45,"1236",-0.0316687636077404
45,"1237",-0.400027066469193
45,"1238",0.379421293735504
45,"1239",0.0393855646252632
45,"1240",-0.0289295017719269
45,"1241",0.393917888402939
45,"1242",-0.356772392988205
45,"1243",0.0332012437283993
45,"1244",-0.970957219600677
45,"1245",-0.983245491981506
45,"1246",0.547261297702789
45,"1247",-0.986478567123413
45,"1248",-0.986533164978027
45,"1249",-0.36775416135788
45,"1250",0.932093918323517
45,"1251",-0.919337570667267
45,"1252",0.701868057250977
45,"1253",-0.986478567123413
45,"1254",-0.986533164978027
45,"1255",-0.0320367813110352
45,"1256",0.701857686042786
45,"1257",-0.294897079467773
45,"1258",-0.0195161066949368
45,"1259",-0.0199072901159525
45,"1260",0.499176561832428
45,"1261",-0.397049516439438
45,"1262",-0.98638117313385
45,"1263",-0.925337135791779
45,"1264",0.292165130376816
46,"803",0.352180182933807
46,"815",-0.556732833385468
46,"843",-0.558156728744507
46,"872",0.357900232076645
46,"915",-0.585390329360962
46,"986",0.519037485122681
46,"1009",-0.602198004722595
46,"1012",1
46,"1013",0.431444078683853
46,"1015",0.803558230400085
46,"1017",-0.967110693454742
46,"1021",-0.40372109413147
46,"1025",-0.986232697963715
46,"1028",-0.402615964412689
46,"1038",0.564088582992554
46,"1039",0.295756101608276
46,"1044",0.560211062431335
46,"1054",-0.414800852537155
46,"1056",0.647007346153259
46,"1059",-0.438905298709869
46,"1060",-0.430339992046356
46,"1061",0.563582479953766
46,"1062",-0.398657888174057
46,"1065",-0.509267032146454
46,"1073",0.799336969852448
46,"1074",0.875747263431549
46,"1075",-0.466759741306305
46,"1077",0.540819585323334
46,"1082",-0.59849226474762
46,"1086",0.776107549667358
46,"1087",0.785733938217163
46,"1099",0.570125102996826
46,"1100",-0.986413717269897
46,"1102",-0.373190075159073
46,"1104",-1
46,"1105",0.398806631565094
46,"1108",-0.428725779056549
46,"1110",0.510708391666412
46,"1114",0.74198979139328
46,"1116",0.345429956912994
46,"1117",0.958102703094482
46,"1119",-0.412447780370712
46,"1122",0.991733193397522
46,"1127",0.800916075706482
46,"1128",0.941604197025299
46,"1131",-0.426695853471756
46,"1132",-0.391286075115204
46,"1133",-0.967216789722443
46,"1140",-0.52510017156601
46,"1141",0.508870363235474
46,"1142",0.572412490844727
46,"1143",-0.477265298366547
46,"1146",-0.984674572944641
46,"1148",0.719328761100769
46,"1150",-0.986846268177032
46,"1152",-0.483786076307297
46,"1153",0.815144240856171
46,"1157",-0.42374387383461
46,"1159",0.95158588886261
46,"1165",-0.987300395965576
46,"1166",-0.296540677547455
46,"1170",-0.987289190292358
46,"1171",0.811569571495056
46,"1172",-0.977591633796692
46,"1173",1
46,"1174",-0.527985155582428
46,"1175",0.522933840751648
46,"1176",-0.462466418743134
46,"1177",0.818702936172485
46,"1178",0.519997417926788
46,"1180",0.758546590805054
46,"1181",0.614600598812103
46,"1182",0.459184348583221
46,"1183",-0.441551834344864
46,"1184",0.756792843341827
46,"1186",0.795355081558228
46,"1187",-0.967288196086884
46,"1188",0.954730272293091
46,"1189",0.838680148124695
46,"1190",-0.986846268177032
46,"1191",-0.998151838779449
46,"1192",0.0798751786351204
46,"1193",0.0800657346844673
46,"1194",-0.987296402454376
46,"1195",0.482296198606491
46,"1196",0.351176738739014
46,"1197",-0.401150315999985
46,"1198",-0.98700612783432
46,"1199",-0.527446866035461
46,"1200",-0.24595233798027
46,"1201",0.0935899019241333
46,"1202",-0.538574755191803
46,"1203",-0.966834247112274
46,"1204",0.590987980365753
46,"1205",0.574764668941498
46,"1206",0.608638048171997
46,"1207",0.746845364570618
46,"1208",0.390719056129456
46,"1209",0.81147837638855
46,"1210",0.960952699184418
46,"1211",0.99945479631424
46,"1212",-0.631798505783081
46,"1213",0.954730272293091
46,"1214",-0.552602529525757
46,"1215",-0.61869090795517
46,"1216",-0.986911535263062
46,"1217",-0.634234368801117
46,"1218",-0.986988186836243
46,"1219",-0.478570729494095
46,"1220",-0.986979782581329
46,"1221",-1
46,"1222",0.866148173809052
46,"1223",-0.615762293338776
46,"1224",0.392968267202377
46,"1225",-0.986348509788513
46,"1226",0.532715260982513
46,"1227",-0.398116290569305
46,"1228",-0.631188750267029
46,"1229",0.383632779121399
46,"1230",0.072961263358593
46,"1231",-0.425693452358246
46,"1232",-0.96706485748291
46,"1233",-0.531368970870972
46,"1234",-0.55487585067749
46,"1235",-0.202438741922379
46,"1236",0.165769055485725
46,"1237",-0.532765984535217
46,"1238",0.399169236421585
46,"1239",0.306529641151428
46,"1240",0.0540142059326172
46,"1241",0.422290325164795
46,"1242",-0.439512193202972
46,"1243",0.292909562587738
46,"1244",-0.731435775756836
46,"1245",-0.986169695854187
46,"1246",0.59161114692688
46,"1247",-0.98727822303772
46,"1248",-0.987225413322449
46,"1249",-0.502801597118378
46,"1250",0.952231705188751
46,"1251",-0.933496654033661
46,"1252",0.813422858715057
46,"1253",-0.987006962299347
46,"1254",-0.987289190292358
46,"1255",0.223194301128387
46,"1256",0.81205677986145
46,"1257",-0.433193802833557
46,"1258",0.132152944803238
46,"1259",-0.0471668988466263
46,"1260",0.600600302219391
46,"1261",-0.543149709701538
46,"1262",-0.986911535263062
46,"1263",-0.972318470478058
46,"1264",0.573222577571869
47,"803",-0.196450412273407
47,"815",-0.873121738433838
47,"843",-0.768841743469238
47,"872",0.0523363836109638
47,"915",-0.898378133773804
47,"986",0.190709412097931
47,"1009",-0.875566899776459
47,"1012",1
47,"1013",0.100868478417397
47,"1015",0.879759609699249
47,"1017",-0.944336712360382
47,"1021",-0.921110570430756
47,"1025",-0.940086662769318
47,"1028",-0.769799768924713
47,"1038",0.516459941864014
47,"1039",-0.142603114247322
47,"1044",0.344356179237366
47,"1054",-0.792639672756195
47,"1056",0.574018180370331
47,"1059",-0.83934098482132
47,"1060",-0.874184429645538
47,"1061",0.19347158074379
47,"1062",-0.740857183933258
47,"1065",-0.868746697902679
47,"1073",0.942253887653351
47,"1074",0.76170140504837
47,"1075",-0.926931619644165
47,"1077",0.218475416302681
47,"1082",-1
47,"1086",0.768661201000214
47,"1087",0.715110659599304
47,"1099",0.216282829642296
47,"1100",-0.947112917900085
47,"1102",-0.754233062267303
47,"1104",-0.947812855243683
47,"1105",0.0254140347242355
47,"1108",-0.797365844249725
47,"1110",0.188485831022263
47,"1114",0.650198101997375
47,"1116",0.000985961756668985
47,"1117",0.974835455417633
47,"1119",-0.812007427215576
47,"1122",0.99989378452301
47,"1127",0.726987421512604
47,"1128",0.880464971065521
47,"1131",-0.783456206321716
47,"1132",-0.857198655605316
47,"1133",-0.944336712360382
47,"1140",-0.992808043956757
47,"1141",0.168252885341644
47,"1142",0.495238691568375
47,"1143",-0.838647484779358
47,"1146",-0.930232226848602
47,"1148",NA
47,"1150",-0.949356019496918
47,"1152",-1
47,"1153",0.877061605453491
47,"1157",-0.839416861534119
47,"1159",0.961868464946747
47,"1165",-0.949254274368286
47,"1166",-0.702411592006683
47,"1170",-0.949356019496918
47,"1171",0.73902440071106
47,"1172",-0.930025517940521
47,"1173",1
47,"1174",-0.856609702110291
47,"1175",0.178209036588669
47,"1176",-0.854079306125641
47,"1177",0.733984291553497
47,"1178",0.215131193399429
47,"1180",0.734924614429474
47,"1181",0.518798232078552
47,"1182",0.127971529960632
47,"1183",-0.860245704650879
47,"1184",0.662151336669922
47,"1186",0.711316287517548
47,"1187",-0.944409549236298
47,"1188",1
47,"1189",0.872463524341583
47,"1190",-0.949356019496918
47,"1191",-0.947108626365662
47,"1192",-0.143433541059494
47,"1193",-0.190397977828979
47,"1194",-0.949308276176453
47,"1195",0.188911721110344
47,"1196",-0.100477397441864
47,"1197",-0.766948223114014
47,"1198",-0.947112321853638
47,"1199",-0.891582787036896
47,"1200",-0.583527565002441
47,"1201",-0.16871777176857
47,"1202",-1
47,"1203",-0.944409549236298
47,"1204",0.495082259178162
47,"1205",0.309953421354294
47,"1206",0.540137350559235
47,"1207",0.662486970424652
47,"1208",0.0247266199439764
47,"1209",0.827230274677277
47,"1210",0.999514520168304
47,"1211",1
47,"1212",-1
47,"1213",1
47,"1214",-0.999033629894257
47,"1215",-1
47,"1216",-0.947111248970032
47,"1217",-1
47,"1218",-0.945903599262238
47,"1219",-0.784225463867188
47,"1220",-0.947079718112946
47,"1221",-0.949308276176453
47,"1222",0.7733553647995
47,"1223",-1
47,"1224",0.0284160245209932
47,"1225",-0.947219550609589
47,"1226",0.181958258152008
47,"1227",-0.882259964942932
47,"1228",-1
47,"1229",0.0236451309174299
47,"1230",-0.180293455719948
47,"1231",-0.817049086093903
47,"1232",-0.944427371025085
47,"1233",-0.916600048542023
47,"1234",-0.910133600234985
47,"1235",-0.501243233680725
47,"1236",-0.186195939779282
47,"1237",-0.838330924510956
47,"1238",0.0408114530146122
47,"1239",-0.139896959066391
47,"1240",-0.15605840086937
47,"1241",0.116395846009254
47,"1242",-0.927334368228912
47,"1243",-0.158840507268906
47,"1244",-0.946366965770721
47,"1245",-0.947219550609589
47,"1246",0.499478250741959
47,"1247",-0.949308276176453
47,"1248",-1
47,"1249",-0.92063570022583
47,"1250",0.937493205070496
47,"1251",-0.944409549236298
47,"1252",0.732001304626465
47,"1253",-0.949356019496918
47,"1254",-0.949308276176453
47,"1255",-0.200242295861244
47,"1256",0.731994032859802
47,"1257",-0.8430016040802
47,"1258",-0.190397977828979
47,"1259",-0.192327693104744
47,"1260",0.536685943603516
47,"1261",-0.87108439207077
47,"1262",-0.947112321853638
47,"1263",-0.944409549236298
47,"1264",0.217852592468262
48,"803",0.300295919179916
48,"815",-0.556984961032867
48,"843",-0.582031726837158
48,"872",0.333516031503677
48,"915",-0.45454415678978
48,"986",0.425664484500885
48,"1009",-0.592196881771088
48,"1012",0.876644670963287
48,"1013",0.393304616212845
48,"1015",0.921829104423523
48,"1017",-0.955146133899689
48,"1021",-0.467003554105759
48,"1025",-1
48,"1028",-0.481160759925842
48,"1038",0.660129427909851
48,"1039",0.151447013020515
48,"1044",0.608220100402832
48,"1054",-0.526267170906067
48,"1056",0.682729184627533
48,"1059",-0.487540572881699
48,"1060",-0.504653811454773
48,"1061",0.420435965061188
48,"1062",-0.460551798343658
48,"1065",-0.594706892967224
48,"1073",0.908815741539001
48,"1074",0.818749189376831
48,"1075",-0.551139056682587
48,"1077",0.510086357593536
48,"1082",-0.508768260478973
48,"1086",0.805172681808472
48,"1087",0.847580432891846
48,"1099",0.500059425830841
48,"1100",-0.998195469379425
48,"1102",-0.362568497657776
48,"1104",-0.966643929481506
48,"1105",0.383753836154938
48,"1108",-0.464387476444244
48,"1110",0.416838705539703
48,"1114",0.641865730285645
48,"1116",0.312310874462128
48,"1117",0.844870626926422
48,"1119",-0.527173817157745
48,"1122",0.87656307220459
48,"1127",0.859375894069672
48,"1128",0.832490921020508
48,"1131",-0.52642285823822
48,"1132",-0.436461985111237
48,"1133",-0.98698091506958
48,"1140",-0.576526343822479
48,"1141",0.41507813334465
48,"1142",0.630570232868195
48,"1143",-0.497342556715012
48,"1146",-1
48,"1148",NA
48,"1150",-0.992281556129456
48,"1152",-0.584518790245056
48,"1153",1
48,"1157",-0.481856137514114
48,"1159",0.854263246059418
48,"1165",-0.992304086685181
48,"1166",-0.361847400665283
48,"1170",-0.962218284606934
48,"1171",0.848633289337158
48,"1172",-0.952908098697662
48,"1173",0.876644670963287
48,"1174",-0.566555261611938
48,"1175",0.40178918838501
48,"1176",-0.547919094562531
48,"1177",0.944004833698273
48,"1178",0.461801409721375
48,"1180",0.915618658065796
48,"1181",0.722141206264496
48,"1182",0.376181244850159
48,"1183",-0.445046037435532
48,"1184",0.804288864135742
48,"1186",0.82534259557724
48,"1187",-0.986481130123138
48,"1188",0.876644670963287
48,"1189",0.873072922229767
48,"1190",-0.992282152175903
48,"1191",-1
48,"1192",0.20091201364994
48,"1193",0.156660303473473
48,"1194",-0.991761982440948
48,"1195",0.378373652696609
48,"1196",0.277202934026718
48,"1197",-0.485520601272583
48,"1198",-0.990302860736847
48,"1199",-0.475738495588303
48,"1200",-0.182969644665718
48,"1201",0.181422621011734
48,"1202",-0.56871086359024
48,"1203",-0.986481130123138
48,"1204",0.695297062397003
48,"1205",0.464689522981644
48,"1206",0.819846630096436
48,"1207",0.745282888412476
48,"1208",0.330032974481583
48,"1209",0.808199346065521
48,"1210",0.876559913158417
48,"1211",0.890598952770233
48,"1212",-0.598853290081024
48,"1213",0.876644670963287
48,"1214",-0.589680373668671
48,"1215",-0.603591740131378
48,"1216",-0.990283846855164
48,"1217",-0.624312281608582
48,"1218",-0.991526484489441
48,"1219",-0.565041363239288
48,"1220",-0.991930484771729
48,"1221",-0.99175238609314
48,"1222",0.756227850914001
48,"1223",-0.620583176612854
48,"1224",0.342457443475723
48,"1225",-0.999757826328278
48,"1226",0.397815644741058
48,"1227",-0.426086157560349
48,"1228",-0.609857320785522
48,"1229",0.331492364406586
48,"1230",0.171200841665268
48,"1231",-0.535030007362366
48,"1232",-0.986526310443878
48,"1233",-0.562507271766663
48,"1234",-0.5480637550354
48,"1235",-0.0426454804837704
48,"1236",0.142070665955544
48,"1237",-0.621049404144287
48,"1238",0.361956208944321
48,"1239",0.195036455988884
48,"1240",0.147564545273781
48,"1241",0.450090259313583
48,"1242",-0.510765016078949
48,"1243",0.181788295507431
48,"1244",-0.961667537689209
48,"1245",-0.992220044136047
48,"1246",0.675081551074982
48,"1247",-0.99175238609314
48,"1248",-0.992224931716919
48,"1249",-0.581673443317413
48,"1250",0.861992359161377
48,"1251",-0.948829174041748
48,"1252",0.836954712867737
48,"1253",-0.99175238609314
48,"1254",-0.992250144481659
48,"1255",0.15441420674324
48,"1256",0.83693265914917
48,"1257",-0.522072315216064
48,"1258",0.144134745001793
48,"1259",0.149573728442192
48,"1260",0.763112902641296
48,"1261",-0.633489370346069
48,"1262",-0.991018533706665
48,"1263",-0.962218284606934
48,"1264",0.427955210208893
49,"803",0.49790495634079
49,"815",-0.676078319549561
49,"843",-0.567056834697723
49,"872",0.387646824121475
49,"915",-0.613555014133453
49,"986",0.425538063049316
49,"1009",-0.778563320636749
49,"1012",0.992997705936432
49,"1013",0.390497297048569
49,"1015",0.847146093845367
49,"1017",-0.932183384895325
49,"1021",-0.385913968086243
49,"1025",-0.985177516937256
49,"1028",-0.401053100824356
49,"1038",0.775320291519165
49,"1039",0.40705195069313
49,"1044",0.710915207862854
49,"1054",-0.410131573677063
49,"1056",0.811319649219513
49,"1059",-0.496120274066925
49,"1060",-0.453083246946335
49,"1061",0.521931827068329
49,"1062",-0.367734134197235
49,"1065",-0.623611748218536
49,"1073",0.824241101741791
49,"1074",0.849576830863953
49,"1075",-0.463942736387253
49,"1077",0.527880549430847
49,"1082",-0.705824851989746
49,"1086",0.791590929031372
49,"1087",0.835131227970123
49,"1099",0.561696469783783
49,"1100",-0.992482125759125
49,"1102",-0.379550129175186
49,"1104",-1
49,"1105",0.464543282985687
49,"1108",-0.494670748710632
49,"1110",0.450720459222794
49,"1114",0.739725649356842
49,"1116",0.397554725408554
49,"1117",0.937632918357849
49,"1119",-0.417348921298981
49,"1122",0.979040324687958
49,"1127",0.842125952243805
49,"1128",0.969738125801086
49,"1131",-0.432348608970642
49,"1132",-0.381455630064011
49,"1133",-0.956423282623291
49,"1140",-0.677835762500763
49,"1141",0.463671505451202
49,"1142",0.688940763473511
49,"1143",-0.580255031585693
49,"1146",-1
49,"1148",0.718595325946808
49,"1150",-0.991189181804657
49,"1152",-0.490809887647629
49,"1153",0.807483315467834
49,"1157",-0.523645460605621
49,"1159",0.939446330070496
49,"1165",-0.990653216838837
49,"1166",-0.304878830909729
49,"1170",-0.972582876682281
49,"1171",0.851578652858734
49,"1172",-0.970583975315094
49,"1173",0.992997705936432
49,"1174",-0.672459542751312
49,"1175",0.431633830070496
49,"1176",-0.524236261844635
49,"1177",0.825673818588257
49,"1178",0.474669188261032
49,"1180",0.826627790927887
49,"1181",0.792924165725708
49,"1182",0.402091354131699
49,"1183",-0.628247618675232
49,"1184",0.784304738044739
49,"1186",0.813930332660675
49,"1187",-0.955705225467682
49,"1188",0.944971144199371
49,"1189",0.844343483448029
49,"1190",-0.990653216838837
49,"1191",-0.990657925605774
49,"1192",0.141286596655846
49,"1193",0.158780172467232
49,"1194",-0.990658044815063
49,"1195",0.486018151044846
49,"1196",0.40349480509758
49,"1197",-0.413422107696533
49,"1198",-0.990658044815063
49,"1199",-0.69011253118515
49,"1200",-0.0941675826907158
49,"1201",0.164225161075592
49,"1202",-0.677490174770355
49,"1203",-0.955705225467682
49,"1204",0.729601502418518
49,"1205",0.588283360004425
49,"1206",0.762007176876068
49,"1207",0.785797655582428
49,"1208",0.397281587123871
49,"1209",0.810199797153473
49,"1210",0.952920317649841
49,"1211",1
49,"1212",-0.594672083854675
49,"1213",0.944971144199371
49,"1214",-0.691449761390686
49,"1215",-0.611157119274139
49,"1216",-0.992609441280365
49,"1217",-0.607063829898834
49,"1218",-0.989760220050812
49,"1219",-0.502222001552582
49,"1220",-0.990943253040314
49,"1221",-1
49,"1222",0.750541508197784
49,"1223",-0.60896909236908
49,"1224",0.415042221546173
49,"1225",-0.99372273683548
49,"1226",0.491325438022614
49,"1227",-0.410726070404053
49,"1228",-0.611157119274139
49,"1229",0.399666279554367
49,"1230",0.150731042027473
49,"1231",-0.450902193784714
49,"1232",-0.955799281597137
49,"1233",-0.68563175201416
49,"1234",-0.551820397377014
49,"1235",-0.0503769814968109
49,"1236",0.239895239472389
49,"1237",-0.550722241401672
49,"1238",0.441068828105927
49,"1239",0.394319832324982
49,"1240",0.130045920610428
49,"1241",0.529088795185089
49,"1242",-0.484776943922043
49,"1243",0.387810975313187
49,"1244",-0.741491973400116
49,"1245",-0.991376340389252
49,"1246",0.825735151767731
49,"1247",-0.990658044815063
49,"1248",-0.990340769290924
49,"1249",-0.562916100025177
49,"1250",0.945197641849518
49,"1251",-0.955559849739075
49,"1252",0.846410930156708
49,"1253",-0.991189181804657
49,"1254",-0.991189181804657
49,"1255",0.323364585638046
49,"1256",0.840152621269226
49,"1257",-0.518303096294403
49,"1258",0.208503484725952
49,"1259",0.0357517451047897
49,"1260",0.731085777282715
49,"1261",-0.573069393634796
49,"1262",-0.990658044815063
49,"1263",-0.945101082324982
49,"1264",0.512849509716034
50,"803",0.399981379508972
50,"815",-0.93328994512558
50,"843",-0.803029954433441
50,"872",0.236210361123085
50,"915",-0.856732428073883
50,"986",0.337591022253036
50,"1009",-0.830162346363068
50,"1012",0.969490766525269
50,"1013",0.287477731704712
50,"1015",0.759578168392181
50,"1017",-0.965264856815338
50,"1021",-0.703307867050171
50,"1025",-0.970776557922363
50,"1028",-0.672992050647736
50,"1038",0.59679514169693
50,"1039",0.190952718257904
50,"1044",0.584949672222137
50,"1054",-0.663897693157196
50,"1056",0.670261204242706
50,"1059",-0.731465935707092
50,"1060",-0.719276130199432
50,"1061",0.377885818481445
50,"1062",-0.612780630588531
50,"1065",-0.880439281463623
50,"1073",0.775429546833038
50,"1074",0.769003450870514
50,"1075",-0.743931829929352
50,"1077",0.416709691286087
50,"1082",-1
50,"1086",0.72639137506485
50,"1087",0.718748033046722
50,"1099",0.450785160064697
50,"1100",-0.999001741409302
50,"1102",-0.657216727733612
50,"1104",-0.980163335800171
50,"1105",0.380994886159897
50,"1108",-0.736609697341919
50,"1110",0.317401081323624
50,"1114",0.674014210700989
50,"1116",0.301873922348022
50,"1117",0.898844480514526
50,"1119",-0.644259870052338
50,"1122",0.957090735435486
50,"1127",0.738073289394379
50,"1128",0.912794589996338
50,"1131",-0.675122976303101
50,"1132",-0.65289032459259
50,"1133",-0.988062024116516
50,"1140",-0.951019525527954
50,"1141",0.347527593374252
50,"1142",0.580069482326508
50,"1143",-0.766737043857574
50,"1146",-0.943343043327332
50,"1148",0.645418047904968
50,"1150",-0.999659180641174
50,"1152",-0.811174690723419
50,"1153",0.757575929164886
50,"1157",-0.721945762634277
50,"1159",0.906213939189911
50,"1165",-0.999659180641174
50,"1166",-0.541885316371918
50,"1170",-0.979367315769196
50,"1171",0.748029947280884
50,"1172",-0.953774571418762
50,"1173",0.969490766525269
50,"1174",-0.863481521606445
50,"1175",0.286355257034302
50,"1176",-0.785416126251221
50,"1177",0.749277114868164
50,"1178",0.332023650407791
50,"1180",0.72904908657074
50,"1181",0.685013592243195
50,"1182",0.308618128299713
50,"1183",-0.816363096237183
50,"1184",0.695805966854095
50,"1186",0.721844911575317
50,"1187",-0.988080322742462
50,"1188",0.909049153327942
50,"1189",0.799070417881012
50,"1190",-0.999659180641174
50,"1191",-0.999261438846588
50,"1192",-0.100765578448772
50,"1193",-0.0813876241445541
50,"1194",-0.999659180641174
50,"1195",0.298552602529526
50,"1196",0.278663903474808
50,"1197",-0.722017824649811
50,"1198",-0.998856902122498
50,"1199",-0.871445178985596
50,"1200",-0.320271223783493
50,"1201",-0.0743814036250114
50,"1202",-0.920989274978638
50,"1203",-0.988080322742462
50,"1204",0.620976388454437
50,"1205",0.486942917108536
50,"1206",0.624975681304932
50,"1207",0.717423558235168
50,"1208",0.281161904335022
50,"1209",0.709327042102814
50,"1210",0.916374683380127
50,"1211",1
50,"1212",-0.905990958213806
50,"1213",0.909049153327942
50,"1214",-0.955690860748291
50,"1215",-0.915520906448364
50,"1216",-0.998856902122498
50,"1217",-0.912811815738678
50,"1218",-0.999659180641174
50,"1219",-0.73756217956543
50,"1220",-0.999659180641174
50,"1221",-1
50,"1222",0.737515509128571
50,"1223",-0.97366601228714
50,"1224",0.303370207548141
50,"1225",-0.999565660953522
50,"1226",0.357863694429398
50,"1227",-0.687306940555573
50,"1228",-0.92074453830719
50,"1229",0.276994347572327
50,"1230",-0.0904218629002571
50,"1231",-0.726805150508881
50,"1232",-0.988162696361542
50,"1233",-0.89746767282486
50,"1234",-0.859785199165344
50,"1235",-0.323646873235703
50,"1236",0.0117620239034295
50,"1237",-0.751341342926025
50,"1238",0.378107070922852
50,"1239",0.184890419244766
50,"1240",-0.120252877473831
50,"1241",0.462834984064102
50,"1242",-0.741647601127625
50,"1243",0.171552911400795
50,"1244",-0.933429360389709
50,"1245",-0.999434471130371
50,"1246",0.660219430923462
50,"1247",-0.999659180641174
50,"1248",-1
50,"1249",-0.836022436618805
50,"1250",0.925395905971527
50,"1251",-0.981127977371216
50,"1252",0.73949933052063
50,"1253",-0.999659180641174
50,"1254",-0.999659180641174
50,"1255",0.103490896522999
50,"1256",0.737268209457397
50,"1257",-0.764758825302124
50,"1258",-0.0201541520655155
50,"1259",-0.220573037862778
50,"1260",0.623642146587372
50,"1261",-0.781598806381226
50,"1262",-0.998856902122498
50,"1263",-0.967189729213715
50,"1264",0.37871190905571
51,"803",0.0661652535200119
51,"815",-0.577281057834625
51,"843",-0.565217792987823
51,"872",0.190524980425835
51,"915",-0.581377983093262
51,"986",0.331621468067169
51,"1009",-0.588430762290955
51,"1012",0.946411967277527
51,"1013",0.286280065774918
51,"1015",1
51,"1017",-0.938729405403137
51,"1021",-0.501538753509521
51,"1025",-0.970772385597229
51,"1028",-0.469099819660187
51,"1038",0.667602241039276
51,"1039",0.129214718937874
51,"1044",0.511842131614685
51,"1054",-0.48048335313797
51,"1056",0.74201226234436
51,"1059",-0.483504772186279
51,"1060",-0.507243692874908
51,"1061",0.320657074451447
51,"1062",-0.408059656620026
51,"1065",-0.56493353843689
51,"1073",0.896699666976929
51,"1074",0.941019892692566
51,"1075",-0.515312314033508
51,"1077",0.300732225179672
51,"1082",-0.691655993461609
51,"1086",0.845708847045898
51,"1087",0.801210045814514
51,"1099",0.315732270479202
51,"1100",-0.951894104480743
51,"1102",-0.49685475230217
51,"1104",-1
51,"1105",0.19813160598278
51,"1108",-0.519506871700287
51,"1110",0.281729757785797
51,"1114",0.705973982810974
51,"1116",0.164369106292725
51,"1117",0.956430017948151
51,"1119",-0.518988609313965
51,"1122",0.946204721927643
51,"1127",0.788505375385284
51,"1128",0.923352122306824
51,"1131",-0.509391009807587
51,"1132",-0.422117531299591
51,"1133",-0.93873804807663
51,"1140",-0.56095951795578
51,"1141",0.323948562145233
51,"1142",0.673221111297607
51,"1143",-0.525376319885254
51,"1146",-1
51,"1148",NA
51,"1150",-0.953750789165497
51,"1152",-0.660408556461334
51,"1153",0.903500735759735
51,"1157",-0.53274142742157
51,"1159",0.930281162261963
51,"1165",-0.953737556934357
51,"1166",-0.450238972902298
51,"1170",-0.953996598720551
51,"1171",0.811525940895081
51,"1172",-0.926332890987396
51,"1173",0.946411967277527
51,"1174",-0.552724003791809
51,"1175",0.29762002825737
51,"1176",-0.543740689754486
51,"1177",0.737206637859344
51,"1178",0.289685726165771
51,"1180",0.82144159078598
51,"1181",0.707191824913025
51,"1182",0.286485284566879
51,"1183",-0.532279670238495
51,"1184",0.74498325586319
51,"1186",0.783766150474548
51,"1187",-0.939236998558044
51,"1188",0.946411967277527
51,"1189",0.910539925098419
51,"1190",-0.953996598720551
51,"1191",-0.960996210575104
51,"1192",0.0558873862028122
51,"1193",0.0482477806508541
51,"1194",-0.954042613506317
51,"1195",0.206521973013878
51,"1196",0.0961171612143517
51,"1197",-0.537545323371887
51,"1198",-0.951894104480743
51,"1199",-0.569998323917389
51,"1200",-0.256275981664658
51,"1201",0.0628619566559792
51,"1202",-0.585290431976318
51,"1203",-0.939236998558044
51,"1204",0.688738584518433
51,"1205",0.423676013946533
51,"1206",0.709644734859467
51,"1207",0.735687136650085
51,"1208",0.162601113319397
51,"1209",0.851110875606537
51,"1210",0.946175217628479
51,"1211",0.946411967277527
51,"1212",-0.631313502788544
51,"1213",0.946411967277527
51,"1214",-0.583571135997772
51,"1215",-0.660077691078186
51,"1216",-0.953554034233093
51,"1217",-0.677752494812012
51,"1218",-0.95205819606781
51,"1219",-0.526784896850586
51,"1220",-0.95354425907135
51,"1221",-0.953493654727936
51,"1222",0.784215211868286
51,"1223",-0.656153619289398
51,"1224",0.179665639996529
51,"1225",-0.952693402767181
51,"1226",0.288385927677155
51,"1227",-0.480634927749634
51,"1228",-0.660077691078186
51,"1229",0.163988500833511
51,"1230",0.0573636405169964
51,"1231",-0.496139287948608
51,"1232",-0.940075397491455
51,"1233",-0.583752393722534
51,"1234",-0.583966672420502
51,"1235",-0.123771093785763
51,"1236",0.044311136007309
51,"1237",-0.570200204849243
51,"1238",0.201139628887177
51,"1239",0.0909250155091286
51,"1240",0.0677498131990433
51,"1241",0.294224202632904
51,"1242",-0.507973551750183
51,"1243",0.0818760693073273
51,"1244",-0.993143260478973
51,"1245",-0.952576637268066
51,"1246",0.693547666072845
51,"1247",-0.954042613506317
51,"1248",-0.952241599559784
51,"1249",-0.564566731452942
51,"1250",0.911853730678558
51,"1251",-0.939178347587585
51,"1252",0.815228700637817
51,"1253",-0.953996598720551
51,"1254",-0.953996598720551
51,"1255",0.0461067520081997
51,"1256",0.815231800079346
51,"1257",-0.554279029369354
51,"1258",0.0482477806508541
51,"1259",0.0451326332986355
51,"1260",0.723265767097473
51,"1261",-0.582883417606354
51,"1262",-0.951894104480743
51,"1263",-0.939236998558044
51,"1264",0.330777168273926
52,"803",0.36365732550621
52,"815",-0.852999091148376
52,"843",-0.779125213623047
52,"872",0.277287125587463
52,"915",-0.870512127876282
52,"986",0.390043914318085
52,"1009",-0.855203688144684
52,"1012",0.991779446601868
52,"1013",0.325324773788452
52,"1015",0.727651119232178
52,"1017",-0.985024154186249
52,"1021",-0.716858983039856
52,"1025",-0.985844850540161
52,"1028",-0.700115323066711
52,"1038",0.642807185649872
52,"1039",0.310433715581894
52,"1044",0.635194957256317
52,"1054",-0.688423216342926
52,"1056",0.712348282337189
52,"1059",-0.728538990020752
52,"1060",-0.726155698299408
52,"1061",0.500836193561554
52,"1062",-0.661567866802216
52,"1065",-0.85606062412262
52,"1073",0.737057030200958
52,"1074",0.833974659442902
52,"1075",-0.737030506134033
52,"1077",0.519389510154724
52,"1082",-0.935019254684448
52,"1086",0.716877222061157
52,"1087",0.738595962524414
52,"1099",0.551099419593811
52,"1100",-0.999151825904846
52,"1102",-0.624984920024872
52,"1104",-0.99882584810257
52,"1105",0.373968601226807
52,"1108",-0.745338797569275
52,"1110",0.420010983943939
52,"1114",0.661354959011078
52,"1116",0.306413263082504
52,"1117",0.901158928871155
52,"1119",-0.66652774810791
52,"1122",0.977369487285614
52,"1127",0.747999370098114
52,"1128",0.901347517967224
52,"1131",-0.722954630851746
52,"1132",-0.69235622882843
52,"1133",-0.99662971496582
52,"1140",-0.859276473522186
52,"1141",0.408386051654816
52,"1142",0.635248482227325
52,"1143",-0.816403448581696
52,"1146",-0.969335675239563
52,"1148",0.660108745098114
52,"1150",-0.999213457107544
52,"1152",-0.710893273353577
52,"1153",0.721263349056244
52,"1157",-0.752729594707489
52,"1159",0.901851832866669
52,"1165",-0.999213457107544
52,"1166",-0.57170432806015
52,"1170",-0.987446069717407
52,"1171",0.767464220523834
52,"1172",-0.978870928287506
52,"1173",0.991779446601868
52,"1174",-0.845670700073242
52,"1175",0.410185426473618
52,"1176",-0.813608407974243
52,"1177",0.760204017162323
52,"1178",0.448942989110947
52,"1180",0.720727026462555
52,"1181",0.742612302303314
52,"1182",0.348720222711563
52,"1183",-0.825881958007812
52,"1184",0.710970103740692
52,"1186",0.733982980251312
52,"1187",-0.99662971496582
52,"1188",0.908793747425079
52,"1189",0.780424237251282
52,"1190",-0.999213457107544
52,"1191",-0.999162673950195
52,"1192",-0.0451262667775154
52,"1193",-0.0283299349248409
52,"1194",-0.999213457107544
52,"1195",0.441864788532257
52,"1196",0.300217837095261
52,"1197",-0.698217630386353
52,"1198",-0.999213457107544
52,"1199",-0.855913877487183
52,"1200",-0.416342556476593
52,"1201",-0.0287076830863953
52,"1202",-0.850174248218536
52,"1203",-0.99662971496582
52,"1204",0.651397109031677
52,"1205",0.546818852424622
52,"1206",0.671521723270416
52,"1207",0.680747509002686
52,"1208",0.313127458095551
52,"1209",0.729833245277405
52,"1210",0.919317841529846
52,"1211",1
52,"1212",-0.879233181476593
52,"1213",0.908793747425079
52,"1214",-0.862632989883423
52,"1215",-0.887029528617859
52,"1216",-0.999290823936462
52,"1217",-0.90104866027832
52,"1218",-0.999213457107544
52,"1219",-0.762188673019409
52,"1220",-0.999213457107544
52,"1221",-1
52,"1222",0.728600978851318
52,"1223",-0.917833745479584
52,"1224",0.324915885925293
52,"1225",-0.999048411846161
52,"1226",0.465412437915802
52,"1227",-0.720995485782623
52,"1228",-0.887029528617859
52,"1229",0.30681174993515
52,"1230",-0.0449426025152206
52,"1231",-0.737334609031677
52,"1232",-0.996833562850952
52,"1233",-0.843584358692169
52,"1234",-0.868314445018768
52,"1235",-0.42025026679039
52,"1236",0.104830928146839
52,"1237",-0.822159707546234
52,"1238",0.357177913188934
52,"1239",0.302519857883453
52,"1240",-0.062455840408802
52,"1241",0.426521331071854
52,"1242",-0.733610153198242
52,"1243",0.289654135704041
52,"1244",-0.895219385623932
52,"1245",-0.999162673950195
52,"1246",0.699317395687103
52,"1247",-0.999213457107544
52,"1248",-1
52,"1249",-0.842905163764954
52,"1250",0.912919878959656
52,"1251",-0.99662971496582
52,"1252",0.769432187080383
52,"1253",-0.999213457107544
52,"1254",-0.999213457107544
52,"1255",0.208470389246941
52,"1256",0.763592958450317
52,"1257",-0.747561931610107
52,"1258",0.0560872294008732
52,"1259",-0.221735835075378
52,"1260",0.673660576343536
52,"1261",-0.849519550800323
52,"1262",-0.999213457107544
52,"1263",-0.987446069717407
52,"1264",0.497895181179047
53,"803",0.290383905172348
53,"815",-0.77575147151947
53,"843",-0.750844717025757
53,"872",0.236627891659737
53,"915",-0.820311069488525
53,"986",0.398051410913467
53,"1009",-0.786648631095886
53,"1012",1
53,"1013",0.320117026567459
53,"1015",0.782368004322052
53,"1017",-0.780135452747345
53,"1021",-0.905496835708618
53,"1025",-0.773171365261078
53,"1028",-0.753860414028168
53,"1038",0.59907078742981
53,"1039",0.22112463414669
53,"1044",0.534618198871613
53,"1054",-0.682495534420013
53,"1056",0.661239922046661
53,"1059",-0.977340042591095
53,"1060",-0.826787292957306
53,"1061",0.467751622200012
53,"1062",-0.65592360496521
53,"1065",-0.825441420078278
53,"1073",0.784672915935516
53,"1074",0.824698567390442
53,"1075",-1
53,"1077",0.429260164499283
53,"1082",-1
53,"1086",0.739697515964508
53,"1087",0.759551167488098
53,"1099",0.459644764661789
53,"1100",-0.785972356796265
53,"1102",-0.657763481140137
53,"1104",-0.771233141422272
53,"1105",0.301717787981033
53,"1108",-0.730370938777924
53,"1110",0.384856998920441
53,"1114",0.68756502866745
53,"1116",0.241117000579834
53,"1117",0.934213638305664
53,"1119",-0.681083083152771
53,"1122",0.988668859004974
53,"1127",0.768848061561584
53,"1128",0.9539675116539
53,"1131",-0.786395072937012
53,"1132",-0.809464514255524
53,"1133",-0.780135452747345
53,"1140",-1
53,"1141",0.398508757352829
53,"1142",0.577589511871338
53,"1143",-0.715948283672333
53,"1146",-0.785567402839661
53,"1148",0.681779384613037
53,"1150",-0.786258041858673
53,"1152",-0.948611378669739
53,"1153",0.798124432563782
53,"1157",-0.717078983783722
53,"1159",0.937907814979553
53,"1165",-0.786258041858673
53,"1166",-0.603093504905701
53,"1170",-0.786258041858673
53,"1171",0.787308752536774
53,"1172",-0.786059021949768
53,"1173",1
53,"1174",-0.754751741886139
53,"1175",0.402236044406891
53,"1176",-0.706964254379272
53,"1177",0.768495619297028
53,"1178",0.395528346300125
53,"1180",0.732184648513794
53,"1181",0.677776157855988
53,"1182",0.329061299562454
53,"1183",-0.748933732509613
53,"1184",0.703050255775452
53,"1186",0.755803406238556
53,"1187",-0.780176520347595
53,"1188",0.93830418586731
53,"1189",0.817071139812469
53,"1190",-0.786258041858673
53,"1191",-0.786291658878326
53,"1192",-0.130775168538094
53,"1193",-0.105453126132488
53,"1194",-0.786258041858673
53,"1195",0.346986174583435
53,"1196",0.259860813617706
53,"1197",-0.649729907512665
53,"1198",-0.786258041858673
53,"1199",-0.979028642177582
53,"1200",-0.469603896141052
53,"1201",-0.105372421443462
53,"1202",-1
53,"1203",-0.780176520347595
53,"1204",0.614798486232758
53,"1205",0.516012072563171
53,"1206",0.635266065597534
53,"1207",0.695691764354706
53,"1208",0.263075530529022
53,"1209",0.783334493637085
53,"1210",0.944753348827362
53,"1211",0.999311745166779
53,"1212",-1
53,"1213",0.93830418586731
53,"1214",-1
53,"1215",-1
53,"1216",-0.786258041858673
53,"1217",-1
53,"1218",-0.786258041858673
53,"1219",-0.725573480129242
53,"1220",-0.786258041858673
53,"1221",-0.786288917064667
53,"1222",0.790572881698608
53,"1223",-1
53,"1224",0.283132821321487
53,"1225",-0.785943150520325
53,"1226",0.422352164983749
53,"1227",-0.921170294284821
53,"1228",-1
53,"1229",0.251352548599243
53,"1230",-0.121338799595833
53,"1231",-0.692849457263947
53,"1232",-0.780218899250031
53,"1233",-0.942977249622345
53,"1234",-0.843524932861328
53,"1235",-0.470912933349609
53,"1236",0.00696406373754144
53,"1237",-0.775882959365845
53,"1238",0.30613711476326
53,"1239",0.202588841319084
53,"1240",-0.151910051703453
53,"1241",0.349134355783463
53,"1242",-0.973953008651733
53,"1243",0.191298052668571
53,"1244",-0.761142790317535
53,"1245",-0.785972952842712
53,"1246",0.661424100399017
53,"1247",-0.786258041858673
53,"1248",-1
53,"1249",-0.909743309020996
53,"1250",0.939906299114227
53,"1251",-0.778854727745056
53,"1252",0.785157978534698
53,"1253",-0.786258041858673
53,"1254",-0.786258041858673
53,"1255",0.106357365846634
53,"1256",0.783067762851715
53,"1257",-0.718777418136597
53,"1258",-0.030561501160264
53,"1259",-0.292751371860504
53,"1260",0.641525149345398
53,"1261",-0.833182811737061
53,"1262",-0.786258041858673
53,"1263",-0.781481087207794
53,"1264",0.460511207580566
54,"803",0.465832531452179
54,"815",-0.818204283714294
54,"843",-0.577278912067413
54,"872",0.355135679244995
54,"915",-0.694264888763428
54,"986",0.410211324691772
54,"1009",-0.63901561498642
54,"1012",0.990957856178284
54,"1013",0.376127034425735
54,"1015",0.767483413219452
54,"1017",-0.960362315177917
54,"1021",-0.461828798055649
54,"1025",-0.976272523403168
54,"1028",-0.461086988449097
54,"1038",0.630347013473511
54,"1039",0.345625340938568
54,"1044",0.621525287628174
54,"1054",-0.458624005317688
54,"1056",0.678596258163452
54,"1059",-0.467538267374039
54,"1060",-0.476266413927078
54,"1061",0.509897232055664
54,"1062",-0.411163866519928
54,"1065",-0.632214367389679
54,"1073",0.749801754951477
54,"1074",0.782557845115662
54,"1075",-0.492652595043182
54,"1077",0.526288330554962
54,"1082",-0.622412145137787
54,"1086",0.721987724304199
54,"1087",0.74249255657196
54,"1099",0.557649612426758
54,"1100",-1
54,"1102",-0.367204874753952
54,"1104",-0.991000890731812
54,"1105",0.453177273273468
54,"1108",-0.478041350841522
54,"1110",0.440257757902145
54,"1114",0.712483286857605
54,"1116",0.385992705821991
54,"1117",0.919060528278351
54,"1119",-0.426350593566895
54,"1122",0.980803608894348
54,"1127",0.762363493442535
54,"1128",0.929610192775726
54,"1131",-0.473862498998642
54,"1132",-0.420075207948685
54,"1133",-0.9913649559021
54,"1140",-0.649162828922272
54,"1141",0.435531973838806
54,"1142",0.606196820735931
54,"1143",-0.523883461952209
54,"1146",-1
54,"1148",0.682659149169922
54,"1150",-0.994911313056946
54,"1152",-0.464500993490219
54,"1153",0.764331698417664
54,"1157",-0.505987882614136
54,"1159",0.91820102930069
54,"1165",-0.994422495365143
54,"1166",-0.316276520490646
54,"1170",-0.965880274772644
54,"1171",0.772697150707245
54,"1172",-0.955223321914673
54,"1173",0.990957856178284
54,"1174",-0.654951453208923
54,"1175",0.411203384399414
54,"1176",-0.594498038291931
54,"1177",0.778652012348175
54,"1178",0.465433865785599
54,"1180",0.728730738162994
54,"1181",0.68274062871933
54,"1182",0.395494073629379
54,"1183",-0.568411409854889
54,"1184",0.7156742811203
54,"1186",0.745070457458496
54,"1187",-0.990587413311005
54,"1188",0.921046614646912
54,"1189",0.788136303424835
54,"1190",-0.994911313056946
54,"1191",-0.997363865375519
54,"1192",0.0435155108571053
54,"1193",0.0626712813973427
54,"1194",-0.994494080543518
54,"1195",0.466757982969284
54,"1196",0.387390106916428
54,"1197",-0.438462167978287
54,"1198",-0.993354976177216
54,"1199",-0.614130795001984
54,"1200",-0.170855551958084
54,"1201",0.0718033611774445
54,"1202",-0.642033755779266
54,"1203",-0.989803552627563
54,"1204",0.622513294219971
54,"1205",0.548998057842255
54,"1206",0.63713663816452
54,"1207",0.721563160419464
54,"1208",0.387132048606873
54,"1209",0.739984571933746
54,"1210",0.930993437767029
54,"1211",1
54,"1212",-0.622399866580963
54,"1213",0.921046614646912
54,"1214",-0.662629902362823
54,"1215",-0.613254904747009
54,"1216",-0.994853436946869
54,"1217",-0.61087441444397
54,"1218",-0.994911313056946
54,"1219",-0.518986999988556
54,"1220",-0.994911313056946
54,"1221",-1
54,"1222",0.744935035705566
54,"1223",-0.638515472412109
54,"1224",0.39743310213089
54,"1225",-0.999993503093719
54,"1226",0.488708019256592
54,"1227",-0.446169912815094
54,"1228",-0.617088973522186
54,"1229",0.381265372037888
54,"1230",0.0486876517534256
54,"1231",-0.501152038574219
54,"1232",-0.990267336368561
54,"1233",-0.652850091457367
54,"1234",-0.777019619941711
54,"1235",-0.205276682972908
54,"1236",0.16314023733139
54,"1237",-0.576507389545441
54,"1238",0.434240579605103
54,"1239",0.343046963214874
54,"1240",0.0345475785434246
54,"1241",0.49361726641655
54,"1242",-0.472433894872665
54,"1243",0.333875596523285
54,"1244",-0.725494801998138
54,"1245",-0.993035137653351
54,"1246",0.671451032161713
54,"1247",-0.994616746902466
54,"1248",-0.994911313056946
54,"1249",-0.648075461387634
54,"1250",0.931010186672211
54,"1251",-0.989806234836578
54,"1252",0.76680862903595
54,"1253",-0.994494080543518
54,"1254",-0.994616746902466
54,"1255",0.25916376709938
54,"1256",0.764585494995117
54,"1257",-0.547963321208954
54,"1258",0.129560902714729
54,"1259",-0.0841945484280586
54,"1260",0.629951775074005
54,"1261",-0.603659272193909
54,"1262",-0.993354976177216
54,"1263",-0.965248763561249
54,"1264",0.505628049373627
55,"803",0.387686729431152
55,"815",-0.697783708572388
55,"843",-0.495742082595825
55,"872",0.321800231933594
55,"915",-0.611112952232361
55,"986",0.401840180158615
55,"1009",-0.688759386539459
55,"1012",0.996060609817505
55,"1013",0.348764777183533
55,"1015",0.752763509750366
55,"1017",-0.961249351501465
55,"1021",-0.424924731254578
55,"1025",-1
55,"1028",-0.437096565961838
55,"1038",0.634089589118958
55,"1039",0.333737969398499
55,"1044",0.592383325099945
55,"1054",-0.452275425195694
55,"1056",0.687057316303253
55,"1059",-0.442591041326523
55,"1060",-0.469485461711884
55,"1061",0.481043130159378
55,"1062",-0.43476077914238
55,"1065",-0.718183755874634
55,"1073",0.731109738349915
55,"1074",0.809935092926025
55,"1075",-0.461833834648132
55,"1077",0.480988472700119
55,"1082",-0.616496086120605
55,"1086",0.712198555469513
55,"1087",0.736891686916351
55,"1099",0.508788466453552
55,"1100",-0.991043567657471
55,"1102",-0.390164285898209
55,"1104",-0.954226970672607
55,"1105",0.385643064975739
55,"1108",-0.473661631345749
55,"1110",0.421617925167084
55,"1114",0.721459031105042
55,"1116",0.33896592259407
55,"1117",0.912281632423401
55,"1119",-0.434937566518784
55,"1122",0.986628413200378
55,"1127",0.765558004379272
55,"1128",0.903163492679596
55,"1131",-0.438622325658798
55,"1132",-0.428623288869858
55,"1133",-0.976018130779266
55,"1140",-0.70233941078186
55,"1141",0.419546514749527
55,"1142",0.607257187366486
55,"1143",-0.71462094783783
55,"1146",-1
55,"1148",0.669104158878326
55,"1150",-0.987705111503601
55,"1152",-0.4784235060215
55,"1153",0.746635556221008
55,"1157",-0.566456735134125
55,"1159",0.913412630558014
55,"1165",-0.987651169300079
55,"1166",-0.322455734014511
55,"1170",-0.973337888717651
55,"1171",0.770553410053253
55,"1172",-0.970427632331848
55,"1173",0.996060609817505
55,"1174",-0.710481107234955
55,"1175",0.404710412025452
55,"1176",-0.606943368911743
55,"1177",0.758203864097595
55,"1178",0.445945918560028
55,"1180",0.730797290802002
55,"1181",0.65246856212616
55,"1182",0.372483462095261
55,"1183",-0.652612209320068
55,"1184",0.741942584514618
55,"1186",0.753552496433258
55,"1187",-0.976017534732819
55,"1188",0.917323768138885
55,"1189",0.773742198944092
55,"1190",-0.98775976896286
55,"1191",-0.986700892448425
55,"1192",0.0734016671776772
55,"1193",0.0793943703174591
55,"1194",-0.98775976896286
55,"1195",0.460144847631454
55,"1196",0.335061311721802
55,"1197",-0.430708795785904
55,"1198",-0.986703455448151
55,"1199",-0.669716000556946
55,"1200",-0.211238622665405
55,"1201",0.0825116783380508
55,"1202",-0.684877455234528
55,"1203",-0.976018130779266
55,"1204",0.621886730194092
55,"1205",0.530238926410675
55,"1206",0.62519496679306
55,"1207",0.731680035591125
55,"1208",0.354077190160751
55,"1209",0.747833371162415
55,"1210",0.928663015365601
55,"1211",1
55,"1212",-0.613340675830841
55,"1213",0.917323768138885
55,"1214",-0.70776355266571
55,"1215",-0.618708670139313
55,"1216",-0.988287687301636
55,"1217",-0.625946342945099
55,"1218",-0.987919449806213
55,"1219",-0.487511694431305
55,"1220",-0.987698435783386
55,"1221",-1
55,"1222",0.763784050941467
55,"1223",-0.634746789932251
55,"1224",0.35752210021019
55,"1225",-0.991885006427765
55,"1226",0.468603104352951
55,"1227",-0.433443963527679
55,"1228",-0.618708670139313
55,"1229",0.347013354301453
55,"1230",0.0685092881321907
55,"1231",-0.524182319641113
55,"1232",-0.976019263267517
55,"1233",-0.686320185661316
55,"1234",-0.697044909000397
55,"1235",-0.177253499627113
55,"1236",0.176961749792099
55,"1237",-0.599725723266602
55,"1238",0.374000936746597
55,"1239",0.326778650283813
55,"1240",0.0544082708656788
55,"1241",0.426954001188278
55,"1242",-0.463812798261642
55,"1243",0.315090447664261
55,"1244",-0.71392410993576
55,"1245",-0.987307071685791
55,"1246",0.632805943489075
55,"1247",-0.987695336341858
55,"1248",-0.98656564950943
55,"1249",-0.677216112613678
55,"1250",0.920269727706909
55,"1251",-0.954072058200836
55,"1252",0.76895397901535
55,"1253",-0.987725734710693
55,"1254",-0.987705111503601
55,"1255",0.248434796929359
55,"1256",0.765757739543915
55,"1257",-0.549051344394684
55,"1258",0.135170593857765
55,"1259",-0.0548805668950081
55,"1260",0.623051345348358
55,"1261",-0.610796451568604
55,"1262",-0.986699342727661
55,"1263",-0.974210023880005
55,"1264",0.481959611177444
56,"803",0.465537548065186
56,"815",-0.887169539928436
56,"843",-0.724436700344086
56,"872",0.346438437700272
56,"915",-0.908901870250702
56,"986",0.476512342691422
56,"1009",-0.852952897548676
56,"1012",0.997606754302979
56,"1013",0.416583359241486
56,"1015",0.743988215923309
56,"1017",-0.985596776008606
56,"1021",-0.665381491184235
56,"1025",-0.990989327430725
56,"1028",-0.661079883575439
56,"1038",0.697822690010071
56,"1039",0.396644532680511
56,"1044",0.709072291851044
56,"1054",-0.658497273921967
56,"1056",0.765019774436951
56,"1059",-0.688972413539886
56,"1060",-0.701515972614288
56,"1061",0.629759848117828
56,"1062",-0.646076738834381
56,"1065",-0.893172860145569
56,"1073",0.72857791185379
56,"1074",0.833201825618744
56,"1075",-0.693524599075317
56,"1077",0.590104579925537
56,"1082",-0.929778277873993
56,"1086",0.728250026702881
56,"1087",0.735948741436005
56,"1099",0.6633460521698
56,"1100",-0.998492956161499
56,"1102",-0.595586359500885
56,"1104",-0.98247367143631
56,"1105",0.443112641572952
56,"1108",-0.671704947948456
56,"1110",0.511762619018555
56,"1114",0.726922571659088
56,"1116",0.381918519735336
56,"1117",0.914644360542297
56,"1119",-0.640284597873688
56,"1122",0.986330687999725
56,"1127",0.770852148532867
56,"1128",0.922036945819855
56,"1131",-0.65896874666214
56,"1132",-0.67205822467804
56,"1133",-0.991584718227386
56,"1140",-0.878874003887177
56,"1141",0.515660107135773
56,"1142",0.673631370067596
56,"1143",-0.82265168428421
56,"1146",-0.97890317440033
56,"1148",0.701993525028229
56,"1150",-0.998777985572815
56,"1152",-0.679786145687103
56,"1153",0.744910895824432
56,"1157",-0.739571988582611
56,"1159",0.917313456535339
56,"1165",-0.999017596244812
56,"1166",-0.50935822725296
56,"1170",-0.992829442024231
56,"1171",0.776876628398895
56,"1172",-0.978967189788818
56,"1173",0.997606754302979
56,"1174",-0.858695030212402
56,"1175",0.503903985023499
56,"1176",-0.817817807197571
56,"1177",0.765196561813354
56,"1178",0.533546984195709
56,"1180",0.742609441280365
56,"1181",0.770337522029877
56,"1182",0.436888605356216
56,"1183",-0.821922600269318
56,"1184",0.764547646045685
56,"1186",0.75736278295517
56,"1187",-0.991584718227386
56,"1188",0.918171107769012
56,"1189",0.781347751617432
56,"1190",-0.998777985572815
56,"1191",-0.999026358127594
56,"1192",-0.0315044820308685
56,"1193",-0.0135635240003467
56,"1194",-0.998777985572815
56,"1195",0.536113083362579
56,"1196",0.3990418612957
56,"1197",-0.619770348072052
56,"1198",-0.998777985572815
56,"1199",-0.870269119739532
56,"1200",-0.397758543491364
56,"1201",-0.0108887515962124
56,"1202",-0.861558437347412
56,"1203",-0.991586327552795
56,"1204",0.69675350189209
56,"1205",0.658990740776062
56,"1206",0.707653224468231
56,"1207",0.757682025432587
56,"1208",0.403636425733566
56,"1209",0.751829445362091
56,"1210",0.928739249706268
56,"1211",1
56,"1212",-0.886072516441345
56,"1213",0.918171107769012
56,"1214",-0.884714901447296
56,"1215",-0.900883853435516
56,"1216",-0.998777985572815
56,"1217",-0.898604333400726
56,"1218",-0.997452557086945
56,"1219",-0.688772916793823
56,"1220",-0.998456478118896
56,"1221",-1
56,"1222",0.757999420166016
56,"1223",-0.920807898044586
56,"1224",0.412183731794357
56,"1225",-0.998184323310852
56,"1226",0.578454792499542
56,"1227",-0.670003116130829
56,"1228",-0.904238402843475
56,"1229",0.395949065685272
56,"1230",-0.0326143726706505
56,"1231",-0.70479542016983
56,"1232",-0.991409063339233
56,"1233",-0.841909945011139
56,"1234",-0.906845331192017
56,"1235",-0.409773468971252
56,"1236",0.142149463295937
56,"1237",-0.788348793983459
56,"1238",0.438897848129272
56,"1239",0.384441763162613
56,"1240",-0.0479521192610264
56,"1241",0.477526545524597
56,"1242",-0.696653187274933
56,"1243",0.37149965763092
56,"1244",-0.85690826177597
56,"1245",-0.998262405395508
56,"1246",0.779073774814606
56,"1247",-0.998777985572815
56,"1248",-1
56,"1249",-0.834391176700592
56,"1250",0.92278653383255
56,"1251",-0.982210516929626
56,"1252",0.778729319572449
56,"1253",-0.998777985572815
56,"1254",-0.998777985572815
56,"1255",0.27694907784462
56,"1256",0.772672653198242
56,"1257",-0.713521838188171
56,"1258",0.0845180526375771
56,"1259",-0.243757307529449
56,"1260",0.686235845088959
56,"1261",-0.79457813501358
56,"1262",-0.998777985572815
56,"1263",-0.989771783351898
56,"1264",0.620980739593506
57,"803",0.395936012268066
57,"815",-0.721543371677399
57,"843",-0.688581466674805
57,"872",0.261946052312851
57,"915",-0.76866090297699
57,"986",0.357161641120911
57,"1009",-0.730343282222748
57,"1012",0.990918755531311
57,"1013",0.295455008745193
57,"1015",0.776734888553619
57,"1017",-0.745909154415131
57,"1021",-0.808403611183167
57,"1025",-0.730092525482178
57,"1028",-0.672730684280396
57,"1038",0.634919881820679
57,"1039",0.24557189643383
57,"1044",0.613322257995605
57,"1054",-0.63300222158432
57,"1056",0.722770631313324
57,"1059",-0.799532532691956
57,"1060",-0.721469402313232
57,"1061",0.452629238367081
57,"1062",-0.621125400066376
57,"1065",-0.780860066413879
57,"1073",0.80522620677948
57,"1074",0.836650550365448
57,"1075",-0.846249938011169
57,"1077",0.463428616523743
57,"1082",-0.923602998256683
57,"1086",0.800224423408508
57,"1087",0.767345130443573
57,"1099",0.494899660348892
57,"1100",-0.747853875160217
57,"1102",-0.571119368076324
57,"1104",-0.748911619186401
57,"1105",0.359324663877487
57,"1108",-0.635832607746124
57,"1110",0.378119856119156
57,"1114",0.680381894111633
57,"1116",0.275139838457108
57,"1117",0.919664978981018
57,"1119",-0.639329791069031
57,"1122",0.975784361362457
57,"1127",0.782954692840576
57,"1128",0.945263147354126
57,"1131",-0.680481433868408
57,"1132",-0.730344593524933
57,"1133",-0.74985545873642
57,"1140",-0.956521391868591
57,"1141",0.380049347877502
57,"1142",0.632418096065521
57,"1143",-0.693549036979675
57,"1146",-0.729459226131439
57,"1148",0.67659318447113
57,"1150",-0.749865531921387
57,"1152",-0.871155917644501
57,"1153",0.712810933589935
57,"1157",-0.660412073135376
57,"1159",0.925346195697784
57,"1165",-0.749923586845398
57,"1166",-0.523445069789886
57,"1170",-0.745993316173553
57,"1171",0.780329883098602
57,"1172",-0.734478414058685
57,"1173",0.990918755531311
57,"1174",-0.71131819486618
57,"1175",0.35458317399025
57,"1176",-0.691116690635681
57,"1177",0.778261542320251
57,"1178",0.397495925426483
57,"1180",0.8062784075737
57,"1181",0.737149238586426
57,"1182",0.317827314138412
57,"1183",-0.667084693908691
57,"1184",0.770108282566071
57,"1186",0.7690190076828
57,"1187",-0.749865531921387
57,"1188",0.928569972515106
57,"1189",0.830476343631744
57,"1190",-0.749865531921387
57,"1191",-0.747898995876312
57,"1192",-0.0745667666196823
57,"1193",-0.0523637309670448
57,"1194",-0.749865531921387
57,"1195",0.383429855108261
57,"1196",0.287089645862579
57,"1197",-0.625516057014465
57,"1198",-0.747910380363464
57,"1199",-0.748195350170135
57,"1200",-0.434764385223389
57,"1201",-0.0411566123366356
57,"1202",-0.930415093898773
57,"1203",-0.749865531921387
57,"1204",0.694306433200836
57,"1205",0.567514300346375
57,"1206",0.682499527931213
57,"1207",0.77782130241394
57,"1208",0.282509297132492
57,"1209",0.798165559768677
57,"1210",0.935289978981018
57,"1211",1
57,"1212",-1
57,"1213",0.928569972515106
57,"1214",-0.962099254131317
57,"1215",-0.987036466598511
57,"1216",-0.747910380363464
57,"1217",-0.982572555541992
57,"1218",-0.745667219161987
57,"1219",-0.668893694877625
57,"1220",-0.748983561992645
57,"1221",-0.74996554851532
57,"1222",0.733441412448883
57,"1223",-1
57,"1224",0.300991266965866
57,"1225",-0.749094009399414
57,"1226",0.422891974449158
57,"1227",-0.767456531524658
57,"1228",-1
57,"1229",0.281090438365936
57,"1230",-0.0609517693519592
57,"1231",-0.65921151638031
57,"1232",-0.749930024147034
57,"1233",-0.822522580623627
57,"1234",-0.915620565414429
57,"1235",-0.395730495452881
57,"1236",0.0456101223826408
57,"1237",-0.717117846012115
57,"1238",0.348243445158005
57,"1239",0.240046128630638
57,"1240",-0.104434043169022
57,"1241",0.418810069561005
57,"1242",-0.79814612865448
57,"1243",0.22655513882637
57,"1244",-0.728784680366516
57,"1245",-0.74918669462204
57,"1246",0.776727557182312
57,"1247",-0.749865531921387
57,"1248",-1
57,"1249",-0.875910818576813
57,"1250",0.932835459709167
57,"1251",-0.747628748416901
57,"1252",0.778082668781281
57,"1253",-0.749865531921387
57,"1254",-0.749865531921387
57,"1255",0.121085368096828
57,"1256",0.77526843547821
57,"1257",-0.667672336101532
57,"1258",0.0183491818606853
57,"1259",-0.229257822036743
57,"1260",0.699587166309357
57,"1261",-0.778112053871155
57,"1262",-0.747910380363464
57,"1263",-0.745993316173553
57,"1264",0.446905493736267
58,"803",0.290473312139511
58,"815",-0.759897828102112
58,"843",-0.772991418838501
58,"872",0.291598051786423
58,"915",-0.810943722724915
58,"986",0.320346921682358
58,"1009",-0.782126486301422
58,"1012",1
58,"1013",0.280979067087173
58,"1015",1
58,"1017",-0.935219466686249
58,"1021",-0.685553252696991
58,"1025",-0.937599122524261
58,"1028",-0.648307800292969
58,"1038",0.539062023162842
58,"1039",0.0941015332937241
58,"1044",0.489506632089615
58,"1054",-0.655676305294037
58,"1056",0.600333273410797
58,"1059",-0.710322797298431
58,"1060",-0.691304266452789
58,"1061",0.28850132226944
58,"1062",-0.580693900585175
58,"1065",-0.79509961605072
58,"1073",0.912136971950531
58,"1074",1
58,"1075",-0.741428792476654
58,"1077",0.423777997493744
58,"1082",-1
58,"1086",0.849829196929932
58,"1087",0.754256248474121
58,"1099",0.47469773888588
58,"1100",-0.966477274894714
58,"1102",-0.590513110160828
58,"1104",-0.951456665992737
58,"1105",0.327793955802917
58,"1108",-0.691981554031372
58,"1110",0.279950350522995
58,"1114",0.593031883239746
58,"1116",0.289063632488251
58,"1117",1
58,"1119",-0.673255264759064
58,"1122",1
58,"1127",0.738201439380646
58,"1128",0.973497748374939
58,"1131",-0.660854935646057
58,"1132",-0.646248042583466
58,"1133",-0.95848935842514
58,"1140",-0.803083300590515
58,"1141",0.321555465459824
58,"1142",0.574481785297394
58,"1143",-0.736675977706909
58,"1146",-0.936497569084167
58,"1148",NA
58,"1150",-0.967107892036438
58,"1152",-0.972622573375702
58,"1153",0.86033684015274
58,"1157",-0.672207355499268
58,"1159",1
58,"1165",-0.967282176017761
58,"1166",-0.595152080059052
58,"1170",-0.94575309753418
58,"1171",0.768103897571564
58,"1172",-0.933419227600098
58,"1173",1
58,"1174",-0.75813353061676
58,"1175",0.216606184840202
58,"1176",-0.688699245452881
58,"1177",1
58,"1178",0.289461255073547
58,"1180",0.7774698138237
58,"1181",0.669737815856934
58,"1182",0.263032227754593
58,"1183",-0.722615838050842
58,"1184",0.69124448299408
58,"1186",0.737502455711365
58,"1187",-0.95859682559967
58,"1188",1
58,"1189",0.919041275978088
58,"1190",-0.967107892036438
58,"1191",-0.966371536254883
58,"1192",0.11413162946701
58,"1193",0.0915752202272415
58,"1194",-0.967107892036438
58,"1195",0.285252213478088
58,"1196",0.190972223877907
58,"1197",-0.693118095397949
58,"1198",-0.966371595859528
58,"1199",-0.749859929084778
58,"1200",-0.301080584526062
58,"1201",0.105364747345448
58,"1202",-0.792651355266571
58,"1203",-0.95859682559967
58,"1204",0.603479266166687
58,"1205",0.484522610902786
58,"1206",0.678374707698822
58,"1207",0.619840741157532
58,"1208",0.27221941947937
58,"1209",0.716294705867767
58,"1210",1
58,"1211",1
58,"1212",-0.979749381542206
58,"1213",1
58,"1214",-0.822283029556274
58,"1215",-0.991701602935791
58,"1216",-0.96651691198349
58,"1217",-1
58,"1218",-0.965803444385529
58,"1219",-0.756177484989166
58,"1220",-0.966840624809265
58,"1221",-0.967107892036438
58,"1222",0.770787715911865
58,"1223",-1
58,"1224",0.282767593860626
58,"1225",-0.966637015342712
58,"1226",0.287570595741272
58,"1227",-0.66783332824707
58,"1228",-1
58,"1229",0.289739489555359
58,"1230",0.102217860519886
58,"1231",-0.695261478424072
58,"1232",-0.958629429340363
58,"1233",-0.776605188846588
58,"1234",-0.725654661655426
58,"1235",-0.0991696491837502
58,"1236",0.0873549282550812
58,"1237",-0.730415821075439
58,"1238",0.377493798732758
58,"1239",0.125886812806129
58,"1240",0.0772799625992775
58,"1241",0.408774495124817
58,"1242",-0.725830972194672
58,"1243",0.105883076786995
58,"1244",-0.948954939842224
58,"1245",-0.966655492782593
58,"1246",0.605362236499786
58,"1247",-0.967107892036438
58,"1248",-1
58,"1249",-0.745846569538116
58,"1250",1
58,"1251",-0.951077580451965
58,"1252",0.768849611282349
58,"1253",-0.967107892036438
58,"1254",-0.967107892036438
58,"1255",0.084003783762455
58,"1256",0.768564283847809
58,"1257",-0.704166173934937
58,"1258",0.0774679556488991
58,"1259",0.0882196724414825
58,"1260",0.704900503158569
58,"1261",-0.771225869655609
58,"1262",-0.966371595859528
58,"1263",-0.936982095241547
58,"1264",0.301671624183655
59,"803",0.072173185646534
59,"815",-0.66327965259552
59,"843",-0.661337375640869
59,"872",0.163114205002785
59,"915",-0.765779614448547
59,"986",0.291162878274918
59,"1009",-0.662517607212067
59,"1012",0.94051331281662
59,"1013",0.24262523651123
59,"1015",0.846850574016571
59,"1017",-0.706855416297913
59,"1021",-0.844368815422058
59,"1025",-0.702818870544434
59,"1028",-0.623295247554779
59,"1038",0.55692845582962
59,"1039",0.0361148975789547
59,"1044",0.456322133541107
59,"1054",-0.635946333408356
59,"1056",0.635861337184906
59,"1059",-0.7806236743927
59,"1060",-0.723300457000732
59,"1061",0.264583915472031
59,"1062",-0.542027473449707
59,"1065",-0.709273099899292
59,"1073",0.979032754898071
59,"1074",0.868618428707123
59,"1075",-0.831706821918488
59,"1077",0.331854581832886
59,"1082",-1
59,"1086",0.767220616340637
59,"1087",0.863079071044922
59,"1099",0.339575797319412
59,"1100",-0.719224274158478
59,"1102",-0.616264402866364
59,"1104",-0.714948356151581
59,"1105",0.199373811483383
59,"1108",-0.649576544761658
59,"1110",0.256203293800354
59,"1114",0.724299013614655
59,"1116",0.152974113821983
59,"1117",0.94584596157074
59,"1119",-0.651308178901672
59,"1122",0.939868688583374
59,"1127",0.859578490257263
59,"1128",0.854629278182983
59,"1131",-0.638662099838257
59,"1132",-0.756530046463013
59,"1133",-0.717704772949219
59,"1140",-0.846093118190765
59,"1141",0.285782396793365
59,"1142",0.5804363489151
59,"1143",-0.648792326450348
59,"1146",-0.673047363758087
59,"1148",NA
59,"1150",-0.719858825206757
59,"1152",-0.961355209350586
59,"1153",0.8538978099823
59,"1157",-0.612669229507446
59,"1159",0.897954940795898
59,"1165",-0.719858825206757
59,"1166",-0.575284123420715
59,"1170",-0.709376752376556
59,"1171",0.85621303319931
59,"1172",-0.665668070316315
59,"1173",0.939959168434143
59,"1174",-0.659484028816223
59,"1175",0.236166328191757
59,"1176",-0.652441918849945
59,"1177",0.764537751674652
59,"1178",0.268093436956406
59,"1180",0.80392986536026
59,"1181",0.63166880607605
59,"1182",0.248406171798706
59,"1183",-0.654578566551208
59,"1184",0.83502984046936
59,"1186",0.856157183647156
59,"1187",-0.717704772949219
59,"1188",0.939959168434143
59,"1189",0.879917204380035
59,"1190",-0.719858825206757
59,"1191",-0.719231247901917
59,"1192",0.0404712744057178
59,"1193",0.00731059722602367
59,"1194",-0.719876170158386
59,"1195",0.22442664206028
59,"1196",0.0579109229147434
59,"1197",-0.636628270149231
59,"1198",-0.719230055809021
59,"1199",-0.714076995849609
59,"1200",-0.328540027141571
59,"1201",0.00102819653693587
59,"1202",-0.839509963989258
59,"1203",-0.717704772949219
59,"1204",0.61100172996521
59,"1205",0.434447705745697
59,"1206",0.62945544719696
59,"1207",0.780354976654053
59,"1208",0.148955583572388
59,"1209",0.793706595897675
59,"1210",0.940512835979462
59,"1211",1
59,"1212",-0.946306228637695
59,"1213",0.939959168434143
59,"1214",-0.849890887737274
59,"1215",-0.948782980442047
59,"1216",-0.719230055809021
59,"1217",-0.967170178890228
59,"1218",-0.716155886650085
59,"1219",-0.640208601951599
59,"1220",-0.717820763587952
59,"1221",-0.719876170158386
59,"1222",0.967427015304565
59,"1223",-0.982002973556519
59,"1224",0.170264363288879
59,"1225",-0.71967089176178
59,"1226",0.2514728307724
59,"1227",-0.79615581035614
59,"1228",-0.954907476902008
59,"1229",0.154239192605019
59,"1230",0.00925414264202118
59,"1231",-0.639096736907959
59,"1232",-0.717704772949219
59,"1233",-0.738100051879883
59,"1234",-0.786776304244995
59,"1235",-0.181467443704605
59,"1236",0.0067743924446404
59,"1237",-0.655665099620819
59,"1238",0.214519962668419
59,"1239",0.0301585122942924
59,"1240",-0.00407081982120872
59,"1241",0.28594496846199
59,"1242",-0.819445669651031
59,"1243",0.0162326823920012
59,"1244",-0.716448903083801
59,"1245",-0.719602465629578
59,"1246",0.587738931179047
59,"1247",-0.719876170158386
59,"1248",-1
59,"1249",-0.779018700122833
59,"1250",0.898982644081116
59,"1251",-0.716658592224121
59,"1252",0.859646916389465
59,"1253",-0.719858825206757
59,"1254",-0.719858825206757
59,"1255",-0.0123889930546284
59,"1256",0.859589397907257
59,"1257",-0.655417442321777
59,"1258",0.000705591053701937
59,"1259",-0.0205973014235497
59,"1260",0.64600270986557
59,"1261",-0.713160276412964
59,"1262",-0.719258069992065
59,"1263",-0.707570731639862
59,"1264",0.283343374729156
60,"803",0.139285430312157
60,"815",-0.593687832355499
60,"843",-0.604750514030457
60,"872",0.230523288249969
60,"915",-0.70303601026535
60,"986",0.292421132326126
60,"1009",-0.628744065761566
60,"1012",0.983068943023682
60,"1013",0.226269170641899
60,"1015",0.886617004871368
60,"1017",-0.632777690887451
60,"1021",-0.81495726108551
60,"1025",-0.625698566436768
60,"1028",-0.562589406967163
60,"1038",0.570649385452271
60,"1039",0.0129337087273598
60,"1044",0.465560257434845
60,"1054",-0.554983556270599
60,"1056",0.629759311676025
60,"1059",-0.816176950931549
60,"1060",-0.690605580806732
60,"1061",0.298827588558197
60,"1062",-0.484823971986771
60,"1065",-0.652375042438507
60,"1073",1
60,"1074",0.943979799747467
60,"1075",-0.874738812446594
60,"1077",0.319598287343979
60,"1082",-0.944787204265594
60,"1086",0.784569978713989
60,"1087",0.972189664840698
60,"1099",0.339012175798416
60,"1100",-0.640360713005066
60,"1102",-0.454632699489594
60,"1104",-0.635398089885712
60,"1105",0.239913105964661
60,"1108",-0.585694968700409
60,"1110",0.274347096681595
60,"1114",0.788299977779388
60,"1116",0.193190231919289
60,"1117",0.983681082725525
60,"1119",-0.569567918777466
60,"1122",0.982963919639587
60,"1127",0.881971776485443
60,"1128",0.960331916809082
60,"1131",-0.599005341529846
60,"1132",-0.727079927921295
60,"1133",-0.637689650058746
60,"1140",-0.895351648330688
60,"1141",0.324478358030319
60,"1142",0.564118146896362
60,"1143",-0.596697449684143
60,"1146",-0.621155619621277
60,"1148",NA
60,"1150",-0.641471982002258
60,"1152",-1
60,"1153",0.893241345882416
60,"1157",-0.57227098941803
60,"1159",0.965581953525543
60,"1165",-0.641445875167847
60,"1166",-0.43916392326355
60,"1170",-0.636722087860107
60,"1171",0.896569430828094
60,"1172",-0.624657690525055
60,"1173",0.983068943023682
60,"1174",-0.595734417438507
60,"1175",0.260081082582474
60,"1176",-0.585436463356018
60,"1177",0.826541125774384
60,"1178",0.286521196365356
60,"1180",0.792254149913788
60,"1181",0.618208289146423
60,"1182",0.268034219741821
60,"1183",-0.583164572715759
60,"1184",0.793642997741699
60,"1186",0.882538080215454
60,"1187",-0.637823939323425
60,"1188",0.983068943023682
60,"1189",0.899282336235046
60,"1190",-0.641471982002258
60,"1191",-0.640361130237579
60,"1192",0.0350422337651253
60,"1193",-0.0471694692969322
60,"1194",-0.641471982002258
60,"1195",0.277820348739624
60,"1196",0.126168385148048
60,"1197",-0.595222949981689
60,"1198",-0.640361130237579
60,"1199",-0.697714567184448
60,"1200",-0.381416022777557
60,"1201",0.00117979315109551
60,"1202",-0.880336046218872
60,"1203",-0.637823939323425
60,"1204",0.57841032743454
60,"1205",0.40572452545166
60,"1206",0.635724246501923
60,"1207",0.785697877407074
60,"1208",0.191054880619049
60,"1209",0.866445124149323
60,"1210",0.983378708362579
60,"1211",0.994696497917175
60,"1212",-0.90957897901535
60,"1213",0.983068943023682
60,"1214",-0.896949708461761
60,"1215",-0.905687689781189
60,"1216",-0.640361130237579
60,"1217",-0.912271022796631
60,"1218",-0.635895431041718
60,"1219",-0.581765830516815
60,"1220",-0.640425324440002
60,"1221",-0.641471982002258
60,"1222",0.97320693731308
60,"1223",-0.913578271865845
60,"1224",0.203740984201431
60,"1225",-0.639262795448303
60,"1226",0.267064899206161
60,"1227",-0.808692395687103
60,"1228",-0.905687689781189
60,"1229",0.197012931108475
60,"1230",-0.0206030085682869
60,"1231",-0.558923125267029
60,"1232",-0.637821435928345
60,"1233",-0.751908898353577
60,"1234",-0.630470931529999
60,"1235",-0.278595119714737
60,"1236",-0.0597291700541973
60,"1237",-0.614931464195251
60,"1238",0.229764968156815
60,"1239",0.0266571454703808
60,"1240",-0.0480348877608776
60,"1241",0.306586027145386
60,"1242",-0.856223940849304
60,"1243",0.0133053017780185
60,"1244",-0.632560193538666
60,"1245",-0.639283001422882
60,"1246",0.609267294406891
60,"1247",-0.641471982002258
60,"1248",-1
60,"1249",-0.790006041526794
60,"1250",0.96274995803833
60,"1251",-0.636277496814728
60,"1252",0.895946800708771
60,"1253",-0.641471982002258
60,"1254",-0.641471982002258
60,"1255",-0.0475155524909496
60,"1256",0.896044850349426
60,"1257",-0.56411349773407
60,"1258",-0.0612913519144058
60,"1259",-0.0498621426522732
60,"1260",0.615304827690125
60,"1261",-0.698859632015228
60,"1262",-0.640361130237579
60,"1263",-0.634241104125977
60,"1264",0.305940479040146
61,"803",0.461500644683838
61,"815",-0.713501393795013
61,"843",-0.65273243188858
61,"872",0.285022646188736
61,"915",-0.766370892524719
61,"986",0.403098970651627
61,"1009",-0.716361343860626
61,"1012",0.972926735877991
61,"1013",0.325739413499832
61,"1015",0.795898079872131
61,"1017",-0.719303965568542
61,"1021",-0.747256398200989
61,"1025",-0.705773591995239
61,"1028",-0.622292399406433
61,"1038",0.692602276802063
61,"1039",0.251625925302505
61,"1044",0.628232657909393
61,"1054",-0.604006469249725
61,"1056",0.784447371959686
61,"1059",-0.765439629554749
61,"1060",-0.700150966644287
61,"1061",0.412502110004425
61,"1062",-0.564061403274536
61,"1065",-0.826443195343018
61,"1073",0.824195027351379
61,"1074",0.817659497261047
61,"1075",-0.787381887435913
61,"1077",0.447185307741165
61,"1082",-1
61,"1086",0.772780060768127
61,"1087",0.806402266025543
61,"1099",0.471704304218292
61,"1100",-0.73247629404068
61,"1102",-0.538353681564331
61,"1104",-0.724393308162689
61,"1105",0.401203960180283
61,"1108",-0.607748687267303
61,"1110",0.363357037305832
61,"1114",0.709785342216492
61,"1116",0.347315341234207
61,"1117",0.901928246021271
61,"1119",-0.623697638511658
61,"1122",0.956228256225586
61,"1127",0.820133924484253
61,"1128",0.922140002250671
61,"1131",-0.610756158828735
61,"1132",-0.72448068857193
61,"1133",-0.730672240257263
61,"1140",-1
61,"1141",0.41138157248497
61,"1142",0.675178468227386
61,"1143",-0.701964318752289
61,"1146",-0.705382943153381
61,"1148",0.687248051166534
61,"1150",-0.732461214065552
61,"1152",-0.841003954410553
61,"1153",0.783601820468903
61,"1157",-0.670740365982056
61,"1159",0.915684998035431
61,"1165",-0.732461214065552
61,"1166",-0.470162719488144
61,"1170",-0.721299886703491
61,"1171",0.832904398441315
61,"1172",-0.709953188896179
61,"1173",0.972926735877991
61,"1174",-0.707580387592316
61,"1175",0.32351753115654
61,"1176",-0.680926084518433
61,"1177",0.772276341915131
61,"1178",0.377927511930466
61,"1180",0.798454999923706
61,"1181",0.823954105377197
61,"1182",0.351188033819199
61,"1183",-0.71213686466217
61,"1184",0.774718463420868
61,"1186",0.799836933612823
61,"1187",-0.730638265609741
61,"1188",0.918802082538605
61,"1189",0.844882130622864
61,"1190",-0.732461214065552
61,"1191",-0.73255443572998
61,"1192",-0.0516739189624786
61,"1193",-0.027444263920188
61,"1194",-0.732461214065552
61,"1195",0.346431463956833
61,"1196",0.327784717082977
61,"1197",-0.60133558511734
61,"1198",-0.732461214065552
61,"1199",-0.900761246681213
61,"1200",-0.322259366512299
61,"1201",-0.0123601527884603
61,"1202",-0.951781988143921
61,"1203",-0.730638325214386
61,"1204",0.713320791721344
61,"1205",0.533068537712097
61,"1206",0.729483306407928
61,"1207",0.758642613887787
61,"1208",0.327613919973373
61,"1209",0.76967865228653
61,"1210",0.92465215921402
61,"1211",1
61,"1212",-0.935214519500732
61,"1213",0.918802082538605
61,"1214",-1
61,"1215",-0.940145611763
61,"1216",-0.732461214065552
61,"1217",-0.937636494636536
61,"1218",-0.724821507930756
61,"1219",-0.646173655986786
61,"1220",-0.731340408325195
61,"1221",-0.732565879821777
61,"1222",0.761591076850891
61,"1223",-1
61,"1224",0.336730867624283
61,"1225",-0.731975913047791
61,"1226",0.396242767572403
61,"1227",-0.752615213394165
61,"1228",-0.940145611763
61,"1229",0.324548602104187
61,"1230",-0.0345349088311195
61,"1231",-0.643738627433777
61,"1232",-0.730694591999054
61,"1233",-0.902710795402527
61,"1234",-0.858310401439667
61,"1235",-0.271892815828323
61,"1236",0.0620155520737171
61,"1237",-0.684956431388855
61,"1238",0.405571401119232
61,"1239",0.238603964447975
61,"1240",-0.0632563382387161
61,"1241",0.485223859548569
61,"1242",-0.769593715667725
61,"1243",0.224783197045326
61,"1244",-0.710127055644989
61,"1245",-0.731962621212006
61,"1246",0.774097263813019
61,"1247",-0.732461214065552
61,"1248",-1
61,"1249",-0.921344876289368
61,"1250",0.928057551383972
61,"1251",-0.727244079113007
61,"1252",0.826187610626221
61,"1253",-0.732461214065552
61,"1254",-0.732461214065552
61,"1255",0.146083846688271
61,"1256",0.819013237953186
61,"1257",-0.669025838375092
61,"1258",0.0239052753895521
61,"1259",-0.155073508620262
61,"1260",0.724504709243774
61,"1261",-0.75064879655838
61,"1262",-0.732461214065552
61,"1263",-0.721299886703491
61,"1264",0.415377765893936
62,"803",0.46296900510788
62,"815",-0.464850932359695
62,"843",-0.509526252746582
62,"872",0.375650137662888
62,"915",-0.584970533847809
62,"986",0.530854046344757
62,"1009",-0.597031533718109
62,"1012",1
62,"1013",0.465683281421661
62,"1015",0.845866024494171
62,"1017",-0.972480118274689
62,"1021",-0.350703597068787
62,"1025",-1
62,"1028",-0.367356330156326
62,"1038",0.690229654312134
62,"1039",0.379013568162918
62,"1044",0.641153216362
62,"1054",-0.357163429260254
62,"1056",0.742929220199585
62,"1059",-0.428317219018936
62,"1060",-0.374482721090317
62,"1061",0.587565541267395
62,"1062",-0.339511305093765
62,"1065",-0.43473893404007
62,"1073",0.844346642494202
62,"1074",0.900511384010315
62,"1075",-0.407573670148849
62,"1077",0.557363748550415
62,"1082",-0.58197683095932
62,"1086",0.818982720375061
62,"1087",0.813161432743073
62,"1099",0.593131065368652
62,"1100",-0.984140574932098
62,"1102",-0.339837580919266
62,"1104",-0.905048906803131
62,"1105",0.433918803930283
62,"1108",-0.43304455280304
62,"1110",0.522093296051025
62,"1114",0.799940347671509
62,"1116",0.382737904787064
62,"1117",0.977745592594147
62,"1119",-0.34897655248642
62,"1122",0.989963829517365
62,"1127",0.851816415786743
62,"1128",0.990174889564514
62,"1131",-0.403680205345154
62,"1132",-0.330807834863663
62,"1133",-0.972274661064148
62,"1140",-0.44869989156723
62,"1141",0.544502258300781
62,"1142",0.662655055522919
62,"1143",-0.418150216341019
62,"1146",-0.982766509056091
62,"1148",0.747201204299927
62,"1150",-0.985099256038666
62,"1152",-0.442234605550766
62,"1153",0.85940957069397
62,"1157",-0.376161754131317
62,"1159",0.965822517871857
62,"1165",-0.985921144485474
62,"1166",-0.243233770132065
62,"1170",-0.985099256038666
62,"1171",0.857671201229095
62,"1172",-0.981718182563782
62,"1173",0.999987542629242
62,"1174",-0.441186249256134
62,"1175",0.532742619514465
62,"1176",-0.383923768997192
62,"1177",0.842630803585052
62,"1178",0.530875027179718
62,"1180",0.820550382137299
62,"1181",0.728656947612762
62,"1182",0.479300558567047
62,"1183",-0.399425506591797
62,"1184",0.810352861881256
62,"1186",0.844539761543274
62,"1187",-0.971886396408081
62,"1188",0.966376006603241
62,"1189",0.873734056949615
62,"1190",-0.985099256038666
62,"1191",-0.993797123432159
62,"1192",0.115549929440022
62,"1193",0.133315920829773
62,"1194",-0.985099256038666
62,"1195",0.495298504829407
62,"1196",0.403358072042465
62,"1197",-0.407061636447906
62,"1198",-0.984768390655518
62,"1199",-0.442222446203232
62,"1200",-0.204341530799866
62,"1201",0.129680439829826
62,"1202",-0.451874285936356
62,"1203",-0.971861600875854
62,"1204",0.705142557621002
62,"1205",0.637347340583801
62,"1206",0.709215819835663
62,"1207",0.810802042484283
62,"1208",0.406457901000977
62,"1209",0.855112433433533
62,"1210",0.971863090991974
62,"1211",0.999757468700409
62,"1212",-0.694501221179962
62,"1213",0.966376006603241
62,"1214",-0.470604926347733
62,"1215",-0.63114058971405
62,"1216",-0.984754502773285
62,"1217",-0.626477479934692
62,"1218",-0.985099256038666
62,"1219",-0.447321683168411
62,"1220",-0.985027551651001
62,"1221",-0.996016263961792
62,"1222",0.903621137142181
62,"1223",-0.632325053215027
62,"1224",0.421101540327072
62,"1225",-0.986235320568085
62,"1226",0.541613817214966
62,"1227",-0.352789461612701
62,"1228",-0.642724335193634
62,"1229",0.396389156579971
62,"1230",0.126601219177246
62,"1231",-0.368605822324753
62,"1232",-0.971387982368469
62,"1233",-0.44266015291214
62,"1234",-0.470291376113892
62,"1235",-0.131143018603325
62,"1236",0.214271381497383
62,"1237",-0.525078594684601
62,"1238",0.429531276226044
62,"1239",0.369635939598083
62,"1240",0.0859341993927956
62,"1241",0.466749936342239
62,"1242",-0.392032533884048
62,"1243",0.357832431793213
62,"1244",-0.669590651988983
62,"1245",-0.986511051654816
62,"1246",0.719749629497528
62,"1247",-0.985099256038666
62,"1248",-0.985003769397736
62,"1249",-0.419278472661972
62,"1250",0.966725826263428
62,"1251",-0.878237783908844
62,"1252",0.860034942626953
62,"1253",-0.985099256038666
62,"1254",-0.985099256038666
62,"1255",0.283782571554184
62,"1256",0.857157468795776
62,"1257",-0.385685682296753
62,"1258",0.183480218052864
62,"1259",-0.025552311912179
62,"1260",0.709226787090302
62,"1261",-0.524967432022095
62,"1262",-0.984767556190491
62,"1263",-0.979294121265411
62,"1264",0.583353340625763
63,"803",0.462279200553894
63,"815",-0.667973220348358
63,"843",-0.493183851242065
63,"872",0.37772262096405
63,"915",-0.69468355178833
63,"986",0.470014303922653
63,"1009",-0.613334953784943
63,"1012",0.994035601615906
63,"1013",0.41057276725769
63,"1015",0.762713134288788
63,"1017",-0.96877247095108
63,"1021",-0.416797131299973
63,"1025",-0.998537838459015
63,"1028",-0.417661935091019
63,"1038",0.664326131343842
63,"1039",0.407277673482895
63,"1044",0.641689479351044
63,"1054",-0.421780943870544
63,"1056",0.737334907054901
63,"1059",-0.427864491939545
63,"1060",-0.442587643861771
63,"1061",0.568560063838959
63,"1062",-0.396582186222076
63,"1065",-0.596071183681488
63,"1073",0.748832762241364
63,"1074",0.832780003547668
63,"1075",-0.436047852039337
63,"1077",0.567137122154236
63,"1082",-0.611727237701416
63,"1086",0.738341510295868
63,"1087",0.719858348369598
63,"1099",0.618147015571594
63,"1100",-0.999520540237427
63,"1102",-0.370247930288315
63,"1104",-0.962877750396729
63,"1105",0.454129099845886
63,"1108",-0.46176815032959
63,"1110",0.494951039552689
63,"1114",0.722732961177826
63,"1116",0.408476561307907
63,"1117",0.922633707523346
63,"1119",-0.396955639123917
63,"1122",0.983263492584229
63,"1127",0.776621282100677
63,"1128",0.917673766613007
63,"1131",-0.420718014240265
63,"1132",-0.410931259393692
63,"1133",-0.985702574253082
63,"1140",-0.605811834335327
63,"1141",0.490649878978729
63,"1142",0.650734484195709
63,"1143",-0.613147139549255
63,"1146",-1
63,"1148",0.699475765228271
63,"1150",-0.994939029216766
63,"1152",-0.43185168504715
63,"1153",0.749758124351501
63,"1157",-0.501713454723358
63,"1159",0.921199917793274
63,"1165",-0.994939029216766
63,"1166",-0.301150768995285
63,"1170",-0.980501592159271
63,"1171",0.775569379329681
63,"1172",-0.966667652130127
63,"1173",0.994035601615906
63,"1174",-0.614852607250214
63,"1175",0.486622333526611
63,"1176",-0.560088098049164
63,"1177",0.782093644142151
63,"1178",0.514977514743805
63,"1180",0.758105397224426
63,"1181",0.702146768569946
63,"1182",0.436047613620758
63,"1183",-0.616312265396118
63,"1184",0.765734970569611
63,"1186",0.763526082038879
63,"1187",-0.985917329788208
63,"1188",0.924368262290955
63,"1189",0.787932097911835
63,"1190",-0.994875371456146
63,"1191",-0.997952401638031
63,"1192",0.0941988080739975
63,"1193",0.104243107140064
63,"1194",-0.994875371456146
63,"1195",0.529456257820129
63,"1196",0.400777518749237
63,"1197",-0.391284644603729
63,"1198",-0.994628071784973
63,"1199",-0.590478599071503
63,"1200",-0.173395588994026
63,"1201",0.108299121260643
63,"1202",-0.584376633167267
63,"1203",-0.98575097322464
63,"1204",0.662170350551605
63,"1205",0.611293852329254
63,"1206",0.679316401481628
63,"1207",0.759570837020874
63,"1208",0.417611867189407
63,"1209",0.757626533508301
63,"1210",0.935281991958618
63,"1211",1
63,"1212",-0.608364462852478
63,"1213",0.924368262290955
63,"1214",-0.607192158699036
63,"1215",-0.596436321735382
63,"1216",-0.996690154075623
63,"1217",-0.60459703207016
63,"1218",-0.994875371456146
63,"1219",-0.46758496761322
63,"1220",-0.994875371456146
63,"1221",-1
63,"1222",0.788029730319977
63,"1223",-0.61638480424881
63,"1224",0.425071448087692
63,"1225",-1
63,"1226",0.546245813369751
63,"1227",-0.41307669878006
63,"1228",-0.596436321735382
63,"1229",0.409864336252213
63,"1230",0.0900547057390213
63,"1231",-0.467129588127136
63,"1232",-0.985796511173248
63,"1233",-0.590314447879791
63,"1234",-0.677554428577423
63,"1235",-0.184394419193268
63,"1236",0.224484354257584
63,"1237",-0.537480652332306
63,"1238",0.45005676150322
63,"1239",0.403797209262848
63,"1240",0.078199990093708
63,"1241",0.491118162870407
63,"1242",-0.437297195196152
63,"1243",0.39144167304039
63,"1244",-0.701789736747742
63,"1245",-0.994653165340424
63,"1246",0.67030531167984
63,"1247",-0.994939029216766
63,"1248",-0.994342803955078
63,"1249",-0.570395469665527
63,"1250",0.929315567016602
63,"1251",-0.955450594425201
63,"1252",0.774640440940857
63,"1253",-0.994925498962402
63,"1254",-0.994875371456146
63,"1255",0.319903761148453
63,"1256",0.771690905094147
63,"1257",-0.484411388635635
63,"1258",0.177535340189934
63,"1259",-0.0542229153215885
63,"1260",0.654262781143188
63,"1261",-0.544517397880554
63,"1262",-0.994628071784973
63,"1263",-0.974687814712524
63,"1264",0.565981090068817
64,"803",0.22505846619606
64,"815",-0.525809288024902
64,"843",-0.524307191371918
64,"872",0.309231728315353
64,"915",-0.601566553115845
64,"986",0.421461790800095
64,"1009",-0.612458884716034
64,"1012",1
64,"1013",0.366257935762405
64,"1015",0.839512169361115
64,"1017",-0.987022161483765
64,"1021",-0.453470647335052
64,"1025",-1
64,"1028",-0.438254505395889
64,"1038",0.716438293457031
64,"1039",0.273533999919891
64,"1044",0.616987526416779
64,"1054",-0.432715058326721
64,"1056",0.838847637176514
64,"1059",-0.418034672737122
64,"1060",-0.464157104492188
64,"1061",0.499798715114594
64,"1062",-0.393501877784729
64,"1065",-0.533824682235718
64,"1073",0.85147088766098
64,"1074",0.810136556625366
64,"1075",-0.482785999774933
64,"1077",0.524328887462616
64,"1082",-0.556998550891876
64,"1086",0.811824142932892
64,"1087",0.829610407352448
64,"1099",0.53654420375824
64,"1100",-0.997030556201935
64,"1102",-0.44224426150322
64,"1104",-0.960638165473938
64,"1105",0.338260680437088
64,"1108",-0.516370713710785
64,"1110",0.462944805622101
64,"1114",0.75097131729126
64,"1116",0.292724877595901
64,"1117",0.938359439373016
64,"1119",-0.419608414173126
64,"1122",0.987771689891815
64,"1127",0.844429314136505
64,"1128",0.855093240737915
64,"1131",-0.456663995981216
64,"1132",-0.403575211763382
64,"1133",-0.986728966236115
64,"1140",-0.553428888320923
64,"1141",0.423283457756042
64,"1142",0.687384426593781
64,"1143",-0.524296462535858
64,"1146",-1
64,"1148",0.698010504245758
64,"1150",-0.996354341506958
64,"1152",-0.50345253944397
64,"1153",0.83429741859436
64,"1157",-0.509456932544708
64,"1159",0.92872542142868
64,"1165",-0.996972501277924
64,"1166",-0.366059273481369
64,"1170",-0.997618138790131
64,"1171",0.844422280788422
64,"1172",-0.99011754989624
64,"1173",1
64,"1174",-0.552048087120056
64,"1175",0.472319781780243
64,"1176",-0.489084243774414
64,"1177",0.827001750469208
64,"1178",0.502848982810974
64,"1180",0.8626309633255
64,"1181",0.720492422580719
64,"1182",0.385304510593414
64,"1183",-0.52003002166748
64,"1184",0.822836577892303
64,"1186",0.817900478839874
64,"1187",-0.986730515956879
64,"1188",0.947649300098419
64,"1189",0.865313172340393
64,"1190",-0.997045755386353
64,"1191",-0.99714469909668
64,"1192",0.150615096092224
64,"1193",0.139335215091705
64,"1194",-0.996939361095428
64,"1195",0.487355500459671
64,"1196",0.238370403647423
64,"1197",-0.47197213768959
64,"1198",-0.99714469909668
64,"1199",-0.551761269569397
64,"1200",-0.17517451941967
64,"1201",0.140463590621948
64,"1202",-0.558805584907532
64,"1203",-0.986730515956879
64,"1204",0.674129247665405
64,"1205",0.548873901367188
64,"1206",0.732839286327362
64,"1207",0.795695126056671
64,"1208",0.312992662191391
64,"1209",0.851895391941071
64,"1210",0.95572555065155
64,"1211",0.999715924263
64,"1212",-0.573368906974792
64,"1213",0.947649300098419
64,"1214",-0.562977254390717
64,"1215",-0.574896216392517
64,"1216",-0.996368885040283
64,"1217",-0.637475848197937
64,"1218",-0.996354341506958
64,"1219",-0.507040679454803
64,"1220",-0.997705519199371
64,"1221",-1
64,"1222",0.727637529373169
64,"1223",-0.57075446844101
64,"1224",0.321380406618118
64,"1225",-1
64,"1226",0.465042620897293
64,"1227",-0.447457998991013
64,"1228",-0.574896216392517
64,"1229",0.314085632562637
64,"1230",0.135716736316681
64,"1231",-0.469141930341721
64,"1232",-0.9868403673172
64,"1233",-0.555455088615417
64,"1234",-0.529460370540619
64,"1235",-0.122601635754108
64,"1236",0.197551041841507
64,"1237",-0.553287863731384
64,"1238",0.330159962177277
64,"1239",0.277705460786819
64,"1240",0.133121326565742
64,"1241",0.391478270292282
64,"1242",-0.475557446479797
64,"1243",0.260056227445602
64,"1244",-0.772966682910919
64,"1245",-0.999763190746307
64,"1246",0.700639009475708
64,"1247",-0.997705519199371
64,"1248",-0.995866477489471
64,"1249",-0.5208420753479
64,"1250",0.920827329158783
64,"1251",-0.96138733625412
64,"1252",0.827761769294739
64,"1253",-0.996354341506958
64,"1254",-0.997045755386353
64,"1255",0.227182671427727
64,"1256",0.822226464748383
64,"1257",-0.479427486658096
64,"1258",0.174037680029869
64,"1259",0.0772031024098396
64,"1260",0.710392475128174
64,"1261",-0.560390889644623
64,"1262",-0.99714469909668
64,"1263",-0.986796021461487
64,"1264",0.514405429363251
65,"803",0.381490558385849
65,"815",-0.838518619537354
65,"843",-0.820775389671326
65,"872",0.276847094297409
65,"915",-0.971632480621338
65,"986",0.416525423526764
65,"1009",-0.838403284549713
65,"1012",0.976577758789062
65,"1013",0.356627106666565
65,"1015",0.806866049766541
65,"1017",-0.97825676202774
65,"1021",-0.717738926410675
65,"1025",-0.974569499492645
65,"1028",-0.688461065292358
65,"1038",0.591704905033112
65,"1039",0.236387178301811
65,"1044",0.613590955734253
65,"1054",-0.685919046401978
65,"1056",0.71624082326889
65,"1059",-0.720210194587708
65,"1060",-0.694887638092041
65,"1061",0.458995640277863
65,"1062",-0.65060293674469
65,"1065",-0.805887520313263
65,"1073",0.789456427097321
65,"1074",0.828719437122345
65,"1075",-0.734303712844849
65,"1077",0.536876738071442
65,"1082",-0.881197512149811
65,"1086",0.761914134025574
65,"1087",0.794373571872711
65,"1099",0.569773495197296
65,"1100",-0.998715996742249
65,"1102",-0.643932938575745
65,"1104",-0.99383533000946
65,"1105",0.390145182609558
65,"1108",-0.742745161056519
65,"1110",0.42013880610466
65,"1114",0.713652849197388
65,"1116",0.323681801557541
65,"1117",0.923859596252441
65,"1119",-0.663874685764313
65,"1122",0.963009238243103
65,"1127",0.813434362411499
65,"1128",0.912249147891998
65,"1131",-0.696191966533661
65,"1132",-0.681502461433411
65,"1133",-0.996756970882416
65,"1140",-0.8373664021492
65,"1141",0.427485197782516
65,"1142",0.621304750442505
65,"1143",-0.784702658653259
65,"1146",-0.965277075767517
65,"1148",0.687184453010559
65,"1150",-0.999857902526855
65,"1152",-0.800831973552704
65,"1153",0.803576767444611
65,"1157",-0.704277694225311
65,"1159",0.921124696731567
65,"1165",-0.999860465526581
65,"1166",-0.541356682777405
65,"1170",-0.981405556201935
65,"1171",0.821722686290741
65,"1172",-0.969181835651398
65,"1173",0.976577758789062
65,"1174",-0.807630956172943
65,"1175",0.391608506441116
65,"1176",-0.761375188827515
65,"1177",0.826063692569733
65,"1178",0.438224494457245
65,"1180",0.769429624080658
65,"1181",0.734201669692993
65,"1182",0.377523303031921
65,"1183",-0.738680958747864
65,"1184",0.765848398208618
65,"1186",0.799655675888062
65,"1187",-0.996756970882416
65,"1188",0.929006338119507
65,"1189",0.827320992946625
65,"1190",-0.999857902526855
65,"1191",-0.998882353305817
65,"1192",0.00426134560257196
65,"1193",0.0161406323313713
65,"1194",-0.999857902526855
65,"1195",0.400459289550781
65,"1196",0.291583806276321
65,"1197",-0.731418490409851
65,"1198",-0.998631775379181
65,"1199",-0.758180499076843
65,"1200",-0.355286091566086
65,"1201",0.016511719673872
65,"1202",-0.828157126903534
65,"1203",-0.996756970882416
65,"1204",0.656517624855042
65,"1205",0.57076507806778
65,"1206",0.671612024307251
65,"1207",0.737801253795624
65,"1208",0.32519143819809
65,"1209",0.768092691898346
65,"1210",0.93534129858017
65,"1211",1
65,"1212",-0.935896337032318
65,"1213",0.929006338119507
65,"1214",-0.849476993083954
65,"1215",-0.92390513420105
65,"1216",-0.998844265937805
65,"1217",-0.95261138677597
65,"1218",-0.999857902526855
65,"1219",-0.764327764511108
65,"1220",-0.999857902526855
65,"1221",-1
65,"1222",0.801186740398407
65,"1223",-0.986719906330109
65,"1224",0.334538340568542
65,"1225",-0.999364256858826
65,"1226",0.435787409543991
65,"1227",-0.669916808605194
65,"1228",-0.929257214069366
65,"1229",0.32503604888916
65,"1230",0.0104014240205288
65,"1231",-0.733402729034424
65,"1232",-0.996756970882416
65,"1233",-0.818159222602844
65,"1234",-0.834633469581604
65,"1235",-0.281572312116623
65,"1236",0.104417480528355
65,"1237",-0.787763118743896
65,"1238",0.399644821882248
65,"1239",0.241251960396767
65,"1240",-0.0255346298217773
65,"1241",0.451234012842178
65,"1242",-0.709307551383972
65,"1243",0.227003514766693
65,"1244",-0.952459335327148
65,"1245",-0.999407529830933
65,"1246",0.677880764007568
65,"1247",-0.999857902526855
65,"1248",-1
65,"1249",-0.804143965244293
65,"1250",0.933562040328979
65,"1251",-0.993822395801544
65,"1252",0.819509625434875
65,"1253",-0.999857902526855
65,"1254",-0.999857902526855
65,"1255",0.156261324882507
65,"1256",0.814896464347839
65,"1257",-0.743873357772827
65,"1258",0.0766354352235794
65,"1259",-0.124654680490494
65,"1260",0.675499796867371
65,"1261",-0.827901899814606
65,"1262",-0.998631775379181
65,"1263",-0.97825676202774
65,"1264",0.470904111862183
66,"803",0.551075220108032
66,"815",-0.467245548963547
66,"843",-0.488417446613312
66,"872",0.435529619455338
66,"915",-0.506201326847076
66,"986",0.5452681183815
66,"1009",-0.479274064302444
66,"1012",0.987327635288239
66,"1013",0.48354497551918
66,"1015",0.842721819877625
66,"1017",-0.938264071941376
66,"1021",-0.370481073856354
66,"1025",-0.974545538425446
66,"1028",-0.365563541650772
66,"1038",0.720988214015961
66,"1039",0.407055169343948
66,"1044",0.689644396305084
66,"1054",-0.360199123620987
66,"1056",0.819385051727295
66,"1059",-0.402283430099487
66,"1060",-0.367772817611694
66,"1061",0.561821639537811
66,"1062",-0.323166251182556
66,"1065",-0.455536603927612
66,"1073",0.856808304786682
66,"1074",0.849761307239532
66,"1075",-0.381903827190399
66,"1077",0.574418365955353
66,"1082",-0.543119549751282
66,"1086",0.837193965911865
66,"1087",0.849489510059357
66,"1099",0.595659375190735
66,"1100",-0.992678165435791
66,"1102",-0.34755939245224
66,"1104",-0.931420564651489
66,"1105",0.523772299289703
66,"1108",-0.419297635555267
66,"1110",0.507448434829712
66,"1114",0.775867998600006
66,"1116",0.465689033269882
66,"1117",0.946728050708771
66,"1119",-0.342976570129395
66,"1122",0.974339306354523
66,"1127",0.852338910102844
66,"1128",0.961931765079498
66,"1131",-0.389099895954132
66,"1132",-0.352629721164703
66,"1133",-0.975579619407654
66,"1140",-0.450002104043961
66,"1141",0.546988189220428
66,"1142",0.723188877105713
66,"1143",-0.404513895511627
66,"1146",-1
66,"1148",0.751234710216522
66,"1150",-0.986861050128937
66,"1152",-0.401472479104996
66,"1153",0.853491544723511
66,"1157",-0.352343678474426
66,"1159",0.943767845630646
66,"1165",-0.986685216426849
66,"1166",-0.218377187848091
66,"1170",-0.955086290836334
66,"1171",0.869750201702118
66,"1172",-0.950235664844513
66,"1173",0.987327635288239
66,"1174",-0.446845263242722
66,"1175",0.47935563325882
66,"1176",-0.417122215032578
66,"1177",0.851300060749054
66,"1178",0.524888455867767
66,"1180",0.830762922763824
66,"1181",0.82717102766037
66,"1182",0.490959584712982
66,"1183",-0.367545455694199
66,"1184",0.799710810184479
66,"1186",0.833299994468689
66,"1187",-0.974911391735077
66,"1188",0.946595251560211
66,"1189",0.892288506031036
66,"1190",-0.986860334873199
66,"1191",-0.996478080749512
66,"1192",0.155842527747154
66,"1193",0.170822292566299
66,"1194",-0.987057089805603
66,"1195",0.495281547307968
66,"1196",0.468113780021667
66,"1197",-0.32846787571907
66,"1198",-0.986664831638336
66,"1199",-0.397262245416641
66,"1200",-0.0681430995464325
66,"1201",0.171489968895912
66,"1202",-0.427107363939285
66,"1203",-0.974858224391937
66,"1204",0.735823929309845
66,"1205",0.61931961774826
66,"1206",0.736243069171906
66,"1207",0.775467216968536
66,"1208",0.47147861123085
66,"1209",0.824728727340698
66,"1210",0.953156709671021
66,"1211",1
66,"1212",-0.571505427360535
66,"1213",0.946595251560211
66,"1214",-0.450988858938217
66,"1215",-0.572263717651367
66,"1216",-0.986664831638336
66,"1217",-0.571475267410278
66,"1218",-0.987057089805603
66,"1219",-0.42749235033989
66,"1220",-0.987057089805603
66,"1221",-1
66,"1222",0.796464145183563
66,"1223",-0.609588623046875
66,"1224",0.475786715745926
66,"1225",-0.992779433727264
66,"1226",0.54058837890625
66,"1227",-0.332592338323593
66,"1228",-0.579887926578522
66,"1229",0.469955801963806
66,"1230",0.162098303437233
66,"1231",-0.379314064979553
66,"1232",-0.974932432174683
66,"1233",-0.430436491966248
66,"1234",-0.449955314397812
66,"1235",-0.017586512491107
66,"1236",0.253762394189835
66,"1237",-0.459611833095551
66,"1238",0.520761072635651
66,"1239",0.393750548362732
66,"1240",0.148132607340813
66,"1241",0.58249843120575
66,"1242",-0.378281474113464
66,"1243",0.383467108011246
66,"1244",-0.681393921375275
66,"1245",-0.986430823802948
66,"1246",0.808361887931824
66,"1247",-0.986695408821106
66,"1248",-0.986861050128937
66,"1249",-0.418868064880371
66,"1250",0.95181930065155
66,"1251",-0.917755484580994
66,"1252",0.86408531665802
66,"1253",-0.986861050128937
66,"1254",-0.986860334873199
66,"1255",0.326970189809799
66,"1256",0.859679162502289
66,"1257",-0.376290827989578
66,"1258",0.229918211698532
66,"1259",0.0481442809104919
66,"1260",0.743967890739441
66,"1261",-0.46174830198288
66,"1262",-0.986664831638336
66,"1263",-0.937208116054535
66,"1264",0.56546276807785
67,"803",0.496687084436417
67,"815",-0.759060800075531
67,"843",-0.496884435415268
67,"872",0.372495293617249
67,"915",-0.696449995040894
67,"986",0.483458161354065
67,"1009",-0.703471958637238
67,"1012",0.997976362705231
67,"1013",0.428084552288055
67,"1015",0.79750519990921
67,"1017",-0.972734570503235
67,"1021",-0.408551603555679
67,"1025",-0.990506768226624
67,"1028",-0.415977001190186
67,"1038",0.704657196998596
67,"1039",0.43048283457756
67,"1044",0.699610948562622
67,"1054",-0.415892124176025
67,"1056",0.76557844877243
67,"1059",-0.440379559993744
67,"1060",-0.443381190299988
67,"1061",0.573939025402069
67,"1062",-0.388924151659012
67,"1065",-0.663474917411804
67,"1073",0.77120041847229
67,"1074",0.860921502113342
67,"1075",-0.438037514686584
67,"1077",0.570855677127838
67,"1082",-0.587054133415222
67,"1086",0.775266885757446
67,"1087",0.791106641292572
67,"1099",0.603941142559052
67,"1100",-1
67,"1102",-0.371513038873672
67,"1104",-0.952898919582367
67,"1105",0.46858623623848
67,"1108",-0.476418524980545
67,"1110",0.502855479717255
67,"1114",0.759620368480682
67,"1116",0.406197816133499
67,"1117",0.93390566110611
67,"1119",-0.388568788766861
67,"1122",0.984870791435242
67,"1127",0.818486869335175
67,"1128",0.946966707706451
67,"1131",-0.419586896896362
67,"1132",-0.407713860273361
67,"1133",-0.981612682342529
67,"1140",-0.708888828754425
67,"1141",0.5090611577034
67,"1142",0.681040704250336
67,"1143",-0.606854140758514
67,"1146",-1
67,"1148",0.724187254905701
67,"1150",-0.999236106872559
67,"1152",-0.42203027009964
67,"1153",0.789805471897125
67,"1157",-0.514011085033417
67,"1159",0.934293389320374
67,"1165",-0.998867571353912
67,"1166",-0.282868355512619
67,"1170",-0.991085171699524
67,"1171",0.82586395740509
67,"1172",-0.985495567321777
67,"1173",0.997976362705231
67,"1174",-0.687273025512695
67,"1175",0.482933729887009
67,"1176",-0.580457508563995
67,"1177",0.804129362106323
67,"1178",0.530175149440765
67,"1180",0.780624330043793
67,"1181",0.760892391204834
67,"1182",0.454010814428329
67,"1183",-0.634612917900085
67,"1184",0.786183476448059
67,"1186",0.807628631591797
67,"1187",-0.981155097484589
67,"1188",0.938112735748291
67,"1189",0.826262056827545
67,"1190",-0.998816013336182
67,"1191",-1
67,"1192",0.0911309197545052
67,"1193",0.108176194131374
67,"1194",-0.999236106872559
67,"1195",0.511608839035034
67,"1196",0.426269084215164
67,"1197",-0.371510803699493
67,"1198",-0.998106181621552
67,"1199",-0.659786880016327
67,"1200",-0.152655214071274
67,"1201",0.109812550246716
67,"1202",-0.67584353685379
67,"1203",-0.981155097484589
67,"1204",0.711518168449402
67,"1205",0.615795195102692
67,"1206",0.706931889057159
67,"1207",0.783692300319672
67,"1208",0.421215295791626
67,"1209",0.80091655254364
67,"1210",0.947803914546967
67,"1211",1
67,"1212",-0.57223641872406
67,"1213",0.938112735748291
67,"1214",-0.708140015602112
67,"1215",-0.564378380775452
67,"1216",-0.998125314712524
67,"1217",-0.563981831073761
67,"1218",-0.999236106872559
67,"1219",-0.456819772720337
67,"1220",-0.999248147010803
67,"1221",-1
67,"1222",0.82353287935257
67,"1223",-0.569796800613403
67,"1224",0.425209522247314
67,"1225",-1
67,"1226",0.547644853591919
67,"1227",-0.410674840211868
67,"1228",-0.564378380775452
67,"1229",0.414051949977875
67,"1230",0.0929133370518684
67,"1231",-0.447637379169464
67,"1232",-0.980970144271851
67,"1233",-0.674774527549744
67,"1234",-0.665161967277527
67,"1235",-0.186857715249062
67,"1236",0.226424247026443
67,"1237",-0.544650554656982
67,"1238",0.446551471948624
67,"1239",0.417699187994003
67,"1240",0.0739762037992477
67,"1241",0.508532881736755
67,"1242",-0.4437655210495
67,"1243",0.407352596521378
67,"1244",-0.64660519361496
67,"1245",-1
67,"1246",0.741309404373169
67,"1247",-0.998816013336182
67,"1248",-0.998522281646729
67,"1249",-0.608023881912231
67,"1250",0.942334115505219
67,"1251",-0.944360077381134
67,"1252",0.827262461185455
67,"1253",-0.999236106872559
67,"1254",-0.999244272708893
67,"1255",0.320453703403473
67,"1256",0.822846591472626
67,"1257",-0.482637614011765
67,"1258",0.181566804647446
67,"1259",-0.0658706948161125
67,"1260",0.708647429943085
67,"1261",-0.548571586608887
67,"1262",-0.998125314712524
67,"1263",-0.978329122066498
67,"1264",0.574904263019562
68,"803",0.302437633275986
68,"815",-0.905656576156616
68,"843",-0.775424778461456
68,"872",0.29671123623848
68,"915",-0.90449333190918
68,"986",0.512731373310089
68,"1009",-0.886363863945007
68,"1012",0.993404269218445
68,"1013",0.432413369417191
68,"1015",0.802002370357513
68,"1017",-0.967985153198242
68,"1021",-0.744987547397614
68,"1025",-0.968791544437408
68,"1028",-0.720699906349182
68,"1038",0.598578989505768
68,"1039",0.224917352199554
68,"1044",0.612787663936615
68,"1054",-0.738445103168488
68,"1056",0.709807217121124
68,"1059",-0.766930401325226
68,"1060",-0.778137981891632
68,"1061",0.567386448383331
68,"1062",-0.699907660484314
68,"1065",-0.904968917369843
68,"1073",0.803667545318604
68,"1074",0.879536390304565
68,"1075",-0.812556862831116
68,"1077",0.577915668487549
68,"1082",-0.933076024055481
68,"1086",0.770411908626556
68,"1087",0.761498868465424
68,"1099",0.609659314155579
68,"1100",-0.980919122695923
68,"1102",-0.668997883796692
68,"1104",-0.972936451435089
68,"1105",0.360751420259476
68,"1108",-0.724682450294495
68,"1110",0.518772184848785
68,"1114",0.708565294742584
68,"1116",0.306354492902756
68,"1117",0.942616283893585
68,"1119",-0.735999584197998
68,"1122",0.982094764709473
68,"1127",0.793389320373535
68,"1128",0.916800141334534
68,"1131",-0.726793766021729
68,"1132",-0.72956770658493
68,"1133",-0.97566282749176
68,"1140",-0.986159682273865
68,"1141",0.512084245681763
68,"1142",0.622099280357361
68,"1143",-0.828263878822327
68,"1146",-0.959163188934326
68,"1148",0.702702760696411
68,"1150",-0.98262482881546
68,"1152",-0.846619963645935
68,"1153",0.800571739673615
68,"1157",-0.77870774269104
68,"1159",0.939490437507629
68,"1165",-0.982564032077789
68,"1166",-0.583261251449585
68,"1170",-0.975011885166168
68,"1171",0.80286431312561
68,"1172",-0.955203115940094
68,"1173",0.993404269218445
68,"1174",-0.886907935142517
68,"1175",0.501036703586578
68,"1176",-0.842686295509338
68,"1177",0.817621529102325
68,"1178",0.529380679130554
68,"1180",0.767462253570557
68,"1181",0.716406762599945
68,"1182",0.452801316976547
68,"1183",-0.791589081287384
68,"1184",0.762110471725464
68,"1186",0.785733640193939
68,"1187",-0.975869476795197
68,"1188",0.944481372833252
68,"1189",0.828401684761047
68,"1190",-0.98262482881546
68,"1191",-0.981135010719299
68,"1192",-0.0517206713557243
68,"1193",-0.0424841791391373
68,"1194",-0.98262482881546
68,"1195",0.427346438169479
68,"1196",0.289181292057037
68,"1197",-0.682591497898102
68,"1198",-0.981057941913605
68,"1199",-0.869792401790619
68,"1200",-0.443218797445297
68,"1201",-0.0424962565302849
68,"1202",-0.98118531703949
68,"1203",-0.975869476795197
68,"1204",0.659702122211456
68,"1205",0.601599097251892
68,"1206",0.683096647262573
68,"1207",0.747662246227264
68,"1208",0.331259101629257
68,"1209",0.791140496730804
68,"1210",0.950787127017975
68,"1211",1
68,"1212",-0.974912047386169
68,"1213",0.944481372833252
68,"1214",-1
68,"1215",-0.967943489551544
68,"1216",-0.981036961078644
68,"1217",-0.998506486415863
68,"1218",-0.979526877403259
68,"1219",-0.752729773521423
68,"1220",-0.982077300548553
68,"1221",-0.982761561870575
68,"1222",0.827091932296753
68,"1223",-0.986861169338226
68,"1224",0.345181733369827
68,"1225",-0.98210734128952
68,"1226",0.51160192489624
68,"1227",-0.725266456604004
68,"1228",-0.974665462970734
68,"1229",0.326764076948166
68,"1230",-0.0529798530042171
68,"1231",-0.78063952922821
68,"1232",-0.975689947605133
68,"1233",-0.923377513885498
68,"1234",-0.958495438098907
68,"1235",-0.384723454713821
68,"1236",0.068943627178669
68,"1237",-0.827612459659576
68,"1238",0.382081657648087
68,"1239",0.220348984003067
68,"1240",-0.0820178017020226
68,"1241",0.416435778141022
68,"1242",-0.798427164554596
68,"1243",0.204325720667839
68,"1244",-0.938953161239624
68,"1245",-0.982430338859558
68,"1246",0.659104943275452
68,"1247",-0.98262482881546
68,"1248",-1
68,"1249",-0.910540759563446
68,"1250",0.941079139709473
68,"1251",-0.972761869430542
68,"1252",0.804807782173157
68,"1253",-0.98262482881546
68,"1254",-0.98262482881546
68,"1255",0.132341623306274
68,"1256",0.801209568977356
68,"1257",-0.81844961643219
68,"1258",0.0163666270673275
68,"1259",-0.198095858097076
68,"1260",0.684366464614868
68,"1261",-0.852857291698456
68,"1262",-0.981057941913605
68,"1263",-0.971111476421356
68,"1264",0.581091463565826
69,"803",0.472674131393433
69,"815",-0.672373294830322
69,"843",-0.652817785739899
69,"872",0.360857874155045
69,"915",-0.677459418773651
69,"986",0.421924084424973
69,"1009",-0.668041408061981
69,"1012",0.982429265975952
69,"1013",0.383010149002075
69,"1015",0.810720205307007
69,"1017",-0.670740485191345
69,"1021",-0.83201003074646
69,"1025",-0.649322628974915
69,"1028",-0.633111476898193
69,"1038",0.639847338199615
69,"1039",0.282390356063843
69,"1044",0.655017197132111
69,"1054",-0.572233974933624
69,"1056",0.72453773021698
69,"1059",-0.83504855632782
69,"1060",-0.730465948581696
69,"1061",0.506458520889282
69,"1062",-0.554645180702209
69,"1065",-0.76846581697464
69,"1073",0.785191237926483
69,"1074",0.798799455165863
69,"1075",-0.853333532810211
69,"1077",0.525395154953003
69,"1082",-1
69,"1086",0.761083722114563
69,"1087",0.768536984920502
69,"1099",0.618115603923798
69,"1100",-0.680400311946869
69,"1102",-0.566773235797882
69,"1104",-0.676557004451752
69,"1105",0.475294679403305
69,"1108",-0.588136553764343
69,"1110",0.426302820444107
69,"1114",0.714343309402466
69,"1116",0.388744711875916
69,"1117",0.919948279857635
69,"1119",-0.591969192028046
69,"1122",0.970561981201172
69,"1127",0.792459189891815
69,"1128",0.942054510116577
69,"1131",-0.644307792186737
69,"1132",-0.726229190826416
69,"1133",-0.678712725639343
69,"1140",-0.913790345191956
69,"1141",0.44383579492569
69,"1142",0.620904386043549
69,"1143",-0.620255351066589
69,"1146",-0.663039147853851
69,"1148",0.708826959133148
69,"1150",-0.68051278591156
69,"1152",-0.895174503326416
69,"1153",0.815351188182831
69,"1157",-0.618052244186401
69,"1159",0.92827969789505
69,"1165",-0.68051278591156
69,"1166",-0.491481125354767
69,"1170",-0.672668099403381
69,"1171",0.800130605697632
69,"1172",-0.664853394031525
69,"1173",0.982429265975952
69,"1174",-0.666795134544373
69,"1175",0.428068935871124
69,"1176",-0.645949721336365
69,"1177",0.813776671886444
69,"1178",0.432512998580933
69,"1180",0.764436423778534
69,"1181",0.724578142166138
69,"1182",0.401614278554916
69,"1183",-0.641858756542206
69,"1184",0.743350148200989
69,"1186",0.772291541099548
69,"1187",-0.678712725639343
69,"1188",0.929364502429962
69,"1189",0.831450581550598
69,"1190",-0.68051278591156
69,"1191",-0.680508732795715
69,"1192",-0.0515203028917313
69,"1193",-0.0293110553175211
69,"1194",-0.680512726306915
69,"1195",0.425556123256683
69,"1196",0.370172917842865
69,"1197",-0.572318315505981
69,"1198",-0.680512726306915
69,"1199",-0.817863285541534
69,"1200",-0.252186119556427
69,"1201",-0.0260008722543716
69,"1202",-0.89868688583374
69,"1203",-0.678712725639343
69,"1204",0.654350101947784
69,"1205",0.603026747703552
69,"1206",0.674921095371246
69,"1207",0.753759443759918
69,"1208",0.372404128313065
69,"1209",0.764819085597992
69,"1210",0.934643089771271
69,"1211",1
69,"1212",-0.9836146235466
69,"1213",0.929364502429962
69,"1214",-0.915954828262329
69,"1215",-1
69,"1216",-0.680512726306915
69,"1217",-0.999772548675537
69,"1218",-0.675467193126678
69,"1219",-0.613326132297516
69,"1220",-0.679047882556915
69,"1221",-0.680508613586426
69,"1222",0.776215374469757
69,"1223",-1
69,"1224",0.405490100383759
69,"1225",-0.680426299571991
69,"1226",0.486332058906555
69,"1227",-0.828799188137054
69,"1228",-1
69,"1229",0.371069490909576
69,"1230",-0.0431237034499645
69,"1231",-0.616943895816803
69,"1232",-0.67872029542923
69,"1233",-0.825318574905396
69,"1234",-0.779949188232422
69,"1235",-0.282450407743454
69,"1236",0.0845149829983711
69,"1237",-0.65525209903717
69,"1238",0.485200732946396
69,"1239",0.279371917247772
69,"1240",-0.0681671872735023
69,"1241",0.515975475311279
69,"1242",-0.831707179546356
69,"1243",0.266441375017166
69,"1244",-0.665152430534363
69,"1245",-0.680426359176636
69,"1246",0.703809320926666
69,"1247",-0.68051278591156
69,"1248",-1
69,"1249",-0.85030460357666
69,"1250",0.939818680286407
69,"1251",-0.676473498344421
69,"1252",0.795033633708954
69,"1253",-0.68051278591156
69,"1254",-0.68051278591156
69,"1255",0.193380191922188
69,"1256",0.79245001077652
69,"1257",-0.632754504680634
69,"1258",0.050511073321104
69,"1259",-0.186802715063095
69,"1260",0.656100273132324
69,"1261",-0.728092133998871
69,"1262",-0.68051278591156
69,"1263",-0.670740485191345
69,"1264",0.499019831418991
70,"803",0.245260626077652
70,"815",-0.673136413097382
70,"843",-0.67681086063385
70,"872",0.0867176130414009
70,"915",-0.738735020160675
70,"986",0.100545056164265
70,"1009",-0.681887686252594
70,"1012",0.957033514976501
70,"1013",0.0713021010160446
70,"1015",0.78904926776886
70,"1017",-0.69411289691925
70,"1021",-0.800240159034729
70,"1025",-0.675260782241821
70,"1028",-0.614665031433105
70,"1038",0.37236487865448
70,"1039",-0.00236580730415881
70,"1044",0.30596649646759
70,"1054",-0.581178188323975
70,"1056",0.526003301143646
70,"1059",-0.801028430461884
70,"1060",-0.700472116470337
70,"1061",0.0658749714493752
70,"1062",-0.508419334888458
70,"1065",-0.681333184242249
70,"1073",1
70,"1074",0.915931642055511
70,"1075",-0.867844343185425
70,"1077",0.055302657186985
70,"1082",-1
70,"1086",0.7399782538414
70,"1087",0.712566912174225
70,"1099",0.0972064435482025
70,"1100",-0.70215630531311
70,"1102",-0.472568273544312
70,"1104",-0.700380444526672
70,"1105",0.121439710259438
70,"1108",-0.600507438182831
70,"1110",0.00514539889991283
70,"1114",0.696856796741486
70,"1116",0.0780179426074028
70,"1117",0.976623117923737
70,"1119",-0.582220852375031
70,"1122",0.957033455371857
70,"1127",0.724525272846222
70,"1128",0.979313969612122
70,"1131",-0.638329863548279
70,"1132",-0.708424091339111
70,"1133",-0.701031088829041
70,"1140",-0.862071990966797
70,"1141",0.113400481641293
70,"1142",0.421161442995071
70,"1143",-0.612366557121277
70,"1146",-0.682592809200287
70,"1148",NA
70,"1150",-0.702143788337708
70,"1152",-0.961542844772339
70,"1153",0.7936030626297
70,"1157",-0.603980362415314
70,"1159",0.956955015659332
70,"1165",-0.702178955078125
70,"1166",-0.570574402809143
70,"1170",-0.695376336574554
70,"1171",0.739377617835999
70,"1172",-0.69007682800293
70,"1173",0.957033514976501
70,"1174",-0.647132992744446
70,"1175",-0.0411818251013756
70,"1176",-0.591696381568909
70,"1177",0.734734535217285
70,"1178",0.0242224931716919
70,"1180",0.680200815200806
70,"1181",0.514674603939056
70,"1182",0.0700246766209602
70,"1183",-0.657498002052307
70,"1184",0.675509452819824
70,"1186",0.724257946014404
70,"1187",-0.700946807861328
70,"1188",0.957033514976501
70,"1189",0.830880343914032
70,"1190",-0.702143788337708
70,"1191",-0.702075302600861
70,"1192",-0.0771954283118248
70,"1193",-0.0620650127530098
70,"1194",-0.702143788337708
70,"1195",0.0232848022133112
70,"1196",0.0600889809429646
70,"1197",-0.619674921035767
70,"1198",-0.702143788337708
70,"1199",-0.739363729953766
70,"1200",-0.354034006595612
70,"1201",-0.0654789283871651
70,"1202",-0.863862454891205
70,"1203",-0.700946807861328
70,"1204",0.47546175122261
70,"1205",0.226717576384544
70,"1206",0.473382413387299
70,"1207",0.697572588920593
70,"1208",0.0588925406336784
70,"1209",0.74170047044754
70,"1210",0.957033455371857
70,"1211",1
70,"1212",-0.952510297298431
70,"1213",0.957033514976501
70,"1214",-0.872378408908844
70,"1215",-0.94372171163559
70,"1216",-0.702143788337708
70,"1217",-0.937591195106506
70,"1218",-0.702143788337708
70,"1219",-0.652347385883331
70,"1220",-0.702143788337708
70,"1221",-0.702143788337708
70,"1222",0.870246648788452
70,"1223",-1
70,"1224",0.0574492625892162
70,"1225",-0.701440751552582
70,"1226",0.0631452053785324
70,"1227",-0.793954432010651
70,"1228",-0.957828462123871
70,"1229",0.0909929275512695
70,"1230",-0.0572383180260658
70,"1231",-0.623694777488708
70,"1232",-0.701066792011261
70,"1233",-0.74060332775116
70,"1234",-0.728248596191406
70,"1235",-0.209945857524872
70,"1236",-0.0675748884677887
70,"1237",-0.673431158065796
70,"1238",0.122017398476601
70,"1239",-0.040859866887331
70,"1240",-0.132532328367233
70,"1241",0.217381462454796
70,"1242",-0.805095791816711
70,"1243",-0.0396789722144604
70,"1244",-0.692598044872284
70,"1245",-0.701536655426025
70,"1246",0.526544094085693
70,"1247",-0.702143788337708
70,"1248",-1
70,"1249",-0.803126275539398
70,"1250",0.991551697254181
70,"1251",-0.701071918010712
70,"1252",0.739274561405182
70,"1253",-0.702143788337708
70,"1254",-0.702143788337708
70,"1255",-0.116599440574646
70,"1256",0.739269435405731
70,"1257",-0.652133285999298
70,"1258",-0.0708374679088593
70,"1259",-0.118220262229443
70,"1260",0.507606685161591
70,"1261",-0.755109965801239
70,"1262",-0.702143788337708
70,"1263",-0.695376336574554
70,"1264",0.0646521598100662
71,"803",0.541305899620056
71,"815",-0.659353613853455
71,"843",-0.554658353328705
71,"872",0.351117610931396
71,"915",-0.533388316631317
71,"986",0.377450078725815
71,"1009",-0.545572459697723
71,"1012",0.959999620914459
71,"1013",0.343942552804947
71,"1015",0.761888980865479
71,"1017",-0.954172909259796
71,"1021",-0.413919806480408
71,"1025",-0.957814633846283
71,"1028",-0.411123991012573
71,"1038",0.644746661186218
71,"1039",0.314833581447601
71,"1044",0.63128525018692
71,"1054",-0.42937371134758
71,"1056",0.693828880786896
71,"1059",-0.422347456216812
71,"1060",-0.428669393062592
71,"1061",0.426922500133514
71,"1062",-0.348602265119553
71,"1065",-0.62533575296402
71,"1073",0.795721173286438
71,"1074",0.78364896774292
71,"1075",-0.449378669261932
71,"1077",0.484503388404846
71,"1082",-0.652853548526764
71,"1086",0.779667973518372
71,"1087",0.780971765518188
71,"1099",0.523955583572388
71,"1100",-1
71,"1102",-0.369637459516525
71,"1104",-0.972355663776398
71,"1105",0.465802222490311
71,"1108",-0.422628194093704
71,"1110",0.368426889181137
71,"1114",0.670474171638489
71,"1116",0.389143913984299
71,"1117",0.892114043235779
71,"1119",-0.410293191671371
71,"1122",0.945769429206848
71,"1127",0.785791456699371
71,"1128",0.908869564533234
71,"1131",-0.422207117080688
71,"1132",-0.387512981891632
71,"1133",-0.997289896011353
71,"1140",-0.606480598449707
71,"1141",0.397688895463943
71,"1142",0.617807507514954
71,"1143",-0.484778553247452
71,"1146",-1
71,"1148",0.67817896604538
71,"1150",-0.999788820743561
71,"1152",-0.448488086462021
71,"1153",0.768944382667542
71,"1157",-0.405531972646713
71,"1159",0.890850365161896
71,"1165",-0.999753475189209
71,"1166",-0.298327028751373
71,"1170",-0.959228873252869
71,"1171",0.794580280780792
71,"1172",-0.953968226909637
71,"1173",0.959999620914459
71,"1174",-0.601898074150085
71,"1175",0.296019345521927
71,"1176",-0.55722177028656
71,"1177",0.805346190929413
71,"1178",0.392076134681702
71,"1180",0.783814251422882
71,"1181",0.705705225467682
71,"1182",0.363402754068375
71,"1183",-0.508948087692261
71,"1184",0.749551832675934
71,"1186",0.769251048564911
71,"1187",-0.996012806892395
71,"1188",0.895265460014343
71,"1189",0.828655600547791
71,"1190",-0.999774754047394
71,"1191",-0.999196350574493
71,"1192",0.10131574422121
71,"1193",0.124780111014843
71,"1194",-1
71,"1195",0.403749048709869
71,"1196",0.379879295825958
71,"1197",-0.392772257328033
71,"1198",-0.999630153179169
71,"1199",-0.556082725524902
71,"1200",-0.0582238584756851
71,"1201",0.135966628789902
71,"1202",-0.569535315036774
71,"1203",-0.996012806892395
71,"1204",0.658500909805298
71,"1205",0.530231237411499
71,"1206",0.661080002784729
71,"1207",0.724315226078033
71,"1208",0.380648583173752
71,"1209",0.723054707050323
71,"1210",0.906843602657318
71,"1211",1
71,"1212",-0.552167475223541
71,"1213",0.895265460014343
71,"1214",-0.621069729328156
71,"1215",-0.55777895450592
71,"1216",-0.998891711235046
71,"1217",-0.552687168121338
71,"1218",-0.999774754047394
71,"1219",-0.494801878929138
71,"1220",-0.999774754047394
71,"1221",-1
71,"1222",0.696687817573547
71,"1223",-0.618401169776917
71,"1224",0.390589982271194
71,"1225",-1
71,"1226",0.416824072599411
71,"1227",-0.402431041002274
71,"1228",-0.56692910194397
71,"1229",0.38597172498703
71,"1230",0.120727933943272
71,"1231",-0.49517884850502
71,"1232",-0.995657861232758
71,"1233",-0.596820056438446
71,"1234",-0.612739145755768
71,"1235",-0.0450478605926037
71,"1236",0.184823870658875
71,"1237",-0.518487453460693
71,"1238",0.459250152111053
71,"1239",0.32304260134697
71,"1240",0.086912028491497
71,"1241",0.529544413089752
71,"1242",-0.425848662853241
71,"1243",0.314052909612656
71,"1244",-0.761122345924377
71,"1245",-0.999404191970825
71,"1246",0.691043853759766
71,"1247",-0.999774754047394
71,"1248",-0.999774754047394
71,"1249",-0.600625872612
71,"1250",0.924047708511353
71,"1251",-0.971995294094086
71,"1252",0.788266599178314
71,"1253",-0.999752640724182
71,"1254",-0.999752640724182
71,"1255",0.246753692626953
71,"1256",0.783197104930878
71,"1257",-0.511864185333252
71,"1258",0.168355867266655
71,"1259",0.0235032867640257
71,"1260",0.659642279148102
71,"1261",-0.573980510234833
71,"1262",-0.999196350574493
71,"1263",-0.958839476108551
71,"1264",0.423494011163712
72,"803",0.0784585848450661
72,"815",-0.881001532077789
72,"843",-0.899149894714355
72,"872",0.0370214767754078
72,"915",-0.929584443569183
72,"986",0.180612787604332
72,"1009",-0.943969130516052
72,"1012",0.967091083526611
72,"1013",0.189408600330353
72,"1015",0.800422847270966
72,"1017",-0.98020601272583
72,"1021",-0.814166665077209
72,"1025",-0.976523220539093
72,"1028",-0.767515063285828
72,"1038",0.247767060995102
72,"1039",-0.026987724006176
72,"1044",0.248520836234093
72,"1054",-0.769183397293091
72,"1056",0.470144391059875
72,"1059",-0.948592364788055
72,"1060",-0.829013824462891
72,"1061",0.19080176949501
72,"1062",-0.745628476142883
72,"1065",-0.908352673053741
72,"1073",0.663921296596527
72,"1074",0.631279408931732
72,"1075",-0.946930766105652
72,"1077",0.196970701217651
72,"1082",-1
72,"1086",0.639392077922821
72,"1087",0.788158893585205
72,"1099",0.223205924034119
72,"1100",-0.998679578304291
72,"1102",-0.780996561050415
72,"1104",-0.984835028648376
72,"1105",0.167705655097961
72,"1108",-0.835972726345062
72,"1110",0.136964932084084
72,"1114",0.618251144886017
72,"1116",0.062267292290926
72,"1117",0.997259974479675
72,"1119",-0.825789034366608
72,"1122",0.967282235622406
72,"1127",0.729775905609131
72,"1128",1
72,"1131",-0.828426122665405
72,"1132",-0.781501710414886
72,"1133",-0.98699963092804
72,"1140",-0.932174801826477
72,"1141",0.197220459580421
72,"1142",0.304468184709549
72,"1143",-0.842281520366669
72,"1146",-0.981623113155365
72,"1148",NA
72,"1150",-0.999836444854736
72,"1152",-1
72,"1153",0.776553153991699
72,"1157",-0.829208374023438
72,"1159",0.967514634132385
72,"1165",-0.999841868877411
72,"1166",-0.649674654006958
72,"1170",-0.993533372879028
72,"1171",0.767328560352325
72,"1172",-0.981682896614075
72,"1173",0.967091083526611
72,"1174",-0.88772851228714
72,"1175",0.106604650616646
72,"1176",-0.835545241832733
72,"1177",0.806035399436951
72,"1178",0.139642581343651
72,"1180",0.616675019264221
72,"1181",0.365468800067902
72,"1182",0.138395339250565
72,"1183",-0.820998966693878
72,"1184",0.586077630519867
72,"1186",0.725969672203064
72,"1187",-0.987407565116882
72,"1188",0.967210590839386
72,"1189",0.767350435256958
72,"1190",-0.999836444854736
72,"1191",-0.998895466327667
72,"1192",-0.188443019986153
72,"1193",-0.033181507140398
72,"1194",-0.999836444854736
72,"1195",-0.00492345727980137
72,"1196",0.017131008207798
72,"1197",-0.836750507354736
72,"1198",-0.998675465583801
72,"1199",-0.88877546787262
72,"1200",-0.355390459299088
72,"1201",-0.0542454160749912
72,"1202",-0.946407854557037
72,"1203",-0.987407565116882
72,"1204",0.339101016521454
72,"1205",0.335088700056076
72,"1206",0.329111099243164
72,"1207",0.583509147167206
72,"1208",0.0416967570781708
72,"1209",0.703966975212097
72,"1210",0.967211961746216
72,"1211",0.990458071231842
72,"1212",-1
72,"1213",0.967091083526611
72,"1214",-0.955795228481293
72,"1215",-1
72,"1216",-0.998913407325745
72,"1217",-1
72,"1218",-0.990091741085052
72,"1219",-0.861555159091949
72,"1220",-0.999192476272583
72,"1221",-0.999836444854736
72,"1222",0.643423140048981
72,"1223",-1
72,"1224",0.098071314394474
72,"1225",-0.999804198741913
72,"1226",0.117162942886353
72,"1227",-0.822224736213684
72,"1228",-1
72,"1229",0.13139146566391
72,"1230",-0.0332002826035023
72,"1231",-0.807048857212067
72,"1232",-0.987406373023987
72,"1233",-0.911235153675079
72,"1234",-0.85219818353653
72,"1235",-0.164585024118423
72,"1236",-0.0479303300380707
72,"1237",-0.895721673965454
72,"1238",0.180180683732033
72,"1239",-0.0360707007348537
72,"1240",-0.0915797874331474
72,"1241",0.241265669465065
72,"1242",-0.928579747676849
72,"1243",-0.0332216657698154
72,"1244",-0.987065970897675
72,"1245",-1
72,"1246",0.43548384308815
72,"1247",-0.999836444854736
72,"1248",-1
72,"1249",-0.892169237136841
72,"1250",0.986972212791443
72,"1251",-0.987407565116882
72,"1252",0.765604615211487
72,"1253",-0.999836444854736
72,"1254",-0.999836444854736
72,"1255",-0.0969512686133385
72,"1256",0.765317142009735
72,"1257",-0.867692172527313
72,"1258",-0.0691154971718788
72,"1259",-0.0908909067511559
72,"1260",0.342999964952469
72,"1261",-0.961216807365417
72,"1262",-0.998675465583801
72,"1263",-0.983341813087463
72,"1264",0.196218714118004
73,"803",0.435509502887726
73,"815",-0.508328020572662
73,"843",-0.334257006645203
73,"872",0.38147234916687
73,"915",-0.442071259021759
73,"986",0.438158929347992
73,"1009",-0.502026319503784
73,"1012",0.999810934066772
73,"1013",0.391009330749512
73,"1015",0.820217072963715
73,"1017",-0.495511800050735
73,"1021",-0.321179091930389
73,"1025",-0.487970769405365
73,"1028",-0.308911442756653
73,"1038",0.709484398365021
73,"1039",0.364241778850555
73,"1044",0.668140947818756
73,"1054",-0.298329949378967
73,"1056",0.755131661891937
73,"1059",-0.326009929180145
73,"1060",-0.329522162675858
73,"1061",0.482312738895416
73,"1062",-0.310228049755096
73,"1065",-0.492022573947906
73,"1073",0.835392951965332
73,"1074",0.90157276391983
73,"1075",-0.354442089796066
73,"1077",0.485548257827759
73,"1082",-0.569165945053101
73,"1086",0.814048171043396
73,"1087",0.765601217746735
73,"1099",0.500735521316528
73,"1100",-0.498375713825226
73,"1102",-0.281817346811295
73,"1104",-0.489976555109024
73,"1105",0.44501468539238
73,"1108",-0.341039896011353
73,"1110",0.432238668203354
73,"1114",0.768717706203461
73,"1116",0.36862975358963
73,"1117",0.943650603294373
73,"1119",-0.288062542676926
73,"1122",0.988504230976105
73,"1127",0.801819920539856
73,"1128",0.951355576515198
73,"1131",-0.30586963891983
73,"1132",-0.302531272172928
73,"1133",-0.495511800050735
73,"1140",-0.997731924057007
73,"1141",0.45731109380722
73,"1142",0.684100091457367
73,"1143",-0.440106958150864
73,"1146",-0.475666403770447
73,"1148",0.704682409763336
73,"1150",-0.499623626470566
73,"1152",-0.440505146980286
73,"1153",0.794588267803192
73,"1157",-0.404470056295395
73,"1159",0.943483114242554
73,"1165",-0.499560385942459
73,"1166",-0.223466008901596
73,"1170",-0.499623626470566
73,"1171",0.801790475845337
73,"1172",-0.49942147731781
73,"1173",1
73,"1174",-0.472481191158295
73,"1175",0.412069201469421
73,"1176",-0.398813784122467
73,"1177",0.793888807296753
73,"1178",0.464400917291641
73,"1180",0.813843786716461
73,"1181",0.725979804992676
73,"1182",0.402129352092743
73,"1183",-0.449069529771805
73,"1184",0.796438336372375
73,"1186",0.797529876232147
73,"1187",-0.495635807514191
73,"1188",0.947553157806396
73,"1189",0.852194786071777
73,"1190",-0.499623626470566
73,"1191",-0.498736470937729
73,"1192",0.120956130325794
73,"1193",0.130789443850517
73,"1194",-0.499623626470566
73,"1195",0.439014971256256
73,"1196",0.39870411157608
73,"1197",-0.334439426660538
73,"1198",-0.498624533414841
73,"1199",-0.571654438972473
73,"1200",-0.103493891656399
73,"1201",0.138740181922913
73,"1202",-0.965546429157257
73,"1203",-0.495635807514191
73,"1204",0.712273716926575
73,"1205",0.516782283782959
73,"1206",0.722406685352325
73,"1207",0.829163432121277
73,"1208",0.384007275104523
73,"1209",0.830134987831116
73,"1210",0.953884124755859
73,"1211",0.999527752399445
73,"1212",-0.578480064868927
73,"1213",0.947553157806396
73,"1214",-1
73,"1215",-0.568373799324036
73,"1216",-0.498624533414841
73,"1217",-0.56099545955658
73,"1218",-0.499623626470566
73,"1219",-0.334035694599152
73,"1220",-0.499623626470566
73,"1221",-0.499790042638779
73,"1222",0.815158605575562
73,"1223",-0.573561549186707
73,"1224",0.390316188335419
73,"1225",-0.498395323753357
73,"1226",0.45939627289772
73,"1227",-0.321119397878647
73,"1228",-0.568373799324036
73,"1229",0.382238507270813
73,"1230",0.122013211250305
73,"1231",-0.337039321660995
73,"1232",-0.49554368853569
73,"1233",-0.764107406139374
73,"1234",-0.518933415412903
73,"1235",-0.0862106159329414
73,"1236",0.204526603221893
73,"1237",-0.427535057067871
73,"1238",0.401124954223633
73,"1239",0.344567090272903
73,"1240",0.11236847192049
73,"1241",0.504826903343201
73,"1242",-0.340614408254623
73,"1243",0.336072474718094
73,"1244",-0.447983294725418
73,"1245",-0.498491197824478
73,"1246",0.746804773807526
73,"1247",-0.499623626470566
73,"1248",-0.814998269081116
73,"1249",-0.596777200698853
73,"1250",0.949418067932129
73,"1251",-0.492633938789368
73,"1252",0.801897168159485
73,"1253",-0.499623626470566
73,"1254",-0.499623626470566
73,"1255",0.275614351034164
73,"1256",0.801031112670898
73,"1257",-0.39835849404335
73,"1258",0.184945479035378
73,"1259",0.0157646238803864
73,"1260",0.713128268718719
73,"1261",-0.465476006269455
73,"1262",-0.498624533414841
73,"1263",-0.495635807514191
73,"1264",0.480457782745361
74,"803",0.372389584779739
74,"815",-0.542884171009064
74,"843",-0.612366437911987
74,"872",0.402387827634811
74,"915",-0.661653697490692
74,"986",0.507188558578491
74,"1009",-0.650892078876495
74,"1012",0.994865715503693
74,"1013",0.442229837179184
74,"1015",0.841345071792603
74,"1017",-0.958119809627533
74,"1021",-0.44820636510849
74,"1025",-0.973510980606079
74,"1028",-0.439978510141373
74,"1038",0.677780151367188
74,"1039",0.315606594085693
74,"1044",0.661608040332794
74,"1054",-0.433464050292969
74,"1056",0.766788184642792
74,"1059",-0.464915841817856
74,"1060",-0.457137733697891
74,"1061",0.589183747768402
74,"1062",-0.395236104726791
74,"1065",-0.551311731338501
74,"1073",0.846499145030975
74,"1074",0.910656869411469
74,"1075",-0.500224947929382
74,"1077",0.612751364707947
74,"1082",-0.575484275817871
74,"1086",0.820540547370911
74,"1087",0.804740071296692
74,"1099",0.640892863273621
74,"1100",-0.99570906162262
74,"1102",-0.38150480389595
74,"1104",-1
74,"1105",0.446646869182587
74,"1108",-0.455438196659088
74,"1110",0.541497707366943
74,"1114",0.76632833480835
74,"1116",0.385051906108856
74,"1117",0.954917728900909
74,"1119",-0.443128824234009
74,"1122",0.984388589859009
74,"1127",0.829067170619965
74,"1128",0.920162618160248
74,"1131",-0.478095203638077
74,"1132",-0.383489370346069
74,"1133",-0.978844225406647
74,"1140",-0.55163699388504
74,"1141",0.513655304908752
74,"1142",0.691722869873047
74,"1143",-0.504823505878448
74,"1146",-1
74,"1148",0.735595881938934
74,"1150",-0.994091808795929
74,"1152",-0.500004053115845
74,"1153",0.841060996055603
74,"1157",-0.458753854036331
74,"1159",0.92767733335495
74,"1165",-0.994091808795929
74,"1166",-0.316395878791809
74,"1170",-0.976161122322083
74,"1171",0.835371732711792
74,"1172",-0.964266777038574
74,"1173",0.994891107082367
74,"1174",-0.572592198848724
74,"1175",0.556937098503113
74,"1176",-0.519869804382324
74,"1177",0.858306705951691
74,"1178",0.559921085834503
74,"1180",0.813565909862518
74,"1181",0.729568660259247
74,"1182",0.464470148086548
74,"1183",-0.444600045681
74,"1184",0.795136570930481
74,"1186",0.820718348026276
74,"1187",-0.978854656219482
74,"1188",0.955929398536682
74,"1189",0.868096053600311
74,"1190",-0.994091808795929
74,"1191",-0.996486842632294
74,"1192",0.152246400713921
74,"1193",0.145579531788826
74,"1194",-0.993707001209259
74,"1195",0.543569326400757
74,"1196",0.352048218250275
74,"1197",-0.439285278320312
74,"1198",-0.993298590183258
74,"1199",-0.52851927280426
74,"1200",-0.179973736405373
74,"1201",0.16004690527916
74,"1202",-0.561509132385254
74,"1203",-0.978854656219482
74,"1204",0.698213040828705
74,"1205",0.643672227859497
74,"1206",0.720673739910126
74,"1207",0.783096015453339
74,"1208",0.402862340211868
74,"1209",0.830158591270447
74,"1210",0.962476015090942
74,"1211",1
74,"1212",-0.621743679046631
74,"1213",0.955929398536682
74,"1214",-0.576148808002472
74,"1215",-0.615251541137695
74,"1216",-0.99499636888504
74,"1217",-0.660253047943115
74,"1218",-0.992942452430725
74,"1219",-0.52970963716507
74,"1220",-0.993598282337189
74,"1221",-1
74,"1222",0.847902297973633
74,"1223",-0.620693147182465
74,"1224",0.421025156974792
74,"1225",-0.996918618679047
74,"1226",0.550439417362213
74,"1227",-0.421004474163055
74,"1228",-0.624820530414581
74,"1229",0.401509404182434
74,"1230",0.143952608108521
74,"1231",-0.480313092470169
74,"1232",-0.978833734989166
74,"1233",-0.564897894859314
74,"1234",-0.537850618362427
74,"1235",-0.130065307021141
74,"1236",0.21473827958107
74,"1237",-0.578475832939148
74,"1238",0.446122050285339
74,"1239",0.33113694190979
74,"1240",0.123959504067898
74,"1241",0.49049961566925
74,"1242",-0.471341699361801
74,"1243",0.317867755889893
74,"1244",-0.78775018453598
74,"1245",-0.994299352169037
74,"1246",0.69217437505722
74,"1247",-0.993792951107025
74,"1248",-0.994091808795929
74,"1249",-0.544338881969452
74,"1250",0.945891737937927
74,"1251",-0.978846371173859
74,"1252",0.838395535945892
74,"1253",-0.993792951107025
74,"1254",-0.993792951107025
74,"1255",0.261656165122986
74,"1256",0.834801554679871
74,"1257",-0.473863452672958
74,"1258",0.192679181694984
74,"1259",0.0494115836918354
74,"1260",0.719415485858917
74,"1261",-0.594223916530609
74,"1262",-0.993298590183258
74,"1263",-0.958582937717438
74,"1264",0.597483396530151
75,"803",0.308589369058609
75,"815",-0.620108366012573
75,"843",-0.61014199256897
75,"872",0.242692947387695
75,"915",-0.73482221364975
75,"986",0.340171933174133
75,"1009",-0.632039964199066
75,"1012",1
75,"1013",0.277379721403122
75,"1015",0.747631371021271
75,"1017",-0.638717114925385
75,"1021",-0.802135407924652
75,"1025",-0.633885562419891
75,"1028",-0.630362451076508
75,"1038",0.586604654788971
75,"1039",0.164720296859741
75,"1044",0.532380104064941
75,"1054",-0.575421392917633
75,"1056",0.619240701198578
75,"1059",-0.834878444671631
75,"1060",-0.702956020832062
75,"1061",0.38559690117836
75,"1062",-0.567472577095032
75,"1065",-0.688677430152893
75,"1073",0.741522967815399
75,"1074",0.783554971218109
75,"1075",-0.863459646701813
75,"1077",0.369462251663208
75,"1082",-0.942280292510986
75,"1086",0.688302934169769
75,"1087",0.738973319530487
75,"1099",0.388185411691666
75,"1100",-0.640841662883759
75,"1102",-0.525052726268768
75,"1104",-0.634995758533478
75,"1105",0.303382247686386
75,"1108",-0.573031663894653
75,"1110",0.326117157936096
75,"1114",0.710153222084045
75,"1116",0.242777824401855
75,"1117",0.924652397632599
75,"1119",-0.582508385181427
75,"1122",0.990370690822601
75,"1127",0.755243122577667
75,"1128",0.9313685297966
75,"1131",-0.62709379196167
75,"1132",-0.736663937568665
75,"1133",-0.638717114925385
75,"1140",-0.903202831745148
75,"1141",0.346031427383423
75,"1142",0.556134581565857
75,"1143",-0.606694400310516
75,"1146",-0.629550457000732
75,"1148",0.648310005664825
75,"1150",-0.641702234745026
75,"1152",-0.856335878372192
75,"1153",0.752689480781555
75,"1157",-0.599576711654663
75,"1159",0.922263145446777
75,"1165",-0.641702115535736
75,"1166",-0.464580476284027
75,"1170",-0.641702234745026
75,"1171",0.762873768806458
75,"1172",-0.633006751537323
75,"1173",1
75,"1174",-0.622054576873779
75,"1175",0.298996895551682
75,"1176",-0.591601550579071
75,"1177",0.717518329620361
75,"1178",0.346540063619614
75,"1180",0.703885138034821
75,"1181",0.617400467395782
75,"1182",0.300710409879684
75,"1183",-0.601330697536469
75,"1184",0.707388997077942
75,"1186",0.745929777622223
75,"1187",-0.638788282871246
75,"1188",0.923877716064453
75,"1189",0.771468639373779
75,"1190",-0.641702234745026
75,"1191",-0.64101779460907
75,"1192",-0.141068279743195
75,"1193",-0.119876615703106
75,"1194",-0.641702234745026
75,"1195",0.330826342105865
75,"1196",0.267903178930283
75,"1197",-0.559280872344971
75,"1198",-0.641017198562622
75,"1199",-0.725475490093231
75,"1200",-0.428199112415314
75,"1201",-0.103146061301231
75,"1202",-0.882505118846893
75,"1203",-0.638788282871246
75,"1204",0.586643517017365
75,"1205",0.448292106389999
75,"1206",0.596025109291077
75,"1207",0.710194110870361
75,"1208",0.269928842782974
75,"1209",0.752956867218018
75,"1210",0.930189311504364
75,"1211",0.999323189258575
75,"1212",-1
75,"1213",0.923877716064453
75,"1214",-0.909728109836578
75,"1215",-0.981610238552094
75,"1216",-0.641017198562622
75,"1217",-0.972915589809418
75,"1218",-0.638229250907898
75,"1219",-0.598796308040619
75,"1220",-0.640724778175354
75,"1221",-0.641709089279175
75,"1222",0.784339010715485
75,"1223",-0.989691436290741
75,"1224",0.274079173803329
75,"1225",-0.639958500862122
75,"1226",0.365399360656738
75,"1227",-0.799061834812164
75,"1228",-1
75,"1229",0.255939036607742
75,"1230",-0.132971301674843
75,"1231",-0.58570808172226
75,"1232",-0.63877010345459
75,"1233",-0.743576347827911
75,"1234",-0.78888601064682
75,"1235",-0.429757237434387
75,"1236",-0.0325996018946171
75,"1237",-0.62852680683136
75,"1238",0.286237329244614
75,"1239",0.146722048521042
75,"1240",-0.158625409007072
75,"1241",0.350804537534714
75,"1242",-0.838103652000427
75,"1243",0.135168343782425
75,"1244",-0.624368190765381
75,"1245",-0.640041649341583
75,"1246",0.611599802970886
75,"1247",-0.641702234745026
75,"1248",-1
75,"1249",-0.794070899486542
75,"1250",0.926116287708282
75,"1251",-0.637176632881165
75,"1252",0.759418308734894
75,"1253",-0.641702234745026
75,"1254",-0.641702234745026
75,"1255",0.0457123517990112
75,"1256",0.758443534374237
75,"1257",-0.578286588191986
75,"1258",-0.0686531215906143
75,"1259",-0.267502814531326
75,"1260",0.598258316516876
75,"1261",-0.692744791507721
75,"1262",-0.641017198562622
75,"1263",-0.640430927276611
75,"1264",0.381069749593735
76,"803",0.326956421136856
76,"815",-0.907522559165955
76,"843",-0.832601130008698
76,"872",0.199047863483429
76,"915",-0.966123878955841
76,"986",0.274478554725647
76,"1009",-0.834871470928192
76,"1012",0.990958750247955
76,"1013",0.219609722495079
76,"1015",0.717878997325897
76,"1017",-0.938428163528442
76,"1021",-0.698630213737488
76,"1025",-0.934429049491882
76,"1028",-0.692725896835327
76,"1038",0.489533096551895
76,"1039",0.112827397882938
76,"1044",0.428171962499619
76,"1054",-0.712528169155121
76,"1056",0.513605296611786
76,"1059",-0.718020081520081
76,"1060",-0.715284883975983
76,"1061",0.338963866233826
76,"1062",-0.676044464111328
76,"1065",-0.849225223064423
76,"1073",0.736254096031189
76,"1074",0.832598745822906
76,"1075",-0.787240922451019
76,"1077",0.317545622587204
76,"1082",-0.943540513515472
76,"1086",0.661343395709991
76,"1087",0.614987850189209
76,"1099",0.365666389465332
76,"1100",-0.948238611221313
76,"1102",-0.633664727210999
76,"1104",-0.943534314632416
76,"1105",0.265528202056885
76,"1108",-0.685339391231537
76,"1110",0.255697786808014
76,"1114",0.650045037269592
76,"1116",0.187364488840103
76,"1117",0.917499363422394
76,"1119",-0.692462146282196
76,"1122",0.981156051158905
76,"1127",0.705641269683838
76,"1128",0.937493443489075
76,"1131",-0.68995589017868
76,"1132",-0.716946184635162
76,"1133",-0.946255803108215
76,"1140",-0.926206409931183
76,"1141",0.303926259279251
76,"1142",0.442877441644669
76,"1143",-0.690972208976746
76,"1146",-0.92095685005188
76,"1148",0.626106381416321
76,"1150",-0.949889361858368
76,"1152",-0.840959906578064
76,"1153",0.714906573295593
76,"1157",-0.675315856933594
76,"1159",0.923061966896057
76,"1165",-0.9499471783638
76,"1166",-0.553885817527771
76,"1170",-0.942165017127991
76,"1171",0.704483091831207
76,"1172",-0.920777320861816
76,"1173",0.990958750247955
76,"1174",-0.831335008144379
76,"1175",0.212241142988205
76,"1176",-0.766040027141571
76,"1177",0.706246733665466
76,"1178",0.272547662258148
76,"1180",0.662386178970337
76,"1181",0.497583776712418
76,"1182",0.24764296412468
76,"1183",-0.694707572460175
76,"1184",0.685011684894562
76,"1186",0.701296329498291
76,"1187",-0.946177005767822
76,"1188",0.923414587974548
76,"1189",0.735580503940582
76,"1190",-0.949889361858368
76,"1191",-0.948681056499481
76,"1192",-0.202154815196991
76,"1193",-0.178523436188698
76,"1194",-0.949889361858368
76,"1195",0.298254758119583
76,"1196",0.233467489480972
76,"1197",-0.639028608798981
76,"1198",-0.948558628559113
76,"1199",-0.786989033222198
76,"1200",-0.488288700580597
76,"1201",-0.171706065535545
76,"1202",-0.894477605819702
76,"1203",-0.946177005767822
76,"1204",0.481909960508347
76,"1205",0.415300846099854
76,"1206",0.517691552639008
76,"1207",0.711482167243958
76,"1208",0.238979920744896
76,"1209",0.709765315055847
76,"1210",0.927443742752075
76,"1211",1
76,"1212",-1
76,"1213",0.923414587974548
76,"1214",-0.934670448303223
76,"1215",-1
76,"1216",-0.948558628559113
76,"1217",-0.998201310634613
76,"1218",-0.949889361858368
76,"1219",-0.714738547801971
76,"1220",-0.949889361858368
76,"1221",-0.950081288814545
76,"1222",0.818937063217163
76,"1223",-1
76,"1224",0.244785279035568
76,"1225",-0.948526084423065
76,"1226",0.318830728530884
76,"1227",-0.68708723783493
76,"1228",-1
76,"1229",0.235575690865517
76,"1230",-0.192120343446732
76,"1231",-0.743240594863892
76,"1232",-0.946139097213745
76,"1233",-0.84267920255661
76,"1234",-1
76,"1235",-0.509017407894135
76,"1236",-0.0837517902255058
76,"1237",-0.797727823257446
76,"1238",0.271490067243576
76,"1239",0.101779587566853
76,"1240",-0.234018847346306
76,"1241",0.311184108257294
76,"1242",-0.724822163581848
76,"1243",0.0885888561606407
76,"1244",-0.89415568113327
76,"1245",-0.948538243770599
76,"1246",0.489297837018967
76,"1247",-0.949889361858368
76,"1248",-1
76,"1249",-0.860716760158539
76,"1250",0.931932985782623
76,"1251",-0.939554452896118
76,"1252",0.705795288085938
76,"1253",-0.949889361858368
76,"1254",-0.949889361858368
76,"1255",0.00410544080659747
76,"1256",0.705348491668701
76,"1257",-0.736541390419006
76,"1258",-0.124343432486057
76,"1259",-0.338183879852295
76,"1260",0.491265684366226
76,"1261",-0.826864123344421
76,"1262",-0.948558628559113
76,"1263",-0.942165017127991
76,"1264",0.326189935207367
77,"803",0.368304252624512
77,"815",-0.857466876506805
77,"843",-0.754721105098724
77,"872",0.263208270072937
77,"915",-0.919746875762939
77,"986",0.322867095470428
77,"1009",-0.842775046825409
77,"1012",0.985317289829254
77,"1013",0.270395070314407
77,"1015",0.705236852169037
77,"1017",-0.851994872093201
77,"1021",-0.715548276901245
77,"1025",-0.846124947071075
77,"1028",-0.656779050827026
77,"1038",0.654507398605347
77,"1039",0.283146589994431
77,"1044",0.580541014671326
77,"1054",-0.650128602981567
77,"1056",0.72247302532196
77,"1059",-0.768076658248901
77,"1060",-0.716846227645874
77,"1061",0.408139437437057
77,"1062",-0.617969214916229
77,"1065",-0.878072440624237
77,"1073",0.715573906898499
77,"1074",0.790472507476807
77,"1075",-0.812430083751678
77,"1077",0.397452175617218
77,"1082",-1
77,"1086",0.68850439786911
77,"1087",0.693201959133148
77,"1099",0.439720124006271
77,"1100",-0.86724579334259
77,"1102",-0.650310635566711
77,"1104",-0.858042597770691
77,"1105",0.343695133924484
77,"1108",-0.695194661617279
77,"1110",0.323852181434631
77,"1114",0.622313559055328
77,"1116",0.274966835975647
77,"1117",0.88884299993515
77,"1119",-0.653082966804504
77,"1122",0.971965491771698
77,"1127",0.714228391647339
77,"1128",0.903181612491608
77,"1131",-0.661069631576538
77,"1132",-0.693835258483887
77,"1133",-0.860258460044861
77,"1140",-1
77,"1141",0.35161480307579
77,"1142",0.611125290393829
77,"1143",-0.758906722068787
77,"1146",-0.852317810058594
77,"1148",0.618451595306396
77,"1150",-0.868015706539154
77,"1152",-0.847901046276093
77,"1153",0.67141854763031
77,"1157",-0.707518517971039
77,"1159",0.888231456279755
77,"1165",-0.868015706539154
77,"1166",-0.543055534362793
77,"1170",-0.85988712310791
77,"1171",0.723268032073975
77,"1172",-0.8557488322258
77,"1173",0.985317289829254
77,"1174",-0.839566946029663
77,"1175",0.291400372982025
77,"1176",-0.780260562896729
77,"1177",0.688539445400238
77,"1178",0.341097563505173
77,"1180",0.702967822551727
77,"1181",0.721188187599182
77,"1182",0.295704752206802
77,"1183",-0.759807050228119
77,"1184",0.689448058605194
77,"1186",0.697746872901917
77,"1187",-0.860352873802185
77,"1188",0.890510022640228
77,"1189",0.750693559646606
77,"1190",-0.868015706539154
77,"1191",-0.86723393201828
77,"1192",-0.0856867283582687
77,"1193",-0.0614902265369892
77,"1194",-0.868015706539154
77,"1195",0.368279218673706
77,"1196",0.283958107233047
77,"1197",-0.652791857719421
77,"1198",-0.86723393201828
77,"1199",-0.993777692317963
77,"1200",-0.368957132101059
77,"1201",-0.0628615394234657
77,"1202",-1
77,"1203",-0.860287249088287
77,"1204",0.651184737682343
77,"1205",0.50038880109787
77,"1206",0.650442600250244
77,"1207",0.680608928203583
77,"1208",0.283533841371536
77,"1209",0.686907708644867
77,"1210",0.901522696018219
77,"1211",1
77,"1212",-1
77,"1213",0.890510022640228
77,"1214",-1
77,"1215",-0.982405781745911
77,"1216",-0.867222785949707
77,"1217",-0.980671465396881
77,"1218",-0.865063667297363
77,"1219",-0.694063723087311
77,"1220",-0.867259383201599
77,"1221",-0.868155121803284
77,"1222",0.702630639076233
77,"1223",-1
77,"1224",0.297084838151932
77,"1225",-0.867699503898621
77,"1226",0.392568945884705
77,"1227",-0.719955384731293
77,"1228",-0.992182075977325
77,"1229",0.277766555547714
77,"1230",-0.0775194987654686
77,"1231",-0.70293116569519
77,"1232",-0.860286355018616
77,"1233",-1
77,"1234",-0.883791148662567
77,"1235",-0.381663292646408
77,"1236",0.0579558722674847
77,"1237",-0.774013340473175
77,"1238",0.336469054222107
77,"1239",0.259174108505249
77,"1240",-0.105662018060684
77,"1241",0.398019105195999
77,"1242",-0.771616458892822
77,"1243",0.248174279928207
77,"1244",-0.818994045257568
77,"1245",-0.868015706539154
77,"1246",0.708456635475159
77,"1247",-0.868015706539154
77,"1248",-1
77,"1249",-0.988417506217957
77,"1250",0.898829102516174
77,"1251",-0.858985781669617
77,"1252",0.721642971038818
77,"1253",-0.868015706539154
77,"1254",-0.868015706539154
77,"1255",0.162306800484657
77,"1256",0.718363285064697
77,"1257",-0.753312945365906
77,"1258",0.00824176706373692
77,"1259",-0.245782047510147
77,"1260",0.649760127067566
77,"1261",-0.846247315406799
77,"1262",-0.86723393201828
77,"1263",-0.854941129684448
77,"1264",0.400181710720062
78,"803",-0.0159111935645342
78,"815",-0.709183573722839
78,"843",-0.705906927585602
78,"872",0.182943657040596
78,"915",-0.77336311340332
78,"986",0.289606958627701
78,"1009",-0.708447515964508
78,"1012",0.977851748466492
78,"1013",0.219539746642113
78,"1015",0.856965303421021
78,"1017",-0.736589014530182
78,"1021",-0.824978947639465
78,"1025",-0.701465904712677
78,"1028",-0.696631729602814
78,"1038",0.546647787094116
78,"1039",-0.0763850212097168
78,"1044",0.452067375183105
78,"1054",-0.660717666149139
78,"1056",0.572650909423828
78,"1059",-0.765404403209686
78,"1060",-0.746407568454742
78,"1061",0.330328732728958
78,"1062",-0.601130485534668
78,"1065",-0.768244087696075
78,"1073",0.954282343387604
78,"1074",0.920315742492676
78,"1075",-0.879147231578827
78,"1077",0.383139848709106
78,"1082",-0.995604395866394
78,"1086",0.777277946472168
78,"1087",0.75284731388092
78,"1099",0.373556107282639
78,"1100",-0.740216791629791
78,"1102",-0.567435145378113
78,"1104",-0.739095330238342
78,"1105",0.194333732128143
78,"1108",-0.597644507884979
78,"1110",0.32480052113533
78,"1114",0.620126843452454
78,"1116",0.119196474552155
78,"1117",0.971884369850159
78,"1119",-0.660436391830444
78,"1122",0.977851748466492
78,"1127",0.753231167793274
78,"1128",0.849880695343018
78,"1131",-0.6997150182724
78,"1132",-0.675480723381042
78,"1133",-0.740866184234619
78,"1140",-0.882170617580414
78,"1141",0.268245369195938
78,"1142",0.52283251285553
78,"1143",-0.676875054836273
78,"1146",-0.727337956428528
78,"1148",NA
78,"1150",-0.740934014320374
78,"1152",-0.979997098445892
78,"1153",0.85165947675705
78,"1157",-0.666074812412262
78,"1159",0.934761881828308
78,"1165",-0.740934014320374
78,"1166",-0.622678160667419
78,"1170",-0.736684024333954
78,"1171",0.767545163631439
78,"1172",-0.724587261676788
78,"1173",0.977851748466492
78,"1174",-0.704687416553497
78,"1175",0.324959963560104
78,"1176",-0.657680213451385
78,"1177",0.781314671039581
78,"1178",0.347691804170609
78,"1180",0.734601497650146
78,"1181",0.566681802272797
78,"1182",0.26545438170433
78,"1183",-0.686516046524048
78,"1184",0.695604801177979
78,"1186",0.75166642665863
78,"1187",-0.740934014320374
78,"1188",0.977500736713409
78,"1189",0.87127685546875
78,"1190",-0.740934014320374
78,"1191",-0.740205585956573
78,"1192",-0.0265564192086458
78,"1193",-0.0978549793362617
78,"1194",-0.740934014320374
78,"1195",0.276367992162704
78,"1196",0.0352772623300552
78,"1197",-0.697159886360168
78,"1198",-0.740142285823822
78,"1199",-0.775243103504181
78,"1200",-0.455259829759598
78,"1201",-0.0492136366665363
78,"1202",-0.877821087837219
78,"1203",-0.740934014320374
78,"1204",0.547608733177185
78,"1205",0.4174445271492
78,"1206",0.620814502239227
78,"1207",0.692282438278198
78,"1208",0.142685353755951
78,"1209",0.791517794132233
78,"1210",0.977676749229431
78,"1211",1
78,"1212",-0.989169657230377
78,"1213",0.977851748466492
78,"1214",-0.888616144657135
78,"1215",-1
78,"1216",-0.740142285823822
78,"1217",-1
78,"1218",-0.740934014320374
78,"1219",-0.695115625858307
78,"1220",-0.740934014320374
78,"1221",-0.740934014320374
78,"1222",0.979784846305847
78,"1223",-1
78,"1224",0.173609510064125
78,"1225",-0.740028858184814
78,"1226",0.300446510314941
78,"1227",-0.800722420215607
78,"1228",-1
78,"1229",0.143730401992798
78,"1230",-0.0717578008770943
78,"1231",-0.694821894168854
78,"1232",-0.740934014320374
78,"1233",-0.79816061258316
78,"1234",-0.835073173046112
78,"1235",-0.343008428812027
78,"1236",-0.0957062318921089
78,"1237",-0.714816331863403
78,"1238",0.205335184931755
78,"1239",-0.0257824081927538
78,"1240",-0.097276359796524
78,"1241",0.281480699777603
78,"1242",-0.81457507610321
78,"1243",-0.0449803397059441
78,"1244",-0.73557448387146
78,"1245",-0.740032434463501
78,"1246",0.511173248291016
78,"1247",-0.740934014320374
78,"1248",-1
78,"1249",-0.838164389133453
78,"1250",0.919041216373444
78,"1251",-0.739733934402466
78,"1252",0.769207775592804
78,"1253",-0.740934014320374
78,"1254",-0.740934014320374
78,"1255",-0.0956212356686592
78,"1256",0.769338071346283
78,"1257",-0.663946092128754
78,"1258",-0.0979245230555534
78,"1259",-0.0985204353928566
78,"1260",0.596547305583954
78,"1261",-0.772624492645264
78,"1262",-0.740142285823822
78,"1263",-0.736684024333954
78,"1264",0.346031785011292
79,"803",0.158975690603256
79,"815",-0.834605932235718
79,"843",-0.793138861656189
79,"872",0.151997059583664
79,"915",-0.896835505962372
79,"986",0.242538169026375
79,"1009",-0.837528169155121
79,"1012",1
79,"1013",0.180292725563049
79,"1015",0.668921411037445
79,"1017",-0.850049734115601
79,"1021",-0.851089358329773
79,"1025",-0.833629846572876
79,"1028",-0.742966055870056
79,"1038",0.464886397123337
79,"1039",0.110788308084011
79,"1044",0.421820193529129
79,"1054",-0.711526930332184
79,"1056",0.528938412666321
79,"1059",-0.851714432239532
79,"1060",-0.805891633033752
79,"1061",0.367102205753326
79,"1062",-0.716686069965363
79,"1065",-0.890826344490051
79,"1073",0.640031635761261
79,"1074",0.804228842258453
79,"1075",-0.906303763389587
79,"1077",0.330798864364624
79,"1082",-1
79,"1086",0.612375974655151
79,"1087",0.579948604106903
79,"1099",0.398435890674591
79,"1100",-0.854022085666656
79,"1102",-0.743984520435333
79,"1104",-0.847182035446167
79,"1105",0.1861212849617
79,"1108",-0.76219779253006
79,"1110",0.281068086624146
79,"1114",0.545380473136902
79,"1116",0.135294139385223
79,"1117",0.879493236541748
79,"1119",-0.710667133331299
79,"1122",0.996068358421326
79,"1127",0.612451195716858
79,"1128",0.849312603473663
79,"1131",-0.741942346096039
79,"1132",-0.778475522994995
79,"1133",-0.850071132183075
79,"1140",-0.997201979160309
79,"1141",0.261709809303284
79,"1142",0.434804260730743
79,"1143",-0.809801042079926
79,"1146",-0.854033410549164
79,"1148",0.565462946891785
79,"1150",-0.854155957698822
79,"1152",-0.971510291099548
79,"1153",0.638652503490448
79,"1157",-0.772148489952087
79,"1159",0.879667282104492
79,"1165",-0.854060590267181
79,"1166",-0.66146844625473
79,"1170",-0.854155957698822
79,"1171",0.621442556381226
79,"1172",-0.851726830005646
79,"1173",1
79,"1174",-0.815521419048309
79,"1175",0.28510320186615
79,"1176",-0.769355058670044
79,"1177",0.686570286750793
79,"1178",0.295925796031952
79,"1180",0.594085037708282
79,"1181",0.475306540727615
79,"1182",0.200961709022522
79,"1183",-0.807223796844482
79,"1184",0.58135998249054
79,"1186",0.605035901069641
79,"1187",-0.850146114826202
79,"1188",0.887264251708984
79,"1189",0.675519168376923
79,"1190",-0.854155957698822
79,"1191",-0.854155540466309
79,"1192",-0.14285172522068
79,"1193",-0.138765826821327
79,"1194",-0.854155957698822
79,"1195",0.330378234386444
79,"1196",0.125297203660011
79,"1197",-0.745056927204132
79,"1198",-0.854155957698822
79,"1199",-0.939416110515594
79,"1200",-0.571741282939911
79,"1201",-0.138636037707329
79,"1202",-0.993898034095764
79,"1203",-0.850146114826202
79,"1204",0.458806604146957
79,"1205",0.418907403945923
79,"1206",0.474229037761688
79,"1207",0.581628620624542
79,"1208",0.163161307573318
79,"1209",0.636718988418579
79,"1210",0.896180808544159
79,"1211",0.999142944812775
79,"1212",-1
79,"1213",0.887282907962799
79,"1214",-1
79,"1215",-1
79,"1216",-0.854186713695526
79,"1217",-1
79,"1218",-0.854155957698822
79,"1219",-0.769617557525635
79,"1220",-0.854155957698822
79,"1221",-0.854137122631073
79,"1222",0.647898554801941
79,"1223",-1
79,"1224",0.175490066409111
79,"1225",-0.853922188282013
79,"1226",0.345700114965439
79,"1227",-0.850802183151245
79,"1228",-1
79,"1229",0.16089403629303
79,"1230",-0.150863915681839
79,"1231",-0.744910538196564
79,"1232",-0.85017204284668
79,"1233",-0.934278726577759
79,"1234",-0.861291527748108
79,"1235",-0.505480706691742
79,"1236",-0.0357783809304237
79,"1237",-0.806175827980042
79,"1238",0.19435741007328
79,"1239",0.108253963291645
79,"1240",-0.171615213155746
79,"1241",0.223592042922974
79,"1242",-0.866541564464569
79,"1243",0.0926431715488434
79,"1244",-0.826163113117218
79,"1245",-0.85403436422348
79,"1246",0.457664579153061
79,"1247",-0.854155957698822
79,"1248",-1
79,"1249",-0.920552849769592
79,"1250",0.880981385707855
79,"1251",-0.849171996116638
79,"1252",0.622837007045746
79,"1253",-0.854155957698822
79,"1254",-0.854155957698822
79,"1255",0.0253932569175959
79,"1256",0.622503578662872
79,"1257",-0.778809309005737
79,"1258",-0.0715526789426804
79,"1259",-0.295768886804581
79,"1260",0.473697245121002
79,"1261",-0.865678429603577
79,"1262",-0.854155957698822
79,"1263",-0.850146114826202
79,"1264",0.365585327148438
80,"803",0.431406468153
80,"815",-0.703510046005249
80,"843",-0.562963545322418
80,"872",0.408598661422729
80,"915",-0.582520067691803
80,"986",0.502311170101166
80,"1009",-0.661681652069092
80,"1012",1
80,"1013",0.446260452270508
80,"1015",0.795678734779358
80,"1017",-0.955403804779053
80,"1021",-0.445034772157669
80,"1025",-1
80,"1028",-0.447899550199509
80,"1038",0.707402169704437
80,"1039",0.385163992643356
80,"1044",0.695346832275391
80,"1054",-0.489335060119629
80,"1056",0.803755521774292
80,"1059",-0.47267946600914
80,"1060",-0.492076396942139
80,"1061",0.627581298351288
80,"1062",-0.451949715614319
80,"1065",-0.655515670776367
80,"1073",0.789484798908234
80,"1074",0.867445826530457
80,"1075",-0.49963504076004
80,"1077",0.608285844326019
80,"1082",-0.655347228050232
80,"1086",0.789504826068878
80,"1087",0.801115036010742
80,"1099",0.640085577964783
80,"1100",-0.978528141975403
80,"1102",-0.441830039024353
80,"1104",-1
80,"1105",0.465336561203003
80,"1108",-0.502852141857147
80,"1110",0.543082475662231
80,"1114",0.741513133049011
80,"1116",0.402971386909485
80,"1117",0.928285300731659
80,"1119",-0.459494799375534
80,"1122",0.987308740615845
80,"1127",0.80984503030777
80,"1128",0.923392295837402
80,"1131",-0.456127643585205
80,"1132",-0.443553894758224
80,"1133",-0.955337405204773
80,"1140",-0.66489040851593
80,"1141",0.522227048873901
80,"1142",0.692585229873657
80,"1143",-0.572716057300568
80,"1146",-1
80,"1148",0.723382890224457
80,"1150",-0.978558361530304
80,"1152",-0.493363052606583
80,"1153",0.791492223739624
80,"1157",-0.502406716346741
80,"1159",0.930928111076355
80,"1165",-0.979277372360229
80,"1166",-0.333168119192123
80,"1170",-0.979260385036469
80,"1171",0.823660492897034
80,"1172",-0.96963107585907
80,"1173",1
80,"1174",-0.666269779205322
80,"1175",0.547055423259735
80,"1176",-0.608611226081848
80,"1177",0.818408966064453
80,"1178",0.566955208778381
80,"1180",0.791673421859741
80,"1181",0.757380902767181
80,"1182",0.467016905546188
80,"1183",-0.567183494567871
80,"1184",0.781051695346832
80,"1186",0.795687854290009
80,"1187",-0.955337405204773
80,"1188",0.936074674129486
80,"1189",0.822487115859985
80,"1190",-0.979850351810455
80,"1191",-0.981915235519409
80,"1192",0.0997464433312416
80,"1193",0.113285727798939
80,"1194",-0.979265153408051
80,"1195",0.57124537229538
80,"1196",0.400148630142212
80,"1197",-0.42111548781395
80,"1198",-0.978557407855988
80,"1199",-0.676100611686707
80,"1200",-0.208325833082199
80,"1201",0.119820594787598
80,"1202",-0.660959839820862
80,"1203",-0.9553382396698
80,"1204",0.712068557739258
80,"1205",0.66067361831665
80,"1206",0.710224986076355
80,"1207",0.76330578327179
80,"1208",0.424170345067978
80,"1209",0.802741765975952
80,"1210",0.946470260620117
80,"1211",0.999266564846039
80,"1212",-0.60385799407959
80,"1213",0.936074674129486
80,"1214",-0.671634197235107
80,"1215",-0.61136656999588
80,"1216",-0.979265153408051
80,"1217",-0.620750427246094
80,"1218",-0.978557407855988
80,"1219",-0.485021770000458
80,"1220",-0.979267477989197
80,"1221",-0.995728552341461
80,"1222",0.758232653141022
80,"1223",-0.608483970165253
80,"1224",0.43868550658226
80,"1225",-0.979712903499603
80,"1226",0.584554672241211
80,"1227",-0.4619000852108
80,"1228",-0.619617104530334
80,"1229",0.422976434230804
80,"1230",0.101860657334328
80,"1231",-0.49730709195137
80,"1232",-0.955436110496521
80,"1233",-0.660959839820862
80,"1234",-0.683003723621368
80,"1235",-0.187713369727135
80,"1236",0.220503062009811
80,"1237",-0.582135677337646
80,"1238",0.455787569284439
80,"1239",0.385172992944717
80,"1240",0.078037291765213
80,"1241",0.500711500644684
80,"1242",-0.494739532470703
80,"1243",0.374397426843643
80,"1244",-0.715692281723022
80,"1245",-0.979856252670288
80,"1246",0.781148850917816
80,"1247",-0.978558361530304
80,"1248",-0.978558361530304
80,"1249",-0.642362952232361
80,"1250",0.936215102672577
80,"1251",-0.955358803272247
80,"1252",0.827074825763702
80,"1253",-0.979267477989197
80,"1254",-0.979267477989197
80,"1255",0.296832203865051
80,"1256",0.821150183677673
80,"1257",-0.528193056583405
80,"1258",0.173966869711876
80,"1259",-0.0413355566561222
80,"1260",0.72454434633255
80,"1261",-0.583128035068512
80,"1262",-0.979850351810455
80,"1263",-0.970233738422394
80,"1264",0.62752377986908
81,"803",-0.00653353706002235
81,"815",-0.60546749830246
81,"843",-0.61020427942276
81,"872",0.150746181607246
81,"915",-0.70987594127655
81,"986",0.292233437299728
81,"1009",-0.630669713020325
81,"1012",0.912056624889374
81,"1013",0.241331577301025
81,"1015",1
81,"1017",-0.644628524780273
81,"1021",-0.883580029010773
81,"1025",-0.637516498565674
81,"1028",-0.634062170982361
81,"1038",0.568075358867645
81,"1039",0.0570029243826866
81,"1044",0.482378095388412
81,"1054",-0.59887033700943
81,"1056",0.724742293357849
81,"1059",-0.815330624580383
81,"1060",-0.733650147914886
81,"1061",0.288895159959793
81,"1062",-0.532676756381989
81,"1065",-0.705888390541077
81,"1073",0.89147275686264
81,"1074",0.796615719795227
81,"1075",-0.900844037532806
81,"1077",0.348369270563126
81,"1082",-1
81,"1086",0.755906403064728
81,"1087",0.847688257694244
81,"1099",0.359810322523117
81,"1100",-0.652699291706085
81,"1102",-0.561102569103241
81,"1104",-0.647703111171722
81,"1105",0.167381465435028
81,"1108",-0.589685559272766
81,"1110",0.284868061542511
81,"1114",0.687416195869446
81,"1116",0.127171963453293
81,"1117",0.834486484527588
81,"1119",-0.619223713874817
81,"1122",0.911976873874664
81,"1127",0.847907781600952
81,"1128",0.725481152534485
81,"1131",-0.63146299123764
81,"1132",-0.774047017097473
81,"1133",-0.650076270103455
81,"1140",-0.908683240413666
81,"1141",0.298086434602737
81,"1142",0.642216205596924
81,"1143",-0.626626670360565
81,"1146",-0.618034541606903
81,"1148",NA
81,"1150",-0.653269112110138
81,"1152",-0.970593810081482
81,"1153",0.836466431617737
81,"1157",-0.627083003520966
81,"1159",0.812642335891724
81,"1165",-0.651804268360138
81,"1166",-0.556130766868591
81,"1170",-0.646569311618805
81,"1171",0.849320888519287
81,"1172",-0.612867951393127
81,"1173",0.912056624889374
81,"1174",-0.635650277137756
81,"1175",0.278639882802963
81,"1176",-0.614769697189331
81,"1177",0.743767917156219
81,"1178",0.310461193323135
81,"1180",0.871490061283112
81,"1181",0.67707896232605
81,"1182",0.268743962049484
81,"1183",-0.62782484292984
81,"1184",0.835688173770905
81,"1186",0.838899374008179
81,"1187",-0.650120735168457
81,"1188",0.912056624889374
81,"1189",0.882943451404572
81,"1190",-0.651804983615875
81,"1191",-0.652720034122467
81,"1192",0.0483604520559311
81,"1193",0.030952412635088
81,"1194",-0.653269112110138
81,"1195",0.253892213106155
81,"1196",0.0344636254012585
81,"1197",-0.607758343219757
81,"1198",-0.652724742889404
81,"1199",-0.748086333274841
81,"1200",-0.269789755344391
81,"1201",0.0302416663616896
81,"1202",-0.900660157203674
81,"1203",-0.650109708309174
81,"1204",0.641540825366974
81,"1205",0.437337279319763
81,"1206",0.650781393051147
81,"1207",0.726846992969513
81,"1208",0.141736060380936
81,"1209",0.775012791156769
81,"1210",0.911638259887695
81,"1211",0.987264931201935
81,"1212",-0.972727417945862
81,"1213",0.912056624889374
81,"1214",-0.911798059940338
81,"1215",-0.998889625072479
81,"1216",-0.652694404125214
81,"1217",-1
81,"1218",-0.644330382347107
81,"1219",-0.616757333278656
81,"1220",-0.649525761604309
81,"1221",-0.651804983615875
81,"1222",0.690963268280029
81,"1223",-1
81,"1224",0.151931256055832
81,"1225",-0.652790546417236
81,"1226",0.271830290555954
81,"1227",-0.856457769870758
81,"1228",-0.998889625072479
81,"1229",0.149507969617844
81,"1230",0.0347247272729874
81,"1231",-0.618137300014496
81,"1232",-0.65011066198349
81,"1233",-0.784509241580963
81,"1234",-0.788188993930817
81,"1235",-0.182290196418762
81,"1236",0.0353177785873413
81,"1237",-0.629352569580078
81,"1238",0.171478569507599
81,"1239",0.0609282962977886
81,"1240",0.0214083455502987
81,"1241",0.242186278104782
81,"1242",-0.88822078704834
81,"1243",0.0427373982965946
81,"1244",-0.647279441356659
81,"1245",-0.652840256690979
81,"1246",0.6153524518013
81,"1247",-0.653268158435822
81,"1248",-1
81,"1249",-0.8274285197258
81,"1250",0.777938306331635
81,"1251",-0.649356424808502
81,"1252",0.837023437023163
81,"1253",-0.651804029941559
81,"1254",-0.653268158435822
81,"1255",0.0133691010996699
81,"1256",0.837042331695557
81,"1257",-0.611585319042206
81,"1258",0.0256623961031437
81,"1259",0.0114866187795997
81,"1260",0.70153671503067
81,"1261",-0.704823791980743
81,"1262",-0.652736485004425
81,"1263",-0.644076883792877
81,"1264",0.318780243396759
82,"803",-0.1914893835783
82,"815",-0.838859260082245
82,"843",-0.86098325252533
82,"872",0.10489259660244
82,"915",-0.910652101039886
82,"986",0.248003646731377
82,"1009",-0.899062871932983
82,"1012",1
82,"1013",0.176406189799309
82,"1015",1
82,"1017",-0.989046275615692
82,"1021",-0.875165164470673
82,"1025",-0.994625985622406
82,"1028",-0.800953328609467
82,"1038",0.445474147796631
82,"1039",-0.0384165495634079
82,"1044",0.404867023229599
82,"1054",-0.820433616638184
82,"1056",0.658082902431488
82,"1059",-0.897807776927948
82,"1060",-0.914010345935822
82,"1061",0.317417114973068
82,"1062",-0.788514673709869
82,"1065",-0.920732617378235
82,"1073",0.946882724761963
82,"1074",0.678482413291931
82,"1075",-0.958113729953766
82,"1077",0.369424551725388
82,"1082",-1
82,"1086",0.900342226028442
82,"1087",0.950097024440765
82,"1099",0.368591815233231
82,"1100",-0.999981701374054
82,"1102",-0.729259967803955
82,"1104",-0.987357139587402
82,"1105",0.0809916704893112
82,"1108",-0.791295886039734
82,"1110",0.320647299289703
82,"1114",0.725352823734283
82,"1116",0.0518563613295555
82,"1117",0.884389162063599
82,"1119",-0.858617544174194
82,"1122",1
82,"1127",1
82,"1128",0.724688649177551
82,"1131",-0.806288361549377
82,"1132",-0.871539175510406
82,"1133",-0.989046275615692
82,"1140",-0.960436463356018
82,"1141",0.246658325195312
82,"1142",0.53673529624939
82,"1143",-0.866095900535583
82,"1146",-0.973649263381958
82,"1148",NA
82,"1150",-0.999981701374054
82,"1152",-1
82,"1153",0.948617935180664
82,"1157",-0.871476709842682
82,"1159",0.985681235790253
82,"1165",-0.999978423118591
82,"1166",-0.721217215061188
82,"1170",-0.999981701374054
82,"1171",0.956532299518585
82,"1172",-0.973819375038147
82,"1173",1
82,"1174",-0.895103871822357
82,"1175",0.330429464578629
82,"1176",-0.825154304504395
82,"1177",1
82,"1178",0.360462427139282
82,"1180",0.95521080493927
82,"1181",0.561714470386505
82,"1182",0.207123830914497
82,"1183",-0.874652624130249
82,"1184",0.947006225585938
82,"1186",0.944882750511169
82,"1187",-0.989388644695282
82,"1188",1
82,"1189",0.947421610355377
82,"1190",-0.999981701374054
82,"1191",-0.999979496002197
82,"1192",-0.0351926237344742
82,"1193",-0.0385550297796726
82,"1194",-0.999981701374054
82,"1195",0.32336163520813
82,"1196",-0.0589607767760754
82,"1197",-0.726653575897217
82,"1198",-0.999981701374054
82,"1199",-0.923591017723083
82,"1200",-0.597089171409607
82,"1201",-0.0325573682785034
82,"1202",-0.967117846012115
82,"1203",-0.989388644695282
82,"1204",0.534869372844696
82,"1205",0.421102523803711
82,"1206",0.527630269527435
82,"1207",0.714411973953247
82,"1208",0.0634414851665497
82,"1209",0.959791004657745
82,"1210",1
82,"1211",1
82,"1212",-1
82,"1213",1
82,"1214",-0.971690773963928
82,"1215",-1
82,"1216",-1
82,"1217",-1
82,"1218",-0.993429183959961
82,"1219",-0.849067807197571
82,"1220",-0.997346341609955
82,"1221",-0.999981701374054
82,"1222",0.627177119255066
82,"1223",-1
82,"1224",0.0699280276894569
82,"1225",-0.999186277389526
82,"1226",0.282924920320511
82,"1227",-0.892955124378204
82,"1228",-1
82,"1229",0.0690724328160286
82,"1230",-0.0204270351678133
82,"1231",-0.835606813430786
82,"1232",-0.989091217517853
82,"1233",-0.920439541339874
82,"1234",-0.900165796279907
82,"1235",-0.413467794656754
82,"1236",-0.0284272078424692
82,"1237",-0.853877007961273
82,"1238",0.094776526093483
82,"1239",0.00733551988378167
82,"1240",-0.0893416181206703
82,"1241",0.14833690226078
82,"1242",-0.970665693283081
82,"1243",-0.0142869846895337
82,"1244",-0.986586153507233
82,"1245",-0.999186277389526
82,"1246",0.57517009973526
82,"1247",-0.999981701374054
82,"1248",-1
82,"1249",-0.882439076900482
82,"1250",0.895011782646179
82,"1251",-0.987165093421936
82,"1252",0.991378247737885
82,"1253",-0.999981701374054
82,"1254",-0.999981701374054
82,"1255",-0.0959159880876541
82,"1256",0.990926742553711
82,"1257",-0.826712548732758
82,"1258",-0.0590213313698769
82,"1259",-0.0937566235661507
82,"1260",0.596689283847809
82,"1261",-0.876043319702148
82,"1262",-0.999981701374054
82,"1263",-0.991593539714813
82,"1264",0.342502921819687
83,"803",0.534191429615021
83,"815",-0.881106197834015
83,"843",-0.548713028430939
83,"872",0.402178913354874
83,"915",-0.72174197435379
83,"986",0.481467753648758
83,"1009",-0.670147478580475
83,"1012",0.992881417274475
83,"1013",0.432187259197235
83,"1015",0.768219709396362
83,"1017",-0.971777975559235
83,"1021",-0.450570821762085
83,"1025",-0.979240477085114
83,"1028",-0.452985227108002
83,"1038",0.742819905281067
83,"1039",0.44171604514122
83,"1044",0.720660865306854
83,"1054",-0.456214785575867
83,"1056",0.801488041877747
83,"1059",-0.462609708309174
83,"1060",-0.467620223760605
83,"1061",0.576588749885559
83,"1062",-0.409252315759659
83,"1065",-0.695757329463959
83,"1073",0.787658512592316
83,"1074",0.859769940376282
83,"1075",-0.476835012435913
83,"1077",0.56316477060318
83,"1082",-0.570250749588013
83,"1086",0.780239284038544
83,"1087",0.768534600734711
83,"1099",0.608414828777313
83,"1100",-1
83,"1102",-0.383671879768372
83,"1104",-1
83,"1105",0.488310873508453
83,"1108",-0.47398042678833
83,"1110",0.49678111076355
83,"1114",0.73773866891861
83,"1116",0.433936506509781
83,"1117",0.922217130661011
83,"1119",-0.418054848909378
83,"1122",0.976607441902161
83,"1127",0.785151183605194
83,"1128",0.931351363658905
83,"1131",-0.462895274162292
83,"1132",-0.440331965684891
83,"1133",-0.995775282382965
83,"1140",-0.708446562290192
83,"1141",0.515718638896942
83,"1142",0.736173689365387
83,"1143",-0.612530171871185
83,"1146",-1
83,"1148",0.716684639453888
83,"1150",-0.999188899993896
83,"1152",-0.438137710094452
83,"1153",0.714650511741638
83,"1157",-0.504172205924988
83,"1159",0.921672880649567
83,"1165",-0.999188899993896
83,"1166",-0.299495965242386
83,"1170",-0.974232852458954
83,"1171",0.78897500038147
83,"1172",-0.95783394575119
83,"1173",0.992881417274475
83,"1174",-0.717684268951416
83,"1175",0.466790765523911
83,"1176",-0.67639684677124
83,"1177",0.765999913215637
83,"1178",0.515076398849487
83,"1180",0.783415555953979
83,"1181",0.808758795261383
83,"1182",0.462907820940018
83,"1183",-0.51579475402832
83,"1184",0.773958742618561
83,"1186",0.773996591567993
83,"1187",-0.995083868503571
83,"1188",0.923362135887146
83,"1189",0.819317042827606
83,"1190",-0.999188899993896
83,"1191",-1
83,"1192",0.0795639082789421
83,"1193",0.101220697164536
83,"1194",-0.999188899993896
83,"1195",0.534991919994354
83,"1196",0.445381224155426
83,"1197",-0.408967614173889
83,"1198",-0.997209787368774
83,"1199",-0.596553921699524
83,"1200",-0.138515651226044
83,"1201",0.103200286626816
83,"1202",-0.69194883108139
83,"1203",-0.995046734809875
83,"1204",0.756412327289581
83,"1205",0.658889710903168
83,"1206",0.741056561470032
83,"1207",0.782689869403839
83,"1208",0.448349952697754
83,"1209",0.770434975624084
83,"1210",0.934710144996643
83,"1211",1
83,"1212",-0.611616253852844
83,"1213",0.923362135887146
83,"1214",-0.717506051063538
83,"1215",-0.600390195846558
83,"1216",-0.997209787368774
83,"1217",-0.59719705581665
83,"1218",-0.998472154140472
83,"1219",-0.49706244468689
83,"1220",-0.998609483242035
83,"1221",-1
83,"1222",0.786199688911438
83,"1223",-0.627905368804932
83,"1224",0.453527212142944
83,"1225",-1
83,"1226",0.557186484336853
83,"1227",-0.416372001171112
83,"1228",-0.605393707752228
83,"1229",0.442208051681519
83,"1230",0.0836144089698792
83,"1231",-0.512387096881866
83,"1232",-0.996009945869446
83,"1233",-0.704557478427887
83,"1234",-0.845492422580719
83,"1235",-0.194876968860626
83,"1236",0.224163800477982
83,"1237",-0.582860112190247
83,"1238",0.482110291719437
83,"1239",0.421564131975174
83,"1240",0.0658050030469894
83,"1241",0.532604575157166
83,"1242",-0.458304345607758
83,"1243",0.412229150533676
83,"1244",-0.710565447807312
83,"1245",-0.999166309833527
83,"1246",0.852423965930939
83,"1247",-0.998620748519897
83,"1248",-0.998620748519897
83,"1249",-0.707643628120422
83,"1250",0.922754108905792
83,"1251",-0.995916724205017
83,"1252",0.790802478790283
83,"1253",-0.999188899993896
83,"1254",-0.999188899993896
83,"1255",0.328120738267899
83,"1256",0.786867141723633
83,"1257",-0.549734950065613
83,"1258",0.18078775703907
83,"1259",-0.0745278596878052
83,"1260",0.747257649898529
83,"1261",-0.604756057262421
83,"1262",-0.997794270515442
83,"1263",-0.974228382110596
83,"1264",0.572277784347534
84,"803",0.243404865264893
84,"815",-0.810406744480133
84,"843",-0.812009453773499
84,"872",0.240319833159447
84,"915",-0.879688322544098
84,"986",0.402668207883835
84,"1009",-0.871503293514252
84,"1012",1
84,"1013",0.326679259538651
84,"1015",0.811817348003387
84,"1017",-0.882887303829193
84,"1021",-0.875127971172333
84,"1025",-0.872771561145782
84,"1028",-0.753947079181671
84,"1038",0.71318531036377
84,"1039",0.247305542230606
84,"1044",0.646405279636383
84,"1054",-0.717200696468353
84,"1056",0.774121046066284
84,"1059",-0.896902680397034
84,"1060",-0.807955265045166
84,"1061",0.46739274263382
84,"1062",-0.706048846244812
84,"1065",-0.835651934146881
84,"1073",0.823533296585083
84,"1074",0.86835241317749
84,"1075",-0.946890115737915
84,"1077",0.464325040578842
84,"1082",-1
84,"1086",0.790905952453613
84,"1087",0.82028740644455
84,"1099",0.489950627088547
84,"1100",-0.884311735630035
84,"1102",-0.673886656761169
84,"1104",-0.881722986698151
84,"1105",0.318546056747437
84,"1108",-0.775146842002869
84,"1110",0.40422984957695
84,"1114",0.752814114093781
84,"1116",0.245992124080658
84,"1117",0.946959257125854
84,"1119",-0.726577579975128
84,"1122",0.983405530452728
84,"1127",0.838503181934357
84,"1128",0.928172707557678
84,"1131",-0.788582682609558
84,"1132",-0.802380502223969
84,"1133",-0.882887303829193
84,"1140",-0.943033695220947
84,"1141",0.408811926841736
84,"1142",0.716988503932953
84,"1143",-0.793259561061859
84,"1146",-0.874722421169281
84,"1148",0.6922248005867
84,"1150",-0.884417474269867
84,"1152",-1
84,"1153",0.76911735534668
84,"1157",-0.784729063510895
84,"1159",0.932105958461761
84,"1165",-0.884431064128876
84,"1166",-0.6424680352211
84,"1170",-0.884417474269867
84,"1171",0.836561977863312
84,"1172",-0.879641175270081
84,"1173",0.99999988079071
84,"1174",-0.809344410896301
84,"1175",0.402737319469452
84,"1176",-0.763417065143585
84,"1177",0.778174459934235
84,"1178",0.435586541891098
84,"1180",0.836907029151917
84,"1181",0.806388378143311
84,"1182",0.344341933727264
84,"1183",-0.811098396778107
84,"1184",0.815244317054749
84,"1186",0.821412801742554
84,"1187",-0.883020222187042
84,"1188",0.943194687366486
84,"1189",0.843829929828644
84,"1190",-0.884417474269867
84,"1191",-0.884431183338165
84,"1192",-0.0488465987145901
84,"1193",-0.040463712066412
84,"1194",-0.884417474269867
84,"1195",0.374914437532425
84,"1196",0.238709300756454
84,"1197",-0.758786201477051
84,"1198",-0.884417474269867
84,"1199",-0.865408420562744
84,"1200",-0.487726092338562
84,"1201",-0.0300426054745913
84,"1202",-0.951436221599579
84,"1203",-0.883055865764618
84,"1204",0.734889209270477
84,"1205",0.539978384971619
84,"1206",0.778688371181488
84,"1207",0.78888463973999
84,"1208",0.268574446439743
84,"1209",0.836566507816315
84,"1210",0.949438571929932
84,"1211",0.999418318271637
84,"1212",-1
84,"1213",0.943194687366486
84,"1214",-0.951968908309937
84,"1215",-1
84,"1216",-0.884373426437378
84,"1217",-1
84,"1218",-0.882106959819794
84,"1219",-0.807709217071533
84,"1220",-0.883810698986053
84,"1221",-0.884408950805664
84,"1222",0.794889092445374
84,"1223",-1
84,"1224",0.278477519750595
84,"1225",-0.883917987346649
84,"1226",0.422533750534058
84,"1227",-0.893020570278168
84,"1228",-1
84,"1229",0.259596049785614
84,"1230",-0.050425861030817
84,"1231",-0.757625460624695
84,"1232",-0.883020222187042
84,"1233",-0.859000444412231
84,"1234",-0.842563211917877
84,"1235",-0.465751767158508
84,"1236",0.0569465756416321
84,"1237",-0.860657155513763
84,"1238",0.293623894453049
84,"1239",0.224687114357948
84,"1240",-0.0630847811698914
84,"1241",0.384940534830093
84,"1242",-0.908249199390411
84,"1243",0.210743457078934
84,"1244",-0.862744450569153
84,"1245",-0.884013295173645
84,"1246",0.772936761379242
84,"1247",-0.884417474269867
84,"1248",-1
84,"1249",-0.880068957805634
84,"1250",0.926665008068085
84,"1251",-0.883020222187042
84,"1252",0.832645535469055
84,"1253",-0.884417474269867
84,"1254",-0.884417474269867
84,"1255",0.137355864048004
84,"1256",0.827275395393372
84,"1257",-0.778545320034027
84,"1258",0.0177440457046032
84,"1259",-0.182704716920853
84,"1260",0.752892017364502
84,"1261",-0.926162421703339
84,"1262",-0.884417474269867
84,"1263",-0.884417474269867
84,"1264",0.475469946861267
85,"803",0.387263476848602
85,"815",-0.509961247444153
85,"843",-0.509500324726105
85,"872",0.371718406677246
85,"915",-0.535282909870148
85,"986",0.456055074930191
85,"1009",-0.555267333984375
85,"1012",0.992894291877747
85,"1013",0.380673110485077
85,"1015",0.792502522468567
85,"1017",-0.9738889336586
85,"1021",-0.389222145080566
85,"1025",-0.974920928478241
85,"1028",-0.404341489076614
85,"1038",0.684639275074005
85,"1039",0.323316037654877
85,"1044",0.575228869915009
85,"1054",-0.409164160490036
85,"1056",0.760630667209625
85,"1059",-0.410530149936676
85,"1060",-0.403838723897934
85,"1061",0.47234833240509
85,"1062",-0.380658090114594
85,"1065",-0.518229842185974
85,"1073",0.822887480258942
85,"1074",0.826259851455688
85,"1075",-0.442166686058044
85,"1077",0.460496217012405
85,"1082",-0.51225072145462
85,"1086",0.787730991840363
85,"1087",0.789304256439209
85,"1099",0.488463312387466
85,"1100",-0.999868810176849
85,"1102",-0.372879922389984
85,"1104",-0.946602880954742
85,"1105",0.403634756803513
85,"1108",-0.43312731385231
85,"1110",0.415832698345184
85,"1114",0.696362972259521
85,"1116",0.350761026144028
85,"1117",0.938350319862366
85,"1119",-0.389801174402237
85,"1122",0.982044160366058
85,"1127",0.809346437454224
85,"1128",0.92362117767334
85,"1131",-0.427696794271469
85,"1132",-0.385425984859467
85,"1133",-0.99110996723175
85,"1140",-0.505300283432007
85,"1141",0.453183233737946
85,"1142",0.665666997432709
85,"1143",-0.425769537687302
85,"1146",-1
85,"1148",0.694288432598114
85,"1150",-0.993814289569855
85,"1152",-0.459443360567093
85,"1153",0.791657567024231
85,"1157",-0.403864562511444
85,"1159",0.928722679615021
85,"1165",-0.993627667427063
85,"1166",-0.283920109272003
85,"1170",-0.976827085018158
85,"1171",0.817643105983734
85,"1172",-0.971897721290588
85,"1173",0.992894291877747
85,"1174",-0.503168106079102
85,"1175",0.406685203313828
85,"1176",-0.466836184263229
85,"1177",0.775167942047119
85,"1178",0.430683463811874
85,"1180",0.799477815628052
85,"1181",0.720762968063354
85,"1182",0.395799994468689
85,"1183",-0.395012438297272
85,"1184",0.76367974281311
85,"1186",0.790508389472961
85,"1187",-0.989792704582214
85,"1188",0.933651268482208
85,"1189",0.847228646278381
85,"1190",-0.993628144264221
85,"1191",-0.993014991283417
85,"1192",0.104781523346901
85,"1193",0.107422195374966
85,"1194",-0.993488729000092
85,"1195",0.441708236932755
85,"1196",0.348944872617722
85,"1197",-0.435938477516174
85,"1198",-0.993014991283417
85,"1199",-0.447800397872925
85,"1200",-0.179457470774651
85,"1201",0.108721129596233
85,"1202",-0.505511045455933
85,"1203",-0.989792704582214
85,"1204",0.673432350158691
85,"1205",0.54223245382309
85,"1206",0.697947382926941
85,"1207",0.732876241207123
85,"1208",0.375846296548843
85,"1209",0.802487432956696
85,"1210",0.942320942878723
85,"1211",1
85,"1212",-0.596732079982758
85,"1213",0.933665752410889
85,"1214",-0.519274413585663
85,"1215",-0.586506128311157
85,"1216",-0.993014991283417
85,"1217",-0.609813749790192
85,"1218",-0.99305671453476
85,"1219",-0.466104924678802
85,"1220",-0.993571698665619
85,"1221",-1
85,"1222",0.772057294845581
85,"1223",-0.603873431682587
85,"1224",0.380892634391785
85,"1225",-1
85,"1226",0.461795181035995
85,"1227",-0.36551159620285
85,"1228",-0.598637163639069
85,"1229",0.371792376041412
85,"1230",0.100165039300919
85,"1231",-0.437473982572556
85,"1232",-0.989855468273163
85,"1233",-0.498816788196564
85,"1234",-0.516069948673248
85,"1235",-0.139020442962646
85,"1236",0.182792440056801
85,"1237",-0.552761435508728
85,"1238",0.397842705249786
85,"1239",0.308030039072037
85,"1240",0.0914007797837257
85,"1241",0.449079990386963
85,"1242",-0.400840729475021
85,"1243",0.295052260160446
85,"1244",-0.719054222106934
85,"1245",-0.993395149707794
85,"1246",0.697175681591034
85,"1247",-0.993628144264221
85,"1248",-0.993285775184631
85,"1249",-0.501601994037628
85,"1250",0.930996716022491
85,"1251",-0.931816697120667
85,"1252",0.811993718147278
85,"1253",-0.99364972114563
85,"1254",-0.993816137313843
85,"1255",0.244467258453369
85,"1256",0.808005750179291
85,"1257",-0.461207211017609
85,"1258",0.155283823609352
85,"1259",0.00535175576806068
85,"1260",0.687831997871399
85,"1261",-0.563762843608856
85,"1262",-0.992963850498199
85,"1263",-0.976918935775757
85,"1264",0.47488060593605
86,"803",0.403176963329315
86,"815",-0.611379325389862
86,"843",-0.530176520347595
86,"872",0.35026279091835
86,"915",-0.579480826854706
86,"986",0.435667634010315
86,"1009",-0.59642481803894
86,"1012",1
86,"1013",0.383779436349869
86,"1015",0.74203485250473
86,"1017",-0.953682839870453
86,"1021",-0.431057929992676
86,"1025",-0.968686580657959
86,"1028",-0.433668822050095
86,"1038",0.680359244346619
86,"1039",0.361929833889008
86,"1044",0.631434202194214
86,"1054",-0.435881614685059
86,"1056",0.71798175573349
86,"1059",-0.443079501390457
86,"1060",-0.456597506999969
86,"1061",0.536612570285797
86,"1062",-0.425898671150208
86,"1065",-0.596001863479614
86,"1073",0.728976964950562
86,"1074",0.792194247245789
86,"1075",-0.471681594848633
86,"1077",0.516019403934479
86,"1082",-0.605387151241302
86,"1086",0.710397899150848
86,"1087",0.735474705696106
86,"1099",0.55054098367691
86,"1100",-0.970821261405945
86,"1102",-0.392357468605042
86,"1104",-0.953579902648926
86,"1105",0.405102908611298
86,"1108",-0.445077657699585
86,"1110",0.464937329292297
86,"1114",0.668069541454315
86,"1116",0.358592957258224
86,"1117",0.902845919132233
86,"1119",-0.421182602643967
86,"1122",0.992354989051819
86,"1127",0.739928245544434
86,"1128",0.888920783996582
86,"1131",-0.431335628032684
86,"1132",-0.403006881475449
86,"1133",-0.953859865665436
86,"1140",-0.573626637458801
86,"1141",0.454853981733322
86,"1142",0.629052698612213
86,"1143",-0.561004877090454
86,"1146",-1
86,"1148",0.664021670818329
86,"1150",-0.97140645980835
86,"1152",-0.475446432828903
86,"1153",0.717149436473846
86,"1157",-0.501168727874756
86,"1159",0.905172348022461
86,"1165",-0.971803903579712
86,"1166",-0.330934971570969
86,"1170",-0.971665978431702
86,"1171",0.753169655799866
86,"1172",-0.962964534759521
86,"1173",1
86,"1174",-0.5876704454422
86,"1175",0.45298969745636
86,"1176",-0.515438735485077
86,"1177",0.744929492473602
86,"1178",0.487794250249863
86,"1180",0.719335615634918
86,"1181",0.705798029899597
86,"1182",0.410826802253723
86,"1183",-0.517245948314667
86,"1184",0.702839016914368
86,"1186",0.720466613769531
86,"1187",-0.954036772251129
86,"1188",0.908894717693329
86,"1189",0.764590740203857
86,"1190",-0.971665978431702
86,"1191",-0.969852328300476
86,"1192",0.0920694544911385
86,"1193",0.0988389700651169
86,"1194",-0.971313238143921
86,"1195",0.512538015842438
86,"1196",0.362955808639526
86,"1197",-0.420401126146317
86,"1198",-0.97015780210495
86,"1199",-0.570749223232269
86,"1200",-0.193556487560272
86,"1201",0.105858989059925
86,"1202",-0.585412800312042
86,"1203",-0.95362251996994
86,"1204",0.648055911064148
86,"1205",0.583120703697205
86,"1206",0.650136232376099
86,"1207",0.693434119224548
86,"1208",0.385329395532608
86,"1209",0.736087262630463
86,"1210",0.921538531780243
86,"1211",0.999353468418121
86,"1212",-0.628468692302704
86,"1213",0.908895611763
86,"1214",-0.590353190898895
86,"1215",-0.637730956077576
86,"1216",-0.97456282377243
86,"1217",-0.656790435314178
86,"1218",-0.971478223800659
86,"1219",-0.493367314338684
86,"1220",-0.971382975578308
86,"1221",-1
86,"1222",0.688520669937134
86,"1223",-0.638891398906708
86,"1224",0.387868314981461
86,"1225",-0.971301376819611
86,"1226",0.516550838947296
86,"1227",-0.42496719956398
86,"1228",-0.641388952732086
86,"1229",0.37977060675621
86,"1230",0.0863107293844223
86,"1231",-0.467536836862564
86,"1232",-0.954325616359711
86,"1233",-0.583595812320709
86,"1234",-0.621081590652466
86,"1235",-0.184511303901672
86,"1236",0.200462728738785
86,"1237",-0.555151700973511
86,"1238",0.394822627305984
86,"1239",0.35667484998703
86,"1240",0.0704157948493958
86,"1241",0.436708688735962
86,"1242",-0.454722493886948
86,"1243",0.345904499292374
86,"1244",-0.697113394737244
86,"1245",-0.971392512321472
86,"1246",0.704227983951569
86,"1247",-0.971665978431702
86,"1248",-0.971910655498505
86,"1249",-0.563328564167023
86,"1250",0.909285008907318
86,"1251",-0.953580141067505
86,"1252",0.748586356639862
86,"1253",-0.971803665161133
86,"1254",-0.971665978431702
86,"1255",0.274077326059341
86,"1256",0.745395004749298
86,"1257",-0.494331866502762
86,"1258",0.159505888819695
86,"1259",-0.0465780422091484
86,"1260",0.660846769809723
86,"1261",-0.570925712585449
86,"1262",-0.969770729541779
86,"1263",-0.962649524211884
86,"1264",0.533839166164398
87,"803",0.451157420873642
87,"815",-0.566152036190033
87,"843",-0.487433910369873
87,"872",0.368510156869888
87,"915",-0.587793529033661
87,"986",0.491846024990082
87,"1009",-0.556415379047394
87,"1012",0.993112146854401
87,"1013",0.425463169813156
87,"1015",0.793635070323944
87,"1017",-0.955706059932709
87,"1021",-0.418816924095154
87,"1025",-0.9520063996315
87,"1028",-0.404895931482315
87,"1038",0.653425931930542
87,"1039",0.366369903087616
87,"1044",0.626866161823273
87,"1054",-0.408616721630096
87,"1056",0.718826472759247
87,"1059",-0.410103112459183
87,"1060",-0.420020580291748
87,"1061",0.555419147014618
87,"1062",-0.380018919706345
87,"1065",-0.546371459960938
87,"1073",0.783698260784149
87,"1074",0.867766737937927
87,"1075",-0.418251812458038
87,"1077",0.556327104568481
87,"1082",-0.637865245342255
87,"1086",0.764270484447479
87,"1087",0.739468336105347
87,"1099",0.596241533756256
87,"1100",-0.98835426568985
87,"1102",-0.37404465675354
87,"1104",-0.972595274448395
87,"1105",0.439665138721466
87,"1108",-0.424847811460495
87,"1110",0.495298743247986
87,"1114",0.753753006458282
87,"1116",0.388487190008163
87,"1117",0.941201686859131
87,"1119",-0.406680047512054
87,"1122",0.982168257236481
87,"1127",0.794064462184906
87,"1128",0.932589888572693
87,"1131",-0.416256725788116
87,"1132",-0.396467268466949
87,"1133",-0.982487857341766
87,"1140",-0.523421347141266
87,"1141",0.506742775440216
87,"1142",0.644615948200226
87,"1143",-0.503318250179291
87,"1146",-0.951173067092896
87,"1148",0.712341785430908
87,"1150",-0.982283055782318
87,"1152",-0.443743050098419
87,"1153",0.786703109741211
87,"1157",-0.436518222093582
87,"1159",0.937471926212311
87,"1165",-0.982280075550079
87,"1166",-0.294405519962311
87,"1170",-0.955303907394409
87,"1171",0.79308557510376
87,"1172",-0.944283127784729
87,"1173",0.993112146854401
87,"1174",-0.540504515171051
87,"1175",0.486786901950836
87,"1176",-0.53337037563324
87,"1177",0.794595241546631
87,"1178",0.507870078086853
87,"1180",0.770689904689789
87,"1181",0.695122003555298
87,"1182",0.449122130870819
87,"1183",-0.494273543357849
87,"1184",0.779221892356873
87,"1186",0.786853432655334
87,"1187",-0.982283055782318
87,"1188",0.939702570438385
87,"1189",0.815825343132019
87,"1190",-0.982283055782318
87,"1191",-0.989697873592377
87,"1192",0.116174459457397
87,"1193",0.121939234435558
87,"1194",-0.982283055782318
87,"1195",0.502065002918243
87,"1196",0.388686239719391
87,"1197",-0.405696868896484
87,"1198",-0.982283055782318
87,"1199",-0.528642594814301
87,"1200",-0.157584980130196
87,"1201",0.128417655825615
87,"1202",-0.511930346488953
87,"1203",-0.982283055782318
87,"1204",0.667989790439606
87,"1205",0.618985593318939
87,"1206",0.677845776081085
87,"1207",0.788349211215973
87,"1208",0.411448329687119
87,"1209",0.784757435321808
87,"1210",0.94777125120163
87,"1211",1
87,"1212",-0.598675191402435
87,"1213",0.939702570438385
87,"1214",-0.53575074672699
87,"1215",-0.596467614173889
87,"1216",-0.983280181884766
87,"1217",-0.610575914382935
87,"1218",-0.981507360935211
87,"1219",-0.444685041904449
87,"1220",-0.981761157512665
87,"1221",-1
87,"1222",0.838117957115173
87,"1223",-0.621585369110107
87,"1224",0.418691217899323
87,"1225",-0.988487303256989
87,"1226",0.530296325683594
87,"1227",-0.408988654613495
87,"1228",-0.604106843471527
87,"1229",0.406258374452591
87,"1230",0.111881770193577
87,"1231",-0.45931476354599
87,"1232",-0.982283890247345
87,"1233",-0.519823849201202
87,"1234",-0.569729506969452
87,"1235",-0.136047214269638
87,"1236",0.215688392519951
87,"1237",-0.538058578968048
87,"1238",0.445161163806915
87,"1239",0.365224480628967
87,"1240",0.0915540531277657
87,"1241",0.478915125131607
87,"1242",-0.411405861377716
87,"1243",0.353619664907455
87,"1244",-0.709408223628998
87,"1245",-0.983020603656769
87,"1246",0.664971768856049
87,"1247",-0.982283055782318
87,"1248",-0.981523215770721
87,"1249",-0.529006242752075
87,"1250",0.941857099533081
87,"1251",-0.96210640668869
87,"1252",0.79420405626297
87,"1253",-0.982283055782318
87,"1254",-0.982280075550079
87,"1255",0.287007093429565
87,"1256",0.792101919651031
87,"1257",-0.463829755783081
87,"1258",0.185296341776848
87,"1259",-0.0159408338367939
87,"1260",0.665083646774292
87,"1261",-0.546324968338013
87,"1262",-0.982283055782318
87,"1263",-0.955546975135803
87,"1264",0.560611486434937
88,"803",0.256034970283508
88,"815",-0.933579683303833
88,"843",-0.864755511283875
88,"872",0.168335825204849
88,"915",-0.965512096881866
88,"986",0.26364141702652
88,"1009",-0.924559712409973
88,"1012",0.999965131282806
88,"1013",0.180777713656425
88,"1015",0.737005412578583
88,"1017",-0.991525590419769
88,"1021",-0.805250525474548
88,"1025",-0.985889077186584
88,"1028",-0.794384479522705
88,"1038",0.603163361549377
88,"1039",0.148681849241257
88,"1044",0.510936379432678
88,"1054",-0.792404294013977
88,"1056",0.607820391654968
88,"1059",-0.843626797199249
88,"1060",-0.826476752758026
88,"1061",0.315122783184052
88,"1062",-0.761624932289124
88,"1065",-0.957253515720367
88,"1073",0.746945023536682
88,"1074",0.790395259857178
88,"1075",-0.8652064204216
88,"1077",0.260132610797882
88,"1082",-1
88,"1086",0.707786619663239
88,"1087",0.716163635253906
88,"1099",0.30830055475235
88,"1100",-0.998775601387024
88,"1102",-0.770799160003662
88,"1104",-0.987365365028381
88,"1105",0.217245638370514
88,"1108",-0.808704078197479
88,"1110",0.215979561209679
88,"1114",0.645295321941376
88,"1116",0.158596009016037
88,"1117",0.909794807434082
88,"1119",-0.774854242801666
88,"1122",0.987889468669891
88,"1127",0.721590101718903
88,"1128",0.930035889148712
88,"1131",-0.795328259468079
88,"1132",-0.786804616451263
88,"1133",-0.991528272628784
88,"1140",-0.977683484554291
88,"1141",0.284501314163208
88,"1142",0.540771842002869
88,"1143",-0.867703258991241
88,"1146",-0.98302149772644
88,"1148",0.612529814243317
88,"1150",-1
88,"1152",-0.934561252593994
88,"1153",0.742524206638336
88,"1157",-0.829262018203735
88,"1159",0.912091493606567
88,"1165",-0.999990701675415
88,"1166",-0.682995021343231
88,"1170",-1
88,"1171",0.736101388931274
88,"1172",-0.990516722202301
88,"1173",0.999965131282806
88,"1174",-0.904834091663361
88,"1175",0.196372345089912
88,"1176",-0.839819967746735
88,"1177",0.687254667282104
88,"1178",0.236921548843384
88,"1180",0.691577792167664
88,"1181",0.605604410171509
88,"1182",0.221740946173668
88,"1183",-0.856743633747101
88,"1184",0.660912930965424
88,"1186",0.70910632610321
88,"1187",-0.991718530654907
88,"1188",0.913988888263702
88,"1189",0.788202345371246
88,"1190",-1
88,"1191",-0.998936712741852
88,"1192",-0.205286830663681
88,"1193",-0.189557790756226
88,"1194",-1
88,"1195",0.25443971157074
88,"1196",0.202507585287094
88,"1197",-0.776989936828613
88,"1198",-0.998938262462616
88,"1199",-0.917162299156189
88,"1200",-0.577012896537781
88,"1201",-0.182505548000336
88,"1202",-0.966423213481903
88,"1203",-0.991718530654907
88,"1204",0.579371452331543
88,"1205",0.415677189826965
88,"1206",0.571590006351471
88,"1207",0.664120674133301
88,"1208",0.197745382785797
88,"1209",0.743842959403992
88,"1210",0.92252254486084
88,"1211",1
88,"1212",-1
88,"1213",0.913988888263702
88,"1214",-0.982175588607788
88,"1215",-1
88,"1216",-0.998938262462616
88,"1217",-1
88,"1218",-1
88,"1219",-0.820496618747711
88,"1220",-1
88,"1221",-0.999969303607941
88,"1222",0.745165109634399
88,"1223",-1
88,"1224",0.199401080608368
88,"1225",-0.999236047267914
88,"1226",0.303715407848358
88,"1227",-0.807969689369202
88,"1228",-1
88,"1229",0.188947081565857
88,"1230",-0.203825533390045
88,"1231",-0.810707449913025
88,"1232",-0.991563379764557
88,"1233",-0.928875088691711
88,"1234",-0.94493955373764
88,"1235",-0.535640895366669
88,"1236",-0.084079198539257
88,"1237",-0.884397268295288
88,"1238",0.210881024599075
88,"1239",0.107794888317585
88,"1240",-0.237157925963402
88,"1241",0.287026286125183
88,"1242",-0.845591008663177
88,"1243",0.0953117609024048
88,"1244",-0.945235729217529
88,"1245",-0.999223172664642
88,"1246",0.599425971508026
88,"1247",-1
88,"1248",-1
88,"1249",-0.91563093662262
88,"1250",0.915094017982483
88,"1251",-0.985765099525452
88,"1252",0.734995067119598
88,"1253",-1
88,"1254",-1
88,"1255",-0.00201768800616264
88,"1256",0.733478009700775
88,"1257",-0.838413894176483
88,"1258",-0.131294459104538
88,"1259",-0.369635045528412
88,"1260",0.590681970119476
88,"1261",-0.908958733081818
88,"1262",-0.998938262462616
88,"1263",-0.995504319667816
88,"1264",0.311916917562485
89,"803",0.245181992650032
89,"815",-0.506591498851776
89,"843",-0.500960171222687
89,"872",0.259369641542435
89,"915",-0.56909853219986
89,"986",0.335817784070969
89,"1009",-0.503390729427338
89,"1012",1
89,"1013",0.279079228639603
89,"1015",0.94433718919754
89,"1017",-0.817743241786957
89,"1021",-0.331191539764404
89,"1025",-0.830462276935577
89,"1028",-0.343324810266495
89,"1038",0.668317496776581
89,"1039",0.0857687294483185
89,"1044",0.512103736400604
89,"1054",-0.370208740234375
89,"1056",0.730209648609161
89,"1059",-0.399733155965805
89,"1060",-0.361706405878067
89,"1061",0.301067590713501
89,"1062",-0.331662803888321
89,"1065",-0.412161350250244
89,"1073",1
89,"1074",0.999288022518158
89,"1075",-0.373213201761246
89,"1077",0.206955939531326
89,"1082",-0.792064845561981
89,"1086",0.888683140277863
89,"1087",0.886789917945862
89,"1099",0.237349569797516
89,"1100",-0.852482259273529
89,"1102",-0.434572458267212
89,"1104",-0.992853045463562
89,"1105",0.258824288845062
89,"1108",-0.398875296115875
89,"1110",0.202007278800011
89,"1114",0.784742176532745
89,"1116",0.147095292806625
89,"1117",1
89,"1119",-0.39081022143364
89,"1122",1
89,"1127",0.879477143287659
89,"1128",1
89,"1131",-0.377919942140579
89,"1132",-0.315094769001007
89,"1133",-0.817578792572021
89,"1140",-0.425742655992508
89,"1141",0.333691537380219
89,"1142",0.613261938095093
89,"1143",-0.37773460149765
89,"1146",-0.727942049503326
89,"1148",NA
89,"1150",-0.852484464645386
89,"1152",-1
89,"1153",0.954284131526947
89,"1157",-0.268196105957031
89,"1159",1
89,"1165",-0.853744804859161
89,"1166",-0.274691969156265
89,"1170",-0.852749526500702
89,"1171",0.900256335735321
89,"1172",-0.840347349643707
89,"1173",1
89,"1174",-0.427368700504303
89,"1175",0.223662599921227
89,"1176",-0.37787064909935
89,"1177",0.840130746364594
89,"1178",0.200977772474289
89,"1180",0.832964718341827
89,"1181",0.66120833158493
89,"1182",0.264717519283295
89,"1183",-0.386677592992783
89,"1184",0.793615102767944
89,"1186",0.873948752880096
89,"1187",-0.820481479167938
89,"1188",1
89,"1189",0.972658753395081
89,"1190",-0.853013157844543
89,"1191",-0.856362402439117
89,"1192",0.0600438863039017
89,"1193",0.0160827282816172
89,"1194",-0.852477014064789
89,"1195",0.144535005092621
89,"1196",0.235457420349121
89,"1197",-0.442863076925278
89,"1198",-0.853744804859161
89,"1199",-0.423749148845673
89,"1200",-0.216705024242401
89,"1201",0.0105378711596131
89,"1202",-0.425560653209686
89,"1203",-0.820552110671997
89,"1204",0.654963076114655
89,"1205",0.418326407670975
89,"1206",0.689006447792053
89,"1207",0.79815262556076
89,"1208",0.238057076931
89,"1209",0.917127788066864
89,"1210",1
89,"1211",1
89,"1212",-1
89,"1213",1
89,"1214",-0.466111272573471
89,"1215",-0.645893752574921
89,"1216",-0.854015111923218
89,"1217",-0.645891189575195
89,"1218",-0.852315425872803
89,"1219",-0.389230966567993
89,"1220",-0.853369891643524
89,"1221",-0.852984070777893
89,"1222",0.866803228855133
89,"1223",-0.634726464748383
89,"1224",0.257022380828857
89,"1225",-0.853639662265778
89,"1226",0.260466456413269
89,"1227",-0.345968544483185
89,"1228",-0.79976898431778
89,"1229",0.276552438735962
89,"1230",0.0181425735354424
89,"1231",-0.383194804191589
89,"1232",-0.820570170879364
89,"1233",-0.423251658678055
89,"1234",-0.477736413478851
89,"1235",-0.071061871945858
89,"1236",-8.37592451716773e-05
89,"1237",-0.447841882705688
89,"1238",0.254078686237335
89,"1239",0.0353817120194435
89,"1240",0.00178440334275365
89,"1241",0.404030472040176
89,"1242",-0.375349104404449
89,"1243",0.0345123745501041
89,"1244",-1
89,"1245",-0.853748977184296
89,"1246",0.701353132724762
89,"1247",-0.852632284164429
89,"1248",-0.850300192832947
89,"1249",-0.437689214944839
89,"1250",1
89,"1251",-0.776425182819366
89,"1252",0.904971599578857
89,"1253",-0.854015111923218
89,"1254",-0.854015111923218
89,"1255",-0.00224725180305541
89,"1256",0.904972970485687
89,"1257",-0.416936606168747
89,"1258",-0.00163694727234542
89,"1259",-0.00286169978789985
89,"1260",0.662088394165039
89,"1261",-0.44830310344696
89,"1262",-0.853980123996735
89,"1263",-0.826338112354279
89,"1264",0.288265913724899
90,"803",-0.021863617002964
90,"815",-0.770477712154388
90,"843",-0.830388247966766
90,"872",0.110331684350967
90,"915",-0.880741000175476
90,"986",0.262598603963852
90,"1009",-0.806439757347107
90,"1012",0.971214950084686
90,"1013",0.221509695053101
90,"1015",0.829157710075378
90,"1017",-0.984369158744812
90,"1021",-0.791574835777283
90,"1025",-0.985560953617096
90,"1028",-0.69681042432785
90,"1038",0.434466063976288
90,"1039",-0.0637043714523315
90,"1044",0.395781993865967
90,"1054",-0.746530830860138
90,"1056",0.579705893993378
90,"1059",-0.715422511100769
90,"1060",-0.756773710250854
90,"1061",0.263137996196747
90,"1062",-0.600807428359985
90,"1065",-0.813416361808777
90,"1073",0.911380290985107
90,"1074",0.647973954677582
90,"1075",-0.779030382633209
90,"1077",0.302042841911316
90,"1082",-0.975502133369446
90,"1086",0.735478639602661
90,"1087",0.80473268032074
90,"1099",0.329953908920288
90,"1100",-0.999203741550446
90,"1102",-0.68248176574707
90,"1104",-0.996722996234894
90,"1105",0.148923650383949
90,"1108",-0.720245182514191
90,"1110",0.248909875750542
90,"1114",0.739713788032532
90,"1116",0.135086625814438
90,"1117",0.968825995922089
90,"1119",-0.794001281261444
90,"1122",0.971194446086884
90,"1127",0.795343816280365
90,"1128",0.891075134277344
90,"1131",-0.726178526878357
90,"1132",-0.722551763057709
90,"1133",-0.99846875667572
90,"1140",-0.80768609046936
90,"1141",0.25238960981369
90,"1142",0.478796660900116
90,"1143",-0.781995892524719
90,"1146",-0.958229601383209
90,"1148",NA
90,"1150",-0.999910891056061
90,"1152",-0.914201140403748
90,"1153",0.839005649089813
90,"1157",-0.754565119743347
90,"1159",0.944424986839294
90,"1165",-1
90,"1166",-0.667415082454681
90,"1170",-0.985736727714539
90,"1171",0.806378781795502
90,"1172",-0.94976407289505
90,"1173",0.971214950084686
90,"1174",-0.792914867401123
90,"1175",0.215262949466705
90,"1176",-0.780900478363037
90,"1177",0.79967200756073
90,"1178",0.25576388835907
90,"1180",0.731292426586151
90,"1181",0.535711526870728
90,"1182",0.238542214035988
90,"1183",-0.768786728382111
90,"1184",0.715548574924469
90,"1186",0.784170925617218
90,"1187",-0.9985591173172
90,"1188",0.971214950084686
90,"1189",0.853327751159668
90,"1190",-0.999910891056061
90,"1191",-0.999548494815826
90,"1192",-0.0720155611634254
90,"1193",-0.0992420837283134
90,"1194",-0.999910891056061
90,"1195",0.180958479642868
90,"1196",0.00901603791862726
90,"1197",-0.701404273509979
90,"1198",-0.998869240283966
90,"1199",-0.798276126384735
90,"1200",-0.432693302631378
90,"1201",-0.0768346190452576
90,"1202",-0.828430414199829
90,"1203",-0.9985591173172
90,"1204",0.484453767538071
90,"1205",0.37800595164299
90,"1206",0.516515612602234
90,"1207",0.703006327152252
90,"1208",0.127896070480347
90,"1209",0.782467424869537
90,"1210",0.971193671226501
90,"1211",1
90,"1212",-0.938165307044983
90,"1213",0.971214950084686
90,"1214",-0.839394927024841
90,"1215",-0.943750619888306
90,"1216",-0.998869240283966
90,"1217",-1
90,"1218",-0.994866907596588
90,"1219",-0.789325356483459
90,"1220",-0.997807264328003
90,"1221",-0.999910891056061
90,"1222",0.765776574611664
90,"1223",-0.972145795822144
90,"1224",0.130715265870094
90,"1225",-0.999485909938812
90,"1226",0.246910691261292
90,"1227",-0.735293030738831
90,"1228",-0.943750619888306
90,"1229",0.134954079985619
90,"1230",-0.0855547487735748
90,"1231",-0.750899732112885
90,"1232",-0.998540937900543
90,"1233",-0.818831384181976
90,"1234",-0.860076606273651
90,"1235",-0.336015850305557
90,"1236",-0.0903825908899307
90,"1237",-0.781244516372681
90,"1238",0.195518925786018
90,"1239",-0.0491615869104862
90,"1240",-0.0800245851278305
90,"1241",0.23312908411026
90,"1242",-0.764715969562531
90,"1243",-0.0708815827965736
90,"1244",-0.993004739284515
90,"1245",-0.999347805976868
90,"1246",0.50903058052063
90,"1247",-0.999910891056061
90,"1248",-1
90,"1249",-0.816125929355621
90,"1250",0.940792083740234
90,"1251",-0.995264232158661
90,"1252",0.800670683383942
90,"1253",-0.999910891056061
90,"1254",-0.999910891056061
90,"1255",-0.112598769366741
90,"1256",0.800628960132599
90,"1257",-0.769481599330902
90,"1258",-0.112769767642021
90,"1259",-0.0980428978800774
90,"1260",0.519113063812256
90,"1261",-0.807185232639313
90,"1262",-0.998869240283966
90,"1263",-0.985736727714539
90,"1264",0.290948778390884
91,"803",0.112622126936913
91,"815",-0.480990827083588
91,"843",-0.41541975736618
91,"872",0.321441829204559
91,"915",-0.372617185115814
91,"986",0.467109829187393
91,"1009",-0.476695865392685
91,"1012",0.948600828647614
91,"1013",0.412875711917877
91,"1015",0.939783692359924
91,"1017",-0.970125913619995
91,"1021",-0.291976392269135
91,"1025",-0.972259640693665
91,"1028",-0.309861689805984
91,"1038",0.677477538585663
91,"1039",0.152474701404572
91,"1044",0.570351004600525
91,"1054",-0.404385596513748
91,"1056",0.723599791526794
91,"1059",-0.315213859081268
91,"1060",-0.36458221077919
91,"1061",0.461259782314301
91,"1062",-0.292100965976715
91,"1065",-0.482038974761963
91,"1073",0.947031736373901
91,"1074",0.927264332771301
91,"1075",-0.41232967376709
91,"1077",0.488089054822922
91,"1082",-0.374727040529251
91,"1086",0.826416492462158
91,"1087",0.96534937620163
91,"1099",0.505484938621521
91,"1100",-0.993009567260742
91,"1102",-0.410682111978531
91,"1104",-0.994061410427094
91,"1105",0.312449753284454
91,"1108",-0.382900565862656
91,"1110",0.45977121591568
91,"1114",0.755452871322632
91,"1116",0.26319295167923
91,"1117",0.918967843055725
91,"1119",-0.391544371843338
91,"1122",0.948599576950073
91,"1127",0.922897219657898
91,"1128",0.867460310459137
91,"1131",-0.326761186122894
91,"1132",-0.329562157392502
91,"1133",-0.977717280387878
91,"1140",-0.514771401882172
91,"1141",0.490466088056564
91,"1142",0.653491973876953
91,"1143",-0.365784049034119
91,"1146",-0.970247805118561
91,"1148",NA
91,"1150",-0.982058525085449
91,"1152",-0.470665216445923
91,"1153",0.94901430606842
91,"1157",-0.32235985994339
91,"1159",0.930355489253998
91,"1165",-0.982058525085449
91,"1166",-0.26193431019783
91,"1170",-0.975134551525116
91,"1171",0.93831467628479
91,"1172",-0.966048359870911
91,"1173",0.948600828647614
91,"1174",-0.470154315233231
91,"1175",0.459061682224274
91,"1176",-0.409045904874802
91,"1177",0.847328543663025
91,"1178",0.463499009609222
91,"1180",0.793352603912354
91,"1181",0.716828763484955
91,"1182",0.435077100992203
91,"1183",-0.354868769645691
91,"1184",0.767642199993134
91,"1186",0.906159102916718
91,"1187",-0.977404832839966
91,"1188",0.948600828647614
91,"1189",0.949136257171631
91,"1190",-0.982089817523956
91,"1191",-0.993859052658081
91,"1192",0.190185979008675
91,"1193",0.121407464146614
91,"1194",-0.982089817523956
91,"1195",0.416104704141617
91,"1196",0.208446815609932
91,"1197",-0.346067190170288
91,"1198",-0.981691956520081
91,"1199",-0.41464427113533
91,"1200",-0.161494508385658
91,"1201",0.12906152009964
91,"1202",-0.498344123363495
91,"1203",-0.976992964744568
91,"1204",0.676442563533783
91,"1205",0.569454789161682
91,"1206",0.709206700325012
91,"1207",0.751663208007812
91,"1208",0.317424654960632
91,"1209",0.881385087966919
91,"1210",0.948478698730469
91,"1211",0.958712697029114
91,"1212",-0.420293837785721
91,"1213",0.948600828647614
91,"1214",-0.522847592830658
91,"1215",-0.413900822401047
91,"1216",-0.981556296348572
91,"1217",-0.415347248315811
91,"1218",-0.982089817523956
91,"1219",-0.368825316429138
91,"1220",-0.981769263744354
91,"1221",-0.982058525085449
91,"1222",1
91,"1223",-0.408119589090347
91,"1224",0.320776343345642
91,"1225",-1
91,"1226",0.442700564861298
91,"1227",-0.292984336614609
91,"1228",-0.422985732555389
91,"1229",0.324293822050095
91,"1230",0.128327772021294
91,"1231",-0.376962035894394
91,"1232",-0.976638376712799
91,"1233",-0.490278393030167
91,"1234",-0.498015999794006
91,"1235",-0.0455067418515682
91,"1236",0.129318028688431
91,"1237",-0.4557024538517
91,"1238",0.340291142463684
91,"1239",0.15522825717926
91,"1240",0.119416356086731
91,"1241",0.373600512742996
91,"1242",-0.36386451125145
91,"1243",0.137550607323647
91,"1244",-0.986251354217529
91,"1245",-0.983146011829376
91,"1246",0.652371764183044
91,"1247",-0.982058525085449
91,"1248",-0.981680989265442
91,"1249",-0.493265062570572
91,"1250",0.901084423065186
91,"1251",-0.910506844520569
91,"1252",0.953970670700073
91,"1253",-0.982089817523956
91,"1254",-0.982089817523956
91,"1255",0.121396295726299
91,"1256",0.953767418861389
91,"1257",-0.424062579870224
91,"1258",0.0896774977445602
91,"1259",0.117044232785702
91,"1260",0.722783803939819
91,"1261",-0.459644347429276
91,"1262",-0.981591820716858
91,"1263",-0.975134551525116
91,"1264",0.484844416379929
92,"803",0.262330919504166
92,"815",-0.73243510723114
92,"843",-0.692423820495605
92,"872",0.220721229910851
92,"915",-0.819430232048035
92,"986",0.35989835858345
92,"1009",-0.733178377151489
92,"1012",0.989786207675934
92,"1013",0.283860683441162
92,"1015",0.759027421474457
92,"1017",-0.748135507106781
92,"1021",-0.865374743938446
92,"1025",-0.745977818965912
92,"1028",-0.704406380653381
92,"1038",0.582743287086487
92,"1039",0.217742294073105
92,"1044",0.532857060432434
92,"1054",-0.671600818634033
92,"1056",0.663833975791931
92,"1059",-0.855235159397125
92,"1060",-0.785304725170135
92,"1061",0.40920877456665
92,"1062",-0.639353334903717
92,"1065",-0.805890083312988
92,"1073",0.75457775592804
92,"1074",0.767901599407196
92,"1075",-0.892404675483704
92,"1077",0.424966424703598
92,"1082",-0.992811918258667
92,"1086",0.697332859039307
92,"1087",0.730052888393402
92,"1099",0.443287461996078
92,"1100",-0.75314998626709
92,"1102",-0.582963168621063
92,"1104",-0.747862815856934
92,"1105",0.286605000495911
92,"1108",-0.648840129375458
92,"1110",0.361904948949814
92,"1114",0.690247535705566
92,"1116",0.242679670453072
92,"1117",0.902860999107361
92,"1119",-0.688987195491791
92,"1122",0.98205578327179
92,"1127",0.76193243265152
92,"1128",0.894923567771912
92,"1131",-0.709817707538605
92,"1132",-0.800001263618469
92,"1133",-0.752303302288055
92,"1140",-0.967211604118347
92,"1141",0.359468370676041
92,"1142",0.586817741394043
92,"1143",-0.717619240283966
92,"1146",-0.724308907985687
92,"1148",0.640296161174774
92,"1150",-0.75422990322113
92,"1152",-0.880257546901703
92,"1153",0.747030556201935
92,"1157",-0.709919512271881
92,"1159",0.909728705883026
92,"1165",-0.754069209098816
92,"1166",-0.548849940299988
92,"1170",-0.75008898973465
92,"1171",0.758586764335632
92,"1172",-0.724854409694672
92,"1173",0.989786207675934
92,"1174",-0.73291552066803
92,"1175",0.347699046134949
92,"1176",-0.71513307094574
92,"1177",0.744741559028625
92,"1178",0.384265601634979
92,"1180",0.738069593906403
92,"1181",0.670845985412598
92,"1182",0.315888345241547
92,"1183",-0.728194177150726
92,"1184",0.748789608478546
92,"1186",0.742144882678986
92,"1187",-0.752303302288055
92,"1188",0.917859256267548
92,"1189",0.764706909656525
92,"1190",-0.75422990322113
92,"1191",-0.753301799297333
92,"1192",-0.00687784003093839
92,"1193",-0.00457171769812703
92,"1194",-0.75422990322113
92,"1195",0.365764170885086
92,"1196",0.226705208420753
92,"1197",-0.634196996688843
92,"1198",-0.753212630748749
92,"1199",-0.853456258773804
92,"1200",-0.414938300848007
92,"1201",0.00309082493185997
92,"1202",-0.975117802619934
92,"1203",-0.752303302288055
92,"1204",0.619779884815216
92,"1205",0.490316182374954
92,"1206",0.634205162525177
92,"1207",0.733232438564301
92,"1208",0.260867714881897
92,"1209",0.747821509838104
92,"1210",0.925644218921661
92,"1211",1
92,"1212",-0.99291318655014
92,"1213",0.917912423610687
92,"1214",-0.979776263237
92,"1215",-0.991616010665894
92,"1216",-0.753212988376617
92,"1217",-1
92,"1218",-0.746243536472321
92,"1219",-0.690725088119507
92,"1220",-0.751985371112823
92,"1221",-0.753988325595856
92,"1222",0.736663162708282
92,"1223",-1
92,"1224",0.264956206083298
92,"1225",-0.75351756811142
92,"1226",0.391511589288712
92,"1227",-0.846765339374542
92,"1228",-0.991616010665894
92,"1229",0.252795189619064
92,"1230",-0.0104544078931212
92,"1231",-0.690066754817963
92,"1232",-0.752340853214264
92,"1233",-0.893063545227051
92,"1234",-1
92,"1235",-0.355764895677567
92,"1236",0.0812716260552406
92,"1237",-0.729391634464264
92,"1238",0.287620693445206
92,"1239",0.215616106987
92,"1240",-0.0470542497932911
92,"1241",0.342176407575607
92,"1242",-0.890147984027863
92,"1243",0.20398610830307
92,"1244",-0.74016135931015
92,"1245",-0.753433108329773
92,"1246",0.65170282125473
92,"1247",-0.75422990322113
92,"1248",-1
92,"1249",-0.920553147792816
92,"1250",0.913152992725372
92,"1251",-0.752288401126862
92,"1252",0.75334370136261
92,"1253",-0.75422990322113
92,"1254",-0.75422990322113
92,"1255",0.126651600003242
92,"1256",0.751206755638123
92,"1257",-0.692966163158417
92,"1258",0.0428836718201637
92,"1259",-0.143305733799934
92,"1260",0.640566766262054
92,"1261",-0.78565776348114
92,"1262",-0.753212630748749
92,"1263",-0.750029802322388
92,"1264",0.41331359744072
93,"803",0.311884492635727
93,"815",-0.695181012153625
93,"843",-0.619855999946594
93,"872",0.24803526699543
93,"915",-0.759048342704773
93,"986",0.350372016429901
93,"1009",-0.683772027492523
93,"1012",1
93,"1013",0.284337133169174
93,"1015",0.80092442035675
93,"1017",-0.694741487503052
93,"1021",-0.743589580059052
93,"1025",-0.67123681306839
93,"1028",-0.647158801555634
93,"1038",0.637647449970245
93,"1039",0.182605504989624
93,"1044",0.596383631229401
93,"1054",-0.600627779960632
93,"1056",0.683811247348785
93,"1059",-0.750302851200104
93,"1060",-0.688472926616669
93,"1061",0.424388319253922
93,"1062",-0.611731827259064
93,"1065",-0.746704280376434
93,"1073",0.777730405330658
93,"1074",0.804226279258728
93,"1075",-0.75746738910675
93,"1077",0.442516297101974
93,"1082",-1
93,"1086",0.737684547901154
93,"1087",0.78082537651062
93,"1099",0.452310532331467
93,"1100",-0.695640027523041
93,"1102",-0.562794625759125
93,"1104",-0.695344626903534
93,"1105",0.344544559717178
93,"1108",-0.624364674091339
93,"1110",0.36535856127739
93,"1114",0.703970968723297
93,"1116",0.248562887310982
93,"1117",0.930414974689484
93,"1119",-0.599986970424652
93,"1122",0.989318370819092
93,"1127",0.792112648487091
93,"1128",0.945890665054321
93,"1131",-0.649565279483795
93,"1132",-0.687076508998871
93,"1133",-0.694741487503052
93,"1140",-0.904777407646179
93,"1141",0.36619645357132
93,"1142",0.602224349975586
93,"1143",-0.673612713813782
93,"1146",-0.681317150592804
93,"1148",0.672631323337555
93,"1150",-0.695776104927063
93,"1152",-0.818474113941193
93,"1153",0.779335021972656
93,"1157",-0.647529780864716
93,"1159",0.933247208595276
93,"1165",-0.695776104927063
93,"1166",-0.528509318828583
93,"1170",-0.695776104927063
93,"1171",0.800053298473358
93,"1172",-0.691998660564423
93,"1173",1
93,"1174",-0.673303544521332
93,"1175",0.357877731323242
93,"1176",-0.650763154029846
93,"1177",0.789252758026123
93,"1178",0.407390624284744
93,"1180",0.762396514415741
93,"1181",0.679380357265472
93,"1182",0.30278068780899
93,"1183",-0.690466940402985
93,"1184",0.744109153747559
93,"1186",0.775289833545685
93,"1187",-0.694741487503052
93,"1188",0.937690258026123
93,"1189",0.804271936416626
93,"1190",-0.695776104927063
93,"1191",-0.695708036422729
93,"1192",-0.118067555129528
93,"1193",-0.0912735015153885
93,"1194",-0.695776104927063
93,"1195",0.33754226565361
93,"1196",0.280068397521973
93,"1197",-0.649183452129364
93,"1198",-0.695776104927063
93,"1199",-0.854683041572571
93,"1200",-0.443393170833588
93,"1201",-0.071529932320118
93,"1202",-0.90416407585144
93,"1203",-0.694741487503052
93,"1204",0.64512687921524
93,"1205",0.474639892578125
93,"1206",0.648508310317993
93,"1207",0.737138330936432
93,"1208",0.262065678834915
93,"1209",0.786137104034424
93,"1210",0.944607257843018
93,"1211",0.999688327312469
93,"1212",-0.978281259536743
93,"1213",0.937690258026123
93,"1214",-0.904032766819
93,"1215",-1
93,"1216",-0.695751309394836
93,"1217",-0.998420536518097
93,"1218",-0.695776104927063
93,"1219",-0.623602569103241
93,"1220",-0.695776104927063
93,"1221",-0.695748805999756
93,"1222",0.765289664268494
93,"1223",-1
93,"1224",0.279975742101669
93,"1225",-0.694179177284241
93,"1226",0.383606046438217
93,"1227",-0.751106679439545
93,"1228",-1
93,"1229",0.250058948993683
93,"1230",-0.102681376039982
93,"1231",-0.641283810138702
93,"1232",-0.694739878177643
93,"1233",-0.848626852035522
93,"1234",-0.895722448825836
93,"1235",-0.448969483375549
93,"1236",-0.00458185747265816
93,"1237",-0.677568078041077
93,"1238",0.292438417673111
93,"1239",0.180901408195496
93,"1240",-0.143862798810005
93,"1241",0.415512412786484
93,"1242",-0.757609665393829
93,"1243",0.171855479478836
93,"1244",-0.681585788726807
93,"1245",-0.694192469120026
93,"1246",0.675906419754028
93,"1247",-0.695776104927063
93,"1248",-1
93,"1249",-0.872878551483154
93,"1250",0.939939439296722
93,"1251",-0.694696664810181
93,"1252",0.795351207256317
93,"1253",-0.695776104927063
93,"1254",-0.695776104927063
93,"1255",0.070131741464138
93,"1256",0.79291570186615
93,"1257",-0.647781729698181
93,"1258",-0.031904973089695
93,"1259",-0.255159258842468
93,"1260",0.653295457363129
93,"1261",-0.729851007461548
93,"1262",-0.695776104927063
93,"1263",-0.695776104927063
93,"1264",0.420329689979553
94,"803",0.336760997772217
94,"815",-0.739132165908813
94,"843",-0.42286941409111
94,"872",0.312570869922638
94,"915",-0.390544146299362
94,"986",0.390554308891296
94,"1009",-0.522335171699524
94,"1012",0.985855996608734
94,"1013",0.365874946117401
94,"1015",0.874020338058472
94,"1017",-0.877417385578156
94,"1021",-0.255918174982071
94,"1025",-0.878495275974274
94,"1028",-0.268732607364655
94,"1038",0.555928945541382
94,"1039",0.121259927749634
94,"1044",0.473664790391922
94,"1054",-0.302617192268372
94,"1056",0.670931041240692
94,"1059",-0.274245023727417
94,"1060",-0.270420104265213
94,"1061",0.370852380990982
94,"1062",-0.247213080525398
94,"1065",-0.855751693248749
94,"1073",0.863317251205444
94,"1074",0.7311030626297
94,"1075",-0.345855474472046
94,"1077",0.346551656723022
94,"1082",-0.341905236244202
94,"1086",0.787450850009918
94,"1087",0.874452710151672
94,"1099",0.371873468160629
94,"1100",-0.950377404689789
94,"1102",-0.285749912261963
94,"1104",-0.851743400096893
94,"1105",0.373867750167847
94,"1108",-0.293986469507217
94,"1110",0.313196420669556
94,"1114",0.716952562332153
94,"1116",0.279269456863403
94,"1117",0.980647504329681
94,"1119",-0.293705940246582
94,"1122",0.985855996608734
94,"1127",0.84900951385498
94,"1128",0.985855996608734
94,"1131",-0.270221024751663
94,"1132",-0.239057064056396
94,"1133",-0.92385470867157
94,"1140",-0.939000844955444
94,"1141",0.392594933509827
94,"1142",0.549891769886017
94,"1143",-0.265396445989609
94,"1146",-0.883628785610199
94,"1148",NA
94,"1150",-0.925947248935699
94,"1152",-0.484501987695694
94,"1153",0.853959321975708
94,"1157",-0.183597013354301
94,"1159",0.98590749502182
94,"1165",-0.926234304904938
94,"1166",-0.185139238834381
94,"1170",-0.88161039352417
94,"1171",0.862631857395172
94,"1172",-0.882029592990875
94,"1173",0.985855996608734
94,"1174",-0.683983981609344
94,"1175",0.331847757101059
94,"1176",-0.330581724643707
94,"1177",0.841223776340485
94,"1178",0.308980524539948
94,"1180",0.79093337059021
94,"1181",0.631449639797211
94,"1182",0.359871745109558
94,"1183",-0.27502566576004
94,"1184",0.775624692440033
94,"1186",0.839841902256012
94,"1187",-0.922037303447723
94,"1188",0.985855996608734
94,"1189",0.866500496864319
94,"1190",-0.925546646118164
94,"1191",-1
94,"1192",0.0950228199362755
94,"1193",0.0868367999792099
94,"1194",-0.925598084926605
94,"1195",0.207095190882683
94,"1196",0.283282846212387
94,"1197",-0.247455835342407
94,"1198",-0.924574851989746
94,"1199",-0.401947647333145
94,"1200",-0.129041895270348
94,"1201",0.0897725075483322
94,"1202",-0.675270318984985
94,"1203",-0.922037303447723
94,"1204",0.584614932537079
94,"1205",0.439264446496964
94,"1206",0.632238328456879
94,"1207",0.755446255207062
94,"1208",0.291278600692749
94,"1209",0.830748736858368
94,"1210",0.985855996608734
94,"1211",1
94,"1212",-0.435150265693665
94,"1213",0.985855996608734
94,"1214",-0.929218232631683
94,"1215",-0.40399032831192
94,"1216",-0.93731153011322
94,"1217",-0.403042614459991
94,"1218",-0.925586044788361
94,"1219",-0.329322457313538
94,"1220",-0.926234304904938
94,"1221",-0.925649583339691
94,"1222",0.739897727966309
94,"1223",-0.40328049659729
94,"1224",0.327318966388702
94,"1225",-0.95072066783905
94,"1226",0.335060387849808
94,"1227",-0.246508687734604
94,"1228",-0.431286096572876
94,"1229",0.304346084594727
94,"1230",0.0927586406469345
94,"1231",-0.304414361715317
94,"1232",-0.922241151332855
94,"1233",-0.690581023693085
94,"1234",-0.526094615459442
94,"1235",0.0125601030886173
94,"1236",0.078130304813385
94,"1237",-0.449931621551514
94,"1238",0.386603474617004
94,"1239",0.101171858608723
94,"1240",0.0691388547420502
94,"1241",0.428201019763947
94,"1242",-0.272407829761505
94,"1243",0.0978894978761673
94,"1244",-0.850003004074097
94,"1245",-0.925735592842102
94,"1246",0.659681916236877
94,"1247",-0.925649583339691
94,"1248",-0.924524664878845
94,"1249",-0.684016585350037
94,"1250",0.99640828371048
94,"1251",-0.852332651615143
94,"1252",0.855675518512726
94,"1253",-0.925649583339691
94,"1254",-0.925649583339691
94,"1255",0.089771993458271
94,"1256",0.855680704116821
94,"1257",-0.57856297492981
94,"1258",0.0689894780516624
94,"1259",0.0809424370527267
94,"1260",0.608855009078979
94,"1261",-0.542009115219116
94,"1262",-0.926550507545471
94,"1263",-0.882425963878632
94,"1264",0.364775568246841
95,"803",0.508262455463409
95,"815",-0.608756840229034
95,"843",-0.503570914268494
95,"872",0.418147295713425
95,"915",-0.610312759876251
95,"986",0.535851538181305
95,"1009",-0.689808905124664
95,"1012",1
95,"1013",0.473902255296707
95,"1015",0.754888772964478
95,"1017",-0.960582375526428
95,"1021",-0.414263963699341
95,"1025",-0.987678706645966
95,"1028",-0.408968776464462
95,"1038",0.74566376209259
95,"1039",0.463232070207596
95,"1044",0.725791990756989
95,"1054",-0.405736535787582
95,"1056",0.797177910804749
95,"1059",-0.454891920089722
95,"1060",-0.438637912273407
95,"1061",0.691243708133698
95,"1062",-0.395404756069183
95,"1065",-0.562753140926361
95,"1073",0.794404625892639
95,"1074",0.86601048707962
95,"1075",-0.442981779575348
95,"1077",0.640837728977203
95,"1082",-0.584887564182281
95,"1086",0.770713567733765
95,"1087",0.793500423431396
95,"1099",0.713864386081696
95,"1100",-0.978916704654694
95,"1102",-0.352791637182236
95,"1104",-0.941150188446045
95,"1105",0.483207434415817
95,"1108",-0.483642965555191
95,"1110",0.582684934139252
95,"1114",0.733014822006226
95,"1116",0.446296095848083
95,"1117",0.930125057697296
95,"1119",-0.382113009691238
95,"1122",0.988633334636688
95,"1127",0.8104287981987
95,"1128",0.925909459590912
95,"1131",-0.432491987943649
95,"1132",-0.410244941711426
95,"1133",-0.960582375526428
95,"1140",-0.589976847171783
95,"1141",0.564722657203674
95,"1142",0.727734923362732
95,"1143",-0.58086371421814
95,"1146",-0.97697526216507
95,"1148",0.739393830299377
95,"1150",-0.978986620903015
95,"1152",-0.424228519201279
95,"1153",0.774456262588501
95,"1157",-0.498346537351608
95,"1159",0.930007457733154
95,"1165",-0.979013323783875
95,"1166",-0.281108558177948
95,"1170",-0.97901463508606
95,"1171",0.816968441009521
95,"1172",-0.974086761474609
95,"1173",1
95,"1174",-0.598039269447327
95,"1175",0.589411199092865
95,"1176",-0.536540448665619
95,"1177",0.803983688354492
95,"1178",0.60334187746048
95,"1180",0.799968719482422
95,"1181",0.799734890460968
95,"1182",0.503457427024841
95,"1183",-0.54365199804306
95,"1184",0.800480663776398
95,"1186",0.796501994132996
95,"1187",-0.959610462188721
95,"1188",0.932809889316559
95,"1189",0.809633612632751
95,"1190",-0.97901463508606
95,"1191",-0.979347467422485
95,"1192",0.149479195475578
95,"1193",0.163067728281021
95,"1194",-0.97901463508606
95,"1195",0.632119596004486
95,"1196",0.450567245483398
95,"1197",-0.421502411365509
95,"1198",-0.978531658649445
95,"1199",-0.590835750102997
95,"1200",-0.196522042155266
95,"1201",0.167572662234306
95,"1202",-0.587682008743286
95,"1203",-0.959610462188721
95,"1204",0.756962060928345
95,"1205",0.74599289894104
95,"1206",0.754689395427704
95,"1207",0.761837840080261
95,"1208",0.469695061445236
95,"1209",0.798094391822815
95,"1210",0.94371235370636
95,"1211",0.999049365520477
95,"1212",-0.58499276638031
95,"1213",0.932809889316559
95,"1214",-0.595211088657379
95,"1215",-0.584362924098969
95,"1216",-0.978634536266327
95,"1217",-0.590566992759705
95,"1218",-0.97901463508606
95,"1219",-0.463778674602509
95,"1220",-0.97901326417923
95,"1221",-1
95,"1222",0.804773926734924
95,"1223",-0.582407474517822
95,"1224",0.475787937641144
95,"1225",-0.979144096374512
95,"1226",0.641390144824982
95,"1227",-0.408710092306137
95,"1228",-0.584362924098969
95,"1229",0.460235029459
95,"1230",0.149815917015076
95,"1231",-0.428337514400482
95,"1232",-0.959546864032745
95,"1233",-0.582791745662689
95,"1234",-0.580312669277191
95,"1235",-0.204248502850533
95,"1236",0.280530035495758
95,"1237",-0.551785469055176
95,"1238",0.484130650758743
95,"1239",0.464421927928925
95,"1240",0.119637325406075
95,"1241",0.516572773456573
95,"1242",-0.449566423892975
95,"1243",0.452354669570923
95,"1244",-0.658410370349884
95,"1245",-0.978415548801422
95,"1246",0.791301429271698
95,"1247",-0.97901463508606
95,"1248",-0.977753818035126
95,"1249",-0.533748805522919
95,"1250",0.932906091213226
95,"1251",-0.940914332866669
95,"1252",0.818738162517548
95,"1253",-0.97901463508606
95,"1254",-0.97901463508606
95,"1255",0.361562997102737
95,"1256",0.81249463558197
95,"1257",-0.447990894317627
95,"1258",0.239731311798096
95,"1259",-0.0205794051289558
95,"1260",0.757651150226593
95,"1261",-0.553559362888336
95,"1262",-0.978634536266327
95,"1263",-0.963114082813263
95,"1264",0.68188887834549
96,"803",0.305467486381531
96,"815",-0.433569133281708
96,"843",-0.372911661863327
96,"872",0.300139755010605
96,"915",-0.366286039352417
96,"986",0.332961022853851
96,"1009",-0.383575469255447
96,"1012",0.999967277050018
96,"1013",0.313572436571121
96,"1015",0.855418384075165
96,"1017",-0.885250806808472
96,"1021",-0.286040663719177
96,"1025",-0.911354720592499
96,"1028",-0.284684866666794
96,"1038",0.544203341007233
96,"1039",0.151617884635925
96,"1044",0.496125727891922
96,"1054",-0.289865046739578
96,"1056",0.668689131736755
96,"1059",-0.287199109792709
96,"1060",-0.289412766695023
96,"1061",0.335340082645416
96,"1062",-0.274376958608627
96,"1065",-0.354387551546097
96,"1073",0.946238279342651
96,"1074",0.68465656042099
96,"1075",-0.323002398014069
96,"1077",0.315037727355957
96,"1082",-0.429374665021896
96,"1086",0.781050622463226
96,"1087",0.956491649150848
96,"1099",0.350280165672302
96,"1100",-0.916390180587769
96,"1102",-0.282150357961655
96,"1104",-0.884514808654785
96,"1105",0.323710978031158
96,"1108",-0.2779900431633
96,"1110",0.298596978187561
96,"1114",0.853153169155121
96,"1116",0.263664156198502
96,"1117",0.996631443500519
96,"1119",-0.294086784124374
96,"1122",0.999967277050018
96,"1127",0.858550488948822
96,"1128",0.999967277050018
96,"1131",-0.285651952028275
96,"1132",-0.235675781965256
96,"1133",-0.885671377182007
96,"1140",-0.364398837089539
96,"1141",0.360209435224533
96,"1142",0.544359564781189
96,"1143",-0.281348139047623
96,"1146",-0.556225657463074
96,"1148",NA
96,"1150",-0.917571008205414
96,"1152",-0.913612842559814
96,"1153",0.853450953960419
96,"1157",-0.296951442956924
96,"1159",0.999013781547546
96,"1165",-0.916814267635345
96,"1166",-0.213189139962196
96,"1170",-0.917374610900879
96,"1171",0.858504951000214
96,"1172",-0.916730225086212
96,"1173",0.999967277050018
96,"1174",-0.355252176523209
96,"1175",0.31591796875
96,"1176",-0.31269958615303
96,"1177",0.839479804039001
96,"1178",0.305598527193069
96,"1180",0.788837909698486
96,"1181",0.574387848377228
96,"1182",0.300742626190186
96,"1183",-0.300766617059708
96,"1184",0.845534443855286
96,"1186",0.85531222820282
96,"1187",-0.886285781860352
96,"1188",0.999967277050018
96,"1189",0.857260644435883
96,"1190",-0.917378425598145
96,"1191",-1
96,"1192",0.139324396848679
96,"1193",0.118072599172592
96,"1194",-0.917076706886292
96,"1195",0.253337502479553
96,"1196",0.281820774078369
96,"1197",-0.268006414175034
96,"1198",-0.916136741638184
96,"1199",-0.349118769168854
96,"1200",-0.0829524621367455
96,"1201",0.13067863881588
96,"1202",-0.387582063674927
96,"1203",-0.886385917663574
96,"1204",0.571103155612946
96,"1205",0.38151428103447
96,"1206",0.551367342472076
96,"1207",0.848523914813995
96,"1208",0.275328487157822
96,"1209",0.858505070209503
96,"1210",0.999967277050018
96,"1211",1
96,"1212",-0.477867811918259
96,"1213",0.999967277050018
96,"1214",-0.389072626829147
96,"1215",-0.486786097288132
96,"1216",-0.915916442871094
96,"1217",-0.48416942358017
96,"1218",-0.91726166009903
96,"1219",-0.326856940984726
96,"1220",-0.917294681072235
96,"1221",-0.91738897562027
96,"1222",0.885041236877441
96,"1223",-0.480524599552155
96,"1224",0.289650529623032
96,"1225",-0.889699995517731
96,"1226",0.307224631309509
96,"1227",-0.266140192747116
96,"1228",-0.501316666603088
96,"1229",0.281662732362747
96,"1230",0.12724269926548
96,"1231",-0.299135506153107
96,"1232",-0.886374175548553
96,"1233",-0.384888052940369
96,"1234",-0.420693635940552
96,"1235",-0.0132884867489338
96,"1236",0.11288346350193
96,"1237",-0.340457051992416
96,"1238",0.304831624031067
96,"1239",0.144805148243904
96,"1240",0.0853395313024521
96,"1241",0.364671558141708
96,"1242",-0.293190330266953
96,"1243",0.144861117005348
96,"1244",-0.885409533977509
96,"1245",-0.888998925685883
96,"1246",0.614732563495636
96,"1247",-0.9173823595047
96,"1248",-0.917427062988281
96,"1249",-0.361589044332504
96,"1250",0.999457895755768
96,"1251",-0.886469423770905
96,"1252",0.855392396450043
96,"1253",-0.917340338230133
96,"1254",-0.917357206344604
96,"1255",0.0929906070232391
96,"1256",0.855394780635834
96,"1257",-0.352257758378983
96,"1258",0.117911882698536
96,"1259",0.0823459476232529
96,"1260",0.571415960788727
96,"1261",-0.371466666460037
96,"1262",-0.916473507881165
96,"1263",-0.886466920375824
96,"1264",0.334796726703644
97,"803",0.371368050575256
97,"815",-0.727342963218689
97,"843",-0.730349004268646
97,"872",0.23217861354351
97,"915",-0.874774873256683
97,"986",0.320004492998123
97,"1009",-0.769778192043304
97,"1012",0.990631222724915
97,"1013",0.265357702970505
97,"1015",0.783255875110626
97,"1017",-0.771128594875336
97,"1021",-0.779165923595428
97,"1025",-0.768834173679352
97,"1028",-0.638495266437531
97,"1038",0.559959173202515
97,"1039",0.235464379191399
97,"1044",0.552238404750824
97,"1054",-0.611417591571808
97,"1056",0.673555552959442
97,"1059",-0.828825175762177
97,"1060",-0.714432597160339
97,"1061",0.410717904567719
97,"1062",-0.598225951194763
97,"1065",-0.780202388763428
97,"1073",0.754372358322144
97,"1074",0.814725935459137
97,"1075",-0.895412802696228
97,"1077",0.417346864938736
97,"1082",-1
97,"1086",0.748042166233063
97,"1087",0.738648474216461
97,"1099",0.457933098077774
97,"1100",-0.777411758899689
97,"1102",-0.57413512468338
97,"1104",-0.774952054023743
97,"1105",0.326999723911285
97,"1108",-0.652619957923889
97,"1110",0.340087503194809
97,"1114",0.695488035678864
97,"1116",0.251351475715637
97,"1117",0.925159752368927
97,"1119",-0.619248330593109
97,"1122",0.980487763881683
97,"1127",0.7480348944664
97,"1128",0.941583156585693
97,"1131",-0.65712171792984
97,"1132",-0.720206916332245
97,"1133",-0.774952054023743
97,"1140",-0.951062798500061
97,"1141",0.355355560779572
97,"1142",0.536392271518707
97,"1143",-0.734581291675568
97,"1146",-0.764942407608032
97,"1148",0.658381283283234
97,"1150",-0.779153048992157
97,"1152",-0.913913488388062
97,"1153",0.775055170059204
97,"1157",-0.686704039573669
97,"1159",0.926870346069336
97,"1165",-0.779153048992157
97,"1166",-0.503782451152802
97,"1170",-0.775492668151855
97,"1171",0.76486074924469
97,"1172",-0.769864499568939
97,"1173",0.990631222724915
97,"1174",-0.733772039413452
97,"1175",0.312713891267776
97,"1176",-0.666676580905914
97,"1177",0.799227595329285
97,"1178",0.364115417003632
97,"1180",0.721302092075348
97,"1181",0.612036943435669
97,"1182",0.280083358287811
97,"1183",-0.682953894138336
97,"1184",0.689062833786011
97,"1186",0.737937390804291
97,"1187",-0.77497386932373
97,"1188",0.929164171218872
97,"1189",0.801408052444458
97,"1190",-0.779153048992157
97,"1191",-0.777464032173157
97,"1192",-0.0506085529923439
97,"1193",-0.0331736505031586
97,"1194",-0.779153048992157
97,"1195",0.348763316869736
97,"1196",0.250667065382004
97,"1197",-0.647669613361359
97,"1198",-0.777460873126984
97,"1199",-0.791127502918243
97,"1200",-0.399002134799957
97,"1201",-0.0181799102574587
97,"1202",-0.952457666397095
97,"1203",-0.77497386932373
97,"1204",0.559406220912933
97,"1205",0.457415610551834
97,"1206",0.569925427436829
97,"1207",0.692890822887421
97,"1208",0.255469530820847
97,"1209",0.753161311149597
97,"1210",0.936033308506012
97,"1211",1
97,"1212",-1
97,"1213",0.929164171218872
97,"1214",-0.954456925392151
97,"1215",-1
97,"1216",-0.777456402778625
97,"1217",-1
97,"1218",-0.775065362453461
97,"1219",-0.714094817638397
97,"1220",-0.778366148471832
97,"1221",-0.7790407538414
97,"1222",0.689525425434113
97,"1223",-1
97,"1224",0.272279918193817
97,"1225",-0.778526306152344
97,"1226",0.37734916806221
97,"1227",-0.766825139522552
97,"1228",-1
97,"1229",0.265229076147079
97,"1230",-0.0416016168892384
97,"1231",-0.645009219646454
97,"1232",-0.774971961975098
97,"1233",-0.858363330364227
97,"1234",-0.787220239639282
97,"1235",-0.263319373130798
97,"1236",0.0624036453664303
97,"1237",-0.734294712543488
97,"1238",0.307775616645813
97,"1239",0.241220861673355
97,"1240",-0.0547957979142666
97,"1241",0.379727929830551
97,"1242",-0.823967814445496
97,"1243",0.231993570923805
97,"1244",-0.744536519050598
97,"1245",-0.778533101081848
97,"1246",0.64886349439621
97,"1247",-0.779153048992157
97,"1248",-1
97,"1249",-0.863088607788086
97,"1250",0.93770843744278
97,"1251",-0.774973690509796
97,"1252",0.762275993824005
97,"1253",-0.779153048992157
97,"1254",-0.779153048992157
97,"1255",0.15469691157341
97,"1256",0.760813236236572
97,"1257",-0.678690433502197
97,"1258",0.0236846767365932
97,"1259",-0.174111813306808
97,"1260",0.560695707798004
97,"1261",-0.824398458003998
97,"1262",-0.777460873126984
97,"1263",-0.773200511932373
97,"1264",0.408644169569016
98,"803",0.238661661744118
98,"815",-0.893892467021942
98,"843",-0.792925298213959
98,"872",0.165089800953865
98,"915",-0.861059427261353
98,"986",0.256300508975983
98,"1009",-0.835663259029388
98,"1012",0.967588722705841
98,"1013",0.210652559995651
98,"1015",0.734024405479431
98,"1017",-0.975418388843536
98,"1021",-0.782013416290283
98,"1025",-0.975205361843109
98,"1028",-0.725009560585022
98,"1038",0.518088817596436
98,"1039",0.151556447148323
98,"1044",0.479827910661697
98,"1054",-0.726870834827423
98,"1056",0.58413153886795
98,"1059",-0.74598491191864
98,"1060",-0.758634626865387
98,"1061",0.326030135154724
98,"1062",-0.669723093509674
98,"1065",-0.880296111106873
98,"1073",0.718049585819244
98,"1074",0.779024302959442
98,"1075",-0.78056663274765
98,"1077",0.351966291666031
98,"1082",-0.960519313812256
98,"1086",0.680894196033478
98,"1087",0.70100349187851
98,"1099",0.420307159423828
98,"1100",-0.998290598392487
98,"1102",-0.668573498725891
98,"1104",-0.994114637374878
98,"1105",0.268975824117661
98,"1108",-0.749504327774048
98,"1110",0.261231422424316
98,"1114",0.647210955619812
98,"1116",0.21941265463829
98,"1117",0.899679958820343
98,"1119",-0.705980122089386
98,"1122",0.957682430744171
98,"1127",0.725487172603607
98,"1128",0.881678223609924
98,"1131",-0.72789990901947
98,"1132",-0.725352823734283
98,"1133",-0.996282041072845
98,"1140",-0.914085745811462
98,"1141",0.272945731878281
98,"1142",0.499432563781738
98,"1143",-0.8269003033638
98,"1146",-0.959062099456787
98,"1148",0.607038795948029
98,"1150",-0.99955940246582
98,"1152",-0.815573930740356
98,"1153",0.728200793266296
98,"1157",-0.768743813037872
98,"1159",0.895055592060089
98,"1165",-0.99955940246582
98,"1166",-0.614560663700104
98,"1170",-0.979066610336304
98,"1171",0.731967985630035
98,"1172",-0.95556628704071
98,"1173",0.967588722705841
98,"1174",-0.859987556934357
98,"1175",0.253709644079208
98,"1176",-0.82517009973526
98,"1177",0.727062463760376
98,"1178",0.269705951213837
98,"1180",0.683156549930573
98,"1181",0.570998072624207
98,"1182",0.231423452496529
98,"1183",-0.833729207515717
98,"1184",0.682239770889282
98,"1186",0.71535062789917
98,"1187",-0.996280252933502
98,"1188",0.900992214679718
98,"1189",0.760515630245209
98,"1190",-0.99955940246582
98,"1191",-0.998360693454742
98,"1192",-0.0948031544685364
98,"1193",-0.0859179347753525
98,"1194",-0.99955940246582
98,"1195",0.267477869987488
98,"1196",0.150561690330505
98,"1197",-0.694649517536163
98,"1198",-0.998142600059509
98,"1199",-0.83364349603653
98,"1200",-0.391247630119324
98,"1201",-0.0787710547447205
98,"1202",-0.897375106811523
98,"1203",-0.996280252933502
98,"1204",0.530385553836823
98,"1205",0.465953856706619
98,"1206",0.555648505687714
98,"1207",0.681842744350433
98,"1208",0.183795779943466
98,"1209",0.694013655185699
98,"1210",0.908394694328308
98,"1211",1
98,"1212",-0.930631279945374
98,"1213",0.900992214679718
98,"1214",-0.919370710849762
98,"1215",-0.941294968128204
98,"1216",-0.998286962509155
98,"1217",-0.962905824184418
98,"1218",-0.99955940246582
98,"1219",-0.78739857673645
98,"1220",-0.99955940246582
98,"1221",-1
98,"1222",0.746905386447906
98,"1223",-1
98,"1224",0.211989805102348
98,"1225",-0.9993616938591
98,"1226",0.311184287071228
98,"1227",-0.730147361755371
98,"1228",-0.941294968128204
98,"1229",0.184540197253227
98,"1230",-0.0922043025493622
98,"1231",-0.774837017059326
98,"1232",-0.996396064758301
98,"1233",-0.877310037612915
98,"1234",-0.910775423049927
98,"1235",-0.363829970359802
98,"1236",0.00574351195245981
98,"1237",-0.797835290431976
98,"1238",0.282218307256699
98,"1239",0.148983776569366
98,"1240",-0.118900172412395
98,"1241",0.32998451590538
98,"1242",-0.770426511764526
98,"1243",0.134319707751274
98,"1244",-0.955884277820587
98,"1245",-0.999137222766876
98,"1246",0.528222262859344
98,"1247",-0.99955940246582
98,"1248",-1
98,"1249",-0.863233983516693
98,"1250",0.908389985561371
98,"1251",-0.993377804756165
98,"1252",0.730493009090424
98,"1253",-0.99955940246582
98,"1254",-0.99955940246582
98,"1255",0.0756896212697029
98,"1256",0.728437185287476
98,"1257",-0.797779321670532
98,"1258",-0.0253730844706297
98,"1259",-0.213029891252518
98,"1260",0.537742972373962
98,"1261",-0.831610083580017
98,"1262",-0.998142600059509
98,"1263",-0.975515961647034
98,"1264",0.332061141729355
99,"803",0.195573642849922
99,"815",-0.899975776672363
99,"843",-0.856448531150818
99,"872",0.144865155220032
99,"915",-0.852911829948425
99,"986",0.217278063297272
99,"1009",-0.847497761249542
99,"1012",0.975388526916504
99,"1013",0.176580533385277
99,"1015",0.686188697814941
99,"1017",-0.987044095993042
99,"1021",-0.797469973564148
99,"1025",-0.974799036979675
99,"1028",-0.754513621330261
99,"1038",0.484785258769989
99,"1039",0.0841710343956947
99,"1044",0.42634305357933
99,"1054",-0.784570574760437
99,"1056",0.531714141368866
99,"1059",-0.768888771533966
99,"1060",-0.771092593669891
99,"1061",0.271955698728561
99,"1062",-0.716752290725708
99,"1065",-0.861079931259155
99,"1073",0.66924124956131
99,"1074",0.735147953033447
99,"1075",-0.823238849639893
99,"1077",0.294912427663803
99,"1082",-0.98445987701416
99,"1086",0.623794257640839
99,"1087",0.685986459255219
99,"1099",0.317825883626938
99,"1100",-0.999032258987427
99,"1102",-0.793114602565765
99,"1104",-0.99393230676651
99,"1105",0.221762925386429
99,"1108",-0.778261303901672
99,"1110",0.203667312860489
99,"1114",0.606390178203583
99,"1116",0.126835525035858
99,"1117",0.884873509407043
99,"1119",-0.765502691268921
99,"1122",0.967285454273224
99,"1127",0.689703643321991
99,"1128",0.864072382450104
99,"1131",-0.766665279865265
99,"1132",-0.744866490364075
99,"1133",-0.99945080280304
99,"1140",-0.89401650428772
99,"1141",0.223352909088135
99,"1142",0.447138994932175
99,"1143",-0.766613662242889
99,"1146",-0.960077166557312
99,"1148",0.569452524185181
99,"1150",-0.999728560447693
99,"1152",-0.861809849739075
99,"1153",0.676432311534882
99,"1157",-0.723764657974243
99,"1159",0.876713991165161
99,"1165",-0.999728560447693
99,"1166",-0.68174135684967
99,"1170",-0.987242579460144
99,"1171",0.697576463222504
99,"1172",-0.973204612731934
99,"1173",0.975388526916504
99,"1174",-0.846778988838196
99,"1175",0.180257946252823
99,"1176",-0.848706185817719
99,"1177",0.682648479938507
99,"1178",0.229136571288109
99,"1180",0.641950964927673
99,"1181",0.490283995866776
99,"1182",0.191218793392181
99,"1183",-0.780507385730743
99,"1184",0.641735136508942
99,"1186",0.679783821105957
99,"1187",-0.999728560447693
99,"1188",0.884386837482452
99,"1189",0.701335430145264
99,"1190",-0.999728560447693
99,"1191",-0.999099493026733
99,"1192",-0.134637922048569
99,"1193",-0.124787911772728
99,"1194",-0.999728560447693
99,"1195",0.236930653452873
99,"1196",0.128299653530121
99,"1197",-0.733749091625214
99,"1198",-0.999096512794495
99,"1199",-0.848721623420715
99,"1200",-0.418424814939499
99,"1201",-0.127046823501587
99,"1202",-0.878968238830566
99,"1203",-0.999728560447693
99,"1204",0.473346024751663
99,"1205",0.369960308074951
99,"1206",0.48887038230896
99,"1207",0.632970154285431
99,"1208",0.156037569046021
99,"1209",0.659684598445892
99,"1210",0.894171118736267
99,"1211",1
99,"1212",-0.947721779346466
99,"1213",0.884386837482452
99,"1214",-0.908986866474152
99,"1215",-0.936401963233948
99,"1216",-0.999039173126221
99,"1217",-0.953343272209167
99,"1218",-0.999728560447693
99,"1219",-0.778332591056824
99,"1220",-0.999728560447693
99,"1221",-1
99,"1222",0.660828948020935
99,"1223",-0.963956713676453
99,"1224",0.17117440700531
99,"1225",-0.999696910381317
99,"1226",0.250735521316528
99,"1227",-0.771325469017029
99,"1228",-0.953783750534058
99,"1229",0.160225301980972
99,"1230",-0.133737981319427
99,"1231",-0.790655970573425
99,"1232",-0.999542713165283
99,"1233",-0.86295485496521
99,"1234",-0.909364342689514
99,"1235",-0.39516007900238
99,"1236",-0.0481577180325985
99,"1237",-0.84123682975769
99,"1238",0.204035833477974
99,"1239",0.0785813108086586
99,"1240",-0.165135681629181
99,"1241",0.287480622529984
99,"1242",-0.783635377883911
99,"1243",0.0651737749576569
99,"1244",-0.966606020927429
99,"1245",-0.999728560447693
99,"1246",0.484935432672501
99,"1247",-0.999728560447693
99,"1248",-1
99,"1249",-0.888078331947327
99,"1250",0.890757322311401
99,"1251",-0.99708217382431
99,"1252",0.695183873176575
99,"1253",-0.999728560447693
99,"1254",-0.999728560447693
99,"1255",0.0108283869922161
99,"1256",0.693656325340271
99,"1257",-0.813793897628784
99,"1258",-0.070329524576664
99,"1259",-0.25222185254097
99,"1260",0.477798372507095
99,"1261",-0.867184996604919
99,"1262",-0.999096512794495
99,"1263",-0.987242579460144
99,"1264",0.271827787160873
100,"803",0.209426581859589
100,"815",-0.861404657363892
100,"843",-0.80058091878891
100,"872",0.195124834775925
100,"915",-0.896437287330627
100,"986",0.275217533111572
100,"1009",-0.837863981723785
100,"1012",0.972275793552399
100,"1013",0.192385673522949
100,"1015",0.712705135345459
100,"1017",-0.886414706707001
100,"1021",-0.837490320205688
100,"1025",-0.872774124145508
100,"1028",-0.706723868846893
100,"1038",0.498668938875198
100,"1039",0.123910263180733
100,"1044",0.427457749843597
100,"1054",-0.732170641422272
100,"1056",0.629237234592438
100,"1059",-0.845880687236786
100,"1060",-0.798332273960114
100,"1061",0.305714577436447
100,"1062",-0.69798731803894
100,"1065",-0.887854516506195
100,"1073",0.687710881233215
100,"1074",0.685970544815063
100,"1075",-0.911721408367157
100,"1077",0.315075218677521
100,"1082",-1
100,"1086",0.657920062541962
100,"1087",0.687399864196777
100,"1099",0.355940490961075
100,"1100",-0.895072281360626
100,"1102",-0.712103545665741
100,"1104",-0.89432281255722
100,"1105",0.247743114829063
100,"1108",-0.738313615322113
100,"1110",0.240310460329056
100,"1114",0.648969531059265
100,"1116",0.179311946034431
100,"1117",0.879831969738007
100,"1119",-0.736705303192139
100,"1122",0.96246063709259
100,"1127",0.718683540821075
100,"1128",0.861885547637939
100,"1131",-0.716420888900757
100,"1132",-0.823115170001984
100,"1133",-0.893618941307068
100,"1140",-0.994626641273499
100,"1141",0.287847340106964
100,"1142",0.486402183771133
100,"1143",-0.804361462593079
100,"1146",-0.872921705245972
100,"1148",0.589652419090271
100,"1150",-0.895736336708069
100,"1152",-0.995416343212128
100,"1153",0.678317546844482
100,"1157",-0.737716019153595
100,"1159",0.876630008220673
100,"1165",-0.895736813545227
100,"1166",-0.616323053836823
100,"1170",-0.888887584209442
100,"1171",0.717013657093048
100,"1172",-0.874901652336121
100,"1173",0.972275793552399
100,"1174",-0.837935030460358
100,"1175",0.217387393116951
100,"1176",-0.805627346038818
100,"1177",0.712452530860901
100,"1178",0.258993744850159
100,"1180",0.689103841781616
100,"1181",0.534985721111298
100,"1182",0.215743169188499
100,"1183",-0.797196805477142
100,"1184",0.7048060297966
100,"1186",0.701573073863983
100,"1187",-0.893618941307068
100,"1188",0.885054111480713
100,"1189",0.721577644348145
100,"1190",-0.895736336708069
100,"1191",-0.895089566707611
100,"1192",-0.117922596633434
100,"1193",-0.110741265118122
100,"1194",-0.895736336708069
100,"1195",0.27160581946373
100,"1196",0.168376103043556
100,"1197",-0.744033992290497
100,"1198",-0.895089566707611
100,"1199",-0.880924820899963
100,"1200",-0.470289766788483
100,"1201",-0.0982397198677063
100,"1202",-0.993681371212006
100,"1203",-0.893618941307068
100,"1204",0.497360527515411
100,"1205",0.392791926860809
100,"1206",0.509780585765839
100,"1207",0.679735958576202
100,"1208",0.203066989779472
100,"1209",0.684227645397186
100,"1210",0.893999099731445
100,"1211",1
100,"1212",-1
100,"1213",0.885054111480713
100,"1214",-1
100,"1215",-1
100,"1216",-0.895127177238464
100,"1217",-1
100,"1218",-0.893617212772369
100,"1219",-0.756213366985321
100,"1220",-0.895111918449402
100,"1221",-0.895805299282074
100,"1222",0.625074923038483
100,"1223",-1
100,"1224",0.207903698086739
100,"1225",-0.895400941371918
100,"1226",0.293440073728561
100,"1227",-0.83237636089325
100,"1228",-1
100,"1229",0.208153113722801
100,"1230",-0.118659637868404
100,"1231",-0.77138078212738
100,"1232",-0.893616497516632
100,"1233",-0.905379772186279
100,"1234",-0.920592904090881
100,"1235",-0.361443400382996
100,"1236",-0.021432613953948
100,"1237",-0.813277184963226
100,"1238",0.249014616012573
100,"1239",0.120959065854549
100,"1240",-0.135870769619942
100,"1241",0.304981470108032
100,"1242",-0.867521405220032
100,"1243",0.108394756913185
100,"1244",-0.877034068107605
100,"1245",-0.895415246486664
100,"1246",0.539242923259735
100,"1247",-0.895736336708069
100,"1248",-1
100,"1249",-0.945649445056915
100,"1250",0.888708233833313
100,"1251",-0.893618941307068
100,"1252",0.711334764957428
100,"1253",-0.895736336708069
100,"1254",-0.895736336708069
100,"1255",0.0439800806343555
100,"1256",0.708698928356171
100,"1257",-0.805392444133759
100,"1258",-0.0688324049115181
100,"1259",-0.223627686500549
100,"1260",0.498606264591217
100,"1261",-0.896776258945465
100,"1262",-0.895089566707611
100,"1263",-0.888887584209442
100,"1264",0.312987953424454
101,"803",0.394183039665222
101,"815",-0.672974646091461
101,"843",-0.529228508472443
101,"872",0.325800508260727
101,"915",-0.63475513458252
101,"986",0.38851335644722
101,"1009",-0.664125502109528
101,"1012",0.997084498405457
101,"1013",0.34074679017067
101,"1015",0.730343461036682
101,"1017",-0.953993558883667
101,"1021",-0.468788325786591
101,"1025",-0.979093968868256
101,"1028",-0.462143033742905
101,"1038",0.604566514492035
101,"1039",0.347812175750732
101,"1044",0.576312124729156
101,"1054",-0.457221060991287
101,"1056",0.658573985099792
101,"1059",-0.457020491361618
101,"1060",-0.483301997184753
101,"1061",0.50566178560257
101,"1062",-0.450703501701355
101,"1065",-0.727674305438995
101,"1073",0.707144141197205
101,"1074",0.810108006000519
101,"1075",-0.487357050180435
101,"1077",0.495023757219315
101,"1082",-0.670814573764801
101,"1086",0.696716964244843
101,"1087",0.69122302532196
101,"1099",0.533420622348785
101,"1100",-0.978597521781921
101,"1102",-0.40008008480072
101,"1104",-0.968552827835083
101,"1105",0.393540024757385
101,"1108",-0.473774641752243
101,"1110",0.426447808742523
101,"1114",0.703583896160126
101,"1116",0.337104946374893
101,"1117",0.907411873340607
101,"1119",-0.441191017627716
101,"1122",0.988547623157501
101,"1127",0.7381831407547
101,"1128",0.902702867984772
101,"1131",-0.465357095003128
101,"1132",-0.446941614151001
101,"1133",-0.968595683574677
101,"1140",-0.65416556596756
101,"1141",0.418849945068359
101,"1142",0.587276637554169
101,"1143",-0.617262840270996
101,"1146",-1
101,"1148",0.660917401313782
101,"1150",-0.975968599319458
101,"1152",-0.481989473104477
101,"1153",0.724810302257538
101,"1157",-0.545089900493622
101,"1159",0.908407092094421
101,"1165",-0.976390659809113
101,"1166",-0.353171050548553
101,"1170",-0.96231472492218
101,"1171",0.741851389408112
101,"1172",-0.956843554973602
101,"1173",0.997084498405457
101,"1174",-0.671796977519989
101,"1175",0.414803594350815
101,"1176",-0.602334260940552
101,"1177",0.750772356987
101,"1178",0.451649874448776
101,"1180",0.708493828773499
101,"1181",0.629172146320343
101,"1182",0.365585625171661
101,"1183",-0.618656396865845
101,"1184",0.717357635498047
101,"1186",0.726764917373657
101,"1187",-0.968236446380615
101,"1188",0.911476671695709
101,"1189",0.754978001117706
101,"1190",-0.975578963756561
101,"1191",-0.975569128990173
101,"1192",0.0454722531139851
101,"1193",0.0543418191373348
101,"1194",-0.975578963756561
101,"1195",0.476203113794327
101,"1196",0.340158879756927
101,"1197",-0.439851462841034
101,"1198",-0.975968599319458
101,"1199",-0.677286088466644
101,"1200",-0.234852179884911
101,"1201",0.0615302175283432
101,"1202",-0.65799355506897
101,"1203",-0.968237102031708
101,"1204",0.592827439308167
101,"1205",0.533009588718414
101,"1206",0.60539436340332
101,"1207",0.715220272541046
101,"1208",0.354202687740326
101,"1209",0.730268239974976
101,"1210",0.923189580440521
101,"1211",1
101,"1212",-0.620521008968353
101,"1213",0.911476671695709
101,"1214",-0.669531941413879
101,"1215",-0.649520039558411
101,"1216",-0.978289783000946
101,"1217",-0.65765792131424
101,"1218",-0.976678371429443
101,"1219",-0.513626515865326
101,"1220",-0.975811243057251
101,"1221",-1
101,"1222",0.752124130725861
101,"1223",-0.662880063056946
101,"1224",0.361318975687027
101,"1225",-0.978140413761139
101,"1226",0.484298229217529
101,"1227",-0.467059254646301
101,"1228",-0.652658641338348
101,"1229",0.348158001899719
101,"1230",0.0393042229115963
101,"1231",-0.50112771987915
101,"1232",-0.968544900417328
101,"1233",-0.661384642124176
101,"1234",-0.654140114784241
101,"1235",-0.2568239569664
101,"1236",0.168248578906059
101,"1237",-0.600415647029877
101,"1238",0.379706561565399
101,"1239",0.346108555793762
101,"1240",0.0293031577020884
101,"1241",0.427288323640823
101,"1242",-0.476757407188416
101,"1243",0.33441960811615
101,"1244",-0.690811932086945
101,"1245",-0.975883901119232
101,"1246",0.608060896396637
101,"1247",-0.976024925708771
101,"1248",-0.975186705589294
101,"1249",-0.639593005180359
101,"1250",0.917044043540955
101,"1251",-0.968368053436279
101,"1252",0.740864396095276
101,"1253",-0.975955307483673
101,"1254",-0.976024925708771
101,"1255",0.2604720890522
101,"1256",0.73890233039856
101,"1257",-0.538679003715515
101,"1258",0.128709003329277
101,"1259",-0.102742627263069
101,"1260",0.594762444496155
101,"1261",-0.621207237243652
101,"1262",-0.975569128990173
101,"1263",-0.953668594360352
101,"1264",0.500996887683868
102,"803",0.49019193649292
102,"815",-0.633950173854828
102,"843",-0.394280105829239
102,"872",0.385557532310486
102,"915",-0.506441950798035
102,"986",0.447125464677811
102,"1009",-0.606177091598511
102,"1012",0.997771143913269
102,"1013",0.404396593570709
102,"1015",0.750788390636444
102,"1017",-0.657172381877899
102,"1021",-0.358875930309296
102,"1025",-0.656242668628693
102,"1028",-0.357262194156647
102,"1038",0.710577249526978
102,"1039",0.438371449708939
102,"1044",0.661044895648956
102,"1054",-0.349680721759796
102,"1056",0.737054109573364
102,"1059",-0.367865711450577
102,"1060",-0.376593887805939
102,"1061",0.553182303905487
102,"1062",-0.330715537071228
102,"1065",-0.714648604393005
102,"1073",0.742237031459808
102,"1074",0.831109702587128
102,"1075",-0.374396502971649
102,"1077",0.52405720949173
102,"1082",-0.442038059234619
102,"1086",0.731498777866364
102,"1087",0.72922283411026
102,"1099",0.561294913291931
102,"1100",-0.663739502429962
102,"1102",-0.298474818468094
102,"1104",-0.644560992717743
102,"1105",0.452047854661942
102,"1108",-0.37955379486084
102,"1110",0.47375875711441
102,"1114",0.725210309028625
102,"1116",0.408739328384399
102,"1117",0.906165719032288
102,"1119",-0.324221760034561
102,"1122",0.992157816886902
102,"1127",0.76312792301178
102,"1128",0.915323555469513
102,"1131",-0.356683552265167
102,"1132",-0.353983998298645
102,"1133",-0.663667500019073
102,"1140",-1
102,"1141",0.483615130186081
102,"1142",0.670968532562256
102,"1143",-0.574537932872772
102,"1146",-0.663103222846985
102,"1148",0.683353066444397
102,"1150",-0.66504180431366
102,"1152",-0.34992179274559
102,"1153",0.718263566493988
102,"1157",-0.440379321575165
102,"1159",0.908221304416656
102,"1165",-0.66504180431366
102,"1166",-0.22830057144165
102,"1170",-0.659020066261292
102,"1171",0.7628213763237
102,"1172",-0.657610714435577
102,"1173",0.997771143913269
102,"1174",-0.617545008659363
102,"1175",0.453766524791718
102,"1176",-0.556466460227966
102,"1177",0.732931852340698
102,"1178",0.490631937980652
102,"1180",0.746878385543823
102,"1181",0.729229032993317
102,"1182",0.432383894920349
102,"1183",-0.43617856502533
102,"1184",0.75798112154007
102,"1186",0.754351675510406
102,"1187",-0.663736581802368
102,"1188",0.909582257270813
102,"1189",0.776344001293182
102,"1190",-0.665055453777313
102,"1191",-0.664126694202423
102,"1192",0.0983075648546219
102,"1193",0.113259583711624
102,"1194",-0.665055453777313
102,"1195",0.520333409309387
102,"1196",0.421871870756149
102,"1197",-0.31855121254921
102,"1198",-0.66428929567337
102,"1199",-0.502488315105438
102,"1200",-0.109870098531246
102,"1201",0.114460401237011
102,"1202",-0.945513188838959
102,"1203",-0.663736581802368
102,"1204",0.699316143989563
102,"1205",0.608996331691742
102,"1206",0.705378532409668
102,"1207",0.76417064666748
102,"1208",0.422923058271408
102,"1209",0.754225492477417
102,"1210",0.920464932918549
102,"1211",1
102,"1212",-0.49212834239006
102,"1213",0.909582257270813
102,"1214",-0.997492432594299
102,"1215",-0.472105622291565
102,"1216",-0.664036095142365
102,"1217",-0.47186467051506
102,"1218",-0.665027439594269
102,"1219",-0.379835814237595
102,"1220",-0.665237069129944
102,"1221",-0.668875157833099
102,"1222",0.77897834777832
102,"1223",-0.487161487340927
102,"1224",0.428580164909363
102,"1225",-0.664903044700623
102,"1226",0.537318468093872
102,"1227",-0.336032837629318
102,"1228",-0.472105622291565
102,"1229",0.41454541683197
102,"1230",0.0974441021680832
102,"1231",-0.386387705802917
102,"1232",-0.663643062114716
102,"1233",-0.684676468372345
102,"1234",-0.684216678142548
102,"1235",-0.170011430978775
102,"1236",0.225758135318756
102,"1237",-0.473810315132141
102,"1238",0.445149123668671
102,"1239",0.41534012556076
102,"1240",0.0881746336817741
102,"1241",0.492163777351379
102,"1242",-0.365681886672974
102,"1243",0.403587281703949
102,"1244",-0.496491968631744
102,"1245",-0.665026545524597
102,"1246",0.723355889320374
102,"1247",-0.665055453777313
102,"1248",-0.85425591468811
102,"1249",-0.735410332679749
102,"1250",0.911145269870758
102,"1251",-0.645010948181152
102,"1252",0.763525485992432
102,"1253",-0.665055453777313
102,"1254",-0.665055453777313
102,"1255",0.325761407613754
102,"1256",0.761481583118439
102,"1257",-0.405194759368896
102,"1258",0.185782432556152
102,"1259",-0.0488937757909298
102,"1260",0.690210223197937
102,"1261",-0.47756165266037
102,"1262",-0.664125144481659
102,"1263",-0.659015774726868
102,"1264",0.545901000499725
103,"803",0.210787683725357
103,"815",-0.516994059085846
103,"843",-0.508935809135437
103,"872",0.331561654806137
103,"915",-0.602833032608032
103,"986",0.46905180811882
103,"1009",-0.549231350421906
103,"1012",0.998574197292328
103,"1013",0.422533363103867
103,"1015",1
103,"1017",-0.546099483966827
103,"1021",-0.711119055747986
103,"1025",-0.532885015010834
103,"1028",-0.520762026309967
103,"1038",0.726607799530029
103,"1039",0.147069916129112
103,"1044",0.56005448102951
103,"1054",-0.471688866615295
103,"1056",0.756965398788452
103,"1059",-0.692363023757935
103,"1060",-0.601501882076263
103,"1061",0.474772244691849
103,"1062",-0.423569828271866
103,"1065",-0.600423991680145
103,"1073",0.941966533660889
103,"1074",0.884129643440247
103,"1075",-0.761106908321381
103,"1077",0.450756043195724
103,"1082",-0.967713713645935
103,"1086",0.843527436256409
103,"1087",0.95600301027298
103,"1099",0.483855664730072
103,"1100",-0.548555433750153
103,"1102",-0.448650926351547
103,"1104",-0.538565456867218
103,"1105",0.315589964389801
103,"1108",-0.483149647712708
103,"1110",0.439947336912155
103,"1114",0.695618212223053
103,"1116",0.304427295923233
103,"1117",1
103,"1119",-0.496520221233368
103,"1122",0.998569190502167
103,"1127",0.934386074542999
103,"1128",0.936557352542877
103,"1131",-0.542389273643494
103,"1132",-0.604582786560059
103,"1133",-0.546099483966827
103,"1140",-0.807514131069183
103,"1141",0.462894558906555
103,"1142",0.68007880449295
103,"1143",-0.520666360855103
103,"1146",-0.538789331912994
103,"1148",NA
103,"1150",-0.548555433750153
103,"1152",-0.951536059379578
103,"1153",1
103,"1157",-0.518793523311615
103,"1159",0.967424094676971
103,"1165",-0.548565149307251
103,"1166",-0.414968311786652
103,"1170",-0.548555433750153
103,"1171",0.961612105369568
103,"1172",-0.53422623872757
103,"1173",0.998574197292328
103,"1174",-0.522143065929413
103,"1175",0.467814207077026
103,"1176",-0.493703961372375
103,"1177",0.914258062839508
103,"1178",0.440656185150146
103,"1180",0.9046471118927
103,"1181",0.731842517852783
103,"1182",0.419898480176926
103,"1183",-0.53716641664505
103,"1184",0.8022580742836
103,"1186",0.88776957988739
103,"1187",-0.546148777008057
103,"1188",0.998574197292328
103,"1189",0.960950791835785
103,"1190",-0.548540651798248
103,"1191",-0.548542737960815
103,"1192",0.113698840141296
103,"1193",0.110576994717121
103,"1194",-0.548555433750153
103,"1195",0.376548200845718
103,"1196",0.220776587724686
103,"1197",-0.431070804595947
103,"1198",-0.548555433750153
103,"1199",-0.707200944423676
103,"1200",-0.283330231904984
103,"1201",0.121295727789402
103,"1202",-0.821008503437042
103,"1203",-0.546148777008057
103,"1204",0.724948525428772
103,"1205",0.55852735042572
103,"1206",0.779271364212036
103,"1207",0.746173858642578
103,"1208",0.303320109844208
103,"1209",0.923065483570099
103,"1210",0.998565316200256
103,"1211",0.998574495315552
103,"1212",-0.964567363262177
103,"1213",0.998574197292328
103,"1214",-0.821008503437042
103,"1215",-0.983368575572968
103,"1216",-0.54853880405426
103,"1217",-1
103,"1218",-0.542201995849609
103,"1219",-0.50734543800354
103,"1220",-0.546189546585083
103,"1221",-0.548555433750153
103,"1222",0.834244728088379
103,"1223",-0.972098171710968
103,"1224",0.327840685844421
103,"1225",-0.548146486282349
103,"1226",0.437908202409744
103,"1227",-0.717327892780304
103,"1228",-0.983368575572968
103,"1229",0.296766370534897
103,"1230",0.120222993195057
103,"1231",-0.497201949357986
103,"1232",-0.546144604682922
103,"1233",-0.710661649703979
103,"1234",-0.631686091423035
103,"1235",-0.169265776872635
103,"1236",0.102183640003204
103,"1237",-0.533110797405243
103,"1238",0.337948054075241
103,"1239",0.145803555846214
103,"1240",0.107193358242512
103,"1241",0.384937763214111
103,"1242",-0.730803847312927
103,"1243",0.13404506444931
103,"1244",-0.543924152851105
103,"1245",-0.548146486282349
103,"1246",0.720115542411804
103,"1247",-0.548555433750153
103,"1248",-1
103,"1249",-0.699329614639282
103,"1250",0.945478498935699
103,"1251",-0.546153247356415
103,"1252",0.969462215900421
103,"1253",-0.548555433750153
103,"1254",-0.548555433750153
103,"1255",0.0889887288212776
103,"1256",0.969282388687134
103,"1257",-0.515387058258057
103,"1258",0.110576994717121
103,"1259",0.0921963378787041
103,"1260",0.779232323169708
103,"1261",-0.599394381046295
103,"1262",-0.548555433750153
103,"1263",-0.546148777008057
103,"1264",0.475722074508667
104,"803",0.305571854114532
104,"815",-0.541408360004425
104,"843",-0.525595009326935
104,"872",0.354906797409058
104,"915",-0.562829911708832
104,"986",0.491981953382492
104,"1009",-0.564408600330353
104,"1012",0.993701994419098
104,"1013",0.426645785570145
104,"1015",0.820125699043274
104,"1017",-0.952478647232056
104,"1021",-0.420808345079422
104,"1025",-1
104,"1028",-0.413847148418427
104,"1038",0.625004231929779
104,"1039",0.281935811042786
104,"1044",0.611258804798126
104,"1054",-0.450411289930344
104,"1056",0.687024116516113
104,"1059",-0.415523320436478
104,"1060",-0.458100080490112
104,"1061",0.551711142063141
104,"1062",-0.397433131933212
104,"1065",-0.544084191322327
104,"1073",0.799438118934631
104,"1074",0.866640031337738
104,"1075",-0.474972605705261
104,"1077",0.568676292896271
104,"1082",-0.595407426357269
104,"1086",0.769206821918488
104,"1087",0.830228388309479
104,"1099",0.597423851490021
104,"1100",-0.993049144744873
104,"1102",-0.395778208971024
104,"1104",-0.955380141735077
104,"1105",0.391075074672699
104,"1108",-0.450341910123825
104,"1110",0.510517954826355
104,"1114",0.726352035999298
104,"1116",0.347080171108246
104,"1117",0.943590760231018
104,"1119",-0.44667461514473
104,"1122",0.982703387737274
104,"1127",0.823733329772949
104,"1128",0.860973358154297
104,"1131",-0.425164133310318
104,"1132",-0.427389562129974
104,"1133",-0.969896376132965
104,"1140",-0.546914935112
104,"1141",0.481364160776138
104,"1142",0.640377640724182
104,"1143",-0.500410437583923
104,"1146",-1
104,"1148",0.711250483989716
104,"1150",-0.989044785499573
104,"1152",-0.492674976587296
104,"1153",0.837511956691742
104,"1157",-0.44648677110672
104,"1159",0.928837895393372
104,"1165",-0.989044904708862
104,"1166",-0.324512958526611
104,"1170",-0.975165188312531
104,"1171",0.844245195388794
104,"1172",-0.962921977043152
104,"1173",0.993701994419098
104,"1174",-0.548772215843201
104,"1175",0.515428006649017
104,"1176",-0.491526544094086
104,"1177",0.835143387317657
104,"1178",0.534465372562408
104,"1180",0.765590786933899
104,"1181",0.69006335735321
104,"1182",0.454715371131897
104,"1183",-0.491711139678955
104,"1184",0.74896240234375
104,"1186",0.813745081424713
104,"1187",-0.969896376132965
104,"1188",0.94113302230835
104,"1189",0.846118867397308
104,"1190",-0.989044785499573
104,"1191",-0.993451535701752
104,"1192",0.148632511496544
104,"1193",0.135108560323715
104,"1194",-0.989044785499573
104,"1195",0.512964010238647
104,"1196",0.309923827648163
104,"1197",-0.412787020206451
104,"1198",-0.989044785499573
104,"1199",-0.556411564350128
104,"1200",-0.214792504906654
104,"1201",0.141089603304863
104,"1202",-0.547687768936157
104,"1203",-0.969924807548523
104,"1204",0.634268879890442
104,"1205",0.59388130903244
104,"1206",0.681357324123383
104,"1207",0.71781325340271
104,"1208",0.378738224506378
104,"1209",0.806325972080231
104,"1210",0.949463784694672
104,"1211",1
104,"1212",-0.568956971168518
104,"1213",0.94113302230835
104,"1214",-0.564923822879791
104,"1215",-0.57621443271637
104,"1216",-0.988953530788422
104,"1217",-0.623062431812286
104,"1218",-0.988781094551086
104,"1219",-0.483557015657425
104,"1220",-0.988942563533783
104,"1221",-1
104,"1222",0.815380096435547
104,"1223",-0.575626254081726
104,"1224",0.38330078125
104,"1225",-0.992583215236664
104,"1226",0.525762677192688
104,"1227",-0.428705900907516
104,"1228",-0.58297210931778
104,"1229",0.376534014940262
104,"1230",0.131527483463287
104,"1231",-0.460133522748947
104,"1232",-0.969110190868378
104,"1233",-0.547626614570618
104,"1234",-0.540154576301575
104,"1235",-0.126296654343605
104,"1236",0.203933656215668
104,"1237",-0.522915422916412
104,"1238",0.394009232521057
104,"1239",0.292926549911499
104,"1240",0.125874996185303
104,"1241",0.432993620634079
104,"1242",-0.465040624141693
104,"1243",0.276985883712769
104,"1244",-0.762350499629974
104,"1245",-0.988786399364471
104,"1246",0.623615622520447
104,"1247",-0.989044785499573
104,"1248",-0.988953530788422
104,"1249",-0.525891840457916
104,"1250",0.922574996948242
104,"1251",-0.944394946098328
104,"1252",0.846188366413116
104,"1253",-0.988953530788422
104,"1254",-0.988953530788422
104,"1255",0.239064127206802
104,"1256",0.840746223926544
104,"1257",-0.468802809715271
104,"1258",0.170038089156151
104,"1259",0.0570407845079899
104,"1260",0.684034526348114
104,"1261",-0.531358003616333
104,"1262",-0.988953530788422
104,"1263",-0.960770845413208
104,"1264",0.565455079078674
105,"803",0.299803882837296
105,"815",-0.864903450012207
105,"843",-0.762490510940552
105,"872",0.287851840257645
105,"915",-0.847191631793976
105,"986",0.430734992027283
105,"1009",-0.846085608005524
105,"1012",0.995924115180969
105,"1013",0.355881571769714
105,"1015",0.771723031997681
105,"1017",-0.992167115211487
105,"1021",-0.692801296710968
105,"1025",-0.985726177692413
105,"1028",-0.6751988530159
105,"1038",0.649523377418518
105,"1039",0.238983005285263
105,"1044",0.613351404666901
105,"1054",-0.699166655540466
105,"1056",0.745213508605957
105,"1059",-0.67033064365387
105,"1060",-0.705472528934479
105,"1061",0.516986191272736
105,"1062",-0.672129154205322
105,"1065",-0.867181897163391
105,"1073",0.767857313156128
105,"1074",0.851760804653168
105,"1075",-0.736814856529236
105,"1077",0.515060842037201
105,"1082",-0.880620658397675
105,"1086",0.751888513565063
105,"1087",0.76097559928894
105,"1099",0.549631178379059
105,"1100",-0.998691558837891
105,"1102",-0.685003340244293
105,"1104",-0.992808818817139
105,"1105",0.351148039102554
105,"1108",-0.689530849456787
105,"1110",0.442738682031631
105,"1114",0.73330545425415
105,"1116",0.2733353972435
105,"1117",0.917954802513123
105,"1119",-0.682937145233154
105,"1122",0.980906367301941
105,"1127",0.785679638385773
105,"1128",0.888312697410583
105,"1131",-0.671733617782593
105,"1132",-0.687323331832886
105,"1133",-0.997997581958771
105,"1140",-0.891221046447754
105,"1141",0.441142141819
105,"1142",0.64089572429657
105,"1143",-0.755142033100128
105,"1146",-0.98055237531662
105,"1148",0.677700519561768
105,"1150",-0.999554216861725
105,"1152",-0.758099436759949
105,"1153",0.759287178516388
105,"1157",-0.700187563896179
105,"1159",0.918391704559326
105,"1165",-0.999554455280304
105,"1166",-0.560724556446075
105,"1170",-0.993427872657776
105,"1171",0.791638791561127
105,"1172",-0.977816164493561
105,"1173",0.995924115180969
105,"1174",-0.850755333900452
105,"1175",0.441735953092575
105,"1176",-0.82058721780777
105,"1177",0.774488210678101
105,"1178",0.466647118330002
105,"1180",0.763289749622345
105,"1181",0.699071884155273
105,"1182",0.3788942694664
105,"1183",-0.735733449459076
105,"1184",0.759944319725037
105,"1186",0.775204479694366
105,"1187",-0.997824311256409
105,"1188",0.925848662853241
105,"1189",0.802561819553375
105,"1190",-0.999554216861725
105,"1191",-0.998850882053375
105,"1192",-0.0416803248226643
105,"1193",-0.0419952422380447
105,"1194",-0.999554216861725
105,"1195",0.447046875953674
105,"1196",0.273788273334503
105,"1197",-0.664940118789673
105,"1198",-0.998710215091705
105,"1199",-0.85077953338623
105,"1200",-0.420860320329666
105,"1201",-0.0399597063660622
105,"1202",-0.879851639270782
105,"1203",-0.997824311256409
105,"1204",0.652943313121796
105,"1205",0.577699601650238
105,"1206",0.671992778778076
105,"1207",0.757764399051666
105,"1208",0.318201214075089
105,"1209",0.774734199047089
105,"1210",0.934868991374969
105,"1211",1
105,"1212",-0.88369345664978
105,"1213",0.925848662853241
105,"1214",-0.906108915805817
105,"1215",-0.870102107524872
105,"1216",-0.998710215091705
105,"1217",-0.899720072746277
105,"1218",-0.998481333255768
105,"1219",-0.706781208515167
105,"1220",-0.999210298061371
105,"1221",-1
105,"1222",0.761680424213409
105,"1223",-0.885938584804535
105,"1224",0.327454298734665
105,"1225",-0.998789370059967
105,"1226",0.478310465812683
105,"1227",-0.686078011989594
105,"1228",-0.884036719799042
105,"1229",0.317347675561905
105,"1230",-0.0538487136363983
105,"1231",-0.738413691520691
105,"1232",-0.997993648052216
105,"1233",-0.857361555099487
105,"1234",-0.89603066444397
105,"1235",-0.401729881763458
105,"1236",0.0723859891295433
105,"1237",-0.804425418376923
105,"1238",0.346361458301544
105,"1239",0.233815595507622
105,"1240",-0.0644069612026215
105,"1241",0.397311180830002
105,"1242",-0.702719807624817
105,"1243",0.21690908074379
105,"1244",-0.917927205562592
105,"1245",-0.998853623867035
105,"1246",0.67135614156723
105,"1247",-0.999554216861725
105,"1248",-1
105,"1249",-0.871661126613617
105,"1250",0.917778253555298
105,"1251",-0.992019414901733
105,"1252",0.793413460254669
105,"1253",-0.999554216861725
105,"1254",-0.999554216861725
105,"1255",0.152619957923889
105,"1256",0.787987172603607
105,"1257",-0.751079440116882
105,"1258",0.0299625657498837
105,"1259",-0.196412816643715
105,"1260",0.665914058685303
105,"1261",-0.823651134967804
105,"1262",-0.998710215091705
105,"1263",-0.993427872657776
105,"1264",0.523894786834717
106,"803",0.481744885444641
106,"815",-0.683445632457733
106,"843",-0.558123469352722
106,"872",0.337881743907928
106,"915",-0.670003771781921
106,"986",0.403263509273529
106,"1009",-0.601310253143311
106,"1012",0.980871677398682
106,"1013",0.359714180231094
106,"1015",0.815657198429108
106,"1017",-0.933923244476318
106,"1021",-0.435780256986618
106,"1025",-0.950241267681122
106,"1028",-0.425814002752304
106,"1038",0.712478876113892
106,"1039",0.332731515169144
106,"1044",0.653960287570953
106,"1054",-0.412929773330688
106,"1056",0.790307581424713
106,"1059",-0.445058017969131
106,"1060",-0.441173762083054
106,"1061",0.423340141773224
106,"1062",-0.340252578258514
106,"1065",-0.580057442188263
106,"1073",0.837556898593903
106,"1074",0.838566243648529
106,"1075",-0.447755038738251
106,"1077",0.43343049287796
106,"1082",-0.756534337997437
106,"1086",0.791558623313904
106,"1087",0.804954171180725
106,"1099",0.448255121707916
106,"1100",-0.998773515224457
106,"1102",-0.367535620927811
106,"1104",-0.995345711708069
106,"1105",0.429743826389313
106,"1108",-0.437123715877533
106,"1110",0.370364665985107
106,"1114",0.747545957565308
106,"1116",0.367519974708557
106,"1117",0.930684745311737
106,"1119",-0.428947418928146
106,"1122",0.968089938163757
106,"1127",0.818009078502655
106,"1128",0.949680924415588
106,"1131",-0.447362422943115
106,"1132",-0.380102038383484
106,"1133",-0.982881903648376
106,"1140",-0.587351381778717
106,"1141",0.41108700633049
106,"1142",0.707485795021057
106,"1143",-0.530649960041046
106,"1146",-1
106,"1148",0.693083941936493
106,"1150",-0.990755259990692
106,"1152",-0.48644083738327
106,"1153",0.753614127635956
106,"1157",-0.468755304813385
106,"1159",0.929153919219971
106,"1165",-0.990288555622101
106,"1166",-0.341454237699509
106,"1170",-0.945764482021332
106,"1171",0.816386878490448
106,"1172",-0.933815360069275
106,"1173",0.980871677398682
106,"1174",-0.599554121494293
106,"1175",0.337952196598053
106,"1176",-0.558035969734192
106,"1177",0.760750353336334
106,"1178",0.385913163423538
106,"1180",0.834101259708405
106,"1181",0.802193880081177
106,"1182",0.381315022706985
106,"1183",-0.582635879516602
106,"1184",0.799170017242432
106,"1186",0.799826145172119
106,"1187",-0.982881903648376
106,"1188",0.933507084846497
106,"1189",0.841241955757141
106,"1190",-0.990168273448944
106,"1191",-0.995125591754913
106,"1192",0.0878217965364456
106,"1193",0.116996772587299
106,"1194",-0.990654587745667
106,"1195",0.377615511417389
106,"1196",0.362221866846085
106,"1197",-0.419931352138519
106,"1198",-0.990755259990692
106,"1199",-0.590347111225128
106,"1200",-0.0739133432507515
106,"1201",0.117981381714344
106,"1202",-0.577812492847443
106,"1203",-0.981932580471039
106,"1204",0.747586846351624
106,"1205",0.530224978923798
106,"1206",0.74052768945694
106,"1207",0.798909246921539
106,"1208",0.354882955551147
106,"1209",0.790358543395996
106,"1210",0.940061688423157
106,"1211",1
106,"1212",-0.632141351699829
106,"1213",0.933507084846497
106,"1214",-0.6074298620224
106,"1215",-0.627770066261292
106,"1216",-0.99248743057251
106,"1217",-0.625162243843079
106,"1218",-0.989566743373871
106,"1219",-0.495431333780289
106,"1220",-0.990714371204376
106,"1221",-1
106,"1222",0.762079358100891
106,"1223",-0.684749960899353
106,"1224",0.366365015506744
106,"1225",-0.998645305633545
106,"1226",0.406990140676498
106,"1227",-0.429946810007095
106,"1228",-0.632863819599152
106,"1229",0.356606483459473
106,"1230",0.110382080078125
106,"1231",-0.493368148803711
106,"1232",-0.981457591056824
106,"1233",-0.597906470298767
106,"1234",-0.639042258262634
106,"1235",-0.0955693051218987
106,"1236",0.177813231945038
106,"1237",-0.543825685977936
106,"1238",0.409816801548004
106,"1239",0.301865994930267
106,"1240",0.0705622881650925
106,"1241",0.52589625120163
106,"1242",-0.441561996936798
106,"1243",0.295573532581329
106,"1244",-0.795056939125061
106,"1245",-0.990738213062286
106,"1246",0.815140545368195
106,"1247",-0.990654587745667
106,"1248",-0.989588797092438
106,"1249",-0.580678403377533
106,"1250",0.941394150257111
106,"1251",-0.982374489307404
106,"1252",0.808373093605042
106,"1253",-0.990654587745667
106,"1254",-0.990755259990692
106,"1255",0.228508859872818
106,"1256",0.805525660514832
106,"1257",-0.543135821819305
106,"1258",0.163312897086143
106,"1259",0.00710654444992542
106,"1260",0.747305154800415
106,"1261",-0.579494714736938
106,"1262",-0.990654587745667
106,"1263",-0.93392413854599
106,"1264",0.419833689928055
107,"803",0.11145330965519
107,"815",-0.681718170642853
107,"843",-0.677060782909393
107,"872",0.185122922062874
107,"915",-0.768079221248627
107,"986",0.316522240638733
107,"1009",-0.749042391777039
107,"1012",0.981827616691589
107,"1013",0.269662469625473
107,"1015",0.853458940982819
107,"1017",-0.871537148952484
107,"1021",-0.660783052444458
107,"1025",-0.860581398010254
107,"1028",-0.611916601657867
107,"1038",0.45089989900589
107,"1039",0.118765272200108
107,"1044",0.459327220916748
107,"1054",-0.588718056678772
107,"1056",0.633771777153015
107,"1059",-0.657460987567902
107,"1060",-0.618611097335815
107,"1061",0.337972074747086
107,"1062",-0.545472741127014
107,"1065",-0.66651862859726
107,"1073",0.902067065238953
107,"1074",0.807033121585846
107,"1075",-0.666879832744598
107,"1077",0.418979465961456
107,"1082",-0.96424788236618
107,"1086",0.774324297904968
107,"1087",0.81070739030838
107,"1099",0.402681887149811
107,"1100",-0.877540946006775
107,"1102",-0.557358503341675
107,"1104",-0.879128038883209
107,"1105",0.212577760219574
107,"1108",-0.665280282497406
107,"1110",0.334700524806976
107,"1114",0.712694883346558
107,"1116",0.166718944907188
107,"1117",1
107,"1119",-0.605232715606689
107,"1122",0.98204642534256
107,"1127",0.813213765621185
107,"1128",0.95463752746582
107,"1131",-0.660641133785248
107,"1132",-0.567230582237244
107,"1133",-0.878352701663971
107,"1140",-0.674714922904968
107,"1141",0.295660734176636
107,"1142",0.507125437259674
107,"1143",-0.666934192180634
107,"1146",-0.848974585533142
107,"1148",NA
107,"1150",-0.878298699855804
107,"1152",-0.974335491657257
107,"1153",0.855080127716064
107,"1157",-0.633917450904846
107,"1159",0.962639927864075
107,"1165",-0.878508627414703
107,"1166",-0.507315039634705
107,"1170",-0.871742367744446
107,"1171",0.82293826341629
107,"1172",-0.862313628196716
107,"1173",0.981827616691589
107,"1174",-0.652748942375183
107,"1175",0.317962318658829
107,"1176",-0.634112119674683
107,"1177",0.847767353057861
107,"1178",0.364262759685516
107,"1180",0.752123236656189
107,"1181",0.552116215229034
107,"1182",0.262792885303497
107,"1183",-0.676240980625153
107,"1184",0.72982257604599
107,"1186",0.806978464126587
107,"1187",-0.878298699855804
107,"1188",0.981827616691589
107,"1189",0.858478665351868
107,"1190",-0.878298699855804
107,"1191",-0.877823948860168
107,"1192",0.0803273767232895
107,"1193",0.111615777015686
107,"1194",-0.878298699855804
107,"1195",0.282440751791
107,"1196",0.0878143087029457
107,"1197",-0.657878160476685
107,"1198",-0.877677142620087
107,"1199",-0.660707235336304
107,"1200",-0.315101891756058
107,"1201",0.108591683208942
107,"1202",-0.694049656391144
107,"1203",-0.878298699855804
107,"1204",0.529895544052124
107,"1205",0.439218968153
107,"1206",0.57858681678772
107,"1207",0.738139390945435
107,"1208",0.156985774636269
107,"1209",0.815844774246216
107,"1210",0.981866717338562
107,"1211",0.997820913791656
107,"1212",-0.955425202846527
107,"1213",0.981827616691589
107,"1214",-0.695900797843933
107,"1215",-0.969219744205475
107,"1216",-0.877677142620087
107,"1217",-1
107,"1218",-0.876981735229492
107,"1219",-0.680765688419342
107,"1220",-0.87815535068512
107,"1221",-0.878298699855804
107,"1222",0.845809519290924
107,"1223",-1
107,"1224",0.17512321472168
107,"1225",-0.878245770931244
107,"1226",0.307698935270309
107,"1227",-0.638301432132721
107,"1228",-0.969137012958527
107,"1229",0.174988880753517
107,"1230",0.121858596801758
107,"1231",-0.631668210029602
107,"1232",-0.8785120844841
107,"1233",-0.674548506736755
107,"1234",-0.674238741397858
107,"1235",-0.0843716263771057
107,"1236",0.108312264084816
107,"1237",-0.745122730731964
107,"1238",0.219810992479324
107,"1239",0.137913212180138
107,"1240",0.0741991996765137
107,"1241",0.286370933055878
107,"1242",-0.652580082416534
107,"1243",0.126750633120537
107,"1244",-0.876689434051514
107,"1245",-0.878480613231659
107,"1246",0.557869017124176
107,"1247",-0.878298699855804
107,"1248",-1
107,"1249",-0.670104265213013
107,"1250",0.96252965927124
107,"1251",-0.87829864025116
107,"1252",0.821226298809052
107,"1253",-0.878298699855804
107,"1254",-0.878298699855804
107,"1255",0.064759649336338
107,"1256",0.821225225925446
107,"1257",-0.671566426753998
107,"1258",0.111615777015686
107,"1259",0.0711207315325737
107,"1260",0.551033496856689
107,"1261",-0.788190186023712
107,"1262",-0.877677142620087
107,"1263",-0.871742367744446
107,"1264",0.359402686357498
108,"803",0.0286357700824738
108,"815",-0.680607676506042
108,"843",-0.67977100610733
108,"872",0.159388557076454
108,"915",-0.707606911659241
108,"986",0.208377465605736
108,"1009",-0.676371037960052
108,"1012",0.980343341827393
108,"1013",0.165622517466545
108,"1015",0.890735745429993
108,"1017",-0.69956374168396
108,"1021",-0.761312782764435
108,"1025",-0.685721516609192
108,"1028",-0.605280458927155
108,"1038",0.521454751491547
108,"1039",-0.0167397428303957
108,"1044",0.374858766794205
108,"1054",-0.616317451000214
108,"1056",0.577625870704651
108,"1059",-0.736300528049469
108,"1060",-0.689902484416962
108,"1061",0.205704867839813
108,"1062",-0.530188262462616
108,"1065",-0.735888779163361
108,"1073",0.906095206737518
108,"1074",0.953590750694275
108,"1075",-0.855661869049072
108,"1077",0.213173776865005
108,"1082",-0.984229385852814
108,"1086",0.766171157360077
108,"1087",0.73533296585083
108,"1099",0.226596966385841
108,"1100",-0.706076383590698
108,"1102",-0.642843067646027
108,"1104",-0.696338772773743
108,"1105",0.142711341381073
108,"1108",-0.622244596481323
108,"1110",0.174976214766502
108,"1114",0.679271161556244
108,"1116",0.0783561393618584
108,"1117",0.964346289634705
108,"1119",-0.619927167892456
108,"1122",0.980854392051697
108,"1127",0.753037512302399
108,"1128",0.953263282775879
108,"1131",-0.609787225723267
108,"1132",-0.69164913892746
108,"1133",-0.704454898834229
108,"1140",-0.890741050243378
108,"1141",0.226965859532356
108,"1142",0.517802655696869
108,"1143",-0.595820486545563
108,"1146",-0.696609556674957
108,"1148",NA
108,"1150",-0.707191109657288
108,"1152",-1
108,"1153",0.857253074645996
108,"1157",-0.573430299758911
108,"1159",0.956831514835358
108,"1165",-0.707186162471771
108,"1166",-0.560412645339966
108,"1170",-0.702433168888092
108,"1171",0.765002250671387
108,"1172",-0.692916572093964
108,"1173",0.980343341827393
108,"1174",-0.644742369651794
108,"1175",0.154030099511147
108,"1176",-0.615816533565521
108,"1177",0.744690716266632
108,"1178",0.177652180194855
108,"1180",0.726134121417999
108,"1181",0.555761396884918
108,"1182",0.161650121212006
108,"1183",-0.619710028171539
108,"1184",0.690818190574646
108,"1186",0.748002350330353
108,"1187",-0.70477706193924
108,"1188",0.980343341827393
108,"1189",0.875396370887756
108,"1190",-0.707191109657288
108,"1191",-0.706181585788727
108,"1192",-0.0357361882925034
108,"1193",-0.0882816463708878
108,"1194",-0.707191109657288
108,"1195",0.171941295266151
108,"1196",0.0448292121291161
108,"1197",-0.56231814622879
108,"1198",-0.706181585788727
108,"1199",-0.752292335033417
108,"1200",-0.409178644418716
108,"1201",-0.0936715677380562
108,"1202",-0.872635066509247
108,"1203",-0.70477706193924
108,"1204",0.540812909603119
108,"1205",0.365649789571762
108,"1206",0.554556787014008
108,"1207",0.687553942203522
108,"1208",0.116042263805866
108,"1209",0.789952516555786
108,"1210",0.980836689472198
108,"1211",1
108,"1212",-0.923057854175568
108,"1213",0.980343341827393
108,"1214",-0.892183005809784
108,"1215",-0.935316741466522
108,"1216",-0.706076622009277
108,"1217",-0.9447882771492
108,"1218",-0.707191109657288
108,"1219",-0.641883134841919
108,"1220",-0.707191109657288
108,"1221",-0.707191109657288
108,"1222",0.962406396865845
108,"1223",-0.945267379283905
108,"1224",0.136012122035027
108,"1225",-0.706609845161438
108,"1226",0.190105140209198
108,"1227",-0.743339836597443
108,"1228",-0.951856374740601
108,"1229",0.123447209596634
108,"1230",-0.0823114290833473
108,"1231",-0.598251283168793
108,"1232",-0.704647481441498
108,"1233",-0.797824323177338
108,"1234",-0.735059142112732
108,"1235",-0.32696944475174
108,"1236",-0.086617223918438
108,"1237",-0.651346743106842
108,"1238",0.172507897019386
108,"1239",-0.0497692935168743
108,"1240",-0.11288445442915
108,"1241",0.22890642285347
108,"1242",-0.760259926319122
108,"1243",-0.0710914954543114
108,"1244",-0.693375051021576
108,"1245",-0.706697225570679
108,"1246",0.529130935668945
108,"1247",-0.707191109657288
108,"1248",-1
108,"1249",-0.808589220046997
108,"1250",0.952370643615723
108,"1251",-0.701553344726562
108,"1252",0.769879937171936
108,"1253",-0.707191109657288
108,"1254",-0.707191109657288
108,"1255",-0.111320920288563
108,"1256",0.769859075546265
108,"1257",-0.638340771198273
108,"1258",-0.0882816463708878
108,"1259",-0.108987078070641
108,"1260",0.571621537208557
108,"1261",-0.722254395484924
108,"1262",-0.706181585788727
108,"1263",-0.699926137924194
108,"1264",0.21289536356926
109,"803",0.038526576012373
109,"815",-0.834347009658813
109,"843",-0.775499820709229
109,"872",0.162802696228027
109,"915",-0.886991262435913
109,"986",0.254957109689713
109,"1009",-0.90346097946167
109,"1012",0.968067705631256
109,"1013",0.199789106845856
109,"1015",0.835546016693115
109,"1017",-0.962121903896332
109,"1021",-0.688285350799561
109,"1025",-0.954929172992706
109,"1028",-0.6706223487854
109,"1038",0.49269038438797
109,"1039",0.0360511168837547
109,"1044",0.354431539773941
109,"1054",-0.651496887207031
109,"1056",0.61231791973114
109,"1059",-0.74283641576767
109,"1060",-0.709627211093903
109,"1061",0.230381160974503
109,"1062",-0.571629285812378
109,"1065",-0.830344080924988
109,"1073",0.885253846645355
109,"1074",0.898237466812134
109,"1075",-0.760090410709381
109,"1077",0.249427914619446
109,"1082",-0.934634447097778
109,"1086",0.753804624080658
109,"1087",0.77751487493515
109,"1099",0.2648945748806
109,"1100",-0.984024405479431
109,"1102",-0.603549838066101
109,"1104",-0.98165637254715
109,"1105",0.182519480586052
109,"1108",-0.723895609378815
109,"1110",0.193200320005417
109,"1114",0.744609236717224
109,"1116",0.138447836041451
109,"1117",0.965571343898773
109,"1119",-0.678035378456116
109,"1122",0.968066871166229
109,"1127",0.800038933753967
109,"1128",0.956729233264923
109,"1131",-0.718207955360413
109,"1132",-0.635301113128662
109,"1133",-0.977414965629578
109,"1140",-0.877307593822479
109,"1141",0.260353714227676
109,"1142",0.510342478752136
109,"1143",-0.79868745803833
109,"1146",-0.969131290912628
109,"1148",NA
109,"1150",-0.986381769180298
109,"1152",-1
109,"1153",0.829238891601562
109,"1157",-0.727169811725616
109,"1159",0.952256262302399
109,"1165",-0.986381769180298
109,"1166",-0.602151393890381
109,"1170",-0.97211229801178
109,"1171",0.807667434215546
109,"1172",-0.966392457485199
109,"1173",0.968067705631256
109,"1174",-0.828089118003845
109,"1175",0.18912410736084
109,"1176",-0.739569187164307
109,"1177",0.779437661170959
109,"1178",0.187811568379402
109,"1180",0.743925392627716
109,"1181",0.559488117694855
109,"1182",0.213261768221855
109,"1183",-0.766249001026154
109,"1184",0.730904400348663
109,"1186",0.79651927947998
109,"1187",-0.977414965629578
109,"1188",0.968067705631256
109,"1189",0.844410419464111
109,"1190",-0.986381769180298
109,"1191",-0.98424905538559
109,"1192",-0.0389112941920757
109,"1193",-0.0282628368586302
109,"1194",-0.986381769180298
109,"1195",0.150218829512596
109,"1196",0.0469716563820839
109,"1197",-0.754584133625031
109,"1198",-0.984303176403046
109,"1199",-0.786059558391571
109,"1200",-0.317789494991302
109,"1201",-0.0305328723043203
109,"1202",-0.892095327377319
109,"1203",-0.977414965629578
109,"1204",0.531782627105713
109,"1205",0.3891581594944
109,"1206",0.548150897026062
109,"1207",0.730099737644196
109,"1208",0.118544079363346
109,"1209",0.787848591804504
109,"1210",0.9682377576828
109,"1211",1
109,"1212",-1
109,"1213",0.968067705631256
109,"1214",-0.906560122966766
109,"1215",-1
109,"1216",-0.984263360500336
109,"1217",-1
109,"1218",-0.984250724315643
109,"1219",-0.761142790317535
109,"1220",-0.986039519309998
109,"1221",-0.986381769180298
109,"1222",0.8652064204216
109,"1223",-1
109,"1224",0.151526898145676
109,"1225",-0.985931038856506
109,"1226",0.203899085521698
109,"1227",-0.661533534526825
109,"1228",-1
109,"1229",0.140492036938667
109,"1230",-0.0242598075419664
109,"1231",-0.7510946393013
109,"1232",-0.977414965629578
109,"1233",-0.857175886631012
109,"1234",-0.78864711523056
109,"1235",-0.203263357281685
109,"1236",-0.0322798416018486
109,"1237",-0.818838953971863
109,"1238",0.216215282678604
109,"1239",-0.0012919947039336
109,"1240",-0.0427245236933231
109,"1241",0.28125786781311
109,"1242",-0.745230615139008
109,"1243",-0.00909358076751232
109,"1244",-0.977570474147797
109,"1245",-0.986012935638428
109,"1246",0.54321563243866
109,"1247",-0.986381769180298
109,"1248",-1
109,"1249",-0.815229713916779
109,"1250",0.95880651473999
109,"1251",-0.977414965629578
109,"1252",0.811087667942047
109,"1253",-0.986381769180298
109,"1254",-0.986381769180298
109,"1255",-0.0419840663671494
109,"1256",0.810976088047028
109,"1257",-0.809828639030457
109,"1258",-0.0415823943912983
109,"1259",-0.0425545051693916
109,"1260",0.554020941257477
109,"1261",-0.872752606868744
109,"1262",-0.984303176403046
109,"1263",-0.963634669780731
109,"1264",0.234363362193108
110,"803",0.0560724809765816
110,"815",-0.350688189268112
110,"843",-0.350793719291687
110,"872",0.2793228328228
110,"915",-0.365370213985443
110,"986",0.419201105833054
110,"1009",-0.397057116031647
110,"1012",1
110,"1013",0.363255769014359
110,"1015",1
110,"1017",-0.973277390003204
110,"1021",-0.284747749567032
110,"1025",-0.973695933818817
110,"1028",-0.271886050701141
110,"1038",0.639281272888184
110,"1039",0.180406108498573
110,"1044",0.541633725166321
110,"1054",-0.306589156389236
110,"1056",0.699297726154327
110,"1059",-0.256355494260788
110,"1060",-0.308637231588364
110,"1061",0.419520914554596
110,"1062",-0.293194681406021
110,"1065",-0.369018703699112
110,"1073",0.971733510494232
110,"1074",0.918013274669647
110,"1075",-0.322781354188919
110,"1077",0.448130071163177
110,"1082",-0.373806208372116
110,"1086",0.873102784156799
110,"1087",0.834324240684509
110,"1099",0.459996372461319
110,"1100",-0.973865211009979
110,"1102",-0.308820456266403
110,"1104",-0.86675488948822
110,"1105",0.264064997434616
110,"1108",-0.355555176734924
110,"1110",0.415750563144684
110,"1114",0.716872453689575
110,"1116",0.222824707627296
110,"1117",1
110,"1119",-0.298523873090744
110,"1122",1
110,"1127",0.859002113342285
110,"1128",0.98078978061676
110,"1131",-0.278470933437347
110,"1132",-0.3015176653862
110,"1133",-0.973096430301666
110,"1140",-0.394575208425522
110,"1141",0.402637928724289
110,"1142",0.616240203380585
110,"1143",-0.362236022949219
110,"1146",-1
110,"1148",NA
110,"1150",-0.973950386047363
110,"1152",-0.418303519487381
110,"1153",0.896632373332977
110,"1157",-0.309427171945572
110,"1159",1
110,"1165",-0.973810017108917
110,"1166",-0.246587589383125
110,"1170",-0.973810017108917
110,"1171",0.8592649102211
110,"1172",-0.990079998970032
110,"1173",1
110,"1174",-0.377011150121689
110,"1175",0.437856942415237
110,"1176",-0.317390084266663
110,"1177",0.925277829170227
110,"1178",0.445764183998108
110,"1180",0.869741320610046
110,"1181",0.644452810287476
110,"1182",0.371519237756729
110,"1183",-0.317951858043671
110,"1184",0.842281579971313
110,"1186",0.849624991416931
110,"1187",-0.973530411720276
110,"1188",1
110,"1189",0.941963255405426
110,"1190",-0.975720286369324
110,"1191",-1
110,"1192",0.177873715758324
110,"1193",0.164273247122765
110,"1194",-0.973896384239197
110,"1195",0.384311109781265
110,"1196",0.137723177671432
110,"1197",-0.346662670373917
110,"1198",-0.973613202571869
110,"1199",-0.349694490432739
110,"1200",-0.173680156469345
110,"1201",0.165215969085693
110,"1202",-0.38933265209198
110,"1203",-0.973298192024231
110,"1204",0.629215002059937
110,"1205",0.478132635354996
110,"1206",0.701287865638733
110,"1207",0.828182280063629
110,"1208",0.254880249500275
110,"1209",0.918885707855225
110,"1210",1
110,"1211",1
110,"1212",-0.40969130396843
110,"1213",1
110,"1214",-0.400463879108429
110,"1215",-0.421319544315338
110,"1216",-1
110,"1217",-0.486223578453064
110,"1218",-0.975628018379211
110,"1219",-0.328627824783325
110,"1220",-0.975011885166168
110,"1221",-0.975036859512329
110,"1222",0.829221904277802
110,"1223",-0.40974172949791
110,"1224",0.264721423387527
110,"1225",-0.975680947303772
110,"1226",0.395320296287537
110,"1227",-0.268493562936783
110,"1228",-0.425732880830765
110,"1229",0.258739769458771
110,"1230",0.167567878961563
110,"1231",-0.305168867111206
110,"1232",-0.9733926653862
110,"1233",-0.380617499351501
110,"1234",-0.340274691581726
110,"1235",-0.0746224895119667
110,"1236",0.165858894586563
110,"1237",-0.335091978311539
110,"1238",0.264665842056274
110,"1239",0.192318558692932
110,"1240",0.169892176985741
110,"1241",0.327822655439377
110,"1242",-0.32446476817131
110,"1243",0.168778941035271
110,"1244",-0.853943109512329
110,"1245",-0.975573003292084
110,"1246",0.620597422122955
110,"1247",-0.973950386047363
110,"1248",-0.97453361749649
110,"1249",-0.335314333438873
110,"1250",1
110,"1251",-0.866749703884125
110,"1252",0.849269926548004
110,"1253",-0.973896384239197
110,"1254",-0.973810017108917
110,"1255",0.165262565016747
110,"1256",0.849119305610657
110,"1257",-0.305583715438843
110,"1258",0.164353638887405
110,"1259",0.165228232741356
110,"1260",0.67302006483078
110,"1261",-0.337997943162918
110,"1262",-0.973587274551392
110,"1263",-0.9732546210289
110,"1264",0.437174290418625
111,"803",0.0238618310540915
111,"815",-0.670824706554413
111,"843",-0.641220092773438
111,"872",0.136931180953979
111,"915",-0.740728795528412
111,"986",0.222698718309402
111,"1009",-0.671589851379395
111,"1012",0.966984987258911
111,"1013",0.158921882510185
111,"1015",0.783865928649902
111,"1017",-0.68546861410141
111,"1021",-0.741590917110443
111,"1025",-0.678625106811523
111,"1028",-0.601885914802551
111,"1038",0.449839890003204
111,"1039",-0.0640735849738121
111,"1044",0.42389976978302
111,"1054",-0.614842414855957
111,"1056",0.554210543632507
111,"1059",-0.749742269515991
111,"1060",-0.700290501117706
111,"1061",0.211516916751862
111,"1062",-0.542480409145355
111,"1065",-0.741551458835602
111,"1073",0.881416499614716
111,"1074",0.700833201408386
111,"1075",-0.851098954677582
111,"1077",0.263828903436661
111,"1082",-0.995371758937836
111,"1086",0.690705716609955
111,"1087",0.761823117733002
111,"1099",0.25964817404747
111,"1100",-0.693960428237915
111,"1102",-0.573843121528625
111,"1104",-0.685410261154175
111,"1105",0.186666518449783
111,"1108",-0.583049535751343
111,"1110",0.19720458984375
111,"1114",0.682847261428833
111,"1116",0.105559378862381
111,"1117",0.904978692531586
111,"1119",-0.641044795513153
111,"1122",0.967216849327087
111,"1127",0.739708125591278
111,"1128",0.893441915512085
111,"1131",-0.609395146369934
111,"1132",-0.702923059463501
111,"1133",-0.68984854221344
111,"1140",-1
111,"1141",0.218430265784264
111,"1142",0.46341535449028
111,"1143",-0.652528345584869
111,"1146",-0.659916639328003
111,"1148",NA
111,"1150",-0.693942368030548
111,"1152",-0.962339758872986
111,"1153",0.768160164356232
111,"1157",-0.616686284542084
111,"1159",0.93269681930542
111,"1165",-0.693941473960876
111,"1166",-0.558856785297394
111,"1170",-0.689819753170013
111,"1171",0.751440048217773
111,"1172",-0.668193697929382
111,"1173",0.967246472835541
111,"1174",-0.666525363922119
111,"1175",0.169708698987961
111,"1176",-0.638166606426239
111,"1177",0.751440525054932
111,"1178",0.233159646391869
111,"1180",0.678389012813568
111,"1181",0.498085856437683
111,"1182",0.186133950948715
111,"1183",-0.655269920825958
111,"1184",0.673878133296967
111,"1186",0.731976687908173
111,"1187",-0.690017461776733
111,"1188",0.967685222625732
111,"1189",0.788771510124207
111,"1190",-0.693942368030548
111,"1191",-0.694066524505615
111,"1192",-0.021589795127511
111,"1193",-0.0935021564364433
111,"1194",-0.693942368030548
111,"1195",0.161527618765831
111,"1196",0.0815124735236168
111,"1197",-0.589972674846649
111,"1198",-0.693942368030548
111,"1199",-0.965010285377502
111,"1200",-0.413850456476212
111,"1201",-0.047353208065033
111,"1202",-0.998436450958252
111,"1203",-0.690017461776733
111,"1204",0.484276741743088
111,"1205",0.294390738010406
111,"1206",0.486355930566788
111,"1207",0.676249980926514
111,"1208",0.133860349655151
111,"1209",0.741479814052582
111,"1210",0.967225968837738
111,"1211",1
111,"1212",-0.884687125682831
111,"1213",0.967246472835541
111,"1214",-1
111,"1215",-0.88116329908371
111,"1216",-0.693941533565521
111,"1217",-0.885988593101501
111,"1218",-0.685710906982422
111,"1219",-0.627816140651703
111,"1220",-0.690815150737762
111,"1221",-0.693942368030548
111,"1222",0.769929170608521
111,"1223",-0.888331234455109
111,"1224",0.131887644529343
111,"1225",-0.692769408226013
111,"1226",0.198835283517838
111,"1227",-0.756294429302216
111,"1228",-0.889666974544525
111,"1229",0.140385240316391
111,"1230",-0.0634581968188286
111,"1231",-0.624406933784485
111,"1232",-0.689962565898895
111,"1233",-0.972287535667419
111,"1234",-0.830227673053741
111,"1235",-0.285361737012863
111,"1236",-0.0933911055326462
111,"1237",-0.653744518756866
111,"1238",0.169229686260223
111,"1239",-0.0205471683293581
111,"1240",-0.127923533320427
111,"1241",0.268498688936234
111,"1242",-0.791751861572266
111,"1243",-0.02903788164258
111,"1244",-0.685492038726807
111,"1245",-0.692757725715637
111,"1246",0.497446596622467
111,"1247",-0.693942368030548
111,"1248",-1
111,"1249",-0.892004251480103
111,"1250",0.93506520986557
111,"1251",-0.689989566802979
111,"1252",0.745271146297455
111,"1253",-0.693942368030548
111,"1254",-0.693942368030548
111,"1255",-0.115872137248516
111,"1256",0.7453773021698
111,"1257",-0.638490974903107
111,"1258",-0.120940618216991
111,"1259",-0.1158067882061
111,"1260",0.496383488178253
111,"1261",-0.716843903064728
111,"1262",-0.693942368030548
111,"1263",-0.687662959098816
111,"1264",0.227682709693909
112,"803",0.42026075720787
112,"815",-0.555471241474152
112,"843",-0.576185762882233
112,"872",0.461793929338455
112,"915",-0.654419481754303
112,"986",0.533534169197083
112,"1009",-0.577807366847992
112,"1012",0.981123208999634
112,"1013",0.484708398580551
112,"1015",1
112,"1017",-0.741467714309692
112,"1021",-0.476989448070526
112,"1025",-0.722215414047241
112,"1028",-0.43497821688652
112,"1038",0.754363119602203
112,"1039",0.194768011569977
112,"1044",0.669390618801117
112,"1054",-0.440603077411652
112,"1056",0.875622272491455
112,"1059",-0.46947118639946
112,"1060",-0.448287427425385
112,"1061",0.521920204162598
112,"1062",-0.383470356464386
112,"1065",-0.507733464241028
112,"1073",0.995513916015625
112,"1074",0.972610473632812
112,"1075",-0.505561351776123
112,"1077",0.565368592739105
112,"1082",-0.964808523654938
112,"1086",0.967268824577332
112,"1087",0.953806757926941
112,"1099",0.599316120147705
112,"1100",-0.748678922653198
112,"1102",-0.476479113101959
112,"1104",-0.759719610214233
112,"1105",0.465676426887512
112,"1108",-0.458649516105652
112,"1110",0.495901316404343
112,"1114",0.808149755001068
112,"1116",0.352786809206009
112,"1117",0.981722772121429
112,"1119",-0.47680076956749
112,"1122",0.98090922832489
112,"1127",1
112,"1128",0.979487240314484
112,"1131",-0.477771461009979
112,"1132",-0.428030610084534
112,"1133",-0.748329699039459
112,"1140",-0.507772386074066
112,"1141",0.532835781574249
112,"1142",0.727182447910309
112,"1143",-0.43663427233696
112,"1146",-0.715036749839783
112,"1148",NA
112,"1150",-0.748497545719147
112,"1152",-0.896093666553497
112,"1153",1
112,"1157",-0.389079213142395
112,"1159",0.960032284259796
112,"1165",-0.748565495014191
112,"1166",-0.330882668495178
112,"1170",-0.741725921630859
112,"1171",0.978720664978027
112,"1172",-0.725495278835297
112,"1173",0.981123208999634
112,"1174",-0.49617475271225
112,"1175",0.472766488790512
112,"1176",-0.489992588758469
112,"1177",1
112,"1178",0.5124671459198
112,"1180",0.991941034793854
112,"1181",0.757454454898834
112,"1182",0.484964191913605
112,"1183",-0.466367363929749
112,"1184",0.927726447582245
112,"1186",0.97865355014801
112,"1187",-0.748497545719147
112,"1188",0.981123208999634
112,"1189",0.975854337215424
112,"1190",-0.748497545719147
112,"1191",-0.748497545719147
112,"1192",0.257453918457031
112,"1193",0.198973253369331
112,"1194",-0.748497545719147
112,"1195",0.491577416658401
112,"1196",0.356659293174744
112,"1197",-0.455438435077667
112,"1198",-0.748497545719147
112,"1199",-0.498427331447601
112,"1200",-0.187736362218857
112,"1201",0.212400123476982
112,"1202",-0.520959973335266
112,"1203",-0.748497545719147
112,"1204",0.741404116153717
112,"1205",0.616062760353088
112,"1206",0.821057558059692
112,"1207",0.858273684978485
112,"1208",0.417886406183243
112,"1209",0.933310508728027
112,"1210",0.981267392635345
112,"1211",0.994954824447632
112,"1212",-0.895949959754944
112,"1213",0.981123208999634
112,"1214",-0.558854520320892
112,"1215",-0.829014599323273
112,"1216",-0.748497545719147
112,"1217",-1
112,"1218",-0.746707201004028
112,"1219",-0.475779712200165
112,"1220",-0.747932970523834
112,"1221",-0.748497545719147
112,"1222",0.850183546543121
112,"1223",-0.865149259567261
112,"1224",0.428742527961731
112,"1225",-0.748202383518219
112,"1226",0.498237818479538
112,"1227",-0.471134543418884
112,"1228",-0.89896422624588
112,"1229",0.431891530752182
112,"1230",0.20514765381813
112,"1231",-0.481886744499207
112,"1232",-0.748570561408997
112,"1233",-0.506038188934326
112,"1234",-0.551143229007721
112,"1235",0.0115463612601161
112,"1236",0.183238625526428
112,"1237",-0.563918173313141
112,"1238",0.453896373510361
112,"1239",0.220264181494713
112,"1240",0.170231431722641
112,"1241",0.511863231658936
112,"1242",-0.465168923139572
112,"1243",0.212620198726654
112,"1244",-0.759576380252838
112,"1245",-0.748109757900238
112,"1246",0.759139478206635
112,"1247",-0.748497545719147
112,"1248",-0.912079513072968
112,"1249",-0.547475039958954
112,"1250",0.961228728294373
112,"1251",-0.74856573343277
112,"1252",1
112,"1253",-0.748497545719147
112,"1254",-0.748497545719147
112,"1255",0.195074737071991
112,"1256",1
112,"1257",-0.500271141529083
112,"1258",0.198973253369331
112,"1259",0.191307410597801
112,"1260",0.761300265789032
112,"1261",-0.589639723300934
112,"1262",-0.748497545719147
112,"1263",-0.741725921630859
112,"1264",0.525685966014862
113,"803",0.371360450983047
113,"815",-0.54166579246521
113,"843",-0.507831633090973
113,"872",0.375573724508286
113,"915",-0.505359411239624
113,"986",0.460851043462753
113,"1009",-0.550749540328979
113,"1012",0.985256493091583
113,"1013",0.414691090583801
113,"1015",0.826565861701965
113,"1017",-0.950012743473053
113,"1021",-0.368722796440125
113,"1025",-0.983624935150146
113,"1028",-0.3615862429142
113,"1038",0.706474661827087
113,"1039",0.330165714025497
113,"1044",0.648064255714417
113,"1054",-0.402596324682236
113,"1056",0.794690608978271
113,"1059",-0.371764063835144
113,"1060",-0.411825746297836
113,"1061",0.528545737266541
113,"1062",-0.327215731143951
113,"1065",-0.533010005950928
113,"1073",0.834294617176056
113,"1074",0.83196222782135
113,"1075",-0.42923703789711
113,"1077",0.546505212783813
113,"1082",-0.561525523662567
113,"1086",0.800049960613251
113,"1087",0.82228672504425
113,"1099",0.6017045378685
113,"1100",-0.995616316795349
113,"1102",-0.373189955949783
113,"1104",-0.950751602649689
113,"1105",0.426584422588348
113,"1108",-0.403759777545929
113,"1110",0.480426639318466
113,"1114",0.724927246570587
113,"1116",0.379352539777756
113,"1117",0.922364890575409
113,"1119",-0.397769451141357
113,"1122",0.971214950084686
113,"1127",0.828521966934204
113,"1128",0.886968612670898
113,"1131",-0.375602930784225
113,"1132",-0.374093472957611
113,"1133",-0.97238165140152
113,"1140",-0.547335624694824
113,"1141",0.465310424566269
113,"1142",0.691272616386414
113,"1143",-0.45941087603569
113,"1146",-0.966355383396149
113,"1148",0.710540473461151
113,"1150",-0.987277746200562
113,"1152",-0.445110738277435
113,"1153",0.827880024909973
113,"1157",-0.402432143688202
113,"1159",0.925007224082947
113,"1165",-0.987009227275848
113,"1166",-0.282042115926743
113,"1170",-0.968977093696594
113,"1171",0.836329162120819
113,"1172",-0.964148819446564
113,"1173",0.985256493091583
113,"1174",-0.547036051750183
113,"1175",0.474560618400574
113,"1176",-0.462119460105896
113,"1177",0.819044649600983
113,"1178",0.488715350627899
113,"1180",0.822135448455811
113,"1181",0.77499383687973
113,"1182",0.43128627538681
113,"1183",-0.471755862236023
113,"1184",0.784708380699158
113,"1186",0.80620276927948
113,"1187",-0.97238165140152
113,"1188",0.934151351451874
113,"1189",0.860499918460846
113,"1190",-0.987277746200562
113,"1191",-0.98700886964798
113,"1192",0.151702806353569
113,"1193",0.152881622314453
113,"1194",-0.987601697444916
113,"1195",0.507456958293915
113,"1196",0.33877044916153
113,"1197",-0.34442463517189
113,"1198",-0.987277746200562
113,"1199",-0.542021453380585
113,"1200",-0.106208756566048
113,"1201",0.15186308324337
113,"1202",-0.531150281429291
113,"1203",-0.97238165140152
113,"1204",0.711632311344147
113,"1205",0.658110499382019
113,"1206",0.731780529022217
113,"1207",0.765119552612305
113,"1208",0.388361692428589
113,"1209",0.802087903022766
113,"1210",0.942219913005829
113,"1211",1
113,"1212",-0.53598827123642
113,"1213",0.934151351451874
113,"1214",-0.565133273601532
113,"1215",-0.528479814529419
113,"1216",-0.987277746200562
113,"1217",-0.548778116703033
113,"1218",-0.98674201965332
113,"1219",-0.446618020534515
113,"1220",-0.987161457538605
113,"1221",-1
113,"1222",0.764339625835419
113,"1223",-0.536798715591431
113,"1224",0.403086632490158
113,"1225",-0.997046232223511
113,"1226",0.516671121120453
113,"1227",-0.373486131429672
113,"1228",-0.537248373031616
113,"1229",0.389759480953217
113,"1230",0.149152621626854
113,"1231",-0.4276502430439
113,"1232",-0.972674965858459
113,"1233",-0.535800933837891
113,"1234",-0.524029970169067
113,"1235",-0.0815012976527214
113,"1236",0.223444119095802
113,"1237",-0.479799687862396
113,"1238",0.439175486564636
113,"1239",0.326187282800674
113,"1240",0.130808278918266
113,"1241",0.473620116710663
113,"1242",-0.416254788637161
113,"1243",0.312049895524979
113,"1244",-0.738596081733704
113,"1245",-0.988515615463257
113,"1246",0.729933857917786
113,"1247",-0.987601697444916
113,"1248",-0.987277746200562
113,"1249",-0.501989424228668
113,"1250",0.920676052570343
113,"1251",-0.927652060985565
113,"1252",0.831192970275879
113,"1253",-0.987277746200562
113,"1254",-0.987277746200562
113,"1255",0.265043437480927
113,"1256",0.825970947742462
113,"1257",-0.434665501117706
113,"1258",0.189752966165543
113,"1259",0.0630225241184235
113,"1260",0.739974677562714
113,"1261",-0.490049719810486
113,"1262",-0.987277746200562
113,"1263",-0.957337200641632
113,"1264",0.532653868198395
114,"803",0.362234622240067
114,"815",-0.921568751335144
114,"843",-0.872629225254059
114,"872",0.240798473358154
114,"915",-0.956383585929871
114,"986",0.33669176697731
114,"1009",-0.947924733161926
114,"1012",0.994871437549591
114,"1013",0.284396082162857
114,"1015",0.749500274658203
114,"1017",-0.948548138141632
114,"1021",-0.913431704044342
114,"1025",-0.942111074924469
114,"1028",-0.806555509567261
114,"1038",0.624494552612305
114,"1039",0.294719457626343
114,"1044",0.592100441455841
114,"1054",-0.767163991928101
114,"1056",0.666879534721375
114,"1059",-0.949399590492249
114,"1060",-0.863538682460785
114,"1061",0.47570389509201
114,"1062",-0.7625732421875
114,"1065",-0.954846978187561
114,"1073",0.727538406848907
114,"1074",0.832794487476349
114,"1075",-0.974522352218628
114,"1077",0.467332065105438
114,"1082",-1
114,"1086",0.710482478141785
114,"1087",0.724211454391479
114,"1099",0.514052391052246
114,"1100",-0.954682290554047
114,"1102",-0.711327314376831
114,"1104",-0.950733721256256
114,"1105",0.344417065382004
114,"1108",-0.839085578918457
114,"1110",0.381163239479065
114,"1114",0.715147793292999
114,"1116",0.277961611747742
114,"1117",0.920572638511658
114,"1119",-0.752739310264587
114,"1122",0.979881286621094
114,"1127",0.762832224369049
114,"1128",0.930802702903748
114,"1131",-0.827693462371826
114,"1132",-0.841832995414734
114,"1133",-0.951918661594391
114,"1140",-1
114,"1141",0.381432056427002
114,"1142",0.59501701593399
114,"1143",-0.90105527639389
114,"1146",-0.949481606483459
114,"1148",0.660234451293945
114,"1150",-0.956242442131042
114,"1152",-0.986444413661957
114,"1153",0.746217370033264
114,"1157",-0.848182737827301
114,"1159",0.917242765426636
114,"1165",-0.956271171569824
114,"1166",-0.671372175216675
114,"1170",-0.953002572059631
114,"1171",0.768351972103119
114,"1172",-0.952905595302582
114,"1173",0.994871437549591
114,"1174",-0.911274373531342
114,"1175",0.349950134754181
114,"1176",-0.857085108757019
114,"1177",0.746898233890533
114,"1178",0.40673291683197
114,"1180",0.72266560792923
114,"1181",0.677619934082031
114,"1182",0.307190954685211
114,"1183",-0.875847995281219
114,"1184",0.721651196479797
114,"1186",0.752917289733887
114,"1187",-0.951918661594391
114,"1188",0.919075071811676
114,"1189",0.774627983570099
114,"1190",-0.956242442131042
114,"1191",-0.954768896102905
114,"1192",-0.143618240952492
114,"1193",-0.111412264406681
114,"1194",-0.956242442131042
114,"1195",0.414474606513977
114,"1196",0.290915131568909
114,"1197",-0.794510364532471
114,"1198",-0.95476508140564
114,"1199",-0.955763578414917
114,"1200",-0.513672888278961
114,"1201",-0.111409641802311
114,"1202",-1
114,"1203",-0.951918661594391
114,"1204",0.627212226390839
114,"1205",0.544719040393829
114,"1206",0.641395211219788
114,"1207",0.730279982089996
114,"1208",0.287601083517075
114,"1209",0.749003648757935
114,"1210",0.927325665950775
114,"1211",1
114,"1212",-1
114,"1213",0.919075071811676
114,"1214",-1
114,"1215",-1
114,"1216",-0.95476508140564
114,"1217",-1
114,"1218",-0.956242442131042
114,"1219",-0.855608642101288
114,"1220",-0.956242442131042
114,"1221",-0.956314384937286
114,"1222",0.79480904340744
114,"1223",-1
114,"1224",0.297863692045212
114,"1225",-0.955830872058868
114,"1226",0.439768016338348
114,"1227",-0.894009411334991
114,"1228",-1
114,"1229",0.279004544019699
114,"1230",-0.133260622620583
114,"1231",-0.815326929092407
114,"1232",-0.951764762401581
114,"1233",-1
114,"1234",-0.95151948928833
114,"1235",-0.523759663105011
114,"1236",0.0325615592300892
114,"1237",-0.909426629543304
114,"1238",0.334350258111954
114,"1239",0.267391711473465
114,"1240",-0.157534956932068
114,"1241",0.393732368946075
114,"1242",-0.944933235645294
114,"1243",0.255746424198151
114,"1244",-0.913988053798676
114,"1245",-0.955902516841888
114,"1246",0.652882993221283
114,"1247",-0.956242442131042
114,"1248",-1
114,"1249",-0.991002976894379
114,"1250",0.92302405834198
114,"1251",-0.951918661594391
114,"1252",0.770099282264709
114,"1253",-0.956242442131042
114,"1254",-0.956242442131042
114,"1255",0.152726054191589
114,"1256",0.767197728157043
114,"1257",-0.849562227725983
114,"1258",-0.0164208970963955
114,"1259",-0.333449214696884
114,"1260",0.634823620319366
114,"1261",-0.971244096755981
114,"1262",-0.95476508140564
114,"1263",-0.949358224868774
114,"1264",0.468114137649536
115,"803",0.306547462940216
115,"815",-0.818909466266632
115,"843",-0.785277724266052
115,"872",0.264325797557831
115,"915",-0.904392182826996
115,"986",0.435972034931183
115,"1009",-0.83916300535202
115,"1012",0.995947480201721
115,"1013",0.361187130212784
115,"1015",0.772288858890533
115,"1017",-0.914902865886688
115,"1021",-0.753509819507599
115,"1025",-0.919426441192627
115,"1028",-0.69269335269928
115,"1038",0.69565886259079
115,"1039",0.264774233102798
115,"1044",0.671438634395599
115,"1054",-0.687074720859528
115,"1056",0.753576517105103
115,"1059",-0.765654265880585
115,"1060",-0.733653485774994
115,"1061",0.527185440063477
115,"1062",-0.676485240459442
115,"1065",-0.803103506565094
115,"1073",0.791895568370819
115,"1074",0.872378945350647
115,"1075",-0.786510705947876
115,"1077",0.563435852527618
115,"1082",-0.977585017681122
115,"1086",0.752195179462433
115,"1087",0.7817223072052
115,"1099",0.591098845005035
115,"1100",-0.927093148231506
115,"1102",-0.671440958976746
115,"1104",-0.917789101600647
115,"1105",0.349827498197556
115,"1108",-0.758923292160034
115,"1110",0.463814377784729
115,"1114",0.682976067066193
115,"1116",0.273232102394104
115,"1117",0.924029588699341
115,"1119",-0.672488033771515
115,"1122",0.979153990745544
115,"1127",0.7941854596138
115,"1128",0.895510613918304
115,"1131",-0.707850813865662
115,"1132",-0.728520274162292
115,"1133",-0.9188432097435
115,"1140",-0.882949411869049
115,"1141",0.441081553697586
115,"1142",0.662342309951782
115,"1143",-0.796787738800049
115,"1146",-0.906745076179504
115,"1148",0.681396782398224
115,"1150",-0.927147746086121
115,"1152",-0.818850994110107
115,"1153",0.742598056793213
115,"1157",-0.732336699962616
115,"1159",0.916311144828796
115,"1165",-0.927147746086121
115,"1166",-0.579028308391571
115,"1170",-0.923639297485352
115,"1171",0.803428113460541
115,"1172",-0.912809371948242
115,"1173",0.995947480201721
115,"1174",-0.813214659690857
115,"1175",0.462896406650543
115,"1176",-0.759347379207611
115,"1177",0.788947284221649
115,"1178",0.50511622428894
115,"1180",0.789050459861755
115,"1181",0.763976871967316
115,"1182",0.386105865240097
115,"1183",-0.783215939998627
115,"1184",0.767415165901184
115,"1186",0.780150353908539
115,"1187",-0.918893992900848
115,"1188",0.92931193113327
115,"1189",0.799279272556305
115,"1190",-0.927147746086121
115,"1191",-0.927337229251862
115,"1192",-0.0262793730944395
115,"1193",-0.0177554078400135
115,"1194",-0.927147746086121
115,"1195",0.445524364709854
115,"1196",0.264240026473999
115,"1197",-0.708963811397552
115,"1198",-0.927147746086121
115,"1199",-0.846815407276154
115,"1200",-0.459535449743271
115,"1201",-0.0179916806519032
115,"1202",-0.876447796821594
115,"1203",-0.918893992900848
115,"1204",0.703281223773956
115,"1205",0.574856460094452
115,"1206",0.760781168937683
115,"1207",0.739522159099579
115,"1208",0.302986890077591
115,"1209",0.774822950363159
115,"1210",0.937138080596924
115,"1211",1
115,"1212",-0.953233182430267
115,"1213",0.92931193113327
115,"1214",-0.888317227363586
115,"1215",-0.946723937988281
115,"1216",-0.927147746086121
115,"1217",-1
115,"1218",-0.927147746086121
115,"1219",-0.741264700889587
115,"1220",-0.927147746086121
115,"1221",-0.927357077598572
115,"1222",0.764062941074371
115,"1223",-0.956090569496155
115,"1224",0.315545171499252
115,"1225",-0.927001774311066
115,"1226",0.478032320737839
115,"1227",-0.744686305522919
115,"1228",-0.950476050376892
115,"1229",0.298576325178146
115,"1230",-0.030388381332159
115,"1231",-0.707120895385742
115,"1232",-0.918861210346222
115,"1233",-0.834097981452942
115,"1234",-0.821687698364258
115,"1235",-0.437969177961349
115,"1236",0.0953228771686554
115,"1237",-0.773630082607269
115,"1238",0.328405231237411
115,"1239",0.265688240528107
115,"1240",-0.0489855483174324
115,"1241",0.407724142074585
115,"1242",-0.783950924873352
115,"1243",0.248472362756729
115,"1244",-0.874239683151245
115,"1245",-0.927119195461273
115,"1246",0.707772076129913
115,"1247",-0.927147746086121
115,"1248",-1
115,"1249",-0.792102694511414
115,"1250",0.922648310661316
115,"1251",-0.917487680912018
115,"1252",0.805692672729492
115,"1253",-0.927147746086121
115,"1254",-0.927147746086121
115,"1255",0.179247304797173
115,"1256",0.798671722412109
115,"1257",-0.715981841087341
115,"1258",0.0617725551128387
115,"1259",-0.182528018951416
115,"1260",0.731888651847839
115,"1261",-0.799057245254517
115,"1262",-0.927147746086121
115,"1263",-0.915017366409302
115,"1264",0.531840026378632
116,"803",0.252813994884491
116,"815",-0.879131615161896
116,"843",-0.752614676952362
116,"872",0.207171410322189
116,"915",-0.877254724502563
116,"986",0.312115430831909
116,"1009",-0.888029992580414
116,"1012",0.988850891590118
116,"1013",0.247175976634026
116,"1015",0.739633679389954
116,"1017",-0.985643923282623
116,"1021",-0.739160478115082
116,"1025",-0.978841364383698
116,"1028",-0.717301845550537
116,"1038",0.617008209228516
116,"1039",0.21843695640564
116,"1044",0.537202060222626
116,"1054",-0.71257871389389
116,"1056",0.673657596111298
116,"1059",-0.722206950187683
116,"1060",-0.751679599285126
116,"1061",0.417188674211502
116,"1062",-0.681091547012329
116,"1065",-0.891145467758179
116,"1073",0.74027556180954
116,"1074",0.788116574287415
116,"1075",-0.761946499347687
116,"1077",0.433133721351624
116,"1082",-0.900506138801575
116,"1086",0.702163517475128
116,"1087",0.737636983394623
116,"1099",0.480149626731873
116,"1100",-0.998774528503418
116,"1102",-0.654429197311401
116,"1104",-0.998425483703613
116,"1105",0.276820719242096
116,"1108",-0.733449101448059
116,"1110",0.348447114229202
116,"1114",0.647868514060974
116,"1116",0.21894858777523
116,"1117",0.907415568828583
116,"1119",-0.692938148975372
116,"1122",0.975243151187897
116,"1127",0.764392375946045
116,"1128",0.882017135620117
116,"1131",-0.732011735439301
116,"1132",-0.708479940891266
116,"1133",-0.998328447341919
116,"1140",-0.937802255153656
116,"1141",0.326868653297424
116,"1142",0.562992870807648
116,"1143",-0.834960639476776
116,"1146",-0.9824258685112
116,"1148",0.630542159080505
116,"1150",-0.9995157122612
116,"1152",-0.770794153213501
116,"1153",0.728717565536499
116,"1157",-0.764573037624359
116,"1159",0.901674807071686
116,"1165",-0.9995157122612
116,"1166",-0.600539207458496
116,"1170",-0.986968457698822
116,"1171",0.767754435539246
116,"1172",-0.981755912303925
116,"1173",0.988850891590118
116,"1174",-0.879801988601685
116,"1175",0.339462220668793
116,"1176",-0.859602272510529
116,"1177",0.741060733795166
116,"1178",0.36769500374794
116,"1180",0.736057221889496
116,"1181",0.637700974941254
116,"1182",0.275446712970734
116,"1183",-0.827510893344879
116,"1184",0.723154067993164
116,"1186",0.743651986122131
116,"1187",-0.99836802482605
116,"1188",0.909163296222687
116,"1189",0.768223762512207
116,"1190",-0.9995157122612
116,"1191",-0.998957633972168
116,"1192",-0.0602624900639057
116,"1193",-0.0516169592738152
116,"1194",-0.9995157122612
116,"1195",0.393096834421158
116,"1196",0.191424190998077
116,"1197",-0.715363025665283
116,"1198",-0.998766660690308
116,"1199",-0.87445193529129
116,"1200",-0.432995915412903
116,"1201",-0.0494984909892082
116,"1202",-0.916773736476898
116,"1203",-0.99836802482605
116,"1204",0.596511781215668
116,"1205",0.520700216293335
116,"1206",0.634865939617157
116,"1207",0.706573009490967
116,"1208",0.230763733386993
116,"1209",0.735163807868958
116,"1210",0.918892621994019
116,"1211",1
116,"1212",-0.897490799427032
116,"1213",0.909163296222687
116,"1214",-0.948723316192627
116,"1215",-0.886776864528656
116,"1216",-0.998766660690308
116,"1217",-0.912216782569885
116,"1218",-0.9995157122612
116,"1219",-0.75586986541748
116,"1220",-0.9995157122612
116,"1221",-1
116,"1222",0.709569036960602
116,"1223",-0.919535279273987
116,"1224",0.24792568385601
116,"1225",-0.998901605606079
116,"1226",0.390075325965881
116,"1227",-0.730461418628693
116,"1228",-0.890489041805267
116,"1229",0.229587212204933
116,"1230",-0.0613776072859764
116,"1231",-0.787707030773163
116,"1232",-0.998370349407196
116,"1233",-0.884764850139618
116,"1234",-0.902598857879639
116,"1235",-0.431266665458679
116,"1236",0.054288849234581
116,"1237",-0.838135182857513
116,"1238",0.274795085191727
116,"1239",0.215490490198135
116,"1240",-0.0836999714374542
116,"1241",0.330562502145767
116,"1242",-0.754100203514099
116,"1243",0.199060052633286
116,"1244",-0.92669403553009
116,"1245",-0.998851835727692
116,"1246",0.612667143344879
116,"1247",-0.9995157122612
116,"1248",-1
116,"1249",-0.897491037845612
116,"1250",0.906116604804993
116,"1251",-0.992436528205872
116,"1252",0.766195297241211
116,"1253",-0.9995157122612
116,"1254",-0.9995157122612
116,"1255",0.129668965935707
116,"1256",0.761315286159515
116,"1257",-0.784283876419067
116,"1258",0.0161024779081345
116,"1259",-0.200347661972046
116,"1260",0.612558662891388
116,"1261",-0.862603664398193
116,"1262",-0.998774528503418
116,"1263",-0.986968457698822
116,"1264",0.414015203714371
117,"803",0.506531894207001
117,"815",-0.650782942771912
117,"843",-0.467651724815369
117,"872",0.393752366304398
117,"915",-0.63883513212204
117,"986",0.45356085896492
117,"1009",-0.655155539512634
117,"1012",0.998069405555725
117,"1013",0.419475853443146
117,"1015",0.755901098251343
117,"1017",-0.960766613483429
117,"1021",-0.397108912467957
117,"1025",-0.972942888736725
117,"1028",-0.398122638463974
117,"1038",0.675334751605988
117,"1039",0.444216758012772
117,"1044",0.657292425632477
117,"1054",-0.395501405000687
117,"1056",0.715530574321747
117,"1059",-0.418480783700943
117,"1060",-0.421273112297058
117,"1061",0.596637070178986
117,"1062",-0.369957745075226
117,"1065",-0.573114812374115
117,"1073",0.724556088447571
117,"1074",0.835943341255188
117,"1075",-0.4122034907341
117,"1077",0.567400753498077
117,"1082",-0.587475299835205
117,"1086",0.736207842826843
117,"1087",0.719511449337006
117,"1099",0.614795565605164
117,"1100",-0.97456681728363
117,"1102",-0.35371658205986
117,"1104",-0.913424432277679
117,"1105",0.467458516359329
117,"1108",-0.438557088375092
117,"1110",0.507129549980164
117,"1114",0.733263731002808
117,"1116",0.42181184887886
117,"1117",0.92727130651474
117,"1119",-0.372931689023972
117,"1122",0.98787659406662
117,"1127",0.760894358158112
117,"1128",0.934527516365051
117,"1131",-0.408522397279739
117,"1132",-0.384621888399124
117,"1133",-0.967847943305969
117,"1140",-0.594254672527313
117,"1141",0.496920257806778
117,"1142",0.650361001491547
117,"1143",-0.52450042963028
117,"1146",-0.962059497833252
117,"1148",0.701649606227875
117,"1150",-0.97139447927475
117,"1152",-0.396634131669998
117,"1153",0.749559164047241
117,"1157",-0.470400959253311
117,"1159",0.922766447067261
117,"1165",-0.970955610275269
117,"1166",-0.254002600908279
117,"1170",-0.964991211891174
117,"1171",0.76442015171051
117,"1172",-0.960476279258728
117,"1173",0.998069405555725
117,"1174",-0.594135403633118
117,"1175",0.48557847738266
117,"1176",-0.576886177062988
117,"1177",0.763306081295013
117,"1178",0.524948358535767
117,"1180",0.738603889942169
117,"1181",0.700223684310913
117,"1182",0.442099839448929
117,"1183",-0.556369185447693
117,"1184",0.74226701259613
117,"1186",0.751246094703674
117,"1187",-0.967027723789215
117,"1188",0.923166155815125
117,"1189",0.785615086555481
117,"1190",-0.970934569835663
117,"1191",-0.971406102180481
117,"1192",0.094584733247757
117,"1193",0.109929099678993
117,"1194",-0.970955610275269
117,"1195",0.567339420318604
117,"1196",0.434371650218964
117,"1197",-0.386606007814407
117,"1198",-0.970934569835663
117,"1199",-0.594438374042511
117,"1200",-0.131888806819916
117,"1201",0.111759163439274
117,"1202",-0.563806056976318
117,"1203",-0.967027723789215
117,"1204",0.665283024311066
117,"1205",0.637654185295105
117,"1206",0.66264683008194
117,"1207",0.754645824432373
117,"1208",0.439203172922134
117,"1209",0.755721747875214
117,"1210",0.935273945331573
117,"1211",1
117,"1212",-0.573586881160736
117,"1213",0.923166155815125
117,"1214",-0.595716834068298
117,"1215",-0.550858795642853
117,"1216",-0.972712397575378
117,"1217",-0.550471842288971
117,"1218",-0.971329987049103
117,"1219",-0.425001710653305
117,"1220",-0.971398055553436
117,"1221",-1
117,"1222",0.786850094795227
117,"1223",-0.564195394515991
117,"1224",0.445200443267822
117,"1225",-0.974680542945862
117,"1226",0.574042081832886
117,"1227",-0.399132698774338
117,"1228",-0.553541779518127
117,"1229",0.430872470140457
117,"1230",0.0938275381922722
117,"1231",-0.429250925779343
117,"1232",-0.967222213745117
117,"1233",-0.560745716094971
117,"1234",-0.648284912109375
117,"1235",-0.191540464758873
117,"1236",0.231814876198769
117,"1237",-0.545746445655823
117,"1238",0.463986128568649
117,"1239",0.433017522096634
117,"1240",0.0806411653757095
117,"1241",0.499345898628235
117,"1242",-0.411675542593002
117,"1243",0.421181917190552
117,"1244",-0.633407354354858
117,"1245",-0.970923483371735
117,"1246",0.691672146320343
117,"1247",-0.970934569835663
117,"1248",-0.971242368221283
117,"1249",-0.563250005245209
117,"1250",0.928687632083893
117,"1251",-0.913307547569275
117,"1252",0.765202343463898
117,"1253",-0.971396684646606
117,"1254",-0.970934569835663
117,"1255",0.33870941400528
117,"1256",0.76283597946167
117,"1257",-0.452128261327744
117,"1258",0.188076600432396
117,"1259",-0.0664130300283432
117,"1260",0.653627157211304
117,"1261",-0.539705336093903
117,"1262",-0.970955610275269
117,"1263",-0.965218245983124
117,"1264",0.589710295200348
118,"803",0.324273228645325
118,"815",-0.806940078735352
118,"843",-0.719089150428772
118,"872",0.195543244481087
118,"915",-0.730579912662506
118,"986",0.254711776971817
118,"1009",-0.791335463523865
118,"1012",0.989967942237854
118,"1013",0.177327424287796
118,"1015",0.764698684215546
118,"1017",-0.808475613594055
118,"1021",-0.765126347541809
118,"1025",-0.804739117622375
118,"1028",-0.671064615249634
118,"1038",0.623449981212616
118,"1039",0.216381520032883
118,"1044",0.537083089351654
118,"1054",-0.660805404186249
118,"1056",0.713915646076202
118,"1059",-0.765440285205841
118,"1060",-0.744121134281158
118,"1061",0.303157836198807
118,"1062",-0.626640856266022
118,"1065",-0.826800286769867
118,"1073",0.789415240287781
118,"1074",0.76195502281189
118,"1075",-0.849621474742889
118,"1077",0.294723093509674
118,"1082",-1
118,"1086",0.749975681304932
118,"1087",0.748095810413361
118,"1099",0.319185227155685
118,"1100",-0.815813958644867
118,"1102",-0.568077325820923
118,"1104",-0.811988472938538
118,"1105",0.269504755735397
118,"1108",-0.647776961326599
118,"1110",0.234372079372406
118,"1114",0.666332364082336
118,"1116",0.195571616292
118,"1117",0.895931363105774
118,"1119",-0.655613362789154
118,"1122",0.976054251194
118,"1127",0.753738760948181
118,"1128",0.932577729225159
118,"1131",-0.685284972190857
118,"1132",-0.737893462181091
118,"1133",-0.814479470252991
118,"1140",-1
118,"1141",0.272269487380981
118,"1142",0.60915070772171
118,"1143",-0.718548655509949
118,"1146",-0.780148327350616
118,"1148",0.616983771324158
118,"1150",-0.815997958183289
118,"1152",-0.823203265666962
118,"1153",0.757640302181244
118,"1157",-0.718279480934143
118,"1159",0.912160038948059
118,"1165",-0.815907001495361
118,"1166",-0.551110208034515
118,"1170",-0.810108840465546
118,"1171",0.764943659305573
118,"1172",-0.800571620464325
118,"1173",0.989967942237854
118,"1174",-0.77503901720047
118,"1175",0.197714805603027
118,"1176",-0.722980082035065
118,"1177",0.716930508613586
118,"1178",0.259501099586487
118,"1180",0.766799688339233
118,"1181",0.69631165266037
118,"1182",0.221792235970497
118,"1183",-0.791446149349213
118,"1184",0.712436437606812
118,"1186",0.728904187679291
118,"1187",-0.81453800201416
118,"1188",0.916392147541046
118,"1189",0.817404508590698
118,"1190",-0.815997958183289
118,"1191",-0.815997958183289
118,"1192",-0.101061947643757
118,"1193",-0.0761214196681976
118,"1194",-0.815997958183289
118,"1195",0.265435844659805
118,"1196",0.222065702080727
118,"1197",-0.639520108699799
118,"1198",-0.815997958183289
118,"1199",-0.918160200119019
118,"1200",-0.40998363494873
118,"1201",-0.0665035173296928
118,"1202",-0.996557056903839
118,"1203",-0.81453800201416
118,"1204",0.643929302692413
118,"1205",0.415539741516113
118,"1206",0.616541981697083
118,"1207",0.710712552070618
118,"1208",0.206947684288025
118,"1209",0.762625396251678
118,"1210",0.924749195575714
118,"1211",1
118,"1212",-0.96342808008194
118,"1213",0.916392147541046
118,"1214",-1
118,"1215",-0.94653594493866
118,"1216",-0.815997958183289
118,"1217",-0.938590824604034
118,"1218",-0.815997958183289
118,"1219",-0.724396109580994
118,"1220",-0.815997958183289
118,"1221",-0.816085398197174
118,"1222",0.681608080863953
118,"1223",-0.975634098052979
118,"1224",0.212953820824623
118,"1225",-0.815077304840088
118,"1226",0.293417721986771
118,"1227",-0.768597781658173
118,"1228",-0.94653594493866
118,"1229",0.204419404268265
118,"1230",-0.0825545340776443
118,"1231",-0.682942390441895
118,"1232",-0.814538836479187
118,"1233",-0.893445134162903
118,"1234",-1
118,"1235",-0.414706110954285
118,"1236",0.00714340433478355
118,"1237",-0.764887988567352
118,"1238",0.240476325154305
118,"1239",0.190436169505119
118,"1240",-0.131626680493355
118,"1241",0.366946071386337
118,"1242",-0.787266314029694
118,"1243",0.177996039390564
118,"1244",-0.772495687007904
118,"1245",-0.815181851387024
118,"1246",0.733797371387482
118,"1247",-0.815997958183289
118,"1248",-1
118,"1249",-0.923236191272736
118,"1250",0.922140836715698
118,"1251",-0.810372471809387
118,"1252",0.755625486373901
118,"1253",-0.815997958183289
118,"1254",-0.815997958183289
118,"1255",0.0644223019480705
118,"1256",0.753048479557037
118,"1257",-0.692487001419067
118,"1258",-0.0220169611275196
118,"1259",-0.230453372001648
118,"1260",0.652303099632263
118,"1261",-0.822714626789093
118,"1262",-0.815997958183289
118,"1263",-0.810108840465546
118,"1264",0.299332410097122
119,"803",0.249482929706573
119,"815",-0.931753993034363
119,"843",-0.801587641239166
119,"872",0.167746752500534
119,"915",-0.893159031867981
119,"986",0.276067793369293
119,"1009",-0.869307935237885
119,"1012",0.9714714884758
119,"1013",0.2203329205513
119,"1015",0.754309356212616
119,"1017",-0.960674464702606
119,"1021",-0.756254494190216
119,"1025",-0.955788612365723
119,"1028",-0.712985515594482
119,"1038",0.557015657424927
119,"1039",0.152492374181747
119,"1044",0.483976393938065
119,"1054",-0.72118729352951
119,"1056",0.593267858028412
119,"1059",-0.743535101413727
119,"1060",-0.756240606307983
119,"1061",0.321779608726501
119,"1062",-0.675361931324005
119,"1065",-0.970845282077789
119,"1073",0.73297393321991
119,"1074",0.810254454612732
119,"1075",-0.782530248165131
119,"1077",0.374732732772827
119,"1082",-1
119,"1086",0.68917191028595
119,"1087",0.693305253982544
119,"1099",0.404224336147308
119,"1100",-0.990716874599457
119,"1102",-0.63856428861618
119,"1104",-0.990641295909882
119,"1105",0.267666697502136
119,"1108",-0.756932199001312
119,"1110",0.2731773853302
119,"1114",0.553422510623932
119,"1116",0.204506382346153
119,"1117",0.89357054233551
119,"1119",-0.718118011951447
119,"1122",0.961799621582031
119,"1127",0.704719066619873
119,"1128",0.885678350925446
119,"1131",-0.718672931194305
119,"1132",-0.746170401573181
119,"1133",-0.986092925071716
119,"1140",-1
119,"1141",0.286250382661819
119,"1142",0.532240569591522
119,"1143",-0.854134261608124
119,"1146",-0.956674039363861
119,"1148",0.595526695251465
119,"1150",-0.991568803787231
119,"1152",-0.833432555198669
119,"1153",0.673321545124054
119,"1157",-0.766817569732666
119,"1159",0.895274043083191
119,"1165",-0.991566896438599
119,"1166",-0.614804089069366
119,"1170",-0.967302143573761
119,"1171",0.711884379386902
119,"1172",-0.960800349712372
119,"1173",0.9714714884758
119,"1174",-0.937694072723389
119,"1175",0.241536542773247
119,"1176",-0.892636239528656
119,"1177",0.751992762088776
119,"1178",0.290706485509872
119,"1180",0.712800562381744
119,"1181",0.627808034420013
119,"1182",0.24051459133625
119,"1183",-0.860361874103546
119,"1184",0.66815847158432
119,"1186",0.688222825527191
119,"1187",-0.986274123191833
119,"1188",0.902224063873291
119,"1189",0.743827521800995
119,"1190",-0.991568803787231
119,"1191",-0.99068295955658
119,"1192",-0.090386837720871
119,"1193",-0.0724106803536415
119,"1194",-0.991568803787231
119,"1195",0.279698967933655
119,"1196",0.164761558175087
119,"1197",-0.734957993030548
119,"1198",-0.990522801876068
119,"1199",-0.929106950759888
119,"1200",-0.395143002271652
119,"1201",-0.0751083791255951
119,"1202",-1
119,"1203",-0.986274123191833
119,"1204",0.579396903514862
119,"1205",0.449349969625473
119,"1206",0.622581303119659
119,"1207",0.625942707061768
119,"1208",0.195613026618958
119,"1209",0.677118003368378
119,"1210",0.911182165145874
119,"1211",1
119,"1212",-0.932984471321106
119,"1213",0.902224063873291
119,"1214",-1
119,"1215",-0.927337169647217
119,"1216",-0.99068146944046
119,"1217",-0.946321785449982
119,"1218",-0.989898800849915
119,"1219",-0.772367656230927
119,"1220",-0.991033732891083
119,"1221",-0.99166065454483
119,"1222",0.661666572093964
119,"1223",-1
119,"1224",0.216262295842171
119,"1225",-0.991213321685791
119,"1226",0.299080014228821
119,"1227",-0.738626778125763
119,"1228",-0.933535397052765
119,"1229",0.194603160023689
119,"1230",-0.080489344894886
119,"1231",-0.837213933467865
119,"1232",-0.986108601093292
119,"1233",-1
119,"1234",-0.932912588119507
119,"1235",-0.387103319168091
119,"1236",0.00916102156043053
119,"1237",-0.808887839317322
119,"1238",0.271547913551331
119,"1239",0.139988958835602
119,"1240",-0.118015356361866
119,"1241",0.340916782617569
119,"1242",-0.774580657482147
119,"1243",0.128521159291267
119,"1244",-0.951468586921692
119,"1245",-0.991060674190521
119,"1246",0.585852205753326
119,"1247",-0.991568803787231
119,"1248",-1
119,"1249",-0.980528473854065
119,"1250",0.91066563129425
119,"1251",-0.986272156238556
119,"1252",0.71067613363266
119,"1253",-0.991568803787231
119,"1254",-0.991568803787231
119,"1255",0.0687935203313828
119,"1256",0.708504557609558
119,"1257",-0.843323767185211
119,"1258",-0.0204522199928761
119,"1259",-0.197625324130058
119,"1260",0.615859806537628
119,"1261",-0.862581849098206
119,"1262",-0.990522801876068
119,"1263",-0.962501466274261
119,"1264",0.319420099258423
120,"803",0.207702144980431
120,"815",-0.839239537715912
120,"843",-0.731943249702454
120,"872",0.238835692405701
120,"915",-0.831841289997101
120,"986",0.389143168926239
120,"1009",-0.851722717285156
120,"1012",1
120,"1013",0.303719401359558
120,"1015",0.750342667102814
120,"1017",-0.994877994060516
120,"1021",-0.699181854724884
120,"1025",-0.992132365703583
120,"1028",-0.680539011955261
120,"1038",0.627113997936249
120,"1039",0.196949124336243
120,"1044",0.577038764953613
120,"1054",-0.701565742492676
120,"1056",0.731522440910339
120,"1059",-0.670358896255493
120,"1060",-0.719453871250153
120,"1061",0.481008589267731
120,"1062",-0.689281225204468
120,"1065",-0.837305665016174
120,"1073",0.741643011569977
120,"1074",0.821786344051361
120,"1075",-0.73458331823349
120,"1077",0.480534136295319
120,"1082",-0.867891311645508
120,"1086",0.713033735752106
120,"1087",0.716962218284607
120,"1099",0.510351002216339
120,"1100",-0.998906791210175
120,"1102",-0.684163153171539
120,"1104",-0.984607815742493
120,"1105",0.288991183042526
120,"1108",-0.699062705039978
120,"1110",0.413930177688599
120,"1114",0.67165595293045
120,"1116",0.220915526151657
120,"1117",0.915504455566406
120,"1119",-0.689168572425842
120,"1122",0.988291501998901
120,"1127",0.756145834922791
120,"1128",0.858980000019073
120,"1131",-0.678376317024231
120,"1132",-0.697806358337402
120,"1133",-0.994877994060516
120,"1140",-0.873830735683441
120,"1141",0.385000735521317
120,"1142",0.606435716152191
120,"1143",-0.776401162147522
120,"1146",-0.989533364772797
120,"1148",0.641875267028809
120,"1150",-0.998934268951416
120,"1152",-0.762998163700104
120,"1153",0.727837800979614
120,"1157",-0.722626209259033
120,"1159",0.909854710102081
120,"1165",-0.998934507369995
120,"1166",-0.589091122150421
120,"1170",-0.998934268951416
120,"1171",0.756031513214111
120,"1172",-0.985276937484741
120,"1173",1
120,"1174",-0.839071273803711
120,"1175",0.424154162406921
120,"1176",-0.805244028568268
120,"1177",0.739979207515717
120,"1178",0.447963684797287
120,"1180",0.743252396583557
120,"1181",0.670981407165527
120,"1182",0.330965012311935
120,"1183",-0.762987196445465
120,"1184",0.748634219169617
120,"1186",0.742709696292877
120,"1187",-0.994877994060516
120,"1188",0.92033588886261
120,"1189",0.776070237159729
120,"1190",-0.998934268951416
120,"1191",-0.999467730522156
120,"1192",-0.0535897649824619
120,"1193",-0.0625575110316277
120,"1194",-0.998934268951416
120,"1195",0.416239738464355
120,"1196",0.210373282432556
120,"1197",-0.669067859649658
120,"1198",-0.998934268951416
120,"1199",-0.854433000087738
120,"1200",-0.452923685312271
120,"1201",-0.0565572716295719
120,"1202",-0.85873818397522
120,"1203",-0.994877994060516
120,"1204",0.625856518745422
120,"1205",0.523278832435608
120,"1206",0.673220276832581
120,"1207",0.743532180786133
120,"1208",0.264279186725616
120,"1209",0.753943920135498
120,"1210",0.930262804031372
120,"1211",0.999691128730774
120,"1212",-0.88444459438324
120,"1213",0.92033588886261
120,"1214",-0.884799838066101
120,"1215",-0.861975014209747
120,"1216",-0.998934268951416
120,"1217",-0.922087073326111
120,"1218",-0.99842357635498
120,"1219",-0.699862957000732
120,"1220",-0.998897194862366
120,"1221",-1
120,"1222",0.750509321689606
120,"1223",-0.864127397537231
120,"1224",0.273062527179718
120,"1225",-0.998313903808594
120,"1226",0.444135874509811
120,"1227",-0.702041685581207
120,"1228",-0.872553467750549
120,"1229",0.260416030883789
120,"1230",-0.0723284408450127
120,"1231",-0.735790014266968
120,"1232",-0.994861125946045
120,"1233",-0.831122875213623
120,"1234",-0.865899860858917
120,"1235",-0.451745063066483
120,"1236",0.0451791398227215
120,"1237",-0.796150922775269
120,"1238",0.285348057746887
120,"1239",0.199299529194832
120,"1240",-0.0770923793315887
120,"1241",0.340711355209351
120,"1242",-0.719369232654572
120,"1243",0.178686887025833
120,"1244",-0.909962713718414
120,"1245",-0.998988509178162
120,"1246",0.618695795536041
120,"1247",-0.998934268951416
120,"1248",-1
120,"1249",-0.831273794174194
120,"1250",0.909106075763702
120,"1251",-0.985522150993347
120,"1252",0.753168046474457
120,"1253",-0.998934268951416
120,"1254",-0.998934268951416
120,"1255",0.116794221103191
120,"1256",0.749212443828583
120,"1257",-0.731101810932159
120,"1258",0.00457471190020442
120,"1259",-0.199653014540672
120,"1260",0.642776548862457
120,"1261",-0.798918426036835
120,"1262",-0.998934268951416
120,"1263",-0.996268630027771
120,"1264",0.491723477840424
121,"803",-0.110301151871681
121,"815",-0.795573890209198
121,"843",-0.811828255653381
121,"872",0.0557231493294239
121,"915",-0.877418875694275
121,"986",0.214221224188805
121,"1009",-0.831157982349396
121,"1012",0.994506895542145
121,"1013",0.139439687132835
121,"1015",0.796254217624664
121,"1017",-0.87464439868927
121,"1021",-0.961282730102539
121,"1025",-0.864596843719482
121,"1028",-0.789415180683136
121,"1038",0.419285953044891
121,"1039",-0.195849731564522
121,"1044",0.386434465646744
121,"1054",-0.771592676639557
121,"1056",0.546653926372528
121,"1059",-0.873104214668274
121,"1060",-0.820332765579224
121,"1061",0.185265377163887
121,"1062",-0.716113150119781
121,"1065",-0.788005173206329
121,"1073",0.860692918300629
121,"1074",0.837141513824463
121,"1075",-0.974058449268341
121,"1077",0.206788331270218
121,"1082",-1
121,"1086",0.72178703546524
121,"1087",0.692300021648407
121,"1099",0.21793258190155
121,"1100",-0.873505473136902
121,"1102",-0.712499737739563
121,"1104",-0.872565865516663
121,"1105",0.113959558308125
121,"1108",-0.754549622535706
121,"1110",0.151825025677681
121,"1114",0.690307319164276
121,"1116",0.000461672025267035
121,"1117",1
121,"1119",-0.777990996837616
121,"1122",0.99422824382782
121,"1127",0.729184091091156
121,"1128",0.959954917430878
121,"1131",-0.838998317718506
121,"1132",-0.819622099399567
121,"1133",-0.87464439868927
121,"1140",-0.876136660575867
121,"1141",0.178014859557152
121,"1142",0.446895599365234
121,"1143",-0.726073145866394
121,"1146",-0.838234126567841
121,"1148",NA
121,"1150",-0.87464439868927
121,"1152",-1
121,"1153",0.783540725708008
121,"1157",-0.728030920028687
121,"1159",0.973588347434998
121,"1165",-0.874637544155121
121,"1166",-0.636468350887299
121,"1170",-0.87464439868927
121,"1171",0.737978100776672
121,"1172",-0.857703149318695
121,"1173",0.994508922100067
121,"1174",-0.776685178279877
121,"1175",0.160897150635719
121,"1176",-0.772611856460571
121,"1177",0.770476818084717
121,"1178",0.201734229922295
121,"1180",0.690681636333466
121,"1181",0.471742033958435
121,"1182",0.16123166680336
121,"1183",-0.75927060842514
121,"1184",0.676270723342896
121,"1186",0.726740658283234
121,"1187",-0.87464439868927
121,"1188",0.994506895542145
121,"1189",0.803157210350037
121,"1190",-0.87464439868927
121,"1191",-0.87352842092514
121,"1192",-0.174927413463593
121,"1193",-0.229951679706573
121,"1194",-0.87464439868927
121,"1195",0.0678833499550819
121,"1196",-0.0212181229144335
121,"1197",-0.737539768218994
121,"1198",-0.873505473136902
121,"1199",-0.794605016708374
121,"1200",-0.55419909954071
121,"1201",-0.195694714784622
121,"1202",-0.887626171112061
121,"1203",-0.87464439868927
121,"1204",0.449514895677567
121,"1205",0.21396142244339
121,"1206",0.48908805847168
121,"1207",0.699322760105133
121,"1208",0.0335057079792023
121,"1209",0.772915542125702
121,"1210",0.99422824382782
121,"1211",0.994512498378754
121,"1212",-1
121,"1213",0.99422949552536
121,"1214",-0.892205119132996
121,"1215",-1
121,"1216",-0.873504877090454
121,"1217",-1
121,"1218",-0.872906506061554
121,"1219",-0.794374883174896
121,"1220",-0.87409895658493
121,"1221",-0.87464439868927
121,"1222",0.896824657917023
121,"1223",-1
121,"1224",0.0335544012486935
121,"1225",-0.874069154262543
121,"1226",0.15445664525032
121,"1227",-0.890995979309082
121,"1228",-1
121,"1229",0.0335726104676723
121,"1230",-0.214384004473686
121,"1231",-0.76652854681015
121,"1232",-0.874691903591156
121,"1233",-0.802753746509552
121,"1234",-0.84776383638382
121,"1235",-0.44501468539238
121,"1236",-0.241122052073479
121,"1237",-0.839684844017029
121,"1238",0.0486743748188019
121,"1239",-0.175033763051033
121,"1240",-0.210984662175179
121,"1241",0.202523395419121
121,"1242",-0.928303182125092
121,"1243",-0.188077494502068
121,"1244",-0.873973488807678
121,"1245",-0.874069154262543
121,"1246",0.452749252319336
121,"1247",-0.87464439868927
121,"1248",-1
121,"1249",-0.844898700714111
121,"1250",0.966838359832764
121,"1251",-0.87464439868927
121,"1252",0.735738813877106
121,"1253",-0.87464439868927
121,"1254",-0.87464439868927
121,"1255",-0.238781094551086
121,"1256",0.735729694366455
121,"1257",-0.765268325805664
121,"1258",-0.229951679706573
121,"1259",-0.233662933111191
121,"1260",0.46234393119812
121,"1261",-0.87830251455307
121,"1262",-0.873505473136902
121,"1263",-0.87464439868927
121,"1264",0.204121455550194
122,"803",0.53804749250412
122,"815",-0.617076575756073
122,"843",-0.559759557247162
122,"872",0.421723127365112
122,"915",-0.666586935520172
122,"986",0.477475553750992
122,"1009",-0.669618606567383
122,"1012",0.994361460208893
122,"1013",0.417722940444946
122,"1015",0.838953375816345
122,"1017",-0.942813277244568
122,"1021",-0.473944216966629
122,"1025",-0.954557716846466
122,"1028",-0.473526686429977
122,"1038",0.72100168466568
122,"1039",0.376956939697266
122,"1044",0.672463655471802
122,"1054",-0.44077405333519
122,"1056",0.794304430484772
122,"1059",-0.519764602184296
122,"1060",-0.4742651283741
122,"1061",0.53688257932663
122,"1062",-0.409855484962463
122,"1065",-0.568053781986237
122,"1073",0.864269256591797
122,"1074",0.906522929668427
122,"1075",-0.486906290054321
122,"1077",0.534915328025818
122,"1082",-0.609539389610291
122,"1086",0.843828439712524
122,"1087",0.769187211990356
122,"1099",0.58064866065979
122,"1100",-0.989674687385559
122,"1102",-0.311105072498322
122,"1104",-1
122,"1105",0.47894161939621
122,"1108",-0.500239849090576
122,"1110",0.474957287311554
122,"1114",0.716602325439453
122,"1116",0.426063627004623
122,"1117",0.952965557575226
122,"1119",-0.425556391477585
122,"1122",0.983100295066833
122,"1127",0.797260105609894
122,"1128",0.97235780954361
122,"1131",-0.514277696609497
122,"1132",-0.408763617277145
122,"1133",-0.974781155586243
122,"1140",-0.572720468044281
122,"1141",0.518280148506165
122,"1142",0.701848208904266
122,"1143",-0.512542963027954
122,"1146",-1
122,"1148",0.735192835330963
122,"1150",-0.987769424915314
122,"1152",-0.483737498521805
122,"1153",0.751376330852509
122,"1157",-0.506342589855194
122,"1159",0.950358152389526
122,"1165",-0.987775206565857
122,"1166",-0.300695836544037
122,"1170",-0.959287524223328
122,"1171",0.794543981552124
122,"1172",-0.953950941562653
122,"1173",0.994361460208893
122,"1174",-0.590133011341095
122,"1175",0.460474848747253
122,"1176",-0.558436632156372
122,"1177",0.821326792240143
122,"1178",0.491488367319107
122,"1180",0.831984162330627
122,"1181",0.781683802604675
122,"1182",0.444344520568848
122,"1183",-0.514680147171021
122,"1184",0.78376966714859
122,"1186",0.783347368240356
122,"1187",-0.974577367305756
122,"1188",0.952762603759766
122,"1189",0.872818231582642
122,"1190",-0.987769424915314
122,"1191",-0.987643122673035
122,"1192",0.1047428175807
122,"1193",0.118615090847015
122,"1194",-0.987769424915314
122,"1195",0.507497370243073
122,"1196",0.431253969669342
122,"1197",-0.449186593294144
122,"1198",-0.987748444080353
122,"1199",-0.52449357509613
122,"1200",-0.130095034837723
122,"1201",0.133330583572388
122,"1202",-0.567465305328369
122,"1203",-0.974577367305756
122,"1204",0.747595608234406
122,"1205",0.598425388336182
122,"1206",0.765288829803467
122,"1207",0.81060528755188
122,"1208",0.431552410125732
122,"1209",0.827039778232574
122,"1210",0.959180474281311
122,"1211",1
122,"1212",-0.670552134513855
122,"1213",0.952762603759766
122,"1214",-0.575547873973846
122,"1215",-0.67217606306076
122,"1216",-0.989666342735291
122,"1217",-0.666836619377136
122,"1218",-0.987820386886597
122,"1219",-0.529856622219086
122,"1220",-0.988470673561096
122,"1221",-1
122,"1222",0.793845295906067
122,"1223",-0.705052852630615
122,"1224",0.439004868268967
122,"1225",-0.991567671298981
122,"1226",0.513102054595947
122,"1227",-0.433859676122665
122,"1228",-0.672378838062286
122,"1229",0.428346544504166
122,"1230",0.107907444238663
122,"1231",-0.503457248210907
122,"1232",-0.974880218505859
122,"1233",-0.568788707256317
122,"1234",-0.601775944232941
122,"1235",-0.146178722381592
122,"1236",0.207281857728958
122,"1237",-0.596671521663666
122,"1238",0.463333666324615
122,"1239",0.370642870664597
122,"1240",0.0907414779067039
122,"1241",0.519053757190704
122,"1242",-0.48588615655899
122,"1243",0.363660305738449
122,"1244",-0.752017378807068
122,"1245",-0.989557087421417
122,"1246",0.842521607875824
122,"1247",-0.987769424915314
122,"1248",-0.986734569072723
122,"1249",-0.55354779958725
122,"1250",0.955576121807098
122,"1251",-0.974689185619354
122,"1252",0.791668593883514
122,"1253",-0.987769424915314
122,"1254",-0.987769424915314
122,"1255",0.291508704423904
122,"1256",0.789889216423035
122,"1257",-0.509416043758392
122,"1258",0.182609736919403
122,"1259",-0.0186275988817215
122,"1260",0.752740263938904
122,"1261",-0.607730984687805
122,"1262",-0.987516105175018
122,"1263",-0.942502558231354
122,"1264",0.534042119979858
123,"803",0.239475801587105
123,"815",-0.887927830219269
123,"843",-0.836828052997589
123,"872",0.213903903961182
123,"915",-0.942887604236603
123,"986",0.318258345127106
123,"1009",-0.889903903007507
123,"1012",0.989381790161133
123,"1013",0.25501823425293
123,"1015",0.738947749137878
123,"1017",-0.941406428813934
123,"1021",-0.859338402748108
123,"1025",-0.93432080745697
123,"1028",-0.77593058347702
123,"1038",0.563933372497559
123,"1039",0.151357680559158
123,"1044",0.532253324985504
123,"1054",-0.759344637393951
123,"1056",0.621748030185699
123,"1059",-0.808164477348328
123,"1060",-0.812196552753448
123,"1061",0.395802915096283
123,"1062",-0.735988259315491
123,"1065",-0.927639067173004
123,"1073",0.754785418510437
123,"1074",0.73896461725235
123,"1075",-0.920645654201508
123,"1077",0.425571978092194
123,"1082",-0.950788140296936
123,"1086",0.728820085525513
123,"1087",0.694530248641968
123,"1099",0.447172701358795
123,"1100",-0.946081280708313
123,"1102",-0.699702382087708
123,"1104",-0.944467842578888
123,"1105",0.284009248018265
123,"1108",-0.747487604618073
123,"1110",0.333389163017273
123,"1114",0.596162438392639
123,"1116",0.210466384887695
123,"1117",0.898582577705383
123,"1119",-0.742736220359802
123,"1122",0.978676915168762
123,"1127",0.694410920143127
123,"1128",0.870717287063599
123,"1131",-0.770159423351288
123,"1132",-0.784812152385712
123,"1133",-0.947937548160553
123,"1140",-1
123,"1141",0.316405951976776
123,"1142",0.545727729797363
123,"1143",-0.78843754529953
123,"1146",-0.928222239017487
123,"1148",0.61835652589798
123,"1150",-0.947937548160553
123,"1152",-0.890682220458984
123,"1153",0.729415774345398
123,"1157",-0.798631489276886
123,"1159",0.896776437759399
123,"1165",-0.947903096675873
123,"1166",-0.607643365859985
123,"1170",-0.941406428813934
123,"1171",0.706348478794098
123,"1172",-0.935297310352325
123,"1173",0.988702595233917
123,"1174",-0.896498560905457
123,"1175",0.321287393569946
123,"1176",-0.857920527458191
123,"1177",0.771288216114044
123,"1178",0.367682844400406
123,"1180",0.73124885559082
123,"1181",0.609905421733856
123,"1182",0.275368869304657
123,"1183",-0.783654689788818
123,"1184",0.665253758430481
123,"1186",0.668961703777313
123,"1187",-0.947937548160553
123,"1188",0.906215965747833
123,"1189",0.782080769538879
123,"1190",-0.947937548160553
123,"1191",-0.946015536785126
123,"1192",-0.0731727480888367
123,"1193",-0.0767491161823273
123,"1194",-0.947937548160553
123,"1195",0.33980393409729
123,"1196",0.199998036026955
123,"1197",-0.711841881275177
123,"1198",-0.946142375469208
123,"1199",-0.866074204444885
123,"1200",-0.469626903533936
123,"1201",-0.0743553563952446
123,"1202",-1
123,"1203",-0.947937548160553
123,"1204",0.556661188602448
123,"1205",0.435908585786819
123,"1206",0.583445131778717
123,"1207",0.646935999393463
123,"1208",0.231526225805283
123,"1209",0.724330723285675
123,"1210",0.915823996067047
123,"1211",1
123,"1212",-1
123,"1213",0.906215965747833
123,"1214",-1
123,"1215",-1
123,"1216",-0.945972979068756
123,"1217",-1
123,"1218",-0.946045815944672
123,"1219",-0.800527334213257
123,"1220",-0.94731080532074
123,"1221",-0.94792515039444
123,"1222",0.609924018383026
123,"1223",-1
123,"1224",0.246224999427795
123,"1225",-0.947641015052795
123,"1226",0.366770356893539
123,"1227",-0.800184369087219
123,"1228",-1
123,"1229",0.226468354463577
123,"1230",-0.0852521508932114
123,"1231",-0.807244122028351
123,"1232",-0.947802066802979
123,"1233",-0.960116267204285
123,"1234",-0.966870903968811
123,"1235",-0.429763615131378
123,"1236",0.0140123590826988
123,"1237",-0.860761404037476
123,"1238",0.274004280567169
123,"1239",0.150728061795235
123,"1240",-0.0962177067995071
123,"1241",0.352186441421509
123,"1242",-0.853484332561493
123,"1243",0.135990262031555
123,"1244",-0.909849643707275
123,"1245",-0.947884619235992
123,"1246",0.60978889465332
123,"1247",-0.947937548160553
123,"1248",-1
123,"1249",-1
123,"1250",0.906743407249451
123,"1251",-0.945430636405945
123,"1252",0.690300464630127
123,"1253",-0.947937548160553
123,"1254",-0.947937548160553
123,"1255",0.0828962549567223
123,"1256",0.689755797386169
123,"1257",-0.817919731140137
123,"1258",-0.0128890443593264
123,"1259",-0.210585474967957
123,"1260",0.580262064933777
123,"1261",-0.921129465103149
123,"1262",-0.946142375469208
123,"1263",-0.941406428813934
123,"1264",0.397140026092529
124,"803",0.0985683277249336
124,"815",-0.604264676570892
124,"843",-0.616244852542877
124,"872",0.113651759922504
124,"915",-0.65516459941864
124,"986",0.264794021844864
124,"1009",-0.659509897232056
124,"1012",0.977416217327118
124,"1013",0.225657477974892
124,"1015",0.840667605400085
124,"1017",-0.661105930805206
124,"1021",-0.764386355876923
124,"1025",-0.665682792663574
124,"1028",-0.579440712928772
124,"1038",0.386675953865051
124,"1039",-0.0121977906674147
124,"1044",0.338992476463318
124,"1054",-0.542241096496582
124,"1056",0.570603370666504
124,"1059",-0.788841426372528
124,"1060",-0.670241594314575
124,"1061",0.230271577835083
124,"1062",-0.540618777275085
124,"1065",-0.625913679599762
124,"1073",0.792653918266296
124,"1074",0.612471759319305
124,"1075",-0.848797082901001
124,"1077",0.22234570980072
124,"1082",-0.753003239631653
124,"1086",0.718365728855133
124,"1087",0.892504513263702
124,"1099",0.22832715511322
124,"1100",-0.664894759654999
124,"1102",-0.495669394731522
124,"1104",-0.661152064800262
124,"1105",0.161589935421944
124,"1108",-0.559179961681366
124,"1110",0.195447713136673
124,"1114",0.692146182060242
124,"1116",0.0979478731751442
124,"1117",0.986057698726654
124,"1119",-0.549625098705292
124,"1122",0.977553844451904
124,"1127",0.810383975505829
124,"1128",1
124,"1131",-0.625879406929016
124,"1132",-0.650290191173553
124,"1133",-0.661105930805206
124,"1140",-0.76833176612854
124,"1141",0.25535860657692
124,"1142",0.388366609811783
124,"1143",-0.573480725288391
124,"1146",-0.640281975269318
124,"1148",NA
124,"1150",-0.669169366359711
124,"1152",-1
124,"1153",0.855078339576721
124,"1157",-0.584993422031403
124,"1159",0.976687729358673
124,"1165",-0.669128656387329
124,"1166",-0.421523183584213
124,"1170",-0.669169366359711
124,"1171",0.846911907196045
124,"1172",-0.652866363525391
124,"1173",0.977416217327118
124,"1174",-0.61327588558197
124,"1175",0.185445502400398
124,"1176",-0.557444155216217
124,"1177",0.841722428798676
124,"1178",0.221729561686516
124,"1180",0.705904483795166
124,"1181",0.427759766578674
124,"1182",0.175990343093872
124,"1183",-0.526252269744873
124,"1184",0.685280919075012
124,"1186",0.802637815475464
124,"1187",-0.661305725574493
124,"1188",0.977416217327118
124,"1189",0.845584332942963
124,"1190",-0.669169366359711
124,"1191",-0.664956331253052
124,"1192",-0.0128324190154672
124,"1193",-0.0102014234289527
124,"1194",-0.669169366359711
124,"1195",0.101727031171322
124,"1196",0.0847389623522758
124,"1197",-0.520380258560181
124,"1198",-0.664894819259644
124,"1199",-0.570359945297241
124,"1200",-0.28483635187149
124,"1201",-0.0179955679923296
124,"1202",-0.782298922538757
124,"1203",-0.661305725574493
124,"1204",0.42305251955986
124,"1205",0.221279293298721
124,"1206",0.446481227874756
124,"1207",0.681228339672089
124,"1208",0.105080075562
124,"1209",0.807521820068359
124,"1210",0.977553904056549
124,"1211",0.977597236633301
124,"1212",-1
124,"1213",0.977416217327118
124,"1214",-0.780498266220093
124,"1215",-1
124,"1216",-0.664894819259644
124,"1217",-1
124,"1218",-0.664882957935333
124,"1219",-0.623017013072968
124,"1220",-0.66853141784668
124,"1221",-0.669169366359711
124,"1222",0.698916792869568
124,"1223",-1
124,"1224",0.130487442016602
124,"1225",-0.669169247150421
124,"1226",0.171695202589035
124,"1227",-0.635962665081024
124,"1228",-1
124,"1229",0.128429397940636
124,"1230",-0.0102434009313583
124,"1231",-0.556874871253967
124,"1232",-0.661267459392548
124,"1233",-0.657951354980469
124,"1234",-0.653169095516205
124,"1235",-0.10195554047823
124,"1236",-0.0297502558678389
124,"1237",-0.619811534881592
124,"1238",0.113045357167721
124,"1239",-0.0112489759922028
124,"1240",0.00995847769081593
124,"1241",0.249926418066025
124,"1242",-0.798154592514038
124,"1243",-0.0102465311065316
124,"1244",-0.656816184520721
124,"1245",-0.669169366359711
124,"1246",0.526987314224243
124,"1247",-0.669169366359711
124,"1248",-1
124,"1249",-0.646199822425842
124,"1250",0.977596640586853
124,"1251",-0.661293745040894
124,"1252",0.847122251987457
124,"1253",-0.669169366359711
124,"1254",-0.669169366359711
124,"1255",-0.0426750332117081
124,"1256",0.847106099128723
124,"1257",-0.599586665630341
124,"1258",-0.0102014234289527
124,"1259",-0.0438031256198883
124,"1260",0.424232661724091
124,"1261",-0.676269233226776
124,"1262",-0.664894819259644
124,"1263",-0.661293745040894
124,"1264",0.21818420290947
125,"803",0.506556868553162
125,"815",-0.657164990901947
125,"843",-0.54917311668396
125,"872",0.399549841880798
125,"915",-0.664440453052521
125,"986",0.507215738296509
125,"1009",-0.650426864624023
125,"1012",0.996613621711731
125,"1013",0.44338721036911
125,"1015",0.805076777935028
125,"1017",-0.978409290313721
125,"1021",-0.458758145570755
125,"1025",-1
125,"1028",-0.450703710317612
125,"1038",0.730901896953583
125,"1039",0.430329710245132
125,"1044",0.695701658725739
125,"1054",-0.428635358810425
125,"1056",0.830697119235992
125,"1059",-0.473677128553391
125,"1060",-0.464184731245041
125,"1061",0.595350861549377
125,"1062",-0.392041087150574
125,"1065",-0.57077294588089
125,"1073",0.815106809139252
125,"1074",0.85979825258255
125,"1075",-0.468771159648895
125,"1077",0.577636182308197
125,"1082",-0.619989156723022
125,"1086",0.797861933708191
125,"1087",0.79196035861969
125,"1099",0.623483598232269
125,"1100",-1
125,"1102",-0.35020387172699
125,"1104",-0.95769327878952
125,"1105",0.483294188976288
125,"1108",-0.474256426095963
125,"1110",0.514498233795166
125,"1114",0.744068145751953
125,"1116",0.429698288440704
125,"1117",0.938040554523468
125,"1119",-0.401435822248459
125,"1122",0.983939707279205
125,"1127",0.821883738040924
125,"1128",0.955007195472717
125,"1131",-0.474116176366806
125,"1132",-0.412964075803757
125,"1133",-0.992934226989746
125,"1140",-0.59011834859848
125,"1141",0.531243085861206
125,"1142",0.718332052230835
125,"1143",-0.515209794044495
125,"1146",-1
125,"1148",0.733567118644714
125,"1150",-0.999938249588013
125,"1152",-0.436301231384277
125,"1153",0.759350657463074
125,"1157",-0.50335693359375
125,"1159",0.9403395652771
125,"1165",-0.999938249588013
125,"1166",-0.299868196249008
125,"1170",-0.986729681491852
125,"1171",0.820313334465027
125,"1172",-0.979906380176544
125,"1173",0.996610820293427
125,"1174",-0.594241499900818
125,"1175",0.509200036525726
125,"1176",-0.553363800048828
125,"1177",0.813547074794769
125,"1178",0.533149659633636
125,"1180",0.825383007526398
125,"1181",0.809589326381683
125,"1182",0.467873990535736
125,"1183",-0.566618800163269
125,"1184",0.807570219039917
125,"1186",0.802742004394531
125,"1187",-0.992934226989746
125,"1188",0.942866563796997
125,"1189",0.831880033016205
125,"1190",-1
125,"1191",-1
125,"1192",0.100794583559036
125,"1193",0.118351832032204
125,"1194",-0.999938249588013
125,"1195",0.522886514663696
125,"1196",0.435216128826141
125,"1197",-0.416046947240829
125,"1198",-0.999526619911194
125,"1199",-0.577847480773926
125,"1200",-0.156870499253273
125,"1201",0.126197099685669
125,"1202",-0.575808823108673
125,"1203",-0.992794215679169
125,"1204",0.747111320495605
125,"1205",0.645185232162476
125,"1206",0.753860950469971
125,"1207",0.798521161079407
125,"1208",0.434463143348694
125,"1209",0.8111412525177
125,"1210",0.951718211174011
125,"1211",1
125,"1212",-0.625635623931885
125,"1213",0.942866563796997
125,"1214",-0.595540761947632
125,"1215",-0.614167630672455
125,"1216",-1
125,"1217",-0.611103713512421
125,"1218",-0.999938249588013
125,"1219",-0.500047028064728
125,"1220",-0.999938249588013
125,"1221",-1
125,"1222",0.785475075244904
125,"1223",-0.630112171173096
125,"1224",0.447023034095764
125,"1225",-1
125,"1226",0.56030398607254
125,"1227",-0.439557313919067
125,"1228",-0.614168763160706
125,"1229",0.42941752076149
125,"1230",0.105659656226635
125,"1231",-0.459202915430069
125,"1232",-0.992860913276672
125,"1233",-0.574110627174377
125,"1234",-0.639220356941223
125,"1235",-0.190695106983185
125,"1236",0.229386508464813
125,"1237",-0.567655622959137
125,"1238",0.474718391895294
125,"1239",0.423375368118286
125,"1240",0.0857794359326363
125,"1241",0.527545988559723
125,"1242",-0.463559091091156
125,"1243",0.412527948617935
125,"1244",-0.694576919078827
125,"1245",-1
125,"1246",0.834633231163025
125,"1247",-0.999917030334473
125,"1248",-0.999938249588013
125,"1249",-0.551949858665466
125,"1250",0.944386541843414
125,"1251",-0.948102414608002
125,"1252",0.814608335494995
125,"1253",-0.999938249588013
125,"1254",-0.999938249588013
125,"1255",0.327574700117111
125,"1256",0.809520363807678
125,"1257",-0.476850032806396
125,"1258",0.195451691746712
125,"1259",-0.0506879277527332
125,"1260",0.739705204963684
125,"1261",-0.572112619876862
125,"1262",-0.999350428581238
125,"1263",-0.978414118289948
125,"1264",0.58955454826355
126,"803",0.294808924198151
126,"815",-0.906306326389313
126,"843",-0.786316752433777
126,"872",0.26128613948822
126,"915",-0.931808292865753
126,"986",0.349332183599472
126,"1009",-0.921896159648895
126,"1012",1
126,"1013",0.282813400030136
126,"1015",0.722574770450592
126,"1017",-0.977541208267212
126,"1021",-0.740932404994965
126,"1025",-0.982160627841949
126,"1028",-0.722460687160492
126,"1038",0.622073650360107
126,"1039",0.218108579516411
126,"1044",0.562198638916016
126,"1054",-0.712330460548401
126,"1056",0.633381903171539
126,"1059",-0.751231968402863
126,"1060",-0.757784724235535
126,"1061",0.464002668857574
126,"1062",-0.728834688663483
126,"1065",-0.938557744026184
126,"1073",0.720489323139191
126,"1074",0.823203921318054
126,"1075",-0.788760602474213
126,"1077",0.450326889753342
126,"1082",-0.91599315404892
126,"1086",0.683349311351776
126,"1087",0.702873766422272
126,"1099",0.488005995750427
126,"1100",-0.986948013305664
126,"1102",-0.678408145904541
126,"1104",-0.973939299583435
126,"1105",0.318645685911179
126,"1108",-0.740494132041931
126,"1110",0.376134991645813
126,"1114",0.642395913600922
126,"1116",0.245792970061302
126,"1117",0.902712404727936
126,"1119",-0.691584646701813
126,"1122",0.988630354404449
126,"1127",0.718704700469971
126,"1128",0.884775996208191
126,"1131",-0.719972372055054
126,"1132",-0.724886655807495
126,"1133",-0.977541208267212
126,"1140",-1
126,"1141",0.36645519733429
126,"1142",0.562771677970886
126,"1143",-0.819828510284424
126,"1146",-0.980204522609711
126,"1148",0.634644389152527
126,"1150",-0.988243281841278
126,"1152",-0.798788785934448
126,"1153",0.726129531860352
126,"1157",-0.767306745052338
126,"1159",0.899208307266235
126,"1165",-0.988329410552979
126,"1166",-0.580524861812592
126,"1170",-0.988243281841278
126,"1171",0.739236056804657
126,"1172",-0.984489142894745
126,"1173",1
126,"1174",-0.916065037250519
126,"1175",0.370838135480881
126,"1176",-0.839492499828339
126,"1177",0.746499300003052
126,"1178",0.41157740354538
126,"1180",0.688089787960052
126,"1181",0.621556401252747
126,"1182",0.302800893783569
126,"1183",-0.771234333515167
126,"1184",0.666988492012024
126,"1186",0.707908391952515
126,"1187",-0.978047907352448
126,"1188",0.905479252338409
126,"1189",0.7578444480896
126,"1190",-0.988243281841278
126,"1191",-0.987338006496429
126,"1192",-0.106142565608025
126,"1193",-0.0964620932936668
126,"1194",-0.988243281841278
126,"1195",0.430529743432999
126,"1196",0.256085008382797
126,"1197",-0.700844645500183
126,"1198",-0.987338006496429
126,"1199",-0.883647978305817
126,"1200",-0.466391980648041
126,"1201",-0.0941201820969582
126,"1202",-0.99219822883606
126,"1203",-0.978047907352448
126,"1204",0.576617956161499
126,"1205",0.484252005815506
126,"1206",0.603983044624329
126,"1207",0.652289688587189
126,"1208",0.278203308582306
126,"1209",0.71980232000351
126,"1210",0.916753709316254
126,"1211",0.999166011810303
126,"1212",-0.965300321578979
126,"1213",0.905479252338409
126,"1214",-1
126,"1215",-0.971521556377411
126,"1216",-0.986954092979431
126,"1217",-1
126,"1218",-0.987391471862793
126,"1219",-0.739242076873779
126,"1220",-0.987772107124329
126,"1221",-0.98868316411972
126,"1222",0.732675671577454
126,"1223",-0.972043395042419
126,"1224",0.288827627897263
126,"1225",-0.987764358520508
126,"1226",0.433393925428391
126,"1227",-0.721670150756836
126,"1228",-0.983402967453003
126,"1229",0.269607752561569
126,"1230",-0.113397926092148
126,"1231",-0.758249759674072
126,"1232",-0.977933406829834
126,"1233",-0.934498250484467
126,"1234",-0.882843494415283
126,"1235",-0.473199307918549
126,"1236",0.0245094709098339
126,"1237",-0.82305246591568
126,"1238",0.298406541347504
126,"1239",0.212658926844597
126,"1240",-0.125112995505333
126,"1241",0.359736621379852
126,"1242",-0.776478409767151
126,"1243",0.198351517319679
126,"1244",-0.896678924560547
126,"1245",-0.988034546375275
126,"1246",0.587915897369385
126,"1247",-0.988243281841278
126,"1248",-1
126,"1249",-0.870753824710846
126,"1250",0.906291127204895
126,"1251",-0.97496235370636
126,"1252",0.739914059638977
126,"1253",-0.988243281841278
126,"1254",-0.988243281841278
126,"1255",0.126253232359886
126,"1256",0.736579060554504
126,"1257",-0.76626181602478
126,"1258",-0.0120134027674794
126,"1259",-0.277927428483963
126,"1260",0.599996089935303
126,"1261",-0.83490651845932
126,"1262",-0.987338006496429
126,"1263",-0.978047907352448
126,"1264",0.454937368631363
127,"803",0.356388419866562
127,"815",-0.766253709793091
127,"843",-0.712124407291412
127,"872",0.232520237565041
127,"915",-0.787974834442139
127,"986",0.315179318189621
127,"1009",-0.747545838356018
127,"1012",0.968072235584259
127,"1013",0.264697998762131
127,"1015",0.728514432907104
127,"1017",-0.776355266571045
127,"1021",-0.795716404914856
127,"1025",-0.757727146148682
127,"1028",-0.67469584941864
127,"1038",0.521450221538544
127,"1039",0.131314322352409
127,"1044",0.540548503398895
127,"1054",-0.660202145576477
127,"1056",0.651854455471039
127,"1059",-0.788160026073456
127,"1060",-0.731784284114838
127,"1061",0.354434907436371
127,"1062",-0.623058378696442
127,"1065",-0.796769738197327
127,"1073",0.735630393028259
127,"1074",0.815184891223907
127,"1075",-0.842918276786804
127,"1077",0.415683269500732
127,"1082",-1
127,"1086",0.713078737258911
127,"1087",0.690794706344604
127,"1099",0.436245858669281
127,"1100",-0.788178503513336
127,"1102",-0.608253419399261
127,"1104",-0.784031450748444
127,"1105",0.371582478284836
127,"1108",-0.65607100725174
127,"1110",0.295693039894104
127,"1114",0.669637382030487
127,"1116",0.267023593187332
127,"1117",0.898741245269775
127,"1119",-0.656219780445099
127,"1122",0.957171320915222
127,"1127",0.728929162025452
127,"1128",0.908810198307037
127,"1131",-0.689471960067749
127,"1132",-0.734979629516602
127,"1133",-0.787517488002777
127,"1140",-0.923088312149048
127,"1141",0.319399327039719
127,"1142",0.552186846733093
127,"1143",-0.707961797714233
127,"1146",-0.76013594865799
127,"1148",0.628396272659302
127,"1150",-0.788407921791077
127,"1152",-0.885758340358734
127,"1153",0.701360940933228
127,"1157",-0.6352379322052
127,"1159",0.896468460559845
127,"1165",-0.788407921791077
127,"1166",-0.542015671730042
127,"1170",-0.777210533618927
127,"1171",0.728932917118073
127,"1172",-0.769383132457733
127,"1173",0.968072235584259
127,"1174",-0.731533527374268
127,"1175",0.273986577987671
127,"1176",-0.705953299999237
127,"1177",0.754261076450348
127,"1178",0.312156230211258
127,"1180",0.712843775749207
127,"1181",0.639709889888763
127,"1182",0.275907963514328
127,"1183",-0.723385572433472
127,"1184",0.723556935787201
127,"1186",0.723174750804901
127,"1187",-0.787444472312927
127,"1188",0.900503158569336
127,"1189",0.757654428482056
127,"1190",-0.788344085216522
127,"1191",-0.788443505764008
127,"1192",-0.137150496244431
127,"1193",-0.105256430804729
127,"1194",-0.788407921791077
127,"1195",0.273449063301086
127,"1196",0.248902052640915
127,"1197",-0.634569644927979
127,"1198",-0.788407921791077
127,"1199",-0.825750768184662
127,"1200",-0.415881603956223
127,"1201",-0.0965109542012215
127,"1202",-0.909149885177612
127,"1203",-0.787444472312927
127,"1204",0.593464314937592
127,"1205",0.445852488279343
127,"1206",0.586001634597778
127,"1207",0.719653248786926
127,"1208",0.246629044413567
127,"1209",0.694829165935516
127,"1210",0.907906472682953
127,"1211",1
127,"1212",-1
127,"1213",0.900503158569336
127,"1214",-0.93572461605072
127,"1215",-0.982697010040283
127,"1216",-0.788398146629333
127,"1217",-0.974919617176056
127,"1218",-0.788344085216522
127,"1219",-0.696306705474854
127,"1220",-0.788407921791077
127,"1221",-0.788464486598969
127,"1222",0.733501851558685
127,"1223",-1
127,"1224",0.270995110273361
127,"1225",-0.78794938325882
127,"1226",0.329000651836395
127,"1227",-0.783287882804871
127,"1228",-0.997977375984192
127,"1229",0.24653048813343
127,"1230",-0.112842224538326
127,"1231",-0.683978676795959
127,"1232",-0.787501990795135
127,"1233",-0.813334822654724
127,"1234",-0.866328239440918
127,"1235",-0.350037455558777
127,"1236",-0.0208679959177971
127,"1237",-0.740715324878693
127,"1238",0.349764078855515
127,"1239",0.143202409148216
127,"1240",-0.158981159329414
127,"1241",0.430813550949097
127,"1242",-0.797661781311035
127,"1243",0.130174204707146
127,"1244",-0.767260134220123
127,"1245",-0.787997603416443
127,"1246",0.625530242919922
127,"1247",-0.788344085216522
127,"1248",-1
127,"1249",-0.862004935741425
127,"1250",0.921171426773071
127,"1251",-0.785238444805145
127,"1252",0.729035377502441
127,"1253",-0.788344085216522
127,"1254",-0.788344085216522
127,"1255",0.0464132577180862
127,"1256",0.727256298065186
127,"1257",-0.69718986749649
127,"1258",-0.0509654954075813
127,"1259",-0.247064262628555
127,"1260",0.593926012516022
127,"1261",-0.802656292915344
127,"1262",-0.788344085216522
127,"1263",-0.777210533618927
127,"1264",0.355412840843201
128,"803",0.25084775686264
128,"815",-0.899628937244415
128,"843",-0.736882984638214
128,"872",0.178939953446388
128,"915",-0.810605704784393
128,"986",0.271093636751175
128,"1009",-0.850304186344147
128,"1012",0.970689356327057
128,"1013",0.221098244190216
128,"1015",0.750625729560852
128,"1017",-0.948292255401611
128,"1021",-0.713171005249023
128,"1025",-0.946658849716187
128,"1028",-0.682376801967621
128,"1038",0.581137478351593
128,"1039",0.184838578104973
128,"1044",0.528135240077972
128,"1054",-0.680981576442719
128,"1056",0.669416606426239
128,"1059",-0.709637820720673
128,"1060",-0.725523293018341
128,"1061",0.304384618997574
128,"1062",-0.63289338350296
128,"1065",-0.93516081571579
128,"1073",0.755686163902283
128,"1074",0.832069516181946
128,"1075",-0.732199728488922
128,"1077",0.315918892621994
128,"1082",-1
128,"1086",0.71455717086792
128,"1087",0.698890507221222
128,"1099",0.34857577085495
128,"1100",-0.980268001556396
128,"1102",-0.649270415306091
128,"1104",-0.966538488864899
128,"1105",0.273219585418701
128,"1108",-0.767142474651337
128,"1110",0.246182009577751
128,"1114",0.6949343085289
128,"1116",0.215705007314682
128,"1117",0.893243134021759
128,"1119",-0.668803095817566
128,"1122",0.95858907699585
128,"1127",0.72785884141922
128,"1128",0.885394155979156
128,"1131",-0.685552477836609
128,"1132",-0.697496592998505
128,"1133",-0.971528172492981
128,"1140",-1
128,"1141",0.286526024341583
128,"1142",0.589190483093262
128,"1143",-0.837680518627167
128,"1146",-0.944522142410278
128,"1148",0.606272995471954
128,"1150",-0.980057060718536
128,"1152",-0.816141545772552
128,"1153",0.71095198392868
128,"1157",-0.766146838665009
128,"1159",0.897671937942505
128,"1165",-0.980057060718536
128,"1166",-0.602980554103851
128,"1170",-0.958834052085876
128,"1171",0.727986812591553
128,"1172",-0.955969750881195
128,"1173",0.970689356327057
128,"1174",-0.894796073436737
128,"1175",0.223321720957756
128,"1176",-0.833954334259033
128,"1177",0.702566146850586
128,"1178",0.263672977685928
128,"1180",0.734141051769257
128,"1181",0.650836110115051
128,"1182",0.252617478370667
128,"1183",-0.896474659442902
128,"1184",0.720139920711517
128,"1186",0.722156703472137
128,"1187",-0.971770942211151
128,"1188",0.905379414558411
128,"1189",0.771052539348602
128,"1190",-0.980057060718536
128,"1191",-0.980150103569031
128,"1192",-0.0572850666940212
128,"1193",-0.0433685220777988
128,"1194",-0.980057060718536
128,"1195",0.253340572118759
128,"1196",0.178514897823334
128,"1197",-0.709683179855347
128,"1198",-0.980057060718536
128,"1199",-0.932397127151489
128,"1200",-0.306946009397507
128,"1201",-0.0421945676207542
128,"1202",-0.975178718566895
128,"1203",-0.971770942211151
128,"1204",0.621050655841827
128,"1205",0.432299166917801
128,"1206",0.619756996631622
128,"1207",0.741261661052704
128,"1208",0.202938377857208
128,"1209",0.711055338382721
128,"1210",0.912998855113983
128,"1211",1
128,"1212",-0.882643163204193
128,"1213",0.905379414558411
128,"1214",-1
128,"1215",-0.910905361175537
128,"1216",-0.980219662189484
128,"1217",-0.929862797260284
128,"1218",-0.980057060718536
128,"1219",-0.7305046916008
128,"1220",-0.980057060718536
128,"1221",-0.980148196220398
128,"1222",0.727564215660095
128,"1223",-0.979500412940979
128,"1224",0.215571239590645
128,"1225",-0.979717016220093
128,"1226",0.291893273591995
128,"1227",-0.710642039775848
128,"1228",-0.910905361175537
128,"1229",0.209177657961845
128,"1230",-0.0492469556629658
128,"1231",-0.780694544315338
128,"1232",-0.971611320972443
128,"1233",-0.935910880565643
128,"1234",-0.845085144042969
128,"1235",-0.319898843765259
128,"1236",0.0341704599559307
128,"1237",-0.781299829483032
128,"1238",0.264058351516724
128,"1239",0.163882985711098
128,"1240",-0.0779005140066147
128,"1241",0.360008388757706
128,"1242",-0.744377374649048
128,"1243",0.151278793811798
128,"1244",-0.928427994251251
128,"1245",-0.979648947715759
128,"1246",0.642764806747437
128,"1247",-0.980057060718536
128,"1248",-1
128,"1249",-0.879820168018341
128,"1250",0.909839570522308
128,"1251",-0.968081891536713
128,"1252",0.727934539318085
128,"1253",-0.980057060718536
128,"1254",-0.980057060718536
128,"1255",0.0875501483678818
128,"1256",0.726275622844696
128,"1257",-0.800223648548126
128,"1258",0.00401447154581547
128,"1259",-0.15865395963192
128,"1260",0.627500116825104
128,"1261",-0.81814581155777
128,"1262",-0.980057060718536
128,"1263",-0.949988722801208
128,"1264",0.312485247850418
129,"803",-0.0905639454722404
129,"815",-0.826854646205902
129,"843",-0.772551000118256
129,"872",-0.0936555713415146
129,"915",-0.866411864757538
129,"986",0.00592268723994493
129,"1009",-0.880668222904205
129,"1012",0.908698081970215
129,"1013",-0.0579725801944733
129,"1015",0.710497856140137
129,"1017",-0.929515779018402
129,"1021",-0.700605928897858
129,"1025",-0.921469986438751
129,"1028",-0.69001579284668
129,"1038",0.335590094327927
129,"1039",-0.162291780114174
129,"1044",0.172272711992264
129,"1054",-0.696088969707489
129,"1056",0.465833902359009
129,"1059",-0.769941389560699
129,"1060",-0.726567447185516
129,"1061",-0.0349740944802761
129,"1062",-0.669039666652679
129,"1065",-0.819651067256927
129,"1073",0.695807099342346
129,"1074",0.710932075977325
129,"1075",-0.780355095863342
129,"1077",-0.0845645070075989
129,"1082",-1
129,"1086",0.59252792596817
129,"1087",0.524287521839142
129,"1099",-0.0608693473041058
129,"1100",-0.933194220066071
129,"1102",-0.675235331058502
129,"1104",-0.92385071516037
129,"1105",-0.0938872024416924
129,"1108",-0.731739342212677
129,"1110",-0.102328889071941
129,"1114",0.523264527320862
129,"1116",-0.132870510220528
129,"1117",0.878336250782013
129,"1119",-0.723463416099548
129,"1122",0.908683061599731
129,"1127",0.589793264865875
129,"1128",1
129,"1131",-0.709574341773987
129,"1132",-0.679969668388367
129,"1133",-0.929515779018402
129,"1140",-0.87430477142334
129,"1141",-0.00145926920231432
129,"1142",0.321071147918701
129,"1143",-0.832297503948212
129,"1146",-0.903159499168396
129,"1148",NA
129,"1150",-0.934846520423889
129,"1152",-1
129,"1153",0.632805705070496
129,"1157",-0.785190105438232
129,"1159",0.907196819782257
129,"1165",-0.934846520423889
129,"1166",-0.585137784481049
129,"1170",-0.934846520423889
129,"1171",0.589298009872437
129,"1172",-0.918552219867706
129,"1173",0.908683180809021
129,"1174",-0.799258172512054
129,"1175",-0.0699218884110451
129,"1176",-0.737091362476349
129,"1177",0.57036942243576
129,"1178",-0.0963068678975105
129,"1180",0.59436172246933
129,"1181",0.372880518436432
129,"1182",-0.0321940071880817
129,"1183",-0.775368452072144
129,"1184",0.566811561584473
129,"1186",0.584490180015564
129,"1187",-0.929748177528381
129,"1188",0.908683180809021
129,"1189",0.672612905502319
129,"1190",-0.934846520423889
129,"1191",-0.933244347572327
129,"1192",-0.22098571062088
129,"1193",-0.276501595973969
129,"1194",-0.934846520423889
129,"1195",-0.147349864244461
129,"1196",-0.124037444591522
129,"1197",-0.764388620853424
129,"1198",-0.933194220066071
129,"1199",-0.79522967338562
129,"1200",-0.534663200378418
129,"1201",-0.274068206548691
129,"1202",-0.877817392349243
129,"1203",-0.929748177528381
129,"1204",0.35490745306015
129,"1205",0.0660244151949883
129,"1206",0.39691424369812
129,"1207",0.595339953899384
129,"1208",-0.13312940299511
129,"1209",0.643944799900055
129,"1210",0.908683180809021
129,"1211",0.908683180809021
129,"1212",-1
129,"1213",0.908683180809021
129,"1214",-0.893198072910309
129,"1215",-1
129,"1216",-0.933186113834381
129,"1217",-1
129,"1218",-0.930522918701172
129,"1219",-0.764825820922852
129,"1220",-0.934369504451752
129,"1221",-0.934846520423889
129,"1222",0.670525014400482
129,"1223",-1
129,"1224",-0.122405454516411
129,"1225",-0.934846520423889
129,"1226",-0.0484815873205662
129,"1227",-0.693899154663086
129,"1228",-1
129,"1229",-0.167097270488739
129,"1230",-0.267724871635437
129,"1231",-0.71435135602951
129,"1232",-0.929748177528381
129,"1233",-0.831434667110443
129,"1234",-0.822600781917572
129,"1235",-0.337884098291397
129,"1236",-0.289783596992493
129,"1237",-0.814474940299988
129,"1238",-0.111622676253319
129,"1239",-0.22909976541996
129,"1240",-0.246659845113754
129,"1241",0.0136515246704221
129,"1242",-0.754757404327393
129,"1243",-0.239643201231956
129,"1244",-0.917531490325928
129,"1245",-0.934846520423889
129,"1246",0.387621641159058
129,"1247",-0.934846520423889
129,"1248",-1
129,"1249",-0.798444330692291
129,"1250",0.907543182373047
129,"1251",-0.922370970249176
129,"1252",0.585112333297729
129,"1253",-0.934846520423889
129,"1254",-0.934846520423889
129,"1255",-0.273926287889481
129,"1256",0.585106372833252
129,"1257",-0.7981818318367
129,"1258",-0.299798458814621
129,"1259",-0.30684307217598
129,"1260",0.355017125606537
129,"1261",-0.850344002246857
129,"1262",-0.933194220066071
129,"1263",-0.931067526340485
129,"1264",-0.0340251550078392
130,"803",0.37873312830925
130,"815",-0.288121581077576
130,"843",-0.284919112920761
130,"872",0.303934514522552
130,"915",-0.366391450166702
130,"986",0.303727149963379
130,"1009",-0.282658100128174
130,"1012",0.982084333896637
130,"1013",0.280269235372543
130,"1015",0.857490539550781
130,"1017",-0.285211116075516
130,"1021",-0.423428982496262
130,"1025",-0.266572296619415
130,"1028",-0.289287924766541
130,"1038",0.605428576469421
130,"1039",0.216572895646095
130,"1044",0.548472464084625
130,"1054",-0.247095331549644
130,"1056",0.673901200294495
130,"1059",-0.437750846147537
130,"1060",-0.345145642757416
130,"1061",0.290606528520584
130,"1062",-0.196566432714462
130,"1065",-0.340677827596664
130,"1073",0.994410753250122
130,"1074",0.863639414310455
130,"1075",-0.473951816558838
130,"1077",0.263316243886948
130,"1082",-0.518336951732635
130,"1086",0.782510459423065
130,"1087",0.855527460575104
130,"1099",0.290303975343704
130,"1100",-0.289271712303162
130,"1102",-0.24760565161705
130,"1104",-0.280855119228363
130,"1105",0.327297776937485
130,"1108",-0.262496590614319
130,"1110",0.236725270748138
130,"1114",0.788644671440125
130,"1116",0.271743804216385
130,"1117",0.950202167034149
130,"1119",-0.245743319392204
130,"1122",0.982224941253662
130,"1127",0.829559087753296
130,"1128",0.982084333896637
130,"1131",-0.287767291069031
130,"1132",-0.349871784448624
130,"1133",-0.287757366895676
130,"1140",-0.993573844432831
130,"1141",0.31020799279213
130,"1142",0.58114767074585
130,"1143",-0.258748978376389
130,"1146",-0.279288709163666
130,"1148",NA
130,"1150",-0.290017753839493
130,"1152",-0.58711189031601
130,"1153",0.858578562736511
130,"1157",-0.257575899362564
130,"1159",0.980419039726257
130,"1165",-0.289956122636795
130,"1166",-0.214309215545654
130,"1170",-0.287552922964096
130,"1171",0.842415988445282
130,"1172",-0.28739982843399
130,"1173",0.982224702835083
130,"1174",-0.278587102890015
130,"1175",0.203108489513397
130,"1176",-0.24091862142086
130,"1177",0.802044630050659
130,"1178",0.248579025268555
130,"1180",0.781259179115295
130,"1181",0.614867329597473
130,"1182",0.291114121675491
130,"1183",-0.28154781460762
130,"1184",0.78452080488205
130,"1186",0.826728165149689
130,"1187",-0.287829965353012
130,"1188",0.982084333896637
130,"1189",0.872939169406891
130,"1190",-0.289960294961929
130,"1191",-0.289310544729233
130,"1192",0.128993704915047
130,"1193",0.135752752423286
130,"1194",-0.290017753839493
130,"1195",0.246731266379356
130,"1196",0.285351246595383
130,"1197",-0.241308018565178
130,"1198",-0.289319038391113
130,"1199",-0.432754963636398
130,"1200",0.0113603854551911
130,"1201",0.143947958946228
130,"1202",-0.970346212387085
130,"1203",-0.287829965353012
130,"1204",0.611624002456665
130,"1205",0.383291989564896
130,"1206",0.616637289524078
130,"1207",0.788825035095215
130,"1208",0.274306029081345
130,"1209",0.82714182138443
130,"1210",0.982224941253662
130,"1211",1
130,"1212",-0.527145504951477
130,"1213",0.982084333896637
130,"1214",-1
130,"1215",-0.516867399215698
130,"1216",-0.289319038391113
130,"1217",-0.516239523887634
130,"1218",-0.290017753839493
130,"1219",-0.266530513763428
130,"1220",-0.290017753839493
130,"1221",-0.290017753839493
130,"1222",0.863352417945862
130,"1223",-0.52823680639267
130,"1224",0.27907457947731
130,"1225",-0.289687216281891
130,"1226",0.283247172832489
130,"1227",-0.420015931129456
130,"1228",-0.530253767967224
130,"1229",0.301961481571198
130,"1230",0.141060724854469
130,"1231",-0.268550634384155
130,"1232",-0.287734359502792
130,"1233",-0.99552857875824
130,"1234",-0.398129612207413
130,"1235",0.0353739820420742
130,"1236",0.128025904297829
130,"1237",-0.283346891403198
130,"1238",0.309673964977264
130,"1239",0.162011668086052
130,"1240",0.101345844566822
130,"1241",0.454924166202545
130,"1242",-0.44836950302124
130,"1243",0.163318455219269
130,"1244",-0.286106735467911
130,"1245",-0.289628893136978
130,"1246",0.642260611057281
130,"1247",-0.290017753839493
130,"1248",-0.92345929145813
130,"1249",-0.540146589279175
130,"1250",0.995661556720734
130,"1251",-0.287829965353012
130,"1252",0.840243101119995
130,"1253",-0.290017753839493
130,"1254",-0.290017753839493
130,"1255",0.117311827838421
130,"1256",0.84015965461731
130,"1257",-0.274531871080399
130,"1258",0.126167789101601
130,"1259",0.120190359652042
130,"1260",0.612461030483246
130,"1261",-0.33926996588707
130,"1262",-0.289319038391113
130,"1263",-0.286128103733063
130,"1264",0.28426268696785
131,"803",0.312616050243378
131,"815",-0.627015888690948
131,"843",-0.53019106388092
131,"872",0.295196801424026
131,"915",-0.590570747852325
131,"986",0.442775040864944
131,"1009",-0.630156576633453
131,"1012",1
131,"1013",0.370257675647736
131,"1015",0.809992790222168
131,"1017",-0.979506492614746
131,"1021",-0.439276695251465
131,"1025",-0.999723374843597
131,"1028",-0.439848929643631
131,"1038",0.617735087871552
131,"1039",0.290573418140411
131,"1044",0.548005998134613
131,"1054",-0.45675727725029
131,"1056",0.700531959533691
131,"1059",-0.427141398191452
131,"1060",-0.469985812902451
131,"1061",0.478203266859055
131,"1062",-0.401197016239166
131,"1065",-0.59468811750412
131,"1073",0.794382154941559
131,"1074",0.784469187259674
131,"1075",-0.488144040107727
131,"1077",0.4453264772892
131,"1082",-0.586059093475342
131,"1086",0.763731837272644
131,"1087",0.784469723701477
131,"1099",0.470255047082901
131,"1100",-0.984348595142365
131,"1102",-0.3675636947155
131,"1104",-1
131,"1105",0.338988304138184
131,"1108",-0.399988919496536
131,"1110",0.420077711343765
131,"1114",0.772920191287994
131,"1116",0.301090478897095
131,"1117",0.942431747913361
131,"1119",-0.45360603928566
131,"1122",0.992686152458191
131,"1127",0.809917151927948
131,"1128",0.937693178653717
131,"1131",-0.434549778699875
131,"1132",-0.427771240472794
131,"1133",-0.979028224945068
131,"1140",-0.600611746311188
131,"1141",0.446685761213303
131,"1142",0.610466480255127
131,"1143",-0.532135128974915
131,"1146",-0.981225430965424
131,"1148",0.687874853610992
131,"1150",-0.984935343265533
131,"1152",-0.478864073753357
131,"1153",0.795332431793213
131,"1157",-0.505259454250336
131,"1159",0.949717938899994
131,"1165",-0.984935343265533
131,"1166",-0.334422171115875
131,"1170",-0.984854102134705
131,"1171",0.807819187641144
131,"1172",-0.975041925907135
131,"1173",1
131,"1174",-0.602550566196442
131,"1175",0.428543478250504
131,"1176",-0.518930315971375
131,"1177",0.776049137115479
131,"1178",0.428910046815872
131,"1180",0.784744560718536
131,"1181",0.664995670318604
131,"1182",0.407840937376022
131,"1183",-0.551342964172363
131,"1184",0.792986273765564
131,"1186",0.796315908432007
131,"1187",-0.979308307170868
131,"1188",0.95172780752182
131,"1189",0.823742032051086
131,"1190",-0.984935343265533
131,"1191",-0.999018728733063
131,"1192",0.0729143396019936
131,"1193",0.0755464360117912
131,"1194",-0.983111441135406
131,"1195",0.401295006275177
131,"1196",0.298281371593475
131,"1197",-0.368823051452637
131,"1198",-0.984935343265533
131,"1199",-0.614860653877258
131,"1200",-0.233417063951492
131,"1201",0.0853553935885429
131,"1202",-0.600997626781464
131,"1203",-0.978653967380524
131,"1204",0.642828404903412
131,"1205",0.561730742454529
131,"1206",0.630989253520966
131,"1207",0.793730020523071
131,"1208",0.331755995750427
131,"1209",0.81379109621048
131,"1210",0.959421694278717
131,"1211",0.999630808830261
131,"1212",-0.618496000766754
131,"1213",0.95172780752182
131,"1214",-0.625684082508087
131,"1215",-0.596816599369049
131,"1216",-0.986838340759277
131,"1217",-0.611099779605865
131,"1218",-0.982820451259613
131,"1219",-0.496482253074646
131,"1220",-0.98416006565094
131,"1221",-1
131,"1222",0.781933724880219
131,"1223",-0.600827574729919
131,"1224",0.335940450429916
131,"1225",-0.982594788074493
131,"1226",0.456984728574753
131,"1227",-0.444555163383484
131,"1228",-0.602998435497284
131,"1229",0.327870547771454
131,"1230",0.0726311132311821
131,"1231",-0.467595845460892
131,"1232",-0.979309260845184
131,"1233",-0.590933680534363
131,"1234",-0.662761092185974
131,"1235",-0.2281384319067
131,"1236",0.151158049702644
131,"1237",-0.564485669136047
131,"1238",0.344445466995239
131,"1239",0.282466024160385
131,"1240",0.0367138348519802
131,"1241",0.381288558244705
131,"1242",-0.458901286125183
131,"1243",0.269146144390106
131,"1244",-0.717623174190521
131,"1245",-0.982571482658386
131,"1246",0.670945763587952
131,"1247",-0.983111441135406
131,"1248",-0.984854102134705
131,"1249",-0.581438601016998
131,"1250",0.947975218296051
131,"1251",-0.914469361305237
131,"1252",0.803796827793121
131,"1253",-0.984935343265533
131,"1254",-0.984854102134705
131,"1255",0.18533730506897
131,"1256",0.80164110660553
131,"1257",-0.469415068626404
131,"1258",0.120117411017418
131,"1259",-0.0490934178233147
131,"1260",0.647778332233429
131,"1261",-0.568327486515045
131,"1262",-0.983111441135406
131,"1263",-0.983111441135406
131,"1264",0.486277639865875
132,"803",0.12414313107729
132,"815",-0.823743283748627
132,"843",-0.787647664546967
132,"872",0.181195929646492
132,"915",-0.82877391576767
132,"986",0.352775365114212
132,"1009",-0.836531400680542
132,"1012",0.99300754070282
132,"1013",0.262967139482498
132,"1015",0.806444644927979
132,"1017",-0.991005122661591
132,"1021",-0.758338570594788
132,"1025",-0.990357935428619
132,"1028",-0.725775957107544
132,"1038",0.639587581157684
132,"1039",0.158440679311752
132,"1044",0.513768136501312
132,"1054",-0.763689041137695
132,"1056",0.727451384067535
132,"1059",-0.722718775272369
132,"1060",-0.779858887195587
132,"1061",0.400729298591614
132,"1062",-0.695181488990784
132,"1065",-0.862441897392273
132,"1073",0.805360317230225
132,"1074",0.785593330860138
132,"1075",-0.796239733695984
132,"1077",0.418987959623337
132,"1082",-0.908852517604828
132,"1086",0.742925226688385
132,"1087",0.789737641811371
132,"1099",0.441820919513702
132,"1100",-0.99968957901001
132,"1102",-0.700843632221222
132,"1104",-0.997105360031128
132,"1105",0.217225551605225
132,"1108",-0.719452857971191
132,"1110",0.361856371164322
132,"1114",0.690209686756134
132,"1116",0.169521987438202
132,"1117",0.926608264446259
132,"1119",-0.770446479320526
132,"1122",0.980416297912598
132,"1127",0.820454359054565
132,"1128",0.865308523178101
132,"1131",-0.724099278450012
132,"1132",-0.756018161773682
132,"1133",-0.997580051422119
132,"1140",-0.866042733192444
132,"1141",0.356687039136887
132,"1142",0.596919178962708
132,"1143",-0.823236703872681
132,"1146",-0.977787911891937
132,"1148",0.649986445903778
132,"1150",-0.999730169773102
132,"1152",-0.813641428947449
132,"1153",0.796787917613983
132,"1157",-0.774876296520233
132,"1159",0.923585176467896
132,"1165",-0.999730169773102
132,"1166",-0.640642285346985
132,"1170",-0.993574500083923
132,"1171",0.816581130027771
132,"1172",-0.974791944026947
132,"1173",0.99300754070282
132,"1174",-0.844942629337311
132,"1175",0.364779412746429
132,"1176",-0.82084059715271
132,"1177",0.769037067890167
132,"1178",0.384613662958145
132,"1180",0.799632728099823
132,"1181",0.651982247829437
132,"1182",0.300266653299332
132,"1183",-0.788840234279633
132,"1184",0.799954056739807
132,"1186",0.798768103122711
132,"1187",-0.997580051422119
132,"1188",0.937312126159668
132,"1189",0.820401906967163
132,"1190",-0.999730169773102
132,"1191",-0.999682724475861
132,"1192",-0.0128375291824341
132,"1193",-0.0218683127313852
132,"1194",-0.999730169773102
132,"1195",0.362399607896805
132,"1196",0.127915814518929
132,"1197",-0.687802672386169
132,"1198",-0.999548494815826
132,"1199",-0.83543848991394
132,"1200",-0.422446221113205
132,"1201",-0.0194746758788824
132,"1202",-0.86803925037384
132,"1203",-0.997580051422119
132,"1204",0.624072313308716
132,"1205",0.4992356300354
132,"1206",0.665782570838928
132,"1207",0.77261620759964
132,"1208",0.203203722834587
132,"1209",0.797697365283966
132,"1210",0.944681107997894
132,"1211",1
132,"1212",-0.914038956165314
132,"1213",0.937312126159668
132,"1214",-0.881207168102264
132,"1215",-0.914438009262085
132,"1216",-0.999548494815826
132,"1217",-1
132,"1218",-0.996402144432068
132,"1219",-0.771960914134979
132,"1220",-0.99881112575531
132,"1221",-1
132,"1222",0.752130210399628
132,"1223",-0.928040504455566
132,"1224",0.213027223944664
132,"1225",-0.999738872051239
132,"1226",0.368018358945847
132,"1227",-0.751946806907654
132,"1228",-0.918404698371887
132,"1229",0.202846705913544
132,"1230",-0.0256130788475275
132,"1231",-0.786439597606659
132,"1232",-0.997394323348999
132,"1233",-0.846788287162781
132,"1234",-0.876437187194824
132,"1235",-0.347387701272964
132,"1236",0.0506978929042816
132,"1237",-0.815292119979858
132,"1238",0.225549355149269
132,"1239",0.15536193549633
132,"1240",-0.0460168682038784
132,"1241",0.278886497020721
132,"1242",-0.784068822860718
132,"1243",0.137475028634071
132,"1244",-0.963322579860687
132,"1245",-0.999607503414154
132,"1246",0.621977388858795
132,"1247",-0.999730169773102
132,"1248",-1
132,"1249",-0.857077538967133
132,"1250",0.915697336196899
132,"1251",-0.994557678699493
132,"1252",0.811228930950165
132,"1253",-0.999730169773102
132,"1254",-0.999730169773102
132,"1255",0.0862487703561783
132,"1256",0.805528581142426
132,"1257",-0.780480265617371
132,"1258",0.0148460874333978
132,"1259",-0.114331409335136
132,"1260",0.64519065618515
132,"1261",-0.829895377159119
132,"1262",-0.999548494815826
132,"1263",-0.993574500083923
132,"1264",0.412977874279022
133,"803",0.353415578603745
133,"815",-0.63596898317337
133,"843",-0.534228980541229
133,"872",0.345579028129578
133,"915",-0.579075932502747
133,"986",0.491642504930496
133,"1009",-0.690995454788208
133,"1012",1
133,"1013",0.417792826890945
133,"1015",0.838572442531586
133,"1017",-0.975709855556488
133,"1021",-0.450724571943283
133,"1025",-0.98441606760025
133,"1028",-0.454222083091736
133,"1038",0.753013014793396
133,"1039",0.339259207248688
133,"1044",0.670246422290802
133,"1054",-0.455168068408966
133,"1056",0.784387171268463
133,"1059",-0.467198371887207
133,"1060",-0.484986513853073
133,"1061",0.536579370498657
133,"1062",-0.414690881967545
133,"1065",-0.639980137348175
133,"1073",0.855048775672913
133,"1074",0.882173597812653
133,"1075",-0.518029630184174
133,"1077",0.516104400157928
133,"1082",-0.634868204593658
133,"1086",0.817829012870789
133,"1087",0.838517546653748
133,"1099",0.532236039638519
133,"1100",-0.988960862159729
133,"1102",-0.361849665641785
133,"1104",-1
133,"1105",0.401814371347427
133,"1108",-0.462596863508224
133,"1110",0.476608842611313
133,"1114",0.756393790245056
133,"1116",0.348039567470551
133,"1117",0.947172820568085
133,"1119",-0.440035820007324
133,"1122",0.987573325634003
133,"1127",0.844330966472626
133,"1128",0.944959282875061
133,"1131",-0.478382170200348
133,"1132",-0.418339341878891
133,"1133",-0.975709855556488
133,"1140",-0.627648293972015
133,"1141",0.488620489835739
133,"1142",0.723142325878143
133,"1143",-0.552729427814484
133,"1146",-1
133,"1148",0.716065764427185
133,"1150",-0.989479780197144
133,"1152",-0.524584650993347
133,"1153",0.815532982349396
133,"1157",-0.510610818862915
133,"1159",0.949742913246155
133,"1165",-0.990311682224274
133,"1166",-0.349333375692368
133,"1170",-0.989479780197144
133,"1171",0.850915610790253
133,"1172",-0.984196960926056
133,"1173",1
133,"1174",-0.631596744060516
133,"1175",0.470391899347305
133,"1176",-0.529379904270172
133,"1177",0.779695630073547
133,"1178",0.492749452590942
133,"1180",0.838206171989441
133,"1181",0.808297097682953
133,"1182",0.451598048210144
133,"1183",-0.54844069480896
133,"1184",0.803790748119354
133,"1186",0.825836479663849
133,"1187",-0.974615216255188
133,"1188",0.95479828119278
133,"1189",0.871470868587494
133,"1190",-0.989479780197144
133,"1191",-0.996860265731812
133,"1192",0.100658535957336
133,"1193",0.10085690766573
133,"1194",-0.989479780197144
133,"1195",0.457327842712402
133,"1196",0.3444002866745
133,"1197",-0.427216470241547
133,"1198",-0.989425361156464
133,"1199",-0.627456724643707
133,"1200",-0.219694405794144
133,"1201",0.120150610804558
133,"1202",-0.647494673728943
133,"1203",-0.974612951278687
133,"1204",0.758300721645355
133,"1205",0.611747324466705
133,"1206",0.785965323448181
133,"1207",0.803660869598389
133,"1208",0.373765408992767
133,"1209",0.851148784160614
133,"1210",0.962105274200439
133,"1211",0.999519109725952
133,"1212",-0.645441234111786
133,"1213",0.95479828119278
133,"1214",-0.653741300106049
133,"1215",-0.665152370929718
133,"1216",-0.989425837993622
133,"1217",-0.675301015377045
133,"1218",-0.989479780197144
133,"1219",-0.526446461677551
133,"1220",-0.989479780197144
133,"1221",-1
133,"1222",0.802972376346588
133,"1223",-0.663707315921783
133,"1224",0.382106482982635
133,"1225",-0.98848021030426
133,"1226",0.50449138879776
133,"1227",-0.452290207147598
133,"1228",-0.671843826770782
133,"1229",0.369358271360397
133,"1230",0.09547258913517
133,"1231",-0.48636320233345
133,"1232",-0.975375413894653
133,"1233",-0.637427866458893
133,"1234",-0.614004850387573
133,"1235",-0.20523364841938
133,"1236",0.179150924086571
133,"1237",-0.632654905319214
133,"1238",0.393726319074631
133,"1239",0.32186284661293
133,"1240",0.0765387341380119
133,"1241",0.45702052116394
133,"1242",-0.490905195474625
133,"1243",0.311716288328171
133,"1244",-0.778947174549103
133,"1245",-0.987699449062347
133,"1246",0.796310007572174
133,"1247",-0.989479780197144
133,"1248",-0.988617181777954
133,"1249",-0.603543698787689
133,"1250",0.94010466337204
133,"1251",-0.975269079208374
133,"1252",0.852113544940948
133,"1253",-0.989479780197144
133,"1254",-0.989479780197144
133,"1255",0.240443080663681
133,"1256",0.847122192382812
133,"1257",-0.515347540378571
133,"1258",0.150890201330185
133,"1259",-0.00868118461221457
133,"1260",0.785215318202972
133,"1261",-0.647062301635742
133,"1262",-0.989425361156464
133,"1263",-0.97998571395874
133,"1264",0.538459539413452
134,"803",-0.135917067527771
134,"815",-0.790659666061401
134,"843",-0.820155799388885
134,"872",0.136517897248268
134,"915",-0.827612459659576
134,"986",0.316991209983826
134,"1009",-0.801103115081787
134,"1012",0.918949484825134
134,"1013",0.268594592809677
134,"1015",0.909507870674133
134,"1017",-0.979853749275208
134,"1021",-0.693708181381226
134,"1025",-0.976919531822205
134,"1028",-0.665915608406067
134,"1038",0.448296099901199
134,"1039",-0.0485463254153728
134,"1044",0.453487306833267
134,"1054",-0.690810739994049
134,"1056",0.593112170696259
134,"1059",-0.686505258083344
134,"1060",-0.717361390590668
134,"1061",0.317185610532761
134,"1062",-0.646357953548431
134,"1065",-0.773873805999756
134,"1073",0.848778486251831
134,"1074",0.802273988723755
134,"1075",-0.767122089862823
134,"1077",0.431363523006439
134,"1082",-0.894437253475189
134,"1086",0.795036017894745
134,"1087",0.71785581111908
134,"1099",0.40509906411171
134,"1100",-0.999398529529572
134,"1102",-0.729145407676697
134,"1104",-0.981620609760284
134,"1105",0.16547155380249
134,"1108",-0.745152831077576
134,"1110",0.317825883626938
134,"1114",0.591459155082703
134,"1116",0.0893191322684288
134,"1117",0.922315716743469
134,"1119",-0.688009083271027
134,"1122",0.918904364109039
134,"1127",0.698882877826691
134,"1128",0.703474581241608
134,"1131",-0.670322358608246
134,"1132",-0.713528037071228
134,"1133",-0.992485284805298
134,"1140",-0.831798255443573
134,"1141",0.299011945724487
134,"1142",0.576573729515076
134,"1143",-0.703898787498474
134,"1146",-0.966837108135223
134,"1148",NA
134,"1150",-1
134,"1152",-0.888927757740021
134,"1153",0.802726268768311
134,"1157",-0.676031947135925
134,"1159",0.848238885402679
134,"1165",-0.99981963634491
134,"1166",-0.617210686206818
134,"1170",-0.987821221351624
134,"1171",0.719054162502289
134,"1172",-0.973652303218842
134,"1173",0.918949484825134
134,"1174",-0.787252366542816
134,"1175",0.296694278717041
134,"1176",-0.696584701538086
134,"1177",1
134,"1178",0.363684237003326
134,"1180",0.725217521190643
134,"1181",0.641835749149323
134,"1182",0.279165804386139
134,"1183",-0.730079054832458
134,"1184",0.637956261634827
134,"1186",0.68808925151825
134,"1187",-0.992485284805298
134,"1188",0.918949484825134
134,"1189",0.859901189804077
134,"1190",-0.999818980693817
134,"1191",-0.999536037445068
134,"1192",-0.00998422876000404
134,"1193",-0.0466351509094238
134,"1194",-0.999818980693817
134,"1195",0.251286834478378
134,"1196",0.0128624998033047
134,"1197",-0.755738317966461
134,"1198",-0.999351680278778
134,"1199",-0.781250298023224
134,"1200",-0.439398646354675
134,"1201",-0.0506350323557854
134,"1202",-0.814030349254608
134,"1203",-0.992485284805298
134,"1204",0.538809657096863
134,"1205",0.384765177965164
134,"1206",0.584637880325317
134,"1207",0.580468893051147
134,"1208",0.13818271458149
134,"1209",0.730871975421906
134,"1210",0.918933928012848
134,"1211",0.964863896369934
134,"1212",-0.890082478523254
134,"1213",0.918949484825134
134,"1214",-0.848283529281616
134,"1215",-0.877494692802429
134,"1216",-0.999677717685699
134,"1217",-0.950863897800446
134,"1218",-1
134,"1219",-0.730143845081329
134,"1220",-1
134,"1221",-1
134,"1222",0.679229378700256
134,"1223",-0.88830041885376
134,"1224",0.14033916592598
134,"1225",-0.999611258506775
134,"1226",0.287484794855118
134,"1227",-0.684290051460266
134,"1228",-0.890253186225891
134,"1229",0.14500404894352
134,"1230",-0.0430459678173065
134,"1231",-0.707408487796783
134,"1232",-0.992478489875793
134,"1233",-0.801137864589691
134,"1234",-0.739770889282227
134,"1235",-0.321381151676178
134,"1236",-0.0392084866762161
134,"1237",-0.72716498374939
134,"1238",0.174431890249252
134,"1239",-0.018787570297718
134,"1240",-0.0540080890059471
134,"1241",0.243606209754944
134,"1242",-0.75210165977478
134,"1243",-0.0466474890708923
134,"1244",-0.978446841239929
134,"1245",-0.999539732933044
134,"1246",0.512383878231049
134,"1247",-1
134,"1248",-1
134,"1249",-0.753772616386414
134,"1250",0.829466998577118
134,"1251",-0.982181072235107
134,"1252",0.70872575044632
134,"1253",-1
134,"1254",-1
134,"1255",-0.0681636407971382
134,"1256",0.708535134792328
134,"1257",-0.702174127101898
134,"1258",-0.0552296191453934
134,"1259",-0.0623256303369999
134,"1260",0.657279849052429
134,"1261",-0.737310826778412
134,"1262",-0.999351680278778
134,"1263",-0.980771720409393
134,"1264",0.35145315527916
135,"803",0.239564776420593
135,"815",-0.887052774429321
135,"843",-0.778633654117584
135,"872",0.232503771781921
135,"915",-0.840021669864655
135,"986",0.402048498392105
135,"1009",-0.858536124229431
135,"1012",0.990649461746216
135,"1013",0.305384188890457
135,"1015",0.737553060054779
135,"1017",-0.972837090492249
135,"1021",-0.756470441818237
135,"1025",-0.966264069080353
135,"1028",-0.718379557132721
135,"1038",0.529938220977783
135,"1039",0.156411603093147
135,"1044",0.477419376373291
135,"1054",-0.720563650131226
135,"1056",0.631280720233917
135,"1059",-0.750783622264862
135,"1060",-0.751755714416504
135,"1061",0.43348217010498
135,"1062",-0.722963631153107
135,"1065",-0.886875629425049
135,"1073",0.756807804107666
135,"1074",0.836499094963074
135,"1075",-0.775681555271149
135,"1077",0.418563574552536
135,"1082",-0.98271107673645
135,"1086",0.71250307559967
135,"1087",0.671081364154816
135,"1099",0.465115994215012
135,"1100",-0.98578953742981
135,"1102",-0.721561551094055
135,"1104",-0.980738580226898
135,"1105",0.284769952297211
135,"1108",-0.779429495334625
135,"1110",0.364979326725006
135,"1114",0.696172475814819
135,"1116",0.233163937926292
135,"1117",0.924523711204529
135,"1119",-0.700796723365784
135,"1122",0.981135904788971
135,"1127",0.748772382736206
135,"1128",0.895645916461945
135,"1131",-0.721548140048981
135,"1132",-0.743512511253357
135,"1133",-0.980198323726654
135,"1140",-0.905589163303375
135,"1141",0.398906409740448
135,"1142",0.525515496730804
135,"1143",-0.801061630249023
135,"1146",-0.971177875995636
135,"1148",0.649550139904022
135,"1150",-0.987517237663269
135,"1152",-0.868640959262848
135,"1153",0.745651721954346
135,"1157",-0.76596873998642
135,"1159",0.919182121753693
135,"1165",-0.98747730255127
135,"1166",-0.585277199745178
135,"1170",-0.980744421482086
135,"1171",0.747054636478424
135,"1172",-0.968488931655884
135,"1173",0.990649461746216
135,"1174",-0.854583203792572
135,"1175",0.381398767232895
135,"1176",-0.832372605800629
135,"1177",0.758835136890411
135,"1178",0.376505941152573
135,"1180",0.721670806407928
135,"1181",0.561648368835449
135,"1182",0.331596463918686
135,"1183",-0.803912818431854
135,"1184",0.743336379528046
135,"1186",0.7418053150177
135,"1187",-0.980198323726654
135,"1188",0.924937069416046
135,"1189",0.775025188922882
135,"1190",-0.987517237663269
135,"1191",-0.985990524291992
135,"1192",-0.0862477421760559
135,"1193",-0.0828907340764999
135,"1194",-0.987517237663269
135,"1195",0.337995171546936
135,"1196",0.207768708467484
135,"1197",-0.765218555927277
135,"1198",-0.986092448234558
135,"1199",-0.839533090591431
135,"1200",-0.457507401704788
135,"1201",-0.0734432861208916
135,"1202",-0.901652216911316
135,"1203",-0.980198323726654
135,"1204",0.53522652387619
135,"1205",0.46225979924202
135,"1206",0.5621138215065
135,"1207",0.735845148563385
135,"1208",0.252545684576035
135,"1209",0.741378843784332
135,"1210",0.932276666164398
135,"1211",1
135,"1212",-0.952148914337158
135,"1213",0.924937069416046
135,"1214",-0.909692764282227
135,"1215",-0.984548389911652
135,"1216",-0.986092448234558
135,"1217",-1
135,"1218",-0.987517237663269
135,"1219",-0.739327251911163
135,"1220",-0.987517237663269
135,"1221",-0.987570524215698
135,"1222",0.781500458717346
135,"1223",-1
135,"1224",0.265449523925781
135,"1225",-0.986901581287384
135,"1226",0.399621456861496
135,"1227",-0.728624999523163
135,"1228",-0.989699065685272
135,"1229",0.248923256993294
135,"1230",-0.0934716388583183
135,"1231",-0.765220165252686
135,"1232",-0.980195701122284
135,"1233",-0.875224828720093
135,"1234",-0.856339335441589
135,"1235",-0.423382818698883
135,"1236",0.0167068801820278
135,"1237",-0.809719979763031
135,"1238",0.2928866147995
135,"1239",0.160922601819038
135,"1240",-0.109595358371735
135,"1241",0.329506993293762
135,"1242",-0.772793710231781
135,"1243",0.147216886281967
135,"1244",-0.942820608615875
135,"1245",-0.987107217311859
135,"1246",0.528420805931091
135,"1247",-0.987517237663269
135,"1248",-1
135,"1249",-0.855785071849823
135,"1250",0.923056423664093
135,"1251",-0.980198323726654
135,"1252",0.748791396617889
135,"1253",-0.987517237663269
135,"1254",-0.987517237663269
135,"1255",0.0869804620742798
135,"1256",0.747292876243591
135,"1257",-0.803836226463318
135,"1258",-0.015205992385745
135,"1259",-0.224232718348503
135,"1260",0.539784371852875
135,"1261",-0.831974029541016
135,"1262",-0.986092448234558
135,"1263",-0.972837090492249
135,"1264",0.43833589553833
136,"803",0.19037139415741
136,"815",-0.501229643821716
136,"843",-0.505195140838623
136,"872",0.268257141113281
136,"915",-0.639864444732666
136,"986",0.294376075267792
136,"1009",-0.630758166313171
136,"1012",0.955590665340424
136,"1013",0.272217869758606
136,"1015",1
136,"1017",-0.981597721576691
136,"1021",-0.323190271854401
136,"1025",-1
136,"1028",-0.377689927816391
136,"1038",0.524596154689789
136,"1039",0.272172331809998
136,"1044",0.381212502717972
136,"1054",-0.381411582231522
136,"1056",0.794166505336761
136,"1059",-0.472259193658829
136,"1060",-0.387699514627457
136,"1061",0.306239604949951
136,"1062",-0.334926843643188
136,"1065",-0.464105576276779
136,"1073",0.969227850437164
136,"1074",0.735983610153198
136,"1075",-0.433113545179367
136,"1077",0.270739078521729
136,"1082",-0.653829216957092
136,"1086",0.926742613315582
136,"1087",0.887603878974915
136,"1099",0.272012829780579
136,"1100",-0.995760679244995
136,"1102",-0.335273444652557
136,"1104",-0.979955434799194
136,"1105",0.226247131824493
136,"1108",-0.480922758579254
136,"1110",0.255784749984741
136,"1114",0.76546722650528
136,"1116",0.207000315189362
136,"1117",0.93914008140564
136,"1119",-0.39554700255394
136,"1122",0.955885350704193
136,"1127",0.89185893535614
136,"1128",1
136,"1131",-0.450043439865112
136,"1132",-0.304362297058105
136,"1133",-0.981781780719757
136,"1140",-0.44477578997612
136,"1141",0.322014421224594
136,"1142",0.57757443189621
136,"1143",-0.509471714496613
136,"1146",-0.981227338314056
136,"1148",NA
136,"1150",-0.999809265136719
136,"1152",-0.920322597026825
136,"1153",1
136,"1157",-0.43732887506485
136,"1159",0.955339848995209
136,"1165",-0.999811768531799
136,"1166",-0.28876730799675
136,"1170",-0.999808609485626
136,"1171",0.892122685909271
136,"1172",-0.984093725681305
136,"1173",0.955590665340424
136,"1174",-0.459186434745789
136,"1175",0.25685852766037
136,"1176",-0.392369121313095
136,"1177",0.902035057544708
136,"1178",0.254478752613068
136,"1180",1
136,"1181",0.640645086765289
136,"1182",0.194297790527344
136,"1183",-0.46794119477272
136,"1184",0.82233202457428
136,"1186",0.860026240348816
136,"1187",-0.98513650894165
136,"1188",0.955590665340424
136,"1189",0.979042232036591
136,"1190",-0.999793767929077
136,"1191",-0.99576061964035
136,"1192",0.154065102338791
136,"1193",0.212377920746803
136,"1194",-0.999955296516418
136,"1195",0.263865172863007
136,"1196",0.191361397504807
136,"1197",-0.471996426582336
136,"1198",-0.995765924453735
136,"1199",-0.458079129457474
136,"1200",-0.158534795045853
136,"1201",0.188194990158081
136,"1202",-0.498965501785278
136,"1203",-0.984297454357147
136,"1204",0.594666481018066
136,"1205",0.390295177698135
136,"1206",0.59040778875351
136,"1207",0.760321021080017
136,"1208",0.205861210823059
136,"1209",0.955453515052795
136,"1210",0.955312609672546
136,"1211",0.955616354942322
136,"1212",-0.836181044578552
136,"1213",0.955590665340424
136,"1214",-0.494307965040207
136,"1215",-0.86713057756424
136,"1216",-0.995760679244995
136,"1217",-0.854414403438568
136,"1218",-0.999342799186707
136,"1219",-0.509081125259399
136,"1220",-0.999809801578522
136,"1221",-0.999813258647919
136,"1222",0.665883004665375
136,"1223",-0.857899367809296
136,"1224",0.215272843837738
136,"1225",-0.991629660129547
136,"1226",0.263114184141159
136,"1227",-0.334949791431427
136,"1228",-0.86713057756424
136,"1229",0.227764293551445
136,"1230",0.216845542192459
136,"1231",-0.416061371564865
136,"1232",-0.985133111476898
136,"1233",-0.490509301424026
136,"1234",-0.495648413896561
136,"1235",0.126149147748947
136,"1236",0.201437011361122
136,"1237",-0.636144399642944
136,"1238",0.252689987421036
136,"1239",0.229540541768074
136,"1240",0.180324196815491
136,"1241",0.30025914311409
136,"1242",-0.406209319829941
136,"1243",0.231008425354958
136,"1244",-0.979910254478455
136,"1245",-0.991755485534668
136,"1246",0.793281257152557
136,"1247",-0.99999874830246
136,"1248",-0.996985375881195
136,"1249",-0.456397980451584
136,"1250",0.955025315284729
136,"1251",-0.984577417373657
136,"1252",0.860004425048828
136,"1253",-0.999994158744812
136,"1254",-1
136,"1255",0.1524837911129
136,"1256",0.859904646873474
136,"1257",-0.50128835439682
136,"1258",0.183673575520515
136,"1259",0.158352687954903
136,"1260",0.609349489212036
136,"1261",-0.648432552814484
136,"1262",-0.995893537998199
136,"1263",-1
136,"1264",0.276210367679596
137,"803",0.520668208599091
137,"815",-0.841468930244446
137,"843",-0.528424382209778
137,"872",0.381488978862762
137,"915",-0.757608890533447
137,"986",0.442946225404739
137,"1009",-0.676597058773041
137,"1012",0.993585228919983
137,"1013",0.416791260242462
137,"1015",0.746268391609192
137,"1017",-0.958018362522125
137,"1021",-0.434192001819611
137,"1025",-0.97970575094223
137,"1028",-0.436991035938263
137,"1038",0.701120018959045
137,"1039",0.455262720584869
137,"1044",0.692251145839691
137,"1054",-0.439340978860855
137,"1056",0.737047553062439
137,"1059",-0.453026324510574
137,"1060",-0.46598008275032
137,"1061",0.601872444152832
137,"1062",-0.412992209196091
137,"1065",-0.724913716316223
137,"1073",0.738688290119171
137,"1074",0.833334624767303
137,"1075",-0.458561509847641
137,"1077",0.590895771980286
137,"1082",-0.662284135818481
137,"1086",0.741811394691467
137,"1087",0.733819305896759
137,"1099",0.656308591365814
137,"1100",-0.999258756637573
137,"1102",-0.368269890546799
137,"1104",-0.996632158756256
137,"1105",0.483899682760239
137,"1108",-0.47875303030014
137,"1110",0.507810831069946
137,"1114",0.734730243682861
137,"1116",0.430778086185455
137,"1117",0.915766894817352
137,"1119",-0.412386059761047
137,"1122",0.980467617511749
137,"1127",0.777565240859985
137,"1128",0.925716757774353
137,"1131",-0.439166605472565
137,"1132",-0.441935896873474
137,"1133",-0.982954978942871
137,"1140",-0.717294871807098
137,"1141",0.496950298547745
137,"1142",0.675970315933228
137,"1143",-0.682022929191589
137,"1146",-1
137,"1148",0.708126366138458
137,"1150",-0.995907068252563
137,"1152",-0.43163737654686
137,"1153",0.73915696144104
137,"1157",-0.546285271644592
137,"1159",0.916225790977478
137,"1165",-0.995881497859955
137,"1166",-0.29744216799736
137,"1170",-0.973484396934509
137,"1171",0.775706112384796
137,"1172",-0.959285378456116
137,"1173",0.993585228919983
137,"1174",-0.734046101570129
137,"1175",0.475499331951141
137,"1176",-0.639294326305389
137,"1177",0.772160351276398
137,"1178",0.530301332473755
137,"1180",0.760841250419617
137,"1181",0.73625659942627
137,"1182",0.440507531166077
137,"1183",-0.749577164649963
137,"1184",0.773874700069427
137,"1186",0.764130055904388
137,"1187",-0.983336210250854
137,"1188",0.917825758457184
137,"1189",0.787034749984741
137,"1190",-0.995907068252563
137,"1191",-0.996853947639465
137,"1192",0.086231529712677
137,"1193",0.10541245341301
137,"1194",-0.995907068252563
137,"1195",0.559703052043915
137,"1196",0.434064924716949
137,"1197",-0.406962960958481
137,"1198",-0.995951175689697
137,"1199",-0.705816030502319
137,"1200",-0.142264246940613
137,"1201",0.105936601758003
137,"1202",-0.700182914733887
137,"1203",-0.982859492301941
137,"1204",0.691949963569641
137,"1205",0.658603847026825
137,"1206",0.699556052684784
137,"1207",0.771154880523682
137,"1208",0.437045842409134
137,"1209",0.75324159860611
137,"1210",0.929635643959045
137,"1211",1
137,"1212",-0.615692675113678
137,"1213",0.917825758457184
137,"1214",-0.721704304218292
137,"1215",-0.622454285621643
137,"1216",-0.995951175689697
137,"1217",-0.622073769569397
137,"1218",-0.995498776435852
137,"1219",-0.496254712343216
137,"1220",-0.995857000350952
137,"1221",-1
137,"1222",0.775751352310181
137,"1223",-0.651342928409576
137,"1224",0.44523149728775
137,"1225",-1
137,"1226",0.574062287807465
137,"1227",-0.433755457401276
137,"1228",-0.622454285621643
137,"1229",0.428971797227859
137,"1230",0.0868480801582336
137,"1231",-0.499622732400894
137,"1232",-0.98282265663147
137,"1233",-0.716511428356171
137,"1234",-0.790542185306549
137,"1235",-0.205839410424232
137,"1236",0.237071499228477
137,"1237",-0.574386179447174
137,"1238",0.475893884897232
137,"1239",0.440398424863815
137,"1240",0.0730102211236954
137,"1241",0.521812498569489
137,"1242",-0.458313286304474
137,"1243",0.430424481630325
137,"1244",-0.690634965896606
137,"1245",-0.995944499969482
137,"1246",0.718685984611511
137,"1247",-0.995907068252563
137,"1248",-0.995594024658203
137,"1249",-0.68864119052887
137,"1250",0.92545872926712
137,"1251",-0.982742428779602
137,"1252",0.778142809867859
137,"1253",-0.995946705341339
137,"1254",-0.995907068252563
137,"1255",0.345672637224197
137,"1256",0.773790657520294
137,"1257",-0.534915566444397
137,"1258",0.186244994401932
137,"1259",-0.0749016553163528
137,"1260",0.677429974079132
137,"1261",-0.594545900821686
137,"1262",-0.995051264762878
137,"1263",-0.96701192855835
137,"1264",0.5910764336586
138,"803",0.213194936513901
138,"815",-0.865296721458435
138,"843",-0.786121249198914
138,"872",0.168304026126862
138,"915",-0.886361062526703
138,"986",0.245046734809875
138,"1009",-0.831912875175476
138,"1012",0.992175817489624
138,"1013",0.182712361216545
138,"1015",0.655321836471558
138,"1017",-0.863476395606995
138,"1021",-0.868357539176941
138,"1025",-0.851779401302338
138,"1028",-0.757994592189789
138,"1038",0.52649337053299
138,"1039",0.118801966309547
138,"1044",0.482622623443604
138,"1054",-0.747361540794373
138,"1056",0.565841972827911
138,"1059",-0.832650303840637
138,"1060",-0.81143593788147
138,"1061",0.330564379692078
138,"1062",-0.72400838136673
138,"1065",-0.893311977386475
138,"1073",0.649438500404358
138,"1074",0.77206826210022
138,"1075",-0.903166651725769
138,"1077",0.341663837432861
138,"1082",-1
138,"1086",0.623949348926544
138,"1087",0.607117056846619
138,"1099",0.357663124799728
138,"1100",-0.866896331310272
138,"1102",-0.742100536823273
138,"1104",-0.86314058303833
138,"1105",0.234598070383072
138,"1108",-0.765678465366364
138,"1110",0.257771492004395
138,"1114",0.560805141925812
138,"1116",0.149860605597496
138,"1117",0.864511787891388
138,"1119",-0.735580742359161
138,"1122",0.986483097076416
138,"1127",0.624256730079651
138,"1128",0.850601494312286
138,"1131",-0.767561793327332
138,"1132",-0.806420028209686
138,"1133",-0.866966664791107
138,"1140",-1
138,"1141",0.254724353551865
138,"1142",0.488735318183899
138,"1143",-0.778745234012604
138,"1146",-0.849950850009918
138,"1148",0.554291069507599
138,"1150",-0.867007315158844
138,"1152",-0.88068014383316
138,"1153",0.627255797386169
138,"1157",-0.743843138217926
138,"1159",0.861931085586548
138,"1165",-0.867122232913971
138,"1166",-0.636933922767639
138,"1170",-0.863479018211365
138,"1171",0.637177646160126
138,"1172",-0.855899274349213
138,"1173",0.992175817489624
138,"1174",-0.83371114730835
138,"1175",0.23201647400856
138,"1176",-0.842146098613739
138,"1177",0.651829063892365
138,"1178",0.2912737429142
138,"1180",0.608133971691132
138,"1181",0.554473102092743
138,"1182",0.20328614115715
138,"1183",-0.786364376544952
138,"1184",0.589754581451416
138,"1186",0.615791797637939
138,"1187",-0.867007315158844
138,"1188",0.868570387363434
138,"1189",0.685865342617035
138,"1190",-0.867007315158844
138,"1191",-0.86700701713562
138,"1192",-0.189427450299263
138,"1193",-0.179320812225342
138,"1194",-0.867007315158844
138,"1195",0.302564233541489
138,"1196",0.167001396417618
138,"1197",-0.729791581630707
138,"1198",-0.867007315158844
138,"1199",-1
138,"1200",-0.500902533531189
138,"1201",-0.177413418889046
138,"1202",-1
138,"1203",-0.867007315158844
138,"1204",0.512277185916901
138,"1205",0.378200352191925
138,"1206",0.529765665531158
138,"1207",0.598608493804932
138,"1208",0.186006098985672
138,"1209",0.635353982448578
138,"1210",0.880501329898834
138,"1211",1
138,"1212",-0.975665092468262
138,"1213",0.868570387363434
138,"1214",-1
138,"1215",-0.956844747066498
138,"1216",-0.867007076740265
138,"1217",-0.960077881813049
138,"1218",-0.867007315158844
138,"1219",-0.752504765987396
138,"1220",-0.867007315158844
138,"1221",-0.867119610309601
138,"1222",0.636452496051788
138,"1223",-0.96906441450119
138,"1224",0.194059938192368
138,"1225",-0.866840600967407
138,"1226",0.310789227485657
138,"1227",-0.856050848960876
138,"1228",-0.966825723648071
138,"1229",0.180717304348946
138,"1230",-0.195698320865631
138,"1231",-0.765358865261078
138,"1232",-0.866994440555573
138,"1233",-1
138,"1234",-1
138,"1235",-0.51758736371994
138,"1236",-0.0679279118776321
138,"1237",-0.82597291469574
138,"1238",0.213843315839767
138,"1239",0.108754329383373
138,"1240",-0.203627929091454
138,"1241",0.291520625352859
138,"1242",-0.860598623752594
138,"1243",0.0936729460954666
138,"1244",-0.83897453546524
138,"1245",-0.866966247558594
138,"1246",0.537197411060333
138,"1247",-0.867007315158844
138,"1248",-1
138,"1249",-1
138,"1250",0.871870636940002
138,"1251",-0.864957630634308
138,"1252",0.637368679046631
138,"1253",-0.867007315158844
138,"1254",-0.867007315158844
138,"1255",0.024884020909667
138,"1256",0.636569380760193
138,"1257",-0.788603603839874
138,"1258",-0.103539302945137
138,"1259",-0.337250083684921
138,"1260",0.529709339141846
138,"1261",-0.870147228240967
138,"1262",-0.867007315158844
138,"1263",-0.863522708415985
138,"1264",0.329560905694962
139,"803",0.138120278716087
139,"815",-0.532652974128723
139,"843",-0.570400774478912
139,"872",0.278027325868607
139,"915",-0.550462543964386
139,"986",0.308613657951355
139,"1009",-0.550656080245972
139,"1012",0.967237055301666
139,"1013",0.270890921354294
139,"1015",0.825381755828857
139,"1017",-0.905811250209808
139,"1021",-0.406695008277893
139,"1025",-0.929310858249664
139,"1028",-0.400962114334106
139,"1038",0.473173707723618
139,"1039",0.0880769863724709
139,"1044",0.439015358686447
139,"1054",-0.44008669257164
139,"1056",0.594815313816071
139,"1059",-0.403711169958115
139,"1060",-0.432317525148392
139,"1061",0.316077619791031
139,"1062",-0.346891850233078
139,"1065",-0.538851201534271
139,"1073",0.86315244436264
139,"1074",0.845336675643921
139,"1075",-0.468932271003723
139,"1077",0.405322045087814
139,"1082",-0.605250000953674
139,"1086",0.749218225479126
139,"1087",0.720158755779266
139,"1099",0.407659292221069
139,"1100",-0.983915448188782
139,"1102",-0.452130347490311
139,"1104",-1
139,"1105",0.298015236854553
139,"1108",-0.490777909755707
139,"1110",0.306069076061249
139,"1114",0.716346740722656
139,"1116",0.249173477292061
139,"1117",0.972335577011108
139,"1119",-0.441545486450195
139,"1122",0.966966390609741
139,"1127",0.756443977355957
139,"1128",0.92082154750824
139,"1131",-0.424777448177338
139,"1132",-0.389923632144928
139,"1133",-0.959520280361176
139,"1140",-0.55084502696991
139,"1141",0.306478321552277
139,"1142",0.511551141738892
139,"1143",-0.470261782407761
139,"1146",-1
139,"1148",NA
139,"1150",-0.966490387916565
139,"1152",-0.51307487487793
139,"1153",0.806822836399078
139,"1157",-0.41966050863266
139,"1159",0.949166476726532
139,"1165",-0.966489136219025
139,"1166",-0.355975061655045
139,"1170",-0.914645195007324
139,"1171",0.762556612491608
139,"1172",-0.894096851348877
139,"1173",0.967237055301666
139,"1174",-0.539684057235718
139,"1175",0.294913232326508
139,"1176",-0.481369823217392
139,"1177",0.835596144199371
139,"1178",0.31115648150444
139,"1180",0.721835434436798
139,"1181",0.53226763010025
139,"1182",0.278928130865097
139,"1183",-0.51779568195343
139,"1184",0.706356942653656
139,"1186",0.75218141078949
139,"1187",-0.959507882595062
139,"1188",0.967237055301666
139,"1189",0.825257122516632
139,"1190",-0.966490387916565
139,"1191",-0.96650618314743
139,"1192",0.104962579905987
139,"1193",0.0822597146034241
139,"1194",-0.966490387916565
139,"1195",0.306325048208237
139,"1196",0.148614019155502
139,"1197",-0.465647667646408
139,"1198",-0.966490387916565
139,"1199",-0.542822480201721
139,"1200",-0.206874907016754
139,"1201",0.0939247459173203
139,"1202",-0.543366014957428
139,"1203",-0.959541976451874
139,"1204",0.502486705780029
139,"1205",0.403571426868439
139,"1206",0.533165514469147
139,"1207",0.713643610477448
139,"1208",0.223642751574516
139,"1209",0.756172358989716
139,"1210",0.96700131893158
139,"1211",1
139,"1212",-0.531615376472473
139,"1213",0.967237055301666
139,"1214",-0.570789575576782
139,"1215",-0.530200302600861
139,"1216",-0.970444798469543
139,"1217",-0.545672357082367
139,"1218",-0.966392338275909
139,"1219",-0.532506227493286
139,"1220",-0.966386675834656
139,"1221",-0.966490387916565
139,"1222",0.869940042495728
139,"1223",-0.553579807281494
139,"1224",0.249227240681648
139,"1225",-0.979842066764832
139,"1226",0.303804069757462
139,"1227",-0.41982501745224
139,"1228",-0.534808039665222
139,"1229",0.230995833873749
139,"1230",0.089905209839344
139,"1231",-0.484300315380096
139,"1232",-0.958934307098389
139,"1233",-0.564577996730804
139,"1234",-0.480035841464996
139,"1235",-0.0618696063756943
139,"1236",0.0857710316777229
139,"1237",-0.527783155441284
139,"1238",0.319087952375412
139,"1239",0.105980016291142
139,"1240",0.0821596905589104
139,"1241",0.355928987264633
139,"1242",-0.444034397602081
139,"1243",0.0939247459173203
139,"1244",-1
139,"1245",-0.96219676733017
139,"1246",0.483282446861267
139,"1247",-0.966490387916565
139,"1248",-0.965442538261414
139,"1249",-0.55383425951004
139,"1250",0.956219255924225
139,"1251",-0.959510624408722
139,"1252",0.76211416721344
139,"1253",-0.966490387916565
139,"1254",-0.966514527797699
139,"1255",0.0836804807186127
139,"1256",0.762104868888855
139,"1257",-0.506258070468903
139,"1258",0.0655112639069557
139,"1259",0.0867324769496918
139,"1260",0.524847388267517
139,"1261",-0.590499997138977
139,"1262",-0.966514527797699
139,"1263",-0.914645910263062
139,"1264",0.33052459359169
140,"803",0.43846207857132
140,"815",-0.666001796722412
140,"843",-0.512643575668335
140,"872",0.336829543113708
140,"915",-0.595999300479889
140,"986",0.390758663415909
140,"1009",-0.592659115791321
140,"1012",0.993601322174072
140,"1013",0.351161479949951
140,"1015",0.799952566623688
140,"1017",-0.953378260135651
140,"1021",-0.426339864730835
140,"1025",-1
140,"1028",-0.442692935466766
140,"1038",0.646453559398651
140,"1039",0.320365011692047
140,"1044",0.592698752880096
140,"1054",-0.45489427447319
140,"1056",0.692047595977783
140,"1059",-0.44927179813385
140,"1060",-0.462479144334793
140,"1061",0.455495923757553
140,"1062",-0.394685029983521
140,"1065",-0.625831365585327
140,"1073",0.795854210853577
140,"1074",0.844723582267761
140,"1075",-0.468249827623367
140,"1077",0.44611781835556
140,"1082",-0.538078963756561
140,"1086",0.758848369121552
140,"1087",0.726504981517792
140,"1099",0.470556735992432
140,"1100",-0.99125611782074
140,"1102",-0.38248610496521
140,"1104",-0.924481809139252
140,"1105",0.405006676912308
140,"1108",-0.439719498157501
140,"1110",0.389237552881241
140,"1114",0.735891222953796
140,"1116",0.345268398523331
140,"1117",0.923972427845001
140,"1119",-0.419124662876129
140,"1122",0.984848320484161
140,"1127",0.767232954502106
140,"1128",0.949782967567444
140,"1131",-0.439446985721588
140,"1132",-0.4153853058815
140,"1133",-0.9731804728508
140,"1140",-0.614061653614044
140,"1141",0.419276118278503
140,"1142",0.613194823265076
140,"1143",-0.465262830257416
140,"1146",-1
140,"1148",0.684074223041534
140,"1150",-0.986503183841705
140,"1152",-0.460672408342361
140,"1153",0.781093418598175
140,"1157",-0.463142365217209
140,"1159",0.939044833183289
140,"1165",-0.986502230167389
140,"1166",-0.279262661933899
140,"1170",-0.969632685184479
140,"1171",0.766422986984253
140,"1172",-0.966444075107574
140,"1173",0.993601322174072
140,"1174",-0.604467451572418
140,"1175",0.362270712852478
140,"1176",-0.545526266098022
140,"1177",0.772619068622589
140,"1178",0.407611161470413
140,"1180",0.766114115715027
140,"1181",0.657707989215851
140,"1182",0.375074654817581
140,"1183",-0.469134092330933
140,"1184",0.751120209693909
140,"1186",0.758624017238617
140,"1187",-0.972054719924927
140,"1188",0.940558552742004
140,"1189",0.813651442527771
140,"1190",-0.98689728975296
140,"1191",-0.985904633998871
140,"1192",0.0425578467547894
140,"1193",0.0572008304297924
140,"1194",-0.986503183841705
140,"1195",0.423673063516617
140,"1196",0.357261568307877
140,"1197",-0.336951822042465
140,"1198",-0.98591810464859
140,"1199",-0.515446305274963
140,"1200",-0.130036592483521
140,"1201",0.0617334842681885
140,"1202",-0.579252660274506
140,"1203",-0.972054719924927
140,"1204",0.646377265453339
140,"1205",0.533408343791962
140,"1206",0.642556846141815
140,"1207",0.7857745885849
140,"1208",0.35611954331398
140,"1209",0.777339100837708
140,"1210",0.948735356330872
140,"1211",1
140,"1212",-0.576436817646027
140,"1213",0.940558552742004
140,"1214",-0.617547631263733
140,"1215",-0.589755058288574
140,"1216",-0.988770306110382
140,"1217",-0.585340619087219
140,"1218",-0.986110031604767
140,"1219",-0.469224631786346
140,"1220",-0.986503303050995
140,"1221",-1
140,"1222",0.79688036441803
140,"1223",-0.605934262275696
140,"1224",0.365668833255768
140,"1225",-0.992750108242035
140,"1226",0.436977237462997
140,"1227",-0.402915090322495
140,"1228",-0.597986161708832
140,"1229",0.356049388647079
140,"1230",0.0492492951452732
140,"1231",-0.481113731861115
140,"1232",-0.972760796546936
140,"1233",-0.575502693653107
140,"1234",-0.619542300701141
140,"1235",-0.181403979659081
140,"1236",0.140901565551758
140,"1237",-0.534690380096436
140,"1238",0.395711183547974
140,"1239",0.300791531801224
140,"1240",0.0215331222862005
140,"1241",0.463340550661087
140,"1242",-0.459201991558075
140,"1243",0.289523035287857
140,"1244",-0.690466403961182
140,"1245",-0.987486362457275
140,"1246",0.668463706970215
140,"1247",-0.986110031604767
140,"1248",-0.986503303050995
140,"1249",-0.557371139526367
140,"1250",0.946192800998688
140,"1251",-0.908956408500671
140,"1252",0.764109075069427
140,"1253",-0.986615121364594
140,"1254",-0.986110031604767
140,"1255",0.213546633720398
140,"1256",0.762909412384033
140,"1257",-0.465547472238541
140,"1258",0.109833151102066
140,"1259",-0.0687230229377747
140,"1260",0.641164243221283
140,"1261",-0.528452932834625
140,"1262",-0.986037909984589
140,"1263",-0.958401381969452
140,"1264",0.447892934083939
141,"803",0.421594083309174
141,"815",-0.615607142448425
141,"843",-0.522929847240448
141,"872",0.350669473409653
141,"915",-0.613716125488281
141,"986",0.479884535074234
141,"1009",-0.602602064609528
141,"1012",0.996360540390015
141,"1013",0.414632767438889
141,"1015",0.774342060089111
141,"1017",-0.958880126476288
141,"1021",-0.430946499109268
141,"1025",-0.992171704769135
141,"1028",-0.429490298032761
141,"1038",0.689471185207367
141,"1039",0.396310567855835
141,"1044",0.647774457931519
141,"1054",-0.441639184951782
141,"1056",0.77973347902298
141,"1059",-0.45636573433876
141,"1060",-0.466564059257507
141,"1061",0.548572838306427
141,"1062",-0.400033950805664
141,"1065",-0.580788493156433
141,"1073",0.801984488964081
141,"1074",0.85597175359726
141,"1075",-0.464606612920761
141,"1077",0.53788161277771
141,"1082",-0.63540107011795
141,"1086",0.781908094882965
141,"1087",0.760389447212219
141,"1099",0.567174732685089
141,"1100",-0.995679914951324
141,"1102",-0.36441507935524
141,"1104",-0.950700104236603
141,"1105",0.421964734792709
141,"1108",-0.465743035078049
141,"1110",0.483232438564301
141,"1114",0.721206307411194
141,"1116",0.380236744880676
141,"1117",0.929129242897034
141,"1119",-0.425879836082458
141,"1122",0.984684765338898
141,"1127",0.780195116996765
141,"1128",0.921180903911591
141,"1131",-0.437839716672897
141,"1132",-0.428639650344849
141,"1133",-0.97283411026001
141,"1140",-0.581808984279633
141,"1141",0.490456193685532
141,"1142",0.715231359004974
141,"1143",-0.579660475254059
141,"1146",-1
141,"1148",0.700814723968506
141,"1150",-0.992070972919464
141,"1152",-0.448478311300278
141,"1153",0.726313054561615
141,"1157",-0.507183492183685
141,"1159",0.930186629295349
141,"1165",-0.992109060287476
141,"1166",-0.323324978351593
141,"1170",-0.980557322502136
141,"1171",0.779741406440735
141,"1172",-0.972170650959015
141,"1173",0.996360540390015
141,"1174",-0.592190742492676
141,"1175",0.458163380622864
141,"1176",-0.531041860580444
141,"1177",0.773333191871643
141,"1178",0.503910660743713
141,"1180",0.79922091960907
141,"1181",0.774548292160034
141,"1182",0.442060649394989
141,"1183",-0.595295011997223
141,"1184",0.774655759334564
141,"1186",0.768152594566345
141,"1187",-0.972383975982666
141,"1188",0.933617115020752
141,"1189",0.814339935779572
141,"1190",-0.992070972919464
141,"1191",-1
141,"1192",0.105103231966496
141,"1193",0.120575971901417
141,"1194",-0.992084085941315
141,"1195",0.492600947618484
141,"1196",0.376770466566086
141,"1197",-0.402692705392838
141,"1198",-0.992083013057709
141,"1199",-0.59513521194458
141,"1200",-0.199748709797859
141,"1201",0.120770119130611
141,"1202",-0.577010571956635
141,"1203",-0.972438752651215
141,"1204",0.737789154052734
141,"1205",0.623364508152008
141,"1206",0.7203608751297
141,"1207",0.780618846416473
141,"1208",0.395944118499756
141,"1209",0.790851950645447
141,"1210",0.943527519702911
141,"1211",1
141,"1212",-0.598837614059448
141,"1213",0.933617115020752
141,"1214",-0.589896440505981
141,"1215",-0.607919216156006
141,"1216",-0.99409943819046
141,"1217",-0.619560122489929
141,"1218",-0.990819156169891
141,"1219",-0.492427498102188
141,"1220",-0.992056727409363
141,"1221",-1
141,"1222",0.77456122636795
141,"1223",-0.614280760288239
141,"1224",0.397129744291306
141,"1225",-0.994886219501495
141,"1226",0.523094296455383
141,"1227",-0.4361372590065
141,"1228",-0.607919216156006
141,"1229",0.391332924365997
141,"1230",0.109518088400364
141,"1231",-0.460577875375748
141,"1232",-0.971742153167725
141,"1233",-0.578653395175934
141,"1234",-0.606639623641968
141,"1235",-0.186999782919884
141,"1236",0.222058445215225
141,"1237",-0.537819147109985
141,"1238",0.4193095266819
141,"1239",0.377365738153458
141,"1240",0.0807247310876846
141,"1241",0.465605407953262
141,"1242",-0.471415817737579
141,"1243",0.365407198667526
141,"1244",-0.701682269573212
141,"1245",-0.99086594581604
141,"1246",0.789287269115448
141,"1247",-0.992070972919464
141,"1248",-0.992099165916443
141,"1249",-0.543934285640717
141,"1250",0.931858360767365
141,"1251",-0.950679838657379
141,"1252",0.777154624462128
141,"1253",-0.992083013057709
141,"1254",-0.992083013057709
141,"1255",0.281640470027924
141,"1256",0.774560928344727
141,"1257",-0.481700718402863
141,"1258",0.180860847234726
141,"1259",-0.0289726816117764
141,"1260",0.74207204580307
141,"1261",-0.544694602489471
141,"1262",-0.992083013057709
141,"1263",-0.966789484024048
141,"1264",0.550339698791504
142,"803",0.431698501110077
142,"815",-0.737678706645966
142,"843",-0.639560163021088
142,"872",0.359393268823624
142,"915",-0.769305646419525
142,"986",0.50452047586441
142,"1009",-0.747740209102631
142,"1012",1
142,"1013",0.416182279586792
142,"1015",0.760778784751892
142,"1017",-0.741426289081573
142,"1021",-0.698211431503296
142,"1025",-0.715394139289856
142,"1028",-0.596000015735626
142,"1038",0.658279716968536
142,"1039",0.273529171943665
142,"1044",0.63778430223465
142,"1054",-0.586375713348389
142,"1056",0.69702559709549
142,"1059",-0.755960643291473
142,"1060",-0.684914290904999
142,"1061",0.569539666175842
142,"1062",-0.58828330039978
142,"1065",-0.75616055727005
142,"1073",0.803297817707062
142,"1074",0.882276594638824
142,"1075",-0.792508840560913
142,"1077",0.534281253814697
142,"1082",-1
142,"1086",0.775712490081787
142,"1087",0.789997339248657
142,"1099",0.59189510345459
142,"1100",-0.746227741241455
142,"1102",-0.528067529201508
142,"1104",-0.73757803440094
142,"1105",0.414954572916031
142,"1108",-0.612352609634399
142,"1110",0.493864685297012
142,"1114",0.660917639732361
142,"1116",0.358062088489532
142,"1117",0.9352086186409
142,"1119",-0.583575248718262
142,"1122",0.984998166561127
142,"1127",0.801672160625458
142,"1128",0.939029097557068
142,"1131",-0.612195909023285
142,"1132",-0.68246191740036
142,"1133",-0.741426289081573
142,"1140",-0.972179353237152
142,"1141",0.529160022735596
142,"1142",0.633858025074005
142,"1143",-0.689056634902954
142,"1146",-0.746077299118042
142,"1148",0.710609316825867
142,"1150",-0.74628359079361
142,"1152",-0.883900225162506
142,"1153",0.771290719509125
142,"1157",-0.621423125267029
142,"1159",0.929683923721313
142,"1165",-0.74628359079361
142,"1166",-0.464982211589813
142,"1170",-0.74628359079361
142,"1171",0.81607586145401
142,"1172",-0.74628359079361
142,"1173",1
142,"1174",-0.690318644046783
142,"1175",0.498103052377701
142,"1176",-0.625923573970795
142,"1177",0.813402950763702
142,"1178",0.507022082805634
142,"1180",0.771941542625427
142,"1181",0.754889130592346
142,"1182",0.436513990163803
142,"1183",-0.709970653057098
142,"1184",0.776963770389557
142,"1186",0.792448401451111
142,"1187",-0.741426289081573
142,"1188",0.930060386657715
142,"1189",0.82265168428421
142,"1190",-0.74628359079361
142,"1191",-0.746242344379425
142,"1192",-0.0502598509192467
142,"1193",-0.0325486995279789
142,"1194",-0.74628359079361
142,"1195",0.494657576084137
142,"1196",0.392558813095093
142,"1197",-0.609182000160217
142,"1198",-0.746249437332153
142,"1199",-0.890101611614227
142,"1200",-0.435562372207642
142,"1201",-0.0131711848080158
142,"1202",-0.961413383483887
142,"1203",-0.741426289081573
142,"1204",0.686801970005035
142,"1205",0.587579369544983
142,"1206",0.711530745029449
142,"1207",0.705357611179352
142,"1208",0.40077868103981
142,"1209",0.806348502635956
142,"1210",0.939080357551575
142,"1211",0.998862683773041
142,"1212",-1
142,"1213",0.930060386657715
142,"1214",-0.981663405895233
142,"1215",-1
142,"1216",-0.746176838874817
142,"1217",-0.990754187107086
142,"1218",-0.74628359079361
142,"1219",-0.619728863239288
142,"1220",-0.746249437332153
142,"1221",-0.746349513530731
142,"1222",0.784729361534119
142,"1223",-1
142,"1224",0.40692937374115
142,"1225",-0.745004773139954
142,"1226",0.530718624591827
142,"1227",-0.72223699092865
142,"1228",-1
142,"1229",0.385866433382034
142,"1230",-0.0439768731594086
142,"1231",-0.612474620342255
142,"1232",-0.741424918174744
142,"1233",-0.845961391925812
142,"1234",-0.795409023761749
142,"1235",-0.394137620925903
142,"1236",0.0744671672582626
142,"1237",-0.709415078163147
142,"1238",0.409950613975525
142,"1239",0.284379065036774
142,"1240",-0.0747720152139664
142,"1241",0.441260427236557
142,"1242",-0.762476682662964
142,"1243",0.270517736673355
142,"1244",-0.718248665332794
142,"1245",-0.745118498802185
142,"1246",0.730403363704681
142,"1247",-0.74628359079361
142,"1248",-1
142,"1249",-0.858054876327515
142,"1250",0.934745609760284
142,"1251",-0.739099025726318
142,"1252",0.816364407539368
142,"1253",-0.746274888515472
142,"1254",-0.746274888515472
142,"1255",0.170643001794815
142,"1256",0.810857236385345
142,"1257",-0.67230761051178
142,"1258",0.0216413531452417
142,"1259",-0.21136049926281
142,"1260",0.720580995082855
142,"1261",-0.781019687652588
142,"1262",-0.74628359079361
142,"1263",-0.744139850139618
142,"1264",0.55616307258606
143,"803",-0.0729059055447578
143,"815",-0.719728946685791
143,"843",-0.76475578546524
143,"872",0.165784299373627
143,"915",-0.800901591777802
143,"986",0.354883968830109
143,"1009",-0.769770979881287
143,"1012",0.981500327587128
143,"1013",0.296363472938538
143,"1015",0.858729660511017
143,"1017",-0.921532571315765
143,"1021",-0.677314102649689
143,"1025",-0.921934843063354
143,"1028",-0.649373710155487
143,"1038",0.531542658805847
143,"1039",0.0181988496333361
143,"1044",0.43713253736496
143,"1054",-0.684004127979279
143,"1056",0.634182274341583
143,"1059",-0.683369100093842
143,"1060",-0.690888106822968
143,"1061",0.393408387899399
143,"1062",-0.622172474861145
143,"1065",-0.742560684680939
143,"1073",0.950286746025085
143,"1074",0.818778514862061
143,"1075",-0.741649746894836
143,"1077",0.434605598449707
143,"1082",-0.863161504268646
143,"1086",0.772580564022064
143,"1087",0.800156891345978
143,"1099",0.444392323493958
143,"1100",-0.935733377933502
143,"1102",-0.667726218700409
143,"1104",-0.924677014350891
143,"1105",0.156614318490028
143,"1108",-0.71585738658905
143,"1110",0.398341566324234
143,"1114",0.661843657493591
143,"1116",0.117178618907928
143,"1117",0.981804847717285
143,"1119",-0.693159639835358
143,"1122",0.981052339076996
143,"1127",0.809190630912781
143,"1128",0.817116022109985
143,"1131",-0.661745548248291
143,"1132",-0.682200968265533
143,"1133",-0.928771138191223
143,"1140",-0.764396846294403
143,"1141",0.335875481367111
143,"1142",0.544883668422699
143,"1143",-0.695203900337219
143,"1146",-0.923699498176575
143,"1148",NA
143,"1150",-0.936165153980255
143,"1152",-0.867787837982178
143,"1153",0.851236402988434
143,"1157",-0.656907320022583
143,"1159",0.935369074344635
143,"1165",-0.936292707920074
143,"1166",-0.583143591880798
143,"1170",-0.929278373718262
143,"1171",0.806470572948456
143,"1172",-0.916433572769165
143,"1173",0.981500327587128
143,"1174",-0.732500493526459
143,"1175",0.39108419418335
143,"1176",-0.683484375476837
143,"1177",0.788572132587433
143,"1178",0.407269239425659
143,"1180",0.788490235805511
143,"1181",0.600255608558655
143,"1182",0.328374356031418
143,"1183",-0.688080847263336
143,"1184",0.767054557800293
143,"1186",0.798615753650665
143,"1187",-0.928839147090912
143,"1188",0.981711447238922
143,"1189",0.870821177959442
143,"1190",-0.936165153980255
143,"1191",-0.935847461223602
143,"1192",0.0405774638056755
143,"1193",0.00321808038279414
143,"1194",-0.936165153980255
143,"1195",0.353085875511169
143,"1196",0.0177178140729666
143,"1197",-0.684979021549225
143,"1198",-0.935721695423126
143,"1199",-0.728569328784943
143,"1200",-0.461404860019684
143,"1201",0.0182797573506832
143,"1202",-0.761820435523987
143,"1203",-0.928839147090912
143,"1204",0.548288464546204
143,"1205",0.497343629598618
143,"1206",0.652177453041077
143,"1207",0.747216463088989
143,"1208",0.157604768872261
143,"1209",0.825117230415344
143,"1210",0.981746852397919
143,"1211",1
143,"1212",-0.860141754150391
143,"1213",0.981500327587128
143,"1214",-0.776906132698059
143,"1215",-0.862046122550964
143,"1216",-0.935721695423126
143,"1217",-1
143,"1218",-0.934776067733765
143,"1219",-0.707679629325867
143,"1220",-0.935635447502136
143,"1221",-0.936165153980255
143,"1222",0.784149646759033
143,"1223",-0.862748265266418
143,"1224",0.167092472314835
143,"1225",-0.935684621334076
143,"1226",0.359155058860779
143,"1227",-0.672730326652527
143,"1228",-0.871800541877747
143,"1229",0.165707483887672
143,"1230",0.0128320986405015
143,"1231",-0.689053356647491
143,"1232",-0.928834676742554
143,"1233",-0.747399926185608
143,"1234",-0.717172503471375
143,"1235",-0.281328707933426
143,"1236",0.010411711409688
143,"1237",-0.735284626483917
143,"1238",0.185360074043274
143,"1239",0.0447289310395718
143,"1240",0.000248879310674965
143,"1241",0.22065857052803
143,"1242",-0.731214046478271
143,"1243",0.0223633255809546
143,"1244",-0.92542427778244
143,"1245",-0.935672581195831
143,"1246",0.544693470001221
143,"1247",-0.936165153980255
143,"1248",-1
143,"1249",-0.731438159942627
143,"1250",0.906351208686829
143,"1251",-0.925502121448517
143,"1252",0.801398038864136
143,"1253",-0.936165153980255
143,"1254",-0.936165153980255
143,"1255",-0.00105553073808551
143,"1256",0.801392376422882
143,"1257",-0.675345301628113
143,"1258",-0.0132118305191398
143,"1259",-0.00246408139355481
143,"1260",0.617366135120392
143,"1261",-0.746978521347046
143,"1262",-0.935721695423126
143,"1263",-0.92377495765686
143,"1264",0.420709133148193
144,"803",0.215802982449532
144,"815",-0.704334616661072
144,"843",-0.713633120059967
144,"872",0.205295145511627
144,"915",-0.720277488231659
144,"986",0.272496163845062
144,"1009",-0.728289127349854
144,"1012",0.957685172557831
144,"1013",0.209420412778854
144,"1015",0.869873762130737
144,"1017",-0.748559415340424
144,"1021",-0.800894856452942
144,"1025",-0.713601350784302
144,"1028",-0.65470689535141
144,"1038",0.55005931854248
144,"1039",0.0086452029645443
144,"1044",0.479684174060822
144,"1054",-0.644024014472961
144,"1056",0.646008372306824
144,"1059",-0.780221045017242
144,"1060",-0.70911431312561
144,"1061",0.24540963768959
144,"1062",-0.595009028911591
144,"1065",-0.735992252826691
144,"1073",0.910456359386444
144,"1074",0.731110394001007
144,"1075",-0.831040799617767
144,"1077",0.264926135540009
144,"1082",-1
144,"1086",0.75614470243454
144,"1087",0.801387310028076
144,"1099",0.301850825548172
144,"1100",-0.754752516746521
144,"1102",-0.58839750289917
144,"1104",-0.75445431470871
144,"1105",0.240060731768608
144,"1108",-0.663215219974518
144,"1110",0.205072447657585
144,"1114",0.74394291639328
144,"1116",0.181170180439949
144,"1117",0.972238183021545
144,"1119",-0.658360600471497
144,"1122",0.957764565944672
144,"1127",0.800051748752594
144,"1128",0.940455794334412
144,"1131",-0.692943811416626
144,"1132",-0.714232802391052
144,"1133",-0.755574941635132
144,"1140",-0.846163809299469
144,"1141",0.273285984992981
144,"1142",0.56779283285141
144,"1143",-0.674985289573669
144,"1146",-0.736283123493195
144,"1148",NA
144,"1150",-0.755574941635132
144,"1152",-0.996166944503784
144,"1153",0.86335563659668
144,"1157",-0.632731020450592
144,"1159",0.934460759162903
144,"1165",-0.755579769611359
144,"1166",-0.549257755279541
144,"1170",-0.748559415340424
144,"1171",0.810357868671417
144,"1172",-0.740428984165192
144,"1173",0.957601070404053
144,"1174",-0.688051819801331
144,"1175",0.176439195871353
144,"1176",-0.684391021728516
144,"1177",0.769653558731079
144,"1178",0.217176109552383
144,"1180",0.750425815582275
144,"1181",0.633291006088257
144,"1182",0.256683647632599
144,"1183",-0.667368650436401
144,"1184",0.701453566551208
144,"1186",0.784105241298676
144,"1187",-0.755574941635132
144,"1188",0.957601070404053
144,"1189",0.871150732040405
144,"1190",-0.755574941635132
144,"1191",-0.754642844200134
144,"1192",0.010381055995822
144,"1193",-0.0573096983134747
144,"1194",-0.755569636821747
144,"1195",0.207134798169136
144,"1196",0.145905628800392
144,"1197",-0.722939014434814
144,"1198",-0.754774630069733
144,"1199",-0.709567546844482
144,"1200",-0.407936960458755
144,"1201",-0.0270728338509798
144,"1202",-0.833008170127869
144,"1203",-0.755574941635132
144,"1204",0.584357559680939
144,"1205",0.411316096782684
144,"1206",0.590342700481415
144,"1207",0.703485310077667
144,"1208",0.198887422680855
144,"1209",0.781039416790009
144,"1210",0.957520008087158
144,"1211",1
144,"1212",-0.980466902256012
144,"1213",0.957601070404053
144,"1214",-0.851269960403442
144,"1215",-0.969221949577332
144,"1216",-0.754771113395691
144,"1217",-0.981797456741333
144,"1218",-0.752059996128082
144,"1219",-0.676753759384155
144,"1220",-0.754736959934235
144,"1221",-0.755569636821747
144,"1222",0.771500289440155
144,"1223",-0.99823796749115
144,"1224",0.196175336837769
144,"1225",-0.754881620407104
144,"1226",0.246972277760506
144,"1227",-0.784767687320709
144,"1228",-0.986524283885956
144,"1229",0.20978057384491
144,"1230",-0.0371347926557064
144,"1231",-0.67033976316452
144,"1232",-0.7555792927742
144,"1233",-0.73501992225647
144,"1234",-0.709526777267456
144,"1235",-0.273286789655685
144,"1236",-0.0608528405427933
144,"1237",-0.721337199211121
144,"1238",0.255362242460251
144,"1239",0.00962930917739868
144,"1240",-0.0847164317965508
144,"1241",0.324748277664185
144,"1242",-0.793621599674225
144,"1243",-0.00769814662635326
144,"1244",-0.754141509532928
144,"1245",-0.754786908626556
144,"1246",0.622084081172943
144,"1247",-0.755569636821747
144,"1248",-1
144,"1249",-0.792192220687866
144,"1250",0.945535182952881
144,"1251",-0.753338038921356
144,"1252",0.804518282413483
144,"1253",-0.755574941635132
144,"1254",-0.755569636821747
144,"1255",-0.0816760435700417
144,"1256",0.804524183273315
144,"1257",-0.677887141704559
144,"1258",-0.0573096983134747
144,"1259",-0.0771781727671623
144,"1260",0.611066877841949
144,"1261",-0.781428277492523
144,"1262",-0.754774630069733
144,"1263",-0.748559415340424
144,"1264",0.26346892118454
145,"803",0.342827647924423
145,"815",-0.619867563247681
145,"843",-0.536833941936493
145,"872",0.323639184236526
145,"915",-0.588246166706085
145,"986",0.412288695573807
145,"1009",-0.623130738735199
145,"1012",1
145,"1013",0.362065345048904
145,"1015",0.769956827163696
145,"1017",-0.974469721317291
145,"1021",-0.489241480827332
145,"1025",-1
145,"1028",-0.48561429977417
145,"1038",0.678193271160126
145,"1039",0.341327011585236
145,"1044",0.626102983951569
145,"1054",-0.494911372661591
145,"1056",0.78391569852829
145,"1059",-0.458802491426468
145,"1060",-0.49654558300972
145,"1061",0.523303806781769
145,"1062",-0.464811831712723
145,"1065",-0.618469476699829
145,"1073",0.7354816198349
145,"1074",0.84953373670578
145,"1075",-0.508198261260986
145,"1077",0.510390758514404
145,"1082",-0.529850900173187
145,"1086",0.729305624961853
145,"1087",0.749041080474854
145,"1099",0.534308016300201
145,"1100",-0.973370015621185
145,"1102",-0.412280648946762
145,"1104",-0.952095508575439
145,"1105",0.375495344400406
145,"1108",-0.507111430168152
145,"1110",0.450415670871735
145,"1114",0.692122876644135
145,"1116",0.328032553195953
145,"1117",0.911801874637604
145,"1119",-0.451716214418411
145,"1122",0.989158451557159
145,"1127",0.772192180156708
145,"1128",0.88083416223526
145,"1131",-0.485756784677505
145,"1132",-0.490730434656143
145,"1133",-0.973912358283997
145,"1140",-0.6123286485672
145,"1141",0.430243372917175
145,"1142",0.637219130992889
145,"1143",-0.55631411075592
145,"1146",-1
145,"1148",0.665771126747131
145,"1150",-0.974469840526581
145,"1152",-0.463082045316696
145,"1153",0.70130056142807
145,"1157",-0.546898424625397
145,"1159",0.912893831729889
145,"1165",-0.974184393882751
145,"1166",-0.325535476207733
145,"1170",-0.974203407764435
145,"1171",0.771922707557678
145,"1172",-0.963617146015167
145,"1173",1
145,"1174",-0.618140935897827
145,"1175",0.446852296590805
145,"1176",-0.595086812973022
145,"1177",0.756243646144867
145,"1178",0.479728311300278
145,"1180",0.770298421382904
145,"1181",0.697716355323792
145,"1182",0.381899923086166
145,"1183",-0.499378234148026
145,"1184",0.777493715286255
145,"1186",0.75859397649765
145,"1187",-0.97413158416748
145,"1188",0.919170379638672
145,"1189",0.753450930118561
145,"1190",-0.974364757537842
145,"1191",-0.972841084003448
145,"1192",0.108921766281128
145,"1193",0.109891302883625
145,"1194",-0.974469721317291
145,"1195",0.494733363389969
145,"1196",0.310527831315994
145,"1197",-0.44196617603302
145,"1198",-0.972860455513
145,"1199",-0.546120822429657
145,"1200",-0.163418635725975
145,"1201",0.113561056554317
145,"1202",-0.609252989292145
145,"1203",-0.974201023578644
145,"1204",0.660952568054199
145,"1205",0.5579754114151
145,"1206",0.712397515773773
145,"1207",0.763488709926605
145,"1208",0.347226768732071
145,"1209",0.76108980178833
145,"1210",0.931077182292938
145,"1211",0.99921041727066
145,"1212",-0.598127245903015
145,"1213",0.919149160385132
145,"1214",-0.611587345600128
145,"1215",-0.601728022098541
145,"1216",-0.974627077579498
145,"1217",-0.626553177833557
145,"1218",-0.97413158416748
145,"1219",-0.516875624656677
145,"1220",-0.974201023578644
145,"1221",-0.995063245296478
145,"1222",0.6885986328125
145,"1223",-0.607214748859406
145,"1224",0.354757845401764
145,"1225",-0.974760293960571
145,"1226",0.486041128635406
145,"1227",-0.447502285242081
145,"1228",-0.601728022098541
145,"1229",0.348089247941971
145,"1230",0.100718088448048
145,"1231",-0.511030554771423
145,"1232",-0.974584460258484
145,"1233",-0.601377725601196
145,"1234",-0.646811306476593
145,"1235",-0.177797943353653
145,"1236",0.20341432094574
145,"1237",-0.584940791130066
145,"1238",0.363327771425247
145,"1239",0.337904036045074
145,"1240",0.0947303399443626
145,"1241",0.418627291917801
145,"1242",-0.488586008548737
145,"1243",0.323876738548279
145,"1244",-0.719903290271759
145,"1245",-0.974759340286255
145,"1246",0.723499655723572
145,"1247",-0.973880052566528
145,"1248",-0.974201023578644
145,"1249",-0.601419806480408
145,"1250",0.914814651012421
145,"1251",-0.95223605632782
145,"1252",0.77233624458313
145,"1253",-0.974171757698059
145,"1254",-0.974201023578644
145,"1255",0.266869515180588
145,"1256",0.76843935251236
145,"1257",-0.517374634742737
145,"1258",0.17043574154377
145,"1259",-0.00711685791611671
145,"1260",0.672264218330383
145,"1261",-0.586490571498871
145,"1262",-0.972835958003998
145,"1263",-0.974201023578644
145,"1264",0.522857367992401
146,"803",0.330846637487411
146,"815",-0.803052961826324
146,"843",-0.847517251968384
146,"872",0.233277812600136
146,"915",-0.968144655227661
146,"986",0.368868798017502
146,"1009",-0.839902222156525
146,"1012",0.975447833538055
146,"1013",0.315270721912384
146,"1015",0.802287459373474
146,"1017",-0.89226895570755
146,"1021",-0.938507378101349
146,"1025",-0.891589343547821
146,"1028",-0.743360996246338
146,"1038",0.641263246536255
146,"1039",0.257680714130402
146,"1044",0.613848090171814
146,"1054",-0.706833064556122
146,"1056",0.763193249702454
146,"1059",-0.889142096042633
146,"1060",-0.805249631404877
146,"1061",0.416238486766815
146,"1062",-0.651874840259552
146,"1065",-0.843896865844727
146,"1073",0.816396772861481
146,"1074",0.845647096633911
146,"1075",-0.938178598880768
146,"1077",0.484333008527756
146,"1082",-1
146,"1086",0.772859752178192
146,"1087",0.77309662103653
146,"1099",0.492140561342239
146,"1100",-0.90135782957077
146,"1102",-0.639518857002258
146,"1104",-0.901524484157562
146,"1105",0.35552117228508
146,"1108",-0.741883516311646
146,"1110",0.369053304195404
146,"1114",0.709276795387268
146,"1116",0.286970794200897
146,"1117",0.924361705780029
146,"1119",-0.737929463386536
146,"1122",0.961029648780823
146,"1127",0.791392743587494
146,"1128",0.916739702224731
146,"1131",-0.773703515529633
146,"1132",-0.808206260204315
146,"1133",-0.900905787944794
146,"1140",-0.936808109283447
146,"1141",0.375647306442261
146,"1142",0.666426420211792
146,"1143",-0.790347158908844
146,"1146",-0.861019432544708
146,"1148",0.671283900737762
146,"1150",-0.902564883232117
146,"1152",-1
146,"1153",0.747179687023163
146,"1157",-0.770585119724274
146,"1159",0.916544675827026
146,"1165",-0.902564883232117
146,"1166",-0.609226405620575
146,"1170",-0.894174635410309
146,"1171",0.787849426269531
146,"1172",-0.868499457836151
146,"1173",0.975447833538055
146,"1174",-0.817635416984558
146,"1175",0.335206151008606
146,"1176",-0.783219456672668
146,"1177",0.789383471012115
146,"1178",0.391944140195847
146,"1180",0.814943909645081
146,"1181",0.772642970085144
146,"1182",0.336390793323517
146,"1183",-0.772348523139954
146,"1184",0.771397709846497
146,"1186",0.773120164871216
146,"1187",-0.900632560253143
146,"1188",0.926888525485992
146,"1189",0.808360040187836
146,"1190",-0.90257853269577
146,"1191",-0.90142410993576
146,"1192",0.00400832248851657
146,"1193",0.0243705529719591
146,"1194",-0.902564883232117
146,"1195",0.352494090795517
146,"1196",0.239181727170944
146,"1197",-0.712933838367462
146,"1198",-0.901441514492035
146,"1199",-0.828363180160522
146,"1200",-0.34121510386467
146,"1201",0.0221494119614363
146,"1202",-0.940629959106445
146,"1203",-0.900905787944794
146,"1204",0.703743159770966
146,"1205",0.528021812438965
146,"1206",0.73381108045578
146,"1207",0.769635796546936
146,"1208",0.264599621295929
146,"1209",0.763383805751801
146,"1210",0.932874739170074
146,"1211",1
146,"1212",-1
146,"1213",0.926888525485992
146,"1214",-0.946413695812225
146,"1215",-1
146,"1216",-0.901420891284943
146,"1217",-1
146,"1218",-0.896206021308899
146,"1219",-0.814224362373352
146,"1220",-0.901403963565826
146,"1221",-0.90269410610199
146,"1222",0.724204480648041
146,"1223",-1
146,"1224",0.28242439031601
146,"1225",-0.902326762676239
146,"1226",0.385278046131134
146,"1227",-0.868704319000244
146,"1228",-1
146,"1229",0.271453231573105
146,"1230",0.0177105590701103
146,"1231",-0.751465320587158
146,"1232",-0.900905787944794
146,"1233",-0.858979940414429
146,"1234",-0.877928137779236
146,"1235",-0.272873491048813
146,"1236",0.109792210161686
146,"1237",-0.813075482845306
146,"1238",0.346720516681671
146,"1239",0.24190953373909
146,"1240",-0.012635825201869
146,"1241",0.433999627828598
146,"1242",-0.90108060836792
146,"1243",0.2298374325037
146,"1244",-0.883875966072083
146,"1245",-0.902383804321289
146,"1246",0.7698814868927
146,"1247",-0.90257853269577
146,"1248",-1
146,"1249",-0.873464345932007
146,"1250",0.923994183540344
146,"1251",-0.900632560253143
146,"1252",0.784558951854706
146,"1253",-0.902564883232117
146,"1254",-0.902564883232117
146,"1255",0.165480926632881
146,"1256",0.780476629734039
146,"1257",-0.781554162502289
146,"1258",0.083158977329731
146,"1259",-0.101006031036377
146,"1260",0.722032189369202
146,"1261",-0.88084214925766
146,"1262",-0.901441514492035
146,"1263",-0.89226895570755
146,"1264",0.420652657747269
147,"803",0.319252759218216
147,"815",-0.578527927398682
147,"843",-0.504535257816315
147,"872",0.269175052642822
147,"915",-0.571069717407227
147,"986",0.336497247219086
147,"1009",-0.57055926322937
147,"1012",0.983649492263794
147,"1013",0.29179909825325
147,"1015",0.772010326385498
147,"1017",-0.937916219234467
147,"1021",-0.411578863859177
147,"1025",-0.940799832344055
147,"1028",-0.422033369541168
147,"1038",0.645841181278229
147,"1039",0.272817581892014
147,"1044",0.56078428030014
147,"1054",-0.432186484336853
147,"1056",0.735538721084595
147,"1059",-0.425784647464752
147,"1060",-0.438103079795837
147,"1061",0.368822455406189
147,"1062",-0.378888994455338
147,"1065",-0.58301442861557
147,"1073",0.768158316612244
147,"1074",0.768469214439392
147,"1075",-0.459610849618912
147,"1077",0.358194679021835
147,"1082",-0.576153516769409
147,"1086",0.723879456520081
147,"1087",0.745700836181641
147,"1099",0.383907973766327
147,"1100",-0.9971963763237
147,"1102",-0.381354510784149
147,"1104",-0.977038741111755
147,"1105",0.323516488075256
147,"1108",-0.459247529506683
147,"1110",0.314919143915176
147,"1114",0.686079502105713
147,"1116",0.278715878725052
147,"1117",0.91089940071106
147,"1119",-0.413393288850784
147,"1122",0.974922716617584
147,"1127",0.758240044116974
147,"1128",0.897599816322327
147,"1131",-0.436456918716431
147,"1132",-0.413437515497208
147,"1133",-0.977675795555115
147,"1140",-0.554857611656189
147,"1141",0.349461138248444
147,"1142",0.622602760791779
147,"1143",-0.507948935031891
147,"1146",-1
147,"1148",0.628783166408539
147,"1150",-0.983878672122955
147,"1152",-0.489743769168854
147,"1153",0.714826226234436
147,"1157",-0.455440610647202
147,"1159",0.906571507453918
147,"1165",-0.984274804592133
147,"1166",-0.329441756010056
147,"1170",-0.947976410388947
147,"1171",0.758026838302612
147,"1172",-0.93752920627594
147,"1173",0.983649492263794
147,"1174",-0.558681488037109
147,"1175",0.293511956930161
147,"1176",-0.50419944524765
147,"1177",0.705487072467804
147,"1178",0.325715631246567
147,"1180",0.768085539340973
147,"1181",0.708867073059082
147,"1182",0.312847435474396
147,"1183",-0.480768352746964
147,"1184",0.742273211479187
147,"1186",0.73700749874115
147,"1187",-0.975700378417969
147,"1188",0.910820960998535
147,"1189",0.784422993659973
147,"1190",-0.984101712703705
147,"1191",-0.983485996723175
147,"1192",0.0621573589742184
147,"1193",0.0746726840734482
147,"1194",-0.984221935272217
147,"1195",0.337376773357391
147,"1196",0.260100662708282
147,"1197",-0.437376409769058
147,"1198",-0.983598947525024
147,"1199",-0.509883046150208
147,"1200",-0.153479099273682
147,"1201",0.0765439867973328
147,"1202",-0.557422816753387
147,"1203",-0.976350486278534
147,"1204",0.653661489486694
147,"1205",0.483847439289093
147,"1206",0.659330666065216
147,"1207",0.73840594291687
147,"1208",0.284527838230133
147,"1209",0.743143856525421
147,"1210",0.920477390289307
147,"1211",1
147,"1212",-0.603861093521118
147,"1213",0.910865187644958
147,"1214",-0.571651518344879
147,"1215",-0.616266191005707
147,"1216",-0.989482164382935
147,"1217",-0.630651414394379
147,"1218",-0.984221935272217
147,"1219",-0.496066987514496
147,"1220",-0.984274804592133
147,"1221",-1
147,"1222",0.670101523399353
147,"1223",-0.641828656196594
147,"1224",0.293572425842285
147,"1225",-0.998275816440582
147,"1226",0.359716922044754
147,"1227",-0.395960986614227
147,"1228",-0.620659708976746
147,"1229",0.287897229194641
147,"1230",0.0688823610544205
147,"1231",-0.481482893228531
147,"1232",-0.976455628871918
147,"1233",-0.561508238315582
147,"1234",-0.571152210235596
147,"1235",-0.145890563726425
147,"1236",0.137710154056549
147,"1237",-0.561442673206329
147,"1238",0.320954293012619
147,"1239",0.247455447912216
147,"1240",0.0485471040010452
147,"1241",0.389908790588379
147,"1242",-0.439054757356644
147,"1243",0.238411173224449
147,"1244",-0.758643329143524
147,"1245",-0.984459757804871
147,"1246",0.728521287441254
147,"1247",-0.984172105789185
147,"1248",-0.983785688877106
147,"1249",-0.555848300457001
147,"1250",0.912790477275848
147,"1251",-0.975746393203735
147,"1252",0.745309472084045
147,"1253",-0.984221935272217
147,"1254",-0.984172105789185
147,"1255",0.182782560586929
147,"1256",0.743064999580383
147,"1257",-0.515777230262756
147,"1258",0.10994540899992
147,"1259",-0.013859624043107
147,"1260",0.660005927085876
147,"1261",-0.595271944999695
147,"1262",-0.983355641365051
147,"1263",-0.94817328453064
147,"1264",0.372183948755264
148,"803",0.289838045835495
148,"815",-0.748899221420288
148,"843",-0.729335010051727
148,"872",0.220596849918365
148,"915",-0.862579882144928
148,"986",0.328447252511978
148,"1009",-0.760603189468384
148,"1012",0.991939663887024
148,"1013",0.253326267004013
148,"1015",0.692018747329712
148,"1017",-0.764620721340179
148,"1021",-0.836963176727295
148,"1025",-0.764067530632019
148,"1028",-0.715052604675293
148,"1038",0.582651317119598
148,"1039",0.212680980563164
148,"1044",0.513699412345886
148,"1054",-0.675061285495758
148,"1056",0.621883928775787
148,"1059",-0.861232876777649
148,"1060",-0.778095543384552
148,"1061",0.421041339635849
148,"1062",-0.668258011341095
148,"1065",-0.836922883987427
148,"1073",0.695159494876862
148,"1074",0.770368695259094
148,"1075",-0.90753960609436
148,"1077",0.399152487516403
148,"1082",-1
148,"1086",0.652159869670868
148,"1087",0.689875066280365
148,"1099",0.450490236282349
148,"1100",-0.771405518054962
148,"1102",-0.631741583347321
148,"1104",-0.76648885011673
148,"1105",0.280878484249115
148,"1108",-0.692295372486115
148,"1110",0.341430693864822
148,"1114",0.624610364437103
148,"1116",0.235025078058243
148,"1117",0.884413361549377
148,"1119",-0.678269147872925
148,"1122",0.982225179672241
148,"1127",0.70719188451767
148,"1128",0.869623959064484
148,"1131",-0.719220876693726
148,"1132",-0.816260933876038
148,"1133",-0.767924189567566
148,"1140",-0.994458019733429
148,"1141",0.345107287168503
148,"1142",0.547436058521271
148,"1143",-0.745351493358612
148,"1146",-0.764723122119904
148,"1148",0.612003266811371
148,"1150",-0.772211670875549
148,"1152",-0.869393408298492
148,"1153",0.698229193687439
148,"1157",-0.706890404224396
148,"1159",0.882497429847717
148,"1165",-0.772211611270905
148,"1166",-0.573307573795319
148,"1170",-0.768924057483673
148,"1171",0.719672679901123
148,"1172",-0.761676609516144
148,"1173",0.992302060127258
148,"1174",-0.755593955516815
148,"1175",0.329079449176788
148,"1176",-0.719647407531738
148,"1177",0.6977419257164
148,"1178",0.357767850160599
148,"1180",0.667626559734344
148,"1181",0.630469739437103
148,"1182",0.284170418977737
148,"1183",-0.722254753112793
148,"1184",0.661104083061218
148,"1186",0.692740976810455
148,"1187",-0.767933547496796
148,"1188",0.887183785438538
148,"1189",0.728272140026093
148,"1190",-0.772211670875549
148,"1191",-0.771414160728455
148,"1192",-0.0993854328989983
148,"1193",-0.0835042074322701
148,"1194",-0.772211670875549
148,"1195",0.39146363735199
148,"1196",0.234107494354248
148,"1197",-0.660236835479736
148,"1198",-0.771414160728455
148,"1199",-0.90450793504715
148,"1200",-0.504333913326263
148,"1201",-0.0728579089045525
148,"1202",-0.995343446731567
148,"1203",-0.767933547496796
148,"1204",0.574776411056519
148,"1205",0.498224765062332
148,"1206",0.585319936275482
148,"1207",0.640058219432831
148,"1208",0.260947048664093
148,"1209",0.69121927022934
148,"1210",0.897379219532013
148,"1211",1
148,"1212",-1
148,"1213",0.887183785438538
148,"1214",-1
148,"1215",-1
148,"1216",-0.771532475948334
148,"1217",-1
148,"1218",-0.769161581993103
148,"1219",-0.716545879840851
148,"1220",-0.771016359329224
148,"1221",-0.772131204605103
148,"1222",0.70783543586731
148,"1223",-1
148,"1224",0.266256213188171
148,"1225",-0.770477056503296
148,"1226",0.406207114458084
148,"1227",-0.836729466915131
148,"1228",-1
148,"1229",0.252503454685211
148,"1230",-0.0974343046545982
148,"1231",-0.694354236125946
148,"1232",-0.767924129962921
148,"1233",-0.93588662147522
148,"1234",-0.876747012138367
148,"1235",-0.480232298374176
148,"1236",0.0272454805672169
148,"1237",-0.749571561813354
148,"1238",0.286177694797516
148,"1239",0.210354372859001
148,"1240",-0.124308750033379
148,"1241",0.321861147880554
148,"1242",-0.877554953098297
148,"1243",0.197082743048668
148,"1244",-0.743996024131775
148,"1245",-0.770553886890411
148,"1246",0.592822432518005
148,"1247",-0.772211670875549
148,"1248",-1
148,"1249",-0.908282458782196
148,"1250",0.887323141098022
148,"1251",-0.767951250076294
148,"1252",0.717951834201813
148,"1253",-0.772211670875549
148,"1254",-0.772211670875549
148,"1255",0.107229880988598
148,"1256",0.71525377035141
148,"1257",-0.689058303833008
148,"1258",-0.0159921906888485
148,"1259",-0.252136766910553
148,"1260",0.597744584083557
148,"1261",-0.807965755462646
148,"1262",-0.771414160728455
148,"1263",-0.766141533851624
148,"1264",0.417412161827087
149,"803",0.0432323701679707
149,"815",-0.691459178924561
149,"843",-0.693546235561371
149,"872",0.234784483909607
149,"915",-0.766362428665161
149,"986",0.381642252206802
149,"1009",-0.68682461977005
149,"1012",0.980067610740662
149,"1013",0.33934497833252
149,"1015",0.883917331695557
149,"1017",-0.743435084819794
149,"1021",-0.798275351524353
149,"1025",-0.736010432243347
149,"1028",-0.621490120887756
149,"1038",0.514419078826904
149,"1039",-0.0432871915400028
149,"1044",0.499867975711823
149,"1054",-0.637780249118805
149,"1056",0.586628794670105
149,"1059",-0.770114302635193
149,"1060",-0.709783732891083
149,"1061",0.370364278554916
149,"1062",-0.56167334318161
149,"1065",-0.699925065040588
149,"1073",0.877188861370087
149,"1074",0.984947741031647
149,"1075",-0.83551961183548
149,"1077",0.43100494146347
149,"1082",-0.893788456916809
149,"1086",0.788312435150146
149,"1087",0.803224503993988
149,"1099",0.437836527824402
149,"1100",-0.747453570365906
149,"1102",-0.598265409469604
149,"1104",-0.745138704776764
149,"1105",0.287959009408951
149,"1108",-0.606342196464539
149,"1110",0.36460879445076
149,"1114",0.669104039669037
149,"1116",0.17222173511982
149,"1117",0.958800494670868
149,"1119",-0.659424662590027
149,"1122",0.9800945520401
149,"1127",0.79272449016571
149,"1128",0.91657167673111
149,"1131",-0.64583158493042
149,"1132",-0.696232676506042
149,"1133",-0.746308505535126
149,"1140",-0.813827395439148
149,"1141",0.390275299549103
149,"1142",0.526687383651733
149,"1143",-0.620695233345032
149,"1146",-0.706027925014496
149,"1148",NA
149,"1150",-0.749318420886993
149,"1152",-1
149,"1153",0.838075459003448
149,"1157",-0.611355543136597
149,"1159",0.953196227550507
149,"1165",-0.749318420886993
149,"1166",-0.536453664302826
149,"1170",-0.74653697013855
149,"1171",0.814919888973236
149,"1172",-0.709288060665131
149,"1173",0.980067610740662
149,"1174",-0.673139035701752
149,"1175",0.3608138859272
149,"1176",-0.641827046871185
149,"1177",0.903594493865967
149,"1178",0.390173643827438
149,"1180",0.723445475101471
149,"1181",0.585794150829315
149,"1182",0.340408354997635
149,"1183",-0.614890933036804
149,"1184",0.690734565258026
149,"1186",0.792993009090424
149,"1187",-0.746308505535126
149,"1188",0.980067610740662
149,"1189",0.87054055929184
149,"1190",-0.749318420886993
149,"1191",-0.747498631477356
149,"1192",0.0406195037066936
149,"1193",-0.0447335094213486
149,"1194",-0.749318420886993
149,"1195",0.258352428674698
149,"1196",0.133532851934433
149,"1197",-0.594780147075653
149,"1198",-0.747470200061798
149,"1199",-0.674132943153381
149,"1200",-0.316431909799576
149,"1201",-0.0274207293987274
149,"1202",-0.819436490535736
149,"1203",-0.746308505535126
149,"1204",0.543276727199554
149,"1205",0.387364447116852
149,"1206",0.592614233493805
149,"1207",0.664599299430847
149,"1208",0.22367724776268
149,"1209",0.803400635719299
149,"1210",0.980073809623718
149,"1211",1
149,"1212",-0.955110728740692
149,"1213",0.980067610740662
149,"1214",-0.823845207691193
149,"1215",-0.943636238574982
149,"1216",-0.747498154640198
149,"1217",-0.952984988689423
149,"1218",-0.745071291923523
149,"1219",-0.636942505836487
149,"1220",-0.748389601707458
149,"1221",-0.749318420886993
149,"1222",0.925221979618073
149,"1223",-0.953294575214386
149,"1224",0.240540519356728
149,"1225",-0.748889803886414
149,"1226",0.326578557491302
149,"1227",-0.730698049068451
149,"1228",-0.96254688501358
149,"1229",0.227485343813896
149,"1230",-0.0357159599661827
149,"1231",-0.642550766468048
149,"1232",-0.746308505535126
149,"1233",-0.71824437379837
149,"1234",-0.819532155990601
149,"1235",-0.246887192130089
149,"1236",-0.0494898781180382
149,"1237",-0.67442923784256
149,"1238",0.281094312667847
149,"1239",-0.016112582758069
149,"1240",-0.0479039698839188
149,"1241",0.353214770555496
149,"1242",-0.79592353105545
149,"1243",-0.0276352297514677
149,"1244",-0.745933532714844
149,"1245",-0.74894917011261
149,"1246",0.540935754776001
149,"1247",-0.749318420886993
149,"1248",-1
149,"1249",-0.757472932338715
149,"1250",0.951286494731903
149,"1251",-0.746308505535126
149,"1252",0.814831376075745
149,"1253",-0.749318420886993
149,"1254",-0.749318420886993
149,"1255",-0.043310672044754
149,"1256",0.814906299114227
149,"1257",-0.663588464260101
149,"1258",-0.081833653151989
149,"1259",-0.0440132133662701
149,"1260",0.581707417964935
149,"1261",-0.722138941287994
149,"1262",-0.747470200061798
149,"1263",-0.74478942155838
149,"1264",0.383307009935379
150,"803",0.328228771686554
150,"815",-0.549242556095123
150,"843",-0.536691784858704
150,"872",0.272815436124802
150,"915",-0.635647058486938
150,"986",0.403588473796844
150,"1009",-0.553484976291656
150,"1012",1
150,"1013",0.313348293304443
150,"1015",0.786610126495361
150,"1017",-0.550490617752075
150,"1021",-0.739141583442688
150,"1025",-0.541647136211395
150,"1028",-0.568208336830139
150,"1038",0.655890882015228
150,"1039",0.264274895191193
150,"1044",0.55343621969223
150,"1054",-0.504019618034363
150,"1056",0.744661748409271
150,"1059",-0.780946791172028
150,"1060",-0.635860323905945
150,"1061",0.435219645500183
150,"1062",-0.509794056415558
150,"1065",-0.630255997180939
150,"1073",0.779835999011993
150,"1074",0.846198618412018
150,"1075",-0.794352650642395
150,"1077",0.41531828045845
150,"1082",-0.954250335693359
150,"1086",0.752121567726135
150,"1087",0.758074343204498
150,"1099",0.444235324859619
150,"1100",-0.553525924682617
150,"1102",-0.485025852918625
150,"1104",-0.54634428024292
150,"1105",0.319739282131195
150,"1108",-0.522925853729248
150,"1110",0.37051597237587
150,"1114",0.664271473884583
150,"1116",0.253047466278076
150,"1117",0.919589877128601
150,"1119",-0.503453195095062
150,"1122",0.98998749256134
150,"1127",0.791971385478973
150,"1128",0.941162943840027
150,"1131",-0.565849781036377
150,"1132",-0.678517937660217
150,"1133",-0.550490617752075
150,"1140",-0.910708487033844
150,"1141",0.428153544664383
150,"1142",0.632602870464325
150,"1143",-0.545223295688629
150,"1146",-0.550447821617126
150,"1148",0.669464230537415
150,"1150",-0.554297566413879
150,"1152",-0.795701146125793
150,"1153",0.705999255180359
150,"1157",-0.520783603191376
150,"1159",0.92696738243103
150,"1165",-0.554361939430237
150,"1166",-0.415711164474487
150,"1170",-0.554263234138489
150,"1171",0.789384543895721
150,"1172",-0.554301619529724
150,"1173",0.999998092651367
150,"1174",-0.548042356967926
150,"1175",0.357616305351257
150,"1176",-0.524830341339111
150,"1177",0.757155001163483
150,"1178",0.387657433748245
150,"1180",0.790295004844666
150,"1181",0.688685178756714
150,"1182",0.329635232686996
150,"1183",-0.536488890647888
150,"1184",0.786563634872437
150,"1186",0.776545822620392
150,"1187",-0.550490617752075
150,"1188",0.928746163845062
150,"1189",0.79272735118866
150,"1190",-0.554263234138489
150,"1191",-0.553660571575165
150,"1192",-0.0348859056830406
150,"1193",-0.00971659552305937
150,"1194",-0.554263234138489
150,"1195",0.372184664011002
150,"1196",0.286597013473511
150,"1197",-0.503092706203461
150,"1198",-0.553638815879822
150,"1199",-0.714918315410614
150,"1200",-0.355505019426346
150,"1201",-0.0117376772686839
150,"1202",-0.877533733844757
150,"1203",-0.550490617752075
150,"1204",0.671551465988159
150,"1205",0.509413659572601
150,"1206",0.676732540130615
150,"1207",0.759082078933716
150,"1208",0.283773005008698
150,"1209",0.7852942943573
150,"1210",0.935509860515594
150,"1211",0.999135673046112
150,"1212",-0.984685719013214
150,"1213",0.928746163845062
150,"1214",-0.913021743297577
150,"1215",-0.990086197853088
150,"1216",-0.553665220737457
150,"1217",-0.986073434352875
150,"1218",-0.554263234138489
150,"1219",-0.52725076675415
150,"1220",-0.554263234138489
150,"1221",-0.554263532161713
150,"1222",0.734631538391113
150,"1223",-1
150,"1224",0.291059136390686
150,"1225",-0.553865075111389
150,"1226",0.400747954845428
150,"1227",-0.740362465381622
150,"1228",-1
150,"1229",0.278996348381042
150,"1230",-0.0202298164367676
150,"1231",-0.514456450939178
150,"1232",-0.550589263439178
150,"1233",-0.793139696121216
150,"1234",-0.68110591173172
150,"1235",-0.287792026996613
150,"1236",0.0783953741192818
150,"1237",-0.549732387065887
150,"1238",0.303569674491882
150,"1239",0.23526206612587
150,"1240",-0.0585766732692719
150,"1241",0.362477421760559
150,"1242",-0.780613780021667
150,"1243",0.224310889840126
150,"1244",-0.537798345088959
150,"1245",-0.553871989250183
150,"1246",0.701202690601349
150,"1247",-0.554361939430237
150,"1248",-1
150,"1249",-0.751303374767303
150,"1250",0.929082632064819
150,"1251",-0.548746109008789
150,"1252",0.786946594715118
150,"1253",-0.554361939430237
150,"1254",-0.554263234138489
150,"1255",0.141481176018715
150,"1256",0.784617781639099
150,"1257",-0.508237719535828
150,"1258",0.0471435934305191
150,"1259",-0.16354002058506
150,"1260",0.671622455120087
150,"1261",-0.612647712230682
150,"1262",-0.553638696670532
150,"1263",-0.551445364952087
150,"1264",0.424939423799515
151,"803",0.253484457731247
151,"815",-0.834887981414795
151,"843",-0.838118970394135
151,"872",0.242352873086929
151,"915",-0.888889074325562
151,"986",0.338986694812775
151,"1009",-0.863379716873169
151,"1012",0.992517292499542
151,"1013",0.269908875226974
151,"1015",0.768980264663696
151,"1017",-0.938077747821808
151,"1021",-0.801393985748291
151,"1025",-0.937464356422424
151,"1028",-0.743815660476685
151,"1038",0.586744785308838
151,"1039",0.143285140395164
151,"1044",0.530599415302277
151,"1054",-0.708859384059906
151,"1056",0.647310733795166
151,"1059",-0.801855266094208
151,"1060",-0.771690309047699
151,"1061",0.382763773202896
151,"1062",-0.677907347679138
151,"1065",-0.820558130741119
151,"1073",0.769235372543335
151,"1074",0.807098805904388
151,"1075",-0.832698285579681
151,"1077",0.393085718154907
151,"1082",-1
151,"1086",0.721853733062744
151,"1087",0.750490784645081
151,"1099",0.419063329696655
151,"1100",-0.951033234596252
151,"1102",-0.667642533779144
151,"1104",-0.940999686717987
151,"1105",0.315875947475433
151,"1108",-0.770438671112061
151,"1110",0.317118167877197
151,"1114",0.730679988861084
151,"1116",0.23498822748661
151,"1117",0.930903732776642
151,"1119",-0.6954665184021
151,"1122",0.981032192707062
151,"1127",0.784486055374146
151,"1128",0.916538596153259
151,"1131",-0.770108878612518
151,"1132",-0.723269402980804
151,"1133",-0.944373548030853
151,"1140",-0.881087899208069
151,"1141",0.338587403297424
151,"1142",0.566897451877594
151,"1143",-0.732755959033966
151,"1146",-0.921894133090973
151,"1148",0.656745553016663
151,"1150",-0.951172828674316
151,"1152",-0.843372881412506
151,"1153",0.763933837413788
151,"1157",-0.753829717636108
151,"1159",0.923354744911194
151,"1165",-0.951171338558197
151,"1166",-0.604309499263763
151,"1170",-0.945321142673492
151,"1171",0.784337937831879
151,"1172",-0.935253441333771
151,"1173",0.992517292499542
151,"1174",-0.825328350067139
151,"1175",0.31225061416626
151,"1176",-0.779550552368164
151,"1177",0.765244245529175
151,"1178",0.350567728281021
151,"1180",0.750308930873871
151,"1181",0.609898388385773
151,"1182",0.293634980916977
151,"1183",-0.792476773262024
151,"1184",0.764934360980988
151,"1186",0.775204718112946
151,"1187",-0.944373548030853
151,"1188",0.931886434555054
151,"1189",0.789242506027222
151,"1190",-0.951172828674316
151,"1191",-0.951218843460083
151,"1192",-0.0950789973139763
151,"1193",-0.0910217985510826
151,"1194",-0.951172828674316
151,"1195",0.323053330183029
151,"1196",0.228619024157524
151,"1197",-0.750669777393341
151,"1198",-0.951172828674316
151,"1199",-0.848281919956207
151,"1200",-0.42407438158989
151,"1201",-0.0770828500390053
151,"1202",-0.870658695697784
151,"1203",-0.944373548030853
151,"1204",0.580516934394836
151,"1205",0.431113749742508
151,"1206",0.608749866485596
151,"1207",0.756313145160675
151,"1208",0.254256635904312
151,"1209",0.768843829631805
151,"1210",0.939035832881927
151,"1211",1
151,"1212",-0.96113508939743
151,"1213",0.931886434555054
151,"1214",-0.887643396854401
151,"1215",-0.951961696147919
151,"1216",-0.951172828674316
151,"1217",-0.991048634052277
151,"1218",-0.951172828674316
151,"1219",-0.774349808692932
151,"1220",-0.951172828674316
151,"1221",-0.951285123825073
151,"1222",0.784933924674988
151,"1223",-0.967849254608154
151,"1224",0.262352705001831
151,"1225",-0.950385868549347
151,"1226",0.356750398874283
151,"1227",-0.788667261600494
151,"1228",-0.958243131637573
151,"1229",0.248146742582321
151,"1230",-0.099386490881443
151,"1231",-0.752105712890625
151,"1232",-0.944377541542053
151,"1233",-0.838604390621185
151,"1234",-0.832610249519348
151,"1235",-0.45118972659111
151,"1236",-0.00871520489454269
151,"1237",-0.818845689296722
151,"1238",0.284465998411179
151,"1239",0.142663240432739
151,"1240",-0.113571479916573
151,"1241",0.381245762109756
151,"1242",-0.823302626609802
151,"1243",0.128137722611427
151,"1244",-0.907217741012573
151,"1245",-0.950536072254181
151,"1246",0.595895290374756
151,"1247",-0.951172828674316
151,"1248",-1
151,"1249",-0.819419085979462
151,"1250",0.93030047416687
151,"1251",-0.941673874855042
151,"1252",0.781723737716675
151,"1253",-0.951172828674316
151,"1254",-0.951172828674316
151,"1255",0.0646041631698608
151,"1256",0.779162287712097
151,"1257",-0.742771506309509
151,"1258",-0.0301198549568653
151,"1259",-0.22036549448967
151,"1260",0.588326334953308
151,"1261",-0.841949701309204
151,"1262",-0.951172828674316
151,"1263",-0.938077747821808
151,"1264",0.388695061206818
152,"803",0.180070161819458
152,"815",-0.430834412574768
152,"843",-0.469014823436737
152,"872",0.309524774551392
152,"915",-0.477676272392273
152,"986",0.408900201320648
152,"1009",-0.473212689161301
152,"1012",0.949989020824432
152,"1013",0.362000644207001
152,"1015",0.923096179962158
152,"1017",-0.944032907485962
152,"1021",-0.399116635322571
152,"1025",-0.957344651222229
152,"1028",-0.369830012321472
152,"1038",0.611754059791565
152,"1039",0.147623538970947
152,"1044",0.498161166906357
152,"1054",-0.396753817796707
152,"1056",0.731106221675873
152,"1059",-0.353709876537323
152,"1060",-0.40819463133812
152,"1061",0.397529661655426
152,"1062",-0.291663974523544
152,"1065",-0.460926353931427
152,"1073",0.987645983695984
152,"1074",0.850428402423859
152,"1075",-0.425492256879807
152,"1077",0.373727023601532
152,"1082",-0.510484933853149
152,"1086",0.892859518527985
152,"1087",0.880015909671783
152,"1099",0.409699559211731
152,"1100",-0.996273279190063
152,"1102",-0.345504075288773
152,"1104",-0.921879172325134
152,"1105",0.293757945299149
152,"1108",-0.382806330919266
152,"1110",0.355996549129486
152,"1114",0.756406962871552
152,"1116",0.269199430942535
152,"1117",0.951968014240265
152,"1119",-0.423947602510452
152,"1122",0.950111329555511
152,"1127",0.866467416286469
152,"1128",0.851851463317871
152,"1131",-0.39239501953125
152,"1132",-0.381433665752411
152,"1133",-0.966222286224365
152,"1140",-0.453036159276962
152,"1141",0.416526198387146
152,"1142",0.648838698863983
152,"1143",-0.392414152622223
152,"1146",-0.959169387817383
152,"1148",NA
152,"1150",-0.979564249515533
152,"1152",-0.485081762075424
152,"1153",0.971857070922852
152,"1157",-0.396689295768738
152,"1159",0.935114622116089
152,"1165",-0.979758203029633
152,"1166",-0.289776265621185
152,"1170",-0.961304485797882
152,"1171",0.885528266429901
152,"1172",-0.956936240196228
152,"1173",0.949989020824432
152,"1174",-0.454607933759689
152,"1175",0.378921687602997
152,"1176",-0.425860524177551
152,"1177",0.777271687984467
152,"1178",0.357781946659088
152,"1180",0.851039290428162
152,"1181",0.689691662788391
152,"1182",0.380786687135696
152,"1183",-0.391352206468582
152,"1184",0.796447038650513
152,"1186",0.86102306842804
152,"1187",-0.966785252094269
152,"1188",0.949989020824432
152,"1189",1
152,"1190",-0.979345560073853
152,"1191",-0.999024927616119
152,"1192",0.131131276488304
152,"1193",0.106030441820621
152,"1194",-0.979649007320404
152,"1195",0.328231334686279
152,"1196",0.200506970286369
152,"1197",-0.340722769498825
152,"1198",-0.978882193565369
152,"1199",-0.439531475305557
152,"1200",-0.123414367437363
152,"1201",0.100494660437107
152,"1202",-0.458420008420944
152,"1203",-0.966785252094269
152,"1204",0.659145653247833
152,"1205",0.517655432224274
152,"1206",0.662397444248199
152,"1207",0.746243715286255
152,"1208",0.287949591875076
152,"1209",0.884988903999329
152,"1210",0.949845254421234
152,"1211",0.962619841098785
152,"1212",-0.496297895908356
152,"1213",0.949989020824432
152,"1214",-0.472530573606491
152,"1215",-0.510832071304321
152,"1216",-0.979751348495483
152,"1217",-0.560383498668671
152,"1218",-0.977703094482422
152,"1219",-0.42744168639183
152,"1220",-0.979363739490509
152,"1221",-0.979199707508087
152,"1222",0.740705490112305
152,"1223",-0.508241176605225
152,"1224",0.298001676797867
152,"1225",-1
152,"1226",0.384039133787155
152,"1227",-0.370138645172119
152,"1228",-0.516225636005402
152,"1229",0.299012660980225
152,"1230",0.107699126005173
152,"1231",-0.402187049388885
152,"1232",-0.966811656951904
152,"1233",-0.458511710166931
152,"1234",-0.444865167140961
152,"1235",-0.0916003286838531
152,"1236",0.110195770859718
152,"1237",-0.442700952291489
152,"1238",0.311814457178116
152,"1239",0.130644664168358
152,"1240",0.116117335855961
152,"1241",0.352840632200241
152,"1242",-0.420338690280914
152,"1243",0.117174923419952
152,"1244",-0.914184749126434
152,"1245",-0.980869114398956
152,"1246",0.686565637588501
152,"1247",-0.979345560073853
152,"1248",-0.979345560073853
152,"1249",-0.441675037145615
152,"1250",0.90570729970932
152,"1251",-0.922158122062683
152,"1252",0.881631255149841
152,"1253",-0.979766964912415
152,"1254",-0.979199707508087
152,"1255",0.0871069505810738
152,"1256",0.881664395332336
152,"1257",-0.412051558494568
152,"1258",0.106030441820621
152,"1259",0.0869606509804726
152,"1260",0.690729856491089
152,"1261",-0.441894054412842
152,"1262",-0.978125929832458
152,"1263",-0.943905174732208
152,"1264",0.416027784347534
153,"803",-0.200067490339279
153,"815",-0.809189677238464
153,"843",-0.7996866106987
153,"872",0.131936982274055
153,"915",-0.872578740119934
153,"986",0.258270293474197
153,"1009",-0.869229078292847
153,"1012",1
153,"1013",0.174688279628754
153,"1015",0.969099044799805
153,"1017",-0.98915046453476
153,"1021",-0.755054116249084
153,"1025",-0.9881192445755
153,"1028",-0.72059166431427
153,"1038",0.437480419874191
153,"1039",-0.0151279326528311
153,"1044",0.331216603517532
153,"1054",-0.727432250976562
153,"1056",0.618701100349426
153,"1059",-0.784149825572968
153,"1060",-0.772700607776642
153,"1061",0.290702998638153
153,"1062",-0.698533654212952
153,"1065",-0.814635992050171
153,"1073",0.915958344936371
153,"1074",0.932990252971649
153,"1075",-0.797422349452972
153,"1077",0.300380080938339
153,"1082",-1
153,"1086",0.803647339344025
153,"1087",0.724199235439301
153,"1099",0.32126173377037
153,"1100",-0.998188734054565
153,"1102",-0.777809023857117
153,"1104",-0.978743195533752
153,"1105",0.0655925124883652
153,"1108",-0.838119089603424
153,"1110",0.281578987836838
153,"1114",0.676619410514832
153,"1116",0.0460777617990971
153,"1117",1
153,"1119",-0.727823913097382
153,"1122",1
153,"1127",0.765380561351776
153,"1128",1
153,"1131",-0.729616165161133
153,"1132",-0.727362215518951
153,"1133",-0.989172279834747
153,"1140",-0.872739672660828
153,"1141",0.249917566776276
153,"1142",0.439875930547714
153,"1143",-0.824912667274475
153,"1146",-0.993198931217194
153,"1148",NA
153,"1150",-0.998188734054565
153,"1152",-1
153,"1153",0.843865931034088
153,"1157",-0.769672572612762
153,"1159",1
153,"1165",-0.998191714286804
153,"1166",-0.68011063337326
153,"1170",-0.998188734054565
153,"1171",0.76614898443222
153,"1172",-0.989324748516083
153,"1173",1
153,"1174",-0.808242201805115
153,"1175",0.314978688955307
153,"1176",-0.707141757011414
153,"1177",0.971757829189301
153,"1178",0.290249288082123
153,"1180",0.780990600585938
153,"1181",0.446710556745529
153,"1182",0.152505472302437
153,"1183",-0.83151113986969
153,"1184",0.743976652622223
153,"1186",0.759858012199402
153,"1187",-0.989172160625458
153,"1188",1
153,"1189",0.887514531612396
153,"1190",-0.998188734054565
153,"1191",-0.998188734054565
153,"1192",-0.0163345858454704
153,"1193",-0.019438412040472
153,"1194",-0.998188734054565
153,"1195",0.282554537057877
153,"1196",-0.107392840087414
153,"1197",-0.764130890369415
153,"1198",-0.998188734054565
153,"1199",-0.836743235588074
153,"1200",-0.525728821754456
153,"1201",-0.00271695968694985
153,"1202",-0.860819578170776
153,"1203",-0.989172160625458
153,"1204",0.427927613258362
153,"1205",0.351877689361572
153,"1206",0.500818490982056
153,"1207",0.750825762748718
153,"1208",0.0517061352729797
153,"1209",0.862403333187103
153,"1210",1
153,"1211",1
153,"1212",-1
153,"1213",1
153,"1214",-0.870832145214081
153,"1215",-1
153,"1216",-0.998392522335052
153,"1217",-1
153,"1218",-0.998188734054565
153,"1219",-0.76429271697998
153,"1220",-0.998188734054565
153,"1221",-0.998188734054565
153,"1222",0.686158955097198
153,"1223",-0.994464337825775
153,"1224",0.0722816735506058
153,"1225",-0.997925937175751
153,"1226",0.259153604507446
153,"1227",-0.757457971572876
153,"1228",-1
153,"1229",0.0726625993847847
153,"1230",-0.00358587293885648
153,"1231",-0.727821350097656
153,"1232",-0.989130616188049
153,"1233",-0.833696722984314
153,"1234",-0.776263296604156
153,"1235",-0.284360617399216
153,"1236",-0.0102639980614185
153,"1237",-0.785162091255188
153,"1238",0.0933627039194107
153,"1239",0.0276172179728746
153,"1240",-0.0142373470589519
153,"1241",0.136866673827171
153,"1242",-0.826431572437286
153,"1243",-0.00247144047170877
153,"1244",-0.980733573436737
153,"1245",-0.997925937175751
153,"1246",0.456080198287964
153,"1247",-0.998188734054565
153,"1248",-1
153,"1249",-0.767162144184113
153,"1250",1
153,"1251",-0.982122778892517
153,"1252",0.758947908878326
153,"1253",-0.998188734054565
153,"1254",-0.998188734054565
153,"1255",-0.0254899431020021
153,"1256",0.75890839099884
153,"1257",-0.756480395793915
153,"1258",-0.0320793017745018
153,"1259",-0.0181737132370472
153,"1260",0.46862518787384
153,"1261",-0.792203962802887
153,"1262",-0.998188734054565
153,"1263",-0.990427732467651
153,"1264",0.315908193588257
154,"803",0.373825281858444
154,"815",-0.806251645088196
154,"843",-0.789571404457092
154,"872",0.290687471628189
154,"915",-0.935475289821625
154,"986",0.421978294849396
154,"1009",-0.83539092540741
154,"1012",1
154,"1013",0.336620658636093
154,"1015",0.761745572090149
154,"1017",-0.847809731960297
154,"1021",-0.852273285388947
154,"1025",-0.844714283943176
154,"1028",-0.712344288825989
154,"1038",0.641624510288239
154,"1039",0.303610414266586
154,"1044",0.606002926826477
154,"1054",-0.680821478366852
154,"1056",0.722382724285126
154,"1059",-0.902291834354401
154,"1060",-0.808293640613556
154,"1061",0.510032892227173
154,"1062",-0.675811767578125
154,"1065",-0.855281710624695
154,"1073",0.765635550022125
154,"1074",0.789876341819763
154,"1075",-0.943333208560944
154,"1077",0.489463746547699
154,"1082",-1
154,"1086",0.691768527030945
154,"1087",0.712111294269562
154,"1099",0.533208549022675
154,"1100",-0.8517045378685
154,"1102",-0.613151848316193
154,"1104",-0.845377743244171
154,"1105",0.369394898414612
154,"1108",-0.699432611465454
154,"1110",0.424676567316055
154,"1114",0.647245168685913
154,"1116",0.303391009569168
154,"1117",0.912705540657043
154,"1119",-0.705937564373016
154,"1122",0.988641798496246
154,"1127",0.752008736133575
154,"1128",0.938752472400665
154,"1131",-0.719642043113708
154,"1132",-0.796434462070465
154,"1133",-0.847809731960297
154,"1140",-0.994718730449677
154,"1141",0.434915781021118
154,"1142",0.620137393474579
154,"1143",-0.777069509029388
154,"1146",-0.832356572151184
154,"1148",0.670297980308533
154,"1150",-0.852647960186005
154,"1152",-0.996650516986847
154,"1153",0.733357787132263
154,"1157",-0.774718821048737
154,"1159",0.921399056911469
154,"1165",-0.852647960186005
154,"1166",-0.583975195884705
154,"1170",-0.852647960186005
154,"1171",0.749683737754822
154,"1172",-0.837013125419617
154,"1173",1
154,"1174",-0.803953886032104
154,"1175",0.426052749156952
154,"1176",-0.73981112241745
154,"1177",0.774155974388123
154,"1178",0.457204401493073
154,"1180",0.766512751579285
154,"1181",0.76198947429657
154,"1182",0.358791381120682
154,"1183",-0.781796872615814
154,"1184",0.739077568054199
154,"1186",0.71428382396698
154,"1187",-0.847809731960297
154,"1188",0.924997389316559
154,"1189",0.762062132358551
154,"1190",-0.852647960186005
154,"1191",-0.851746201515198
154,"1192",-0.055980172008276
154,"1193",-0.0423304028809071
154,"1194",-0.852647960186005
154,"1195",0.427264779806137
154,"1196",0.34280589222908
154,"1197",-0.668190479278564
154,"1198",-0.851745665073395
154,"1199",-0.876143217086792
154,"1200",-0.484030723571777
154,"1201",-0.029503146186471
154,"1202",-0.995548248291016
154,"1203",-0.847809731960297
154,"1204",0.648129224777222
154,"1205",0.511629283428192
154,"1206",0.714276254177094
154,"1207",0.70508736371994
154,"1208",0.336065798997879
154,"1209",0.760202765464783
154,"1210",0.933235108852386
154,"1211",0.99930614233017
154,"1212",-1
154,"1213",0.924997389316559
154,"1214",-1
154,"1215",-1
154,"1216",-0.851741552352905
154,"1217",-1
154,"1218",-0.846682786941528
154,"1219",-0.760953426361084
154,"1220",-0.851604998111725
154,"1221",-0.852592706680298
154,"1222",0.692898869514465
154,"1223",-1
154,"1224",0.341855317354202
154,"1225",-0.852187156677246
154,"1226",0.472333252429962
154,"1227",-0.855372726917267
154,"1228",-1
154,"1229",0.324600011110306
154,"1230",-0.0571175999939442
154,"1231",-0.719533979892731
154,"1232",-0.848024904727936
154,"1233",-0.893347799777985
154,"1234",-0.900854170322418
154,"1235",-0.445734649896622
154,"1236",0.0817124620079994
154,"1237",-0.799652755260468
154,"1238",0.350736111402512
154,"1239",0.302606135606766
154,"1240",-0.0728689655661583
154,"1241",0.418775737285614
154,"1242",-0.90225750207901
154,"1243",0.290965378284454
154,"1244",-0.820926249027252
154,"1245",-0.852258920669556
154,"1246",0.774177670478821
154,"1247",-0.852647960186005
154,"1248",-1
154,"1249",-0.906831979751587
154,"1250",0.928540885448456
154,"1251",-0.846728086471558
154,"1252",0.72956520318985
154,"1253",-0.852647960186005
154,"1254",-0.852647960186005
154,"1255",0.200570911169052
154,"1256",0.727359533309937
154,"1257",-0.756683588027954
154,"1258",0.0216824449598789
154,"1259",-0.230116441845894
154,"1260",0.671534657478333
154,"1261",-0.8724285364151
154,"1262",-0.851745665073395
154,"1263",-0.850429534912109
154,"1264",0.498153388500214
155,"803",0.357993602752686
155,"815",-0.849965214729309
155,"843",-0.819299399852753
155,"872",0.24617226421833
155,"915",-0.840901255607605
155,"986",0.322013050317764
155,"1009",-0.883460164070129
155,"1012",0.988595128059387
155,"1013",0.266826868057251
155,"1015",0.75437730550766
155,"1017",-0.985617160797119
155,"1021",-0.690347611904144
155,"1025",-0.979670107364655
155,"1028",-0.671260178089142
155,"1038",0.592389583587646
155,"1039",0.18451564013958
155,"1044",0.508960545063019
155,"1054",-0.682702243328094
155,"1056",0.640861093997955
155,"1059",-0.721144556999207
155,"1060",-0.712871432304382
155,"1061",0.378413587808609
155,"1062",-0.64905458688736
155,"1065",-0.924766540527344
155,"1073",0.760042011737823
155,"1074",0.701931715011597
155,"1075",-0.762445211410522
155,"1077",0.331189900636673
155,"1082",-1
155,"1086",0.70222419500351
155,"1087",0.74640679359436
155,"1099",0.385447263717651
155,"1100",-0.9992835521698
155,"1102",-0.666394233703613
155,"1104",-0.981584250926971
155,"1105",0.314999133348465
155,"1108",-0.683521628379822
155,"1110",0.273849010467529
155,"1114",0.681734919548035
155,"1116",0.233708530664444
155,"1117",0.894710302352905
155,"1119",-0.719093263149261
155,"1122",0.975955843925476
155,"1127",0.747028887271881
155,"1128",0.921061038970947
155,"1131",-0.689507603645325
155,"1132",-0.68951404094696
155,"1133",-0.993792712688446
155,"1140",-0.881257116794586
155,"1141",0.34936735033989
155,"1142",0.539233267307281
155,"1143",-0.785708725452423
155,"1146",-0.98352724313736
155,"1148",0.638257741928101
155,"1150",-0.999638557434082
155,"1152",-0.864701151847839
155,"1153",0.759581923484802
155,"1157",-0.722808659076691
155,"1159",0.91143798828125
155,"1165",-0.99961245059967
155,"1166",-0.598233878612518
155,"1170",-0.991802871227264
155,"1171",0.763113617897034
155,"1172",-0.983544230461121
155,"1173",0.988629162311554
155,"1174",-0.842085242271423
155,"1175",0.237941890954971
155,"1176",-0.774524033069611
155,"1177",0.720538437366486
155,"1178",0.29011544585228
155,"1180",0.700397253036499
155,"1181",0.651930809020996
155,"1182",0.294829308986664
155,"1183",-0.736675202846527
155,"1184",0.658987879753113
155,"1186",0.724890410900116
155,"1187",-0.993776202201843
155,"1188",0.911856591701508
155,"1189",0.792607545852661
155,"1190",-0.999638557434082
155,"1191",-0.9994255900383
155,"1192",-0.180788993835449
155,"1193",-0.162914723157883
155,"1194",-0.999810338020325
155,"1195",0.318714499473572
155,"1196",0.276647567749023
155,"1197",-0.640290021896362
155,"1198",-0.999810338020325
155,"1199",-0.871062517166138
155,"1200",-0.463257879018784
155,"1201",-0.161251589655876
155,"1202",-0.885904014110565
155,"1203",-0.993776202201843
155,"1204",0.568462789058685
155,"1205",0.474003970623016
155,"1206",0.580631375312805
155,"1207",0.67127513885498
155,"1208",0.283578366041183
155,"1209",0.74296647310257
155,"1210",0.919871628284454
155,"1211",1
155,"1212",-1
155,"1213",0.911856591701508
155,"1214",-0.915263712406158
155,"1215",-1
155,"1216",-0.999810338020325
155,"1217",-1
155,"1218",-0.993683934211731
155,"1219",-0.754115581512451
155,"1220",-0.998279690742493
155,"1221",-1
155,"1222",0.673302173614502
155,"1223",-1
155,"1224",0.284261614084244
155,"1225",-0.99920392036438
155,"1226",0.363917052745819
155,"1227",-0.693805992603302
155,"1228",-1
155,"1229",0.287981271743774
155,"1230",-0.177533820271492
155,"1231",-0.70481950044632
155,"1232",-0.99373459815979
155,"1233",-0.862403392791748
155,"1234",-0.833945155143738
155,"1235",-0.447742909193039
155,"1236",-0.0513008758425713
155,"1237",-0.857911169528961
155,"1238",0.318805277347565
155,"1239",0.155542314052582
155,"1240",-0.198449745774269
155,"1241",0.371228396892548
155,"1242",-0.715634286403656
155,"1243",0.138169065117836
155,"1244",-0.927179336547852
155,"1245",-0.999652206897736
155,"1246",0.658413887023926
155,"1247",-0.999638557434082
155,"1248",-1
155,"1249",-0.853314697742462
155,"1250",0.917636334896088
155,"1251",-0.982356429100037
155,"1252",0.752200663089752
155,"1253",-0.999638557434082
155,"1254",-0.999638557434082
155,"1255",0.0565383844077587
155,"1256",0.749452292919159
155,"1257",-0.775441706180573
155,"1258",-0.0932808220386505
155,"1259",-0.324439585208893
155,"1260",0.588366985321045
155,"1261",-0.905724465847015
155,"1262",-0.999638557434082
155,"1263",-0.98753410577774
155,"1264",0.37287300825119
156,"803",0.400456517934799
156,"815",-0.632225811481476
156,"843",-0.606154501438141
156,"872",0.318184703588486
156,"915",-0.700925529003143
156,"986",0.404238969087601
156,"1009",-0.63195788860321
156,"1012",0.990359365940094
156,"1013",0.339208483695984
156,"1015",0.760723888874054
156,"1017",-0.641790688037872
156,"1021",-0.76742297410965
156,"1025",-0.630385935306549
156,"1028",-0.611597180366516
156,"1038",0.617843627929688
156,"1039",0.242176562547684
156,"1044",0.569147765636444
156,"1054",-0.571829438209534
156,"1056",0.676521122455597
156,"1059",-0.776101768016815
156,"1060",-0.675718128681183
156,"1061",0.463342994451523
156,"1062",-0.555272698402405
156,"1065",-0.699025928974152
156,"1073",0.772255063056946
156,"1074",0.820390522480011
156,"1075",-0.823739767074585
156,"1077",0.463709503412247
156,"1082",-0.983582198619843
156,"1086",0.734040677547455
156,"1087",0.694397747516632
156,"1099",0.509044826030731
156,"1100",-0.646630585193634
156,"1102",-0.551544964313507
156,"1104",-0.636978268623352
156,"1105",0.399134308099747
156,"1108",-0.57380473613739
156,"1110",0.381466716527939
156,"1114",0.689681053161621
156,"1116",0.311727225780487
156,"1117",0.920309722423553
156,"1119",-0.572849273681641
156,"1122",0.982787191867828
156,"1127",0.757914841175079
156,"1128",0.942562282085419
156,"1131",-0.610327482223511
156,"1132",-0.705220758914948
156,"1133",-0.645641386508942
156,"1140",-0.942621290683746
156,"1141",0.41924637556076
156,"1142",0.589597404003143
156,"1143",-0.591362476348877
156,"1146",-0.63522607088089
156,"1148",0.673193752765656
156,"1150",-0.64668196439743
156,"1152",-0.838772296905518
156,"1153",0.754761159420013
156,"1157",-0.561408936977386
156,"1159",0.923916101455688
156,"1165",-0.646757185459137
156,"1166",-0.472198992967606
156,"1170",-0.64288318157196
156,"1171",0.756051123142242
156,"1172",-0.640099346637726
156,"1173",0.990359365940094
156,"1174",-0.613473832607269
156,"1175",0.349150270223618
156,"1176",-0.589792966842651
156,"1177",0.781287372112274
156,"1178",0.406191527843475
156,"1180",0.751363754272461
156,"1181",0.648307979106903
156,"1182",0.349217742681503
156,"1183",-0.604906499385834
156,"1184",0.74418717622757
156,"1186",0.7456334233284
156,"1187",-0.645642817020416
156,"1188",0.926052749156952
156,"1189",0.790108978748322
156,"1190",-0.64668196439743
156,"1191",-0.64671003818512
156,"1192",-0.0648126974701881
156,"1193",-0.0481928624212742
156,"1194",-0.64668196439743
156,"1195",0.389276504516602
156,"1196",0.342946201562881
156,"1197",-0.542374670505524
156,"1198",-0.64668196439743
156,"1199",-0.765451729297638
156,"1200",-0.380515784025192
156,"1201",-0.0365394726395607
156,"1202",-0.886098682880402
156,"1203",-0.645642817020416
156,"1204",0.613107621669769
156,"1205",0.49929815530777
156,"1206",0.645888864994049
156,"1207",0.745449364185333
156,"1208",0.338484853506088
156,"1209",0.751810789108276
156,"1210",0.932932198047638
156,"1211",1
156,"1212",-1
156,"1213",0.926052749156952
156,"1214",-0.950434684753418
156,"1215",-0.918737590312958
156,"1216",-0.64671003818512
156,"1217",-0.915259420871735
156,"1218",-0.64668196439743
156,"1219",-0.589807748794556
156,"1220",-0.64668196439743
156,"1221",-0.646765351295471
156,"1222",0.771712005138397
156,"1223",-0.948470830917358
156,"1224",0.347865134477615
156,"1225",-0.646162867546082
156,"1226",0.433249145746231
156,"1227",-0.770196974277496
156,"1228",-0.943049132823944
156,"1229",0.334873825311661
156,"1230",-0.0585992336273193
156,"1231",-0.574723184108734
156,"1232",-0.645767867565155
156,"1233",-0.751017689704895
156,"1234",-0.817316234111786
156,"1235",-0.3229840695858
156,"1236",0.0484461598098278
156,"1237",-0.632277846336365
156,"1238",0.39081934094429
156,"1239",0.243446752429008
156,"1240",-0.0804281383752823
156,"1241",0.445571303367615
156,"1242",-0.776406466960907
156,"1243",0.228557914495468
156,"1244",-0.627973258495331
156,"1245",-0.646232187747955
156,"1246",0.634913265705109
156,"1247",-0.64668196439743
156,"1248",-1
156,"1249",-0.822699725627899
156,"1250",0.934565722942352
156,"1251",-0.642673075199127
156,"1252",0.753653943538666
156,"1253",-0.64668196439743
156,"1254",-0.64668196439743
156,"1255",0.151408702135086
156,"1256",0.752292215824127
156,"1257",-0.578870475292206
156,"1258",0.0184551700949669
156,"1259",-0.205665946006775
156,"1260",0.614341974258423
156,"1261",-0.694297671318054
156,"1262",-0.64668196439743
156,"1263",-0.64288318157196
156,"1264",0.455452620983124
157,"803",-0.176045686006546
157,"815",-0.719114542007446
157,"843",-0.690918028354645
157,"872",0.14008791744709
157,"915",-0.787889957427979
157,"986",0.227490663528442
157,"1009",-0.772675573825836
157,"1012",0.989890456199646
157,"1013",0.181244790554047
157,"1015",1
157,"1017",-0.988802969455719
157,"1021",-0.629558801651001
157,"1025",-0.989924371242523
157,"1028",-0.621920168399811
157,"1038",0.575232744216919
157,"1039",-0.0215128175914288
157,"1044",0.467512041330338
157,"1054",-0.684035181999207
157,"1056",0.721396267414093
157,"1059",-0.623158156871796
157,"1060",-0.699272751808167
157,"1061",0.273448526859283
157,"1062",-0.615120530128479
157,"1065",-0.745765328407288
157,"1073",1
157,"1074",1
157,"1075",-0.7109694480896
157,"1077",0.386434555053711
157,"1082",-0.925354242324829
157,"1086",0.973521173000336
157,"1087",0.819953441619873
157,"1099",0.354410707950592
157,"1100",-1
157,"1102",-0.673301875591278
157,"1104",-0.979654967784882
157,"1105",0.151540040969849
157,"1108",-0.683166325092316
157,"1110",0.273497849702835
157,"1114",0.63142341375351
157,"1116",0.0860617235302925
157,"1117",1
157,"1119",-0.709330141544342
157,"1122",0.989874422550201
157,"1127",0.827999353408813
157,"1128",0.758588433265686
157,"1131",-0.631421208381653
157,"1132",-0.647832572460175
157,"1133",-0.995168030261993
157,"1140",-0.76577627658844
157,"1141",0.205148592591286
157,"1142",0.604499459266663
157,"1143",-0.733551502227783
157,"1146",-0.955182492733002
157,"1148",NA
157,"1150",-0.999732792377472
157,"1152",-0.889627873897552
157,"1153",1
157,"1157",-0.702535450458527
157,"1159",0.892964661121368
157,"1165",-0.999777853488922
157,"1166",-0.586933195590973
157,"1170",-0.993671953678131
157,"1171",0.831145167350769
157,"1172",-0.972310781478882
157,"1173",0.989890456199646
157,"1174",-0.734796166419983
157,"1175",0.267263799905777
157,"1176",-0.680956244468689
157,"1177",1
157,"1178",0.338897705078125
157,"1180",1
157,"1181",0.588868856430054
157,"1182",0.190497353672981
157,"1183",-0.758662700653076
157,"1184",0.817113816738129
157,"1186",0.831145167350769
157,"1187",-0.995272278785706
157,"1188",0.989890456199646
157,"1189",1
157,"1190",-0.999732792377472
157,"1191",-0.999732792377472
157,"1192",-0.0124867614358664
157,"1193",-0.0291100982576609
157,"1194",-0.999732792377472
157,"1195",0.273227512836456
157,"1196",-0.0459553711116314
157,"1197",-0.684329748153687
157,"1198",-0.999732792377472
157,"1199",-0.748672664165497
157,"1200",-0.463552892208099
157,"1201",-0.0221064984798431
157,"1202",-0.763633131980896
157,"1203",-0.995272278785706
157,"1204",0.581921696662903
157,"1205",0.352985233068466
157,"1206",0.680617868900299
157,"1207",0.719149112701416
157,"1208",0.0821433067321777
157,"1209",0.864616274833679
157,"1210",0.989875614643097
157,"1211",1
157,"1212",-0.909694731235504
157,"1213",0.989890456199646
157,"1214",-0.783775806427002
157,"1215",-0.898816227912903
157,"1216",-0.999732792377472
157,"1217",-1
157,"1218",-0.997540652751923
157,"1219",-0.705334603786469
157,"1220",-0.998632609844208
157,"1221",-0.999732792377472
157,"1222",0.772692143917084
157,"1223",-0.908061146736145
157,"1224",0.102454401552677
157,"1225",-0.999287307262421
157,"1226",0.246504366397858
157,"1227",-0.661295473575592
157,"1228",-0.898816227912903
157,"1229",0.0886775106191635
157,"1230",-0.0149404220283031
157,"1231",-0.684047043323517
157,"1232",-0.995430946350098
157,"1233",-0.74575537443161
157,"1234",-0.7717325091362
157,"1235",-0.311916708946228
157,"1236",-0.0278960466384888
157,"1237",-0.733513057231903
157,"1238",0.133807450532913
157,"1239",0.0151013229042292
157,"1240",-0.0276709981262684
157,"1241",0.238811105489731
157,"1242",-0.712498784065247
157,"1243",-0.0173794142901897
157,"1244",-0.977079749107361
157,"1245",-0.999234735965729
157,"1246",0.502266108989716
157,"1247",-0.999732792377472
157,"1248",-1
157,"1249",-0.724759161472321
157,"1250",0.869436085224152
157,"1251",-0.980337679386139
157,"1252",0.828093767166138
157,"1253",-0.999732792377472
157,"1254",-0.999732792377472
157,"1255",-0.0504618957638741
157,"1256",0.827995836734772
157,"1257",-0.691932916641235
157,"1258",-0.0584907792508602
157,"1259",-0.0373970568180084
157,"1260",0.67910623550415
157,"1261",-0.739726483821869
157,"1262",-0.999732792377472
157,"1263",-0.991893529891968
157,"1264",0.300878256559372
158,"803",0.322359085083008
158,"815",-0.884880661964417
158,"843",-0.856357336044312
158,"872",0.194451346993446
158,"915",-0.936115086078644
158,"986",0.264325886964798
158,"1009",-0.871864318847656
158,"1012",0.987600386142731
158,"1013",0.207177549600601
158,"1015",0.714658737182617
158,"1017",-0.992284178733826
158,"1021",-0.787561178207397
158,"1025",-0.990512788295746
158,"1028",-0.740585207939148
158,"1038",0.574109733104706
158,"1039",0.181548878550529
158,"1044",0.514017641544342
158,"1054",-0.737843871116638
158,"1056",0.639199078083038
158,"1059",-0.777615010738373
158,"1060",-0.759559452533722
158,"1061",0.359244525432587
158,"1062",-0.696099996566772
158,"1065",-0.848160922527313
158,"1073",0.690025687217712
158,"1074",0.81995952129364
158,"1075",-0.79408061504364
158,"1077",0.345437169075012
158,"1082",-1
158,"1086",0.67788165807724
158,"1087",0.669018864631653
158,"1099",0.375625222921371
158,"1100",-0.998949468135834
158,"1102",-0.642661571502686
158,"1104",-0.997984826564789
158,"1105",0.265768021345139
158,"1108",-0.725956618785858
158,"1110",0.280400484800339
158,"1114",0.614984154701233
158,"1116",0.220276460051537
158,"1117",0.892378747463226
158,"1119",-0.745932400226593
158,"1122",0.978027999401093
158,"1127",0.685551226139069
158,"1128",0.914588630199432
158,"1131",-0.752993822097778
158,"1132",-0.729408025741577
158,"1133",-0.999878704547882
158,"1140",-0.857260406017303
158,"1141",0.292552947998047
158,"1142",0.575105369091034
158,"1143",-0.835866153240204
158,"1146",-0.968269348144531
158,"1148",0.58231782913208
158,"1150",-0.999878823757172
158,"1152",-0.836678743362427
158,"1153",0.586695611476898
158,"1157",-0.786337494850159
158,"1159",0.893507719039917
158,"1165",-0.999791145324707
158,"1166",-0.610022246837616
158,"1170",-0.992346704006195
158,"1171",0.683769166469574
158,"1172",-0.968276977539062
158,"1173",0.987600386142731
158,"1174",-0.838849127292633
158,"1175",0.245416402816772
158,"1176",-0.797460317611694
158,"1177",0.671645998954773
158,"1178",0.294192492961884
158,"1180",0.694731891155243
158,"1181",0.661956071853638
158,"1182",0.234248712658882
158,"1183",-0.825922667980194
158,"1184",0.682755947113037
158,"1186",0.676300942897797
158,"1187",-0.999878823757172
158,"1188",0.89434027671814
158,"1189",0.71654337644577
158,"1190",-0.999878823757172
158,"1191",-0.999077796936035
158,"1192",-0.16801843047142
158,"1193",-0.144462987780571
158,"1194",-0.999878823757172
158,"1195",0.323642671108246
158,"1196",0.207663744688034
158,"1197",-0.697680175304413
158,"1198",-0.99903392791748
158,"1199",-0.850005447864532
158,"1200",-0.543913066387177
158,"1201",-0.130066573619843
158,"1202",-0.876935243606567
158,"1203",-0.999878823757172
158,"1204",0.618927955627441
158,"1205",0.476462006568909
158,"1206",0.614848434925079
158,"1207",0.680309355258942
158,"1208",0.213001295924187
158,"1209",0.684539318084717
158,"1210",0.905585765838623
158,"1211",1
158,"1212",-1
158,"1213",0.89434027671814
158,"1214",-0.886454105377197
158,"1215",-1
158,"1216",-0.999079704284668
158,"1217",-1
158,"1218",-0.996447503566742
158,"1219",-0.817875146865845
158,"1220",-0.99950897693634
158,"1221",-1
158,"1222",0.656307399272919
158,"1223",-1
158,"1224",0.227129101753235
158,"1225",-0.998974442481995
158,"1226",0.339553743600845
158,"1227",-0.750461935997009
158,"1228",-1
158,"1229",0.208260878920555
158,"1230",-0.156255230307579
158,"1231",-0.753070771694183
158,"1232",-0.999979496002197
158,"1233",-0.857455134391785
158,"1234",-0.945639729499817
158,"1235",-0.484280198812485
158,"1236",-0.0410464778542519
158,"1237",-0.83315497636795
158,"1238",0.272803843021393
158,"1239",0.156288489699364
158,"1240",-0.187977135181427
158,"1241",0.326137900352478
158,"1242",-0.764599204063416
158,"1243",0.144575640559196
158,"1244",-0.947394847869873
158,"1245",-0.99895042181015
158,"1246",0.693256378173828
158,"1247",-0.999878823757172
158,"1248",-1
158,"1249",-0.843798398971558
158,"1250",0.902052819728851
158,"1251",-0.996520340442657
158,"1252",0.685832500457764
158,"1253",-0.999878823757172
158,"1254",-0.999878823757172
158,"1255",0.0439270697534084
158,"1256",0.684542119503021
158,"1257",-0.778594076633453
158,"1258",-0.0716029703617096
158,"1259",-0.314103275537491
158,"1260",0.622595250606537
158,"1261",-0.870234489440918
158,"1262",-0.99903392791748
158,"1263",-0.992346704006195
158,"1264",0.349650055170059
159,"803",0.248949781060219
159,"815",-0.903875946998596
159,"843",-0.824889063835144
159,"872",0.201194182038307
159,"915",-0.862112939357758
159,"986",0.317868411540985
159,"1009",-0.896308720111847
159,"1012",0.978817284107208
159,"1013",0.24505552649498
159,"1015",0.75483512878418
159,"1017",-0.962851405143738
159,"1021",-0.82366269826889
159,"1025",-0.964739739894867
159,"1028",-0.755843222141266
159,"1038",0.582388877868652
159,"1039",0.191896975040436
159,"1044",0.54613184928894
159,"1054",-0.745555222034454
159,"1056",0.695785999298096
159,"1059",-0.828126013278961
159,"1060",-0.804788410663605
159,"1061",0.370019763708115
159,"1062",-0.710645318031311
159,"1065",-0.907864212989807
159,"1073",0.772962927818298
159,"1074",0.811455190181732
159,"1075",-0.840505838394165
159,"1077",0.421682924032211
159,"1082",-1
159,"1086",0.739144563674927
159,"1087",0.742901504039764
159,"1099",0.425985187292099
159,"1100",-0.985482633113861
159,"1102",-0.699238300323486
159,"1104",-0.97589498758316
159,"1105",0.284142225980759
159,"1108",-0.846948742866516
159,"1110",0.32073438167572
159,"1114",0.61308228969574
159,"1116",0.224623918533325
159,"1117",0.894598007202148
159,"1119",-0.728469133377075
159,"1122",0.965116441249847
159,"1127",0.75468897819519
159,"1128",0.888647854328156
159,"1131",-0.779171407222748
159,"1132",-0.736340820789337
159,"1133",-0.978741228580475
159,"1140",-0.996625900268555
159,"1141",0.314899235963821
159,"1142",0.593602418899536
159,"1143",-0.862526178359985
159,"1146",-0.959005355834961
159,"1148",0.628964126110077
159,"1150",-0.986567437648773
159,"1152",-0.861919343471527
159,"1153",0.732402324676514
159,"1157",-0.807599604129791
159,"1159",0.899681389331818
159,"1165",-0.986567318439484
159,"1166",-0.630815863609314
159,"1170",-0.971755266189575
159,"1171",0.764772772789001
159,"1172",-0.968440353870392
159,"1173",0.978817284107208
159,"1174",-0.891195893287659
159,"1175",0.302077025175095
159,"1176",-0.870466947555542
159,"1177",0.739761590957642
159,"1178",0.345584809780121
159,"1180",0.736532747745514
159,"1181",0.746054291725159
159,"1182",0.271538317203522
159,"1183",-0.856817185878754
159,"1184",0.707349419593811
159,"1186",0.737050831317902
159,"1187",-0.978741228580475
159,"1188",0.90939998626709
159,"1189",0.800323188304901
159,"1190",-0.986567437648773
159,"1191",-0.985632359981537
159,"1192",-0.0652602910995483
159,"1193",-0.051734235137701
159,"1194",-0.986567437648773
159,"1195",0.326159745454788
159,"1196",0.193794399499893
159,"1197",-0.816488683223724
159,"1198",-0.985634565353394
159,"1199",-0.913525760173798
159,"1200",-0.434409946203232
159,"1201",-0.0570190772414207
159,"1202",-0.98189914226532
159,"1203",-0.978741228580475
159,"1204",0.643322944641113
159,"1205",0.466655850410461
159,"1206",0.660338759422302
159,"1207",0.675420701503754
159,"1208",0.216456189751625
159,"1209",0.735463321208954
159,"1210",0.917223930358887
159,"1211",1
159,"1212",-0.925845682621002
159,"1213",0.90939998626709
159,"1214",-1
159,"1215",-0.948742985725403
159,"1216",-0.985634565353394
159,"1217",-0.967836797237396
159,"1218",-0.986567437648773
159,"1219",-0.8058140873909
159,"1220",-0.986567437648773
159,"1221",-0.986383080482483
159,"1222",0.724807024002075
159,"1223",-0.977416574954987
159,"1224",0.231038480997086
159,"1225",-0.986332535743713
159,"1226",0.35002014040947
159,"1227",-0.796690106391907
159,"1228",-0.948742985725403
159,"1229",0.214861392974854
159,"1230",-0.0591339431703091
159,"1231",-0.791159570217133
159,"1232",-0.978637933731079
159,"1233",-0.938693046569824
159,"1234",-0.859524607658386
159,"1235",-0.377270609140396
159,"1236",0.0404175035655499
159,"1237",-0.842336654663086
159,"1238",0.283178776502609
159,"1239",0.180013686418533
159,"1240",-0.0911329835653305
159,"1241",0.36063751578331
159,"1242",-0.850658416748047
159,"1243",0.165508463978767
159,"1244",-0.941676139831543
159,"1245",-0.986327588558197
159,"1246",0.686787128448486
159,"1247",-0.986567437648773
159,"1248",-1
159,"1249",-0.901169896125793
159,"1250",0.909562289714813
159,"1251",-0.975807666778564
159,"1252",0.761567831039429
159,"1253",-0.986567437648773
159,"1254",-0.986567437648773
159,"1255",0.0936721414327621
159,"1256",0.757303178310394
159,"1257",-0.823398768901825
159,"1258",0.0104148853570223
159,"1259",-0.196803048253059
159,"1260",0.679794311523438
159,"1261",-0.876296699047089
159,"1262",-0.985634565353394
159,"1263",-0.962851405143738
159,"1264",0.375505864620209
160,"803",0.325047254562378
160,"815",-0.421201050281525
160,"843",-0.476481050252914
160,"872",0.341783940792084
160,"915",-0.452190428972244
160,"986",0.393221735954285
160,"1009",-0.427693873643875
160,"1012",0.97197961807251
160,"1013",0.365031152963638
160,"1015",0.926073670387268
160,"1017",-0.933248698711395
160,"1021",-0.397072553634644
160,"1025",-0.970699429512024
160,"1028",-0.339569091796875
160,"1038",0.678366601467133
160,"1039",0.244865283370018
160,"1044",0.576504170894623
160,"1054",-0.344493716955185
160,"1056",0.707351803779602
160,"1059",-0.344937413930893
160,"1060",-0.351966053247452
160,"1061",0.373078644275665
160,"1062",-0.225167453289032
160,"1065",-0.383407711982727
160,"1073",0.914530098438263
160,"1074",0.78339010477066
160,"1075",-0.357454419136047
160,"1077",0.392523646354675
160,"1082",-0.557452082633972
160,"1086",0.794088363647461
160,"1087",0.909756243228912
160,"1099",0.419321060180664
160,"1100",-0.996267437934875
160,"1102",-0.33993136882782
160,"1104",-0.913044035434723
160,"1105",0.369186699390411
160,"1108",-0.390320986509323
160,"1110",0.346504598855972
160,"1114",0.761630654335022
160,"1116",0.342624753713608
160,"1117",0.982782304286957
160,"1119",-0.360169142484665
160,"1122",0.971670687198639
160,"1127",0.88285368680954
160,"1128",0.958692133426666
160,"1131",-0.366483867168427
160,"1132",-0.304636836051941
160,"1133",-0.972951412200928
160,"1140",-0.396073311567307
160,"1141",0.398118495941162
160,"1142",0.636611223220825
160,"1143",-0.338701546192169
160,"1146",-1
160,"1148",NA
160,"1150",-0.978626668453217
160,"1152",-0.464907735586166
160,"1153",0.932823002338409
160,"1157",-0.35217297077179
160,"1159",0.958364963531494
160,"1165",-0.978627383708954
160,"1166",-0.246697634458542
160,"1170",-0.943339824676514
160,"1171",0.902901709079742
160,"1172",-0.936408400535583
160,"1173",0.97197961807251
160,"1174",-0.382682174444199
160,"1175",0.329971343278885
160,"1176",-0.360864132642746
160,"1177",0.848441660404205
160,"1178",0.354440480470657
160,"1180",0.808519601821899
160,"1181",0.690181732177734
160,"1182",0.370891183614731
160,"1183",-0.428067207336426
160,"1184",0.752326190471649
160,"1186",0.868420898914337
160,"1187",-0.972693502902985
160,"1188",0.97197961807251
160,"1189",0.918421506881714
160,"1190",-0.978598713874817
160,"1191",-0.978565692901611
160,"1192",0.224316760897636
160,"1193",0.195791751146317
160,"1194",-0.978565692901611
160,"1195",0.349283665418625
160,"1196",0.281913697719574
160,"1197",-0.341302365064621
160,"1198",-0.978598713874817
160,"1199",-0.379989504814148
160,"1200",-0.0248754117637873
160,"1201",0.197352290153503
160,"1202",-0.380214035511017
160,"1203",-0.972693502902985
160,"1204",0.655688107013702
160,"1205",0.475304991006851
160,"1206",0.688453137874603
160,"1207",0.747523069381714
160,"1208",0.326803714036942
160,"1209",0.834441721439362
160,"1210",0.971609830856323
160,"1211",1
160,"1212",-0.496364742517471
160,"1213",0.97197961807251
160,"1214",-0.400464624166489
160,"1215",-0.492846757173538
160,"1216",-0.984489858150482
160,"1217",-0.50959300994873
160,"1218",-0.978398561477661
160,"1219",-0.387318044900894
160,"1220",-0.978423357009888
160,"1221",-0.978598713874817
160,"1222",0.838799655437469
160,"1223",-0.510608732700348
160,"1224",0.337451577186584
160,"1225",-1
160,"1226",0.36763060092926
160,"1227",-0.351290017366409
160,"1228",-0.492846757173538
160,"1229",0.33009272813797
160,"1230",0.200205385684967
160,"1231",-0.353750139474869
160,"1232",-0.972646236419678
160,"1233",-0.387803137302399
160,"1234",-0.427647709846497
160,"1235",0.0423941574990749
160,"1236",0.187511712312698
160,"1237",-0.398737788200378
160,"1238",0.382438153028488
160,"1239",0.223254516720772
160,"1240",0.210578963160515
160,"1241",0.449620008468628
160,"1242",-0.363893240690231
160,"1243",0.209610104560852
160,"1244",-0.909931659698486
160,"1245",-0.980748414993286
160,"1246",0.669644594192505
160,"1247",-0.978598713874817
160,"1248",-0.978396952152252
160,"1249",-0.376123368740082
160,"1250",0.963968813419342
160,"1251",-0.892743945121765
160,"1252",0.899201452732086
160,"1253",-0.978598713874817
160,"1254",-0.978574216365814
160,"1255",0.19211046397686
160,"1256",0.899203479290009
160,"1257",-0.368821352720261
160,"1258",0.195791751146317
160,"1259",0.192317396402359
160,"1260",0.676806688308716
160,"1261",-0.396471440792084
160,"1262",-0.978565335273743
160,"1263",-0.933248698711395
160,"1264",0.382025271654129
161,"803",0.132221713662148
161,"815",-0.772634088993073
161,"843",-0.668534636497498
161,"872",0.0689753890037537
161,"915",-0.782540559768677
161,"986",0.178235158324242
161,"1009",-0.807407259941101
161,"1012",1
161,"1013",0.113648623228073
161,"1015",0.889238595962524
161,"1017",-0.795994400978088
161,"1021",-0.800616204738617
161,"1025",-0.771692633628845
161,"1028",-0.66148042678833
161,"1038",0.430728048086166
161,"1039",-0.00862594600766897
161,"1044",0.35876253247261
161,"1054",-0.645097613334656
161,"1056",0.589892983436584
161,"1059",-0.831393957138062
161,"1060",-0.7514927983284
161,"1061",0.159157365560532
161,"1062",-0.659298419952393
161,"1065",-0.808605551719666
161,"1073",0.900266528129578
161,"1074",1
161,"1075",-0.828903555870056
161,"1077",0.149665310978889
161,"1082",-1
161,"1086",0.807121455669403
161,"1087",0.735286951065063
161,"1099",0.169870525598526
161,"1100",-0.799403846263885
161,"1102",-0.627074301242828
161,"1104",-0.795078277587891
161,"1105",0.078896701335907
161,"1108",-0.656289339065552
161,"1110",0.122032858431339
161,"1114",0.781679391860962
161,"1116",0.032093983143568
161,"1117",1
161,"1119",-0.693786382675171
161,"1122",1
161,"1127",0.81819748878479
161,"1128",1
161,"1131",-0.672200381755829
161,"1132",-0.744013488292694
161,"1133",-0.795994400978088
161,"1140",-0.955584943294525
161,"1141",0.167930215597153
161,"1142",0.472415208816528
161,"1143",-0.769777774810791
161,"1146",-0.776205241680145
161,"1148",NA
161,"1150",-0.799403846263885
161,"1152",-1
161,"1153",0.85484254360199
161,"1157",-0.746059656143188
161,"1159",1
161,"1165",-0.799403846263885
161,"1166",-0.593182623386383
161,"1170",-0.799567401409149
161,"1171",0.813748896121979
161,"1172",-0.788747131824493
161,"1173",1
161,"1174",-0.751504480838776
161,"1175",0.150709316134453
161,"1176",-0.733896732330322
161,"1177",0.85028201341629
161,"1178",0.134853482246399
161,"1180",0.785801768302917
161,"1181",0.523785531520844
161,"1182",0.130047336220741
161,"1183",-0.779190719127655
161,"1184",0.791549563407898
161,"1186",0.813748896121979
161,"1187",-0.796077370643616
161,"1188",1
161,"1189",0.878012180328369
161,"1190",-0.799403846263885
161,"1191",-0.799511313438416
161,"1192",-0.108770161867142
161,"1193",-0.062921367585659
161,"1194",-0.799403846263885
161,"1195",0.0414131842553616
161,"1196",0.0478945411741734
161,"1197",-0.677413523197174
161,"1198",-0.799567401409149
161,"1199",-0.829466342926025
161,"1200",-0.411873310804367
161,"1201",-0.0648495480418205
161,"1202",-0.947614371776581
161,"1203",-0.796077370643616
161,"1204",0.514899134635925
161,"1205",0.273558616638184
161,"1206",0.509966969490051
161,"1207",0.819124579429626
161,"1208",0.0249478779733181
161,"1209",0.846160411834717
161,"1210",1
161,"1211",1
161,"1212",-1
161,"1213",1
161,"1214",-0.959328830242157
161,"1215",-1
161,"1216",-0.799553334712982
161,"1217",-1
161,"1218",-0.790534138679504
161,"1219",-0.670555949211121
161,"1220",-0.79825884103775
161,"1221",-0.799403846263885
161,"1222",0.983467221260071
161,"1223",-1
161,"1224",0.0497256219387054
161,"1225",-0.799164652824402
161,"1226",0.134351909160614
161,"1227",-0.81711733341217
161,"1228",-1
161,"1229",0.0168598592281342
161,"1230",-0.0457433834671974
161,"1231",-0.703893661499023
161,"1232",-0.796077370643616
161,"1233",-0.83147144317627
161,"1234",-0.782704591751099
161,"1235",-0.281920224428177
161,"1236",-0.0794208198785782
161,"1237",-0.742571115493774
161,"1238",0.0652128681540489
161,"1239",-0.0205941442400217
161,"1240",-0.148060068488121
161,"1241",0.187577649950981
161,"1242",-0.82612419128418
161,"1243",-0.0236446410417557
161,"1244",-0.798417568206787
161,"1245",-0.799164652824402
161,"1246",0.533758640289307
161,"1247",-0.799403846263885
161,"1248",-1
161,"1249",-0.850299060344696
161,"1250",1
161,"1251",-0.793614983558655
161,"1252",0.818134784698486
161,"1253",-0.799403846263885
161,"1254",-0.799567401409149
161,"1255",-0.134359911084175
161,"1256",0.81819748878479
161,"1257",-0.754744410514832
161,"1258",-0.062921367585659
161,"1259",-0.156158745288849
161,"1260",0.529169142246246
161,"1261",-0.805726706981659
161,"1262",-0.799403846263885
161,"1263",-0.795944392681122
161,"1264",0.146708801388741
162,"803",0.446385115385056
162,"815",-0.568351924419403
162,"843",-0.455305516719818
162,"872",0.411428838968277
162,"915",-0.554772913455963
162,"986",0.504830420017242
162,"1009",-0.548517644405365
162,"1012",1
162,"1013",0.447096794843674
162,"1015",0.773934781551361
162,"1017",-0.961743712425232
162,"1021",-0.421162933111191
162,"1025",-0.967777371406555
162,"1028",-0.41411828994751
162,"1038",0.700567841529846
162,"1039",0.367288738489151
162,"1044",0.666411757469177
162,"1054",-0.407433331012726
162,"1056",0.748946607112885
162,"1059",-0.404754042625427
162,"1060",-0.439149469137192
162,"1061",0.58073353767395
162,"1062",-0.387712985277176
162,"1065",-0.548952996730804
162,"1073",0.794430911540985
162,"1074",0.866295039653778
162,"1075",-0.439769864082336
162,"1077",0.556192696094513
162,"1082",-0.592598855495453
162,"1086",0.774824440479279
162,"1087",0.74377429485321
162,"1099",0.596592307090759
162,"1100",-0.971071243286133
162,"1102",-0.361447513103485
162,"1104",-0.910318493843079
162,"1105",0.460282862186432
162,"1108",-0.381411552429199
162,"1110",0.510919272899628
162,"1114",0.73337185382843
162,"1116",0.4080511033535
162,"1117",0.928664267063141
162,"1119",-0.398752719163895
162,"1122",0.989834547042847
162,"1127",0.777126431465149
162,"1128",0.91454029083252
162,"1131",-0.41888228058815
162,"1132",-0.355511426925659
162,"1133",-0.962242603302002
162,"1140",-0.52724701166153
162,"1141",0.515199840068817
162,"1142",0.678243577480316
162,"1143",-0.486336380243301
162,"1146",-1
162,"1148",0.710432410240173
162,"1150",-0.969884634017944
162,"1152",-0.431789994239807
162,"1153",0.753358781337738
162,"1157",-0.443616569042206
162,"1159",0.927580118179321
162,"1165",-0.970928370952606
162,"1166",-0.288421720266342
162,"1170",-0.970936894416809
162,"1171",0.776510894298553
162,"1172",-0.967298328876495
162,"1173",1
162,"1174",-0.539315164089203
162,"1175",0.515596568584442
162,"1176",-0.516006529331207
162,"1177",0.776608824729919
162,"1178",0.529293298721313
162,"1180",0.779118478298187
162,"1181",0.718863368034363
162,"1182",0.47020548582077
162,"1183",-0.483723908662796
162,"1184",0.779565155506134
162,"1186",0.769138813018799
162,"1187",-0.961743712425232
162,"1188",0.931066572666168
162,"1189",0.814354419708252
162,"1190",-0.97069650888443
162,"1191",-0.976316154003143
162,"1192",0.0928862914443016
162,"1193",0.0975129380822182
162,"1194",-0.969884634017944
162,"1195",0.533581137657166
162,"1196",0.410480856895447
162,"1197",-0.342585921287537
162,"1198",-0.970941185951233
162,"1199",-0.5416100025177
162,"1200",-0.143527656793594
162,"1201",0.10081235319376
162,"1202",-0.524385094642639
162,"1203",-0.962227761745453
162,"1204",0.699614822864532
162,"1205",0.615201890468597
162,"1206",0.707574963569641
162,"1207",0.790149867534637
162,"1208",0.434902340173721
162,"1209",0.789618968963623
162,"1210",0.941096603870392
162,"1211",0.999442517757416
162,"1212",-0.583674430847168
162,"1213",0.931066572666168
162,"1214",-0.54343056678772
162,"1215",-0.58787328004837
162,"1216",-0.970928609371185
162,"1217",-0.601637482643127
162,"1218",-0.969717144966125
162,"1219",-0.428956091403961
162,"1220",-0.970652222633362
162,"1221",-1
162,"1222",0.79739236831665
162,"1223",-0.590771198272705
162,"1224",0.442128926515579
162,"1225",-0.971796035766602
162,"1226",0.561230361461639
162,"1227",-0.415810644626617
162,"1228",-0.596192061901093
162,"1229",0.424985438585281
162,"1230",0.0840383470058441
162,"1231",-0.43639549612999
162,"1232",-0.9620720744133
162,"1233",-0.515094399452209
162,"1234",-0.581118941307068
162,"1235",-0.169848456978798
162,"1236",0.201170220971107
162,"1237",-0.518639922142029
162,"1238",0.448393553495407
162,"1239",0.359649837017059
162,"1240",0.0768178999423981
162,"1241",0.491244912147522
162,"1242",-0.430968314409256
162,"1243",0.347517669200897
162,"1244",-0.654243528842926
162,"1245",-0.971452653408051
162,"1246",0.708609819412231
162,"1247",-0.970929026603699
162,"1248",-0.970929026603699
162,"1249",-0.514368116855621
162,"1250",0.93043041229248
162,"1251",-0.91087543964386
162,"1252",0.777357280254364
162,"1253",-0.970929026603699
162,"1254",-0.970928609371185
162,"1255",0.285862028598785
162,"1256",0.7750004529953
162,"1257",-0.451283246278763
162,"1258",0.167432531714439
162,"1259",-0.0473066791892052
162,"1260",0.697414040565491
162,"1261",-0.512232184410095
162,"1262",-0.970929503440857
162,"1263",-0.961743712425232
162,"1264",0.579146385192871
163,"803",0.282270580530167
163,"815",-0.677582144737244
163,"843",-0.57049685716629
163,"872",0.25704026222229
163,"915",-0.653103530406952
163,"986",0.324287891387939
163,"1009",-0.577696144580841
163,"1012",0.969188272953033
163,"1013",0.278329253196716
163,"1015",0.777697503566742
163,"1017",-0.948858797550201
163,"1021",-0.498236894607544
163,"1025",-0.95307445526123
163,"1028",-0.471870452165604
163,"1038",0.615896999835968
163,"1039",0.21639721095562
163,"1044",0.542927384376526
163,"1054",-0.485237926244736
163,"1056",0.697287499904633
163,"1059",-0.437714606523514
163,"1060",-0.489236295223236
163,"1061",0.349695682525635
163,"1062",-0.407961994409561
163,"1065",-0.632420420646667
163,"1073",0.747769236564636
163,"1074",0.757092833518982
163,"1075",-0.494415193796158
163,"1077",0.383376181125641
163,"1082",-0.653275668621063
163,"1086",0.699893951416016
163,"1087",0.750484824180603
163,"1099",0.398570954799652
163,"1100",-1
163,"1102",-0.446108847856522
163,"1104",-0.999874830245972
163,"1105",0.318604022264481
163,"1108",-0.495311558246613
163,"1110",0.310261309146881
163,"1114",0.644836246967316
163,"1116",0.265345603227615
163,"1117",0.891688525676727
163,"1119",-0.477720439434052
163,"1122",0.960356771945953
163,"1127",0.755925238132477
163,"1128",0.85948383808136
163,"1131",-0.471872329711914
163,"1132",-0.460365116596222
163,"1133",-0.990240931510925
163,"1140",-0.637436926364899
163,"1141",0.328809857368469
163,"1142",0.594542980194092
163,"1143",-0.522786915302277
163,"1146",-1
163,"1148",0.615112721920013
163,"1150",-0.989828646183014
163,"1152",-0.526477634906769
163,"1153",0.726653933525085
163,"1157",-0.498139292001724
163,"1159",0.891826272010803
163,"1165",-0.990818798542023
163,"1166",-0.378919839859009
163,"1170",-0.949090361595154
163,"1171",0.763244807720184
163,"1172",-0.921903371810913
163,"1173",0.969188272953033
163,"1174",-0.641956567764282
163,"1175",0.287598699331284
163,"1176",-0.640834450721741
163,"1177",0.72936338186264
163,"1178",0.323903262615204
163,"1180",0.740271627902985
163,"1181",0.693765699863434
163,"1182",0.302698910236359
163,"1183",-0.584298670291901
163,"1184",0.714089810848236
163,"1186",0.734211087226868
163,"1187",-0.989960253238678
163,"1188",0.89902126789093
163,"1189",0.768892884254456
163,"1190",-0.989919602870941
163,"1191",-0.989179730415344
163,"1192",0.0607829913496971
163,"1193",0.0619550384581089
163,"1194",-0.990816235542297
163,"1195",0.329294413328171
163,"1196",0.225979849696159
163,"1197",-0.51462858915329
163,"1198",-0.988137483596802
163,"1199",-0.60026627779007
163,"1200",-0.140102341771126
163,"1201",0.0668187737464905
163,"1202",-0.610006511211395
163,"1203",-0.990818798542023
163,"1204",0.626444339752197
163,"1205",0.470083147287369
163,"1206",0.644906520843506
163,"1207",0.689837634563446
163,"1208",0.264930129051208
163,"1209",0.704508244991302
163,"1210",0.908295273780823
163,"1211",1
163,"1212",-0.601747155189514
163,"1213",0.89902126789093
163,"1214",-0.645339369773865
163,"1215",-0.592163145542145
163,"1216",-0.994765222072601
163,"1217",-0.605307817459106
163,"1218",-0.989216268062592
163,"1219",-0.516714990139008
163,"1220",-0.989484667778015
163,"1221",-1
163,"1222",0.65294998884201
163,"1223",-0.628277242183685
163,"1224",0.278014898300171
163,"1225",-1
163,"1226",0.3399797976017
163,"1227",-0.47427037358284
163,"1228",-0.598441541194916
163,"1229",0.269585281610489
163,"1230",0.0595641694962978
163,"1231",-0.584386110305786
163,"1232",-0.989763975143433
163,"1233",-0.63708221912384
163,"1234",-0.680452942848206
163,"1235",-0.158934056758881
163,"1236",0.115165047347546
163,"1237",-0.551787674427032
163,"1238",0.31940495967865
163,"1239",0.208039239048958
163,"1240",0.0390729829668999
163,"1241",0.388833343982697
163,"1242",-0.483648777008057
163,"1243",0.197744563221931
163,"1244",-0.832397162914276
163,"1245",-0.989183783531189
163,"1246",0.661521792411804
163,"1247",-0.990250170230865
163,"1248",-0.988968968391418
163,"1249",-0.645027279853821
163,"1250",0.902549684047699
163,"1251",-0.989962697029114
163,"1252",0.755624830722809
163,"1253",-0.989828646183014
163,"1254",-0.990250170230865
163,"1255",0.151738107204437
163,"1256",0.751935124397278
163,"1257",-0.579984426498413
163,"1258",0.0973290130496025
163,"1259",-0.00991828925907612
163,"1260",0.647451341152191
163,"1261",-0.576117634773254
163,"1262",-0.989763259887695
163,"1263",-0.949104487895966
163,"1264",0.355697780847549
164,"803",0.0585642941296101
164,"815",-0.821823000907898
164,"843",-0.831032574176788
164,"872",0.155184924602509
164,"915",-0.847984731197357
164,"986",0.228957936167717
164,"1009",-0.842114090919495
164,"1012",0.901698410511017
164,"1013",0.198421880602837
164,"1015",1
164,"1017",-0.908160328865051
164,"1021",-0.742002427577972
164,"1025",-0.905760109424591
164,"1028",-0.694072484970093
164,"1038",0.556770861148834
164,"1039",0.000164184340974316
164,"1044",0.456420719623566
164,"1054",-0.69816642999649
164,"1056",0.649776935577393
164,"1059",-0.768540263175964
164,"1060",-0.755717039108276
164,"1061",0.228303983807564
164,"1062",-0.6174675822258
164,"1065",-0.882803320884705
164,"1073",0.920416235923767
164,"1074",0.765971183776855
164,"1075",-0.872580409049988
164,"1077",0.229004755616188
164,"1082",-0.932799458503723
164,"1086",0.801750361919403
164,"1087",0.920988142490387
164,"1099",0.256067305803299
164,"1100",-0.93348103761673
164,"1102",-0.565836906433105
164,"1104",-0.917101442813873
164,"1105",0.198883026838303
164,"1108",-0.740472137928009
164,"1110",0.174756154417992
164,"1114",0.666769742965698
164,"1116",0.146581575274467
164,"1117",0.854648113250732
164,"1119",-0.705694079399109
164,"1122",0.901988089084625
164,"1127",0.890774309635162
164,"1128",0.849204778671265
164,"1131",-0.683911144733429
164,"1132",-0.676095843315125
164,"1133",-0.925330221652985
164,"1140",-1
164,"1141",0.244175806641579
164,"1142",0.576392948627472
164,"1143",-0.786401450634003
164,"1146",-0.916554987430573
164,"1148",NA
164,"1150",-0.93501490354538
164,"1152",-1
164,"1153",0.978806853294373
164,"1157",-0.739429593086243
164,"1159",0.882316768169403
164,"1165",-0.93501490354538
164,"1166",-0.608610272407532
164,"1170",-0.919932544231415
164,"1171",0.922305583953857
164,"1172",-0.912690937519073
164,"1173",0.901647984981537
164,"1174",-0.853448927402496
164,"1175",0.175746887922287
164,"1176",-0.732272565364838
164,"1177",0.768533408641815
164,"1178",0.172658443450928
164,"1180",0.84158331155777
164,"1181",0.712984681129456
164,"1182",0.212559282779694
164,"1183",-0.736455261707306
164,"1184",0.778283476829529
164,"1186",0.876634180545807
164,"1187",-0.925330221652985
164,"1188",0.901647984981537
164,"1189",0.965307414531708
164,"1190",-0.93501490354538
164,"1191",-0.933478772640228
164,"1192",-0.0433325245976448
164,"1193",-0.0953917503356934
164,"1194",-0.93501490354538
164,"1195",0.135808482766151
164,"1196",0.0494055524468422
164,"1197",-0.738483011722565
164,"1198",-0.93338531255722
164,"1199",-0.800898611545563
164,"1200",-0.375790536403656
164,"1201",-0.0903437733650208
164,"1202",-1
164,"1203",-0.925330221652985
164,"1204",0.616004943847656
164,"1205",0.398451119661331
164,"1206",0.676510870456696
164,"1207",0.715648889541626
164,"1208",0.123095385730267
164,"1209",0.831463515758514
164,"1210",0.901746332645416
164,"1211",0.947665572166443
164,"1212",-1
164,"1213",0.901647984981537
164,"1214",-1
164,"1215",-0.975353121757507
164,"1216",-0.933401763439178
164,"1217",-1
164,"1218",-0.932999491691589
164,"1219",-0.775089025497437
164,"1220",-0.934531450271606
164,"1221",-0.93501490354538
164,"1222",0.660750567913055
164,"1223",-1
164,"1224",0.157691091299057
164,"1225",-0.934330880641937
164,"1226",0.207265943288803
164,"1227",-0.705721020698547
164,"1228",-0.98579728603363
164,"1229",0.139643937349319
164,"1230",-0.0859296917915344
164,"1231",-0.750248551368713
164,"1232",-0.925330221652985
164,"1233",-0.912817358970642
164,"1234",-0.763457596302032
164,"1235",-0.32626610994339
164,"1236",-0.089515820145607
164,"1237",-0.753317356109619
164,"1238",0.231238886713982
164,"1239",-0.0478258654475212
164,"1240",-0.0825324952602386
164,"1241",0.316056489944458
164,"1242",-0.811907172203064
164,"1243",-0.0674502924084663
164,"1244",-0.912244141101837
164,"1245",-0.934263050556183
164,"1246",0.700537264347076
164,"1247",-0.93501490354538
164,"1248",-1
164,"1249",-0.828014075756073
164,"1250",0.876614451408386
164,"1251",-0.918168783187866
164,"1252",0.911604285240173
164,"1253",-0.93501490354538
164,"1254",-0.93501490354538
164,"1255",-0.0903393998742104
164,"1256",0.911621451377869
164,"1257",-0.752158999443054
164,"1258",-0.110664412379265
164,"1259",-0.0942342206835747
164,"1260",0.670399069786072
164,"1261",-0.798199355602264
164,"1262",-0.93338531255722
164,"1263",-0.909945130348206
164,"1264",0.235690653324127
165,"803",0.42237177491188
165,"815",-0.40529602766037
165,"843",-0.389511048793793
165,"872",0.404491603374481
165,"915",-0.442892670631409
165,"986",0.648762345314026
165,"1009",-0.438705146312714
165,"1012",0.960641026496887
165,"1013",0.633910000324249
165,"1015",1
165,"1017",-0.525061249732971
165,"1021",-0.344777703285217
165,"1025",-0.509829699993134
165,"1028",-0.313871949911118
165,"1038",0.724987745285034
165,"1039",0.247927606105804
165,"1044",0.707394778728485
165,"1054",-0.299771368503571
165,"1056",0.895951092243195
165,"1059",-0.352454453706741
165,"1060",-0.327298164367676
165,"1061",0.634834408760071
165,"1062",-0.290850341320038
165,"1065",-0.40451717376709
165,"1073",0.949337244033813
165,"1074",0.891764402389526
165,"1075",-0.386781066656113
165,"1077",0.616417586803436
165,"1082",-0.770811080932617
165,"1086",0.925844132900238
165,"1087",0.99114066362381
165,"1099",0.625249266624451
165,"1100",-0.523941934108734
165,"1102",-0.297937512397766
165,"1104",-0.519674479961395
165,"1105",0.452860683202744
165,"1108",-0.290798127651215
165,"1110",0.61182701587677
165,"1114",0.8179692029953
165,"1116",0.396801590919495
165,"1117",0.943171799182892
165,"1119",-0.330573797225952
165,"1122",0.960602641105652
165,"1127",0.95805037021637
165,"1128",0.959298431873322
165,"1131",-0.324454694986343
165,"1132",-0.289576679468155
165,"1133",-0.525061249732971
165,"1140",-0.401304841041565
165,"1141",0.670342803001404
165,"1142",0.743491470813751
165,"1143",-0.36369377374649
165,"1146",-0.510426461696625
165,"1148",NA
165,"1150",-0.525061249732971
165,"1152",-1
165,"1153",0.985531032085419
165,"1157",-0.341926038265228
165,"1159",0.960646271705627
165,"1165",-0.525060176849365
165,"1166",-0.218303367495537
165,"1170",-0.525061249732971
165,"1171",0.99191677570343
165,"1172",-0.510007381439209
165,"1173",0.960641026496887
165,"1174",-0.374826669692993
165,"1175",0.576625168323517
165,"1176",-0.338761031627655
165,"1177",0.925215661525726
165,"1178",0.614271342754364
165,"1180",0.936460733413696
165,"1181",0.87013179063797
165,"1182",0.614431440830231
165,"1183",-0.358637511730194
165,"1184",0.885023176670074
165,"1186",0.946165263652802
165,"1187",-0.525061249732971
165,"1188",0.960641026496887
165,"1189",0.978043615818024
165,"1190",-0.525061249732971
165,"1191",-0.523966133594513
165,"1192",0.273138433694839
165,"1193",0.210258439183235
165,"1194",-0.525061249732971
165,"1195",0.415274083614349
165,"1196",0.424562275409698
165,"1197",-0.324412792921066
165,"1198",-0.523941934108734
165,"1199",-0.390580922365189
165,"1200",-0.111660063266754
165,"1201",0.223685383796692
165,"1202",-0.42872217297554
165,"1203",-0.525061249732971
165,"1204",0.806938588619232
165,"1205",0.675639450550079
165,"1206",0.819563686847687
165,"1207",0.871305644512177
165,"1208",0.443598866462708
165,"1209",0.958847284317017
165,"1210",0.960359215736389
165,"1211",0.960646271705627
165,"1212",-1
165,"1213",0.960641026496887
165,"1214",-0.437885016202927
165,"1215",-0.945282518863678
165,"1216",-0.523941934108734
165,"1217",-0.941466271877289
165,"1218",-0.521013736724854
165,"1219",-0.368844151496887
165,"1220",-0.524253070354462
165,"1221",-0.525061249732971
165,"1222",0.822901368141174
165,"1223",-0.945203185081482
165,"1224",0.458550423383713
165,"1225",-0.524539411067963
165,"1226",0.5611212849617
165,"1227",-0.328605622053146
165,"1228",-1
165,"1229",0.466647833585739
165,"1230",0.225554019212723
165,"1231",-0.326808243989944
165,"1232",-0.525060176849365
165,"1233",-0.400025546550751
165,"1234",-0.41260552406311
165,"1235",0.0926566794514656
165,"1236",0.202542141079903
165,"1237",-0.436440199613571
165,"1238",0.484509170055389
165,"1239",0.245739430189133
165,"1240",0.168672442436218
165,"1241",0.54455691576004
165,"1242",-0.343114674091339
165,"1243",0.240595534443855
165,"1244",-0.514100849628448
165,"1245",-0.524539411067963
165,"1246",0.91164356470108
165,"1247",-0.525061249732971
165,"1248",-0.75572657585144
165,"1249",-0.399780005216599
165,"1250",0.948107361793518
165,"1251",-0.5218545794487
165,"1252",0.984317660331726
165,"1253",-0.525061249732971
165,"1254",-0.525061249732971
165,"1255",0.172901302576065
165,"1256",0.984326303005219
165,"1257",-0.379899650812149
165,"1258",0.210258439183235
165,"1259",0.157184362411499
165,"1260",0.817932069301605
165,"1261",-0.492176860570908
165,"1262",-0.523941934108734
165,"1263",-0.525061249732971
165,"1264",0.648449540138245
166,"803",0.145277127623558
166,"815",-0.426509588956833
166,"843",-0.503974258899689
166,"872",0.275710254907608
166,"915",-0.496040314435959
166,"986",0.380829781293869
166,"1009",-0.459958553314209
166,"1012",0.988724648952484
166,"1013",0.292483419179916
166,"1015",0.849204838275909
166,"1017",-0.977382659912109
166,"1021",-0.393485426902771
166,"1025",-1
166,"1028",-0.375381678342819
166,"1038",0.551768779754639
166,"1039",0.0809514299035072
166,"1044",0.464403301477432
166,"1054",-0.391235172748566
166,"1056",0.633989989757538
166,"1059",-0.388377815485001
166,"1060",-0.388566195964813
166,"1061",0.369715303182602
166,"1062",-0.354321241378784
166,"1065",-0.412126958370209
166,"1073",0.914334535598755
166,"1074",0.816233992576599
166,"1075",-0.404821693897247
166,"1077",0.359798431396484
166,"1082",-0.541499674320221
166,"1086",0.784007966518402
166,"1087",0.789226949214935
166,"1099",0.397149711847305
166,"1100",-0.991831064224243
166,"1102",-0.309603303670883
166,"1104",-0.888607442378998
166,"1105",0.24915836751461
166,"1108",-0.403040856122971
166,"1110",0.338494628667831
166,"1114",0.749924421310425
166,"1116",0.208656340837479
166,"1117",1
166,"1119",-0.388183563947678
166,"1122",0.988724648952484
166,"1127",0.796618580818176
166,"1128",0.94616711139679
166,"1131",-0.388344675302505
166,"1132",-0.345118224620819
166,"1133",-0.977384626865387
166,"1140",-0.428929686546326
166,"1141",0.390275657176971
166,"1142",0.550030648708344
166,"1143",-0.416873902082443
166,"1146",-1
166,"1148",NA
166,"1150",-0.992097318172455
166,"1152",-0.547132134437561
166,"1153",0.838628172874451
166,"1157",-0.385216802358627
166,"1159",0.977665603160858
166,"1165",-0.991967976093292
166,"1166",-0.292451471090317
166,"1170",-0.991967976093292
166,"1171",0.807514727115631
166,"1172",-0.977338552474976
166,"1173",0.988724648952484
166,"1174",-0.418037295341492
166,"1175",0.378621846437454
166,"1176",-0.374664217233658
166,"1177",0.823945820331573
166,"1178",0.351188689470291
166,"1180",0.763573884963989
166,"1181",0.583674192428589
166,"1182",0.315524637699127
166,"1183",-0.409100830554962
166,"1184",0.746962666511536
166,"1186",0.790644526481628
166,"1187",-0.977418720722198
166,"1188",0.988724648952484
166,"1189",0.859410285949707
166,"1190",-0.991967976093292
166,"1191",-1
166,"1192",0.0978879705071449
166,"1193",0.0526014678180218
166,"1194",-0.991967976093292
166,"1195",0.29277965426445
166,"1196",0.154092878103256
166,"1197",-0.3989517390728
166,"1198",-0.991591930389404
166,"1199",-0.424259185791016
166,"1200",-0.289306938648224
166,"1201",0.0814701765775681
166,"1202",-0.440201610326767
166,"1203",-0.977579832077026
166,"1204",0.557027816772461
166,"1205",0.415393799543381
166,"1206",0.5904620885849
166,"1207",0.750855267047882
166,"1208",0.219834730029106
166,"1209",0.831322312355042
166,"1210",0.988724589347839
166,"1211",0.988724648952484
166,"1212",-0.566456854343414
166,"1213",0.988724648952484
166,"1214",-0.441950589418411
166,"1215",-0.578159272670746
166,"1216",-1
166,"1217",-0.634864270687103
166,"1218",-0.991967976093292
166,"1219",-0.449017405509949
166,"1220",-0.991965651512146
166,"1221",-0.991967976093292
166,"1222",0.850428521633148
166,"1223",-0.568764507770538
166,"1224",0.238492280244827
166,"1225",-0.984759628772736
166,"1226",0.340975552797318
166,"1227",-0.370170950889587
166,"1228",-0.578022599220276
166,"1229",0.216142475605011
166,"1230",0.0681620389223099
166,"1231",-0.374787360429764
166,"1232",-0.977921068668365
166,"1233",-0.43653005361557
166,"1234",-0.459821373224258
166,"1235",-0.12698395550251
166,"1236",0.0488807894289494
166,"1237",-0.424316704273224
166,"1238",0.245391085743904
166,"1239",0.103886909782887
166,"1240",0.0593157894909382
166,"1241",0.310035169124603
166,"1242",-0.403894990682602
166,"1243",0.0877491384744644
166,"1244",-0.87739497423172
166,"1245",-0.983886241912842
166,"1246",0.580872535705566
166,"1247",-0.992094933986664
166,"1248",-0.992097616195679
166,"1249",-0.396218776702881
166,"1250",0.968863725662231
166,"1251",-0.889304399490356
166,"1252",0.802393019199371
166,"1253",-0.992097198963165
166,"1254",-0.991967976093292
166,"1255",0.0549978241324425
166,"1256",0.802392184734344
166,"1257",-0.365946680307388
166,"1258",0.0526014678180218
166,"1259",0.0509069561958313
166,"1260",0.583052694797516
166,"1261",-0.440053552389145
166,"1262",-0.991536140441895
166,"1263",-0.977921068668365
166,"1264",0.378829210996628
167,"803",0.0673679485917091
167,"815",-0.799785077571869
167,"843",-0.816417992115021
167,"872",0.123942315578461
167,"915",-0.883565187454224
167,"986",0.300936877727509
167,"1009",-0.839857578277588
167,"1012",0.991755127906799
167,"1013",0.211919263005257
167,"1015",0.730750977993011
167,"1017",-0.879990637302399
167,"1021",-0.857230663299561
167,"1025",-0.88068550825119
167,"1028",-0.744779348373413
167,"1038",0.491753965616226
167,"1039",0.0383328534662724
167,"1044",0.412227243185043
167,"1054",-0.743819057941437
167,"1056",0.58020007610321
167,"1059",-0.842507839202881
167,"1060",-0.815363645553589
167,"1061",0.336230218410492
167,"1062",-0.713855445384979
167,"1065",-0.856355249881744
167,"1073",0.721349596977234
167,"1074",0.756995677947998
167,"1075",-0.929238200187683
167,"1077",0.340027868747711
167,"1082",-0.994159936904907
167,"1086",0.650115132331848
167,"1087",0.694184243679047
167,"1099",0.366105377674103
167,"1100",-0.88679426908493
167,"1102",-0.712819278240204
167,"1104",-0.881026923656464
167,"1105",0.159827575087547
167,"1108",-0.758848190307617
167,"1110",0.302241235971451
167,"1114",0.648249566555023
167,"1116",0.121135324239731
167,"1117",0.924831390380859
167,"1119",-0.746243536472321
167,"1122",0.985403656959534
167,"1127",0.709981858730316
167,"1128",0.84355753660202
167,"1131",-0.751912832260132
167,"1132",-0.833040356636047
167,"1133",-0.883098900318146
167,"1140",-0.950807392597198
167,"1141",0.289025455713272
167,"1142",0.483641535043716
167,"1143",-0.808391630649567
167,"1146",-0.882024824619293
167,"1148",0.601285219192505
167,"1150",-0.887438297271729
167,"1152",-0.934924423694611
167,"1153",0.716657340526581
167,"1157",-0.770454108715057
167,"1159",0.90754622220993
167,"1165",-0.887395858764648
167,"1166",-0.640923380851746
167,"1170",-0.884435176849365
167,"1171",0.71634167432785
167,"1172",-0.876637578010559
167,"1173",0.991755127906799
167,"1174",-0.822425782680511
167,"1175",0.309653460979462
167,"1176",-0.776753842830658
167,"1177",0.701621651649475
167,"1178",0.313573837280273
167,"1180",0.6610466837883
167,"1181",0.530077993869781
167,"1182",0.255367457866669
167,"1183",-0.776582956314087
167,"1184",0.66913515329361
167,"1186",0.69914984703064
167,"1187",-0.883156895637512
167,"1188",0.921638906002045
167,"1189",0.740015208721161
167,"1190",-0.887438297271729
167,"1191",-0.886867463588715
167,"1192",-0.128728419542313
167,"1193",-0.147837817668915
167,"1194",-0.887413144111633
167,"1195",0.277864575386047
167,"1196",0.0644344240427017
167,"1197",-0.737352609634399
167,"1198",-0.886855900287628
167,"1199",-0.860027432441711
167,"1200",-0.551717042922974
167,"1201",-0.126731634140015
167,"1202",-0.948757171630859
167,"1203",-0.883156895637512
167,"1204",0.49660125374794
167,"1205",0.41688483953476
167,"1206",0.527976512908936
167,"1207",0.663651764392853
167,"1208",0.150298774242401
167,"1209",0.705574810504913
167,"1210",0.929202616214752
167,"1211",1
167,"1212",-1
167,"1213",0.921638906002045
167,"1214",-0.956124782562256
167,"1215",-1
167,"1216",-0.886878192424774
167,"1217",-1
167,"1218",-0.885905563831329
167,"1219",-0.80055558681488
167,"1220",-0.886864483356476
167,"1221",-0.887425005435944
167,"1222",0.7387335896492
167,"1223",-1
167,"1224",0.156554281711578
167,"1225",-0.88686740398407
167,"1226",0.316445142030716
167,"1227",-0.847153544425964
167,"1228",-1
167,"1229",0.144417837262154
167,"1230",-0.150972858071327
167,"1231",-0.758837699890137
167,"1232",-0.883154690265656
167,"1233",-0.876943171024323
167,"1234",-0.832103133201599
167,"1235",-0.507324874401093
167,"1236",-0.0709970071911812
167,"1237",-0.8122199177742
167,"1238",0.169271260499954
167,"1239",0.0478297024965286
167,"1240",-0.157168313860893
167,"1241",0.20755423605442
167,"1242",-0.886102259159088
167,"1243",0.028449434787035
167,"1244",-0.86195832490921
167,"1245",-0.88692045211792
167,"1246",0.488815426826477
167,"1247",-0.887438297271729
167,"1248",-1
167,"1249",-0.872833788394928
167,"1250",0.902992129325867
167,"1251",-0.882789254188538
167,"1252",0.712897717952728
167,"1253",-0.887395858764648
167,"1254",-0.887395858764648
167,"1255",-0.0294033661484718
167,"1256",0.7119140625
167,"1257",-0.743291854858398
167,"1258",-0.105227202177048
167,"1259",-0.237483263015747
167,"1260",0.51584792137146
167,"1261",-0.861999213695526
167,"1262",-0.886855900287628
167,"1263",-0.880722045898438
167,"1264",0.354063093662262
168,"803",0.0714153423905373
168,"815",-0.745518505573273
168,"843",-0.748668015003204
168,"872",0.0498544760048389
168,"915",-0.78045117855072
168,"986",0.110582426190376
168,"1009",-0.731175601482391
168,"1012",0.928256154060364
168,"1013",0.0774858444929123
168,"1015",0.788652300834656
168,"1017",-0.735187888145447
168,"1021",-0.90452778339386
168,"1025",-0.726637184619904
168,"1028",-0.74451756477356
168,"1038",0.429617941379547
168,"1039",-0.0662717670202255
168,"1044",0.386716425418854
168,"1054",-0.720726609230042
168,"1056",0.52008593082428
168,"1059",-0.877225339412689
168,"1060",-0.812380433082581
168,"1061",0.077991783618927
168,"1062",-0.624180197715759
168,"1065",-0.822413563728333
168,"1073",0.931486368179321
168,"1074",0.772372841835022
168,"1075",-0.924082636833191
168,"1077",0.149285688996315
168,"1082",-1
168,"1086",0.714448630809784
168,"1087",0.699869096279144
168,"1099",0.15189428627491
168,"1100",-0.770062983036041
168,"1102",-0.576267898082733
168,"1104",-0.764747083187103
168,"1105",0.136832147836685
168,"1108",-0.737927675247192
168,"1110",0.055894061923027
168,"1114",0.679625332355499
168,"1116",0.0939653739333153
168,"1117",0.911478161811829
168,"1119",-0.722828209400177
168,"1122",0.928256154060364
168,"1127",0.734440267086029
168,"1128",0.907910704612732
168,"1131",-0.757979869842529
168,"1132",-0.830102145671844
168,"1133",-0.767615854740143
168,"1140",-0.967438817024231
168,"1141",0.0995819643139839
168,"1142",0.45072865486145
168,"1143",-0.72251284122467
168,"1146",-0.714423060417175
168,"1148",NA
168,"1150",-0.769973456859589
168,"1152",-0.984359741210938
168,"1153",0.800891578197479
168,"1157",-0.717833459377289
168,"1159",0.910253524780273
168,"1165",-0.769973456859589
168,"1166",-0.622875213623047
168,"1170",-0.739181876182556
168,"1171",0.743341505527496
168,"1172",-0.725172996520996
168,"1173",0.928256154060364
168,"1174",-0.745269060134888
168,"1175",0.0292234104126692
168,"1176",-0.727891862392426
168,"1177",0.736384451389313
168,"1178",0.0633325204253197
168,"1180",0.699087858200073
168,"1181",0.548010408878326
168,"1182",0.0894111692905426
168,"1183",-0.762480497360229
168,"1184",0.665493071079254
168,"1186",0.729832768440247
168,"1187",-0.767608046531677
168,"1188",0.928256154060364
168,"1189",0.819081783294678
168,"1190",-0.769973456859589
168,"1191",-0.769889354705811
168,"1192",-0.111388429999352
168,"1193",-0.112185142934322
168,"1194",-0.769973456859589
168,"1195",0.0309000015258789
168,"1196",-0.0122103309258819
168,"1197",-0.753639280796051
168,"1198",-0.769973456859589
168,"1199",-0.857982993125916
168,"1200",-0.379724234342575
168,"1201",-0.100058875977993
168,"1202",-0.944665193557739
168,"1203",-0.767608046531677
168,"1204",0.482627063989639
168,"1205",0.219253972172737
168,"1206",0.54210764169693
168,"1207",0.688793241977692
168,"1208",0.0216511785984039
168,"1209",0.718416929244995
168,"1210",0.928256154060364
168,"1211",1
168,"1212",-0.972194910049438
168,"1213",0.928256154060364
168,"1214",-0.968758046627045
168,"1215",-0.992921769618988
168,"1216",-0.769973456859589
168,"1217",-1
168,"1218",-0.769973456859589
168,"1219",-0.7411949634552
168,"1220",-0.769973456859589
168,"1221",-0.769973456859589
168,"1222",0.84851598739624
168,"1223",-1
168,"1224",0.0546437688171864
168,"1225",-0.769414961338043
168,"1226",0.0689907222986221
168,"1227",-0.898636639118195
168,"1228",-0.992921769618988
168,"1229",0.0404163524508476
168,"1230",-0.104111894965172
168,"1231",-0.740868628025055
168,"1232",-0.767608046531677
168,"1233",-0.882329702377319
168,"1234",-0.833889424800873
168,"1235",-0.268831878900528
168,"1236",-0.120380438864231
168,"1237",-0.742525041103363
168,"1238",0.145362943410873
168,"1239",-0.0798649489879608
168,"1240",-0.0999121069908142
168,"1241",0.26605549454689
168,"1242",-0.924236714839935
168,"1243",-0.0889967978000641
168,"1244",-0.766292750835419
168,"1245",-0.76954984664917
168,"1246",0.51359623670578
168,"1247",-0.769973456859589
168,"1248",-1
168,"1249",-0.914683282375336
168,"1250",0.944628477096558
168,"1251",-0.766050457954407
168,"1252",0.740882396697998
168,"1253",-0.769973456859589
168,"1254",-0.769973456859589
168,"1255",-0.109113365411758
168,"1256",0.740832448005676
168,"1257",-0.727505743503571
168,"1258",-0.131504818797112
168,"1259",-0.113919727504253
168,"1260",0.533796072006226
168,"1261",-0.798315525054932
168,"1262",-0.769973456859589
168,"1263",-0.739181876182556
168,"1264",0.0867551863193512
169,"803",0.40265616774559
169,"815",-0.444625079631805
169,"843",-0.445062726736069
169,"872",0.305337637662888
169,"915",-0.511516511440277
169,"986",0.400134801864624
169,"1009",-0.439210712909698
169,"1012",0.982616662979126
169,"1013",0.346122175455093
169,"1015",0.778837502002716
169,"1017",-0.441583335399628
169,"1021",-0.492455452680588
169,"1025",-0.435817420482635
169,"1028",-0.408478438854218
169,"1038",0.617257058620453
169,"1039",0.310274600982666
169,"1044",0.589260280132294
169,"1054",-0.378627300262451
169,"1056",0.682456135749817
169,"1059",-0.528202295303345
169,"1060",-0.460350215435028
169,"1061",0.417826414108276
169,"1062",-0.350602626800537
169,"1065",-0.52978253364563
169,"1073",0.774258494377136
169,"1074",0.823301672935486
169,"1075",-0.576640248298645
169,"1077",0.453582584857941
169,"1082",-0.664918601512909
169,"1086",0.754482209682465
169,"1087",0.767398834228516
169,"1099",0.456695228815079
169,"1100",-0.453019887208939
169,"1102",-0.36568495631218
169,"1104",-0.442149341106415
169,"1105",0.401750266551971
169,"1108",-0.400565147399902
169,"1110",0.37670436501503
169,"1114",0.634172081947327
169,"1116",0.324967473745346
169,"1117",0.911687731742859
169,"1119",-0.376181215047836
169,"1122",0.974821448326111
169,"1127",0.76246303319931
169,"1128",0.927951395511627
169,"1131",-0.405835181474686
169,"1132",-0.462820559740067
169,"1133",-0.448673129081726
169,"1140",-1
169,"1141",0.401599436998367
169,"1142",0.600418746471405
169,"1143",-0.411158889532089
169,"1146",-0.436256617307663
169,"1148",0.674990177154541
169,"1150",-0.453923910856247
169,"1152",-0.564636945724487
169,"1153",0.771507143974304
169,"1157",-0.39166858792305
169,"1159",0.91345888376236
169,"1165",-0.453923910856247
169,"1166",-0.304345190525055
169,"1170",-0.447269797325134
169,"1171",0.785804092884064
169,"1172",-0.44712907075882
169,"1173",0.982616662979126
169,"1174",-0.440854638814926
169,"1175",0.351005584001541
169,"1176",-0.394689589738846
169,"1177",0.771117687225342
169,"1178",0.398716509342194
169,"1180",0.72075217962265
169,"1181",0.70681756734848
169,"1182",0.360083818435669
169,"1183",-0.423739016056061
169,"1184",0.687657356262207
169,"1186",0.74703711271286
169,"1187",-0.448673129081726
169,"1188",0.917046725749969
169,"1189",0.816440105438232
169,"1190",-0.453923910856247
169,"1191",-0.453224331140518
169,"1192",0.0856035575270653
169,"1193",0.10254842787981
169,"1194",-0.453923910856247
169,"1195",0.361181646585464
169,"1196",0.338998645544052
169,"1197",-0.333260804414749
169,"1198",-0.453232705593109
169,"1199",-0.593440592288971
169,"1200",-0.14181761443615
169,"1201",0.101507648825645
169,"1202",-0.84124231338501
169,"1203",-0.448673129081726
169,"1204",0.633563816547394
169,"1205",0.470783233642578
169,"1206",0.647879540920258
169,"1207",0.662726819515228
169,"1208",0.325530350208282
169,"1209",0.73908942937851
169,"1210",0.921985447406769
169,"1211",1
169,"1212",-0.661272704601288
169,"1213",0.917046725749969
169,"1214",-0.994594812393188
169,"1215",-0.640784978866577
169,"1216",-0.453153550624847
169,"1217",-0.640531480312347
169,"1218",-0.453923910856247
169,"1219",-0.414865881204605
169,"1220",-0.453923910856247
169,"1221",-0.453951776027679
169,"1222",0.706478714942932
169,"1223",-0.685732543468475
169,"1224",0.33595335483551
169,"1225",-0.453678876161575
169,"1226",0.398449748754501
169,"1227",-0.493870943784714
169,"1228",-0.649787545204163
169,"1229",0.326778650283813
169,"1230",0.093539759516716
169,"1231",-0.394655793905258
169,"1232",-0.448619067668915
169,"1233",-0.856152892112732
169,"1234",-0.533608376979828
169,"1235",-0.0955054685473442
169,"1236",0.176189407706261
169,"1237",-0.427334696054459
169,"1238",0.374082326889038
169,"1239",0.299069106578827
169,"1240",0.0660666897892952
169,"1241",0.463938266038895
169,"1242",-0.534181237220764
169,"1243",0.29091614484787
169,"1244",-0.435070753097534
169,"1245",-0.453762710094452
169,"1246",0.676859080791473
169,"1247",-0.453923910856247
169,"1248",-0.850649356842041
169,"1249",-0.588270127773285
169,"1250",0.929114103317261
169,"1251",-0.447491377592087
169,"1252",0.785042285919189
169,"1253",-0.453923910856247
169,"1254",-0.453923910856247
169,"1255",0.234940275549889
169,"1256",0.783460378646851
169,"1257",-0.404035776853561
169,"1258",0.144730553030968
169,"1259",-0.0133207496255636
169,"1260",0.658144295215607
169,"1261",-0.473009169101715
169,"1262",-0.453232705593109
169,"1263",-0.443427801132202
169,"1264",0.418457090854645
170,"803",0.359854757785797
170,"815",-0.880950331687927
170,"843",-0.733765006065369
170,"872",0.25772163271904
170,"915",-0.85280305147171
170,"986",0.383849889039993
170,"1009",-0.876741290092468
170,"1012",0.991857886314392
170,"1013",0.321251839399338
170,"1015",0.72402286529541
170,"1017",-0.977226674556732
170,"1021",-0.683227300643921
170,"1025",-0.984442174434662
170,"1028",-0.667338013648987
170,"1038",0.61171567440033
170,"1039",0.303951591253281
170,"1044",0.595587313175201
170,"1054",-0.664653897285461
170,"1056",0.679887712001801
170,"1059",-0.702004551887512
170,"1060",-0.712235331535339
170,"1061",0.499374568462372
170,"1062",-0.646619141101837
170,"1065",-0.911628305912018
170,"1073",0.701584577560425
170,"1074",0.797585487365723
170,"1075",-0.713327050209045
170,"1077",0.497657626867294
170,"1082",-0.93437522649765
170,"1086",0.691376686096191
170,"1087",0.702508389949799
170,"1099",0.558007836341858
170,"1100",-0.998959481716156
170,"1102",-0.626227259635925
170,"1104",-0.986087083816528
170,"1105",0.355865597724915
170,"1108",-0.7074334025383
170,"1110",0.413373470306396
170,"1114",0.693412899971008
170,"1116",0.298947036266327
170,"1117",0.90592360496521
170,"1119",-0.655883967876434
170,"1122",0.980296969413757
170,"1127",0.745550453662872
170,"1128",0.897063016891479
170,"1131",-0.677969753742218
170,"1132",-0.671190798282623
170,"1133",-0.990252733230591
170,"1140",-0.924064934253693
170,"1141",0.405445367097855
170,"1142",0.59027111530304
170,"1143",-0.86151123046875
170,"1146",-0.98072475194931
170,"1148",0.653616368770599
170,"1150",-0.999217629432678
170,"1152",-0.713635563850403
170,"1153",0.723894536495209
170,"1157",-0.764878928661346
170,"1159",0.903879344463348
170,"1165",-0.999217629432678
170,"1166",-0.55656373500824
170,"1170",-0.987188160419464
170,"1171",0.750439286231995
170,"1172",-0.982031643390656
170,"1173",0.991857886314392
170,"1174",-0.880512237548828
170,"1175",0.405161261558533
170,"1176",-0.823185622692108
170,"1177",0.747003316879272
170,"1178",0.435978531837463
170,"1180",0.713786959648132
170,"1181",0.657432615756989
170,"1182",0.348497033119202
170,"1183",-0.854971826076508
170,"1184",0.720568835735321
170,"1186",0.731457710266113
170,"1187",-0.990252733230591
170,"1188",0.908055245876312
170,"1189",0.75468498468399
170,"1190",-0.999217629432678
170,"1191",-0.999395370483398
170,"1192",-0.0484003610908985
170,"1193",-0.0350251533091068
170,"1194",-0.999217629432678
170,"1195",0.437073320150375
170,"1196",0.288141667842865
170,"1197",-0.655081212520599
170,"1198",-0.999217629432678
170,"1199",-0.912175357341766
170,"1200",-0.386435925960541
170,"1201",-0.0345133244991302
170,"1202",-0.917795598506927
170,"1203",-0.990252733230591
170,"1204",0.604338824748993
170,"1205",0.553764820098877
170,"1206",0.619748473167419
170,"1207",0.712529063224792
170,"1208",0.307615846395493
170,"1209",0.719571828842163
170,"1210",0.918513238430023
170,"1211",1
170,"1212",-0.853381216526031
170,"1213",0.908055245876312
170,"1214",-0.934193193912506
170,"1215",-0.877868473529816
170,"1216",-0.999554932117462
170,"1217",-0.885730683803558
170,"1218",-0.997529327869415
170,"1219",-0.722986400127411
170,"1220",-0.998488306999207
170,"1221",-1
170,"1222",0.741339206695557
170,"1223",-0.903761744499207
170,"1224",0.318669140338898
170,"1225",-0.998959481716156
170,"1226",0.468884021043777
170,"1227",-0.68569552898407
170,"1228",-0.877868473529816
170,"1229",0.300798773765564
170,"1230",-0.0517158284783363
170,"1231",-0.72077214717865
170,"1232",-0.990252733230591
170,"1233",-0.898027658462524
170,"1234",-0.862462282180786
170,"1235",-0.399779438972473
170,"1236",0.100655198097229
170,"1237",-0.799954414367676
170,"1238",0.348972290754318
170,"1239",0.296711593866348
170,"1240",-0.0683441162109375
170,"1241",0.399916380643845
170,"1242",-0.717659175395966
170,"1243",0.282691270112991
170,"1244",-0.881794273853302
170,"1245",-0.999217629432678
170,"1246",0.619358479976654
170,"1247",-0.999217629432678
170,"1248",-1
170,"1249",-0.862162828445435
170,"1250",0.913024723529816
170,"1251",-0.986589968204498
170,"1252",0.74893593788147
170,"1253",-0.999217629432678
170,"1254",-0.999217629432678
170,"1255",0.203879073262215
170,"1256",0.74469667673111
170,"1257",-0.758792221546173
170,"1258",0.0489523895084858
170,"1259",-0.230478227138519
170,"1260",0.600091874599457
170,"1261",-0.825160622596741
170,"1262",-0.999217629432678
170,"1263",-0.980223476886749
170,"1264",0.497838586568832
171,"803",0.316010177135468
171,"815",-0.549324750900269
171,"843",-0.598711490631104
171,"872",0.393525838851929
171,"915",-0.730554282665253
171,"986",0.4148288667202
171,"1009",-0.590730845928192
171,"1012",1
171,"1013",0.310012459754944
171,"1015",1
171,"1017",-0.629744291305542
171,"1021",-0.774103105068207
171,"1025",-0.630585312843323
171,"1028",-0.45870304107666
171,"1038",0.592486441135406
171,"1039",0.124591454863548
171,"1044",0.509044647216797
171,"1054",-0.512623071670532
171,"1056",0.797177076339722
171,"1059",-0.79875510931015
171,"1060",-0.690374672412872
171,"1061",0.462109982967377
171,"1062",-0.455526649951935
171,"1065",-0.621511697769165
171,"1073",0.99061107635498
171,"1074",0.767411172389984
171,"1075",-0.830182194709778
171,"1077",0.424495935440063
171,"1082",-0.906576454639435
171,"1086",0.992943346500397
171,"1087",0.874107003211975
171,"1099",0.456792771816254
171,"1100",-0.628909051418304
171,"1102",-0.341922670602798
171,"1104",-0.623925447463989
171,"1105",0.311120271682739
171,"1108",-0.417622894048691
171,"1110",0.404174596071243
171,"1114",0.725880563259125
171,"1116",0.279577165842056
171,"1117",1
171,"1119",-0.526287257671356
171,"1122",1
171,"1127",0.877742767333984
171,"1128",1
171,"1131",-0.450963318347931
171,"1132",-0.69464123249054
171,"1133",-0.629744291305542
171,"1140",-0.831153690814972
171,"1141",0.497921466827393
171,"1142",0.544089138507843
171,"1143",-0.519111931324005
171,"1146",-0.605920732021332
171,"1148",NA
171,"1150",-0.633172631263733
171,"1152",-1
171,"1153",0.912122964859009
171,"1157",-0.542836546897888
171,"1159",1
171,"1165",-0.633288860321045
171,"1166",-0.274484932422638
171,"1170",-0.633172631263733
171,"1171",0.880317449569702
171,"1172",-0.605355441570282
171,"1173",1
171,"1174",-0.552686750888824
171,"1175",0.400560915470123
171,"1176",-0.479479402303696
171,"1177",1
171,"1178",0.41103059053421
171,"1180",1
171,"1181",0.594272136688232
171,"1182",0.301207214593887
171,"1183",-0.43403759598732
171,"1184",0.867379724979401
171,"1186",0.86390632390976
171,"1187",-0.629744291305542
171,"1188",1
171,"1189",0.995666742324829
171,"1190",-0.633172631263733
171,"1191",-0.628908753395081
171,"1192",0.222970902919769
171,"1193",0.130719989538193
171,"1194",-0.633172631263733
171,"1195",0.413104325532913
171,"1196",0.272988677024841
171,"1197",-0.481295615434647
171,"1198",-0.628834009170532
171,"1199",-0.518011450767517
171,"1200",-0.253333300352097
171,"1201",0.18199397623539
171,"1202",-0.81990385055542
171,"1203",-0.629744291305542
171,"1204",0.591127514839172
171,"1205",0.488620221614838
171,"1206",0.602182567119598
171,"1207",0.889079630374908
171,"1208",0.299732446670532
171,"1209",0.960793197154999
171,"1210",1
171,"1211",1
171,"1212",-0.999685823917389
171,"1213",1
171,"1214",-0.831860542297363
171,"1215",-1
171,"1216",-0.628591537475586
171,"1217",-0.999240458011627
171,"1218",-0.627935230731964
171,"1219",-0.540958821773529
171,"1220",-0.632903277873993
171,"1221",-0.633172631263733
171,"1222",0.619275629520416
171,"1223",-0.998662710189819
171,"1224",0.333424001932144
171,"1225",-0.631851017475128
171,"1226",0.390302151441574
171,"1227",-0.733936607837677
171,"1228",-1
171,"1229",0.337371289730072
171,"1230",0.165939822793007
171,"1231",-0.475177019834518
171,"1232",-0.629744648933411
171,"1233",-0.640163064002991
171,"1234",-0.716239094734192
171,"1235",0.0119383223354816
171,"1236",0.122639775276184
171,"1237",-0.552760779857635
171,"1238",0.356446087360382
171,"1239",0.200562059879303
171,"1240",0.0996309593319893
171,"1241",0.392296522855759
171,"1242",-0.798104107379913
171,"1243",0.191486179828644
171,"1244",-0.610460937023163
171,"1245",-0.631851017475128
171,"1246",0.762543976306915
171,"1247",-0.633172631263733
171,"1248",-1
171,"1249",-0.742244005203247
171,"1250",1
171,"1251",-0.623950660228729
171,"1252",0.861045360565186
171,"1253",-0.633172631263733
171,"1254",-0.633172631263733
171,"1255",0.100219763815403
171,"1256",0.860817968845367
171,"1257",-0.479614108800888
171,"1258",0.0900418311357498
171,"1259",0.0885560512542725
171,"1260",0.592430412769318
171,"1261",-0.684733927249908
171,"1262",-0.628909051418304
171,"1263",-0.633172631263733
171,"1264",0.433590203523636
172,"803",-0.374932140111923
172,"815",-0.694595873355865
172,"843",-0.689994752407074
172,"872",-0.23504638671875
172,"915",-0.680795907974243
172,"986",-0.179275885224342
172,"1009",-0.692667007446289
172,"1012",0.567922651767731
172,"1013",-0.212526127696037
172,"1015",0.27248203754425
172,"1017",-0.985521495342255
172,"1021",-0.607437670230865
172,"1025",-0.987517416477203
172,"1028",-0.61067670583725
172,"1038",-0.0702022835612297
172,"1039",-0.336812973022461
172,"1044",-0.107743911445141
172,"1054",-0.669232904911041
172,"1056",0.0140453176572919
172,"1059",-0.600803732872009
172,"1060",-0.637306392192841
172,"1061",-0.149553224444389
172,"1062",-0.611048102378845
172,"1065",-0.68408215045929
172,"1073",0.154428139328957
172,"1074",0.0512651018798351
172,"1075",-0.663232147693634
172,"1077",-0.115222625434399
172,"1082",-0.665155649185181
172,"1086",0.0805920660495758
172,"1087",0.168986648321152
172,"1099",-0.126901224255562
172,"1100",-0.987595498561859
172,"1102",-0.65036153793335
172,"1104",-0.967760860919952
172,"1105",-0.247066959738731
172,"1108",-0.656470596790314
172,"1110",-0.150178179144859
172,"1114",0.0342869199812412
172,"1116",-0.278114348649979
172,"1117",0.718198001384735
172,"1119",-0.658347070217133
172,"1122",0.567949056625366
172,"1127",0.152834936976433
172,"1128",0.122214272618294
172,"1131",-0.61488950252533
172,"1132",-0.598101913928986
172,"1133",-0.986217439174652
172,"1140",-0.70103132724762
172,"1141",-0.187187641859055
172,"1142",-0.0588736720383167
172,"1143",-0.639854729175568
172,"1146",-1
172,"1148",NA
172,"1150",-0.988166511058807
172,"1152",-0.722685158252716
172,"1153",0.156374141573906
172,"1157",-0.625110030174255
172,"1159",0.948799431324005
172,"1165",-0.988166511058807
172,"1166",-0.579121649265289
172,"1170",-0.988178551197052
172,"1171",0.164103537797928
172,"1172",-1
172,"1173",0.567923247814178
172,"1174",-0.683413684368134
172,"1175",-0.137109443545341
172,"1176",-0.654320061206818
172,"1177",0.272167444229126
172,"1178",-0.1185142993927
172,"1180",0.0837752670049667
172,"1181",-0.0569806881248951
172,"1182",-0.203873738646507
172,"1183",-0.631533205509186
172,"1184",0.0748773515224457
172,"1186",0.146147280931473
172,"1187",-0.984852492809296
172,"1188",0.568942964076996
172,"1189",0.161730691790581
172,"1190",-0.988165855407715
172,"1191",-0.987595498561859
172,"1192",-0.322795867919922
172,"1193",-0.336849063634872
172,"1194",-0.988166511058807
172,"1195",-0.149881273508072
172,"1196",-0.322248697280884
172,"1197",-0.685311436653137
172,"1198",-0.987692415714264
172,"1199",-0.660649836063385
172,"1200",-0.540149390697479
172,"1201",-0.33451110124588
172,"1202",-0.700021743774414
172,"1203",-0.985428631305695
172,"1204",-0.0678531900048256
172,"1205",-0.124041520059109
172,"1206",-0.0376992486417294
172,"1207",0.0481401905417442
172,"1208",-0.263256460428238
172,"1209",0.153069257736206
172,"1210",0.567785918712616
172,"1211",0.567949056625366
172,"1212",-0.692615270614624
172,"1213",0.56794947385788
172,"1214",-0.704469859600067
172,"1215",-0.685384511947632
172,"1216",-1
172,"1217",-0.690374553203583
172,"1218",-0.988166511058807
172,"1219",-0.640455901622772
172,"1220",-0.987697780132294
172,"1221",-0.987697780132294
172,"1222",0.0314286760985851
172,"1223",-0.683397233486176
172,"1224",-0.25434684753418
172,"1225",-0.987493515014648
172,"1226",-0.169989958405495
172,"1227",-0.60505473613739
172,"1228",-0.690662205219269
172,"1229",-0.259497344493866
172,"1230",-0.333675384521484
172,"1231",-0.646856009960175
172,"1232",-0.985279083251953
172,"1233",-0.694557905197144
172,"1234",-0.726878106594086
172,"1235",-0.442817091941833
172,"1236",-0.333738029003143
172,"1237",-0.682187020778656
172,"1238",-0.24926383793354
172,"1239",-0.323365807533264
172,"1240",-0.335366725921631
172,"1241",-0.213716387748718
172,"1242",-0.639524817466736
172,"1243",-0.332768231630325
172,"1244",-0.964594662189484
172,"1245",-0.987651288509369
172,"1246",-0.0583624318242073
172,"1247",-0.988166511058807
172,"1248",-0.987889051437378
172,"1249",-0.699033260345459
172,"1250",1
172,"1251",-0.96709680557251
172,"1252",0.159869402647018
172,"1253",-0.98814857006073
172,"1254",-0.98814857006073
172,"1255",-0.340786218643188
172,"1256",0.159802243113518
172,"1257",-0.663785219192505
172,"1258",-0.348769217729568
172,"1259",-0.341769248247147
172,"1260",-0.0395239032804966
172,"1261",-0.684022605419159
172,"1262",-0.987478852272034
172,"1263",-0.988166511058807
172,"1264",-0.13773700594902
173,"803",0.412838578224182
173,"815",-0.586284816265106
173,"843",-0.467497885227203
173,"872",0.348784774541855
173,"915",-0.55086213350296
173,"986",0.429423838853836
173,"1009",-0.583710134029388
173,"1012",0.995767831802368
173,"1013",0.377941697835922
173,"1015",0.77563089132309
173,"1017",-0.961025416851044
173,"1021",-0.427714288234711
173,"1025",-0.958285927772522
173,"1028",-0.420943081378937
173,"1038",0.654412388801575
173,"1039",0.356025040149689
173,"1044",0.616281926631927
173,"1054",-0.415730684995651
173,"1056",0.703050851821899
173,"1059",-0.409663289785385
173,"1060",-0.438803881406784
173,"1061",0.513031661510468
173,"1062",-0.404551416635513
173,"1065",-0.579334616661072
173,"1073",0.771573543548584
173,"1074",0.833162844181061
173,"1075",-0.44045102596283
173,"1077",0.509285926818848
173,"1082",-0.618611752986908
173,"1086",0.742278218269348
173,"1087",0.782869279384613
173,"1099",0.538198232650757
173,"1100",-0.979392945766449
173,"1102",-0.34688663482666
173,"1104",-0.952008008956909
173,"1105",0.410770356655121
173,"1108",-0.441309243440628
173,"1110",0.446024179458618
173,"1114",0.706370651721954
173,"1116",0.357856929302216
173,"1117",0.917369663715363
173,"1119",-0.399828344583511
173,"1122",0.984249114990234
173,"1127",0.790636122226715
173,"1128",0.911924839019775
173,"1131",-0.431645214557648
173,"1132",-0.419181853532791
173,"1133",-0.975331425666809
173,"1140",-0.553880989551544
173,"1141",0.449183881282806
173,"1142",0.631088733673096
173,"1143",-0.508423566818237
173,"1146",-1
173,"1148",0.690583348274231
173,"1150",-0.975325763225555
173,"1152",-0.444107711315155
173,"1153",0.775588691234589
173,"1157",-0.470257043838501
173,"1159",0.918754577636719
173,"1165",-0.975328326225281
173,"1166",-0.312416523694992
173,"1170",-0.96150940656662
173,"1171",0.806739449501038
173,"1172",-0.954067647457123
173,"1173",0.995767831802368
173,"1174",-0.568645417690277
173,"1175",0.422299921512604
173,"1176",-0.540881335735321
173,"1177",0.776782393455505
173,"1178",0.471342891454697
173,"1180",0.742943108081818
173,"1181",0.718947529792786
173,"1182",0.400865525007248
173,"1183",-0.537837028503418
173,"1184",0.732194602489471
173,"1186",0.776437997817993
173,"1187",-0.975331425666809
173,"1188",0.922900021076202
173,"1189",0.804939925670624
173,"1190",-0.975318789482117
173,"1191",-0.975318789482117
173,"1192",0.0956142395734787
173,"1193",0.10461662709713
173,"1194",-0.975331425666809
173,"1195",0.48740941286087
173,"1196",0.362035244703293
173,"1197",-0.403010964393616
173,"1198",-0.975331425666809
173,"1199",-0.568282544612885
173,"1200",-0.19704832136631
173,"1201",0.103317029774189
173,"1202",-0.548832535743713
173,"1203",-0.975318789482117
173,"1204",0.656587421894073
173,"1205",0.564113438129425
173,"1206",0.673670649528503
173,"1207",0.721098482608795
173,"1208",0.380469113588333
173,"1209",0.778542935848236
173,"1210",0.93274337053299
173,"1211",1
173,"1212",-0.591970562934875
173,"1213",0.922900021076202
173,"1214",-0.567056119441986
173,"1215",-0.602367281913757
173,"1216",-0.975380778312683
173,"1217",-0.615704715251923
173,"1218",-0.975318789482117
173,"1219",-0.456556588411331
173,"1220",-0.975323438644409
173,"1221",-1
173,"1222",0.761481821537018
173,"1223",-0.619033753871918
173,"1224",0.382002860307693
173,"1225",-0.980616629123688
173,"1226",0.492177277803421
173,"1227",-0.425547808408737
173,"1228",-0.606326878070831
173,"1229",0.376211225986481
173,"1230",0.0927001759409904
173,"1231",-0.463516414165497
173,"1232",-0.975367069244385
173,"1233",-0.54861181974411
173,"1234",-0.591537892818451
173,"1235",-0.203492492437363
173,"1236",0.202025935053825
173,"1237",-0.559944748878479
173,"1238",0.399472415447235
173,"1239",0.344658821821213
173,"1240",0.071802519261837
173,"1241",0.45073938369751
173,"1242",-0.432336837053299
173,"1243",0.332921534776688
173,"1244",-0.68034702539444
173,"1245",-0.975491225719452
173,"1246",0.700353026390076
173,"1247",-0.975325763225555
173,"1248",-0.974728882312775
173,"1249",-0.548043966293335
173,"1250",0.924921870231628
173,"1251",-0.951741278171539
173,"1252",0.805114686489105
173,"1253",-0.975325763225555
173,"1254",-0.975325763225555
173,"1255",0.26485601067543
173,"1256",0.800104200839996
173,"1257",-0.483428806066513
173,"1258",0.168326064944267
173,"1259",-0.0421110764145851
173,"1260",0.684827029705048
173,"1261",-0.568129658699036
173,"1262",-0.975318789482117
173,"1263",-0.96150940656662
173,"1264",0.511516571044922
174,"803",0.0403403863310814
174,"815",-0.765207350254059
174,"843",-0.846534490585327
174,"872",0.25542876124382
174,"915",-0.87042111158371
174,"986",0.420807778835297
174,"1009",-0.798655092716217
174,"1012",0.987800896167755
174,"1013",0.392617076635361
174,"1015",0.863172769546509
174,"1017",-0.963780045509338
174,"1021",-0.616484403610229
174,"1025",-0.963378608226776
174,"1028",-0.618769466876984
174,"1038",0.466103881597519
174,"1039",-0.105438150465488
174,"1044",0.49275079369545
174,"1054",-0.684414327144623
174,"1056",0.627473533153534
174,"1059",-0.697175264358521
174,"1060",-0.680803000926971
174,"1061",0.451340585947037
174,"1062",-0.609969556331635
174,"1065",-0.767035126686096
174,"1073",0.95944344997406
174,"1074",0.927258849143982
174,"1075",-0.771942257881165
174,"1077",0.472444206476212
174,"1082",-0.988065481185913
174,"1086",0.80849826335907
174,"1087",0.75263923406601
174,"1099",0.506696581840515
174,"1100",-0.977326452732086
174,"1102",-0.700979590415955
174,"1104",-0.960954070091248
174,"1105",0.291481196880341
174,"1108",-0.682210922241211
174,"1110",0.429021447896957
174,"1114",0.743853151798248
174,"1116",0.201976343989372
174,"1117",0.983848214149475
174,"1119",-0.699822187423706
174,"1122",0.987819910049438
174,"1127",0.78692764043808
174,"1128",0.942523121833801
174,"1131",-0.613197684288025
174,"1132",-0.674033939838409
174,"1133",-0.97146874666214
174,"1140",-0.806572258472443
174,"1141",0.447981417179108
174,"1142",0.5271275639534
174,"1143",-0.67404568195343
174,"1146",-0.95700466632843
174,"1148",NA
174,"1150",-0.977874517440796
174,"1152",-1
174,"1153",0.863414108753204
174,"1157",-0.648740470409393
174,"1159",0.97352135181427
174,"1165",-0.97777384519577
174,"1166",-0.475157380104065
174,"1170",-0.970765769481659
174,"1171",0.797800123691559
174,"1172",-0.952536284923553
174,"1173",0.987800896167755
174,"1174",-0.744487226009369
174,"1175",0.410508573055267
174,"1176",-0.654491484165192
174,"1177",0.868123531341553
174,"1178",0.43030971288681
174,"1180",0.758360147476196
174,"1181",0.573494613170624
174,"1182",0.386645615100861
174,"1183",-0.672598659992218
174,"1184",0.732056140899658
174,"1186",0.786309659481049
174,"1187",-0.97146874666214
174,"1188",0.987800896167755
174,"1189",0.891127049922943
174,"1190",-0.977874517440796
174,"1191",-0.977222323417664
174,"1192",-0.0627040266990662
174,"1193",-0.108330048620701
174,"1194",-0.977874517440796
174,"1195",0.301970452070236
174,"1196",0.150722831487656
174,"1197",-0.65260511636734
174,"1198",-0.977245211601257
174,"1199",-0.751444816589355
174,"1200",-0.487593650817871
174,"1201",-0.105408988893032
174,"1202",-0.797485649585724
174,"1203",-0.97146874666214
174,"1204",0.556453049182892
174,"1205",0.532484769821167
174,"1206",0.550114452838898
174,"1207",0.762918293476105
174,"1208",0.26243594288826
174,"1209",0.836260080337524
174,"1210",0.987779438495636
174,"1211",1
174,"1212",-1
174,"1213",0.987800896167755
174,"1214",-0.837565720081329
174,"1215",-0.977373600006104
174,"1216",-0.977245211601257
174,"1217",-1
174,"1218",-0.976693868637085
174,"1219",-0.739783823490143
174,"1220",-0.977773487567902
174,"1221",-0.977874517440796
174,"1222",0.917941391468048
174,"1223",-0.992375075817108
174,"1224",0.276435017585754
174,"1225",-0.976999521255493
174,"1226",0.398551225662231
174,"1227",-0.637456476688385
174,"1228",-1
174,"1229",0.27594393491745
174,"1230",-0.0906240493059158
174,"1231",-0.664863109588623
174,"1232",-0.971389710903168
174,"1233",-0.772037506103516
174,"1234",-0.77509593963623
174,"1235",-0.323915928602219
174,"1236",-0.103747889399529
174,"1237",-0.745400249958038
174,"1238",0.324954181909561
174,"1239",-0.0646346434950829
174,"1240",-0.138637825846672
174,"1241",0.354236751794815
174,"1242",-0.713760018348694
174,"1243",-0.0920217633247375
174,"1244",-0.956930994987488
174,"1245",-0.976910948753357
174,"1246",0.56008642911911
174,"1247",-0.977874517440796
174,"1248",-1
174,"1249",-0.761447489261627
174,"1250",0.970103442668915
174,"1251",-0.960133492946625
174,"1252",0.798889517784119
174,"1253",-0.977874517440796
174,"1254",-0.977874517440796
174,"1255",-0.169790208339691
174,"1256",0.798526227474213
174,"1257",-0.649786770343781
174,"1258",-0.169979155063629
174,"1259",-0.153939485549927
174,"1260",0.578887403011322
174,"1261",-0.776435613632202
174,"1262",-0.977245211601257
174,"1263",-0.967290222644806
174,"1264",0.490907222032547
175,"803",0.119477890431881
175,"815",-0.520187795162201
175,"843",-0.490985095500946
175,"872",0.263867110013962
175,"915",-0.618896186351776
175,"986",0.307413905858994
175,"1009",-0.542360901832581
175,"1012",1
175,"1013",0.201277419924736
175,"1015",1
175,"1017",-0.542738318443298
175,"1021",-0.722857117652893
175,"1025",-0.552658081054688
175,"1028",-0.371955364942551
175,"1038",0.570409297943115
175,"1039",0.0477421507239342
175,"1044",0.406284809112549
175,"1054",-0.496784120798111
175,"1056",0.605849802494049
175,"1059",-0.835500419139862
175,"1060",-0.687622427940369
175,"1061",0.263486087322235
175,"1062",-0.45120969414711
175,"1065",-0.597622454166412
175,"1073",0.863781273365021
175,"1074",0.752320766448975
175,"1075",-0.8353111743927
175,"1077",0.198125824332237
175,"1082",-0.935470938682556
175,"1086",0.82254695892334
175,"1087",0.738679468631744
175,"1099",0.263243108987808
175,"1100",-0.554916322231293
175,"1102",-0.428858071565628
175,"1104",-0.523684561252594
175,"1105",0.192544788122177
175,"1108",-0.482173353433609
175,"1110",0.184321686625481
175,"1114",0.522056400775909
175,"1116",0.199230685830116
175,"1117",1
175,"1119",-0.489056468009949
175,"1122",1
175,"1127",0.716446399688721
175,"1128",1
175,"1131",-0.347354412078857
175,"1132",-0.771796226501465
175,"1133",-0.542738318443298
175,"1140",-0.86054527759552
175,"1141",0.337015628814697
175,"1142",0.489378422498703
175,"1143",-0.516345918178558
175,"1146",-0.544894158840179
175,"1148",NA
175,"1150",-0.558361411094666
175,"1152",-1
175,"1153",0.855579137802124
175,"1157",-0.476231217384338
175,"1159",1
175,"1165",-0.558493375778198
175,"1166",-0.151341497898102
175,"1170",-0.55852484703064
175,"1171",0.743866682052612
175,"1172",-0.544723749160767
175,"1173",1
175,"1174",-0.502426326274872
175,"1175",0.206425830721855
175,"1176",-0.397660851478577
175,"1177",0.847882568836212
175,"1178",0.200498595833778
175,"1180",0.749917268753052
175,"1181",0.538799226284027
175,"1182",0.251321285963058
175,"1183",-0.48468878865242
175,"1184",0.645953714847565
175,"1186",0.690628945827484
175,"1187",-0.542646825313568
175,"1188",1
175,"1189",0.882020235061646
175,"1190",-0.558298885822296
175,"1191",-0.55496221780777
175,"1192",0.0523918829858303
175,"1193",-0.017100989818573
175,"1194",-0.55852484703064
175,"1195",0.195693597197533
175,"1196",0.24394465982914
175,"1197",-0.358783602714539
175,"1198",-0.554916322231293
175,"1199",-0.510084867477417
175,"1200",-0.292824566364288
175,"1201",0.00682462984696031
175,"1202",-0.836322009563446
175,"1203",-0.542738318443298
175,"1204",0.530990898609161
175,"1205",0.353359460830688
175,"1206",0.57411128282547
175,"1207",0.591265738010406
175,"1208",0.245441928505898
175,"1209",0.804469048976898
175,"1210",1
175,"1211",1
175,"1212",-1
175,"1213",1
175,"1214",-0.860709071159363
175,"1215",-0.991538107395172
175,"1216",-0.554947376251221
175,"1217",-0.98939037322998
175,"1218",-0.558298885822296
175,"1219",-0.454184770584106
175,"1220",-0.558298885822296
175,"1221",-0.558298885822296
175,"1222",0.618442952632904
175,"1223",-0.989523231983185
175,"1224",0.245476290583611
175,"1225",-0.557508409023285
175,"1226",0.262814432382584
175,"1227",-0.742721021175385
175,"1228",-0.991538107395172
175,"1229",0.262847453355789
175,"1230",0.000241409201407805
175,"1231",-0.446166425943375
175,"1232",-0.542662799358368
175,"1233",-0.588437736034393
175,"1234",-0.575807273387909
175,"1235",-0.118133813142776
175,"1236",-0.0323942266404629
175,"1237",-0.516975224018097
175,"1238",0.25247597694397
175,"1239",0.0257456749677658
175,"1240",-0.0245864912867546
175,"1241",0.29069659113884
175,"1242",-0.836839437484741
175,"1243",0.0207818914204836
175,"1244",-0.532872974872589
175,"1245",-0.557675540447235
175,"1246",0.583943367004395
175,"1247",-0.55852484703064
175,"1248",-1
175,"1249",-0.691896259784698
175,"1250",1
175,"1251",-0.533800542354584
175,"1252",0.727535367012024
175,"1253",-0.55852484703064
175,"1254",-0.55852484703064
175,"1255",-0.0236594174057245
175,"1256",0.727444887161255
175,"1257",-0.425167441368103
175,"1258",-0.149899378418922
175,"1259",-0.032820601016283
175,"1260",0.538596451282501
175,"1261",-0.655794620513916
175,"1262",-0.554962337017059
175,"1263",-0.553459107875824
175,"1264",0.264682352542877
176,"803",-0.0562498569488525
176,"815",-0.912046372890472
176,"843",-0.875714361667633
176,"872",0.0253813453018665
176,"915",-0.904887437820435
176,"986",0.135579183697701
176,"1009",-0.897824704647064
176,"1012",0.967915534973145
176,"1013",0.0879947692155838
176,"1015",0.709709882736206
176,"1017",-0.967102289199829
176,"1021",-0.856039941310883
176,"1025",-0.937960863113403
176,"1028",-0.801963210105896
176,"1038",0.368305116891861
176,"1039",-0.204751059412956
176,"1044",0.265814483165741
176,"1054",-0.816608130931854
176,"1056",0.415919929742813
176,"1059",-0.840738475322723
176,"1060",-0.842087805271149
176,"1061",0.135445475578308
176,"1062",-0.751103758811951
176,"1065",-0.959610104560852
176,"1073",0.737941980361938
176,"1074",0.907855927944183
176,"1075",-0.961566627025604
176,"1077",0.11429888010025
176,"1082",-1
176,"1086",0.575995862483978
176,"1087",0.634762823581696
176,"1099",0.141635999083519
176,"1100",-0.97537487745285
176,"1102",-0.738586127758026
176,"1104",-0.97476863861084
176,"1105",0.0444029606878757
176,"1108",-0.759962975978851
176,"1110",0.0812916085124016
176,"1114",0.529271960258484
176,"1116",-0.0199980791658163
176,"1117",0.938627958297729
176,"1119",-0.819242000579834
176,"1122",0.967694997787476
176,"1127",0.630359888076782
176,"1128",0.879374563694
176,"1131",-0.808430731296539
176,"1132",-0.800473988056183
176,"1133",-0.97395646572113
176,"1140",-0.98785263299942
176,"1141",0.136250421404839
176,"1142",0.349805325269699
176,"1143",-0.804350256919861
176,"1146",-0.968423843383789
176,"1148",NA
176,"1150",-0.975413978099823
176,"1152",-1
176,"1153",0.661102831363678
176,"1157",-0.779310762882233
176,"1159",0.949557840824127
176,"1165",-0.975414454936981
176,"1166",-0.733525097370148
176,"1170",-0.968557059764862
176,"1171",0.641977310180664
176,"1172",-0.96456503868103
176,"1173",0.967915534973145
176,"1174",-0.892473697662354
176,"1175",0.0768730938434601
176,"1176",-0.826041877269745
176,"1177",0.614967107772827
176,"1178",0.0877671539783478
176,"1180",0.56628280878067
176,"1181",0.401377618312836
176,"1182",0.126895993947983
176,"1183",-0.843757092952728
176,"1184",0.563538670539856
176,"1186",0.628640651702881
176,"1187",-0.973988771438599
176,"1188",0.967915534973145
176,"1189",0.681939959526062
176,"1190",-0.975413978099823
176,"1191",-0.975225687026978
176,"1192",-0.190123021602631
176,"1193",-0.258901506662369
176,"1194",-0.975413978099823
176,"1195",0.0412107892334461
176,"1196",-0.0469209812581539
176,"1197",-0.829454481601715
176,"1198",-0.975413978099823
176,"1199",-0.928507626056671
176,"1200",-0.623109221458435
176,"1201",-0.224329903721809
176,"1202",-0.99067211151123
176,"1203",-0.973988771438599
176,"1204",0.384885519742966
176,"1205",0.268034994602203
176,"1206",0.42818745970726
176,"1207",0.570122718811035
176,"1208",0.0229715704917908
176,"1209",0.631420910358429
176,"1210",0.967907786369324
176,"1211",1
176,"1212",-1
176,"1213",0.968366920948029
176,"1214",-1
176,"1215",-1
176,"1216",-0.975377976894379
176,"1217",-1
176,"1218",-0.975413978099823
176,"1219",-0.834355533123016
176,"1220",-0.975413978099823
176,"1221",-0.975413978099823
176,"1222",0.707637071609497
176,"1223",-1
176,"1224",0.0374668836593628
176,"1225",-0.974478185176849
176,"1226",0.113355420529842
176,"1227",-0.861988544464111
176,"1228",-1
176,"1229",0.0342720486223698
176,"1230",-0.238085687160492
176,"1231",-0.867117464542389
176,"1232",-0.973991513252258
176,"1233",-0.928378224372864
176,"1234",-0.918826818466187
176,"1235",-0.511164724826813
176,"1236",-0.260057926177979
176,"1237",-0.906634449958801
176,"1238",0.0656942054629326
176,"1239",-0.198420375585556
176,"1240",-0.305412709712982
176,"1241",0.12303900718689
176,"1242",-0.876168549060822
176,"1243",-0.208033487200737
176,"1244",-0.971942067146301
176,"1245",-0.974474668502808
176,"1246",0.395099580287933
176,"1247",-0.975413978099823
176,"1248",-1
176,"1249",-0.953597545623779
176,"1250",0.952190041542053
176,"1251",-0.974125921726227
176,"1252",0.643480062484741
176,"1253",-0.975413978099823
176,"1254",-0.975413978099823
176,"1255",-0.286783784627914
176,"1256",0.643463313579559
176,"1257",-0.862968683242798
176,"1258",-0.273047834634781
176,"1259",-0.285123288631439
176,"1260",0.411452919244766
176,"1261",-0.980873048305511
176,"1262",-0.975413978099823
176,"1263",-0.968557059764862
176,"1264",0.140645876526833
177,"803",0.173264145851135
177,"815",-0.821861386299133
177,"843",-0.780755937099457
177,"872",0.118643596768379
177,"915",-0.869963884353638
177,"986",0.184350296854973
177,"1009",-0.809539437294006
177,"1012",0.962686955928802
177,"1013",0.12571607530117
177,"1015",0.67136138677597
177,"1017",-0.82528167963028
177,"1021",-0.862849712371826
177,"1025",-0.807347476482391
177,"1028",-0.739863276481628
177,"1038",0.4326032102108
177,"1039",0.0690171122550964
177,"1044",0.371517241001129
177,"1054",-0.721607208251953
177,"1056",0.554346442222595
177,"1059",-0.852399706840515
177,"1060",-0.801649212837219
177,"1061",0.215373426675797
177,"1062",-0.672707140445709
177,"1065",-0.88576352596283
177,"1073",0.65752774477005
177,"1074",0.682549178600311
177,"1075",-0.912440419197083
177,"1077",0.233935803174973
177,"1082",-1
177,"1086",0.608365595340729
177,"1087",0.650131642818451
177,"1099",0.26000565290451
177,"1100",-0.837657570838928
177,"1102",-0.692525565624237
177,"1104",-0.835140705108643
177,"1105",0.18411622941494
177,"1108",-0.736356675624847
177,"1110",0.160130754113197
177,"1114",0.643293142318726
177,"1116",0.120839431881905
177,"1117",0.875942945480347
177,"1119",-0.724380016326904
177,"1122",0.955128490924835
177,"1127",0.676519572734833
177,"1128",0.862609505653381
177,"1131",-0.752656757831573
177,"1132",-0.792897820472717
177,"1133",-0.836677491664886
177,"1140",-1
177,"1141",0.192262962460518
177,"1142",0.440496146678925
177,"1143",-0.768350720405579
177,"1146",-0.819762051105499
177,"1148",0.547807812690735
177,"1150",-0.839398562908173
177,"1152",-0.927296578884125
177,"1153",0.647585928440094
177,"1157",-0.730163812637329
177,"1159",0.867921471595764
177,"1165",-0.839398562908173
177,"1166",-0.626194834709167
177,"1170",-0.828185439109802
177,"1171",0.67549204826355
177,"1172",-0.821108281612396
177,"1173",0.962686955928802
177,"1174",-0.809488415718079
177,"1175",0.132679373025894
177,"1176",-0.793918550014496
177,"1177",0.652003049850464
177,"1178",0.171747699379921
177,"1180",0.632683098316193
177,"1181",0.493183434009552
177,"1182",0.151583760976791
177,"1183",-0.761724233627319
177,"1184",0.65987503528595
177,"1186",0.664833903312683
177,"1187",-0.836725771427155
177,"1188",0.874449789524078
177,"1189",0.679761826992035
177,"1190",-0.839398562908173
177,"1191",-0.837817132472992
177,"1192",-0.154453217983246
177,"1193",-0.135866895318031
177,"1194",-0.839398562908173
177,"1195",0.185104489326477
177,"1196",0.0883831307291985
177,"1197",-0.737190961837769
177,"1198",-0.837816298007965
177,"1199",-0.881359934806824
177,"1200",-0.431313961744308
177,"1201",-0.13289313018322
177,"1202",-1
177,"1203",-0.836725771427155
177,"1204",0.466887414455414
177,"1205",0.350392758846283
177,"1206",0.452453583478928
177,"1207",0.644409835338593
177,"1208",0.119824305176735
177,"1209",0.640327274799347
177,"1210",0.883134663105011
177,"1211",1
177,"1212",-0.991449594497681
177,"1213",0.874449789524078
177,"1214",-1
177,"1215",-0.977210938930511
177,"1216",-0.837702810764313
177,"1217",-0.981973826885223
177,"1218",-0.836595714092255
177,"1219",-0.751031756401062
177,"1220",-0.838556528091431
177,"1221",-0.83936470746994
177,"1222",0.630642354488373
177,"1223",-1
177,"1224",0.133500576019287
177,"1225",-0.838918685913086
177,"1226",0.207037657499313
177,"1227",-0.831522822380066
177,"1228",-0.98718249797821
177,"1229",0.123560167849064
177,"1230",-0.140991166234016
177,"1231",-0.760059177875519
177,"1232",-0.836731731891632
177,"1233",-1
177,"1234",-0.909963846206665
177,"1235",-0.407363295555115
177,"1236",-0.0643341094255447
177,"1237",-0.794101417064667
177,"1238",0.183448389172554
177,"1239",0.0607965067028999
177,"1240",-0.181841418147087
177,"1241",0.245895817875862
177,"1242",-0.875072658061981
177,"1243",0.0486906617879868
177,"1244",-0.823980033397675
177,"1245",-0.839025735855103
177,"1246",0.498404741287231
177,"1247",-0.839398562908173
177,"1248",-1
177,"1249",-0.997090280056
177,"1250",0.88572359085083
177,"1251",-0.835668921470642
177,"1252",0.672103881835938
177,"1253",-0.839398562908173
177,"1254",-0.839398562908173
177,"1255",-0.0262267328798771
177,"1256",0.670956015586853
177,"1257",-0.773812472820282
177,"1258",-0.0926438271999359
177,"1259",-0.254264533519745
177,"1260",0.471895813941956
177,"1261",-0.852904260158539
177,"1262",-0.837816298007965
177,"1263",-0.82621693611145
177,"1264",0.219313189387321
178,"803",0.307086676359177
178,"815",-0.551571607589722
178,"843",-0.439532309770584
178,"872",0.323107063770294
178,"915",-0.482928782701492
178,"986",0.411870062351227
178,"1009",-0.586323440074921
178,"1012",1
178,"1013",0.333716064691544
178,"1015",0.769142806529999
178,"1017",-0.976953029632568
178,"1021",-0.377742320299149
178,"1025",-0.982565343379974
178,"1028",-0.398197114467621
178,"1038",0.601992666721344
178,"1039",0.273200035095215
178,"1044",0.534519910812378
178,"1054",-0.421539485454559
178,"1056",0.650053918361664
178,"1059",-0.392467170953751
178,"1060",-0.427368581295013
178,"1061",0.435351192951202
178,"1062",-0.39248451590538
178,"1065",-0.57213306427002
178,"1073",0.788519501686096
178,"1074",0.870455622673035
178,"1075",-0.430600583553314
178,"1077",0.442712247371674
178,"1082",-0.460082292556763
178,"1086",0.737556397914886
178,"1087",0.715219259262085
178,"1099",0.451558858156204
178,"1100",-0.984470009803772
178,"1102",-0.368438929319382
178,"1104",-0.86320298910141
178,"1105",0.350835591554642
178,"1108",-0.416803389787674
178,"1110",0.392118871212006
178,"1114",0.718166708946228
178,"1116",0.293366938829422
178,"1117",0.934138774871826
178,"1119",-0.390936225652695
178,"1122",0.992344975471497
178,"1127",0.777626097202301
178,"1128",0.919242978096008
178,"1131",-0.401548862457275
178,"1132",-0.338494330644608
178,"1133",-0.976640999317169
178,"1140",-0.584756553173065
178,"1141",0.405643433332443
178,"1142",0.577677965164185
178,"1143",-0.501907527446747
178,"1146",-1
178,"1148",0.674173295497894
178,"1150",-0.983945786952972
178,"1152",-0.436013400554657
178,"1153",0.766023874282837
178,"1157",-0.443046778440475
178,"1159",0.936054527759552
178,"1165",-0.984086096286774
178,"1166",-0.302263170480728
178,"1170",-0.983945786952972
178,"1171",0.777693092823029
178,"1172",-0.985332369804382
178,"1173",1
178,"1174",-0.552437901496887
178,"1175",0.401595890522003
178,"1176",-0.507735669612885
178,"1177",0.76688426733017
178,"1178",0.421070665121078
178,"1180",0.745646357536316
178,"1181",0.603996753692627
178,"1182",0.351240485906601
178,"1183",-0.435649067163467
178,"1184",0.76690936088562
178,"1186",0.77290016412735
178,"1187",-0.976769268512726
178,"1188",0.939763963222504
178,"1189",0.797030985355377
178,"1190",-0.984045624732971
178,"1191",-1
178,"1192",0.0920706614851952
178,"1193",0.090600922703743
178,"1194",-0.983953356742859
178,"1195",0.395616888999939
178,"1196",0.300436764955521
178,"1197",-0.39241361618042
178,"1198",-0.983835399150848
178,"1199",-0.481715142726898
178,"1200",-0.18190461397171
178,"1201",0.0955338478088379
178,"1202",-0.549457371234894
178,"1203",-0.976952195167542
178,"1204",0.596734821796417
178,"1205",0.462796241044998
178,"1206",0.616575419902802
178,"1207",0.768596768379211
178,"1208",0.317215502262115
178,"1209",0.781523406505585
178,"1210",0.948227763175964
178,"1211",0.999714493751526
178,"1212",-0.513963520526886
178,"1213",0.939763963222504
178,"1214",-0.585779130458832
178,"1215",-0.511627674102783
178,"1216",-0.983166754245758
178,"1217",-0.522040665149689
178,"1218",-0.983182013034821
178,"1219",-0.417426586151123
178,"1220",-0.984652161598206
178,"1221",-1
178,"1222",0.844087302684784
178,"1223",-0.513111770153046
178,"1224",0.329000949859619
178,"1225",-0.987800180912018
178,"1226",0.413058698177338
178,"1227",-0.374183595180511
178,"1228",-0.517128765583038
178,"1229",0.311099201440811
178,"1230",0.0870510712265968
178,"1231",-0.441314250230789
178,"1232",-0.976848602294922
178,"1233",-0.529352188110352
178,"1234",-0.551170647144318
178,"1235",-0.135994091629982
178,"1236",0.155443280935287
178,"1237",-0.52710235118866
178,"1238",0.33535835146904
178,"1239",0.274216443300247
178,"1240",0.0704899579286575
178,"1241",0.404719531536102
178,"1242",-0.41965913772583
178,"1243",0.260694205760956
178,"1244",-0.634650528430939
178,"1245",-0.986168682575226
178,"1246",0.588102638721466
178,"1247",-0.983953356742859
178,"1248",-0.983733475208282
178,"1249",-0.537251651287079
178,"1250",0.94035667181015
178,"1251",-0.862744450569153
178,"1252",0.777688384056091
178,"1253",-0.98396772146225
178,"1254",-0.984021008014679
178,"1255",0.209023356437683
178,"1256",0.776651799678802
178,"1257",-0.449089765548706
178,"1258",0.129159510135651
178,"1259",-0.00974072422832251
178,"1260",0.602521240711212
178,"1261",-0.505726397037506
178,"1262",-0.983959317207336
178,"1263",-0.983259797096252
178,"1264",0.434065222740173
179,"803",-0.170213967561722
179,"815",-0.842472434043884
179,"843",-0.790794253349304
179,"872",0.0968544483184814
179,"915",-0.806847870349884
179,"986",0.239017054438591
179,"1009",-0.87312126159668
179,"1012",0.964230835437775
179,"1013",0.201393097639084
179,"1015",0.928735494613647
179,"1017",-0.961204290390015
179,"1021",-0.714159309864044
179,"1025",-0.955521881580353
179,"1028",-0.678352236747742
179,"1038",0.472737371921539
179,"1039",-0.0872634500265121
179,"1044",0.384623825550079
179,"1054",-0.708481967449188
179,"1056",0.659728944301605
179,"1059",-0.731356263160706
179,"1060",-0.750612318515778
179,"1061",0.248410493135452
179,"1062",-0.663597822189331
179,"1065",-0.86074686050415
179,"1073",0.981845855712891
179,"1074",0.803445041179657
179,"1075",-0.814907968044281
179,"1077",0.264861553907394
179,"1082",-0.932056903839111
179,"1086",0.887531280517578
179,"1087",0.678007662296295
179,"1099",0.281014382839203
179,"1100",-0.979758441448212
179,"1102",-0.78825318813324
179,"1104",-0.959885358810425
179,"1105",0.0840253382921219
179,"1108",-0.768533766269684
179,"1110",0.22842726111412
179,"1114",0.587061047554016
179,"1116",0.0213796496391296
179,"1117",0.933246672153473
179,"1119",-0.705930769443512
179,"1122",0.964230835437775
179,"1127",0.687127828598022
179,"1128",0.80904620885849
179,"1131",-0.682098090648651
179,"1132",-0.696804463863373
179,"1133",-0.9700688123703
179,"1140",-0.990382373332977
179,"1141",0.23689566552639
179,"1142",0.498921513557434
179,"1143",-0.790735065937042
179,"1146",-0.972064554691315
179,"1148",NA
179,"1150",-0.980314016342163
179,"1152",-0.97280740737915
179,"1153",0.946220576763153
179,"1157",-0.712091982364655
179,"1159",0.908519327640533
179,"1165",-0.980314016342163
179,"1166",-0.63471531867981
179,"1170",-0.972673892974854
179,"1171",0.686789393424988
179,"1172",-0.96648895740509
179,"1173",0.964383840560913
179,"1174",-0.846259534358978
179,"1175",0.23438024520874
179,"1176",-0.733965814113617
179,"1177",0.76571524143219
179,"1178",0.233440399169922
179,"1180",0.909142374992371
179,"1181",0.53430587053299
179,"1182",0.189555332064629
179,"1183",-0.768654882907867
179,"1184",0.677334427833557
179,"1186",0.676661491394043
179,"1187",-0.970251142978668
179,"1188",0.964383840560913
179,"1189",0.989397943019867
179,"1190",-0.980314016342163
179,"1191",-0.979628622531891
179,"1192",-0.0744140297174454
179,"1193",-0.112867213785648
179,"1194",-0.980314016342163
179,"1195",0.174079909920692
179,"1196",-0.0854476019740105
179,"1197",-0.784659922122955
179,"1198",-0.97950667142868
179,"1199",-0.870450615882874
179,"1200",-0.460612624883652
179,"1201",-0.111722901463509
179,"1202",-0.95126473903656
179,"1203",-0.970251142978668
179,"1204",0.517106771469116
179,"1205",0.361136615276337
179,"1206",0.560448110103607
179,"1207",0.748471796512604
179,"1208",0.0517852157354355
179,"1209",0.826987385749817
179,"1210",0.96418297290802
179,"1211",1
179,"1212",-0.927513301372528
179,"1213",0.964383840560913
179,"1214",-1
179,"1215",-0.913907766342163
179,"1216",-0.97950667142868
179,"1217",-0.973609626293182
179,"1218",-0.980314016342163
179,"1219",-0.746336996555328
179,"1220",-0.980314016342163
179,"1221",-0.980314016342163
179,"1222",0.588471353054047
179,"1223",-0.915273368358612
179,"1224",0.0772049427032471
179,"1225",-0.980388820171356
179,"1226",0.223350986838341
179,"1227",-0.707786381244659
179,"1228",-0.926539540290833
179,"1229",0.0796709656715393
179,"1230",-0.106455504894257
179,"1231",-0.726780593395233
179,"1232",-0.970251142978668
179,"1233",-0.898969650268555
179,"1234",-0.747442245483398
179,"1235",-0.302244663238525
179,"1236",-0.102796874940395
179,"1237",-0.757286369800568
179,"1238",0.111596070230007
179,"1239",-0.0783330947160721
179,"1240",-0.0908801481127739
179,"1241",0.162690132856369
179,"1242",-0.791335642337799
179,"1243",-0.106137655675411
179,"1244",-0.955005407333374
179,"1245",-0.98017543554306
179,"1246",0.560595333576202
179,"1247",-0.98017543554306
179,"1248",-1
179,"1249",-0.805616676807404
179,"1250",0.881424427032471
179,"1251",-0.958755016326904
179,"1252",0.677126348018646
179,"1253",-0.980197191238403
179,"1254",-0.980314016342163
179,"1255",-0.111718811094761
179,"1256",0.677071094512939
179,"1257",-0.755226016044617
179,"1258",-0.124848231673241
179,"1259",-0.111976653337479
179,"1260",0.551324844360352
179,"1261",-0.776107013225555
179,"1262",-0.97950667142868
179,"1263",-0.962522149085999
179,"1264",0.276834547519684
180,"803",0.387967705726624
180,"815",-0.719092667102814
180,"843",-0.666566848754883
180,"872",0.227232426404953
180,"915",-0.832650005817413
180,"986",0.282895982265472
180,"1009",-0.714508235454559
180,"1012",0.973756372928619
180,"1013",0.24712935090065
180,"1015",0.682482004165649
180,"1017",-0.727802813053131
180,"1021",-0.829558610916138
180,"1025",-0.725869357585907
180,"1028",-0.659039556980133
180,"1038",0.589491367340088
180,"1039",0.262271970510483
180,"1044",0.545487940311432
180,"1054",-0.610719203948975
180,"1056",0.622351109981537
180,"1059",-0.827818512916565
180,"1060",-0.739230573177338
180,"1061",0.383471369743347
180,"1062",-0.59831976890564
180,"1065",-0.799725472927094
180,"1073",0.688566148281097
180,"1074",0.771618068218231
180,"1075",-0.830477893352509
180,"1077",0.423752576112747
180,"1082",-1
180,"1086",0.664821445941925
180,"1087",0.670758068561554
180,"1099",0.463570564985275
180,"1100",-0.739947974681854
180,"1102",-0.578766703605652
180,"1104",-0.736614763736725
180,"1105",0.336242735385895
180,"1108",-0.632693111896515
180,"1110",0.319551080465317
180,"1114",0.627829790115356
180,"1116",0.273563712835312
180,"1117",0.870218873023987
180,"1119",-0.637808561325073
180,"1122",0.963902592658997
180,"1127",0.709151923656464
180,"1128",0.882242321968079
180,"1131",-0.663530826568604
180,"1132",-0.762277781963348
180,"1133",-0.736614763736725
180,"1140",-0.934950709342957
180,"1141",0.324624806642532
180,"1142",0.545661985874176
180,"1143",-0.711974322795868
180,"1146",-0.699935257434845
180,"1148",0.61248654127121
180,"1150",-0.740099132061005
180,"1152",-0.833721399307251
180,"1153",0.671344459056854
180,"1157",-0.685064375400543
180,"1159",0.87407386302948
180,"1165",-0.740099132061005
180,"1166",-0.522670567035675
180,"1170",-0.731645941734314
180,"1171",0.708794176578522
180,"1172",-0.708010256290436
180,"1173",0.973756372928619
180,"1174",-0.725259482860565
180,"1175",0.27184721827507
180,"1176",-0.703823685646057
180,"1177",0.720387279987335
180,"1178",0.343022644519806
180,"1180",0.697493612766266
180,"1181",0.604579448699951
180,"1182",0.262924820184708
180,"1183",-0.710906863212585
180,"1184",0.708788096904755
180,"1186",0.695807695388794
180,"1187",-0.736727237701416
180,"1188",0.877159655094147
180,"1189",0.721073150634766
180,"1190",-0.740099132061005
180,"1191",-0.740081191062927
180,"1192",-0.0649139732122421
180,"1193",-0.0395211949944496
180,"1194",-0.740099132061005
180,"1195",0.365036427974701
180,"1196",0.268171668052673
180,"1197",-0.618886232376099
180,"1198",-0.740099132061005
180,"1199",-0.882836580276489
180,"1200",-0.321661680936813
180,"1201",-0.0372330397367477
180,"1202",-0.9322589635849
180,"1203",-0.736727237701416
180,"1204",0.578359305858612
180,"1205",0.458681553602219
180,"1206",0.589454710483551
180,"1207",0.686934113502502
180,"1208",0.264654129743576
180,"1209",0.668680548667908
180,"1210",0.886583507061005
180,"1211",1
180,"1212",-0.964266955852509
180,"1213",0.877159655094147
180,"1214",-0.940126597881317
180,"1215",-1
180,"1216",-0.740050911903381
180,"1217",-1
180,"1218",-0.729470491409302
180,"1219",-0.655649125576019
180,"1220",-0.737942457199097
180,"1221",-0.74021190404892
180,"1222",0.692453145980835
180,"1223",-1
180,"1224",0.278276681900024
180,"1225",-0.739810407161713
180,"1226",0.365839123725891
180,"1227",-0.811528980731964
180,"1228",-1
180,"1229",0.258441805839539
180,"1230",-0.0545905195176601
180,"1231",-0.656176686286926
180,"1232",-0.736728847026825
180,"1233",-0.882483422756195
180,"1234",-0.88010561466217
180,"1235",-0.32012614607811
180,"1236",0.0692667067050934
180,"1237",-0.69278883934021
180,"1238",0.323860794305801
180,"1239",0.257551044225693
180,"1240",-0.0827305912971497
180,"1241",0.392411440610886
180,"1242",-0.834518313407898
180,"1243",0.246550858020782
180,"1244",-0.71782660484314
180,"1245",-0.739902913570404
180,"1246",0.580446600914001
180,"1247",-0.740099132061005
180,"1248",-1
180,"1249",-0.868059992790222
180,"1250",0.892947018146515
180,"1251",-0.736727237701416
180,"1252",0.706486225128174
180,"1253",-0.740082025527954
180,"1254",-0.740099132061005
180,"1255",0.164371818304062
180,"1256",0.704199492931366
180,"1257",-0.676878571510315
180,"1258",0.0331834033131599
180,"1259",-0.205998554825783
180,"1260",0.566260278224945
180,"1261",-0.749808073043823
180,"1262",-0.740099132061005
180,"1263",-0.728718400001526
180,"1264",0.37469071149826
181,"803",0.235900059342384
181,"815",-0.601483702659607
181,"843",-0.528135418891907
181,"872",0.266094714403152
181,"915",-0.577779710292816
181,"986",0.329611659049988
181,"1009",-0.577613830566406
181,"1012",0.985820293426514
181,"1013",0.279179066419601
181,"1015",0.772936582565308
181,"1017",-0.968666315078735
181,"1021",-0.465241491794586
181,"1025",-0.985990703105927
181,"1028",-0.461155533790588
181,"1038",0.618960440158844
181,"1039",0.230209499597549
181,"1044",0.550610899925232
181,"1054",-0.482967793941498
181,"1056",0.693768262863159
181,"1059",-0.435517102479935
181,"1060",-0.484916210174561
181,"1061",0.372679471969604
181,"1062",-0.423021376132965
181,"1065",-0.610731065273285
181,"1073",0.782343208789825
181,"1074",0.821909248828888
181,"1075",-0.492260187864304
181,"1077",0.385345309972763
181,"1082",-0.597802877426147
181,"1086",0.756201148033142
181,"1087",0.738340556621552
181,"1099",0.39863908290863
181,"1100",-1
181,"1102",-0.440133690834045
181,"1104",-0.984157204627991
181,"1105",0.314931511878967
181,"1108",-0.490277290344238
181,"1110",0.321490496397018
181,"1114",0.668250560760498
181,"1116",0.255870878696442
181,"1117",0.902279794216156
181,"1119",-0.466127544641495
181,"1122",0.977317929267883
181,"1127",0.736348688602448
181,"1128",0.873997747898102
181,"1131",-0.462135225534439
181,"1132",-0.437139511108398
181,"1133",-0.994698882102966
181,"1140",-0.59715723991394
181,"1141",0.327355146408081
181,"1142",0.622453570365906
181,"1143",-0.564959108829498
181,"1146",-1
181,"1148",0.6278195977211
181,"1150",-0.997376680374146
181,"1152",-0.501254320144653
181,"1153",0.751553058624268
181,"1157",-0.497263222932816
181,"1159",0.907245934009552
181,"1165",-0.997376680374146
181,"1166",-0.384548217058182
181,"1170",-0.973281681537628
181,"1171",0.751483082771301
181,"1172",-0.956647634506226
181,"1173",0.985820293426514
181,"1174",-0.600520253181458
181,"1175",0.322223424911499
181,"1176",-0.561045527458191
181,"1177",0.724870800971985
181,"1178",0.339095383882523
181,"1180",0.7323157787323
181,"1181",0.687497794628143
181,"1182",0.301266610622406
181,"1183",-0.552318036556244
181,"1184",0.692534506320953
181,"1186",0.724717140197754
181,"1187",-0.993921935558319
181,"1188",0.914520621299744
181,"1189",0.81367427110672
181,"1190",-0.997507750988007
181,"1191",-0.997418165206909
181,"1192",0.0516933836042881
181,"1193",0.0542096607387066
181,"1194",-0.997641026973724
181,"1195",0.342306137084961
181,"1196",0.217556059360504
181,"1197",-0.445948958396912
181,"1198",-0.997428238391876
181,"1199",-0.572262227535248
181,"1200",-0.188908442854881
181,"1201",0.0535312257707119
181,"1202",-0.583357691764832
181,"1203",-0.994005680084229
181,"1204",0.63169002532959
181,"1205",0.461468875408173
181,"1206",0.633095860481262
181,"1207",0.683642029762268
181,"1208",0.253783583641052
181,"1209",0.740843951702118
181,"1210",0.924350619316101
181,"1211",1
181,"1212",-0.591154813766479
181,"1213",0.914571344852448
181,"1214",-0.608325362205505
181,"1215",-0.592727065086365
181,"1216",-1
181,"1217",-0.619520246982574
181,"1218",-0.997507750988007
181,"1219",-0.522590935230255
181,"1220",-0.997425556182861
181,"1221",-1
181,"1222",0.697042226791382
181,"1223",-0.61295747756958
181,"1224",0.270666748285294
181,"1225",-1
181,"1226",0.360083132982254
181,"1227",-0.459638029336929
181,"1228",-0.596744656562805
181,"1229",0.255815207958221
181,"1230",0.0505175739526749
181,"1231",-0.530164301395416
181,"1232",-0.994857132434845
181,"1233",-0.591579973697662
181,"1234",-0.613176941871643
181,"1235",-0.171339809894562
181,"1236",0.117026053369045
181,"1237",-0.557841420173645
181,"1238",0.303725123405457
181,"1239",0.215672880411148
181,"1240",0.0360954962670803
181,"1241",0.383051455020905
181,"1242",-0.480498194694519
181,"1243",0.202763289213181
181,"1244",-0.781421899795532
181,"1245",-0.997845530509949
181,"1246",0.663172900676727
181,"1247",-0.997376680374146
181,"1248",-0.997371971607208
181,"1249",-0.591602802276611
181,"1250",0.911672592163086
181,"1251",-0.971007585525513
181,"1252",0.749495387077332
181,"1253",-0.997499644756317
181,"1254",-0.997714996337891
181,"1255",0.157262742519379
181,"1256",0.74727600812912
181,"1257",-0.528715968132019
181,"1258",0.0907195210456848
181,"1259",-0.0269094966351986
181,"1260",0.666541695594788
181,"1261",-0.574196219444275
181,"1262",-0.997418880462646
181,"1263",-0.972635567188263
181,"1264",0.379512012004852
182,"803",0.337904632091522
182,"815",-0.788242399692535
182,"843",-0.812871754169464
182,"872",0.0517822727560997
182,"915",-0.757699012756348
182,"986",0.233118027448654
182,"1009",-0.761948883533478
182,"1012",0.914868891239166
182,"1013",0.215325936675072
182,"1015",0.977224826812744
182,"1017",-0.796933352947235
182,"1021",-0.873824298381805
182,"1025",-0.802860081195831
182,"1028",-0.702318668365479
182,"1038",0.46211513876915
182,"1039",-0.0728909522294998
182,"1044",0.450310438871384
182,"1054",-0.718485236167908
182,"1056",0.67624169588089
182,"1059",-0.879150688648224
182,"1060",-0.796006441116333
182,"1061",0.159320905804634
182,"1062",-0.62801855802536
182,"1065",-0.860127329826355
182,"1073",0.862387716770172
182,"1074",0.738548338413239
182,"1075",-0.918620467185974
182,"1077",0.170150622725487
182,"1082",-0.913409888744354
182,"1086",0.828770875930786
182,"1087",0.941452085971832
182,"1099",0.235308527946472
182,"1100",-0.825087249279022
182,"1102",-0.646088242530823
182,"1104",-0.813611507415771
182,"1105",0.336997926235199
182,"1108",-0.755636036396027
182,"1110",0.102533653378487
182,"1114",0.655934035778046
182,"1116",0.279948353767395
182,"1117",0.797061264514923
182,"1119",-0.708802878856659
182,"1122",0.914849162101746
182,"1127",0.872212588787079
182,"1128",0.925403237342834
182,"1131",-0.695990085601807
182,"1132",-0.82691490650177
182,"1133",-0.822306632995605
182,"1140",-1
182,"1141",0.246635362505913
182,"1142",0.536530017852783
182,"1143",-0.767729878425598
182,"1146",-0.775244235992432
182,"1148",NA
182,"1150",-0.828866183757782
182,"1152",-1
182,"1153",0.969494998455048
182,"1157",-0.706103444099426
182,"1159",0.910634636878967
182,"1165",-0.828860521316528
182,"1166",-0.535902142524719
182,"1170",-0.805679082870483
182,"1171",0.944750130176544
182,"1172",-0.790342330932617
182,"1173",0.914868891239166
182,"1174",-0.777676045894623
182,"1175",0.0460338927805424
182,"1176",-0.732016026973724
182,"1177",0.950136303901672
182,"1178",0.109898962080479
182,"1180",0.758116126060486
182,"1181",0.690951347351074
182,"1182",0.216015055775642
182,"1183",-0.720377087593079
182,"1184",0.697287857532501
182,"1186",0.847562551498413
182,"1187",-0.822306632995605
182,"1188",0.914868891239166
182,"1189",0.972751379013062
182,"1190",-0.828865349292755
182,"1191",-0.824943602085114
182,"1192",-0.306448072195053
182,"1193",-0.114339075982571
182,"1194",-0.828865349292755
182,"1195",-0.0312338061630726
182,"1196",0.148996531963348
182,"1197",-0.712112426757812
182,"1198",-0.82511168718338
182,"1199",-0.74831622838974
182,"1200",-0.302621483802795
182,"1201",-0.120961062610149
182,"1202",-0.996512532234192
182,"1203",-0.822306632995605
182,"1204",0.576029598712921
182,"1205",0.3369420170784
182,"1206",0.580003082752228
182,"1207",0.643407046794891
182,"1208",0.140970826148987
182,"1209",0.782928109169006
182,"1210",0.914852619171143
182,"1211",1
182,"1212",-0.945575892925262
182,"1213",0.914868891239166
182,"1214",-1
182,"1215",-0.937014400959015
182,"1216",-0.825112402439117
182,"1217",-0.936786532402039
182,"1218",-0.828865349292755
182,"1219",-0.776492238044739
182,"1220",-0.828865349292755
182,"1221",-0.828865349292755
182,"1222",0.633025169372559
182,"1223",-0.981005966663361
182,"1224",0.182464778423309
182,"1225",-0.828668057918549
182,"1226",0.133201077580452
182,"1227",-0.774283766746521
182,"1228",-0.937014400959015
182,"1229",0.244134426116943
182,"1230",-0.109449483454227
182,"1231",-0.728082180023193
182,"1232",-0.822345495223999
182,"1233",-0.928762793540955
182,"1234",-0.836713016033173
182,"1235",-0.182068139314651
182,"1236",-0.119887016713619
182,"1237",-0.734523892402649
182,"1238",0.334782034158707
182,"1239",-0.0982644036412239
182,"1240",-0.116448648273945
182,"1241",0.478160381317139
182,"1242",-0.880105674266815
182,"1243",-0.10591296851635
182,"1244",-0.809095919132233
182,"1245",-0.828619837760925
182,"1246",0.699196636676788
182,"1247",-0.828865349292755
182,"1248",-1
182,"1249",-0.900253474712372
182,"1250",0.979295194149017
182,"1251",-0.816322028636932
182,"1252",0.94240140914917
182,"1253",-0.828865349292755
182,"1254",-0.828865349292755
182,"1255",-0.141815885901451
182,"1256",0.942308127880096
182,"1257",-0.717015981674194
182,"1258",-0.130897060036659
182,"1259",-0.1396214812994
182,"1260",0.617059886455536
182,"1261",-0.798571586608887
182,"1262",-0.82511168718338
182,"1263",-0.799677491188049
182,"1264",0.179086789488792
183,"803",0.410870343446732
183,"815",-0.56486701965332
183,"843",-0.428132176399231
183,"872",0.430225551128387
183,"915",-0.482292145490646
183,"986",0.515878200531006
183,"1009",-0.511421620845795
183,"1012",0.963259160518646
183,"1013",0.470597863197327
183,"1015",0.960808396339417
183,"1017",-0.961972653865814
183,"1021",-0.312980949878693
183,"1025",-0.971436619758606
183,"1028",-0.29977160692215
183,"1038",0.653371274471283
183,"1039",0.315159052610397
183,"1044",0.589884579181671
183,"1054",-0.296483308076859
183,"1056",0.788431406021118
183,"1059",-0.29782709479332
183,"1060",-0.330886453390121
183,"1061",0.489391833543777
183,"1062",-0.236410036683083
183,"1065",-0.623718559741974
183,"1073",0.948267161846161
183,"1074",0.951046526432037
183,"1075",-0.337757766246796
183,"1077",0.519186615943909
183,"1082",-0.508702158927917
183,"1086",0.89538449048996
183,"1087",0.903478920459747
183,"1099",0.539542138576508
183,"1100",-0.99470180273056
183,"1102",-0.252035886049271
183,"1104",-0.954783320426941
183,"1105",0.444160431623459
183,"1108",-0.331606894731522
183,"1110",0.471917271614075
183,"1114",0.79323136806488
183,"1116",0.417571783065796
183,"1117",0.945279479026794
183,"1119",-0.327165901660919
183,"1122",0.963185429573059
183,"1127",0.93507444858551
183,"1128",0.919916689395905
183,"1131",-0.295334815979004
183,"1132",-0.25892636179924
183,"1133",-0.96954083442688
183,"1140",-0.663348972797394
183,"1141",0.524549186229706
183,"1142",0.727537631988525
183,"1143",-0.410611391067505
183,"1146",-0.971947312355042
183,"1148",NA
183,"1150",-0.976225733757019
183,"1152",-0.484467357397079
183,"1153",0.872519016265869
183,"1157",-0.366195052862167
183,"1159",0.951073586940765
183,"1165",-0.976278483867645
183,"1166",-0.231083005666733
183,"1170",-0.970901191234589
183,"1171",0.921467304229736
183,"1172",-0.97413957118988
183,"1173",0.963259160518646
183,"1174",-0.614811599254608
183,"1175",0.45060133934021
183,"1176",-0.426052838563919
183,"1177",0.909009873867035
183,"1178",0.476230829954147
183,"1180",0.920710027217865
183,"1181",0.795205235481262
183,"1182",0.459145247936249
183,"1183",-0.419357150793076
183,"1184",0.921260893344879
183,"1186",0.921468734741211
183,"1187",-0.968169212341309
183,"1188",0.963259160518646
183,"1189",0.945291876792908
183,"1190",-0.976503610610962
183,"1191",-0.986802995204926
183,"1192",0.289617091417313
183,"1193",0.289909332990646
183,"1194",-0.976225852966309
183,"1195",0.441900670528412
183,"1196",0.36829686164856
183,"1197",-0.351477354764938
183,"1198",-0.976015627384186
183,"1199",-0.509992599487305
183,"1200",-0.0479356721043587
183,"1201",0.279636263847351
183,"1202",-0.600363790988922
183,"1203",-0.967700242996216
183,"1204",0.750262081623077
183,"1205",0.616840958595276
183,"1206",0.752403318881989
183,"1207",0.84170013666153
183,"1208",0.423478096723557
183,"1209",0.867634832859039
183,"1210",0.963167548179626
183,"1211",1
183,"1212",-0.453984797000885
183,"1213",0.963259160518646
183,"1214",-0.663536369800568
183,"1215",-0.449966937303543
183,"1216",-0.98302561044693
183,"1217",-0.449787139892578
183,"1218",-0.976298332214355
183,"1219",-0.369745820760727
183,"1220",-0.97634345293045
183,"1221",-0.976278364658356
183,"1222",0.842781126499176
183,"1223",-0.466685354709625
183,"1224",0.428763389587402
183,"1225",-1
183,"1226",0.482466042041779
183,"1227",-0.293738037347794
183,"1228",-0.456718802452087
183,"1229",0.438061237335205
183,"1230",0.292502284049988
183,"1231",-0.38359996676445
183,"1232",-0.967606902122498
183,"1233",-0.610395014286041
183,"1234",-0.415395766496658
183,"1235",0.119031853973866
183,"1236",0.295373111963272
183,"1237",-0.384468913078308
183,"1238",0.48123836517334
183,"1239",0.308306396007538
183,"1240",0.264852792024612
183,"1241",0.510048806667328
183,"1242",-0.331999957561493
183,"1243",0.29608741402626
183,"1244",-0.950827896595001
183,"1245",-0.979579150676727
183,"1246",0.765011489391327
183,"1247",-0.976475834846497
183,"1248",-0.976098835468292
183,"1249",-0.487313628196716
183,"1250",0.95056426525116
183,"1251",-0.921359121799469
183,"1252",0.935063898563385
183,"1253",-0.976475834846497
183,"1254",-0.976475834846497
183,"1255",0.255843341350555
183,"1256",0.935030937194824
183,"1257",-0.440469741821289
183,"1258",0.289909332990646
183,"1259",0.257970035076141
183,"1260",0.783945977687836
183,"1261",-0.411885529756546
183,"1262",-0.97603577375412
183,"1263",-0.960530698299408
183,"1264",0.503241896629333
184,"803",0.250577241182327
184,"815",-0.893761456012726
184,"843",-0.873867213726044
184,"872",0.19886589050293
184,"915",-0.911555349826813
184,"986",0.311392694711685
184,"1009",-0.922810971736908
184,"1012",1
184,"1013",0.243160560727119
184,"1015",0.784908473491669
184,"1017",-0.955769002437592
184,"1021",-0.713922798633575
184,"1025",-0.958870053291321
184,"1028",-0.708938598632812
184,"1038",0.607334554195404
184,"1039",0.178859442472458
184,"1044",0.537578821182251
184,"1054",-0.723072826862335
184,"1056",0.653307795524597
184,"1059",-0.825303196907043
184,"1060",-0.769932866096497
184,"1061",0.37412765622139
184,"1062",-0.691885411739349
184,"1065",-0.887512803077698
184,"1073",0.77156400680542
184,"1074",0.790942370891571
184,"1075",-0.892260015010834
184,"1077",0.341555833816528
184,"1082",-1
184,"1086",0.741242945194244
184,"1087",0.731299877166748
184,"1099",0.37530106306076
184,"1100",-0.964695334434509
184,"1102",-0.671743929386139
184,"1104",-0.959489822387695
184,"1105",0.268485337495804
184,"1108",-0.726416409015656
184,"1110",0.292579263448715
184,"1114",0.742256939411163
184,"1116",0.196402609348297
184,"1117",0.94214391708374
184,"1119",-0.732829689979553
184,"1122",0.989080190658569
184,"1127",0.770024240016937
184,"1128",0.958878636360168
184,"1131",-0.722744405269623
184,"1132",-0.712674796581268
184,"1133",-0.955769002437592
184,"1140",-0.979561686515808
184,"1141",0.330879628658295
184,"1142",0.568787634372711
184,"1143",-0.846152782440186
184,"1146",-0.941556215286255
184,"1148",0.651705741882324
184,"1150",-0.965953946113586
184,"1152",-0.915240168571472
184,"1153",0.771642029285431
184,"1157",-0.779437601566315
184,"1159",0.94024395942688
184,"1165",-0.965953946113586
184,"1166",-0.609253287315369
184,"1170",-0.965953946113586
184,"1171",0.767738163471222
184,"1172",-0.949617087841034
184,"1173",1
184,"1174",-0.879013061523438
184,"1175",0.297669440507889
184,"1176",-0.768210351467133
184,"1177",0.743578195571899
184,"1178",0.309823513031006
184,"1180",0.75506329536438
184,"1181",0.62324982881546
184,"1182",0.278051525354385
184,"1183",-0.793504238128662
184,"1184",0.746978640556335
184,"1186",0.757617592811584
184,"1187",-0.955600917339325
184,"1188",0.941737413406372
184,"1189",0.808950185775757
184,"1190",-0.965953946113586
184,"1191",-0.965016305446625
184,"1192",-0.173278346657753
184,"1193",-0.156561985611916
184,"1194",-0.965953946113586
184,"1195",0.296201586723328
184,"1196",0.220768198370934
184,"1197",-0.689195215702057
184,"1198",-0.96485048532486
184,"1199",-0.894947111606598
184,"1200",-0.514162242412567
184,"1201",-0.144884034991264
184,"1202",-0.995260775089264
184,"1203",-0.955600917339325
184,"1204",0.599474370479584
184,"1205",0.463457852602005
184,"1206",0.598337292671204
184,"1207",0.769621610641479
184,"1208",0.216595262289047
184,"1209",0.786295890808105
184,"1210",0.948782920837402
184,"1211",0.999648153781891
184,"1212",-1
184,"1213",0.941737413406372
184,"1214",-1
184,"1215",-1
184,"1216",-0.965069890022278
184,"1217",-1
184,"1218",-0.963083922863007
184,"1219",-0.801837801933289
184,"1220",-0.965431988239288
184,"1221",-0.966081738471985
184,"1222",0.78776878118515
184,"1223",-1
184,"1224",0.231477603316307
184,"1225",-0.964892983436584
184,"1226",0.347310245037079
184,"1227",-0.740369319915771
184,"1228",-1
184,"1229",0.204336076974869
184,"1230",-0.172092199325562
184,"1231",-0.751909375190735
184,"1232",-0.955739557743073
184,"1233",-0.917811691761017
184,"1234",-0.93864643573761
184,"1235",-0.442307472229004
184,"1236",-0.0489335171878338
184,"1237",-0.84923130273819
184,"1238",0.247030526399612
184,"1239",0.140576794743538
184,"1240",-0.203418970108032
184,"1241",0.324374556541443
184,"1242",-0.816473066806793
184,"1243",0.13261304795742
184,"1244",-0.91212922334671
184,"1245",-0.965147912502289
184,"1246",0.626280844211578
184,"1247",-0.965953946113586
184,"1248",-1
184,"1249",-0.888972163200378
184,"1250",0.942282199859619
184,"1251",-0.955515742301941
184,"1252",0.764877021312714
184,"1253",-0.965953946113586
184,"1254",-0.965953946113586
184,"1255",0.0490642189979553
184,"1256",0.763361692428589
184,"1257",-0.787584185600281
184,"1258",-0.114527978003025
184,"1259",-0.322743266820908
184,"1260",0.595200777053833
184,"1261",-0.899374783039093
184,"1262",-0.96485048532486
184,"1263",-0.961802005767822
184,"1264",0.370460987091064
185,"803",0.209653988480568
185,"815",-0.553288042545319
185,"843",-0.50067150592804
185,"872",0.291244775056839
185,"915",-0.564322471618652
185,"986",0.448130995035172
185,"1009",-0.564469039440155
185,"1012",1
185,"1013",0.371330082416534
185,"1015",0.854611456394196
185,"1017",-0.961703538894653
185,"1021",-0.478792637586594
185,"1025",-1
185,"1028",-0.455999165773392
185,"1038",0.666120231151581
185,"1039",0.251559644937515
185,"1044",0.584647059440613
185,"1054",-0.485885769128799
185,"1056",0.841334342956543
185,"1059",-0.418018788099289
185,"1060",-0.485555201768875
185,"1061",0.514620304107666
185,"1062",-0.438968628644943
185,"1065",-0.56831693649292
185,"1073",0.822656095027924
185,"1074",0.866568624973297
185,"1075",-0.494214594364166
185,"1077",0.519145965576172
185,"1082",-0.556929051876068
185,"1086",0.81076717376709
185,"1087",0.850998222827911
185,"1099",0.539002120494843
185,"1100",-0.960825383663177
185,"1102",-0.443497240543365
185,"1104",-0.973294913768768
185,"1105",0.311386436223984
185,"1108",-0.473899990320206
185,"1110",0.4804707467556
185,"1114",0.760956525802612
185,"1116",0.272126853466034
185,"1117",0.932182908058167
185,"1119",-0.475640624761581
185,"1122",0.988036036491394
185,"1127",0.857203245162964
185,"1128",0.845229983329773
185,"1131",-0.465327739715576
185,"1132",-0.456086784601212
185,"1133",-0.96171247959137
185,"1140",-0.556115627288818
185,"1141",0.451941728591919
185,"1142",0.697501838207245
185,"1143",-0.534449875354767
185,"1146",-1
185,"1148",0.69965398311615
185,"1150",-0.961703538894653
185,"1152",-0.507995665073395
185,"1153",0.829040825366974
185,"1157",-0.502661943435669
185,"1159",0.932778120040894
185,"1165",-0.96171247959137
185,"1166",-0.382360070943832
185,"1170",-0.961703538894653
185,"1171",0.867222845554352
185,"1172",-0.935635507106781
185,"1173",1
185,"1174",-0.560345232486725
185,"1175",0.495219051837921
185,"1176",-0.547331035137177
185,"1177",0.825977027416229
185,"1178",0.503889143466949
185,"1180",0.841155827045441
185,"1181",0.733489632606506
185,"1182",0.404517263174057
185,"1183",-0.498165369033813
185,"1184",0.820024013519287
185,"1186",0.842570126056671
185,"1187",-0.961694121360779
185,"1188",0.946575522422791
185,"1189",0.855509877204895
185,"1190",-0.961703538894653
185,"1191",-0.965055108070374
185,"1192",0.120227374136448
185,"1193",0.112847998738289
185,"1194",-0.961638987064362
185,"1195",0.481129169464111
185,"1196",0.220449268817902
185,"1197",-0.463951230049133
185,"1198",-0.961609780788422
185,"1199",-0.541917741298676
185,"1200",-0.259840309619904
185,"1201",0.114128619432449
185,"1202",-0.565625190734863
185,"1203",-0.961703538894653
185,"1204",0.69858980178833
185,"1205",0.612724363803864
185,"1206",0.701088726520538
185,"1207",0.778280794620514
185,"1208",0.302230656147003
185,"1209",0.845648646354675
185,"1210",0.955217063426971
185,"1211",0.99949324131012
185,"1212",-0.572689890861511
185,"1213",0.946575522422791
185,"1214",-0.568621397018433
185,"1215",-0.584463715553284
185,"1216",-0.963479578495026
185,"1217",-0.635172247886658
185,"1218",-0.961783230304718
185,"1219",-0.499287545681
185,"1220",-0.961131632328033
185,"1221",-0.971621453762054
185,"1222",0.771955192089081
185,"1223",-0.587448298931122
185,"1224",0.308692306280136
185,"1225",-0.960471391677856
185,"1226",0.479962646961212
185,"1227",-0.454892933368683
185,"1228",-0.587180495262146
185,"1229",0.304657489061356
185,"1230",0.111101604998112
185,"1231",-0.500178039073944
185,"1232",-0.961292862892151
185,"1233",-0.561699450016022
185,"1234",-0.580055117607117
185,"1235",-0.189531698822975
185,"1236",0.174707159399986
185,"1237",-0.55693131685257
185,"1238",0.31494876742363
185,"1239",0.257220953702927
185,"1240",0.083125464618206
185,"1241",0.355698108673096
185,"1242",-0.479762703180313
185,"1243",0.239788115024567
185,"1244",-0.77781754732132
185,"1245",-0.960761964321136
185,"1246",0.700627863407135
185,"1247",-0.961703538894653
185,"1248",-0.960886657238007
185,"1249",-0.562449753284454
185,"1250",0.916759967803955
185,"1251",-0.961337745189667
185,"1252",0.867114305496216
185,"1253",-0.961694121360779
185,"1254",-0.96171247959137
185,"1255",0.182141751050949
185,"1256",0.859535098075867
185,"1257",-0.507322669029236
185,"1258",0.147490546107292
185,"1259",0.0276879370212555
185,"1260",0.73845636844635
185,"1261",-0.563125848770142
185,"1262",-0.96129322052002
185,"1263",-0.961694121360779
185,"1264",0.533124148845673
186,"803",-0.21721576154232
186,"815",-0.874862492084503
186,"843",-0.800719320774078
186,"872",0.0239583756774664
186,"915",-0.823436081409454
186,"986",0.180438965559006
186,"1009",-0.846580147743225
186,"1012",1
186,"1013",0.0672690719366074
186,"1015",0.824651777744293
186,"1017",-0.986268699169159
186,"1021",-0.797234833240509
186,"1025",-0.984520792961121
186,"1028",-0.73996239900589
186,"1038",0.415837287902832
186,"1039",-0.127692818641663
186,"1044",0.264260590076447
186,"1054",-0.774427235126495
186,"1056",0.558383285999298
186,"1059",-0.758156359195709
186,"1060",-0.809332549571991
186,"1061",0.132269963622093
186,"1062",-0.704283714294434
186,"1065",-0.825962126255035
186,"1073",0.819869458675385
186,"1074",0.708281636238098
186,"1075",-0.833321571350098
186,"1077",0.144587785005569
186,"1082",-0.974869966506958
186,"1086",0.680383086204529
186,"1087",0.692229449748993
186,"1099",0.179053962230682
186,"1100",-0.990733504295349
186,"1102",-0.82842743396759
186,"1104",-0.974964618682861
186,"1105",-0.037082277238369
186,"1108",-0.841275155544281
186,"1110",0.123343832790852
186,"1114",0.65593296289444
186,"1116",-0.064438484609127
186,"1117",0.931250095367432
186,"1119",-0.774383425712585
186,"1122",0.999998807907104
186,"1127",0.714564979076385
186,"1128",0.8006432056427
186,"1131",-0.747797191143036
186,"1132",-0.736231923103333
186,"1133",-0.986268699169159
186,"1140",-0.921359777450562
186,"1141",0.202182278037071
186,"1142",0.430241405963898
186,"1143",-0.77481335401535
186,"1146",-0.96691769361496
186,"1148",NA
186,"1150",-0.990733504295349
186,"1152",-1
186,"1153",0.731581151485443
186,"1157",-0.805392563343048
186,"1159",0.960920095443726
186,"1165",-0.990872144699097
186,"1166",-0.678844928741455
186,"1170",-0.990733504295349
186,"1171",0.7154700756073
186,"1172",-0.970300614833832
186,"1173",1
186,"1174",-0.81560218334198
186,"1175",0.139375790953636
186,"1176",-0.819410920143127
186,"1177",0.70134562253952
186,"1178",0.145359456539154
186,"1180",0.699286818504333
186,"1181",0.427668958902359
186,"1182",0.101929232478142
186,"1183",-0.847692012786865
186,"1184",0.700091004371643
186,"1186",0.705634593963623
186,"1187",-0.986446738243103
186,"1188",0.999998807907104
186,"1189",0.771265745162964
186,"1190",-0.990733504295349
186,"1191",-0.990733504295349
186,"1192",-0.139301776885986
186,"1193",-0.173237919807434
186,"1194",-0.990733504295349
186,"1195",0.124572679400444
186,"1196",-0.141705080866814
186,"1197",-0.847007632255554
186,"1198",-0.990733504295349
186,"1199",-0.889243960380554
186,"1200",-0.596947610378265
186,"1201",-0.178644359111786
186,"1202",-0.909589469432831
186,"1203",-0.986446738243103
186,"1204",0.425100564956665
186,"1205",0.249894976615906
186,"1206",0.428497701883316
186,"1207",0.669749796390533
186,"1208",-0.0302906520664692
186,"1209",0.752391159534454
186,"1210",0.999998807907104
186,"1211",1
186,"1212",-0.866612374782562
186,"1213",1
186,"1214",-0.924416184425354
186,"1215",-0.864808917045593
186,"1216",-0.990665197372437
186,"1217",-0.878960490226746
186,"1218",-0.990733504295349
186,"1219",-0.765018403530121
186,"1220",-0.990733504295349
186,"1221",-0.990733504295349
186,"1222",0.705638349056244
186,"1223",-0.859981298446655
186,"1224",-0.0339111648499966
186,"1225",-0.989494323730469
186,"1226",0.122893370687962
186,"1227",-0.794450998306274
186,"1228",-0.864808917045593
186,"1229",-0.0310091245919466
186,"1230",-0.16816920042038
186,"1231",-0.753263354301453
186,"1232",-0.986365556716919
186,"1233",-0.883177638053894
186,"1234",-0.866564095020294
186,"1235",-0.421560376882553
186,"1236",-0.165981516242027
186,"1237",-0.810111522674561
186,"1238",-0.0287474170327187
186,"1239",-0.135566085577011
186,"1240",-0.175365164875984
186,"1241",0.0226964671164751
186,"1242",-0.828790366649628
186,"1243",-0.162802621722221
186,"1244",-0.971345067024231
186,"1245",-0.989494323730469
186,"1246",0.419411033391953
186,"1247",-0.990733504295349
186,"1248",-1
186,"1249",-0.86487478017807
186,"1250",0.91161048412323
186,"1251",-0.976029098033905
186,"1252",0.704624056816101
186,"1253",-0.990733504295349
186,"1254",-0.990733504295349
186,"1255",-0.194029182195663
186,"1256",0.704602301120758
186,"1257",-0.823170185089111
186,"1258",-0.183662071824074
186,"1259",-0.191567212343216
186,"1260",0.442047387361526
186,"1261",-0.82095742225647
186,"1262",-0.990733504295349
186,"1263",-0.987765610218048
186,"1264",0.158546879887581
187,"803",0.302641481161118
187,"815",-0.871451735496521
187,"843",-0.88054370880127
187,"872",0.197513774037361
187,"915",-0.905631124973297
187,"986",0.239869028329849
187,"1009",-0.862405598163605
187,"1012",0.989359736442566
187,"1013",0.189969271421432
187,"1015",0.733801484107971
187,"1017",-0.983907639980316
187,"1021",-0.745701253414154
187,"1025",-0.985673427581787
187,"1028",-0.716456890106201
187,"1038",0.531827807426453
187,"1039",0.161310240626335
187,"1044",0.483630657196045
187,"1054",-0.710130095481873
187,"1056",0.589938104152679
187,"1059",-0.784080505371094
187,"1060",-0.744134485721588
187,"1061",0.310321718454361
187,"1062",-0.66303426027298
187,"1065",-0.821251690387726
187,"1073",0.727311968803406
187,"1074",0.824502885341644
187,"1075",-0.796269655227661
187,"1077",0.292146593332291
187,"1082",-1
187,"1086",0.692789912223816
187,"1087",0.693758010864258
187,"1099",0.334220886230469
187,"1100",-0.999591529369354
187,"1102",-0.700055062770844
187,"1104",-0.992214739322662
187,"1105",0.276417762041092
187,"1108",-0.741760432720184
187,"1110",0.220962941646576
187,"1114",0.657167017459869
187,"1116",0.178666576743126
187,"1117",0.916071712970734
187,"1119",-0.72831803560257
187,"1122",0.979739665985107
187,"1127",0.7110396027565
187,"1128",0.935452282428741
187,"1131",-0.749797224998474
187,"1132",-0.713292241096497
187,"1133",-0.990853786468506
187,"1140",-0.841833770275116
187,"1141",0.265273183584213
187,"1142",0.489659339189529
187,"1143",-0.764115273952484
187,"1146",-0.947019338607788
187,"1148",0.617138266563416
187,"1150",-0.999719798564911
187,"1152",-0.871740400791168
187,"1153",0.73295670747757
187,"1157",-0.734940767288208
187,"1159",0.912933826446533
187,"1165",-0.999719798564911
187,"1166",-0.625956594944
187,"1170",-0.993266403675079
187,"1171",0.723803997039795
187,"1172",-0.969958066940308
187,"1173",0.989359736442566
187,"1174",-0.825227677822113
187,"1175",0.188867211341858
187,"1176",-0.773891866207123
187,"1177",0.722827732563019
187,"1178",0.245221674442291
187,"1180",0.67142242193222
187,"1181",0.541823744773865
187,"1182",0.210509926080704
187,"1183",-0.780112445354462
187,"1184",0.647546291351318
187,"1186",0.704865992069244
187,"1187",-0.991167187690735
187,"1188",0.91561758518219
187,"1189",0.762041091918945
187,"1190",-0.999719798564911
187,"1191",-0.999495387077332
187,"1192",-0.139540821313858
187,"1193",-0.115321666002274
187,"1194",-0.999719798564911
187,"1195",0.259834080934525
187,"1196",0.208145767450333
187,"1197",-0.695513308048248
187,"1198",-0.999719798564911
187,"1199",-0.842945337295532
187,"1200",-0.38094487786293
187,"1201",-0.109083607792854
187,"1202",-0.853080987930298
187,"1203",-0.990886151790619
187,"1204",0.511717975139618
187,"1205",0.376627624034882
187,"1206",0.528387010097504
187,"1207",0.661861598491669
187,"1208",0.204365223646164
187,"1209",0.714461445808411
187,"1210",0.923148334026337
187,"1211",1
187,"1212",-1
187,"1213",0.91561758518219
187,"1214",-0.869186282157898
187,"1215",-1
187,"1216",-0.999719798564911
187,"1217",-1
187,"1218",-0.996818900108337
187,"1219",-0.773876309394836
187,"1220",-0.999355971813202
187,"1221",-1
187,"1222",0.713779449462891
187,"1223",-1
187,"1224",0.215794712305069
187,"1225",-0.99969208240509
187,"1226",0.288903504610062
187,"1227",-0.742728412151337
187,"1228",-1
187,"1229",0.212517634034157
187,"1230",-0.128595262765884
187,"1231",-0.733144402503967
187,"1232",-0.990978419780731
187,"1233",-0.838034570217133
187,"1234",-0.877602815628052
187,"1235",-0.37432324886322
187,"1236",-0.0245895385742188
187,"1237",-0.814755082130432
187,"1238",0.243574365973473
187,"1239",0.148307263851166
187,"1240",-0.145232811570168
187,"1241",0.344291746616364
187,"1242",-0.7739018201828
187,"1243",0.139366164803505
187,"1244",-0.956042230129242
187,"1245",-0.999555349349976
187,"1246",0.553444802761078
187,"1247",-0.999719798564911
187,"1248",-1
187,"1249",-0.825314700603485
187,"1250",0.924711942672729
187,"1251",-0.99083012342453
187,"1252",0.724952399730682
187,"1253",-0.999719798564911
187,"1254",-0.999719798564911
187,"1255",0.0702729150652885
187,"1256",0.723921835422516
187,"1257",-0.770003974437714
187,"1258",-0.0532637871801853
187,"1259",-0.260183364152908
187,"1260",0.513656139373779
187,"1261",-0.837909936904907
187,"1262",-0.999719798564911
187,"1263",-0.985647678375244
187,"1264",0.306828200817108
188,"803",0.346418827772141
188,"815",-0.694111943244934
188,"843",-0.689519464969635
188,"872",0.356463640928268
188,"915",-0.781697630882263
188,"986",0.474092245101929
188,"1009",-0.69992059469223
188,"1012",0.990663528442383
188,"1013",0.401875048875809
188,"1015",0.81475704908371
188,"1017",-0.719825983047485
188,"1021",-0.756784975528717
188,"1025",-0.704725503921509
188,"1028",-0.61336076259613
188,"1038",0.695393681526184
188,"1039",0.242587745189667
188,"1044",0.673961460590363
188,"1054",-0.610737383365631
188,"1056",0.830964207649231
188,"1059",-0.781683087348938
188,"1060",-0.709071338176727
188,"1061",0.576368272304535
188,"1062",-0.585306644439697
188,"1065",-0.768037438392639
188,"1073",0.818206369876862
188,"1074",0.819779753684998
188,"1075",-0.862810969352722
188,"1077",0.592744708061218
188,"1082",-0.965723872184753
188,"1086",0.784887671470642
188,"1087",0.82630318403244
188,"1099",0.656015455722809
188,"1100",-0.725794732570648
188,"1102",-0.615863382816315
188,"1104",-0.717792153358459
188,"1105",0.414292097091675
188,"1108",-0.623275339603424
188,"1110",0.511329412460327
188,"1114",0.751566588878632
188,"1116",0.334976226091385
188,"1117",0.919863104820251
188,"1119",-0.605722427368164
188,"1122",0.972984910011292
188,"1127",0.83874648809433
188,"1128",0.899652540683746
188,"1131",-0.611609399318695
188,"1132",-0.714368522167206
188,"1133",-0.723264753818512
188,"1140",-0.976971685886383
188,"1141",0.49833345413208
188,"1142",0.68712854385376
188,"1143",-0.6644047498703
188,"1146",-0.720308482646942
188,"1148",0.717147648334503
188,"1150",-0.727349996566772
188,"1152",-0.912527680397034
188,"1153",0.824715733528137
188,"1157",-0.612098038196564
188,"1159",0.922823786735535
188,"1165",-0.727349996566772
188,"1166",-0.487176030874252
188,"1170",-0.724199235439301
188,"1171",0.851359605789185
188,"1172",-0.71820068359375
188,"1173",0.990663528442383
188,"1174",-0.675162553787231
188,"1175",0.521485030651093
188,"1176",-0.621699571609497
188,"1177",0.846023797988892
188,"1178",0.521880030632019
188,"1180",0.800531327724457
188,"1181",0.80158656835556
188,"1182",0.420119494199753
188,"1183",-0.638211667537689
188,"1184",0.793528735637665
188,"1186",0.812857270240784
188,"1187",-0.723257601261139
188,"1188",0.931521713733673
188,"1189",0.852771043777466
188,"1190",-0.727349996566772
188,"1191",-0.725847125053406
188,"1192",-0.00424887798726559
188,"1193",-0.0132857644930482
188,"1194",-0.727349996566772
188,"1195",0.507948398590088
188,"1196",0.314912050962448
188,"1197",-0.601378083229065
188,"1198",-0.725799143314362
188,"1199",-0.754060328006744
188,"1200",-0.421301811933517
188,"1201",-0.00162588618695736
188,"1202",-0.937012910842896
188,"1203",-0.723257601261139
188,"1204",0.694342195987701
188,"1205",0.647070348262787
188,"1206",0.710181415081024
188,"1207",0.755615234375
188,"1208",0.35890805721283
188,"1209",0.808696746826172
188,"1210",0.938616394996643
188,"1211",1
188,"1212",-1
188,"1213",0.931521713733673
188,"1214",-0.976886034011841
188,"1215",-0.984867751598358
188,"1216",-0.725804090499878
188,"1217",-0.99601811170578
188,"1218",-0.727349996566772
188,"1219",-0.646298229694366
188,"1220",-0.727352023124695
188,"1221",-0.727346181869507
188,"1222",0.739851653575897
188,"1223",-1
188,"1224",0.383176416158676
188,"1225",-0.726897060871124
188,"1226",0.536408007144928
188,"1227",-0.750524461269379
188,"1228",-0.999806880950928
188,"1229",0.357776790857315
188,"1230",-0.0174534618854523
188,"1231",-0.611308991909027
188,"1232",-0.723265647888184
188,"1233",-0.825337707996368
188,"1234",-0.810039877891541
188,"1235",-0.295897156000137
188,"1236",0.0907484516501427
188,"1237",-0.67597895860672
188,"1238",0.422018110752106
188,"1239",0.256087809801102
188,"1240",-0.0333167873322964
188,"1241",0.459212481975555
188,"1242",-0.794590353965759
188,"1243",0.234939396381378
188,"1244",-0.698867440223694
188,"1245",-0.726966798305511
188,"1246",0.760906636714935
188,"1247",-0.727349996566772
188,"1248",-1
188,"1249",-0.856183886528015
188,"1250",0.923640310764313
188,"1251",-0.719419896602631
188,"1252",0.845454394817352
188,"1253",-0.727349996566772
188,"1254",-0.727349996566772
188,"1255",0.169018417596817
188,"1256",0.836151003837585
188,"1257",-0.625280678272247
188,"1258",0.0336146242916584
188,"1259",-0.152409330010414
188,"1260",0.714333891868591
188,"1261",-0.748184680938721
188,"1262",-0.725799202919006
188,"1263",-0.72235631942749
188,"1264",0.580980181694031
189,"803",0.173434987664223
189,"815",-0.495161026716232
189,"843",-0.401135355234146
189,"872",0.344353318214417
189,"915",-0.418184369802475
189,"986",0.502564191818237
189,"1009",-0.481676518917084
189,"1012",0.917903125286102
189,"1013",0.461036711931229
189,"1015",1
189,"1017",-0.985001087188721
189,"1021",-0.318604916334152
189,"1025",-1
189,"1028",-0.311860412359238
189,"1038",0.630135416984558
189,"1039",0.021896181628108
189,"1044",0.635358691215515
189,"1054",-0.361818760633469
189,"1056",0.688565731048584
189,"1059",-0.301433533430099
189,"1060",-0.345719158649445
189,"1061",0.504916429519653
189,"1062",-0.342833578586578
189,"1065",-0.462727218866348
189,"1073",0.906463861465454
189,"1074",0.863340198993683
189,"1075",-0.367199450731277
189,"1077",0.547584414482117
189,"1082",-0.519444823265076
189,"1086",0.884860098361969
189,"1087",0.867751121520996
189,"1099",0.539822995662689
189,"1100",-0.991450905799866
189,"1102",-0.37970632314682
189,"1104",-0.924943804740906
189,"1105",0.368883222341537
189,"1108",-0.359769761562347
189,"1110",0.490354806184769
189,"1114",0.679112017154694
189,"1116",0.234228655695915
189,"1117",0.868422150611877
189,"1119",-0.375617653131485
189,"1122",0.918091595172882
189,"1127",0.828610837459564
189,"1128",0.856985509395599
189,"1131",-0.320973128080368
189,"1132",-0.3155397772789
189,"1133",-0.985443651676178
189,"1140",-0.486211508512497
189,"1141",0.504085540771484
189,"1142",0.65170830488205
189,"1143",-0.357035458087921
189,"1146",-1
189,"1148",NA
189,"1150",-0.991234064102173
189,"1152",-0.546732544898987
189,"1153",0.923016011714935
189,"1157",-0.270869463682175
189,"1159",0.895469903945923
189,"1165",-0.991922616958618
189,"1166",-0.244982838630676
189,"1170",-0.991234064102173
189,"1171",0.868182778358459
189,"1172",-0.985458433628082
189,"1173",0.917903125286102
189,"1174",-0.439326524734497
189,"1175",0.504083156585693
189,"1176",-0.416862159967422
189,"1177",0.989307045936584
189,"1178",0.544351756572723
189,"1180",0.794573128223419
189,"1181",0.754225075244904
189,"1182",0.452800929546356
189,"1183",-0.368193179368973
189,"1184",0.740053772926331
189,"1186",0.811220109462738
189,"1187",-0.985001087188721
189,"1188",0.917903125286102
189,"1189",0.933129191398621
189,"1190",-0.991450905799866
189,"1191",-1
189,"1192",0.155643090605736
189,"1193",0.0295990854501724
189,"1194",-0.991450905799866
189,"1195",0.394345998764038
189,"1196",0.262285619974136
189,"1197",-0.362774819135666
189,"1198",-0.991450905799866
189,"1199",-0.479560345411301
189,"1200",-0.237088143825531
189,"1201",0.0252266954630613
189,"1202",-0.479770720005035
189,"1203",-0.985886216163635
189,"1204",0.679567635059357
189,"1205",0.499859482049942
189,"1206",0.709503889083862
189,"1207",0.693562150001526
189,"1208",0.330343306064606
189,"1209",0.888225555419922
189,"1210",0.918090999126434
189,"1211",0.917970538139343
189,"1212",-0.468003273010254
189,"1213",0.917903125286102
189,"1214",-0.507143139839172
189,"1215",-0.463870495557785
189,"1216",-1
189,"1217",-0.466839134693146
189,"1218",-0.990306615829468
189,"1219",-0.340372115373611
189,"1220",-0.990963816642761
189,"1221",-0.991450905799866
189,"1222",0.77189177274704
189,"1223",-0.456402599811554
189,"1224",0.341138333082199
189,"1225",-0.995481789112091
189,"1226",0.459729760885239
189,"1227",-0.325970709323883
189,"1228",-0.483913332223892
189,"1229",0.329897373914719
189,"1230",0.0347115062177181
189,"1231",-0.347698360681534
189,"1232",-0.985001087188721
189,"1233",-0.469931185245514
189,"1234",-0.467258304357529
189,"1235",-0.105174593627453
189,"1236",0.0263488814234734
189,"1237",-0.446150124073029
189,"1238",0.347641974687576
189,"1239",0.0487427264451981
189,"1240",0.0387563221156597
189,"1241",0.447559654712677
189,"1242",-0.341665476560593
189,"1243",0.0299343056976795
189,"1244",-0.920835614204407
189,"1245",-0.995451807975769
189,"1246",0.70403254032135
189,"1247",-0.991450905799866
189,"1248",-0.990909934043884
189,"1249",-0.460193783044815
189,"1250",0.896722197532654
189,"1251",-0.896181523799896
189,"1252",0.865741848945618
189,"1253",-0.991450905799866
189,"1254",-0.991450905799866
189,"1255",0.0140457507222891
189,"1256",0.865637004375458
189,"1257",-0.417358845472336
189,"1258",0.0295991748571396
189,"1259",0.00493448367342353
189,"1260",0.763050973415375
189,"1261",-0.43973496556282
189,"1262",-0.991450905799866
189,"1263",-0.985443651676178
189,"1264",0.518944501876831
190,"803",0.192574679851532
190,"815",-0.68706738948822
190,"843",-0.720869183540344
190,"872",0.20455139875412
190,"915",-0.75117164850235
190,"986",0.290536671876907
190,"1009",-0.694579541683197
190,"1012",0.88726133108139
190,"1013",0.269579112529755
190,"1015",0.898707628250122
190,"1017",-0.719640791416168
190,"1021",-0.806635499000549
190,"1025",-0.715173959732056
190,"1028",-0.646234154701233
190,"1038",0.560767352581024
190,"1039",0.0488800890743732
190,"1044",0.567335367202759
190,"1054",-0.650393664836884
190,"1056",0.68785548210144
190,"1059",-0.802756905555725
190,"1060",-0.731116116046906
190,"1061",0.276139736175537
190,"1062",-0.582920253276825
190,"1065",-0.765856683254242
190,"1073",0.93446546792984
190,"1074",0.891275227069855
190,"1075",-0.88385534286499
190,"1077",0.357280761003494
190,"1082",-0.97027462720871
190,"1086",0.864965736865997
190,"1087",0.706421256065369
190,"1099",0.368602633476257
190,"1100",-0.737098455429077
190,"1102",-0.60270494222641
190,"1104",-0.730783522129059
190,"1105",0.335264027118683
190,"1108",-0.65068119764328
190,"1110",0.247743532061577
190,"1114",0.670436441898346
190,"1116",0.250934720039368
190,"1117",0.872395575046539
190,"1119",-0.663030505180359
190,"1122",0.887255668640137
190,"1127",0.708031952381134
190,"1128",0.866158246994019
190,"1131",-0.640832543373108
190,"1132",-0.759331226348877
190,"1133",-0.734726965427399
190,"1140",-0.891958355903625
190,"1141",0.290461152791977
190,"1142",0.650457203388214
190,"1143",-0.662977635860443
190,"1146",-0.693140685558319
190,"1148",NA
190,"1150",-0.738885283470154
190,"1152",-0.972146987915039
190,"1153",1
190,"1157",-0.64485502243042
190,"1159",0.868889629840851
190,"1165",-0.738885223865509
190,"1166",-0.554341316223145
190,"1170",-0.724745392799377
190,"1171",0.706580936908722
190,"1172",-0.70434033870697
190,"1173",0.88726133108139
190,"1174",-0.70106053352356
190,"1175",0.226211920380592
190,"1176",-0.664310991764069
190,"1177",0.787157654762268
190,"1178",0.262841880321503
190,"1180",0.886361837387085
190,"1181",0.709973037242889
190,"1182",0.280807584524155
190,"1183",-0.657455563545227
190,"1184",0.700766026973724
190,"1186",0.706477344036102
190,"1187",-0.734770953655243
190,"1188",0.88726133108139
190,"1189",0.927258372306824
190,"1190",-0.738885283470154
190,"1191",-0.737035810947418
190,"1192",0.0352275855839252
190,"1193",0.0167713761329651
190,"1194",-0.738885283470154
190,"1195",0.182430937886238
190,"1196",0.140771701931953
190,"1197",-0.663112938404083
190,"1198",-0.737099587917328
190,"1199",-0.728220760822296
190,"1200",-0.261298447847366
190,"1201",0.0423711650073528
190,"1202",-0.88672810792923
190,"1203",-0.734770953655243
190,"1204",0.678715527057648
190,"1205",0.40127557516098
190,"1206",0.708106279373169
190,"1207",0.754481256008148
190,"1208",0.189386159181595
190,"1209",0.710226953029633
190,"1210",0.886930882930756
190,"1211",0.924255788326263
190,"1212",-0.973541259765625
190,"1213",0.88726133108139
190,"1214",-0.89659458398819
190,"1215",-0.983833134174347
190,"1216",-0.737099587917328
190,"1217",-1
190,"1218",-0.734292089939117
190,"1219",-0.684618532657623
190,"1220",-0.73744934797287
190,"1221",-0.738885283470154
190,"1222",0.713062226772308
190,"1223",-1
190,"1224",0.225705608725548
190,"1225",-0.738366544246674
190,"1226",0.251419126987457
190,"1227",-0.776516735553741
190,"1228",-0.994485020637512
190,"1229",0.212431117892265
190,"1230",0.031806156039238
190,"1231",-0.673238575458527
190,"1232",-0.73477041721344
190,"1233",-0.809440612792969
190,"1234",-0.762872576713562
190,"1235",-0.154692396521568
190,"1236",0.010051341727376
190,"1237",-0.681830883026123
190,"1238",0.325419694185257
190,"1239",0.0575555451214314
190,"1240",-0.00761216040700674
190,"1241",0.432404279708862
190,"1242",-0.834815382957458
190,"1243",0.0485876724123955
190,"1244",-0.731158256530762
190,"1245",-0.738312661647797
190,"1246",0.700986385345459
190,"1247",-0.738885283470154
190,"1248",-1
190,"1249",-0.825639307498932
190,"1250",0.884468376636505
190,"1251",-0.734703600406647
190,"1252",0.708165943622589
190,"1253",-0.738885283470154
190,"1254",-0.738885283470154
190,"1255",0.017251830548048
190,"1256",0.707845985889435
190,"1257",-0.654562294483185
190,"1258",-0.00873658433556557
190,"1259",0.0137896705418825
190,"1260",0.729854106903076
190,"1261",-0.75060647726059
190,"1262",-0.737099587917328
190,"1263",-0.721863806247711
190,"1264",0.288371115922928
191,"803",0.103328302502632
191,"815",-0.574880659580231
191,"843",-0.514147996902466
191,"872",0.238635987043381
191,"915",-0.580830633640289
191,"986",0.405343741178513
191,"1009",-0.520203232765198
191,"1012",1
191,"1013",0.350869059562683
191,"1015",0.858903527259827
191,"1017",-0.951804399490356
191,"1021",-0.422973334789276
191,"1025",-1
191,"1028",-0.427520632743835
191,"1038",0.578694820404053
191,"1039",0.0604708753526211
191,"1044",0.489535838365555
191,"1054",-0.465686053037643
191,"1056",0.6767817735672
191,"1059",-0.427818924188614
191,"1060",-0.452606201171875
191,"1061",0.36941784620285
191,"1062",-0.4124576151371
191,"1065",-0.488773345947266
191,"1073",0.942757964134216
191,"1074",0.940618932247162
191,"1075",-0.468679368495941
191,"1077",0.36355197429657
191,"1082",-0.645171999931335
191,"1086",0.813667893409729
191,"1087",0.785115361213684
191,"1099",0.371918678283691
191,"1100",-0.980203092098236
191,"1102",-0.410108387470245
191,"1104",-0.951606452465057
191,"1105",0.23046800494194
191,"1108",-0.430389136075974
191,"1110",0.350674539804459
191,"1114",0.799904942512512
191,"1116",0.182998523116112
191,"1117",0.996874511241913
191,"1119",-0.46245002746582
191,"1122",1
191,"1127",0.82332706451416
191,"1128",0.95551061630249
191,"1131",-0.433077305555344
191,"1132",-0.431314080953598
191,"1133",-0.951804399490356
191,"1140",-0.491119861602783
191,"1141",0.399025499820709
191,"1142",0.588829338550568
191,"1143",-0.466349869966507
191,"1146",-1
191,"1148",NA
191,"1150",-0.980408906936646
191,"1152",-0.656889379024506
191,"1153",0.852429986000061
191,"1157",-0.434423595666885
191,"1159",0.989388346672058
191,"1165",-0.980354428291321
191,"1166",-0.337996870279312
191,"1170",-0.980354428291321
191,"1171",0.823386132717133
191,"1172",-0.956007838249207
191,"1173",1
191,"1174",-0.489118427038193
191,"1175",0.363248974084854
191,"1176",-0.426538050174713
191,"1177",0.812537372112274
191,"1178",0.365374833345413
191,"1180",0.810313284397125
191,"1181",0.607056677341461
191,"1182",0.370396018028259
191,"1183",-0.513874351978302
191,"1184",0.811199307441711
191,"1186",0.823392629623413
191,"1187",-0.952550888061523
191,"1188",1
191,"1189",0.87585037946701
191,"1190",-0.980442821979523
191,"1191",-1
191,"1192",0.0726737305521965
191,"1193",0.0242943242192268
191,"1194",-0.980442821979523
191,"1195",0.272722840309143
191,"1196",0.147721230983734
191,"1197",-0.433340340852737
191,"1198",-0.978842258453369
191,"1199",-0.502606153488159
191,"1200",-0.326410293579102
191,"1201",0.029944084584713
191,"1202",-0.516668915748596
191,"1203",-0.952666580677032
191,"1204",0.605501711368561
191,"1205",0.434802442789078
191,"1206",0.606043457984924
191,"1207",0.828835606575012
191,"1208",0.219354182481766
191,"1209",0.855634450912476
191,"1210",0.999970078468323
191,"1211",1
191,"1212",-0.685449719429016
191,"1213",1
191,"1214",-0.522660732269287
191,"1215",-0.694980800151825
191,"1216",-0.978842258453369
191,"1217",-0.799264550209045
191,"1218",-0.980442821979523
191,"1219",-0.480490833520889
191,"1220",-0.980442821979523
191,"1221",-0.980469524860382
191,"1222",0.907635927200317
191,"1223",-0.687031507492065
191,"1224",0.226916193962097
191,"1225",-0.978886663913727
191,"1226",0.343108415603638
191,"1227",-0.422445088624954
191,"1228",-0.70736163854599
191,"1229",0.223017528653145
191,"1230",0.0284217391163111
191,"1231",-0.454474419355392
191,"1232",-0.952552199363708
191,"1233",-0.507817685604095
191,"1234",-0.603773772716522
191,"1235",-0.140489995479584
191,"1236",0.0239594858139753
191,"1237",-0.48786997795105
191,"1238",0.222361668944359
191,"1239",0.0512754991650581
191,"1240",0.0279249586164951
191,"1241",0.296439290046692
191,"1242",-0.461004167795181
191,"1243",0.0447307899594307
191,"1244",-0.944831073284149
191,"1245",-0.979362368583679
191,"1246",0.604246735572815
191,"1247",-0.980333864688873
191,"1248",-0.980060815811157
191,"1249",-0.487611919641495
191,"1250",0.981404781341553
191,"1251",-0.952541828155518
191,"1252",0.823391735553741
191,"1253",-0.980469524860382
191,"1254",-0.980353355407715
191,"1255",0.00892817229032516
191,"1256",0.823280513286591
191,"1257",-0.479131937026978
191,"1258",0.000788618926890194
191,"1259",0.00257259933277965
191,"1260",0.612089812755585
191,"1261",-0.509065091609955
191,"1262",-0.98006945848465
191,"1263",-0.965154945850372
191,"1264",0.380008101463318
192,"803",0.39876914024353
192,"815",-0.650125801563263
192,"843",-0.432245314121246
192,"872",0.348335206508636
192,"915",-0.600050687789917
192,"986",0.456213176250458
192,"1009",-0.615082204341888
192,"1012",1
192,"1013",0.392412513494492
192,"1015",0.762204229831696
192,"1017",-0.956612408161163
192,"1021",-0.396637976169586
192,"1025",-0.98831033706665
192,"1028",-0.393783092498779
192,"1038",0.60100257396698
192,"1039",0.376027524471283
192,"1044",0.584389984607697
192,"1054",-0.397491037845612
192,"1056",0.673773407936096
192,"1059",-0.401700109243393
192,"1060",-0.425370365381241
192,"1061",0.564781129360199
192,"1062",-0.411041557788849
192,"1065",-0.576603949069977
192,"1073",0.730948090553284
192,"1074",0.855229139328003
192,"1075",-0.411958456039429
192,"1077",0.528774678707123
192,"1082",-0.582251369953156
192,"1086",0.721881091594696
192,"1087",0.715924322605133
192,"1099",0.578845500946045
192,"1100",-0.974475741386414
192,"1102",-0.346792608499527
192,"1104",-0.916392385959625
192,"1105",0.402615606784821
192,"1108",-0.423610895872116
192,"1110",0.484570860862732
192,"1114",0.69126945734024
192,"1116",0.364251255989075
192,"1117",0.924851834774017
192,"1119",-0.397543489933014
192,"1122",0.99226850271225
192,"1127",0.755893409252167
192,"1128",0.914705693721771
192,"1131",-0.390635281801224
192,"1132",-0.387729436159134
192,"1133",-0.955093681812286
192,"1140",-0.59500128030777
192,"1141",0.478326439857483
192,"1142",0.592861652374268
192,"1143",-0.57783031463623
192,"1146",-0.969530463218689
192,"1148",0.685199618339539
192,"1150",-0.974527895450592
192,"1152",-0.447395771741867
192,"1153",0.740995407104492
192,"1157",-0.519096195697784
192,"1159",0.926507890224457
192,"1165",-0.974535882472992
192,"1166",-0.296433001756668
192,"1170",-0.974476397037506
192,"1171",0.760290503501892
192,"1172",-0.967346429824829
192,"1173",1
192,"1174",-0.601083815097809
192,"1175",0.492355614900589
192,"1176",-0.555935084819794
192,"1177",0.77984744310379
192,"1178",0.499596416950226
192,"1180",0.727829456329346
192,"1181",0.643074154853821
192,"1182",0.418866038322449
192,"1183",-0.59279865026474
192,"1184",0.732746124267578
192,"1186",0.74687397480011
192,"1187",-0.955068469047546
192,"1188",0.928628027439117
192,"1189",0.768608689308167
192,"1190",-0.974545836448669
192,"1191",-0.979408085346222
192,"1192",0.0952140912413597
192,"1193",0.106587842106819
192,"1194",-0.974535882472992
192,"1195",0.512087464332581
192,"1196",0.360958188772202
192,"1197",-0.40935018658638
192,"1198",-0.97431093454361
192,"1199",-0.584010243415833
192,"1200",-0.182487994432449
192,"1201",0.106913924217224
192,"1202",-0.583504915237427
192,"1203",-0.955068469047546
192,"1204",0.620495617389679
192,"1205",0.594188630580902
192,"1206",0.629312217235565
192,"1207",0.723154246807098
192,"1208",0.384335458278656
192,"1209",0.756341338157654
192,"1210",0.939135253429413
192,"1211",0.999191045761108
192,"1212",-0.59219890832901
192,"1213",0.928628027439117
192,"1214",-0.597744464874268
192,"1215",-0.583852529525757
192,"1216",-0.979033529758453
192,"1217",-0.594582200050354
192,"1218",-0.974292516708374
192,"1219",-0.41404327750206
192,"1220",-0.974547803401947
192,"1221",-1
192,"1222",0.774483442306519
192,"1223",-0.583128809928894
192,"1224",0.389751940965652
192,"1225",-0.976177752017975
192,"1226",0.533579885959625
192,"1227",-0.391550749540329
192,"1228",-0.583852529525757
192,"1229",0.378878772258759
192,"1230",0.0949141755700111
192,"1231",-0.449393302202225
192,"1232",-0.956568360328674
192,"1233",-0.576960146427155
192,"1234",-0.635038077831268
192,"1235",-0.20516163110733
192,"1236",0.214835986495018
192,"1237",-0.519583165645599
192,"1238",0.400753766298294
192,"1239",0.374283283948898
192,"1240",0.0707043930888176
192,"1241",0.428161770105362
192,"1242",-0.419119864702225
192,"1243",0.361279428005219
192,"1244",-0.674868524074554
192,"1245",-0.974716901779175
192,"1246",0.630873262882233
192,"1247",-0.974268794059753
192,"1248",-0.973966479301453
192,"1249",-0.543048501014709
192,"1250",0.930583000183105
192,"1251",-0.904874801635742
192,"1252",0.761512815952301
192,"1253",-0.974527895450592
192,"1254",-0.974535882472992
192,"1255",0.280763804912567
192,"1256",0.759695649147034
192,"1257",-0.482027620077133
192,"1258",0.172413289546967
192,"1259",-0.050467174500227
192,"1260",0.62826669216156
192,"1261",-0.512592673301697
192,"1262",-0.974008321762085
192,"1263",-0.959767639636993
192,"1264",0.562954246997833
193,"803",0.141277685761452
193,"815",-0.786527097225189
193,"843",-0.808158338069916
193,"872",0.142729967832565
193,"915",-0.872994840145111
193,"986",0.245985493063927
193,"1009",-0.83559238910675
193,"1012",0.979962289333344
193,"1013",0.176053538918495
193,"1015",0.701784789562225
193,"1017",-0.986116528511047
193,"1021",-0.754314541816711
193,"1025",-0.983947098255157
193,"1028",-0.734347343444824
193,"1038",0.415875673294067
193,"1039",0.104225397109985
193,"1044",0.386504054069519
193,"1054",-0.723856508731842
193,"1056",0.515124022960663
193,"1059",-0.752707421779633
193,"1060",-0.733406126499176
193,"1061",0.313461095094681
193,"1062",-0.681372940540314
193,"1065",-0.807453989982605
193,"1073",0.704262673854828
193,"1074",0.800934195518494
193,"1075",-0.771134674549103
193,"1077",0.356269747018814
193,"1082",-0.860012412071228
193,"1086",0.649529218673706
193,"1087",0.698741614818573
193,"1099",0.368806660175323
193,"1100",-0.998350918292999
193,"1102",-0.650156378746033
193,"1104",-0.994856059551239
193,"1105",0.197765246033669
193,"1108",-0.770565032958984
193,"1110",0.272387117147446
193,"1114",0.642230093479156
193,"1116",0.151109576225281
193,"1117",0.919851422309875
193,"1119",-0.701678574085236
193,"1122",0.97165435552597
193,"1127",0.70279449224472
193,"1128",0.861480474472046
193,"1131",-0.763625085353851
193,"1132",-0.716556310653687
193,"1133",-0.998533248901367
193,"1140",-0.810481548309326
193,"1141",0.240797474980354
193,"1142",0.430617719888687
193,"1143",-0.779811143875122
193,"1146",-0.9755499958992
193,"1148",0.587165176868439
193,"1150",-0.99993884563446
193,"1152",-0.803984403610229
193,"1153",0.708245515823364
193,"1157",-0.732210576534271
193,"1159",0.89519727230072
193,"1165",-0.99993884563446
193,"1166",-0.598652958869934
193,"1170",-0.987366795539856
193,"1171",0.713045060634613
193,"1172",-0.979086577892303
193,"1173",0.979962289333344
193,"1174",-0.791604220867157
193,"1175",0.264794200658798
193,"1176",-0.765649735927582
193,"1177",0.716552972793579
193,"1178",0.292314678430557
193,"1180",0.639822125434875
193,"1181",0.460991352796555
193,"1182",0.203357607126236
193,"1183",-0.730370938777924
193,"1184",0.64478462934494
193,"1186",0.698455989360809
193,"1187",-0.998525977134705
193,"1188",0.906307578086853
193,"1189",0.730359733104706
193,"1190",-0.99993884563446
193,"1191",-0.998170733451843
193,"1192",-0.0724723860621452
193,"1193",-0.0697674825787544
193,"1194",-0.99993884563446
193,"1195",0.302684813737869
193,"1196",0.0960517376661301
193,"1197",-0.736486375331879
193,"1198",-0.998170733451843
193,"1199",-0.743111491203308
193,"1200",-0.459318846464157
193,"1201",-0.0604731515049934
193,"1202",-0.804321050643921
193,"1203",-0.998525977134705
193,"1204",0.435906410217285
193,"1205",0.392123192548752
193,"1206",0.456983476877213
193,"1207",0.635447204113007
193,"1208",0.153024092316628
193,"1209",0.691929936408997
193,"1210",0.914181351661682
193,"1211",1
193,"1212",-0.92964780330658
193,"1213",0.906307220458984
193,"1214",-0.809880077838898
193,"1215",-0.935255706310272
193,"1216",-0.998170733451843
193,"1217",-1
193,"1218",-0.99993884563446
193,"1219",-0.800814628601074
193,"1220",-0.99993884563446
193,"1221",-1
193,"1222",0.745655655860901
193,"1223",-0.966426491737366
193,"1224",0.166846662759781
193,"1225",-0.99931812286377
193,"1226",0.292653232812881
193,"1227",-0.706245720386505
193,"1228",-0.935255706310272
193,"1229",0.153908953070641
193,"1230",-0.0715912058949471
193,"1231",-0.750799834728241
193,"1232",-0.998683750629425
193,"1233",-0.790712237358093
193,"1234",-0.806022644042969
193,"1235",-0.386443167924881
193,"1236",0.00327677093446255
193,"1237",-0.834161341190338
193,"1238",0.195300191640854
193,"1239",0.121813103556633
193,"1240",-0.0968654751777649
193,"1241",0.246758535504341
193,"1242",-0.757000803947449
193,"1243",0.105698384344578
193,"1244",-0.955236554145813
193,"1245",-0.999384939670563
193,"1246",0.439958959817886
193,"1247",-0.99993884563446
193,"1248",-1
193,"1249",-0.794227719306946
193,"1250",0.900771260261536
193,"1251",-0.995562255382538
193,"1252",0.713066637516022
193,"1253",-0.99993884563446
193,"1254",-0.99993884563446
193,"1255",0.041550450026989
193,"1256",0.712306201457977
193,"1257",-0.746530294418335
193,"1258",-0.026895584538579
193,"1259",-0.175972864031792
193,"1260",0.454423308372498
193,"1261",-0.860514402389526
193,"1262",-0.998170733451843
193,"1263",-0.987366795539856
193,"1264",0.325583308935165
194,"803",0.27311098575592
194,"815",-0.70580118894577
194,"843",-0.713464319705963
194,"872",0.267581284046173
194,"915",-0.817120254039764
194,"986",0.399280607700348
194,"1009",-0.719291210174561
194,"1012",0.978222072124481
194,"1013",0.332822382450104
194,"1015",0.764279723167419
194,"1017",-0.741164982318878
194,"1021",-0.832817316055298
194,"1025",-0.738664865493774
194,"1028",-0.653975129127502
194,"1038",0.584017038345337
194,"1039",0.235664308071136
194,"1044",0.556742787361145
194,"1054",-0.63633531332016
194,"1056",0.715946793556213
194,"1059",-0.81137603521347
194,"1060",-0.741721451282501
194,"1061",0.473935216665268
194,"1062",-0.601788401603699
194,"1065",-0.774108827114105
194,"1073",0.783721327781677
194,"1074",0.785851657390594
194,"1075",-0.896823227405548
194,"1077",0.514764070510864
194,"1082",-1
194,"1086",0.745180785655975
194,"1087",0.756092548370361
194,"1099",0.582807421684265
194,"1100",-0.751229405403137
194,"1102",-0.624703884124756
194,"1104",-0.746333837509155
194,"1105",0.326093345880508
194,"1108",-0.661096096038818
194,"1110",0.429780215024948
194,"1114",0.647598445415497
194,"1116",0.278790563344955
194,"1117",0.909943521022797
194,"1119",-0.647873044013977
194,"1122",0.965320110321045
194,"1127",0.769404649734497
194,"1128",0.854432821273804
194,"1131",-0.657426476478577
194,"1132",-0.768631219863892
194,"1133",-0.748169600963593
194,"1140",-0.94195944070816
194,"1141",0.394921123981476
194,"1142",0.620344817638397
194,"1143",-0.686702370643616
194,"1146",-0.730880320072174
194,"1148",0.660432100296021
194,"1150",-0.751910805702209
194,"1152",-0.91426807641983
194,"1153",0.768540382385254
194,"1157",-0.668612122535706
194,"1159",0.898131728172302
194,"1165",-0.7519690990448
194,"1166",-0.552015662193298
194,"1170",-0.745275795459747
194,"1171",0.775908648967743
194,"1172",-0.724313318729401
194,"1173",0.97821718454361
194,"1174",-0.711428642272949
194,"1175",0.413772165775299
194,"1176",-0.672824859619141
194,"1177",0.799199104309082
194,"1178",0.441895931959152
194,"1180",0.760023057460785
194,"1181",0.705633401870728
194,"1182",0.349939376115799
194,"1183",-0.686863362789154
194,"1184",0.715950727462769
194,"1186",0.744112372398376
194,"1187",-0.748283088207245
194,"1188",0.913786232471466
194,"1189",0.802453517913818
194,"1190",-0.751910805702209
194,"1191",-0.751355648040771
194,"1192",0.0259657222777605
194,"1193",0.0358075983822346
194,"1194",-0.751910805702209
194,"1195",0.430653244256973
194,"1196",0.232070773839951
194,"1197",-0.636165261268616
194,"1198",-0.751287639141083
194,"1199",-0.814005196094513
194,"1200",-0.389297157526016
194,"1201",0.0317522399127483
194,"1202",-0.939813256263733
194,"1203",-0.748283088207245
194,"1204",0.628548681735992
194,"1205",0.620677888393402
194,"1206",0.642449259757996
194,"1207",0.66304486989975
194,"1208",0.291675448417664
194,"1209",0.74755322933197
194,"1210",0.920808494091034
194,"1211",1
194,"1212",-1
194,"1213",0.913786232471466
194,"1214",-0.946765542030334
194,"1215",-0.990326106548309
194,"1216",-0.7513028383255
194,"1217",-1
194,"1218",-0.748449206352234
194,"1219",-0.685605406761169
194,"1220",-0.750596582889557
194,"1221",-0.751974940299988
194,"1222",0.713262736797333
194,"1223",-1
194,"1224",0.304078102111816
194,"1225",-0.751829206943512
194,"1226",0.455524682998657
194,"1227",-0.811067819595337
194,"1228",-0.996986746788025
194,"1229",0.291205257177353
194,"1230",0.0292221251875162
194,"1231",-0.655112385749817
194,"1232",-0.748210549354553
194,"1233",-0.853628218173981
194,"1234",-0.837464213371277
194,"1235",-0.290796101093292
194,"1236",0.124013245105743
194,"1237",-0.696058452129364
194,"1238",0.340807646512985
194,"1239",0.235943362116814
194,"1240",-0.0045185605995357
194,"1241",0.375138610601425
194,"1242",-0.839394152164459
194,"1243",0.220660135149956
194,"1244",-0.732485413551331
194,"1245",-0.751904010772705
194,"1246",0.637907028198242
194,"1247",-0.751910805702209
194,"1248",-1
194,"1249",-0.849780321121216
194,"1250",0.899053275585175
194,"1251",-0.748256027698517
194,"1252",0.771594285964966
194,"1253",-0.751910805702209
194,"1254",-0.751910805702209
194,"1255",0.158558681607246
194,"1256",0.767882168292999
194,"1257",-0.667083024978638
194,"1258",0.0854982286691666
194,"1259",-0.0882114470005035
194,"1260",0.671893656253815
194,"1261",-0.763698399066925
194,"1262",-0.751287639141083
194,"1263",-0.742021560668945
194,"1264",0.487080156803131
195,"803",0.0716100782155991
195,"815",-0.581253826618195
195,"843",-0.558596074581146
195,"872",0.245203673839569
195,"915",-0.679944396018982
195,"986",0.337514728307724
195,"1009",-0.591374218463898
195,"1012",0.949747562408447
195,"1013",0.284197479486465
195,"1015",1
195,"1017",-0.587657630443573
195,"1021",-0.764020502567291
195,"1025",-0.577660381793976
195,"1028",-0.546092450618744
195,"1038",0.665913343429565
195,"1039",0.0684149637818336
195,"1044",0.454872310161591
195,"1054",-0.554587721824646
195,"1056",0.805137932300568
195,"1059",-0.812312245368958
195,"1060",-0.692344069480896
195,"1061",0.332397192716599
195,"1062",-0.500117361545563
195,"1065",-0.671227037906647
195,"1073",0.926063537597656
195,"1074",0.973761260509491
195,"1075",-0.86799681186676
195,"1077",0.329017519950867
195,"1082",-0.995180904865265
195,"1086",0.795402526855469
195,"1087",0.879468500614166
195,"1099",0.333036214113235
195,"1100",-0.595693945884705
195,"1102",-0.549220860004425
195,"1104",-0.578325808048248
195,"1105",0.234135866165161
195,"1108",-0.550126135349274
195,"1110",0.296110063791275
195,"1114",0.699705243110657
195,"1116",0.191206783056259
195,"1117",0.924598813056946
195,"1119",-0.567824423313141
195,"1122",0.95018345117569
195,"1127",0.906744956970215
195,"1128",0.868522346019745
195,"1131",-0.517665803432465
195,"1132",-0.72262316942215
195,"1133",-0.591392993927002
195,"1140",-1
195,"1141",0.34348326921463
195,"1142",0.650605916976929
195,"1143",-0.550689935684204
195,"1146",-0.584622085094452
195,"1148",NA
195,"1150",-0.595678865909576
195,"1152",-1
195,"1153",0.822040259838104
195,"1157",-0.565696597099304
195,"1159",0.908607065677643
195,"1165",-0.595754981040955
195,"1166",-0.412002086639404
195,"1170",-0.592144131660461
195,"1171",0.897395730018616
195,"1172",-0.580413341522217
195,"1173",0.949747562408447
195,"1174",-0.582287847995758
195,"1175",0.291300266981125
195,"1176",-0.550559461116791
195,"1177",0.701401174068451
195,"1178",0.295761257410049
195,"1180",0.909195005893707
195,"1181",0.689243912696838
195,"1182",0.289538770914078
195,"1183",-0.587100625038147
195,"1184",0.896408677101135
195,"1186",0.897395730018616
195,"1187",-0.591633915901184
195,"1188",0.949747562408447
195,"1189",0.918279409408569
195,"1190",-0.595678865909576
195,"1191",-0.595716714859009
195,"1192",0.0395533218979836
195,"1193",-0.00204077363014221
195,"1194",-0.595678865909576
195,"1195",0.251522749662399
195,"1196",0.123693116009235
195,"1197",-0.537288248538971
195,"1198",-0.595678865909576
195,"1199",-0.863970518112183
195,"1200",-0.309627443552017
195,"1201",0.00173866550903767
195,"1202",-0.977646350860596
195,"1203",-0.591633915901184
195,"1204",0.678783118724823
195,"1205",0.459114640951157
195,"1206",0.717588782310486
195,"1207",0.828937828540802
195,"1208",0.193213894963264
195,"1209",0.838964939117432
195,"1210",0.950152158737183
195,"1211",0.991766214370728
195,"1212",-0.953519225120544
195,"1213",0.949747562408447
195,"1214",-1
195,"1215",-0.923442304134369
195,"1216",-0.595661163330078
195,"1217",-0.929452419281006
195,"1218",-0.590124845504761
195,"1219",-0.545818090438843
195,"1220",-0.594520628452301
195,"1221",-0.595678865909576
195,"1222",0.773824870586395
195,"1223",-0.937070250511169
195,"1224",0.221334993839264
195,"1225",-0.595422148704529
195,"1226",0.305409848690033
195,"1227",-0.800693690776825
195,"1228",-0.936036705970764
195,"1229",0.197501718997955
195,"1230",0.00424129655584693
195,"1231",-0.568814635276794
195,"1232",-0.591617107391357
195,"1233",-0.841852247714996
195,"1234",-0.767048239707947
195,"1235",-0.176182717084885
195,"1236",-0.000377050746465102
195,"1237",-0.586750149726868
195,"1238",0.260958462953568
195,"1239",0.0299817305058241
195,"1240",0.0139738991856575
195,"1241",0.324126690626144
195,"1242",-0.850184977054596
195,"1243",0.0187078416347504
195,"1244",-0.588857412338257
195,"1245",-0.595573246479034
195,"1246",0.674835920333862
195,"1247",-0.595678865909576
195,"1248",-1
195,"1249",-0.907646119594574
195,"1250",0.876628577709198
195,"1251",-0.589138329029083
195,"1252",0.907133221626282
195,"1253",-0.595678865909576
195,"1254",-0.595678865909576
195,"1255",-0.00205095950514078
195,"1256",0.906744956970215
195,"1257",-0.567966639995575
195,"1258",-0.0528933480381966
195,"1259",-0.00424049142748117
195,"1260",0.693490087985992
195,"1261",-0.671456098556519
195,"1262",-0.595678865909576
195,"1263",-0.592144131660461
195,"1264",0.337764918804169
196,"803",-0.184821978211403
196,"815",-0.711451292037964
196,"843",-0.703983306884766
196,"872",-0.0288186818361282
196,"915",-0.789399862289429
196,"986",0.0559349916875362
196,"1009",-0.718998789787292
196,"1012",0.967282116413116
196,"1013",0.00593467382714152
196,"1015",0.711686432361603
196,"1017",-0.761004984378815
196,"1021",-0.818595588207245
196,"1025",-0.749814331531525
196,"1028",-0.661340057849884
196,"1038",0.269941926002502
196,"1039",-0.216921165585518
196,"1044",0.230079159140587
196,"1054",-0.678954005241394
196,"1056",0.343975722789764
196,"1059",-0.74540913105011
196,"1060",-0.734783828258514
196,"1061",0.104049950838089
196,"1062",-0.625153720378876
196,"1065",-0.730754911899567
196,"1073",0.590732872486115
196,"1074",0.678256332874298
196,"1075",-0.852144241333008
196,"1077",0.0956599935889244
196,"1082",-0.984202742576599
196,"1086",0.504077732563019
196,"1087",0.442152380943298
196,"1099",0.17920158803463
196,"1100",-0.761004984378815
196,"1102",-0.645723640918732
196,"1104",-0.759245693683624
196,"1105",-0.0378546006977558
196,"1108",-0.657437980175018
196,"1110",0.0691214799880981
196,"1114",0.386166661977768
196,"1116",-0.0788315683603287
196,"1117",0.93977952003479
196,"1119",-0.682171940803528
196,"1122",0.967283487319946
196,"1127",0.476983070373535
196,"1128",0.720357239246368
196,"1131",-0.669889390468597
196,"1132",-0.753088653087616
196,"1133",-0.761004984378815
196,"1140",-0.870167255401611
196,"1141",0.0492523983120918
196,"1142",0.257621616125107
196,"1143",-0.686738431453705
196,"1146",-0.741859972476959
196,"1148",NA
196,"1150",-0.761004984378815
196,"1152",-1
196,"1153",0.547005772590637
196,"1157",-0.65073162317276
196,"1159",1
196,"1165",-0.760964930057526
196,"1166",-0.630854845046997
196,"1170",-0.761004984378815
196,"1171",0.475416719913483
196,"1172",-0.738525032997131
196,"1173",0.967282116413116
196,"1174",-0.689536690711975
196,"1175",0.107685565948486
196,"1176",-0.67312490940094
196,"1177",0.696554243564606
196,"1178",0.0900673121213913
196,"1180",0.484262585639954
196,"1181",0.286352545022964
196,"1182",0.0126292873173952
196,"1183",-0.710178673267365
196,"1184",0.457334786653519
196,"1186",0.468080669641495
196,"1187",-0.761004984378815
196,"1188",0.967282116413116
196,"1189",0.578234434127808
196,"1190",-0.761004984378815
196,"1191",-0.760941326618195
196,"1192",-0.204145893454552
196,"1193",-0.219010978937149
196,"1194",-0.761004984378815
196,"1195",0.0679533183574677
196,"1196",-0.1558528393507
196,"1197",-0.645357131958008
196,"1198",-0.761004984378815
196,"1199",-0.774594008922577
196,"1200",-0.58381974697113
196,"1201",-0.204506024718285
196,"1202",-0.867531478404999
196,"1203",-0.761004984378815
196,"1204",0.278087079524994
196,"1205",0.19742052257061
196,"1206",0.333179533481598
196,"1207",0.484821796417236
196,"1208",-0.0483804233372211
196,"1209",0.553828954696655
196,"1210",0.967282354831696
196,"1211",0.967284619808197
196,"1212",-0.976193010807037
196,"1213",0.967282116413116
196,"1214",-0.876171410083771
196,"1215",-0.957696676254272
196,"1216",-0.760984301567078
196,"1217",-0.997772336006165
196,"1218",-0.761004984378815
196,"1219",-0.69505500793457
196,"1220",-0.761004984378815
196,"1221",-0.761004984378815
196,"1222",0.489555478096008
196,"1223",-0.957466661930084
196,"1224",-0.0408546961843967
196,"1225",-0.760488510131836
196,"1226",0.103110730648041
196,"1227",-0.795892059803009
196,"1228",-0.968496799468994
196,"1229",-0.0429476909339428
196,"1230",-0.206967458128929
196,"1231",-0.667990803718567
196,"1232",-0.760964691638947
196,"1233",-0.771330296993256
196,"1234",-0.884019494056702
196,"1235",-0.426982223987579
196,"1236",-0.213961943984032
196,"1237",-0.707814693450928
196,"1238",-0.0347762815654278
196,"1239",-0.180085584521294
196,"1240",-0.226420849561691
196,"1241",0.0138301244005561
196,"1242",-0.795329749584198
196,"1243",-0.200069725513458
196,"1244",-0.752598404884338
196,"1245",-0.760488510131836
196,"1246",0.274376094341278
196,"1247",-0.761004984378815
196,"1248",-1
196,"1249",-0.808585643768311
196,"1250",0.896599531173706
196,"1251",-0.759847223758698
196,"1252",0.469586700201035
196,"1253",-0.761004984378815
196,"1254",-0.761004984378815
196,"1255",-0.23614789545536
196,"1256",0.469586700201035
196,"1257",-0.674780488014221
196,"1258",-0.219007387757301
196,"1259",-0.231933861970901
196,"1260",0.320341676473618
196,"1261",-0.765327095985413
196,"1262",-0.761004984378815
196,"1263",-0.761004984378815
196,"1264",0.127281203866005
197,"803",0.311645805835724
197,"815",-0.901499509811401
197,"843",-0.797973692417145
197,"872",0.216861888766289
197,"915",-0.88874477148056
197,"986",0.298747360706329
197,"1009",-0.856929957866669
197,"1012",0.98531049489975
197,"1013",0.255143821239471
197,"1015",0.712392807006836
197,"1017",-0.98366916179657
197,"1021",-0.776455819606781
197,"1025",-0.986119627952576
197,"1028",-0.731113791465759
197,"1038",0.600275635719299
197,"1039",0.245194613933563
197,"1044",0.558456063270569
197,"1054",-0.721955597400665
197,"1056",0.660732865333557
197,"1059",-0.748833239078522
197,"1060",-0.764028072357178
197,"1061",0.415876597166061
197,"1062",-0.687887609004974
197,"1065",-0.889575839042664
197,"1073",0.715265691280365
197,"1074",0.767431616783142
197,"1075",-0.77130663394928
197,"1077",0.430103838443756
197,"1082",-0.984309494495392
197,"1086",0.703733921051025
197,"1087",0.697986364364624
197,"1099",0.46909111738205
197,"1100",-0.998983502388
197,"1102",-0.670121908187866
197,"1104",-0.994812607765198
197,"1105",0.305251747369766
197,"1108",-0.741514086723328
197,"1110",0.341157585382462
197,"1114",0.612880885601044
197,"1116",0.250757306814194
197,"1117",0.881683051586151
197,"1119",-0.708491206169128
197,"1122",0.972759604454041
197,"1127",0.70085346698761
197,"1128",0.873929738998413
197,"1131",-0.727175951004028
197,"1132",-0.722211003303528
197,"1133",-0.996075630187988
197,"1140",-0.913972914218903
197,"1141",0.325512260198593
197,"1142",0.566238164901733
197,"1143",-0.872371435165405
197,"1146",-0.964790642261505
197,"1148",0.609935462474823
197,"1150",-0.999268233776093
197,"1152",-0.764571011066437
197,"1153",0.696259737014771
197,"1157",-0.7931187748909
197,"1159",0.883901298046112
197,"1165",-0.999255478382111
197,"1166",-0.612415015697479
197,"1170",-0.987095594406128
197,"1171",0.713898420333862
197,"1172",-0.967282474040985
197,"1173",0.98531049489975
197,"1174",-0.879887521266937
197,"1175",0.30287703871727
197,"1176",-0.842811405658722
197,"1177",0.721374928951263
197,"1178",0.365540891885757
197,"1180",0.699855744838715
197,"1181",0.65238493680954
197,"1182",0.276920557022095
197,"1183",-0.885807156562805
197,"1184",0.663228034973145
197,"1186",0.682533442974091
197,"1187",-0.996069848537445
197,"1188",0.88931131362915
197,"1189",0.75934624671936
197,"1190",-0.999268233776093
197,"1191",-0.999255478382111
197,"1192",-0.0874013379216194
197,"1193",-0.0719035491347313
197,"1194",-0.999268233776093
197,"1195",0.3917216360569
197,"1196",0.228773146867752
197,"1197",-0.705918610095978
197,"1198",-0.999268233776093
197,"1199",-0.89486962556839
197,"1200",-0.426715523004532
197,"1201",-0.0733319222927094
197,"1202",-0.901735961437225
197,"1203",-0.996069848537445
197,"1204",0.592844545841217
197,"1205",0.511974394321442
197,"1206",0.594191074371338
197,"1207",0.652718961238861
197,"1208",0.253297954797745
197,"1209",0.69468355178833
197,"1210",0.900065064430237
197,"1211",1
197,"1212",-0.929026246070862
197,"1213",0.88931131362915
197,"1214",-0.92011696100235
197,"1215",-0.934062957763672
197,"1216",-0.999273300170898
197,"1217",-0.956368148326874
197,"1218",-0.998126924037933
197,"1219",-0.782403588294983
197,"1220",-0.998974204063416
197,"1221",-1
197,"1222",0.644533097743988
197,"1223",-0.973865032196045
197,"1224",0.262703746557236
197,"1225",-0.998983502388
197,"1226",0.396691828966141
197,"1227",-0.757017493247986
197,"1228",-0.934062957763672
197,"1229",0.249969065189362
197,"1230",-0.0867995321750641
197,"1231",-0.769701898097992
197,"1232",-0.996076822280884
197,"1233",-0.88696825504303
197,"1234",-0.935110092163086
197,"1235",-0.421891152858734
197,"1236",0.0497978813946247
197,"1237",-0.810727536678314
197,"1238",0.300974011421204
197,"1239",0.227883100509644
197,"1240",-0.107808187603951
197,"1241",0.358601748943329
197,"1242",-0.76821631193161
197,"1243",0.213364735245705
197,"1244",-0.926252484321594
197,"1245",-0.99925571680069
197,"1246",0.648230493068695
197,"1247",-0.999268233776093
197,"1248",-1
197,"1249",-0.871104538440704
197,"1250",0.892431914806366
197,"1251",-0.993351399898529
197,"1252",0.709285259246826
197,"1253",-0.999268233776093
197,"1254",-0.999268233776093
197,"1255",0.133507788181305
197,"1256",0.706537127494812
197,"1257",-0.778591156005859
197,"1258",0.00840747728943825
197,"1259",-0.250795394182205
197,"1260",0.606012105941772
197,"1261",-0.835440456867218
197,"1262",-0.999268233776093
197,"1263",-0.983813643455505
197,"1264",0.414590626955032
198,"803",0.356365710496902
198,"815",-0.57860541343689
198,"843",-0.46363040804863
198,"872",0.335082113742828
198,"915",-0.600627064704895
198,"986",0.460498452186584
198,"1009",-0.567019641399384
198,"1012",1
198,"1013",0.38813516497612
198,"1015",0.775790870189667
198,"1017",-0.975927412509918
198,"1021",-0.423900008201599
198,"1025",-0.988807439804077
198,"1028",-0.408873021602631
198,"1038",0.644715964794159
198,"1039",0.345493167638779
198,"1044",0.580048799514771
198,"1054",-0.424653083086014
198,"1056",0.723303914070129
198,"1059",-0.398607701063156
198,"1060",-0.428795963525772
198,"1061",0.53189355134964
198,"1062",-0.394707143306732
198,"1065",-0.525758385658264
198,"1073",0.779320776462555
198,"1074",0.821561336517334
198,"1075",-0.429456859827042
198,"1077",0.505455851554871
198,"1082",-0.553216636180878
198,"1086",0.757877886295319
198,"1087",0.739885747432709
198,"1099",0.536883175373077
198,"1100",-0.975922465324402
198,"1102",-0.401602536439896
198,"1104",-0.92108154296875
198,"1105",0.376264601945877
198,"1108",-0.438610374927521
198,"1110",0.467839807271957
198,"1114",0.737521827220917
198,"1116",0.339409679174423
198,"1117",0.932763278484344
198,"1119",-0.408769756555557
198,"1122",0.990537166595459
198,"1127",0.778469383716583
198,"1128",0.906429946422577
198,"1131",-0.407540649175644
198,"1132",-0.40681728720665
198,"1133",-0.97646427154541
198,"1140",-0.539906442165375
198,"1141",0.466113448143005
198,"1142",0.628883123397827
198,"1143",-0.51450252532959
198,"1146",-0.973933696746826
198,"1148",0.685533583164215
198,"1150",-0.976196706295013
198,"1152",-0.441988497972488
198,"1153",0.770884096622467
198,"1157",-0.466106981039047
198,"1159",0.930723667144775
198,"1165",-0.976424813270569
198,"1166",-0.309485554695129
198,"1170",-0.97614985704422
198,"1171",0.777688920497894
198,"1172",-0.96933513879776
198,"1173",1
198,"1174",-0.535488724708557
198,"1175",0.465131223201752
198,"1176",-0.522470593452454
198,"1177",0.768479645252228
198,"1178",0.482197135686874
198,"1180",0.771729946136475
198,"1181",0.66496354341507
198,"1182",0.416061758995056
198,"1183",-0.502745628356934
198,"1184",0.766066491603851
198,"1186",0.766793727874756
198,"1187",-0.976593494415283
198,"1188",0.934232115745544
198,"1189",0.809303879737854
198,"1190",-0.9764204621315
198,"1191",-0.981821477413177
198,"1192",0.100497260689735
198,"1193",0.100663110613823
198,"1194",-0.976231813430786
198,"1195",0.490983128547668
198,"1196",0.330183565616608
198,"1197",-0.40293624997139
198,"1198",-0.97593080997467
198,"1199",-0.531317949295044
198,"1200",-0.19361923635006
198,"1201",0.104245133697987
198,"1202",-0.531658589839935
198,"1203",-0.9764204621315
198,"1204",0.643739759922028
198,"1205",0.584879040718079
198,"1206",0.65105003118515
198,"1207",0.775651693344116
198,"1208",0.368089199066162
198,"1209",0.78979355096817
198,"1210",0.943866372108459
198,"1211",0.999674737453461
198,"1212",-0.569114685058594
198,"1213",0.934232115745544
198,"1214",-0.548545718193054
198,"1215",-0.553495764732361
198,"1216",-0.976197242736816
198,"1217",-0.570721447467804
198,"1218",-0.975777506828308
198,"1219",-0.435191631317139
198,"1220",-0.976643681526184
198,"1221",-1
198,"1222",0.776118099689484
198,"1223",-0.558465540409088
198,"1224",0.37113156914711
198,"1225",-0.976220548152924
198,"1226",0.50872278213501
198,"1227",-0.40872997045517
198,"1228",-0.55624908208847
198,"1229",0.364452064037323
198,"1230",0.0914335548877716
198,"1231",-0.43481457233429
198,"1232",-0.976812541484833
198,"1233",-0.525530993938446
198,"1234",-0.60625022649765
198,"1235",-0.202816978096962
198,"1236",0.197483137249947
198,"1237",-0.51800948381424
198,"1238",0.380302548408508
198,"1239",0.337136477231979
198,"1240",0.080097071826458
198,"1241",0.411707758903503
198,"1242",-0.418855100870132
198,"1243",0.321938902139664
198,"1244",-0.682731449604034
198,"1245",-0.975892961025238
198,"1246",0.657899022102356
198,"1247",-0.97576504945755
198,"1248",-0.976148962974548
198,"1249",-0.5262531042099
198,"1250",0.929779052734375
198,"1251",-0.912700295448303
198,"1252",0.774556815624237
198,"1253",-0.976593494415283
198,"1254",-0.9764204621315
198,"1255",0.258047670125961
198,"1256",0.772531867027283
198,"1257",-0.457067787647247
198,"1258",0.162776261568069
198,"1259",-0.0297491420060396
198,"1260",0.646879434585571
198,"1261",-0.515251159667969
198,"1262",-0.975923001766205
198,"1263",-0.976231813430786
198,"1264",0.535303235054016
199,"803",0.120893470942974
199,"815",-0.910347700119019
199,"843",-0.788698077201843
199,"872",0.111485235393047
199,"915",-0.888017952442169
199,"986",0.244938939809799
199,"1009",-0.888140559196472
199,"1012",1
199,"1013",0.162758827209473
199,"1015",0.761074662208557
199,"1017",-0.99701315164566
199,"1021",-0.801254749298096
199,"1025",-0.992676079273224
199,"1028",-0.775682389736176
199,"1038",0.607645452022552
199,"1039",0.129641428589821
199,"1044",0.499217867851257
199,"1054",-0.790143072605133
199,"1056",0.655455648899078
199,"1059",-0.8072749376297
199,"1060",-0.815378844738007
199,"1061",0.278926014900208
199,"1062",-0.758295655250549
199,"1065",-0.890574872493744
199,"1073",0.769259631633759
199,"1074",0.816317439079285
199,"1075",-0.835798919200897
199,"1077",0.254494607448578
199,"1082",-1
199,"1086",0.722471475601196
199,"1087",0.752049386501312
199,"1099",0.287726849317551
199,"1100",-0.998883664608002
199,"1102",-0.738757193088531
199,"1104",-0.997177958488464
199,"1105",0.168483152985573
199,"1108",-0.79784107208252
199,"1110",0.211792379617691
199,"1114",0.673215210437775
199,"1116",0.111055552959442
199,"1117",0.922594964504242
199,"1119",-0.773967266082764
199,"1122",0.988056004047394
199,"1127",0.765717208385468
199,"1128",0.91041886806488
199,"1131",-0.781691670417786
199,"1132",-0.789800345897675
199,"1133",-0.99701315164566
199,"1140",-0.921978890895844
199,"1141",0.249834835529327
199,"1142",0.567548453807831
199,"1143",-0.887294173240662
199,"1146",-0.967350423336029
199,"1148",0.606887757778168
199,"1150",-0.999824285507202
199,"1152",-0.892467379570007
199,"1153",0.757467806339264
199,"1157",-0.830853283405304
199,"1159",0.920150816440582
199,"1165",-0.999808847904205
199,"1166",-0.694869339466095
199,"1170",-0.999824285507202
199,"1171",0.774204194545746
199,"1172",-0.977961897850037
199,"1173",1
199,"1174",-0.877378106117249
199,"1175",0.210543006658554
199,"1176",-0.845716655254364
199,"1177",0.694121301174164
199,"1178",0.232481822371483
199,"1180",0.735190689563751
199,"1181",0.626015067100525
199,"1182",0.19803574681282
199,"1183",-0.886289179325104
199,"1184",0.723522007465363
199,"1186",0.753419101238251
199,"1187",-0.997067213058472
199,"1188",0.92650294303894
199,"1189",0.806551158428192
199,"1190",-0.999824285507202
199,"1191",-0.998985409736633
199,"1192",-0.15954963862896
199,"1193",-0.151305392384529
199,"1194",-0.999824285507202
199,"1195",0.217104867100716
199,"1196",0.105191729962826
199,"1197",-0.745595932006836
199,"1198",-0.998915195465088
199,"1199",-0.879603803157806
199,"1200",-0.525626540184021
199,"1201",-0.145367935299873
199,"1202",-0.925323963165283
199,"1203",-0.997067213058472
199,"1204",0.601236820220947
199,"1205",0.38503235578537
199,"1206",0.607904613018036
199,"1207",0.710972249507904
199,"1208",0.130267277359962
199,"1209",0.768884420394897
199,"1210",0.934525072574615
199,"1211",0.999501466751099
199,"1212",-1
199,"1213",0.92650294303894
199,"1214",-0.926171541213989
199,"1215",-1
199,"1216",-0.998915195465088
199,"1217",-1
199,"1218",-0.999824285507202
199,"1219",-0.796827971935272
199,"1220",-0.999824285507202
199,"1221",-1
199,"1222",0.770943939685822
199,"1223",-1
199,"1224",0.13817623257637
199,"1225",-0.99934321641922
199,"1226",0.2615787088871
199,"1227",-0.801510751247406
199,"1228",-1
199,"1229",0.120405808091164
199,"1230",-0.161669358611107
199,"1231",-0.817232251167297
199,"1232",-0.997063338756561
199,"1233",-0.883078098297119
199,"1234",-0.975682079792023
199,"1235",-0.511912524700165
199,"1236",-0.0604748651385307
199,"1237",-0.867753624916077
199,"1238",0.151760116219521
199,"1239",0.0889269784092903
199,"1240",-0.186150580644608
199,"1241",0.240530639886856
199,"1242",-0.836397707462311
199,"1243",0.0764047876000404
199,"1244",-0.962784886360168
199,"1245",-0.999300539493561
199,"1246",0.605512142181396
199,"1247",-0.999824285507202
199,"1248",-1
199,"1249",-0.891412496566772
199,"1250",0.920059561729431
199,"1251",-0.997067213058472
199,"1252",0.772706627845764
199,"1253",-0.999824285507202
199,"1254",-0.999824285507202
199,"1255",-0.00190431333612651
199,"1256",0.770005166530609
199,"1257",-0.832447409629822
199,"1258",-0.101514980196953
199,"1259",-0.28914475440979
199,"1260",0.609196662902832
199,"1261",-0.888036370277405
199,"1262",-0.998915195465088
199,"1263",-0.999824285507202
199,"1264",0.28405624628067
200,"803",0.347495019435883
200,"815",-0.601284801959991
200,"843",-0.546958267688751
200,"872",0.331419557332993
200,"915",-0.635775089263916
200,"986",0.432979166507721
200,"1009",-0.636154890060425
200,"1012",1
200,"1013",0.373869180679321
200,"1015",0.764931201934814
200,"1017",-0.988244652748108
200,"1021",-0.473149329423904
200,"1025",-0.993757963180542
200,"1028",-0.478561460971832
200,"1038",0.669411480426788
200,"1039",0.332520633935928
200,"1044",0.637920022010803
200,"1054",-0.479307353496552
200,"1056",0.733702600002289
200,"1059",-0.470494985580444
200,"1060",-0.499370723962784
200,"1061",0.524853527545929
200,"1062",-0.466795384883881
200,"1065",-0.639250218868256
200,"1073",0.750942647457123
200,"1074",0.858566641807556
200,"1075",-0.511144816875458
200,"1077",0.529444932937622
200,"1082",-0.642043471336365
200,"1086",0.729917705059052
200,"1087",0.732686817646027
200,"1099",0.547686994075775
200,"1100",-0.996267855167389
200,"1102",-0.427041977643967
200,"1104",-1
200,"1105",0.388459056615829
200,"1108",-0.491093546152115
200,"1110",0.462821424007416
200,"1114",0.717534363269806
200,"1116",0.331736087799072
200,"1117",0.923047661781311
200,"1119",-0.46747100353241
200,"1122",0.989212572574615
200,"1127",0.76439756155014
200,"1128",0.894559264183044
200,"1131",-0.483309179544449
200,"1132",-0.459611862897873
200,"1133",-0.988242924213409
200,"1140",-0.594628989696503
200,"1141",0.4408178627491
200,"1142",0.661408424377441
200,"1143",-0.563733577728271
200,"1146",-1
200,"1148",0.675377726554871
200,"1150",-0.996710240840912
200,"1152",-0.507828116416931
200,"1153",0.730717062950134
200,"1157",-0.53233939409256
200,"1159",0.919701397418976
200,"1165",-0.996710240840912
200,"1166",-0.361965626478195
200,"1170",-0.997267425060272
200,"1171",0.763007760047913
200,"1172",-0.987996101379395
200,"1173",0.999999284744263
200,"1174",-0.612806618213654
200,"1175",0.467064172029495
200,"1176",-0.559382200241089
200,"1177",0.761102735996246
200,"1178",0.49689856171608
200,"1180",0.750690758228302
200,"1181",0.709029078483582
200,"1182",0.399912267923355
200,"1183",-0.5523801445961
200,"1184",0.757023811340332
200,"1186",0.753607332706451
200,"1187",-0.988462805747986
200,"1188",0.927163600921631
200,"1189",0.776653230190277
200,"1190",-0.997266471385956
200,"1191",-0.999417722225189
200,"1192",0.0910902470350266
200,"1193",0.0916960388422012
200,"1194",-0.99626898765564
200,"1195",0.484439611434937
200,"1196",0.326293468475342
200,"1197",-0.454097628593445
200,"1198",-0.995552659034729
200,"1199",-0.603680551052094
200,"1200",-0.236396864056587
200,"1201",0.0987872555851936
200,"1202",-0.603592813014984
200,"1203",-0.988462805747986
200,"1204",0.676265776157379
200,"1205",0.565681278705597
200,"1206",0.695160686969757
200,"1207",0.757959306240082
200,"1208",0.356334269046783
200,"1209",0.763295888900757
200,"1210",0.93802934885025
200,"1211",0.999397873878479
200,"1212",-0.647421360015869
200,"1213",0.927163600921631
200,"1214",-0.610213100910187
200,"1215",-0.662670612335205
200,"1216",-0.998718798160553
200,"1217",-0.704243898391724
200,"1218",-0.995932877063751
200,"1219",-0.537530303001404
200,"1220",-0.995583117008209
200,"1221",-1
200,"1222",0.773093223571777
200,"1223",-0.666756808757782
200,"1224",0.363249540328979
200,"1225",-0.995931327342987
200,"1226",0.496363967657089
200,"1227",-0.477271556854248
200,"1228",-0.666275799274445
200,"1229",0.35164812207222
200,"1230",0.0817398130893707
200,"1231",-0.515906929969788
200,"1232",-0.987975478172302
200,"1233",-0.60262143611908
200,"1234",-0.609039843082428
200,"1235",-0.237408116459846
200,"1236",0.188117176294327
200,"1237",-0.630504310131073
200,"1238",0.372263729572296
200,"1239",0.332435876131058
200,"1240",0.0685881227254868
200,"1241",0.431950271129608
200,"1242",-0.497137397527695
200,"1243",0.319468289613724
200,"1244",-0.737382173538208
200,"1245",-0.99583888053894
200,"1246",0.679657459259033
200,"1247",-0.996276438236237
200,"1248",-0.995581924915314
200,"1249",-0.596419513225555
200,"1250",0.922750949859619
200,"1251",-0.988081514835358
200,"1252",0.764711558818817
200,"1253",-0.997266471385956
200,"1254",-0.99626898765564
200,"1255",0.254593431949615
200,"1256",0.761870503425598
200,"1257",-0.520841717720032
200,"1258",0.149742022156715
200,"1259",-0.0389628298580647
200,"1260",0.686501979827881
200,"1261",-0.640596628189087
200,"1262",-0.995552659034729
200,"1263",-0.99626898765564
200,"1264",0.529861271381378
