vote_id,boletin,fecha,minority_share_binary,binary_participation_share,spread_1d,midpoint_1d,gmp,apre,cluster_id,resultado,descripcion,url_original,project_title,project_initiative,project_origin_chamber,project_stage,topic_primary_internal,topic_secondary_internal,topic_confidence_internal,topic_validation_status,special_omnibus,special_omnibus_label,interpretation_unit,omnibus_audit_required,n_affirmative,n_against,n_abstention,n_no_vote,n_excused,n_binary,minority_share_binary_observed,alignment_binary_summary,alignment_yes_share_gap,alignment_groups_binary_n3plus,party_binary_summary,party_yes_share_gap,party_groups_binary_n2plus,caucus_binary_summary,caucus_yes_share_gap,caucus_groups_binary_n2plus,abs_spread_1d,spread_1d_display,midpoint_1d_display,d1_display_multiplier,rank_abs_spread_1d,rank_bill_diverse_d1,rank_within_omnibus_d1
88948,18216-05,2026-05-20,0.419118,0.877419,-1.59770464897156,-0.655255377292633,0.962116718292236,0.982456140350877,bill:18216-05,Aprobado,Boletín N°18216-05,,Para la reconstrucción nacional y el desarrollo económico y social,,Cámara de Diputados,,,,,project_level_not_sufficient_for_omnibus_rollcall,1,Megareforma / proyecto omnibus del gobierno de Jose Antonio Kast,exact_rollcall_item,1,79,57,17,2,0,136,0.419118,no_alineado: 14S/7N (66.7% S) | oficialismo: 1S/50N (2.0% S) | oposicion: 64S/0N (100.0% S),0.980392,3,Frente Amplio: 15S/0N (100.0% S) | Independientes: 16S/7N (69.6% S) | Partido Comunista: 8S/0N (100.0% S) | Partido Demócrata Cristiano: 7S/0N (100.0% S) | Partido Liberal de Chile: 2S/0N (100.0% S) | Partido Nacional Libertario: 1S/7N (12.5% S) | Partido Por la Democracia: 4S/0N (100.0% S) | Partido Republicano: 0S/28N (0.0% S) | Partido Socialista: 10S/0N (100.0% S) | Partido de la Gente: 13S/0N (100.0% S) | Renovación Nacional: 0S/2N (0.0% S) | Unión Demócrata Independiente: 0S/12N (0.0% S),1.0,12,"Comité Comunista e Independientes: 12S/0N (100.0% S) | Comité Democracia Cristiana, Federación Regionalista Verde Social e Independientes: 10S/0N (100.0% S) | Comité Partido Nacional Libertarios: 1S/7N (12.5% S) | Comité Partido Republicano: 0S/31N (0.0% S) | Comité Partido de la Gente: 12S/0N (100.0% S) | Frente Amplio: 17S/0N (100.0% S) | Partido Por la Democracia e Independientes: 10S/0N (100.0% S) | Renovación Nacional, Evopoli e Independientes: 0S/4N (0.0% S) | Socialista, Liberal, Radical e Independientes: 15S/0N (100.0% S) | Unión Demócrata Independiente: 1S/15N (6.2% S)",1.0,10,1.59770464897156,1.59770464897156,0.655255377292633,-1.0,3,3,1
88938,18216-05,2026-05-20,0.065789,0.980645,1.58571815490723,0.831190705299377,0.942927241325378,0.9,bill:18216-05,Aprobado,Boletín N°18216-05,,Para la reconstrucción nacional y el desarrollo económico y social,,Cámara de Diputados,,,,,project_level_not_sufficient_for_omnibus_rollcall,1,Megareforma / proyecto omnibus del gobierno de Jose Antonio Kast,exact_rollcall_item,1,142,10,0,3,0,152,0.065789,no_alineado: 22S/0N (100.0% S) | oficialismo: 67S/0N (100.0% S) | oposicion: 53S/10N (84.1% S),0.15873,3,Evolución Política: 2S/0N (100.0% S) | Frente Amplio: 15S/0N (100.0% S) | Independientes: 24S/1N (96.0% S) | Partido Comunista: 0S/8N (0.0% S) | Partido Demócrata Cristiano: 7S/0N (100.0% S) | Partido Liberal de Chile: 2S/0N (100.0% S) | Partido Nacional Libertario: 8S/0N (100.0% S) | Partido Por la Democracia: 4S/0N (100.0% S) | Partido Republicano: 28S/0N (100.0% S) | Partido Social Cristiano: 3S/0N (100.0% S) | Partido Socialista: 9S/0N (100.0% S) | Partido de la Gente: 14S/0N (100.0% S) | Renovación Nacional: 11S/0N (100.0% S) | Unión Demócrata Independiente: 12S/0N (100.0% S),1.0,14,"Comité Comunista e Independientes: 2S/10N (16.7% S) | Comité Democracia Cristiana, Federación Regionalista Verde Social e Independientes: 10S/0N (100.0% S) | Comité Partido Nacional Libertarios: 8S/0N (100.0% S) | Comité Partido Republicano: 31S/0N (100.0% S) | Comité Partido de la Gente: 13S/0N (100.0% S) | Frente Amplio: 17S/0N (100.0% S) | Partido Por la Democracia e Independientes: 10S/0N (100.0% S) | Por definir: 3S/0N (100.0% S) | Renovación Nacional, Evopoli e Independientes: 16S/0N (100.0% S) | Socialista, Liberal, Radical e Independientes: 14S/0N (100.0% S) | Unión Demócrata Independiente: 17S/0N (100.0% S)",0.833333,11,1.58571815490723,-1.58571815490723,-0.831190705299377,-1.0,12,,2
88933,18216-05,2026-05-20,0.381579,0.980645,1.58398544788361,-0.752983927726746,0.854399621486664,0.844827586206897,bill:18216-05,Unánime,Boletín N°18216-05,,Para la reconstrucción nacional y el desarrollo económico y social,,Cámara de Diputados,,,,,project_level_not_sufficient_for_omnibus_rollcall,1,Megareforma / proyecto omnibus del gobierno de Jose Antonio Kast,exact_rollcall_item,1,58,94,0,3,0,152,0.381579,no_alineado: 8S/14N (36.4% S) | oficialismo: 50S/17N (74.6% S) | oposicion: 0S/63N (0.0% S),0.746269,3,Evolución Política: 0S/2N (0.0% S) | Frente Amplio: 0S/15N (0.0% S) | Independientes: 7S/18N (28.0% S) | Partido Comunista: 0S/8N (0.0% S) | Partido Demócrata Cristiano: 0S/7N (0.0% S) | Partido Liberal de Chile: 0S/2N (0.0% S) | Partido Nacional Libertario: 7S/1N (87.5% S) | Partido Por la Democracia: 0S/4N (0.0% S) | Partido Republicano: 28S/0N (100.0% S) | Partido Social Cristiano: 0S/3N (0.0% S) | Partido Socialista: 0S/9N (0.0% S) | Partido de la Gente: 1S/13N (7.1% S) | Renovación Nacional: 3S/8N (27.3% S) | Unión Demócrata Independiente: 12S/0N (100.0% S),1.0,14,"Comité Comunista e Independientes: 0S/12N (0.0% S) | Comité Democracia Cristiana, Federación Regionalista Verde Social e Independientes: 0S/10N (0.0% S) | Comité Partido Nacional Libertarios: 7S/1N (87.5% S) | Comité Partido Republicano: 31S/0N (100.0% S) | Comité Partido de la Gente: 1S/12N (7.7% S) | Frente Amplio: 0S/17N (0.0% S) | Partido Por la Democracia e Independientes: 0S/10N (0.0% S) | Por definir: 0S/3N (0.0% S) | Renovación Nacional, Evopoli e Independientes: 4S/12N (25.0% S) | Socialista, Liberal, Radical e Independientes: 0S/14N (0.0% S) | Unión Demócrata Independiente: 15S/2N (88.2% S)",1.0,11,1.58398544788361,-1.58398544788361,0.752983927726746,-1.0,18,,3
89485,18216-05,2026-07-21,0.482759,0.935484,1.5805675983429,-0.614207983016968,0.972850382328033,1,bill:18216-05,Aprobado,Boletín N°18216-05,,Para la reconstrucción nacional y el desarrollo económico y social,,Cámara de Diputados,,,,,project_level_not_sufficient_for_omnibus_rollcall,1,Megareforma / proyecto omnibus del gobierno de Jose Antonio Kast,exact_rollcall_item,1,75,70,0,10,0,145,0.482759,no_alineado: 8S/12N (40.0% S) | oficialismo: 67S/0N (100.0% S) | oposicion: 0S/58N (0.0% S),1.0,3,Evolución Política: 2S/0N (100.0% S) | Frente Amplio: 0S/13N (0.0% S) | Independientes: 9S/13N (40.9% S) | Partido Comunista: 0S/8N (0.0% S) | Partido Cristiano de Chile: 2S/0N (100.0% S) | Partido Demócrata Cristiano: 0S/7N (0.0% S) | Partido Liberal de Chile: 0S/2N (0.0% S) | Partido Nacional Libertario: 8S/0N (100.0% S) | Partido Por la Democracia: 0S/4N (0.0% S) | Partido Republicano: 28S/0N (100.0% S) | Partido Socialista: 0S/10N (0.0% S) | Partido de la Gente: 0S/12N (0.0% S) | Renovación Nacional: 11S/0N (100.0% S) | Unión Demócrata Independiente: 13S/0N (100.0% S),1.0,14,"Comité Comunista e Independientes: 0S/10N (0.0% S) | Comité Democracia Cristiana, Federación Regionalista Verde Social e Independientes: 0S/10N (0.0% S) | Comité Partido Nacional Libertarios: 8S/0N (100.0% S) | Comité Partido Republicano: 31S/0N (100.0% S) | Comité Partido de la Gente: 0S/11N (0.0% S) | Frente Amplio: 0S/15N (0.0% S) | Partido Por la Democracia e Independientes: 0S/9N (0.0% S) | Por definir: 3S/0N (100.0% S) | Renovación Nacional, Evopoli e Independientes: 16S/0N (100.0% S) | Socialista, Liberal, Radical e Independientes: 0S/14N (0.0% S) | Unión Demócrata Independiente: 17S/0N (100.0% S)",1.0,11,1.5805675983429,-1.5805675983429,0.614207983016968,-1.0,27,,4
89486,18216-05,2026-07-21,0.482759,0.935484,1.5805675983429,-0.614207983016968,0.972850382328033,1,bill:18216-05,Aprobado,Boletín N°18216-05,,Para la reconstrucción nacional y el desarrollo económico y social,,Cámara de Diputados,,,,,project_level_not_sufficient_for_omnibus_rollcall,1,Megareforma / proyecto omnibus del gobierno de Jose Antonio Kast,exact_rollcall_item,1,75,70,0,10,0,145,0.482759,no_alineado: 8S/12N (40.0% S) | oficialismo: 67S/0N (100.0% S) | oposicion: 0S/58N (0.0% S),1.0,3,Evolución Política: 2S/0N (100.0% S) | Frente Amplio: 0S/13N (0.0% S) | Independientes: 9S/13N (40.9% S) | Partido Comunista: 0S/8N (0.0% S) | Partido Cristiano de Chile: 2S/0N (100.0% S) | Partido Demócrata Cristiano: 0S/7N (0.0% S) | Partido Liberal de Chile: 0S/2N (0.0% S) | Partido Nacional Libertario: 8S/0N (100.0% S) | Partido Por la Democracia: 0S/4N (0.0% S) | Partido Republicano: 28S/0N (100.0% S) | Partido Socialista: 0S/10N (0.0% S) | Partido de la Gente: 0S/12N (0.0% S) | Renovación Nacional: 11S/0N (100.0% S) | Unión Demócrata Independiente: 13S/0N (100.0% S),1.0,14,"Comité Comunista e Independientes: 0S/10N (0.0% S) | Comité Democracia Cristiana, Federación Regionalista Verde Social e Independientes: 0S/10N (0.0% S) | Comité Partido Nacional Libertarios: 8S/0N (100.0% S) | Comité Partido Republicano: 31S/0N (100.0% S) | Comité Partido de la Gente: 0S/11N (0.0% S) | Frente Amplio: 0S/15N (0.0% S) | Partido Por la Democracia e Independientes: 0S/9N (0.0% S) | Por definir: 3S/0N (100.0% S) | Renovación Nacional, Evopoli e Independientes: 16S/0N (100.0% S) | Socialista, Liberal, Radical e Independientes: 0S/14N (0.0% S) | Unión Demócrata Independiente: 17S/0N (100.0% S)",1.0,11,1.5805675983429,-1.5805675983429,0.614207983016968,-1.0,28,,5
88936,18216-05,2026-05-20,0.045113,0.858065,1.57626938819885,0.934259295463562,0.938476026058197,0.666666666666667,bill:18216-05,Aprobado,Boletín N°18216-05,,Para la reconstrucción nacional y el desarrollo económico y social,,Cámara de Diputados,,,,,project_level_not_sufficient_for_omnibus_rollcall,1,Megareforma / proyecto omnibus del gobierno de Jose Antonio Kast,exact_rollcall_item,1,127,6,19,3,0,133,0.045113,no_alineado: 22S/0N (100.0% S) | oficialismo: 66S/0N (100.0% S) | oposicion: 39S/6N (86.7% S),0.133333,3,Evolución Política: 2S/0N (100.0% S) | Frente Amplio: 4S/1N (80.0% S) | Independientes: 20S/1N (95.2% S) | Partido Comunista: 4S/4N (50.0% S) | Partido Demócrata Cristiano: 7S/0N (100.0% S) | Partido Liberal de Chile: 2S/0N (100.0% S) | Partido Nacional Libertario: 8S/0N (100.0% S) | Partido Republicano: 28S/0N (100.0% S) | Partido Social Cristiano: 3S/0N (100.0% S) | Partido Socialista: 8S/0N (100.0% S) | Partido de la Gente: 14S/0N (100.0% S) | Renovación Nacional: 11S/0N (100.0% S) | Unión Demócrata Independiente: 11S/0N (100.0% S),0.5,13,"Comité Comunista e Independientes: 7S/5N (58.3% S) | Comité Democracia Cristiana, Federación Regionalista Verde Social e Independientes: 10S/0N (100.0% S) | Comité Partido Nacional Libertarios: 8S/0N (100.0% S) | Comité Partido Republicano: 31S/0N (100.0% S) | Comité Partido de la Gente: 13S/0N (100.0% S) | Frente Amplio: 5S/1N (83.3% S) | Partido Por la Democracia e Independientes: 4S/0N (100.0% S) | Por definir: 3S/0N (100.0% S) | Renovación Nacional, Evopoli e Independientes: 16S/0N (100.0% S) | Socialista, Liberal, Radical e Independientes: 13S/0N (100.0% S) | Unión Demócrata Independiente: 16S/0N (100.0% S)",0.416667,11,1.57626938819885,-1.57626938819885,-0.934259295463562,-1.0,31,,6
88935,18216-05,2026-05-20,0.092105,0.980645,1.57175588607788,0.833147764205933,0.916056632995605,0.785714285714286,bill:18216-05,Aprobado,Boletín N°18216-05,,Para la reconstrucción nacional y el desarrollo económico y social,,Cámara de Diputados,,,,,project_level_not_sufficient_for_omnibus_rollcall,1,Megareforma / proyecto omnibus del gobierno de Jose Antonio Kast,exact_rollcall_item,1,138,14,0,3,0,152,0.092105,no_alineado: 22S/0N (100.0% S) | oficialismo: 67S/0N (100.0% S) | oposicion: 49S/14N (77.8% S),0.222222,3,Evolución Política: 2S/0N (100.0% S) | Frente Amplio: 15S/0N (100.0% S) | Independientes: 22S/3N (88.0% S) | Partido Comunista: 0S/8N (0.0% S) | Partido Demócrata Cristiano: 7S/0N (100.0% S) | Partido Liberal de Chile: 2S/0N (100.0% S) | Partido Nacional Libertario: 8S/0N (100.0% S) | Partido Por la Democracia: 4S/0N (100.0% S) | Partido Republicano: 28S/0N (100.0% S) | Partido Social Cristiano: 3S/0N (100.0% S) | Partido Socialista: 7S/2N (77.8% S) | Partido de la Gente: 14S/0N (100.0% S) | Renovación Nacional: 11S/0N (100.0% S) | Unión Demócrata Independiente: 12S/0N (100.0% S),1.0,14,"Comité Comunista e Independientes: 0S/12N (0.0% S) | Comité Democracia Cristiana, Federación Regionalista Verde Social e Independientes: 10S/0N (100.0% S) | Comité Partido Nacional Libertarios: 8S/0N (100.0% S) | Comité Partido Republicano: 31S/0N (100.0% S) | Comité Partido de la Gente: 13S/0N (100.0% S) | Frente Amplio: 17S/0N (100.0% S) | Partido Por la Democracia e Independientes: 10S/0N (100.0% S) | Por definir: 3S/0N (100.0% S) | Renovación Nacional, Evopoli e Independientes: 16S/0N (100.0% S) | Socialista, Liberal, Radical e Independientes: 12S/2N (85.7% S) | Unión Demócrata Independiente: 17S/0N (100.0% S)",1.0,11,1.57175588607788,-1.57175588607788,-0.833147764205933,-1.0,36,,7
89668,18216-05,2026-08-10,0.440299,0.864516,1.5368185043335,-0.536818563938141,0.980699837207794,0.983050847457627,bill:18216-05,Aprobado,Boletín N°18216-05,,Para la reconstrucción nacional y el desarrollo económico y social,,Cámara de Diputados,,,,,project_level_not_sufficient_for_omnibus_rollcall,1,Megareforma / proyecto omnibus del gobierno de Jose Antonio Kast,exact_rollcall_item,1,75,59,12,9,0,134,0.440299,no_alineado: 8S/0N (100.0% S) | oficialismo: 67S/0N (100.0% S) | oposicion: 0S/59N (0.0% S),1.0,3,Evolución Política: 2S/0N (100.0% S) | Frente Amplio: 0S/12N (0.0% S) | Independientes: 9S/13N (40.9% S) | Partido Comunista: 0S/8N (0.0% S) | Partido Cristiano de Chile: 2S/0N (100.0% S) | Partido Demócrata Cristiano: 0S/7N (0.0% S) | Partido Liberal de Chile: 0S/2N (0.0% S) | Partido Nacional Libertario: 7S/0N (100.0% S) | Partido Por la Democracia: 0S/4N (0.0% S) | Partido Republicano: 28S/0N (100.0% S) | Partido Socialista: 0S/10N (0.0% S) | Renovación Nacional: 11S/0N (100.0% S) | Unión Demócrata Independiente: 13S/0N (100.0% S),1.0,13,"Comité Comunista e Independientes: 0S/12N (0.0% S) | Comité Democracia Cristiana, Federación Regionalista Verde Social e Independientes: 0S/9N (0.0% S) | Comité Partido Nacional Libertarios: 7S/0N (100.0% S) | Comité Partido Republicano: 31S/0N (100.0% S) | Frente Amplio: 0S/14N (0.0% S) | Partido Por la Democracia e Independientes: 0S/9N (0.0% S) | Por definir: 3S/0N (100.0% S) | Renovación Nacional, Evopoli e Independientes: 16S/0N (100.0% S) | Socialista, Liberal, Radical e Independientes: 0S/15N (0.0% S) | Unión Demócrata Independiente: 17S/0N (100.0% S)",1.0,10,1.5368185043335,-1.5368185043335,0.536818563938141,-1.0,46,,8
89488,18216-05,2026-07-21,0.475862,0.935484,1.52648091316223,-0.526480853557587,0.982683181762695,0.985507246376812,bill:18216-05,Unánime,Boletín N°18216-05,,Para la reconstrucción nacional y el desarrollo económico y social,,Cámara de Diputados,,,,,project_level_not_sufficient_for_omnibus_rollcall,1,Megareforma / proyecto omnibus del gobierno de Jose Antonio Kast,exact_rollcall_item,1,76,69,0,10,0,145,0.475862,no_alineado: 9S/11N (45.0% S) | oficialismo: 67S/0N (100.0% S) | oposicion: 0S/58N (0.0% S),1.0,3,Evolución Política: 2S/0N (100.0% S) | Frente Amplio: 0S/13N (0.0% S) | Independientes: 9S/13N (40.9% S) | Partido Comunista: 0S/8N (0.0% S) | Partido Cristiano de Chile: 2S/0N (100.0% S) | Partido Demócrata Cristiano: 0S/7N (0.0% S) | Partido Liberal de Chile: 0S/2N (0.0% S) | Partido Nacional Libertario: 8S/0N (100.0% S) | Partido Por la Democracia: 0S/4N (0.0% S) | Partido Republicano: 28S/0N (100.0% S) | Partido Socialista: 0S/10N (0.0% S) | Partido de la Gente: 1S/11N (8.3% S) | Renovación Nacional: 11S/0N (100.0% S) | Unión Demócrata Independiente: 13S/0N (100.0% S),1.0,14,"Comité Comunista e Independientes: 0S/10N (0.0% S) | Comité Democracia Cristiana, Federación Regionalista Verde Social e Independientes: 0S/10N (0.0% S) | Comité Partido Nacional Libertarios: 8S/0N (100.0% S) | Comité Partido Republicano: 31S/0N (100.0% S) | Comité Partido de la Gente: 0S/11N (0.0% S) | Frente Amplio: 0S/15N (0.0% S) | Partido Por la Democracia e Independientes: 0S/9N (0.0% S) | Por definir: 3S/0N (100.0% S) | Renovación Nacional, Evopoli e Independientes: 16S/0N (100.0% S) | Socialista, Liberal, Radical e Independientes: 0S/14N (0.0% S) | Unión Demócrata Independiente: 17S/0N (100.0% S)",1.0,11,1.52648091316223,-1.52648091316223,0.526480853557587,-1.0,51,,9
88900,18216-05,2026-05-20,0.5,0.993548,1.52578508853912,-0.525785088539124,0.983678162097931,0.987012987012987,bill:18216-05,Unánime,Boletín N°18216-05,,Para la reconstrucción nacional y el desarrollo económico y social,,Cámara de Diputados,,,,,project_level_not_sufficient_for_omnibus_rollcall,1,Megareforma / proyecto omnibus del gobierno de Jose Antonio Kast,exact_rollcall_item,1,77,77,0,1,0,154,0.5,no_alineado: 9S/13N (40.9% S) | oficialismo: 68S/0N (100.0% S) | oposicion: 0S/64N (0.0% S),1.0,3,Evolución Política: 2S/0N (100.0% S) | Frente Amplio: 0S/15N (0.0% S) | Independientes: 10S/15N (40.0% S) | Partido Comunista: 0S/8N (0.0% S) | Partido Demócrata Cristiano: 0S/7N (0.0% S) | Partido Liberal de Chile: 0S/2N (0.0% S) | Partido Nacional Libertario: 8S/0N (100.0% S) | Partido Por la Democracia: 0S/4N (0.0% S) | Partido Republicano: 28S/0N (100.0% S) | Partido Social Cristiano: 3S/0N (100.0% S) | Partido Socialista: 0S/10N (0.0% S) | Partido de la Gente: 1S/13N (7.1% S) | Renovación Nacional: 11S/0N (100.0% S) | Unión Demócrata Independiente: 13S/0N (100.0% S),1.0,14,"Comité Comunista e Independientes: 0S/12N (0.0% S) | Comité Democracia Cristiana, Federación Regionalista Verde Social e Independientes: 0S/10N (0.0% S) | Comité Partido Nacional Libertarios: 8S/0N (100.0% S) | Comité Partido Republicano: 31S/0N (100.0% S) | Comité Partido de la Gente: 0S/13N (0.0% S) | Frente Amplio: 0S/17N (0.0% S) | Partido Por la Democracia e Independientes: 0S/10N (0.0% S) | Por definir: 3S/0N (100.0% S) | Renovación Nacional, Evopoli e Independientes: 16S/0N (100.0% S) | Socialista, Liberal, Radical e Independientes: 0S/15N (0.0% S) | Unión Demócrata Independiente: 18S/0N (100.0% S)",1.0,11,1.52578508853912,-1.52578508853912,0.525785088539124,-1.0,52,,10
89670,18216-05,2026-08-10,0.403226,0.8,1.4906667470932,-0.490666717290878,0.987819731235504,0.98,bill:18216-05,Aprobado,Boletín N°18216-05,,Para la reconstrucción nacional y el desarrollo económico y social,,Cámara de Diputados,,,,,project_level_not_sufficient_for_omnibus_rollcall,1,Megareforma / proyecto omnibus del gobierno de Jose Antonio Kast,exact_rollcall_item,1,74,50,22,9,0,124,0.403226,no_alineado: 8S/0N (100.0% S) | oficialismo: 66S/0N (100.0% S) | oposicion: 0S/50N (0.0% S),1.0,3,Evolución Política: 2S/0N (100.0% S) | Frente Amplio: 0S/12N (0.0% S) | Independientes: 8S/12N (40.0% S) | Partido Comunista: 0S/8N (0.0% S) | Partido Cristiano de Chile: 2S/0N (100.0% S) | Partido Liberal de Chile: 0S/2N (0.0% S) | Partido Nacional Libertario: 7S/0N (100.0% S) | Partido Por la Democracia: 0S/4N (0.0% S) | Partido Republicano: 28S/0N (100.0% S) | Partido Socialista: 0S/10N (0.0% S) | Renovación Nacional: 11S/0N (100.0% S) | Unión Demócrata Independiente: 13S/0N (100.0% S),1.0,12,"Comité Comunista e Independientes: 0S/12N (0.0% S) | Comité Partido Nacional Libertarios: 7S/0N (100.0% S) | Comité Partido Republicano: 31S/0N (100.0% S) | Frente Amplio: 0S/14N (0.0% S) | Partido Por la Democracia e Independientes: 0S/9N (0.0% S) | Por definir: 3S/0N (100.0% S) | Renovación Nacional, Evopoli e Independientes: 16S/0N (100.0% S) | Socialista, Liberal, Radical e Independientes: 0S/15N (0.0% S) | Unión Demócrata Independiente: 16S/0N (100.0% S)",1.0,9,1.4906667470932,-1.4906667470932,0.490666717290878,-1.0,56,,11
88937,18216-05,2026-05-20,0.07947,0.974194,1.45352911949158,0.846638858318329,0.910538673400879,0.833333333333333,bill:18216-05,Aprobado,Boletín N°18216-05,,Para la reconstrucción nacional y el desarrollo económico y social,,Cámara de Diputados,,,,,project_level_not_sufficient_for_omnibus_rollcall,1,Megareforma / proyecto omnibus del gobierno de Jose Antonio Kast,exact_rollcall_item,1,139,12,1,3,0,151,0.07947,no_alineado: 22S/0N (100.0% S) | oficialismo: 67S/0N (100.0% S) | oposicion: 50S/12N (80.6% S),0.193548,3,Evolución Política: 2S/0N (100.0% S) | Frente Amplio: 15S/0N (100.0% S) | Independientes: 21S/4N (84.0% S) | Partido Comunista: 0S/7N (0.0% S) | Partido Demócrata Cristiano: 7S/0N (100.0% S) | Partido Liberal de Chile: 2S/0N (100.0% S) | Partido Nacional Libertario: 8S/0N (100.0% S) | Partido Por la Democracia: 4S/0N (100.0% S) | Partido Republicano: 28S/0N (100.0% S) | Partido Social Cristiano: 3S/0N (100.0% S) | Partido Socialista: 9S/0N (100.0% S) | Partido de la Gente: 14S/0N (100.0% S) | Renovación Nacional: 11S/0N (100.0% S) | Unión Demócrata Independiente: 12S/0N (100.0% S),1.0,14,"Comité Comunista e Independientes: 0S/11N (0.0% S) | Comité Democracia Cristiana, Federación Regionalista Verde Social e Independientes: 10S/0N (100.0% S) | Comité Partido Nacional Libertarios: 8S/0N (100.0% S) | Comité Partido Republicano: 31S/0N (100.0% S) | Comité Partido de la Gente: 13S/0N (100.0% S) | Frente Amplio: 17S/0N (100.0% S) | Partido Por la Democracia e Independientes: 9S/1N (90.0% S) | Por definir: 3S/0N (100.0% S) | Renovación Nacional, Evopoli e Independientes: 16S/0N (100.0% S) | Socialista, Liberal, Radical e Independientes: 14S/0N (100.0% S) | Unión Demócrata Independiente: 17S/0N (100.0% S)",1.0,11,1.45352911949158,-1.45352911949158,-0.846638858318329,-1.0,59,,12
88962,18216-05,2026-05-20,0.496732,0.987097,1.43173682689667,-0.43173685669899,0.989364862442017,0.986842105263158,bill:18216-05,Aprobado,Boletín N°18216-05,,Para la reconstrucción nacional y el desarrollo económico y social,,Cámara de Diputados,,,,,project_level_not_sufficient_for_omnibus_rollcall,1,Megareforma / proyecto omnibus del gobierno de Jose Antonio Kast,exact_rollcall_item,1,77,76,0,2,0,153,0.496732,no_alineado: 10S/12N (45.5% S) | oficialismo: 67S/0N (100.0% S) | oposicion: 0S/64N (0.0% S),1.0,3,Evolución Política: 2S/0N (100.0% S) | Frente Amplio: 0S/15N (0.0% S) | Independientes: 10S/15N (40.0% S) | Partido Comunista: 0S/8N (0.0% S) | Partido Demócrata Cristiano: 0S/7N (0.0% S) | Partido Liberal de Chile: 0S/2N (0.0% S) | Partido Nacional Libertario: 8S/0N (100.0% S) | Partido Por la Democracia: 0S/4N (0.0% S) | Partido Republicano: 28S/0N (100.0% S) | Partido Social Cristiano: 3S/0N (100.0% S) | Partido Socialista: 0S/10N (0.0% S) | Partido de la Gente: 2S/12N (14.3% S) | Renovación Nacional: 11S/0N (100.0% S) | Unión Demócrata Independiente: 12S/0N (100.0% S),1.0,14,"Comité Comunista e Independientes: 0S/12N (0.0% S) | Comité Democracia Cristiana, Federación Regionalista Verde Social e Independientes: 0S/10N (0.0% S) | Comité Partido Nacional Libertarios: 8S/0N (100.0% S) | Comité Partido Republicano: 31S/0N (100.0% S) | Comité Partido de la Gente: 1S/12N (7.7% S) | Frente Amplio: 0S/17N (0.0% S) | Partido Por la Democracia e Independientes: 0S/10N (0.0% S) | Por definir: 3S/0N (100.0% S) | Renovación Nacional, Evopoli e Independientes: 16S/0N (100.0% S) | Socialista, Liberal, Radical e Independientes: 0S/15N (0.0% S) | Unión Demócrata Independiente: 17S/0N (100.0% S)",1.0,11,1.43173682689667,-1.43173682689667,0.43173685669899,-1.0,63,,13
88950,18216-05,2026-05-20,0.5,0.980645,-1.43026781082153,-0.430267810821533,0.989578008651733,0.986842105263158,bill:18216-05,Unánime,Boletín N°18216-05,,Para la reconstrucción nacional y el desarrollo económico y social,,Cámara de Diputados,,,,,project_level_not_sufficient_for_omnibus_rollcall,1,Megareforma / proyecto omnibus del gobierno de Jose Antonio Kast,exact_rollcall_item,1,76,76,1,2,0,152,0.5,no_alineado: 12S/10N (54.5% S) | oficialismo: 0S/66N (0.0% S) | oposicion: 64S/0N (100.0% S),1.0,3,Evolución Política: 0S/2N (0.0% S) | Frente Amplio: 15S/0N (100.0% S) | Independientes: 15S/10N (60.0% S) | Partido Comunista: 8S/0N (100.0% S) | Partido Demócrata Cristiano: 7S/0N (100.0% S) | Partido Liberal de Chile: 2S/0N (100.0% S) | Partido Nacional Libertario: 0S/8N (0.0% S) | Partido Por la Democracia: 4S/0N (100.0% S) | Partido Republicano: 0S/28N (0.0% S) | Partido Social Cristiano: 0S/3N (0.0% S) | Partido Socialista: 10S/0N (100.0% S) | Partido de la Gente: 12S/2N (85.7% S) | Renovación Nacional: 0S/11N (0.0% S) | Unión Demócrata Independiente: 0S/12N (0.0% S),1.0,14,"Comité Comunista e Independientes: 12S/0N (100.0% S) | Comité Democracia Cristiana, Federación Regionalista Verde Social e Independientes: 10S/0N (100.0% S) | Comité Partido Nacional Libertarios: 0S/8N (0.0% S) | Comité Partido Republicano: 0S/31N (0.0% S) | Comité Partido de la Gente: 12S/1N (92.3% S) | Frente Amplio: 17S/0N (100.0% S) | Partido Por la Democracia e Independientes: 10S/0N (100.0% S) | Por definir: 0S/3N (0.0% S) | Renovación Nacional, Evopoli e Independientes: 0S/15N (0.0% S) | Socialista, Liberal, Radical e Independientes: 15S/0N (100.0% S) | Unión Demócrata Independiente: 0S/17N (0.0% S)",1.0,11,1.43026781082153,1.43026781082153,0.430267810821533,-1.0,65,,14
89482,18216-05,2026-07-21,0.324138,0.935484,1.30759108066559,0.307591050863266,0.92454320192337,0.914893617021277,bill:18216-05,Aprobado,Boletín N°18216-05,,Para la reconstrucción nacional y el desarrollo económico y social,,Cámara de Diputados,,,,,project_level_not_sufficient_for_omnibus_rollcall,1,Megareforma / proyecto omnibus del gobierno de Jose Antonio Kast,exact_rollcall_item,1,98,47,0,10,0,145,0.324138,no_alineado: 20S/0N (100.0% S) | oficialismo: 67S/0N (100.0% S) | oposicion: 11S/47N (19.0% S),0.810345,3,Evolución Política: 2S/0N (100.0% S) | Frente Amplio: 0S/13N (0.0% S) | Independientes: 11S/11N (50.0% S) | Partido Comunista: 0S/8N (0.0% S) | Partido Cristiano de Chile: 2S/0N (100.0% S) | Partido Demócrata Cristiano: 7S/0N (100.0% S) | Partido Liberal de Chile: 2S/0N (100.0% S) | Partido Nacional Libertario: 8S/0N (100.0% S) | Partido Por la Democracia: 0S/4N (0.0% S) | Partido Republicano: 28S/0N (100.0% S) | Partido Socialista: 0S/10N (0.0% S) | Partido de la Gente: 12S/0N (100.0% S) | Renovación Nacional: 11S/0N (100.0% S) | Unión Demócrata Independiente: 13S/0N (100.0% S),1.0,14,"Comité Comunista e Independientes: 0S/10N (0.0% S) | Comité Democracia Cristiana, Federación Regionalista Verde Social e Independientes: 8S/2N (80.0% S) | Comité Partido Nacional Libertarios: 8S/0N (100.0% S) | Comité Partido Republicano: 31S/0N (100.0% S) | Comité Partido de la Gente: 11S/0N (100.0% S) | Frente Amplio: 0S/15N (0.0% S) | Partido Por la Democracia e Independientes: 0S/9N (0.0% S) | Por definir: 3S/0N (100.0% S) | Renovación Nacional, Evopoli e Independientes: 16S/0N (100.0% S) | Socialista, Liberal, Radical e Independientes: 3S/11N (21.4% S) | Unión Demócrata Independiente: 17S/0N (100.0% S)",1.0,11,1.30759108066559,-1.30759108066559,-0.307591050863266,-1.0,70,,15
89474,18216-05,2026-07-21,0.319444,0.929032,1.29516327381134,0.295163303613663,0.935427844524384,0.956521739130435,bill:18216-05,Aprobado,Boletín N°18216-05,,Para la reconstrucción nacional y el desarrollo económico y social,,Cámara de Diputados,,,,,project_level_not_sufficient_for_omnibus_rollcall,1,Megareforma / proyecto omnibus del gobierno de Jose Antonio Kast,exact_rollcall_item,1,98,46,0,11,0,144,0.319444,no_alineado: 20S/0N (100.0% S) | oficialismo: 67S/0N (100.0% S) | oposicion: 11S/46N (19.3% S),0.807018,3,Evolución Política: 2S/0N (100.0% S) | Frente Amplio: 0S/13N (0.0% S) | Independientes: 12S/10N (54.5% S) | Partido Comunista: 0S/8N (0.0% S) | Partido Cristiano de Chile: 2S/0N (100.0% S) | Partido Demócrata Cristiano: 7S/0N (100.0% S) | Partido Nacional Libertario: 8S/0N (100.0% S) | Partido Por la Democracia: 0S/4N (0.0% S) | Partido Republicano: 28S/0N (100.0% S) | Partido Socialista: 0S/10N (0.0% S) | Partido de la Gente: 12S/0N (100.0% S) | Renovación Nacional: 11S/0N (100.0% S) | Unión Demócrata Independiente: 13S/0N (100.0% S),1.0,13,"Comité Comunista e Independientes: 0S/10N (0.0% S) | Comité Democracia Cristiana, Federación Regionalista Verde Social e Independientes: 9S/1N (90.0% S) | Comité Partido Nacional Libertarios: 8S/0N (100.0% S) | Comité Partido Republicano: 31S/0N (100.0% S) | Comité Partido de la Gente: 11S/0N (100.0% S) | Frente Amplio: 0S/15N (0.0% S) | Partido Por la Democracia e Independientes: 0S/9N (0.0% S) | Por definir: 3S/0N (100.0% S) | Renovación Nacional, Evopoli e Independientes: 16S/0N (100.0% S) | Socialista, Liberal, Radical e Independientes: 2S/11N (15.4% S) | Unión Demócrata Independiente: 17S/0N (100.0% S)",1.0,11,1.29516327381134,-1.29516327381134,-0.295163303613663,-1.0,73,,16
89487,18216-05,2026-07-21,0.333333,0.929032,1.28455722332001,0.28455725312233,0.925776541233063,0.9375,bill:18216-05,Aprobado,Boletín N°18216-05,,Para la reconstrucción nacional y el desarrollo económico y social,,Cámara de Diputados,,,,,project_level_not_sufficient_for_omnibus_rollcall,1,Megareforma / proyecto omnibus del gobierno de Jose Antonio Kast,exact_rollcall_item,1,96,48,0,11,0,144,0.333333,no_alineado: 19S/1N (95.0% S) | oficialismo: 67S/0N (100.0% S) | oposicion: 10S/47N (17.5% S),0.824561,3,Evolución Política: 2S/0N (100.0% S) | Frente Amplio: 0S/13N (0.0% S) | Independientes: 11S/11N (50.0% S) | Partido Comunista: 0S/8N (0.0% S) | Partido Cristiano de Chile: 2S/0N (100.0% S) | Partido Demócrata Cristiano: 7S/0N (100.0% S) | Partido Liberal de Chile: 0S/2N (0.0% S) | Partido Nacional Libertario: 8S/0N (100.0% S) | Partido Por la Democracia: 0S/4N (0.0% S) | Partido Republicano: 28S/0N (100.0% S) | Partido Socialista: 0S/9N (0.0% S) | Partido de la Gente: 11S/1N (91.7% S) | Renovación Nacional: 11S/0N (100.0% S) | Unión Demócrata Independiente: 13S/0N (100.0% S),1.0,14,"Comité Comunista e Independientes: 0S/10N (0.0% S) | Comité Democracia Cristiana, Federación Regionalista Verde Social e Independientes: 10S/0N (100.0% S) | Comité Partido Nacional Libertarios: 8S/0N (100.0% S) | Comité Partido Republicano: 31S/0N (100.0% S) | Comité Partido de la Gente: 10S/1N (90.9% S) | Frente Amplio: 0S/15N (0.0% S) | Partido Por la Democracia e Independientes: 0S/9N (0.0% S) | Por definir: 3S/0N (100.0% S) | Renovación Nacional, Evopoli e Independientes: 16S/0N (100.0% S) | Socialista, Liberal, Radical e Independientes: 0S/13N (0.0% S) | Unión Demócrata Independiente: 17S/0N (100.0% S)",1.0,11,1.28455722332001,-1.28455722332001,-0.28455725312233,-1.0,75,,17
89483,18216-05,2026-07-21,0.344828,0.935484,1.25971508026123,0.259715020656586,0.919805228710175,0.9,bill:18216-05,Aprobado,Boletín N°18216-05,,Para la reconstrucción nacional y el desarrollo económico y social,,Cámara de Diputados,,,,,project_level_not_sufficient_for_omnibus_rollcall,1,Megareforma / proyecto omnibus del gobierno de Jose Antonio Kast,exact_rollcall_item,1,95,50,0,10,0,145,0.344828,no_alineado: 19S/1N (95.0% S) | oficialismo: 67S/0N (100.0% S) | oposicion: 9S/49N (15.5% S),0.844828,3,Evolución Política: 2S/0N (100.0% S) | Frente Amplio: 0S/13N (0.0% S) | Independientes: 11S/11N (50.0% S) | Partido Comunista: 0S/8N (0.0% S) | Partido Cristiano de Chile: 2S/0N (100.0% S) | Partido Demócrata Cristiano: 7S/0N (100.0% S) | Partido Liberal de Chile: 0S/2N (0.0% S) | Partido Nacional Libertario: 8S/0N (100.0% S) | Partido Por la Democracia: 0S/4N (0.0% S) | Partido Republicano: 28S/0N (100.0% S) | Partido Socialista: 0S/10N (0.0% S) | Partido de la Gente: 11S/1N (91.7% S) | Renovación Nacional: 11S/0N (100.0% S) | Unión Demócrata Independiente: 13S/0N (100.0% S),1.0,14,"Comité Comunista e Independientes: 0S/10N (0.0% S) | Comité Democracia Cristiana, Federación Regionalista Verde Social e Independientes: 9S/1N (90.0% S) | Comité Partido Nacional Libertarios: 8S/0N (100.0% S) | Comité Partido Republicano: 31S/0N (100.0% S) | Comité Partido de la Gente: 10S/1N (90.9% S) | Frente Amplio: 0S/15N (0.0% S) | Partido Por la Democracia e Independientes: 0S/9N (0.0% S) | Por definir: 3S/0N (100.0% S) | Renovación Nacional, Evopoli e Independientes: 16S/0N (100.0% S) | Socialista, Liberal, Radical e Independientes: 0S/14N (0.0% S) | Unión Demócrata Independiente: 17S/0N (100.0% S)",1.0,11,1.25971508026123,-1.25971508026123,-0.259715020656586,-1.0,78,,18
89493,18216-05,2026-07-21,0.351724,0.935484,1.25571465492249,0.255714595317841,0.90563690662384,0.882352941176471,bill:18216-05,Aprobado,Boletín N°18216-05,,Para la reconstrucción nacional y el desarrollo económico y social,,Cámara de Diputados,,,,,project_level_not_sufficient_for_omnibus_rollcall,1,Megareforma / proyecto omnibus del gobierno de Jose Antonio Kast,exact_rollcall_item,1,94,51,0,10,0,145,0.351724,no_alineado: 17S/3N (85.0% S) | oficialismo: 67S/0N (100.0% S) | oposicion: 10S/48N (17.2% S),0.827586,3,Evolución Política: 2S/0N (100.0% S) | Frente Amplio: 0S/13N (0.0% S) | Independientes: 11S/11N (50.0% S) | Partido Comunista: 0S/8N (0.0% S) | Partido Cristiano de Chile: 2S/0N (100.0% S) | Partido Demócrata Cristiano: 7S/0N (100.0% S) | Partido Liberal de Chile: 0S/2N (0.0% S) | Partido Nacional Libertario: 8S/0N (100.0% S) | Partido Por la Democracia: 0S/4N (0.0% S) | Partido Republicano: 28S/0N (100.0% S) | Partido Socialista: 0S/10N (0.0% S) | Partido de la Gente: 9S/3N (75.0% S) | Renovación Nacional: 11S/0N (100.0% S) | Unión Demócrata Independiente: 13S/0N (100.0% S),1.0,14,"Comité Comunista e Independientes: 0S/10N (0.0% S) | Comité Democracia Cristiana, Federación Regionalista Verde Social e Independientes: 10S/0N (100.0% S) | Comité Partido Nacional Libertarios: 8S/0N (100.0% S) | Comité Partido Republicano: 31S/0N (100.0% S) | Comité Partido de la Gente: 8S/3N (72.7% S) | Frente Amplio: 0S/15N (0.0% S) | Partido Por la Democracia e Independientes: 0S/9N (0.0% S) | Por definir: 3S/0N (100.0% S) | Renovación Nacional, Evopoli e Independientes: 16S/0N (100.0% S) | Socialista, Liberal, Radical e Independientes: 0S/14N (0.0% S) | Unión Demócrata Independiente: 17S/0N (100.0% S)",1.0,11,1.25571465492249,-1.25571465492249,-0.255714595317841,-1.0,79,,19
88946,18216-05,2026-05-20,0.463087,0.96129,-1.2339460849762,-0.628805160522461,0.917762160301208,0.927536231884058,bill:18216-05,Aprobado,Boletín N°18216-05,,Para la reconstrucción nacional y el desarrollo económico y social,,Cámara de Diputados,,,,,project_level_not_sufficient_for_omnibus_rollcall,1,Megareforma / proyecto omnibus del gobierno de Jose Antonio Kast,exact_rollcall_item,1,80,69,4,2,0,149,0.463087,no_alineado: 12S/9N (57.1% S) | oficialismo: 5S/60N (7.7% S) | oposicion: 63S/0N (100.0% S),0.923077,3,Evolución Política: 0S/2N (0.0% S) | Frente Amplio: 15S/0N (100.0% S) | Independientes: 17S/8N (68.0% S) | Partido Comunista: 8S/0N (100.0% S) | Partido Demócrata Cristiano: 7S/0N (100.0% S) | Partido Liberal de Chile: 2S/0N (100.0% S) | Partido Nacional Libertario: 0S/8N (0.0% S) | Partido Por la Democracia: 4S/0N (100.0% S) | Partido Republicano: 0S/28N (0.0% S) | Partido Social Cristiano: 1S/2N (33.3% S) | Partido Socialista: 10S/0N (100.0% S) | Partido de la Gente: 12S/1N (92.3% S) | Renovación Nacional: 2S/8N (20.0% S) | Unión Demócrata Independiente: 0S/12N (0.0% S),1.0,14,"Comité Comunista e Independientes: 12S/0N (100.0% S) | Comité Democracia Cristiana, Federación Regionalista Verde Social e Independientes: 9S/0N (100.0% S) | Comité Partido Nacional Libertarios: 0S/8N (0.0% S) | Comité Partido Republicano: 0S/31N (0.0% S) | Comité Partido de la Gente: 12S/0N (100.0% S) | Frente Amplio: 17S/0N (100.0% S) | Partido Por la Democracia e Independientes: 10S/0N (100.0% S) | Por definir: 1S/2N (33.3% S) | Renovación Nacional, Evopoli e Independientes: 2S/12N (14.3% S) | Socialista, Liberal, Radical e Independientes: 15S/0N (100.0% S) | Unión Demócrata Independiente: 2S/15N (11.8% S)",1.0,11,1.2339460849762,1.2339460849762,0.628805160522461,-1.0,80,,20
88912,18216-05,2026-05-20,0.375,0.980645,1.22624158859253,0.22624160349369,0.912442028522491,0.894736842105263,bill:18216-05,Aprobado,Boletín N°18216-05,,Para la reconstrucción nacional y el desarrollo económico y social,,Cámara de Diputados,,,,,project_level_not_sufficient_for_omnibus_rollcall,1,Megareforma / proyecto omnibus del gobierno de Jose Antonio Kast,exact_rollcall_item,1,95,57,1,2,0,152,0.375,no_alineado: 22S/0N (100.0% S) | oficialismo: 68S/0N (100.0% S) | oposicion: 5S/57N (8.1% S),0.919355,3,Evolución Política: 2S/0N (100.0% S) | Frente Amplio: 0S/15N (0.0% S) | Independientes: 14S/11N (56.0% S) | Partido Comunista: 0S/8N (0.0% S) | Partido Demócrata Cristiano: 0S/7N (0.0% S) | Partido Nacional Libertario: 8S/0N (100.0% S) | Partido Por la Democracia: 0S/4N (0.0% S) | Partido Republicano: 28S/0N (100.0% S) | Partido Social Cristiano: 3S/0N (100.0% S) | Partido Socialista: 0S/10N (0.0% S) | Partido de la Gente: 14S/0N (100.0% S) | Renovación Nacional: 11S/0N (100.0% S) | Unión Demócrata Independiente: 13S/0N (100.0% S),1.0,13,"Comité Comunista e Independientes: 0S/12N (0.0% S) | Comité Democracia Cristiana, Federación Regionalista Verde Social e Independientes: 1S/9N (10.0% S) | Comité Partido Nacional Libertarios: 8S/0N (100.0% S) | Comité Partido Republicano: 31S/0N (100.0% S) | Comité Partido de la Gente: 13S/0N (100.0% S) | Frente Amplio: 0S/17N (0.0% S) | Partido Por la Democracia e Independientes: 2S/8N (20.0% S) | Por definir: 3S/0N (100.0% S) | Renovación Nacional, Evopoli e Independientes: 16S/0N (100.0% S) | Socialista, Liberal, Radical e Independientes: 2S/11N (15.4% S) | Unión Demócrata Independiente: 18S/0N (100.0% S)",1.0,11,1.22624158859253,-1.22624158859253,-0.22624160349369,-1.0,81,,21
88977,18216-05,2026-05-20,0.493421,0.980645,-1.22258448600769,-0.222584441304207,0.98938649892807,0.986666666666667,bill:18216-05,Unánime,Boletín N°18216-05,,Para la reconstrucción nacional y el desarrollo económico y social,,Cámara de Diputados,,,,,project_level_not_sufficient_for_omnibus_rollcall,1,Megareforma / proyecto omnibus del gobierno de Jose Antonio Kast,exact_rollcall_item,1,75,77,1,2,0,152,0.493421,no_alineado: 11S/10N (52.4% S) | oficialismo: 0S/67N (0.0% S) | oposicion: 64S/0N (100.0% S),1.0,3,Evolución Política: 0S/2N (0.0% S) | Frente Amplio: 15S/0N (100.0% S) | Independientes: 15S/10N (60.0% S) | Partido Comunista: 8S/0N (100.0% S) | Partido Demócrata Cristiano: 7S/0N (100.0% S) | Partido Liberal de Chile: 2S/0N (100.0% S) | Partido Nacional Libertario: 0S/8N (0.0% S) | Partido Por la Democracia: 4S/0N (100.0% S) | Partido Republicano: 0S/28N (0.0% S) | Partido Social Cristiano: 0S/3N (0.0% S) | Partido Socialista: 10S/0N (100.0% S) | Partido de la Gente: 11S/2N (84.6% S) | Renovación Nacional: 0S/11N (0.0% S) | Unión Demócrata Independiente: 0S/12N (0.0% S),1.0,14,"Comité Comunista e Independientes: 12S/0N (100.0% S) | Comité Democracia Cristiana, Federación Regionalista Verde Social e Independientes: 10S/0N (100.0% S) | Comité Partido Nacional Libertarios: 0S/8N (0.0% S) | Comité Partido Republicano: 0S/31N (0.0% S) | Comité Partido de la Gente: 11S/2N (84.6% S) | Frente Amplio: 17S/0N (100.0% S) | Partido Por la Democracia e Independientes: 10S/0N (100.0% S) | Por definir: 0S/3N (0.0% S) | Renovación Nacional, Evopoli e Independientes: 0S/16N (0.0% S) | Socialista, Liberal, Radical e Independientes: 15S/0N (100.0% S) | Unión Demócrata Independiente: 0S/17N (0.0% S)",1.0,11,1.22258448600769,1.22258448600769,0.222584441304207,-1.0,82,,22
88920,18216-05,2026-05-20,0.401316,0.980645,1.20132219791412,0.201322168111801,0.931740641593933,0.918032786885246,bill:18216-05,Aprobado,Boletín N°18216-05,,Para la reconstrucción nacional y el desarrollo económico y social,,Cámara de Diputados,,,,,project_level_not_sufficient_for_omnibus_rollcall,1,Megareforma / proyecto omnibus del gobierno de Jose Antonio Kast,exact_rollcall_item,1,91,61,1,2,0,152,0.401316,no_alineado: 21S/1N (95.5% S) | oficialismo: 67S/0N (100.0% S) | oposicion: 3S/60N (4.8% S),0.952381,3,Evolución Política: 2S/0N (100.0% S) | Frente Amplio: 0S/15N (0.0% S) | Independientes: 12S/13N (48.0% S) | Partido Comunista: 0S/8N (0.0% S) | Partido Demócrata Cristiano: 0S/7N (0.0% S) | Partido Liberal de Chile: 1S/1N (50.0% S) | Partido Nacional Libertario: 8S/0N (100.0% S) | Partido Por la Democracia: 0S/4N (0.0% S) | Partido Republicano: 28S/0N (100.0% S) | Partido Social Cristiano: 3S/0N (100.0% S) | Partido Socialista: 0S/10N (0.0% S) | Partido de la Gente: 13S/1N (92.9% S) | Renovación Nacional: 11S/0N (100.0% S) | Unión Demócrata Independiente: 12S/0N (100.0% S),1.0,14,"Comité Comunista e Independientes: 0S/12N (0.0% S) | Comité Democracia Cristiana, Federación Regionalista Verde Social e Independientes: 1S/9N (10.0% S) | Comité Partido Nacional Libertarios: 8S/0N (100.0% S) | Comité Partido Republicano: 31S/0N (100.0% S) | Comité Partido de la Gente: 12S/1N (92.3% S) | Frente Amplio: 0S/17N (0.0% S) | Partido Por la Democracia e Independientes: 0S/10N (0.0% S) | Por definir: 3S/0N (100.0% S) | Renovación Nacional, Evopoli e Independientes: 16S/0N (100.0% S) | Socialista, Liberal, Radical e Independientes: 2S/12N (14.3% S) | Unión Demócrata Independiente: 17S/0N (100.0% S)",1.0,11,1.20132219791412,-1.20132219791412,-0.201322168111801,-1.0,86,,23
88893,18216-05,2026-05-20,0.395973,0.96129,1.1997264623642,0.199726462364197,0.948000192642212,0.966101694915254,bill:18216-05,Aprobado,Boletín N°18216-05,,Para la reconstrucción nacional y el desarrollo económico y social,,Cámara de Diputados,,,,,project_level_not_sufficient_for_omnibus_rollcall,1,Megareforma / proyecto omnibus del gobierno de Jose Antonio Kast,exact_rollcall_item,1,90,59,1,5,0,149,0.395973,no_alineado: 22S/0N (100.0% S) | oficialismo: 67S/0N (100.0% S) | oposicion: 1S/59N (1.7% S),0.983333,3,Evolución Política: 2S/0N (100.0% S) | Frente Amplio: 0S/14N (0.0% S) | Independientes: 11S/14N (44.0% S) | Partido Comunista: 0S/7N (0.0% S) | Partido Demócrata Cristiano: 0S/7N (0.0% S) | Partido Liberal de Chile: 0S/2N (0.0% S) | Partido Nacional Libertario: 8S/0N (100.0% S) | Partido Por la Democracia: 0S/4N (0.0% S) | Partido Republicano: 28S/0N (100.0% S) | Partido Social Cristiano: 2S/0N (100.0% S) | Partido Socialista: 0S/9N (0.0% S) | Partido de la Gente: 14S/0N (100.0% S) | Renovación Nacional: 11S/0N (100.0% S) | Unión Demócrata Independiente: 13S/0N (100.0% S),1.0,14,"Comité Comunista e Independientes: 0S/11N (0.0% S) | Comité Democracia Cristiana, Federación Regionalista Verde Social e Independientes: 1S/8N (11.1% S) | Comité Partido Nacional Libertarios: 8S/0N (100.0% S) | Comité Partido Republicano: 31S/0N (100.0% S) | Comité Partido de la Gente: 13S/0N (100.0% S) | Frente Amplio: 0S/16N (0.0% S) | Partido Por la Democracia e Independientes: 0S/10N (0.0% S) | Por definir: 2S/0N (100.0% S) | Renovación Nacional, Evopoli e Independientes: 16S/0N (100.0% S) | Socialista, Liberal, Radical e Independientes: 0S/14N (0.0% S) | Unión Demócrata Independiente: 18S/0N (100.0% S)",1.0,11,1.1997264623642,-1.1997264623642,-0.199726462364197,-1.0,88,,24
88952,18216-05,2026-05-20,0.418301,0.987097,-1.18771123886108,0.187711253762245,0.952340662479401,1,bill:18216-05,Unánime,Boletín N°18216-05,,Para la reconstrucción nacional y el desarrollo económico y social,,Cámara de Diputados,,,,,project_level_not_sufficient_for_omnibus_rollcall,1,Megareforma / proyecto omnibus del gobierno de Jose Antonio Kast,exact_rollcall_item,1,64,89,0,2,0,153,0.418301,no_alineado: 0S/22N (0.0% S) | oficialismo: 0S/67N (0.0% S) | oposicion: 64S/0N (100.0% S),1.0,3,Evolución Política: 0S/2N (0.0% S) | Frente Amplio: 15S/0N (100.0% S) | Independientes: 15S/10N (60.0% S) | Partido Comunista: 8S/0N (100.0% S) | Partido Demócrata Cristiano: 7S/0N (100.0% S) | Partido Liberal de Chile: 2S/0N (100.0% S) | Partido Nacional Libertario: 0S/8N (0.0% S) | Partido Por la Democracia: 4S/0N (100.0% S) | Partido Republicano: 0S/28N (0.0% S) | Partido Social Cristiano: 0S/3N (0.0% S) | Partido Socialista: 10S/0N (100.0% S) | Partido de la Gente: 0S/14N (0.0% S) | Renovación Nacional: 0S/11N (0.0% S) | Unión Demócrata Independiente: 0S/12N (0.0% S),1.0,14,"Comité Comunista e Independientes: 12S/0N (100.0% S) | Comité Democracia Cristiana, Federación Regionalista Verde Social e Independientes: 10S/0N (100.0% S) | Comité Partido Nacional Libertarios: 0S/8N (0.0% S) | Comité Partido Republicano: 0S/31N (0.0% S) | Comité Partido de la Gente: 0S/13N (0.0% S) | Frente Amplio: 17S/0N (100.0% S) | Partido Por la Democracia e Independientes: 10S/0N (100.0% S) | Por definir: 0S/3N (0.0% S) | Renovación Nacional, Evopoli e Independientes: 0S/16N (0.0% S) | Socialista, Liberal, Radical e Independientes: 15S/0N (100.0% S) | Unión Demócrata Independiente: 0S/17N (0.0% S)",1.0,11,1.18771123886108,1.18771123886108,-0.187711253762245,-1.0,90,,25
89470,18216-05,2026-07-21,0.409722,0.929032,1.1747020483017,0.174702048301697,0.954162180423737,0.983050847457627,bill:18216-05,Aprobado,Boletín N°18216-05,,Para la reconstrucción nacional y el desarrollo económico y social,,Cámara de Diputados,,,,,project_level_not_sufficient_for_omnibus_rollcall,1,Megareforma / proyecto omnibus del gobierno de Jose Antonio Kast,exact_rollcall_item,1,85,59,0,11,0,144,0.409722,no_alineado: 19S/1N (95.0% S) | oficialismo: 66S/0N (100.0% S) | oposicion: 0S/58N (0.0% S),1.0,3,Evolución Política: 2S/0N (100.0% S) | Frente Amplio: 0S/13N (0.0% S) | Independientes: 9S/13N (40.9% S) | Partido Comunista: 0S/8N (0.0% S) | Partido Cristiano de Chile: 2S/0N (100.0% S) | Partido Demócrata Cristiano: 0S/7N (0.0% S) | Partido Liberal de Chile: 0S/2N (0.0% S) | Partido Nacional Libertario: 8S/0N (100.0% S) | Partido Por la Democracia: 0S/4N (0.0% S) | Partido Republicano: 27S/0N (100.0% S) | Partido Socialista: 0S/10N (0.0% S) | Partido de la Gente: 11S/1N (91.7% S) | Renovación Nacional: 11S/0N (100.0% S) | Unión Demócrata Independiente: 13S/0N (100.0% S),1.0,14,"Comité Comunista e Independientes: 0S/10N (0.0% S) | Comité Democracia Cristiana, Federación Regionalista Verde Social e Independientes: 0S/10N (0.0% S) | Comité Partido Nacional Libertarios: 8S/0N (100.0% S) | Comité Partido Republicano: 30S/0N (100.0% S) | Comité Partido de la Gente: 10S/1N (90.9% S) | Frente Amplio: 0S/15N (0.0% S) | Partido Por la Democracia e Independientes: 0S/9N (0.0% S) | Por definir: 3S/0N (100.0% S) | Renovación Nacional, Evopoli e Independientes: 16S/0N (100.0% S) | Socialista, Liberal, Radical e Independientes: 0S/14N (0.0% S) | Unión Demócrata Independiente: 17S/0N (100.0% S)",1.0,11,1.1747020483017,-1.1747020483017,-0.174702048301697,-1.0,101,,26
89490,18216-05,2026-07-21,0.4,0.935484,1.17354297637939,0.173543035984039,0.95504355430603,1,bill:18216-05,Aprobado,Boletín N°18216-05,,Para la reconstrucción nacional y el desarrollo económico y social,,Cámara de Diputados,,,,,project_level_not_sufficient_for_omnibus_rollcall,1,Megareforma / proyecto omnibus del gobierno de Jose Antonio Kast,exact_rollcall_item,1,87,58,0,10,0,145,0.4,no_alineado: 20S/0N (100.0% S) | oficialismo: 67S/0N (100.0% S) | oposicion: 0S/58N (0.0% S),1.0,3,Evolución Política: 2S/0N (100.0% S) | Frente Amplio: 0S/13N (0.0% S) | Independientes: 9S/13N (40.9% S) | Partido Comunista: 0S/8N (0.0% S) | Partido Cristiano de Chile: 2S/0N (100.0% S) | Partido Demócrata Cristiano: 0S/7N (0.0% S) | Partido Liberal de Chile: 0S/2N (0.0% S) | Partido Nacional Libertario: 8S/0N (100.0% S) | Partido Por la Democracia: 0S/4N (0.0% S) | Partido Republicano: 28S/0N (100.0% S) | Partido Socialista: 0S/10N (0.0% S) | Partido de la Gente: 12S/0N (100.0% S) | Renovación Nacional: 11S/0N (100.0% S) | Unión Demócrata Independiente: 13S/0N (100.0% S),1.0,14,"Comité Comunista e Independientes: 0S/10N (0.0% S) | Comité Democracia Cristiana, Federación Regionalista Verde Social e Independientes: 0S/10N (0.0% S) | Comité Partido Nacional Libertarios: 8S/0N (100.0% S) | Comité Partido Republicano: 31S/0N (100.0% S) | Comité Partido de la Gente: 11S/0N (100.0% S) | Frente Amplio: 0S/15N (0.0% S) | Partido Por la Democracia e Independientes: 0S/9N (0.0% S) | Por definir: 3S/0N (100.0% S) | Renovación Nacional, Evopoli e Independientes: 16S/0N (100.0% S) | Socialista, Liberal, Radical e Independientes: 0S/14N (0.0% S) | Unión Demócrata Independiente: 17S/0N (100.0% S)",1.0,11,1.17354297637939,-1.17354297637939,-0.173543035984039,-1.0,102,,27
88951,18216-05,2026-05-20,0.486842,0.980645,-1.17057073116302,-0.170570686459541,0.969463169574738,0.986486486486487,bill:18216-05,Unánime,Boletín N°18216-05,,Para la reconstrucción nacional y el desarrollo económico y social,,Cámara de Diputados,,,,,project_level_not_sufficient_for_omnibus_rollcall,1,Megareforma / proyecto omnibus del gobierno de Jose Antonio Kast,exact_rollcall_item,1,74,78,1,2,0,152,0.486842,no_alineado: 10S/12N (45.5% S) | oficialismo: 0S/66N (0.0% S) | oposicion: 64S/0N (100.0% S),1.0,3,Evolución Política: 0S/2N (0.0% S) | Frente Amplio: 15S/0N (100.0% S) | Independientes: 15S/10N (60.0% S) | Partido Comunista: 8S/0N (100.0% S) | Partido Demócrata Cristiano: 7S/0N (100.0% S) | Partido Liberal de Chile: 2S/0N (100.0% S) | Partido Nacional Libertario: 0S/8N (0.0% S) | Partido Por la Democracia: 4S/0N (100.0% S) | Partido Republicano: 0S/28N (0.0% S) | Partido Social Cristiano: 0S/3N (0.0% S) | Partido Socialista: 10S/0N (100.0% S) | Partido de la Gente: 10S/4N (71.4% S) | Renovación Nacional: 0S/11N (0.0% S) | Unión Demócrata Independiente: 0S/12N (0.0% S),1.0,14,"Comité Comunista e Independientes: 12S/0N (100.0% S) | Comité Democracia Cristiana, Federación Regionalista Verde Social e Independientes: 10S/0N (100.0% S) | Comité Partido Nacional Libertarios: 0S/8N (0.0% S) | Comité Partido Republicano: 0S/31N (0.0% S) | Comité Partido de la Gente: 10S/3N (76.9% S) | Frente Amplio: 17S/0N (100.0% S) | Partido Por la Democracia e Independientes: 10S/0N (100.0% S) | Por definir: 0S/3N (0.0% S) | Renovación Nacional, Evopoli e Independientes: 0S/15N (0.0% S) | Socialista, Liberal, Radical e Independientes: 15S/0N (100.0% S) | Unión Demócrata Independiente: 0S/17N (0.0% S)",1.0,11,1.17057073116302,1.17057073116302,0.170570686459541,-1.0,103,,28
89492,18216-05,2026-07-21,0.413793,0.935484,1.14812481403351,0.148124814033508,0.955707013607025,0.983333333333333,bill:18216-05,Aprobado,Boletín N°18216-05,,Para la reconstrucción nacional y el desarrollo económico y social,,Cámara de Diputados,,,,,project_level_not_sufficient_for_omnibus_rollcall,1,Megareforma / proyecto omnibus del gobierno de Jose Antonio Kast,exact_rollcall_item,1,85,60,0,10,0,145,0.413793,no_alineado: 17S/3N (85.0% S) | oficialismo: 67S/0N (100.0% S) | oposicion: 1S/57N (1.7% S),0.982759,3,Evolución Política: 2S/0N (100.0% S) | Frente Amplio: 0S/13N (0.0% S) | Independientes: 9S/13N (40.9% S) | Partido Comunista: 0S/8N (0.0% S) | Partido Cristiano de Chile: 2S/0N (100.0% S) | Partido Demócrata Cristiano: 0S/7N (0.0% S) | Partido Liberal de Chile: 0S/2N (0.0% S) | Partido Nacional Libertario: 8S/0N (100.0% S) | Partido Por la Democracia: 0S/4N (0.0% S) | Partido Republicano: 28S/0N (100.0% S) | Partido Socialista: 0S/10N (0.0% S) | Partido de la Gente: 9S/3N (75.0% S) | Renovación Nacional: 11S/0N (100.0% S) | Unión Demócrata Independiente: 13S/0N (100.0% S),1.0,14,"Comité Comunista e Independientes: 0S/10N (0.0% S) | Comité Democracia Cristiana, Federación Regionalista Verde Social e Independientes: 1S/9N (10.0% S) | Comité Partido Nacional Libertarios: 8S/0N (100.0% S) | Comité Partido Republicano: 31S/0N (100.0% S) | Comité Partido de la Gente: 8S/3N (72.7% S) | Frente Amplio: 0S/15N (0.0% S) | Partido Por la Democracia e Independientes: 0S/9N (0.0% S) | Por definir: 3S/0N (100.0% S) | Renovación Nacional, Evopoli e Independientes: 16S/0N (100.0% S) | Socialista, Liberal, Radical e Independientes: 0S/14N (0.0% S) | Unión Demócrata Independiente: 17S/0N (100.0% S)",1.0,11,1.14812481403351,-1.14812481403351,-0.148124814033508,-1.0,106,,29
89489,18216-05,2026-07-21,0.413793,0.935484,1.13747620582581,0.137476250529289,0.961794376373291,0.983333333333333,bill:18216-05,Aprobado,Boletín N°18216-05,,Para la reconstrucción nacional y el desarrollo económico y social,,Cámara de Diputados,,,,,project_level_not_sufficient_for_omnibus_rollcall,1,Megareforma / proyecto omnibus del gobierno de Jose Antonio Kast,exact_rollcall_item,1,85,60,0,10,0,145,0.413793,no_alineado: 18S/2N (90.0% S) | oficialismo: 67S/0N (100.0% S) | oposicion: 0S/58N (0.0% S),1.0,3,Evolución Política: 2S/0N (100.0% S) | Frente Amplio: 0S/13N (0.0% S) | Independientes: 9S/13N (40.9% S) | Partido Comunista: 0S/8N (0.0% S) | Partido Cristiano de Chile: 2S/0N (100.0% S) | Partido Demócrata Cristiano: 0S/7N (0.0% S) | Partido Liberal de Chile: 0S/2N (0.0% S) | Partido Nacional Libertario: 8S/0N (100.0% S) | Partido Por la Democracia: 0S/4N (0.0% S) | Partido Republicano: 28S/0N (100.0% S) | Partido Socialista: 0S/10N (0.0% S) | Partido de la Gente: 10S/2N (83.3% S) | Renovación Nacional: 11S/0N (100.0% S) | Unión Demócrata Independiente: 13S/0N (100.0% S),1.0,14,"Comité Comunista e Independientes: 0S/10N (0.0% S) | Comité Democracia Cristiana, Federación Regionalista Verde Social e Independientes: 0S/10N (0.0% S) | Comité Partido Nacional Libertarios: 8S/0N (100.0% S) | Comité Partido Republicano: 31S/0N (100.0% S) | Comité Partido de la Gente: 9S/2N (81.8% S) | Frente Amplio: 0S/15N (0.0% S) | Partido Por la Democracia e Independientes: 0S/9N (0.0% S) | Por definir: 3S/0N (100.0% S) | Renovación Nacional, Evopoli e Independientes: 16S/0N (100.0% S) | Socialista, Liberal, Radical e Independientes: 0S/14N (0.0% S) | Unión Demócrata Independiente: 17S/0N (100.0% S)",1.0,11,1.13747620582581,-1.13747620582581,-0.137476250529289,-1.0,109,,30
89475,18216-05,2026-07-21,0.42069,0.935484,1.13184177875519,0.131841734051704,0.96634840965271,1,bill:18216-05,Aprobado,Boletín N°18216-05,,Para la reconstrucción nacional y el desarrollo económico y social,,Cámara de Diputados,,,,,project_level_not_sufficient_for_omnibus_rollcall,1,Megareforma / proyecto omnibus del gobierno de Jose Antonio Kast,exact_rollcall_item,1,84,61,0,10,0,145,0.42069,no_alineado: 17S/3N (85.0% S) | oficialismo: 67S/0N (100.0% S) | oposicion: 0S/58N (0.0% S),1.0,3,Evolución Política: 2S/0N (100.0% S) | Frente Amplio: 0S/13N (0.0% S) | Independientes: 9S/13N (40.9% S) | Partido Comunista: 0S/8N (0.0% S) | Partido Cristiano de Chile: 2S/0N (100.0% S) | Partido Demócrata Cristiano: 0S/7N (0.0% S) | Partido Liberal de Chile: 0S/2N (0.0% S) | Partido Nacional Libertario: 8S/0N (100.0% S) | Partido Por la Democracia: 0S/4N (0.0% S) | Partido Republicano: 28S/0N (100.0% S) | Partido Socialista: 0S/10N (0.0% S) | Partido de la Gente: 9S/3N (75.0% S) | Renovación Nacional: 11S/0N (100.0% S) | Unión Demócrata Independiente: 13S/0N (100.0% S),1.0,14,"Comité Comunista e Independientes: 0S/10N (0.0% S) | Comité Democracia Cristiana, Federación Regionalista Verde Social e Independientes: 0S/10N (0.0% S) | Comité Partido Nacional Libertarios: 8S/0N (100.0% S) | Comité Partido Republicano: 31S/0N (100.0% S) | Comité Partido de la Gente: 8S/3N (72.7% S) | Frente Amplio: 0S/15N (0.0% S) | Partido Por la Democracia e Independientes: 0S/9N (0.0% S) | Por definir: 3S/0N (100.0% S) | Renovación Nacional, Evopoli e Independientes: 16S/0N (100.0% S) | Socialista, Liberal, Radical e Independientes: 0S/14N (0.0% S) | Unión Demócrata Independiente: 17S/0N (100.0% S)",1.0,11,1.13184177875519,-1.13184177875519,-0.131841734051704,-1.0,110,,31
89476,18216-05,2026-07-21,0.42069,0.935484,1.13184177875519,0.131841734051704,0.96634840965271,1,bill:18216-05,Aprobado,Boletín N°18216-05,,Para la reconstrucción nacional y el desarrollo económico y social,,Cámara de Diputados,,,,,project_level_not_sufficient_for_omnibus_rollcall,1,Megareforma / proyecto omnibus del gobierno de Jose Antonio Kast,exact_rollcall_item,1,84,61,0,10,0,145,0.42069,no_alineado: 17S/3N (85.0% S) | oficialismo: 67S/0N (100.0% S) | oposicion: 0S/58N (0.0% S),1.0,3,Evolución Política: 2S/0N (100.0% S) | Frente Amplio: 0S/13N (0.0% S) | Independientes: 9S/13N (40.9% S) | Partido Comunista: 0S/8N (0.0% S) | Partido Cristiano de Chile: 2S/0N (100.0% S) | Partido Demócrata Cristiano: 0S/7N (0.0% S) | Partido Liberal de Chile: 0S/2N (0.0% S) | Partido Nacional Libertario: 8S/0N (100.0% S) | Partido Por la Democracia: 0S/4N (0.0% S) | Partido Republicano: 28S/0N (100.0% S) | Partido Socialista: 0S/10N (0.0% S) | Partido de la Gente: 9S/3N (75.0% S) | Renovación Nacional: 11S/0N (100.0% S) | Unión Demócrata Independiente: 13S/0N (100.0% S),1.0,14,"Comité Comunista e Independientes: 0S/10N (0.0% S) | Comité Democracia Cristiana, Federación Regionalista Verde Social e Independientes: 0S/10N (0.0% S) | Comité Partido Nacional Libertarios: 8S/0N (100.0% S) | Comité Partido Republicano: 31S/0N (100.0% S) | Comité Partido de la Gente: 8S/3N (72.7% S) | Frente Amplio: 0S/15N (0.0% S) | Partido Por la Democracia e Independientes: 0S/9N (0.0% S) | Por definir: 3S/0N (100.0% S) | Renovación Nacional, Evopoli e Independientes: 16S/0N (100.0% S) | Socialista, Liberal, Radical e Independientes: 0S/14N (0.0% S) | Unión Demócrata Independiente: 17S/0N (100.0% S)",1.0,11,1.13184177875519,-1.13184177875519,-0.131841734051704,-1.0,111,,32
89484,18216-05,2026-07-21,0.42069,0.935484,1.13184177875519,0.131841734051704,0.96634840965271,1,bill:18216-05,Aprobado,Boletín N°18216-05,,Para la reconstrucción nacional y el desarrollo económico y social,,Cámara de Diputados,,,,,project_level_not_sufficient_for_omnibus_rollcall,1,Megareforma / proyecto omnibus del gobierno de Jose Antonio Kast,exact_rollcall_item,1,84,61,0,10,0,145,0.42069,no_alineado: 17S/3N (85.0% S) | oficialismo: 67S/0N (100.0% S) | oposicion: 0S/58N (0.0% S),1.0,3,Evolución Política: 2S/0N (100.0% S) | Frente Amplio: 0S/13N (0.0% S) | Independientes: 9S/13N (40.9% S) | Partido Comunista: 0S/8N (0.0% S) | Partido Cristiano de Chile: 2S/0N (100.0% S) | Partido Demócrata Cristiano: 0S/7N (0.0% S) | Partido Liberal de Chile: 0S/2N (0.0% S) | Partido Nacional Libertario: 8S/0N (100.0% S) | Partido Por la Democracia: 0S/4N (0.0% S) | Partido Republicano: 28S/0N (100.0% S) | Partido Socialista: 0S/10N (0.0% S) | Partido de la Gente: 9S/3N (75.0% S) | Renovación Nacional: 11S/0N (100.0% S) | Unión Demócrata Independiente: 13S/0N (100.0% S),1.0,14,"Comité Comunista e Independientes: 0S/10N (0.0% S) | Comité Democracia Cristiana, Federación Regionalista Verde Social e Independientes: 0S/10N (0.0% S) | Comité Partido Nacional Libertarios: 8S/0N (100.0% S) | Comité Partido Republicano: 31S/0N (100.0% S) | Comité Partido de la Gente: 8S/3N (72.7% S) | Frente Amplio: 0S/15N (0.0% S) | Partido Por la Democracia e Independientes: 0S/9N (0.0% S) | Por definir: 3S/0N (100.0% S) | Renovación Nacional, Evopoli e Independientes: 16S/0N (100.0% S) | Socialista, Liberal, Radical e Independientes: 0S/14N (0.0% S) | Unión Demócrata Independiente: 17S/0N (100.0% S)",1.0,11,1.13184177875519,-1.13184177875519,-0.131841734051704,-1.0,112,,33
89491,18216-05,2026-07-21,0.42069,0.935484,1.13184177875519,0.131841734051704,0.96634840965271,1,bill:18216-05,Aprobado,Boletín N°18216-05,,Para la reconstrucción nacional y el desarrollo económico y social,,Cámara de Diputados,,,,,project_level_not_sufficient_for_omnibus_rollcall,1,Megareforma / proyecto omnibus del gobierno de Jose Antonio Kast,exact_rollcall_item,1,84,61,0,10,0,145,0.42069,no_alineado: 17S/3N (85.0% S) | oficialismo: 67S/0N (100.0% S) | oposicion: 0S/58N (0.0% S),1.0,3,Evolución Política: 2S/0N (100.0% S) | Frente Amplio: 0S/13N (0.0% S) | Independientes: 9S/13N (40.9% S) | Partido Comunista: 0S/8N (0.0% S) | Partido Cristiano de Chile: 2S/0N (100.0% S) | Partido Demócrata Cristiano: 0S/7N (0.0% S) | Partido Liberal de Chile: 0S/2N (0.0% S) | Partido Nacional Libertario: 8S/0N (100.0% S) | Partido Por la Democracia: 0S/4N (0.0% S) | Partido Republicano: 28S/0N (100.0% S) | Partido Socialista: 0S/10N (0.0% S) | Partido de la Gente: 9S/3N (75.0% S) | Renovación Nacional: 11S/0N (100.0% S) | Unión Demócrata Independiente: 13S/0N (100.0% S),1.0,14,"Comité Comunista e Independientes: 0S/10N (0.0% S) | Comité Democracia Cristiana, Federación Regionalista Verde Social e Independientes: 0S/10N (0.0% S) | Comité Partido Nacional Libertarios: 8S/0N (100.0% S) | Comité Partido Republicano: 31S/0N (100.0% S) | Comité Partido de la Gente: 8S/3N (72.7% S) | Frente Amplio: 0S/15N (0.0% S) | Partido Por la Democracia e Independientes: 0S/9N (0.0% S) | Por definir: 3S/0N (100.0% S) | Renovación Nacional, Evopoli e Independientes: 16S/0N (100.0% S) | Socialista, Liberal, Radical e Independientes: 0S/14N (0.0% S) | Unión Demócrata Independiente: 17S/0N (100.0% S)",1.0,11,1.13184177875519,-1.13184177875519,-0.131841734051704,-1.0,113,,34
88919,18216-05,2026-05-20,0.477124,0.987097,1.12148237228394,-0.121482327580452,0.971355974674225,0.972602739726027,bill:18216-05,Aprobado,Boletín N°18216-05,,Para la reconstrucción nacional y el desarrollo económico y social,,Cámara de Diputados,,,,,project_level_not_sufficient_for_omnibus_rollcall,1,Megareforma / proyecto omnibus del gobierno de Jose Antonio Kast,exact_rollcall_item,1,80,73,0,2,0,153,0.477124,no_alineado: 13S/9N (59.1% S) | oficialismo: 67S/0N (100.0% S) | oposicion: 0S/64N (0.0% S),1.0,3,Evolución Política: 2S/0N (100.0% S) | Frente Amplio: 0S/15N (0.0% S) | Independientes: 10S/15N (40.0% S) | Partido Comunista: 0S/8N (0.0% S) | Partido Demócrata Cristiano: 0S/7N (0.0% S) | Partido Liberal de Chile: 0S/2N (0.0% S) | Partido Nacional Libertario: 8S/0N (100.0% S) | Partido Por la Democracia: 0S/4N (0.0% S) | Partido Republicano: 28S/0N (100.0% S) | Partido Social Cristiano: 3S/0N (100.0% S) | Partido Socialista: 0S/10N (0.0% S) | Partido de la Gente: 5S/9N (35.7% S) | Renovación Nacional: 11S/0N (100.0% S) | Unión Demócrata Independiente: 12S/0N (100.0% S),1.0,14,"Comité Comunista e Independientes: 0S/12N (0.0% S) | Comité Democracia Cristiana, Federación Regionalista Verde Social e Independientes: 0S/10N (0.0% S) | Comité Partido Nacional Libertarios: 8S/0N (100.0% S) | Comité Partido Republicano: 31S/0N (100.0% S) | Comité Partido de la Gente: 4S/9N (30.8% S) | Frente Amplio: 0S/17N (0.0% S) | Partido Por la Democracia e Independientes: 0S/10N (0.0% S) | Por definir: 3S/0N (100.0% S) | Renovación Nacional, Evopoli e Independientes: 16S/0N (100.0% S) | Socialista, Liberal, Radical e Independientes: 0S/15N (0.0% S) | Unión Demócrata Independiente: 17S/0N (100.0% S)",1.0,11,1.12148237228394,-1.12148237228394,0.121482327580452,-1.0,115,,35
88907,18216-05,2026-05-20,0.46,0.967742,1.10369575023651,-0.103695772588253,0.975102543830872,0.971014492753623,bill:18216-05,Aprobado,Boletín N°18216-05,,Para la reconstrucción nacional y el desarrollo económico y social,,Cámara de Diputados,,,,,project_level_not_sufficient_for_omnibus_rollcall,1,Megareforma / proyecto omnibus del gobierno de Jose Antonio Kast,exact_rollcall_item,1,81,69,4,1,0,150,0.46,no_alineado: 13S/8N (61.9% S) | oficialismo: 68S/0N (100.0% S) | oposicion: 0S/61N (0.0% S),1.0,3,Evolución Política: 2S/0N (100.0% S) | Frente Amplio: 0S/15N (0.0% S) | Independientes: 10S/14N (41.7% S) | Partido Comunista: 0S/8N (0.0% S) | Partido Demócrata Cristiano: 0S/7N (0.0% S) | Partido Nacional Libertario: 8S/0N (100.0% S) | Partido Por la Democracia: 0S/4N (0.0% S) | Partido Republicano: 28S/0N (100.0% S) | Partido Social Cristiano: 3S/0N (100.0% S) | Partido Socialista: 0S/10N (0.0% S) | Partido de la Gente: 5S/8N (38.5% S) | Renovación Nacional: 11S/0N (100.0% S) | Unión Demócrata Independiente: 13S/0N (100.0% S),1.0,13,"Comité Comunista e Independientes: 0S/12N (0.0% S) | Comité Democracia Cristiana, Federación Regionalista Verde Social e Independientes: 0S/10N (0.0% S) | Comité Partido Nacional Libertarios: 8S/0N (100.0% S) | Comité Partido Republicano: 31S/0N (100.0% S) | Comité Partido de la Gente: 4S/8N (33.3% S) | Frente Amplio: 0S/17N (0.0% S) | Partido Por la Democracia e Independientes: 0S/10N (0.0% S) | Por definir: 3S/0N (100.0% S) | Renovación Nacional, Evopoli e Independientes: 16S/0N (100.0% S) | Socialista, Liberal, Radical e Independientes: 0S/12N (0.0% S) | Unión Demócrata Independiente: 18S/0N (100.0% S)",1.0,11,1.10369575023651,-1.10369575023651,0.103695772588253,-1.0,116,,36
88944,18216-05,2026-05-20,0.416107,0.96129,-1.09491848945618,0.0949184820055962,0.937657356262207,0.919354838709677,bill:18216-05,Unánime,Boletín N°18216-05,,Para la reconstrucción nacional y el desarrollo económico y social,,Cámara de Diputados,,,,,project_level_not_sufficient_for_omnibus_rollcall,1,Megareforma / proyecto omnibus del gobierno de Jose Antonio Kast,exact_rollcall_item,1,62,87,4,2,0,149,0.416107,no_alineado: 2S/20N (9.1% S) | oficialismo: 0S/67N (0.0% S) | oposicion: 60S/0N (100.0% S),1.0,3,Evolución Política: 0S/2N (0.0% S) | Frente Amplio: 15S/0N (100.0% S) | Independientes: 12S/10N (54.5% S) | Partido Comunista: 8S/0N (100.0% S) | Partido Demócrata Cristiano: 7S/0N (100.0% S) | Partido Liberal de Chile: 2S/0N (100.0% S) | Partido Nacional Libertario: 0S/8N (0.0% S) | Partido Por la Democracia: 3S/0N (100.0% S) | Partido Republicano: 0S/28N (0.0% S) | Partido Social Cristiano: 0S/3N (0.0% S) | Partido Socialista: 10S/0N (100.0% S) | Partido de la Gente: 2S/12N (14.3% S) | Renovación Nacional: 0S/11N (0.0% S) | Unión Demócrata Independiente: 0S/12N (0.0% S),1.0,14,"Comité Comunista e Independientes: 12S/0N (100.0% S) | Comité Democracia Cristiana, Federación Regionalista Verde Social e Independientes: 10S/0N (100.0% S) | Comité Partido Nacional Libertarios: 0S/8N (0.0% S) | Comité Partido Republicano: 0S/31N (0.0% S) | Comité Partido de la Gente: 2S/11N (15.4% S) | Frente Amplio: 17S/0N (100.0% S) | Partido Por la Democracia e Independientes: 6S/0N (100.0% S) | Por definir: 0S/3N (0.0% S) | Renovación Nacional, Evopoli e Independientes: 0S/16N (0.0% S) | Socialista, Liberal, Radical e Independientes: 15S/0N (100.0% S) | Unión Demócrata Independiente: 0S/17N (0.0% S)",1.0,11,1.09491848945618,1.09491848945618,-0.0949184820055962,-1.0,117,,37
88970,18216-05,2026-05-20,0.463576,0.974194,1.09079468250275,-0.0907947272062302,0.971782803535461,0.971428571428571,bill:18216-05,Aprobado,Boletín N°18216-05,,Para la reconstrucción nacional y el desarrollo económico y social,,Cámara de Diputados,,,,,project_level_not_sufficient_for_omnibus_rollcall,1,Megareforma / proyecto omnibus del gobierno de Jose Antonio Kast,exact_rollcall_item,1,81,70,2,2,0,151,0.463576,no_alineado: 14S/8N (63.6% S) | oficialismo: 67S/0N (100.0% S) | oposicion: 0S/62N (0.0% S),1.0,3,Evolución Política: 2S/0N (100.0% S) | Frente Amplio: 0S/15N (0.0% S) | Independientes: 10S/15N (40.0% S) | Partido Comunista: 0S/8N (0.0% S) | Partido Demócrata Cristiano: 0S/7N (0.0% S) | Partido Nacional Libertario: 8S/0N (100.0% S) | Partido Por la Democracia: 0S/4N (0.0% S) | Partido Republicano: 28S/0N (100.0% S) | Partido Social Cristiano: 3S/0N (100.0% S) | Partido Socialista: 0S/10N (0.0% S) | Partido de la Gente: 6S/8N (42.9% S) | Renovación Nacional: 11S/0N (100.0% S) | Unión Demócrata Independiente: 12S/0N (100.0% S),1.0,13,"Comité Comunista e Independientes: 0S/12N (0.0% S) | Comité Democracia Cristiana, Federación Regionalista Verde Social e Independientes: 0S/10N (0.0% S) | Comité Partido Nacional Libertarios: 8S/0N (100.0% S) | Comité Partido Republicano: 31S/0N (100.0% S) | Comité Partido de la Gente: 5S/8N (38.5% S) | Frente Amplio: 0S/17N (0.0% S) | Partido Por la Democracia e Independientes: 0S/10N (0.0% S) | Por definir: 3S/0N (100.0% S) | Renovación Nacional, Evopoli e Independientes: 16S/0N (100.0% S) | Socialista, Liberal, Radical e Independientes: 0S/13N (0.0% S) | Unión Demócrata Independiente: 17S/0N (100.0% S)",1.0,11,1.09079468250275,-1.09079468250275,0.0907947272062302,-1.0,118,,38
88940,18216-05,2026-05-20,0.456954,0.974194,1.07974410057068,-0.0797440856695175,0.971193134784698,0.985507246376812,bill:18216-05,Aprobado,Boletín N°18216-05,,Para la reconstrucción nacional y el desarrollo económico y social,,Cámara de Diputados,,,,,project_level_not_sufficient_for_omnibus_rollcall,1,Megareforma / proyecto omnibus del gobierno de Jose Antonio Kast,exact_rollcall_item,1,82,69,2,2,0,151,0.456954,no_alineado: 15S/7N (68.2% S) | oficialismo: 67S/0N (100.0% S) | oposicion: 0S/62N (0.0% S),1.0,3,Evolución Política: 2S/0N (100.0% S) | Frente Amplio: 0S/15N (0.0% S) | Independientes: 10S/13N (43.5% S) | Partido Comunista: 0S/8N (0.0% S) | Partido Demócrata Cristiano: 0S/7N (0.0% S) | Partido Liberal de Chile: 0S/2N (0.0% S) | Partido Nacional Libertario: 8S/0N (100.0% S) | Partido Por la Democracia: 0S/4N (0.0% S) | Partido Republicano: 28S/0N (100.0% S) | Partido Social Cristiano: 3S/0N (100.0% S) | Partido Socialista: 0S/10N (0.0% S) | Partido de la Gente: 7S/7N (50.0% S) | Renovación Nacional: 11S/0N (100.0% S) | Unión Demócrata Independiente: 12S/0N (100.0% S),1.0,14,"Comité Comunista e Independientes: 0S/12N (0.0% S) | Comité Democracia Cristiana, Federación Regionalista Verde Social e Independientes: 0S/10N (0.0% S) | Comité Partido Nacional Libertarios: 8S/0N (100.0% S) | Comité Partido Republicano: 31S/0N (100.0% S) | Comité Partido de la Gente: 6S/7N (46.2% S) | Frente Amplio: 0S/17N (0.0% S) | Partido Por la Democracia e Independientes: 0S/8N (0.0% S) | Por definir: 3S/0N (100.0% S) | Renovación Nacional, Evopoli e Independientes: 16S/0N (100.0% S) | Socialista, Liberal, Radical e Independientes: 0S/15N (0.0% S) | Unión Demócrata Independiente: 17S/0N (100.0% S)",1.0,11,1.07974410057068,-1.07974410057068,0.0797440856695175,-1.0,119,,39
88971,18216-05,2026-05-20,0.46,0.967742,1.07924902439117,-0.0792490243911743,0.972379803657532,0.985507246376812,bill:18216-05,Aprobado,Boletín N°18216-05,,Para la reconstrucción nacional y el desarrollo económico y social,,Cámara de Diputados,,,,,project_level_not_sufficient_for_omnibus_rollcall,1,Megareforma / proyecto omnibus del gobierno de Jose Antonio Kast,exact_rollcall_item,1,81,69,1,4,0,150,0.46,no_alineado: 15S/5N (75.0% S) | oficialismo: 66S/0N (100.0% S) | oposicion: 0S/64N (0.0% S),1.0,3,Evolución Política: 2S/0N (100.0% S) | Frente Amplio: 0S/15N (0.0% S) | Independientes: 10S/15N (40.0% S) | Partido Comunista: 0S/8N (0.0% S) | Partido Demócrata Cristiano: 0S/7N (0.0% S) | Partido Liberal de Chile: 0S/2N (0.0% S) | Partido Nacional Libertario: 8S/0N (100.0% S) | Partido Por la Democracia: 0S/4N (0.0% S) | Partido Republicano: 28S/0N (100.0% S) | Partido Social Cristiano: 3S/0N (100.0% S) | Partido Socialista: 0S/10N (0.0% S) | Partido de la Gente: 7S/5N (58.3% S) | Renovación Nacional: 10S/0N (100.0% S) | Unión Demócrata Independiente: 12S/0N (100.0% S),1.0,14,"Comité Comunista e Independientes: 0S/12N (0.0% S) | Comité Democracia Cristiana, Federación Regionalista Verde Social e Independientes: 0S/10N (0.0% S) | Comité Partido Nacional Libertarios: 8S/0N (100.0% S) | Comité Partido Republicano: 31S/0N (100.0% S) | Comité Partido de la Gente: 6S/5N (54.5% S) | Frente Amplio: 0S/17N (0.0% S) | Partido Por la Democracia e Independientes: 0S/10N (0.0% S) | Por definir: 3S/0N (100.0% S) | Renovación Nacional, Evopoli e Independientes: 15S/0N (100.0% S) | Socialista, Liberal, Radical e Independientes: 0S/15N (0.0% S) | Unión Demócrata Independiente: 17S/0N (100.0% S)",1.0,11,1.07924902439117,-1.07924902439117,0.0792490243911743,-1.0,120,,40
88941,18216-05,2026-05-20,0.467105,0.980645,1.07689118385315,-0.0768911242485046,0.974641144275665,0.985915492957746,bill:18216-05,Aprobado,Boletín N°18216-05,,Para la reconstrucción nacional y el desarrollo económico y social,,Cámara de Diputados,,,,,project_level_not_sufficient_for_omnibus_rollcall,1,Megareforma / proyecto omnibus del gobierno de Jose Antonio Kast,exact_rollcall_item,1,81,71,1,2,0,152,0.467105,no_alineado: 14S/7N (66.7% S) | oficialismo: 67S/0N (100.0% S) | oposicion: 0S/64N (0.0% S),1.0,3,Evolución Política: 2S/0N (100.0% S) | Frente Amplio: 0S/15N (0.0% S) | Independientes: 10S/15N (40.0% S) | Partido Comunista: 0S/8N (0.0% S) | Partido Demócrata Cristiano: 0S/7N (0.0% S) | Partido Liberal de Chile: 0S/2N (0.0% S) | Partido Nacional Libertario: 8S/0N (100.0% S) | Partido Por la Democracia: 0S/4N (0.0% S) | Partido Republicano: 28S/0N (100.0% S) | Partido Social Cristiano: 3S/0N (100.0% S) | Partido Socialista: 0S/10N (0.0% S) | Partido de la Gente: 6S/7N (46.2% S) | Renovación Nacional: 11S/0N (100.0% S) | Unión Demócrata Independiente: 12S/0N (100.0% S),1.0,14,"Comité Comunista e Independientes: 0S/12N (0.0% S) | Comité Democracia Cristiana, Federación Regionalista Verde Social e Independientes: 0S/10N (0.0% S) | Comité Partido Nacional Libertarios: 8S/0N (100.0% S) | Comité Partido Republicano: 31S/0N (100.0% S) | Comité Partido de la Gente: 5S/7N (41.7% S) | Frente Amplio: 0S/17N (0.0% S) | Partido Por la Democracia e Independientes: 0S/10N (0.0% S) | Por definir: 3S/0N (100.0% S) | Renovación Nacional, Evopoli e Independientes: 16S/0N (100.0% S) | Socialista, Liberal, Radical e Independientes: 0S/15N (0.0% S) | Unión Demócrata Independiente: 17S/0N (100.0% S)",1.0,11,1.07689118385315,-1.07689118385315,0.0768911242485046,-1.0,121,,41
88923,18216-05,2026-05-20,0.464052,0.987097,1.07617628574371,-0.0761762484908104,0.971251547336578,0.971830985915493,bill:18216-05,Aprobado,Boletín N°18216-05,,Para la reconstrucción nacional y el desarrollo económico y social,,Cámara de Diputados,,,,,project_level_not_sufficient_for_omnibus_rollcall,1,Megareforma / proyecto omnibus del gobierno de Jose Antonio Kast,exact_rollcall_item,1,82,71,0,2,0,153,0.464052,no_alineado: 15S/7N (68.2% S) | oficialismo: 67S/0N (100.0% S) | oposicion: 0S/64N (0.0% S),1.0,3,Evolución Política: 2S/0N (100.0% S) | Frente Amplio: 0S/15N (0.0% S) | Independientes: 10S/15N (40.0% S) | Partido Comunista: 0S/8N (0.0% S) | Partido Demócrata Cristiano: 0S/7N (0.0% S) | Partido Liberal de Chile: 0S/2N (0.0% S) | Partido Nacional Libertario: 8S/0N (100.0% S) | Partido Por la Democracia: 0S/4N (0.0% S) | Partido Republicano: 28S/0N (100.0% S) | Partido Social Cristiano: 3S/0N (100.0% S) | Partido Socialista: 0S/10N (0.0% S) | Partido de la Gente: 7S/7N (50.0% S) | Renovación Nacional: 11S/0N (100.0% S) | Unión Demócrata Independiente: 12S/0N (100.0% S),1.0,14,"Comité Comunista e Independientes: 0S/12N (0.0% S) | Comité Democracia Cristiana, Federación Regionalista Verde Social e Independientes: 0S/10N (0.0% S) | Comité Partido Nacional Libertarios: 8S/0N (100.0% S) | Comité Partido Republicano: 31S/0N (100.0% S) | Comité Partido de la Gente: 6S/7N (46.2% S) | Frente Amplio: 0S/17N (0.0% S) | Partido Por la Democracia e Independientes: 0S/10N (0.0% S) | Por definir: 3S/0N (100.0% S) | Renovación Nacional, Evopoli e Independientes: 16S/0N (100.0% S) | Socialista, Liberal, Radical e Independientes: 0S/15N (0.0% S) | Unión Demócrata Independiente: 17S/0N (100.0% S)",1.0,11,1.07617628574371,-1.07617628574371,0.0761762484908104,-1.0,122,,42
88945,18216-05,2026-05-20,0.464052,0.987097,-1.07617628574371,-0.0761762484908104,0.971251547336578,0.971830985915493,bill:18216-05,Unánime,Boletín N°18216-05,,Para la reconstrucción nacional y el desarrollo económico y social,,Cámara de Diputados,,,,,project_level_not_sufficient_for_omnibus_rollcall,1,Megareforma / proyecto omnibus del gobierno de Jose Antonio Kast,exact_rollcall_item,1,71,82,0,2,0,153,0.464052,no_alineado: 7S/15N (31.8% S) | oficialismo: 0S/67N (0.0% S) | oposicion: 64S/0N (100.0% S),1.0,3,Evolución Política: 0S/2N (0.0% S) | Frente Amplio: 15S/0N (100.0% S) | Independientes: 15S/10N (60.0% S) | Partido Comunista: 8S/0N (100.0% S) | Partido Demócrata Cristiano: 7S/0N (100.0% S) | Partido Liberal de Chile: 2S/0N (100.0% S) | Partido Nacional Libertario: 0S/8N (0.0% S) | Partido Por la Democracia: 4S/0N (100.0% S) | Partido Republicano: 0S/28N (0.0% S) | Partido Social Cristiano: 0S/3N (0.0% S) | Partido Socialista: 10S/0N (100.0% S) | Partido de la Gente: 7S/7N (50.0% S) | Renovación Nacional: 0S/11N (0.0% S) | Unión Demócrata Independiente: 0S/12N (0.0% S),1.0,14,"Comité Comunista e Independientes: 12S/0N (100.0% S) | Comité Democracia Cristiana, Federación Regionalista Verde Social e Independientes: 10S/0N (100.0% S) | Comité Partido Nacional Libertarios: 0S/8N (0.0% S) | Comité Partido Republicano: 0S/31N (0.0% S) | Comité Partido de la Gente: 7S/6N (53.8% S) | Frente Amplio: 17S/0N (100.0% S) | Partido Por la Democracia e Independientes: 10S/0N (100.0% S) | Por definir: 0S/3N (0.0% S) | Renovación Nacional, Evopoli e Independientes: 0S/16N (0.0% S) | Socialista, Liberal, Radical e Independientes: 15S/0N (100.0% S) | Unión Demócrata Independiente: 0S/17N (0.0% S)",1.0,11,1.07617628574371,1.07617628574371,0.0761762484908104,-1.0,123,,43
88949,18216-05,2026-05-20,0.446667,0.967742,-1.06571161746979,0.0657115802168846,0.950488209724426,0.955223880597015,bill:18216-05,Unánime,Boletín N°18216-05,,Para la reconstrucción nacional y el desarrollo económico y social,,Cámara de Diputados,,,,,project_level_not_sufficient_for_omnibus_rollcall,1,Megareforma / proyecto omnibus del gobierno de Jose Antonio Kast,exact_rollcall_item,1,67,83,3,2,0,150,0.446667,no_alineado: 3S/19N (13.6% S) | oficialismo: 0S/64N (0.0% S) | oposicion: 64S/0N (100.0% S),1.0,3,Evolución Política: 0S/2N (0.0% S) | Frente Amplio: 15S/0N (100.0% S) | Independientes: 15S/8N (65.2% S) | Partido Comunista: 8S/0N (100.0% S) | Partido Demócrata Cristiano: 7S/0N (100.0% S) | Partido Liberal de Chile: 2S/0N (100.0% S) | Partido Nacional Libertario: 0S/8N (0.0% S) | Partido Por la Democracia: 4S/0N (100.0% S) | Partido Republicano: 0S/28N (0.0% S) | Partido Social Cristiano: 0S/3N (0.0% S) | Partido Socialista: 10S/0N (100.0% S) | Partido de la Gente: 3S/11N (21.4% S) | Renovación Nacional: 0S/11N (0.0% S) | Unión Demócrata Independiente: 0S/12N (0.0% S),1.0,14,"Comité Comunista e Independientes: 12S/0N (100.0% S) | Comité Democracia Cristiana, Federación Regionalista Verde Social e Independientes: 10S/0N (100.0% S) | Comité Partido Nacional Libertarios: 0S/8N (0.0% S) | Comité Partido Republicano: 0S/31N (0.0% S) | Comité Partido de la Gente: 3S/10N (23.1% S) | Frente Amplio: 17S/0N (100.0% S) | Partido Por la Democracia e Independientes: 10S/0N (100.0% S) | Por definir: 0S/3N (0.0% S) | Renovación Nacional, Evopoli e Independientes: 0S/15N (0.0% S) | Socialista, Liberal, Radical e Independientes: 15S/0N (100.0% S) | Unión Demócrata Independiente: 0S/15N (0.0% S)",1.0,11,1.06571161746979,1.06571161746979,-0.0657115802168846,-1.0,125,,44
88967,18216-05,2026-05-20,0.453947,0.980645,1.06470358371735,-0.0647035539150238,0.97233259677887,1,bill:18216-05,Aprobado,Boletín N°18216-05,,Para la reconstrucción nacional y el desarrollo económico y social,,Cámara de Diputados,,,,,project_level_not_sufficient_for_omnibus_rollcall,1,Megareforma / proyecto omnibus del gobierno de Jose Antonio Kast,exact_rollcall_item,1,83,69,1,2,0,152,0.453947,no_alineado: 16S/6N (72.7% S) | oficialismo: 67S/0N (100.0% S) | oposicion: 0S/63N (0.0% S),1.0,3,Evolución Política: 2S/0N (100.0% S) | Frente Amplio: 0S/15N (0.0% S) | Independientes: 10S/15N (40.0% S) | Partido Comunista: 0S/8N (0.0% S) | Partido Demócrata Cristiano: 0S/7N (0.0% S) | Partido Liberal de Chile: 0S/2N (0.0% S) | Partido Nacional Libertario: 8S/0N (100.0% S) | Partido Por la Democracia: 0S/3N (0.0% S) | Partido Republicano: 28S/0N (100.0% S) | Partido Social Cristiano: 3S/0N (100.0% S) | Partido Socialista: 0S/10N (0.0% S) | Partido de la Gente: 8S/6N (57.1% S) | Renovación Nacional: 11S/0N (100.0% S) | Unión Demócrata Independiente: 12S/0N (100.0% S),1.0,14,"Comité Comunista e Independientes: 0S/12N (0.0% S) | Comité Democracia Cristiana, Federación Regionalista Verde Social e Independientes: 0S/10N (0.0% S) | Comité Partido Nacional Libertarios: 8S/0N (100.0% S) | Comité Partido Republicano: 31S/0N (100.0% S) | Comité Partido de la Gente: 7S/6N (53.8% S) | Frente Amplio: 0S/17N (0.0% S) | Partido Por la Democracia e Independientes: 0S/9N (0.0% S) | Por definir: 3S/0N (100.0% S) | Renovación Nacional, Evopoli e Independientes: 16S/0N (100.0% S) | Socialista, Liberal, Radical e Independientes: 0S/15N (0.0% S) | Unión Demócrata Independiente: 17S/0N (100.0% S)",1.0,11,1.06470358371735,-1.06470358371735,0.0647035539150238,-1.0,126,,45
88917,18216-05,2026-05-20,0.444444,0.987097,-1.06316125392914,0.0631612166762352,0.974177539348602,1,bill:18216-05,Unánime,Boletín N°18216-05,,Para la reconstrucción nacional y el desarrollo económico y social,,Cámara de Diputados,,,,,project_level_not_sufficient_for_omnibus_rollcall,1,Megareforma / proyecto omnibus del gobierno de Jose Antonio Kast,exact_rollcall_item,1,68,85,0,2,0,153,0.444444,no_alineado: 4S/18N (18.2% S) | oficialismo: 0S/67N (0.0% S) | oposicion: 64S/0N (100.0% S),1.0,3,Evolución Política: 0S/2N (0.0% S) | Frente Amplio: 15S/0N (100.0% S) | Independientes: 15S/10N (60.0% S) | Partido Comunista: 8S/0N (100.0% S) | Partido Demócrata Cristiano: 7S/0N (100.0% S) | Partido Liberal de Chile: 2S/0N (100.0% S) | Partido Nacional Libertario: 0S/8N (0.0% S) | Partido Por la Democracia: 4S/0N (100.0% S) | Partido Republicano: 0S/28N (0.0% S) | Partido Social Cristiano: 0S/3N (0.0% S) | Partido Socialista: 10S/0N (100.0% S) | Partido de la Gente: 4S/10N (28.6% S) | Renovación Nacional: 0S/11N (0.0% S) | Unión Demócrata Independiente: 0S/12N (0.0% S),1.0,14,"Comité Comunista e Independientes: 12S/0N (100.0% S) | Comité Democracia Cristiana, Federación Regionalista Verde Social e Independientes: 10S/0N (100.0% S) | Comité Partido Nacional Libertarios: 0S/8N (0.0% S) | Comité Partido Republicano: 0S/31N (0.0% S) | Comité Partido de la Gente: 4S/9N (30.8% S) | Frente Amplio: 17S/0N (100.0% S) | Partido Por la Democracia e Independientes: 10S/0N (100.0% S) | Por definir: 0S/3N (0.0% S) | Renovación Nacional, Evopoli e Independientes: 0S/16N (0.0% S) | Socialista, Liberal, Radical e Independientes: 15S/0N (100.0% S) | Unión Demócrata Independiente: 0S/17N (0.0% S)",1.0,11,1.06316125392914,1.06316125392914,-0.0631612166762352,-1.0,127,,46
88898,18216-05,2026-05-20,0.454545,0.993548,1.0541627407074,-0.0541626885533333,0.968125283718109,0.971428571428571,bill:18216-05,Aprobado,Boletín N°18216-05,,Para la reconstrucción nacional y el desarrollo económico y social,,Cámara de Diputados,,,,,project_level_not_sufficient_for_omnibus_rollcall,1,Megareforma / proyecto omnibus del gobierno de Jose Antonio Kast,exact_rollcall_item,1,84,70,0,1,0,154,0.454545,no_alineado: 16S/6N (72.7% S) | oficialismo: 68S/0N (100.0% S) | oposicion: 0S/64N (0.0% S),1.0,3,Evolución Política: 2S/0N (100.0% S) | Frente Amplio: 0S/15N (0.0% S) | Independientes: 10S/15N (40.0% S) | Partido Comunista: 0S/8N (0.0% S) | Partido Demócrata Cristiano: 0S/7N (0.0% S) | Partido Liberal de Chile: 0S/2N (0.0% S) | Partido Nacional Libertario: 8S/0N (100.0% S) | Partido Por la Democracia: 0S/4N (0.0% S) | Partido Republicano: 28S/0N (100.0% S) | Partido Social Cristiano: 3S/0N (100.0% S) | Partido Socialista: 0S/10N (0.0% S) | Partido de la Gente: 8S/6N (57.1% S) | Renovación Nacional: 11S/0N (100.0% S) | Unión Demócrata Independiente: 13S/0N (100.0% S),1.0,14,"Comité Comunista e Independientes: 0S/12N (0.0% S) | Comité Democracia Cristiana, Federación Regionalista Verde Social e Independientes: 0S/10N (0.0% S) | Comité Partido Nacional Libertarios: 8S/0N (100.0% S) | Comité Partido Republicano: 31S/0N (100.0% S) | Comité Partido de la Gente: 7S/6N (53.8% S) | Frente Amplio: 0S/17N (0.0% S) | Partido Por la Democracia e Independientes: 0S/10N (0.0% S) | Por definir: 3S/0N (100.0% S) | Renovación Nacional, Evopoli e Independientes: 16S/0N (100.0% S) | Socialista, Liberal, Radical e Independientes: 0S/15N (0.0% S) | Unión Demócrata Independiente: 18S/0N (100.0% S)",1.0,11,1.0541627407074,-1.0541627407074,0.0541626885533333,-1.0,130,,47
89478,18216-05,2026-07-21,0.4375,0.929032,1.04945051670074,-0.0494505502283573,0.972988545894623,0.968253968253968,bill:18216-05,Aprobado,Boletín N°18216-05,,Para la reconstrucción nacional y el desarrollo económico y social,,Cámara de Diputados,,,,,project_level_not_sufficient_for_omnibus_rollcall,1,Megareforma / proyecto omnibus del gobierno de Jose Antonio Kast,exact_rollcall_item,1,81,63,0,11,0,144,0.4375,no_alineado: 15S/5N (75.0% S) | oficialismo: 66S/0N (100.0% S) | oposicion: 0S/58N (0.0% S),1.0,3,Evolución Política: 2S/0N (100.0% S) | Frente Amplio: 0S/13N (0.0% S) | Independientes: 9S/13N (40.9% S) | Partido Comunista: 0S/8N (0.0% S) | Partido Cristiano de Chile: 2S/0N (100.0% S) | Partido Demócrata Cristiano: 0S/7N (0.0% S) | Partido Liberal de Chile: 0S/2N (0.0% S) | Partido Nacional Libertario: 8S/0N (100.0% S) | Partido Por la Democracia: 0S/4N (0.0% S) | Partido Republicano: 28S/0N (100.0% S) | Partido Socialista: 0S/10N (0.0% S) | Partido de la Gente: 7S/5N (58.3% S) | Renovación Nacional: 10S/0N (100.0% S) | Unión Demócrata Independiente: 13S/0N (100.0% S),1.0,14,"Comité Comunista e Independientes: 0S/10N (0.0% S) | Comité Democracia Cristiana, Federación Regionalista Verde Social e Independientes: 0S/10N (0.0% S) | Comité Partido Nacional Libertarios: 8S/0N (100.0% S) | Comité Partido Republicano: 31S/0N (100.0% S) | Comité Partido de la Gente: 6S/5N (54.5% S) | Frente Amplio: 0S/15N (0.0% S) | Partido Por la Democracia e Independientes: 0S/9N (0.0% S) | Por definir: 3S/0N (100.0% S) | Renovación Nacional, Evopoli e Independientes: 15S/0N (100.0% S) | Socialista, Liberal, Radical e Independientes: 0S/14N (0.0% S) | Unión Demócrata Independiente: 17S/0N (100.0% S)",1.0,11,1.04945051670074,-1.04945051670074,0.0494505502283573,-1.0,131,,48
89494,18216-05,2026-07-21,0.434483,0.935484,1.04872310161591,-0.0487230978906155,0.973204791545868,0.968253968253968,bill:18216-05,Aprobado,Boletín N°18216-05,,Para la reconstrucción nacional y el desarrollo económico y social,,Cámara de Diputados,,,,,project_level_not_sufficient_for_omnibus_rollcall,1,Megareforma / proyecto omnibus del gobierno de Jose Antonio Kast,exact_rollcall_item,1,82,63,0,10,0,145,0.434483,no_alineado: 15S/5N (75.0% S) | oficialismo: 67S/0N (100.0% S) | oposicion: 0S/58N (0.0% S),1.0,3,Evolución Política: 2S/0N (100.0% S) | Frente Amplio: 0S/13N (0.0% S) | Independientes: 9S/13N (40.9% S) | Partido Comunista: 0S/8N (0.0% S) | Partido Cristiano de Chile: 2S/0N (100.0% S) | Partido Demócrata Cristiano: 0S/7N (0.0% S) | Partido Liberal de Chile: 0S/2N (0.0% S) | Partido Nacional Libertario: 8S/0N (100.0% S) | Partido Por la Democracia: 0S/4N (0.0% S) | Partido Republicano: 28S/0N (100.0% S) | Partido Socialista: 0S/10N (0.0% S) | Partido de la Gente: 7S/5N (58.3% S) | Renovación Nacional: 11S/0N (100.0% S) | Unión Demócrata Independiente: 13S/0N (100.0% S),1.0,14,"Comité Comunista e Independientes: 0S/10N (0.0% S) | Comité Democracia Cristiana, Federación Regionalista Verde Social e Independientes: 0S/10N (0.0% S) | Comité Partido Nacional Libertarios: 8S/0N (100.0% S) | Comité Partido Republicano: 31S/0N (100.0% S) | Comité Partido de la Gente: 6S/5N (54.5% S) | Frente Amplio: 0S/15N (0.0% S) | Partido Por la Democracia e Independientes: 0S/9N (0.0% S) | Por definir: 3S/0N (100.0% S) | Renovación Nacional, Evopoli e Independientes: 16S/0N (100.0% S) | Socialista, Liberal, Radical e Independientes: 0S/14N (0.0% S) | Unión Demócrata Independiente: 17S/0N (100.0% S)",1.0,11,1.04872310161591,-1.04872310161591,0.0487230978906155,-1.0,132,,49
88980,18216-05,2026-05-20,0.450331,0.974194,-1.02960801124573,0.0296079535037279,0.952468037605286,0.970588235294118,bill:18216-05,Unánime,Boletín N°18216-05,,Para la reconstrucción nacional y el desarrollo económico y social,,Cámara de Diputados,,,,,project_level_not_sufficient_for_omnibus_rollcall,1,Megareforma / proyecto omnibus del gobierno de Jose Antonio Kast,exact_rollcall_item,1,68,83,2,2,0,151,0.450331,no_alineado: 5S/16N (23.8% S) | oficialismo: 0S/66N (0.0% S) | oposicion: 63S/1N (98.4% S),0.984375,3,Evolución Política: 0S/2N (0.0% S) | Frente Amplio: 15S/0N (100.0% S) | Independientes: 15S/10N (60.0% S) | Partido Comunista: 8S/0N (100.0% S) | Partido Demócrata Cristiano: 7S/0N (100.0% S) | Partido Liberal de Chile: 2S/0N (100.0% S) | Partido Nacional Libertario: 0S/8N (0.0% S) | Partido Por la Democracia: 4S/0N (100.0% S) | Partido Republicano: 0S/28N (0.0% S) | Partido Social Cristiano: 0S/3N (0.0% S) | Partido Socialista: 10S/0N (100.0% S) | Partido de la Gente: 5S/8N (38.5% S) | Renovación Nacional: 0S/10N (0.0% S) | Unión Demócrata Independiente: 0S/12N (0.0% S),1.0,14,"Comité Comunista e Independientes: 12S/0N (100.0% S) | Comité Democracia Cristiana, Federación Regionalista Verde Social e Independientes: 9S/1N (90.0% S) | Comité Partido Nacional Libertarios: 0S/8N (0.0% S) | Comité Partido Republicano: 0S/31N (0.0% S) | Comité Partido de la Gente: 5S/7N (41.7% S) | Frente Amplio: 17S/0N (100.0% S) | Partido Por la Democracia e Independientes: 10S/0N (100.0% S) | Por definir: 0S/3N (0.0% S) | Renovación Nacional, Evopoli e Independientes: 0S/15N (0.0% S) | Socialista, Liberal, Radical e Independientes: 15S/0N (100.0% S) | Unión Demócrata Independiente: 0S/17N (0.0% S)",1.0,11,1.02960801124573,1.02960801124573,-0.0296079535037279,-1.0,133,,50
89480,18216-05,2026-07-21,0.427586,0.935484,1.00936353206635,0.00936349667608738,0.965990304946899,0.967741935483871,bill:18216-05,Aprobado,Boletín N°18216-05,,Para la reconstrucción nacional y el desarrollo económico y social,,Cámara de Diputados,,,,,project_level_not_sufficient_for_omnibus_rollcall,1,Megareforma / proyecto omnibus del gobierno de Jose Antonio Kast,exact_rollcall_item,1,83,62,0,10,0,145,0.427586,no_alineado: 16S/4N (80.0% S) | oficialismo: 67S/0N (100.0% S) | oposicion: 0S/58N (0.0% S),1.0,3,Evolución Política: 2S/0N (100.0% S) | Frente Amplio: 0S/13N (0.0% S) | Independientes: 9S/13N (40.9% S) | Partido Comunista: 0S/8N (0.0% S) | Partido Cristiano de Chile: 2S/0N (100.0% S) | Partido Demócrata Cristiano: 0S/7N (0.0% S) | Partido Liberal de Chile: 0S/2N (0.0% S) | Partido Nacional Libertario: 8S/0N (100.0% S) | Partido Por la Democracia: 0S/4N (0.0% S) | Partido Republicano: 28S/0N (100.0% S) | Partido Socialista: 0S/10N (0.0% S) | Partido de la Gente: 8S/4N (66.7% S) | Renovación Nacional: 11S/0N (100.0% S) | Unión Demócrata Independiente: 13S/0N (100.0% S),1.0,14,"Comité Comunista e Independientes: 0S/10N (0.0% S) | Comité Democracia Cristiana, Federación Regionalista Verde Social e Independientes: 0S/10N (0.0% S) | Comité Partido Nacional Libertarios: 8S/0N (100.0% S) | Comité Partido Republicano: 31S/0N (100.0% S) | Comité Partido de la Gente: 7S/4N (63.6% S) | Frente Amplio: 0S/15N (0.0% S) | Partido Por la Democracia e Independientes: 0S/9N (0.0% S) | Por definir: 3S/0N (100.0% S) | Renovación Nacional, Evopoli e Independientes: 16S/0N (100.0% S) | Socialista, Liberal, Radical e Independientes: 0S/14N (0.0% S) | Unión Demócrata Independiente: 17S/0N (100.0% S)",1.0,11,1.00936353206635,-1.00936353206635,-0.00936349667608738,-1.0,135,,51
89481,18216-05,2026-07-21,0.427586,0.935484,1.00936353206635,0.00936349667608738,0.965990304946899,0.967741935483871,bill:18216-05,Aprobado,Boletín N°18216-05,,Para la reconstrucción nacional y el desarrollo económico y social,,Cámara de Diputados,,,,,project_level_not_sufficient_for_omnibus_rollcall,1,Megareforma / proyecto omnibus del gobierno de Jose Antonio Kast,exact_rollcall_item,1,83,62,0,10,0,145,0.427586,no_alineado: 16S/4N (80.0% S) | oficialismo: 67S/0N (100.0% S) | oposicion: 0S/58N (0.0% S),1.0,3,Evolución Política: 2S/0N (100.0% S) | Frente Amplio: 0S/13N (0.0% S) | Independientes: 9S/13N (40.9% S) | Partido Comunista: 0S/8N (0.0% S) | Partido Cristiano de Chile: 2S/0N (100.0% S) | Partido Demócrata Cristiano: 0S/7N (0.0% S) | Partido Liberal de Chile: 0S/2N (0.0% S) | Partido Nacional Libertario: 8S/0N (100.0% S) | Partido Por la Democracia: 0S/4N (0.0% S) | Partido Republicano: 28S/0N (100.0% S) | Partido Socialista: 0S/10N (0.0% S) | Partido de la Gente: 8S/4N (66.7% S) | Renovación Nacional: 11S/0N (100.0% S) | Unión Demócrata Independiente: 13S/0N (100.0% S),1.0,14,"Comité Comunista e Independientes: 0S/10N (0.0% S) | Comité Democracia Cristiana, Federación Regionalista Verde Social e Independientes: 0S/10N (0.0% S) | Comité Partido Nacional Libertarios: 8S/0N (100.0% S) | Comité Partido Republicano: 31S/0N (100.0% S) | Comité Partido de la Gente: 7S/4N (63.6% S) | Frente Amplio: 0S/15N (0.0% S) | Partido Por la Democracia e Independientes: 0S/9N (0.0% S) | Por definir: 3S/0N (100.0% S) | Renovación Nacional, Evopoli e Independientes: 16S/0N (100.0% S) | Socialista, Liberal, Radical e Independientes: 0S/14N (0.0% S) | Unión Demócrata Independiente: 17S/0N (100.0% S)",1.0,11,1.00936353206635,-1.00936353206635,-0.00936349667608738,-1.0,136,,52
88921,18216-05,2026-05-20,0.45098,0.987097,1.00548088550568,0.00548092043027282,0.94676661491394,0.971014492753623,bill:18216-05,Aprobado,Boletín N°18216-05,,Para la reconstrucción nacional y el desarrollo económico y social,,Cámara de Diputados,,,,,project_level_not_sufficient_for_omnibus_rollcall,1,Megareforma / proyecto omnibus del gobierno de Jose Antonio Kast,exact_rollcall_item,1,84,69,0,2,0,153,0.45098,no_alineado: 16S/6N (72.7% S) | oficialismo: 67S/0N (100.0% S) | oposicion: 1S/63N (1.6% S),0.984375,3,Evolución Política: 2S/0N (100.0% S) | Frente Amplio: 0S/15N (0.0% S) | Independientes: 10S/15N (40.0% S) | Partido Comunista: 0S/8N (0.0% S) | Partido Demócrata Cristiano: 0S/7N (0.0% S) | Partido Liberal de Chile: 1S/1N (50.0% S) | Partido Nacional Libertario: 8S/0N (100.0% S) | Partido Por la Democracia: 0S/4N (0.0% S) | Partido Republicano: 28S/0N (100.0% S) | Partido Social Cristiano: 3S/0N (100.0% S) | Partido Socialista: 0S/10N (0.0% S) | Partido de la Gente: 8S/6N (57.1% S) | Renovación Nacional: 11S/0N (100.0% S) | Unión Demócrata Independiente: 12S/0N (100.0% S),1.0,14,"Comité Comunista e Independientes: 0S/12N (0.0% S) | Comité Democracia Cristiana, Federación Regionalista Verde Social e Independientes: 0S/10N (0.0% S) | Comité Partido Nacional Libertarios: 8S/0N (100.0% S) | Comité Partido Republicano: 31S/0N (100.0% S) | Comité Partido de la Gente: 7S/6N (53.8% S) | Frente Amplio: 0S/17N (0.0% S) | Partido Por la Democracia e Independientes: 0S/10N (0.0% S) | Por definir: 3S/0N (100.0% S) | Renovación Nacional, Evopoli e Independientes: 16S/0N (100.0% S) | Socialista, Liberal, Radical e Independientes: 1S/14N (6.7% S) | Unión Demócrata Independiente: 17S/0N (100.0% S)",1.0,11,1.00548088550568,-1.00548088550568,-0.00548092043027282,-1.0,137,,53
88914,18216-05,2026-05-20,0.427632,0.980645,-0.929687023162842,0.0861404687166214,0.927261173725128,0.923076923076923,bill:18216-05,Unánime,Boletín N°18216-05,,Para la reconstrucción nacional y el desarrollo económico y social,,Cámara de Diputados,,,,,project_level_not_sufficient_for_omnibus_rollcall,1,Megareforma / proyecto omnibus del gobierno de Jose Antonio Kast,exact_rollcall_item,1,65,87,1,2,0,152,0.427632,no_alineado: 3S/19N (13.6% S) | oficialismo: 0S/67N (0.0% S) | oposicion: 62S/1N (98.4% S),0.984127,3,Evolución Política: 0S/2N (0.0% S) | Frente Amplio: 15S/0N (100.0% S) | Independientes: 15S/10N (60.0% S) | Partido Comunista: 8S/0N (100.0% S) | Partido Demócrata Cristiano: 6S/0N (100.0% S) | Partido Liberal de Chile: 2S/0N (100.0% S) | Partido Nacional Libertario: 0S/8N (0.0% S) | Partido Por la Democracia: 4S/0N (100.0% S) | Partido Republicano: 0S/28N (0.0% S) | Partido Social Cristiano: 0S/3N (0.0% S) | Partido Socialista: 10S/0N (100.0% S) | Partido de la Gente: 3S/11N (21.4% S) | Renovación Nacional: 0S/11N (0.0% S) | Unión Demócrata Independiente: 0S/12N (0.0% S),1.0,14,"Comité Comunista e Independientes: 12S/0N (100.0% S) | Comité Democracia Cristiana, Federación Regionalista Verde Social e Independientes: 8S/1N (88.9% S) | Comité Partido Nacional Libertarios: 0S/8N (0.0% S) | Comité Partido Republicano: 0S/31N (0.0% S) | Comité Partido de la Gente: 3S/10N (23.1% S) | Frente Amplio: 17S/0N (100.0% S) | Partido Por la Democracia e Independientes: 10S/0N (100.0% S) | Por definir: 0S/3N (0.0% S) | Renovación Nacional, Evopoli e Independientes: 0S/16N (0.0% S) | Socialista, Liberal, Radical e Independientes: 15S/0N (100.0% S) | Unión Demócrata Independiente: 0S/17N (0.0% S)",1.0,11,0.929687023162842,0.929687023162842,-0.0861404687166214,-1.0,139,,54
88904,18216-05,2026-05-20,0.292517,0.948387,0.901186943054199,-0.841484069824219,0.790831506252289,0.674418604651163,bill:18216-05,Unánime,Boletín N°18216-05,,Para la reconstrucción nacional y el desarrollo económico y social,,Cámara de Diputados,,,,,project_level_not_sufficient_for_omnibus_rollcall,1,Megareforma / proyecto omnibus del gobierno de Jose Antonio Kast,exact_rollcall_item,1,43,104,7,1,0,147,0.292517,no_alineado: 1S/21N (4.5% S) | oficialismo: 42S/19N (68.9% S) | oposicion: 0S/64N (0.0% S),0.688525,3,Evolución Política: 0S/2N (0.0% S) | Frente Amplio: 0S/15N (0.0% S) | Independientes: 5S/18N (21.7% S) | Partido Comunista: 0S/8N (0.0% S) | Partido Demócrata Cristiano: 0S/7N (0.0% S) | Partido Liberal de Chile: 0S/2N (0.0% S) | Partido Nacional Libertario: 1S/7N (12.5% S) | Partido Por la Democracia: 0S/4N (0.0% S) | Partido Republicano: 28S/0N (100.0% S) | Partido Social Cristiano: 1S/2N (33.3% S) | Partido Socialista: 0S/10N (0.0% S) | Partido de la Gente: 0S/14N (0.0% S) | Renovación Nacional: 0S/11N (0.0% S) | Unión Demócrata Independiente: 8S/0N (100.0% S),1.0,14,"Comité Comunista e Independientes: 0S/12N (0.0% S) | Comité Democracia Cristiana, Federación Regionalista Verde Social e Independientes: 0S/10N (0.0% S) | Comité Partido Nacional Libertarios: 1S/7N (12.5% S) | Comité Partido Republicano: 31S/0N (100.0% S) | Comité Partido de la Gente: 0S/13N (0.0% S) | Frente Amplio: 0S/17N (0.0% S) | Partido Por la Democracia e Independientes: 0S/10N (0.0% S) | Por definir: 1S/2N (33.3% S) | Renovación Nacional, Evopoli e Independientes: 0S/16N (0.0% S) | Socialista, Liberal, Radical e Independientes: 0S/15N (0.0% S) | Unión Demócrata Independiente: 10S/1N (90.9% S)",1.0,11,0.901186943054199,-0.901186943054199,0.841484069824219,-1.0,140,,55
88909,18216-05,2026-05-20,0.464052,0.987097,0.861718833446503,-0.0810871869325638,0.9508136510849,0.957746478873239,bill:18216-05,Aprobado,Boletín N°18216-05,,Para la reconstrucción nacional y el desarrollo económico y social,,Cámara de Diputados,,,,,project_level_not_sufficient_for_omnibus_rollcall,1,Megareforma / proyecto omnibus del gobierno de Jose Antonio Kast,exact_rollcall_item,1,82,71,1,1,0,153,0.464052,no_alineado: 13S/8N (61.9% S) | oficialismo: 68S/0N (100.0% S) | oposicion: 1S/63N (1.6% S),0.984375,3,Evolución Política: 2S/0N (100.0% S) | Frente Amplio: 0S/15N (0.0% S) | Independientes: 10S/15N (40.0% S) | Partido Comunista: 0S/8N (0.0% S) | Partido Demócrata Cristiano: 0S/7N (0.0% S) | Partido Liberal de Chile: 0S/2N (0.0% S) | Partido Nacional Libertario: 8S/0N (100.0% S) | Partido Por la Democracia: 0S/4N (0.0% S) | Partido Republicano: 28S/0N (100.0% S) | Partido Social Cristiano: 3S/0N (100.0% S) | Partido Socialista: 0S/10N (0.0% S) | Partido de la Gente: 5S/8N (38.5% S) | Renovación Nacional: 11S/0N (100.0% S) | Unión Demócrata Independiente: 13S/0N (100.0% S),1.0,14,"Comité Comunista e Independientes: 0S/12N (0.0% S) | Comité Democracia Cristiana, Federación Regionalista Verde Social e Independientes: 1S/9N (10.0% S) | Comité Partido Nacional Libertarios: 8S/0N (100.0% S) | Comité Partido Republicano: 31S/0N (100.0% S) | Comité Partido de la Gente: 4S/8N (33.3% S) | Frente Amplio: 0S/17N (0.0% S) | Partido Por la Democracia e Independientes: 0S/10N (0.0% S) | Por definir: 3S/0N (100.0% S) | Renovación Nacional, Evopoli e Independientes: 16S/0N (100.0% S) | Socialista, Liberal, Radical e Independientes: 0S/15N (0.0% S) | Unión Demócrata Independiente: 18S/0N (100.0% S)",1.0,11,0.861718833446503,-0.861718833446503,0.0810871869325638,-1.0,143,,56
88978,18216-05,2026-05-20,0.463576,0.974194,-0.844518721103668,-0.0654110163450241,0.944731593132019,0.957142857142857,bill:18216-05,Unánime,Boletín N°18216-05,,Para la reconstrucción nacional y el desarrollo económico y social,,Cámara de Diputados,,,,,project_level_not_sufficient_for_omnibus_rollcall,1,Megareforma / proyecto omnibus del gobierno de Jose Antonio Kast,exact_rollcall_item,1,70,81,2,2,0,151,0.463576,no_alineado: 7S/13N (35.0% S) | oficialismo: 0S/67N (0.0% S) | oposicion: 63S/1N (98.4% S),0.984375,3,Evolución Política: 0S/2N (0.0% S) | Frente Amplio: 15S/0N (100.0% S) | Independientes: 15S/10N (60.0% S) | Partido Comunista: 8S/0N (100.0% S) | Partido Demócrata Cristiano: 7S/0N (100.0% S) | Partido Liberal de Chile: 2S/0N (100.0% S) | Partido Nacional Libertario: 0S/8N (0.0% S) | Partido Por la Democracia: 4S/0N (100.0% S) | Partido Republicano: 0S/28N (0.0% S) | Partido Social Cristiano: 0S/3N (0.0% S) | Partido Socialista: 10S/0N (100.0% S) | Partido de la Gente: 7S/5N (58.3% S) | Renovación Nacional: 0S/11N (0.0% S) | Unión Demócrata Independiente: 0S/12N (0.0% S),1.0,14,"Comité Comunista e Independientes: 12S/0N (100.0% S) | Comité Democracia Cristiana, Federación Regionalista Verde Social e Independientes: 9S/1N (90.0% S) | Comité Partido Nacional Libertarios: 0S/8N (0.0% S) | Comité Partido Republicano: 0S/31N (0.0% S) | Comité Partido de la Gente: 7S/5N (58.3% S) | Frente Amplio: 17S/0N (100.0% S) | Partido Por la Democracia e Independientes: 10S/0N (100.0% S) | Por definir: 0S/3N (0.0% S) | Renovación Nacional, Evopoli e Independientes: 0S/16N (0.0% S) | Socialista, Liberal, Radical e Independientes: 15S/0N (100.0% S) | Unión Demócrata Independiente: 0S/17N (0.0% S)",1.0,11,0.844518721103668,0.844518721103668,0.0654110163450241,-1.0,145,,57
88911,18216-05,2026-05-20,0.369231,0.83871,-0.785258769989014,-0.674230635166168,0.907373309135437,0.895833333333333,bill:18216-05,Aprobado,Boletín N°18216-05,,Para la reconstrucción nacional y el desarrollo económico y social,,Cámara de Diputados,,,,,project_level_not_sufficient_for_omnibus_rollcall,1,Megareforma / proyecto omnibus del gobierno de Jose Antonio Kast,exact_rollcall_item,1,82,48,24,1,0,130,0.369231,no_alineado: 13S/9N (59.1% S) | oficialismo: 5S/39N (11.4% S) | oposicion: 64S/0N (100.0% S),0.886364,3,Frente Amplio: 15S/0N (100.0% S) | Independientes: 16S/4N (80.0% S) | Partido Comunista: 8S/0N (100.0% S) | Partido Demócrata Cristiano: 7S/0N (100.0% S) | Partido Liberal de Chile: 2S/0N (100.0% S) | Partido Nacional Libertario: 0S/8N (0.0% S) | Partido Por la Democracia: 4S/0N (100.0% S) | Partido Republicano: 1S/27N (3.6% S) | Partido Social Cristiano: 2S/0N (100.0% S) | Partido Socialista: 10S/0N (100.0% S) | Partido de la Gente: 13S/1N (92.9% S) | Renovación Nacional: 0S/2N (0.0% S) | Unión Demócrata Independiente: 1S/6N (14.3% S),1.0,13,"Comité Comunista e Independientes: 12S/0N (100.0% S) | Comité Democracia Cristiana, Federación Regionalista Verde Social e Independientes: 10S/0N (100.0% S) | Comité Partido Nacional Libertarios: 0S/8N (0.0% S) | Comité Partido Republicano: 1S/30N (3.2% S) | Comité Partido de la Gente: 12S/1N (92.3% S) | Frente Amplio: 17S/0N (100.0% S) | Partido Por la Democracia e Independientes: 10S/0N (100.0% S) | Por definir: 2S/0N (100.0% S) | Renovación Nacional, Evopoli e Independientes: 0S/3N (0.0% S) | Socialista, Liberal, Radical e Independientes: 15S/0N (100.0% S) | Unión Demócrata Independiente: 2S/6N (25.0% S)",1.0,11,0.785258769989014,0.785258769989014,0.674230635166168,-1.0,150,,58
88899,18216-05,2026-05-20,0.437908,0.987097,-0.775947988033295,0.0268431752920151,0.927582979202271,0.91044776119403,bill:18216-05,Unánime,Boletín N°18216-05,,Para la reconstrucción nacional y el desarrollo económico y social,,Cámara de Diputados,,,,,project_level_not_sufficient_for_omnibus_rollcall,1,Megareforma / proyecto omnibus del gobierno de Jose Antonio Kast,exact_rollcall_item,1,67,86,1,1,0,153,0.437908,no_alineado: 3S/18N (14.3% S) | oficialismo: 0S/68N (0.0% S) | oposicion: 64S/0N (100.0% S),1.0,3,Evolución Política: 0S/2N (0.0% S) | Frente Amplio: 15S/0N (100.0% S) | Independientes: 15S/10N (60.0% S) | Partido Comunista: 8S/0N (100.0% S) | Partido Demócrata Cristiano: 7S/0N (100.0% S) | Partido Liberal de Chile: 2S/0N (100.0% S) | Partido Nacional Libertario: 0S/8N (0.0% S) | Partido Por la Democracia: 4S/0N (100.0% S) | Partido Republicano: 0S/28N (0.0% S) | Partido Social Cristiano: 0S/3N (0.0% S) | Partido Socialista: 10S/0N (100.0% S) | Partido de la Gente: 3S/10N (23.1% S) | Renovación Nacional: 0S/11N (0.0% S) | Unión Demócrata Independiente: 0S/13N (0.0% S),1.0,14,"Comité Comunista e Independientes: 12S/0N (100.0% S) | Comité Democracia Cristiana, Federación Regionalista Verde Social e Independientes: 10S/0N (100.0% S) | Comité Partido Nacional Libertarios: 0S/8N (0.0% S) | Comité Partido Republicano: 0S/31N (0.0% S) | Comité Partido de la Gente: 3S/9N (25.0% S) | Frente Amplio: 17S/0N (100.0% S) | Partido Por la Democracia e Independientes: 10S/0N (100.0% S) | Por definir: 0S/3N (0.0% S) | Renovación Nacional, Evopoli e Independientes: 0S/16N (0.0% S) | Socialista, Liberal, Radical e Independientes: 15S/0N (100.0% S) | Unión Demócrata Independiente: 0S/18N (0.0% S)",1.0,11,0.775947988033295,0.775947988033295,-0.0268431752920151,-1.0,152,,59
88947,18216-05,2026-05-20,0.456376,0.96129,-0.773342847824097,-0.570772707462311,0.913825511932373,0.926470588235294,bill:18216-05,Aprobado,Boletín N°18216-05,,Para la reconstrucción nacional y el desarrollo económico y social,,Cámara de Diputados,,,,,project_level_not_sufficient_for_omnibus_rollcall,1,Megareforma / proyecto omnibus del gobierno de Jose Antonio Kast,exact_rollcall_item,1,81,68,4,2,0,149,0.456376,no_alineado: 14S/8N (63.6% S) | oficialismo: 3S/60N (4.8% S) | oposicion: 64S/0N (100.0% S),0.952381,3,Frente Amplio: 15S/0N (100.0% S) | Independientes: 16S/8N (66.7% S) | Partido Comunista: 8S/0N (100.0% S) | Partido Demócrata Cristiano: 7S/0N (100.0% S) | Partido Liberal de Chile: 2S/0N (100.0% S) | Partido Nacional Libertario: 1S/7N (12.5% S) | Partido Por la Democracia: 4S/0N (100.0% S) | Partido Republicano: 0S/28N (0.0% S) | Partido Social Cristiano: 1S/1N (50.0% S) | Partido Socialista: 10S/0N (100.0% S) | Partido de la Gente: 13S/1N (92.9% S) | Renovación Nacional: 1S/10N (9.1% S) | Unión Demócrata Independiente: 0S/12N (0.0% S),1.0,13,"Comité Comunista e Independientes: 12S/0N (100.0% S) | Comité Democracia Cristiana, Federación Regionalista Verde Social e Independientes: 10S/0N (100.0% S) | Comité Partido Nacional Libertarios: 1S/7N (12.5% S) | Comité Partido Republicano: 0S/31N (0.0% S) | Comité Partido de la Gente: 12S/1N (92.3% S) | Frente Amplio: 17S/0N (100.0% S) | Partido Por la Democracia e Independientes: 10S/0N (100.0% S) | Por definir: 1S/1N (50.0% S) | Renovación Nacional, Evopoli e Independientes: 1S/13N (7.1% S) | Socialista, Liberal, Radical e Independientes: 15S/0N (100.0% S) | Unión Demócrata Independiente: 1S/15N (6.2% S)",1.0,11,0.773342847824097,0.773342847824097,0.570772707462311,-1.0,153,,60
88939,18216-05,2026-05-20,0.46,0.967742,0.771414458751678,-0.0668239593505859,0.94602507352829,0.942028985507246,bill:18216-05,Aprobado,Boletín N°18216-05,,Para la reconstrucción nacional y el desarrollo económico y social,,Cámara de Diputados,,,,,project_level_not_sufficient_for_omnibus_rollcall,1,Megareforma / proyecto omnibus del gobierno de Jose Antonio Kast,exact_rollcall_item,1,81,69,2,3,0,150,0.46,no_alineado: 13S/7N (65.0% S) | oficialismo: 67S/0N (100.0% S) | oposicion: 1S/62N (1.6% S),0.984127,3,Evolución Política: 2S/0N (100.0% S) | Frente Amplio: 0S/15N (0.0% S) | Independientes: 10S/15N (40.0% S) | Partido Comunista: 0S/8N (0.0% S) | Partido Demócrata Cristiano: 1S/6N (14.3% S) | Partido Liberal de Chile: 0S/2N (0.0% S) | Partido Nacional Libertario: 8S/0N (100.0% S) | Partido Por la Democracia: 0S/4N (0.0% S) | Partido Republicano: 28S/0N (100.0% S) | Partido Social Cristiano: 3S/0N (100.0% S) | Partido Socialista: 0S/9N (0.0% S) | Partido de la Gente: 5S/7N (41.7% S) | Renovación Nacional: 11S/0N (100.0% S) | Unión Demócrata Independiente: 12S/0N (100.0% S),1.0,14,"Comité Comunista e Independientes: 0S/12N (0.0% S) | Comité Democracia Cristiana, Federación Regionalista Verde Social e Independientes: 1S/9N (10.0% S) | Comité Partido Nacional Libertarios: 8S/0N (100.0% S) | Comité Partido Republicano: 31S/0N (100.0% S) | Comité Partido de la Gente: 4S/7N (36.4% S) | Frente Amplio: 0S/17N (0.0% S) | Partido Por la Democracia e Independientes: 0S/10N (0.0% S) | Por definir: 3S/0N (100.0% S) | Renovación Nacional, Evopoli e Independientes: 16S/0N (100.0% S) | Socialista, Liberal, Radical e Independientes: 0S/14N (0.0% S) | Unión Demócrata Independiente: 17S/0N (100.0% S)",1.0,11,0.771414458751678,-0.771414458751678,0.0668239593505859,-1.0,154,,61
88905,18216-05,2026-05-20,0.428571,0.993548,0.765392422676086,0.0707030445337296,0.916085660457611,0.939393939393939,bill:18216-05,Aprobado,Boletín N°18216-05,,Para la reconstrucción nacional y el desarrollo económico y social,,Cámara de Diputados,,,,,project_level_not_sufficient_for_omnibus_rollcall,1,Megareforma / proyecto omnibus del gobierno de Jose Antonio Kast,exact_rollcall_item,1,88,66,0,1,0,154,0.428571,no_alineado: 17S/5N (77.3% S) | oficialismo: 68S/0N (100.0% S) | oposicion: 3S/61N (4.7% S),0.953125,3,Evolución Política: 2S/0N (100.0% S) | Frente Amplio: 0S/15N (0.0% S) | Independientes: 11S/14N (44.0% S) | Partido Comunista: 0S/8N (0.0% S) | Partido Demócrata Cristiano: 0S/7N (0.0% S) | Partido Liberal de Chile: 2S/0N (100.0% S) | Partido Nacional Libertario: 8S/0N (100.0% S) | Partido Por la Democracia: 0S/4N (0.0% S) | Partido Republicano: 28S/0N (100.0% S) | Partido Social Cristiano: 3S/0N (100.0% S) | Partido Socialista: 0S/10N (0.0% S) | Partido de la Gente: 9S/5N (64.3% S) | Renovación Nacional: 11S/0N (100.0% S) | Unión Demócrata Independiente: 13S/0N (100.0% S),1.0,14,"Comité Comunista e Independientes: 0S/12N (0.0% S) | Comité Democracia Cristiana, Federación Regionalista Verde Social e Independientes: 0S/10N (0.0% S) | Comité Partido Nacional Libertarios: 8S/0N (100.0% S) | Comité Partido Republicano: 31S/0N (100.0% S) | Comité Partido de la Gente: 8S/5N (61.5% S) | Frente Amplio: 0S/17N (0.0% S) | Partido Por la Democracia e Independientes: 0S/10N (0.0% S) | Por definir: 3S/0N (100.0% S) | Renovación Nacional, Evopoli e Independientes: 16S/0N (100.0% S) | Socialista, Liberal, Radical e Independientes: 3S/12N (20.0% S) | Unión Demócrata Independiente: 18S/0N (100.0% S)",1.0,11,0.765392422676086,-0.765392422676086,-0.0707030445337296,-1.0,155,,62
88956,18216-05,2026-05-20,0.480263,0.980645,-0.764060497283936,-0.1984693557024,0.955227017402649,0.986301369863014,bill:18216-05,Unánime,Boletín N°18216-05,,Para la reconstrucción nacional y el desarrollo económico y social,,Cámara de Diputados,,,,,project_level_not_sufficient_for_omnibus_rollcall,1,Megareforma / proyecto omnibus del gobierno de Jose Antonio Kast,exact_rollcall_item,1,73,79,0,3,0,152,0.480263,no_alineado: 11S/11N (50.0% S) | oficialismo: 0S/67N (0.0% S) | oposicion: 62S/1N (98.4% S),0.984127,3,Evolución Política: 0S/2N (0.0% S) | Frente Amplio: 15S/0N (100.0% S) | Independientes: 15S/10N (60.0% S) | Partido Comunista: 8S/0N (100.0% S) | Partido Demócrata Cristiano: 6S/0N (100.0% S) | Partido Liberal de Chile: 2S/0N (100.0% S) | Partido Nacional Libertario: 0S/8N (0.0% S) | Partido Por la Democracia: 4S/0N (100.0% S) | Partido Republicano: 0S/28N (0.0% S) | Partido Social Cristiano: 0S/3N (0.0% S) | Partido Socialista: 10S/0N (100.0% S) | Partido de la Gente: 11S/3N (78.6% S) | Renovación Nacional: 0S/11N (0.0% S) | Unión Demócrata Independiente: 0S/12N (0.0% S),1.0,14,"Comité Comunista e Independientes: 12S/0N (100.0% S) | Comité Democracia Cristiana, Federación Regionalista Verde Social e Independientes: 8S/1N (88.9% S) | Comité Partido Nacional Libertarios: 0S/8N (0.0% S) | Comité Partido Republicano: 0S/31N (0.0% S) | Comité Partido de la Gente: 11S/2N (84.6% S) | Frente Amplio: 17S/0N (100.0% S) | Partido Por la Democracia e Independientes: 10S/0N (100.0% S) | Por definir: 0S/3N (0.0% S) | Renovación Nacional, Evopoli e Independientes: 0S/16N (0.0% S) | Socialista, Liberal, Radical e Independientes: 15S/0N (100.0% S) | Unión Demócrata Independiente: 0S/17N (0.0% S)",1.0,11,0.764060497283936,0.764060497283936,0.1984693557024,-1.0,156,,63
88979,18216-05,2026-05-20,0.467105,0.980645,-0.751480400562286,-0.0741930156946182,0.938131988048553,0.915492957746479,bill:18216-05,Unánime,Boletín N°18216-05,,Para la reconstrucción nacional y el desarrollo económico y social,,Cámara de Diputados,,,,,project_level_not_sufficient_for_omnibus_rollcall,1,Megareforma / proyecto omnibus del gobierno de Jose Antonio Kast,exact_rollcall_item,1,71,81,1,2,0,152,0.467105,no_alineado: 8S/13N (38.1% S) | oficialismo: 0S/67N (0.0% S) | oposicion: 63S/1N (98.4% S),0.984375,3,Evolución Política: 0S/2N (0.0% S) | Frente Amplio: 15S/0N (100.0% S) | Independientes: 15S/10N (60.0% S) | Partido Comunista: 8S/0N (100.0% S) | Partido Demócrata Cristiano: 7S/0N (100.0% S) | Partido Liberal de Chile: 2S/0N (100.0% S) | Partido Nacional Libertario: 0S/8N (0.0% S) | Partido Por la Democracia: 4S/0N (100.0% S) | Partido Republicano: 0S/28N (0.0% S) | Partido Social Cristiano: 0S/3N (0.0% S) | Partido Socialista: 10S/0N (100.0% S) | Partido de la Gente: 8S/5N (61.5% S) | Renovación Nacional: 0S/11N (0.0% S) | Unión Demócrata Independiente: 0S/12N (0.0% S),1.0,14,"Comité Comunista e Independientes: 12S/0N (100.0% S) | Comité Democracia Cristiana, Federación Regionalista Verde Social e Independientes: 9S/1N (90.0% S) | Comité Partido Nacional Libertarios: 0S/8N (0.0% S) | Comité Partido Republicano: 0S/31N (0.0% S) | Comité Partido de la Gente: 8S/5N (61.5% S) | Frente Amplio: 17S/0N (100.0% S) | Partido Por la Democracia e Independientes: 10S/0N (100.0% S) | Por definir: 0S/3N (0.0% S) | Renovación Nacional, Evopoli e Independientes: 0S/16N (0.0% S) | Socialista, Liberal, Radical e Independientes: 15S/0N (100.0% S) | Unión Demócrata Independiente: 0S/17N (0.0% S)",1.0,11,0.751480400562286,0.751480400562286,0.0741930156946182,-1.0,157,,64
88959,18216-05,2026-05-20,0.410596,0.974194,0.751300930976868,0.119573257863522,0.906114637851715,0.887096774193548,bill:18216-05,Aprobado,Boletín N°18216-05,,Para la reconstrucción nacional y el desarrollo económico y social,,Cámara de Diputados,,,,,project_level_not_sufficient_for_omnibus_rollcall,1,Megareforma / proyecto omnibus del gobierno de Jose Antonio Kast,exact_rollcall_item,1,89,62,2,2,0,151,0.410596,no_alineado: 17S/5N (77.3% S) | oficialismo: 67S/0N (100.0% S) | oposicion: 5S/57N (8.1% S),0.919355,3,Evolución Política: 2S/0N (100.0% S) | Frente Amplio: 0S/15N (0.0% S) | Independientes: 11S/14N (44.0% S) | Partido Comunista: 0S/8N (0.0% S) | Partido Demócrata Cristiano: 2S/5N (28.6% S) | Partido Nacional Libertario: 8S/0N (100.0% S) | Partido Por la Democracia: 0S/4N (0.0% S) | Partido Republicano: 28S/0N (100.0% S) | Partido Social Cristiano: 3S/0N (100.0% S) | Partido Socialista: 0S/10N (0.0% S) | Partido de la Gente: 9S/5N (64.3% S) | Renovación Nacional: 11S/0N (100.0% S) | Unión Demócrata Independiente: 12S/0N (100.0% S),1.0,13,"Comité Comunista e Independientes: 0S/12N (0.0% S) | Comité Democracia Cristiana, Federación Regionalista Verde Social e Independientes: 3S/7N (30.0% S) | Comité Partido Nacional Libertarios: 8S/0N (100.0% S) | Comité Partido Republicano: 31S/0N (100.0% S) | Comité Partido de la Gente: 8S/5N (61.5% S) | Frente Amplio: 0S/17N (0.0% S) | Partido Por la Democracia e Independientes: 0S/10N (0.0% S) | Por definir: 3S/0N (100.0% S) | Renovación Nacional, Evopoli e Independientes: 16S/0N (100.0% S) | Socialista, Liberal, Radical e Independientes: 2S/11N (15.4% S) | Unión Demócrata Independiente: 17S/0N (100.0% S)",1.0,11,0.751300930976868,-0.751300930976868,-0.119573257863522,-1.0,158,,65
88974,18216-05,2026-05-20,0.464052,0.987097,-0.726046144962311,-0.0773810893297195,0.936183333396912,0.957746478873239,bill:18216-05,Unánime,Boletín N°18216-05,,Para la reconstrucción nacional y el desarrollo económico y social,,Cámara de Diputados,,,,,project_level_not_sufficient_for_omnibus_rollcall,1,Megareforma / proyecto omnibus del gobierno de Jose Antonio Kast,exact_rollcall_item,1,71,82,0,2,0,153,0.464052,no_alineado: 8S/14N (36.4% S) | oficialismo: 0S/67N (0.0% S) | oposicion: 63S/1N (98.4% S),0.984375,3,Evolución Política: 0S/2N (0.0% S) | Frente Amplio: 15S/0N (100.0% S) | Independientes: 14S/11N (56.0% S) | Partido Comunista: 8S/0N (100.0% S) | Partido Demócrata Cristiano: 7S/0N (100.0% S) | Partido Liberal de Chile: 2S/0N (100.0% S) | Partido Nacional Libertario: 0S/8N (0.0% S) | Partido Por la Democracia: 4S/0N (100.0% S) | Partido Republicano: 0S/28N (0.0% S) | Partido Social Cristiano: 0S/3N (0.0% S) | Partido Socialista: 10S/0N (100.0% S) | Partido de la Gente: 8S/6N (57.1% S) | Renovación Nacional: 0S/11N (0.0% S) | Unión Demócrata Independiente: 0S/12N (0.0% S),1.0,14,"Comité Comunista e Independientes: 12S/0N (100.0% S) | Comité Democracia Cristiana, Federación Regionalista Verde Social e Independientes: 10S/0N (100.0% S) | Comité Partido Nacional Libertarios: 0S/8N (0.0% S) | Comité Partido Republicano: 0S/31N (0.0% S) | Comité Partido de la Gente: 8S/5N (61.5% S) | Frente Amplio: 17S/0N (100.0% S) | Partido Por la Democracia e Independientes: 9S/1N (90.0% S) | Por definir: 0S/3N (0.0% S) | Renovación Nacional, Evopoli e Independientes: 0S/16N (0.0% S) | Socialista, Liberal, Radical e Independientes: 15S/0N (100.0% S) | Unión Demócrata Independiente: 0S/17N (0.0% S)",1.0,11,0.726046144962311,0.726046144962311,0.0773810893297195,-1.0,159,,66
88973,18216-05,2026-05-20,0.477124,0.987097,0.70938766002655,-0.149903580546379,0.944192707538605,0.945205479452055,bill:18216-05,Aprobado,Boletín N°18216-05,,Para la reconstrucción nacional y el desarrollo económico y social,,Cámara de Diputados,,,,,project_level_not_sufficient_for_omnibus_rollcall,1,Megareforma / proyecto omnibus del gobierno de Jose Antonio Kast,exact_rollcall_item,1,80,73,0,2,0,153,0.477124,no_alineado: 13S/9N (59.1% S) | oficialismo: 67S/0N (100.0% S) | oposicion: 0S/64N (0.0% S),1.0,3,Evolución Política: 2S/0N (100.0% S) | Frente Amplio: 0S/15N (0.0% S) | Independientes: 10S/15N (40.0% S) | Partido Comunista: 0S/8N (0.0% S) | Partido Demócrata Cristiano: 0S/7N (0.0% S) | Partido Liberal de Chile: 0S/2N (0.0% S) | Partido Nacional Libertario: 8S/0N (100.0% S) | Partido Por la Democracia: 0S/4N (0.0% S) | Partido Republicano: 28S/0N (100.0% S) | Partido Social Cristiano: 3S/0N (100.0% S) | Partido Socialista: 0S/10N (0.0% S) | Partido de la Gente: 5S/9N (35.7% S) | Renovación Nacional: 11S/0N (100.0% S) | Unión Demócrata Independiente: 12S/0N (100.0% S),1.0,14,"Comité Comunista e Independientes: 0S/12N (0.0% S) | Comité Democracia Cristiana, Federación Regionalista Verde Social e Independientes: 0S/10N (0.0% S) | Comité Partido Nacional Libertarios: 8S/0N (100.0% S) | Comité Partido Republicano: 31S/0N (100.0% S) | Comité Partido de la Gente: 5S/8N (38.5% S) | Frente Amplio: 0S/17N (0.0% S) | Partido Por la Democracia e Independientes: 0S/10N (0.0% S) | Por definir: 3S/0N (100.0% S) | Renovación Nacional, Evopoli e Independientes: 16S/0N (100.0% S) | Socialista, Liberal, Radical e Independientes: 0S/15N (0.0% S) | Unión Demócrata Independiente: 17S/0N (100.0% S)",1.0,11,0.70938766002655,-0.70938766002655,0.149903580546379,-1.0,163,,67
88972,18216-05,2026-05-20,0.473684,0.980645,0.708690941333771,-0.131129130721092,0.945660293102264,0.944444444444444,bill:18216-05,Aprobado,Boletín N°18216-05,,Para la reconstrucción nacional y el desarrollo económico y social,,Cámara de Diputados,,,,,project_level_not_sufficient_for_omnibus_rollcall,1,Megareforma / proyecto omnibus del gobierno de Jose Antonio Kast,exact_rollcall_item,1,80,72,1,2,0,152,0.473684,no_alineado: 13S/8N (61.9% S) | oficialismo: 67S/0N (100.0% S) | oposicion: 0S/64N (0.0% S),1.0,3,Evolución Política: 2S/0N (100.0% S) | Frente Amplio: 0S/15N (0.0% S) | Independientes: 10S/15N (40.0% S) | Partido Comunista: 0S/8N (0.0% S) | Partido Demócrata Cristiano: 0S/7N (0.0% S) | Partido Liberal de Chile: 0S/2N (0.0% S) | Partido Nacional Libertario: 8S/0N (100.0% S) | Partido Por la Democracia: 0S/4N (0.0% S) | Partido Republicano: 28S/0N (100.0% S) | Partido Social Cristiano: 3S/0N (100.0% S) | Partido Socialista: 0S/10N (0.0% S) | Partido de la Gente: 5S/8N (38.5% S) | Renovación Nacional: 11S/0N (100.0% S) | Unión Demócrata Independiente: 12S/0N (100.0% S),1.0,14,"Comité Comunista e Independientes: 0S/12N (0.0% S) | Comité Democracia Cristiana, Federación Regionalista Verde Social e Independientes: 0S/10N (0.0% S) | Comité Partido Nacional Libertarios: 8S/0N (100.0% S) | Comité Partido Republicano: 31S/0N (100.0% S) | Comité Partido de la Gente: 5S/7N (41.7% S) | Frente Amplio: 0S/17N (0.0% S) | Partido Por la Democracia e Independientes: 0S/10N (0.0% S) | Por definir: 3S/0N (100.0% S) | Renovación Nacional, Evopoli e Independientes: 16S/0N (100.0% S) | Socialista, Liberal, Radical e Independientes: 0S/15N (0.0% S) | Unión Demócrata Independiente: 17S/0N (100.0% S)",1.0,11,0.708690941333771,-0.708690941333771,0.131129130721092,-1.0,164,,68
88918,18216-05,2026-05-20,0.464052,0.987097,-0.687507748603821,-0.0756029337644577,0.931724607944489,0.915492957746479,bill:18216-05,Unánime,Boletín N°18216-05,,Para la reconstrucción nacional y el desarrollo económico y social,,Cámara de Diputados,,,,,project_level_not_sufficient_for_omnibus_rollcall,1,Megareforma / proyecto omnibus del gobierno de Jose Antonio Kast,exact_rollcall_item,1,71,82,0,2,0,153,0.464052,no_alineado: 7S/15N (31.8% S) | oficialismo: 0S/67N (0.0% S) | oposicion: 64S/0N (100.0% S),1.0,3,Evolución Política: 0S/2N (0.0% S) | Frente Amplio: 15S/0N (100.0% S) | Independientes: 15S/10N (60.0% S) | Partido Comunista: 8S/0N (100.0% S) | Partido Demócrata Cristiano: 7S/0N (100.0% S) | Partido Liberal de Chile: 2S/0N (100.0% S) | Partido Nacional Libertario: 0S/8N (0.0% S) | Partido Por la Democracia: 4S/0N (100.0% S) | Partido Republicano: 0S/28N (0.0% S) | Partido Social Cristiano: 0S/3N (0.0% S) | Partido Socialista: 10S/0N (100.0% S) | Partido de la Gente: 7S/7N (50.0% S) | Renovación Nacional: 0S/11N (0.0% S) | Unión Demócrata Independiente: 0S/12N (0.0% S),1.0,14,"Comité Comunista e Independientes: 12S/0N (100.0% S) | Comité Democracia Cristiana, Federación Regionalista Verde Social e Independientes: 10S/0N (100.0% S) | Comité Partido Nacional Libertarios: 0S/8N (0.0% S) | Comité Partido Republicano: 0S/31N (0.0% S) | Comité Partido de la Gente: 7S/6N (53.8% S) | Frente Amplio: 17S/0N (100.0% S) | Partido Por la Democracia e Independientes: 10S/0N (100.0% S) | Por definir: 0S/3N (0.0% S) | Renovación Nacional, Evopoli e Independientes: 0S/16N (0.0% S) | Socialista, Liberal, Radical e Independientes: 15S/0N (100.0% S) | Unión Demócrata Independiente: 0S/17N (0.0% S)",1.0,11,0.687507748603821,0.687507748603821,0.0756029337644577,-1.0,165,,69
88927,18216-05,2026-05-20,0.375,0.980645,0.679080784320831,0.223177388310432,0.876479387283325,0.807017543859649,bill:18216-05,Aprobado,Boletín N°18216-05,,Para la reconstrucción nacional y el desarrollo económico y social,,Cámara de Diputados,,,,,project_level_not_sufficient_for_omnibus_rollcall,1,Megareforma / proyecto omnibus del gobierno de Jose Antonio Kast,exact_rollcall_item,1,95,57,1,2,0,152,0.375,no_alineado: 18S/4N (81.8% S) | oficialismo: 67S/0N (100.0% S) | oposicion: 10S/53N (15.9% S),0.84127,3,Evolución Política: 2S/0N (100.0% S) | Frente Amplio: 0S/15N (0.0% S) | Independientes: 12S/13N (48.0% S) | Partido Comunista: 0S/8N (0.0% S) | Partido Demócrata Cristiano: 7S/0N (100.0% S) | Partido Liberal de Chile: 0S/2N (0.0% S) | Partido Nacional Libertario: 8S/0N (100.0% S) | Partido Por la Democracia: 0S/3N (0.0% S) | Partido Republicano: 28S/0N (100.0% S) | Partido Social Cristiano: 3S/0N (100.0% S) | Partido Socialista: 0S/10N (0.0% S) | Partido de la Gente: 10S/4N (71.4% S) | Renovación Nacional: 11S/0N (100.0% S) | Unión Demócrata Independiente: 12S/0N (100.0% S),1.0,14,"Comité Comunista e Independientes: 0S/12N (0.0% S) | Comité Democracia Cristiana, Federación Regionalista Verde Social e Independientes: 9S/1N (90.0% S) | Comité Partido Nacional Libertarios: 8S/0N (100.0% S) | Comité Partido Republicano: 31S/0N (100.0% S) | Comité Partido de la Gente: 9S/4N (69.2% S) | Frente Amplio: 0S/17N (0.0% S) | Partido Por la Democracia e Independientes: 1S/8N (11.1% S) | Por definir: 3S/0N (100.0% S) | Renovación Nacional, Evopoli e Independientes: 16S/0N (100.0% S) | Socialista, Liberal, Radical e Independientes: 0S/15N (0.0% S) | Unión Demócrata Independiente: 17S/0N (100.0% S)",1.0,11,0.679080784320831,-0.679080784320831,-0.223177388310432,-1.0,166,,70
88910,18216-05,2026-05-20,0.448276,0.935484,-0.671998918056488,-0.534367203712463,0.917521297931671,0.907692307692308,bill:18216-05,Aprobado,Boletín N°18216-05,,Para la reconstrucción nacional y el desarrollo económico y social,,Cámara de Diputados,,,,,project_level_not_sufficient_for_omnibus_rollcall,1,Megareforma / proyecto omnibus del gobierno de Jose Antonio Kast,exact_rollcall_item,1,80,65,9,1,0,145,0.448276,no_alineado: 12S/10N (54.5% S) | oficialismo: 4S/55N (6.8% S) | oposicion: 64S/0N (100.0% S),0.932203,3,Frente Amplio: 15S/0N (100.0% S) | Independientes: 16S/9N (64.0% S) | Partido Comunista: 8S/0N (100.0% S) | Partido Demócrata Cristiano: 7S/0N (100.0% S) | Partido Liberal de Chile: 2S/0N (100.0% S) | Partido Nacional Libertario: 0S/8N (0.0% S) | Partido Por la Democracia: 4S/0N (100.0% S) | Partido Republicano: 0S/28N (0.0% S) | Partido Social Cristiano: 2S/1N (66.7% S) | Partido Socialista: 10S/0N (100.0% S) | Partido de la Gente: 12S/2N (85.7% S) | Renovación Nacional: 0S/5N (0.0% S) | Unión Demócrata Independiente: 1S/12N (7.7% S),1.0,13,"Comité Comunista e Independientes: 12S/0N (100.0% S) | Comité Democracia Cristiana, Federación Regionalista Verde Social e Independientes: 10S/0N (100.0% S) | Comité Partido Nacional Libertarios: 0S/8N (0.0% S) | Comité Partido Republicano: 0S/31N (0.0% S) | Comité Partido de la Gente: 12S/1N (92.3% S) | Frente Amplio: 17S/0N (100.0% S) | Partido Por la Democracia e Independientes: 10S/0N (100.0% S) | Por definir: 2S/1N (66.7% S) | Renovación Nacional, Evopoli e Independientes: 0S/7N (0.0% S) | Socialista, Liberal, Radical e Independientes: 15S/0N (100.0% S) | Unión Demócrata Independiente: 2S/16N (11.1% S)",1.0,11,0.671998918056488,0.671998918056488,0.534367203712463,-1.0,167,,71
88961,18216-05,2026-05-20,0.44,0.967742,0.666306734085083,-0.00874426867812872,0.921155989170074,0.939393939393939,bill:18216-05,Aprobado,Boletín N°18216-05,,Para la reconstrucción nacional y el desarrollo económico y social,,Cámara de Diputados,,,,,project_level_not_sufficient_for_omnibus_rollcall,1,Megareforma / proyecto omnibus del gobierno de Jose Antonio Kast,exact_rollcall_item,1,84,66,3,2,0,150,0.44,no_alineado: 16S/6N (72.7% S) | oficialismo: 67S/0N (100.0% S) | oposicion: 1S/60N (1.6% S),0.983607,3,Evolución Política: 2S/0N (100.0% S) | Frente Amplio: 0S/15N (0.0% S) | Independientes: 11S/13N (45.8% S) | Partido Comunista: 0S/8N (0.0% S) | Partido Demócrata Cristiano: 0S/7N (0.0% S) | Partido Nacional Libertario: 8S/0N (100.0% S) | Partido Por la Democracia: 0S/4N (0.0% S) | Partido Republicano: 28S/0N (100.0% S) | Partido Social Cristiano: 3S/0N (100.0% S) | Partido Socialista: 0S/10N (0.0% S) | Partido de la Gente: 8S/6N (57.1% S) | Renovación Nacional: 11S/0N (100.0% S) | Unión Demócrata Independiente: 12S/0N (100.0% S),1.0,13,"Comité Comunista e Independientes: 0S/12N (0.0% S) | Comité Democracia Cristiana, Federación Regionalista Verde Social e Independientes: 1S/9N (10.0% S) | Comité Partido Nacional Libertarios: 8S/0N (100.0% S) | Comité Partido Republicano: 31S/0N (100.0% S) | Comité Partido de la Gente: 8S/5N (61.5% S) | Frente Amplio: 0S/17N (0.0% S) | Partido Por la Democracia e Independientes: 0S/10N (0.0% S) | Por definir: 3S/0N (100.0% S) | Renovación Nacional, Evopoli e Independientes: 16S/0N (100.0% S) | Socialista, Liberal, Radical e Independientes: 0S/12N (0.0% S) | Unión Demócrata Independiente: 17S/0N (100.0% S)",1.0,11,0.666306734085083,-0.666306734085083,0.00874426867812872,-1.0,168,,72
88957,18216-05,2026-05-20,0.493333,0.967742,-0.663699984550476,-0.338085174560547,0.949100852012634,0.972972972972973,bill:18216-05,Unánime,Boletín N°18216-05,,Para la reconstrucción nacional y el desarrollo económico y social,,Cámara de Diputados,,,,,project_level_not_sufficient_for_omnibus_rollcall,1,Megareforma / proyecto omnibus del gobierno de Jose Antonio Kast,exact_rollcall_item,1,74,76,2,3,0,150,0.493333,no_alineado: 13S/8N (61.9% S) | oficialismo: 0S/67N (0.0% S) | oposicion: 61S/1N (98.4% S),0.983871,3,Evolución Política: 0S/2N (0.0% S) | Frente Amplio: 14S/0N (100.0% S) | Independientes: 15S/10N (60.0% S) | Partido Comunista: 8S/0N (100.0% S) | Partido Demócrata Cristiano: 7S/0N (100.0% S) | Partido Nacional Libertario: 0S/8N (0.0% S) | Partido Por la Democracia: 4S/0N (100.0% S) | Partido Republicano: 0S/28N (0.0% S) | Partido Social Cristiano: 0S/3N (0.0% S) | Partido Socialista: 10S/0N (100.0% S) | Partido de la Gente: 13S/0N (100.0% S) | Renovación Nacional: 0S/11N (0.0% S) | Unión Demócrata Independiente: 0S/12N (0.0% S),1.0,13,"Comité Comunista e Independientes: 12S/0N (100.0% S) | Comité Democracia Cristiana, Federación Regionalista Verde Social e Independientes: 9S/1N (90.0% S) | Comité Partido Nacional Libertarios: 0S/8N (0.0% S) | Comité Partido Republicano: 0S/31N (0.0% S) | Comité Partido de la Gente: 13S/0N (100.0% S) | Frente Amplio: 16S/0N (100.0% S) | Partido Por la Democracia e Independientes: 10S/0N (100.0% S) | Por definir: 0S/3N (0.0% S) | Renovación Nacional, Evopoli e Independientes: 0S/16N (0.0% S) | Socialista, Liberal, Radical e Independientes: 14S/0N (100.0% S) | Unión Demócrata Independiente: 0S/17N (0.0% S)",1.0,11,0.663699984550476,0.663699984550476,0.338085174560547,-1.0,170,,73
89472,18216-05,2026-07-21,0.305556,0.929032,0.662999331951141,0.365000367164612,0.864909052848816,0.863636363636364,bill:18216-05,Aprobado,Boletín N°18216-05,,Para la reconstrucción nacional y el desarrollo económico y social,,Cámara de Diputados,,,,,project_level_not_sufficient_for_omnibus_rollcall,1,Megareforma / proyecto omnibus del gobierno de Jose Antonio Kast,exact_rollcall_item,1,100,44,0,11,0,144,0.305556,no_alineado: 18S/2N (90.0% S) | oficialismo: 66S/0N (100.0% S) | oposicion: 16S/42N (27.6% S),0.724138,3,Evolución Política: 2S/0N (100.0% S) | Frente Amplio: 0S/13N (0.0% S) | Independientes: 15S/7N (68.2% S) | Partido Comunista: 0S/8N (0.0% S) | Partido Cristiano de Chile: 2S/0N (100.0% S) | Partido Demócrata Cristiano: 7S/0N (100.0% S) | Partido Liberal de Chile: 1S/1N (50.0% S) | Partido Nacional Libertario: 8S/0N (100.0% S) | Partido Por la Democracia: 1S/3N (25.0% S) | Partido Republicano: 27S/0N (100.0% S) | Partido Socialista: 0S/10N (0.0% S) | Partido de la Gente: 10S/2N (83.3% S) | Renovación Nacional: 11S/0N (100.0% S) | Unión Demócrata Independiente: 13S/0N (100.0% S),1.0,14,"Comité Comunista e Independientes: 0S/10N (0.0% S) | Comité Democracia Cristiana, Federación Regionalista Verde Social e Independientes: 10S/0N (100.0% S) | Comité Partido Nacional Libertarios: 8S/0N (100.0% S) | Comité Partido Republicano: 30S/0N (100.0% S) | Comité Partido de la Gente: 10S/1N (90.9% S) | Frente Amplio: 0S/15N (0.0% S) | Partido Por la Democracia e Independientes: 4S/5N (44.4% S) | Por definir: 3S/0N (100.0% S) | Renovación Nacional, Evopoli e Independientes: 16S/0N (100.0% S) | Socialista, Liberal, Radical e Independientes: 2S/12N (14.3% S) | Unión Demócrata Independiente: 17S/0N (100.0% S)",1.0,11,0.662999331951141,-0.662999331951141,-0.365000367164612,-1.0,172,,74
88897,18216-05,2026-05-20,0.418301,0.987097,0.65430760383606,0.0890147015452385,0.901784658432007,0.90625,bill:18216-05,Aprobado,Boletín N°18216-05,,Para la reconstrucción nacional y el desarrollo económico y social,,Cámara de Diputados,,,,,project_level_not_sufficient_for_omnibus_rollcall,1,Megareforma / proyecto omnibus del gobierno de Jose Antonio Kast,exact_rollcall_item,1,89,64,1,1,0,153,0.418301,no_alineado: 17S/5N (77.3% S) | oficialismo: 68S/0N (100.0% S) | oposicion: 4S/59N (6.3% S),0.936508,3,Evolución Política: 2S/0N (100.0% S) | Frente Amplio: 0S/15N (0.0% S) | Independientes: 11S/14N (44.0% S) | Partido Comunista: 0S/8N (0.0% S) | Partido Demócrata Cristiano: 0S/7N (0.0% S) | Partido Liberal de Chile: 2S/0N (100.0% S) | Partido Nacional Libertario: 8S/0N (100.0% S) | Partido Por la Democracia: 0S/4N (0.0% S) | Partido Republicano: 28S/0N (100.0% S) | Partido Social Cristiano: 3S/0N (100.0% S) | Partido Socialista: 0S/10N (0.0% S) | Partido de la Gente: 9S/5N (64.3% S) | Renovación Nacional: 11S/0N (100.0% S) | Unión Demócrata Independiente: 13S/0N (100.0% S),1.0,14,"Comité Comunista e Independientes: 0S/12N (0.0% S) | Comité Democracia Cristiana, Federación Regionalista Verde Social e Independientes: 0S/9N (0.0% S) | Comité Partido Nacional Libertarios: 8S/0N (100.0% S) | Comité Partido Republicano: 31S/0N (100.0% S) | Comité Partido de la Gente: 8S/5N (61.5% S) | Frente Amplio: 0S/17N (0.0% S) | Partido Por la Democracia e Independientes: 0S/10N (0.0% S) | Por definir: 3S/0N (100.0% S) | Renovación Nacional, Evopoli e Independientes: 16S/0N (100.0% S) | Socialista, Liberal, Radical e Independientes: 4S/11N (26.7% S) | Unión Demócrata Independiente: 18S/0N (100.0% S)",1.0,11,0.65430760383606,-0.65430760383606,-0.0890147015452385,-1.0,174,,75
88953,18216-05,2026-05-20,0.371622,0.954839,-0.65347558259964,0.204828500747681,0.883671522140503,0.890909090909091,bill:18216-05,Unánime,Boletín N°18216-05,,Para la reconstrucción nacional y el desarrollo económico y social,,Cámara de Diputados,,,,,project_level_not_sufficient_for_omnibus_rollcall,1,Megareforma / proyecto omnibus del gobierno de Jose Antonio Kast,exact_rollcall_item,1,55,93,5,2,0,148,0.371622,no_alineado: 1S/21N (4.5% S) | oficialismo: 0S/67N (0.0% S) | oposicion: 54S/5N (91.5% S),0.915254,3,Evolución Política: 0S/2N (0.0% S) | Frente Amplio: 12S/1N (92.3% S) | Independientes: 14S/11N (56.0% S) | Partido Comunista: 8S/0N (100.0% S) | Partido Demócrata Cristiano: 2S/2N (50.0% S) | Partido Liberal de Chile: 2S/0N (100.0% S) | Partido Nacional Libertario: 0S/8N (0.0% S) | Partido Por la Democracia: 4S/0N (100.0% S) | Partido Republicano: 0S/28N (0.0% S) | Partido Social Cristiano: 0S/3N (0.0% S) | Partido Socialista: 10S/0N (100.0% S) | Partido de la Gente: 1S/13N (7.1% S) | Renovación Nacional: 0S/11N (0.0% S) | Unión Demócrata Independiente: 0S/12N (0.0% S),1.0,14,"Comité Comunista e Independientes: 12S/0N (100.0% S) | Comité Democracia Cristiana, Federación Regionalista Verde Social e Independientes: 3S/4N (42.9% S) | Comité Partido Nacional Libertarios: 0S/8N (0.0% S) | Comité Partido Republicano: 0S/31N (0.0% S) | Comité Partido de la Gente: 1S/12N (7.7% S) | Frente Amplio: 14S/1N (93.3% S) | Partido Por la Democracia e Independientes: 10S/0N (100.0% S) | Por definir: 0S/3N (0.0% S) | Renovación Nacional, Evopoli e Independientes: 0S/16N (0.0% S) | Socialista, Liberal, Radical e Independientes: 15S/0N (100.0% S) | Unión Demócrata Independiente: 0S/17N (0.0% S)",1.0,11,0.65347558259964,0.65347558259964,-0.204828500747681,-1.0,175,,76
88908,18216-05,2026-05-20,0.411765,0.987097,0.652942478656769,0.1147406026721,0.896902561187744,0.920634920634921,bill:18216-05,Aprobado,Boletín N°18216-05,,Para la reconstrucción nacional y el desarrollo económico y social,,Cámara de Diputados,,,,,project_level_not_sufficient_for_omnibus_rollcall,1,Megareforma / proyecto omnibus del gobierno de Jose Antonio Kast,exact_rollcall_item,1,90,63,1,1,0,153,0.411765,no_alineado: 18S/3N (85.7% S) | oficialismo: 68S/0N (100.0% S) | oposicion: 4S/60N (6.2% S),0.9375,3,Evolución Política: 2S/0N (100.0% S) | Frente Amplio: 0S/15N (0.0% S) | Independientes: 11S/14N (44.0% S) | Partido Comunista: 0S/8N (0.0% S) | Partido Demócrata Cristiano: 0S/7N (0.0% S) | Partido Liberal de Chile: 2S/0N (100.0% S) | Partido Nacional Libertario: 8S/0N (100.0% S) | Partido Por la Democracia: 0S/4N (0.0% S) | Partido Republicano: 28S/0N (100.0% S) | Partido Social Cristiano: 3S/0N (100.0% S) | Partido Socialista: 0S/10N (0.0% S) | Partido de la Gente: 10S/3N (76.9% S) | Renovación Nacional: 11S/0N (100.0% S) | Unión Demócrata Independiente: 13S/0N (100.0% S),1.0,14,"Comité Comunista e Independientes: 0S/12N (0.0% S) | Comité Democracia Cristiana, Federación Regionalista Verde Social e Independientes: 0S/10N (0.0% S) | Comité Partido Nacional Libertarios: 8S/0N (100.0% S) | Comité Partido Republicano: 31S/0N (100.0% S) | Comité Partido de la Gente: 9S/3N (75.0% S) | Frente Amplio: 0S/17N (0.0% S) | Partido Por la Democracia e Independientes: 0S/10N (0.0% S) | Por definir: 3S/0N (100.0% S) | Renovación Nacional, Evopoli e Independientes: 16S/0N (100.0% S) | Socialista, Liberal, Radical e Independientes: 4S/11N (26.7% S) | Unión Demócrata Independiente: 18S/0N (100.0% S)",1.0,11,0.652942478656769,-0.652942478656769,-0.1147406026721,-1.0,176,,77
88894,18216-05,2026-05-20,0.443709,0.974194,0.639786422252655,-0.0164956003427505,0.915503442287445,0.940298507462687,bill:18216-05,Aprobado,Boletín N°18216-05,,Para la reconstrucción nacional y el desarrollo económico y social,,Cámara de Diputados,,,,,project_level_not_sufficient_for_omnibus_rollcall,1,Megareforma / proyecto omnibus del gobierno de Jose Antonio Kast,exact_rollcall_item,1,84,67,0,4,0,151,0.443709,no_alineado: 16S/6N (72.7% S) | oficialismo: 67S/0N (100.0% S) | oposicion: 1S/61N (1.6% S),0.983871,3,Evolución Política: 2S/0N (100.0% S) | Frente Amplio: 0S/14N (0.0% S) | Independientes: 11S/14N (44.0% S) | Partido Comunista: 0S/7N (0.0% S) | Partido Demócrata Cristiano: 0S/7N (0.0% S) | Partido Liberal de Chile: 0S/2N (0.0% S) | Partido Nacional Libertario: 8S/0N (100.0% S) | Partido Por la Democracia: 0S/4N (0.0% S) | Partido Republicano: 28S/0N (100.0% S) | Partido Social Cristiano: 2S/0N (100.0% S) | Partido Socialista: 0S/10N (0.0% S) | Partido de la Gente: 8S/6N (57.1% S) | Renovación Nacional: 11S/0N (100.0% S) | Unión Demócrata Independiente: 13S/0N (100.0% S),1.0,14,"Comité Comunista e Independientes: 0S/11N (0.0% S) | Comité Democracia Cristiana, Federación Regionalista Verde Social e Independientes: 1S/9N (10.0% S) | Comité Partido Nacional Libertarios: 8S/0N (100.0% S) | Comité Partido Republicano: 31S/0N (100.0% S) | Comité Partido de la Gente: 8S/5N (61.5% S) | Frente Amplio: 0S/16N (0.0% S) | Partido Por la Democracia e Independientes: 0S/10N (0.0% S) | Por definir: 2S/0N (100.0% S) | Renovación Nacional, Evopoli e Independientes: 16S/0N (100.0% S) | Socialista, Liberal, Radical e Independientes: 0S/15N (0.0% S) | Unión Demócrata Independiente: 18S/0N (100.0% S)",1.0,11,0.639786422252655,-0.639786422252655,0.0164956003427505,-1.0,177,,78
88922,18216-05,2026-05-20,0.453947,0.980645,0.626225531101227,-0.0401904545724392,0.921972274780273,0.956521739130435,bill:18216-05,Aprobado,Boletín N°18216-05,,Para la reconstrucción nacional y el desarrollo económico y social,,Cámara de Diputados,,,,,project_level_not_sufficient_for_omnibus_rollcall,1,Megareforma / proyecto omnibus del gobierno de Jose Antonio Kast,exact_rollcall_item,1,83,69,1,2,0,152,0.453947,no_alineado: 15S/6N (71.4% S) | oficialismo: 67S/0N (100.0% S) | oposicion: 1S/63N (1.6% S),0.984375,3,Evolución Política: 2S/0N (100.0% S) | Frente Amplio: 1S/14N (6.7% S) | Independientes: 10S/15N (40.0% S) | Partido Comunista: 0S/8N (0.0% S) | Partido Demócrata Cristiano: 0S/7N (0.0% S) | Partido Liberal de Chile: 0S/2N (0.0% S) | Partido Nacional Libertario: 8S/0N (100.0% S) | Partido Por la Democracia: 0S/4N (0.0% S) | Partido Republicano: 28S/0N (100.0% S) | Partido Social Cristiano: 3S/0N (100.0% S) | Partido Socialista: 0S/10N (0.0% S) | Partido de la Gente: 7S/6N (53.8% S) | Renovación Nacional: 11S/0N (100.0% S) | Unión Demócrata Independiente: 12S/0N (100.0% S),1.0,14,"Comité Comunista e Independientes: 0S/12N (0.0% S) | Comité Democracia Cristiana, Federación Regionalista Verde Social e Independientes: 0S/10N (0.0% S) | Comité Partido Nacional Libertarios: 8S/0N (100.0% S) | Comité Partido Republicano: 31S/0N (100.0% S) | Comité Partido de la Gente: 6S/6N (50.0% S) | Frente Amplio: 1S/16N (5.9% S) | Partido Por la Democracia e Independientes: 0S/10N (0.0% S) | Por definir: 3S/0N (100.0% S) | Renovación Nacional, Evopoli e Independientes: 16S/0N (100.0% S) | Socialista, Liberal, Radical e Independientes: 0S/15N (0.0% S) | Unión Demócrata Independiente: 17S/0N (100.0% S)",1.0,11,0.626225531101227,-0.626225531101227,0.0401904545724392,-1.0,182,,79
88901,18216-05,2026-05-20,0.437908,0.987097,0.625558495521545,0.0113165220245719,0.910493135452271,0.955223880597015,bill:18216-05,Aprobado,Boletín N°18216-05,,Para la reconstrucción nacional y el desarrollo económico y social,,Cámara de Diputados,,,,,project_level_not_sufficient_for_omnibus_rollcall,1,Megareforma / proyecto omnibus del gobierno de Jose Antonio Kast,exact_rollcall_item,1,86,67,1,1,0,153,0.437908,no_alineado: 16S/6N (72.7% S) | oficialismo: 68S/0N (100.0% S) | oposicion: 2S/61N (3.2% S),0.968254,3,Evolución Política: 2S/0N (100.0% S) | Frente Amplio: 0S/15N (0.0% S) | Independientes: 11S/14N (44.0% S) | Partido Comunista: 0S/8N (0.0% S) | Partido Demócrata Cristiano: 0S/7N (0.0% S) | Partido Nacional Libertario: 8S/0N (100.0% S) | Partido Por la Democracia: 0S/4N (0.0% S) | Partido Republicano: 28S/0N (100.0% S) | Partido Social Cristiano: 3S/0N (100.0% S) | Partido Socialista: 0S/10N (0.0% S) | Partido de la Gente: 8S/6N (57.1% S) | Renovación Nacional: 11S/0N (100.0% S) | Unión Demócrata Independiente: 13S/0N (100.0% S),1.0,13,"Comité Comunista e Independientes: 0S/12N (0.0% S) | Comité Democracia Cristiana, Federación Regionalista Verde Social e Independientes: 2S/8N (20.0% S) | Comité Partido Nacional Libertarios: 8S/0N (100.0% S) | Comité Partido Republicano: 31S/0N (100.0% S) | Comité Partido de la Gente: 8S/5N (61.5% S) | Frente Amplio: 0S/17N (0.0% S) | Partido Por la Democracia e Independientes: 0S/10N (0.0% S) | Por definir: 3S/0N (100.0% S) | Renovación Nacional, Evopoli e Independientes: 16S/0N (100.0% S) | Socialista, Liberal, Radical e Independientes: 0S/14N (0.0% S) | Unión Demócrata Independiente: 18S/0N (100.0% S)",1.0,11,0.625558495521545,-0.625558495521545,-0.0113165220245719,-1.0,183,,80
89477,18216-05,2026-07-21,0.441379,0.935484,0.603967070579529,-0.0852058455348015,0.92742782831192,0.9375,bill:18216-05,Aprobado,Boletín N°18216-05,,Para la reconstrucción nacional y el desarrollo económico y social,,Cámara de Diputados,,,,,project_level_not_sufficient_for_omnibus_rollcall,1,Megareforma / proyecto omnibus del gobierno de Jose Antonio Kast,exact_rollcall_item,1,81,64,0,10,0,145,0.441379,no_alineado: 15S/5N (75.0% S) | oficialismo: 66S/1N (98.5% S) | oposicion: 0S/58N (0.0% S),0.985075,3,Evolución Política: 2S/0N (100.0% S) | Frente Amplio: 0S/13N (0.0% S) | Independientes: 9S/13N (40.9% S) | Partido Comunista: 0S/8N (0.0% S) | Partido Cristiano de Chile: 2S/0N (100.0% S) | Partido Demócrata Cristiano: 0S/7N (0.0% S) | Partido Liberal de Chile: 0S/2N (0.0% S) | Partido Nacional Libertario: 8S/0N (100.0% S) | Partido Por la Democracia: 0S/4N (0.0% S) | Partido Republicano: 28S/0N (100.0% S) | Partido Socialista: 0S/10N (0.0% S) | Partido de la Gente: 7S/5N (58.3% S) | Renovación Nacional: 10S/1N (90.9% S) | Unión Demócrata Independiente: 13S/0N (100.0% S),1.0,14,"Comité Comunista e Independientes: 0S/10N (0.0% S) | Comité Democracia Cristiana, Federación Regionalista Verde Social e Independientes: 0S/10N (0.0% S) | Comité Partido Nacional Libertarios: 8S/0N (100.0% S) | Comité Partido Republicano: 31S/0N (100.0% S) | Comité Partido de la Gente: 6S/5N (54.5% S) | Frente Amplio: 0S/15N (0.0% S) | Partido Por la Democracia e Independientes: 0S/9N (0.0% S) | Por definir: 3S/0N (100.0% S) | Renovación Nacional, Evopoli e Independientes: 15S/1N (93.8% S) | Socialista, Liberal, Radical e Independientes: 0S/14N (0.0% S) | Unión Demócrata Independiente: 17S/0N (100.0% S)",1.0,11,0.603967070579529,-0.603967070579529,0.0852058455348015,-1.0,184,,81
89479,18216-05,2026-07-21,0.441379,0.935484,0.603967070579529,-0.0852058455348015,0.92742782831192,0.9375,bill:18216-05,Aprobado,Boletín N°18216-05,,Para la reconstrucción nacional y el desarrollo económico y social,,Cámara de Diputados,,,,,project_level_not_sufficient_for_omnibus_rollcall,1,Megareforma / proyecto omnibus del gobierno de Jose Antonio Kast,exact_rollcall_item,1,81,64,0,10,0,145,0.441379,no_alineado: 15S/5N (75.0% S) | oficialismo: 66S/1N (98.5% S) | oposicion: 0S/58N (0.0% S),0.985075,3,Evolución Política: 2S/0N (100.0% S) | Frente Amplio: 0S/13N (0.0% S) | Independientes: 9S/13N (40.9% S) | Partido Comunista: 0S/8N (0.0% S) | Partido Cristiano de Chile: 2S/0N (100.0% S) | Partido Demócrata Cristiano: 0S/7N (0.0% S) | Partido Liberal de Chile: 0S/2N (0.0% S) | Partido Nacional Libertario: 8S/0N (100.0% S) | Partido Por la Democracia: 0S/4N (0.0% S) | Partido Republicano: 28S/0N (100.0% S) | Partido Socialista: 0S/10N (0.0% S) | Partido de la Gente: 7S/5N (58.3% S) | Renovación Nacional: 10S/1N (90.9% S) | Unión Demócrata Independiente: 13S/0N (100.0% S),1.0,14,"Comité Comunista e Independientes: 0S/10N (0.0% S) | Comité Democracia Cristiana, Federación Regionalista Verde Social e Independientes: 0S/10N (0.0% S) | Comité Partido Nacional Libertarios: 8S/0N (100.0% S) | Comité Partido Republicano: 31S/0N (100.0% S) | Comité Partido de la Gente: 6S/5N (54.5% S) | Frente Amplio: 0S/15N (0.0% S) | Partido Por la Democracia e Independientes: 0S/9N (0.0% S) | Por definir: 3S/0N (100.0% S) | Renovación Nacional, Evopoli e Independientes: 15S/1N (93.8% S) | Socialista, Liberal, Radical e Independientes: 0S/14N (0.0% S) | Unión Demócrata Independiente: 17S/0N (100.0% S)",1.0,11,0.603967070579529,-0.603967070579529,0.0852058455348015,-1.0,185,,82
88928,18216-05,2026-05-20,0.237705,0.787097,0.593444526195526,0.379559844732285,0.881238877773285,0.862068965517241,bill:18216-05,Aprobado,Boletín N°18216-05,,Para la reconstrucción nacional y el desarrollo económico y social,,Cámara de Diputados,,,,,project_level_not_sufficient_for_omnibus_rollcall,1,Megareforma / proyecto omnibus del gobierno de Jose Antonio Kast,exact_rollcall_item,1,93,29,16,17,0,122,0.237705,no_alineado: 17S/3N (85.0% S) | oficialismo: 62S/0N (100.0% S) | oposicion: 14S/26N (35.0% S),0.65,3,Frente Amplio: 0S/7N (0.0% S) | Independientes: 14S/3N (82.4% S) | Partido Comunista: 0S/8N (0.0% S) | Partido Demócrata Cristiano: 6S/0N (100.0% S) | Partido Nacional Libertario: 8S/0N (100.0% S) | Partido Por la Democracia: 1S/2N (33.3% S) | Partido Republicano: 27S/0N (100.0% S) | Partido Social Cristiano: 2S/0N (100.0% S) | Partido Socialista: 0S/5N (0.0% S) | Partido de la Gente: 9S/3N (75.0% S) | Renovación Nacional: 10S/0N (100.0% S) | Unión Demócrata Independiente: 11S/0N (100.0% S),1.0,12,"Comité Comunista e Independientes: 0S/11N (0.0% S) | Comité Democracia Cristiana, Federación Regionalista Verde Social e Independientes: 9S/0N (100.0% S) | Comité Partido Nacional Libertarios: 8S/0N (100.0% S) | Comité Partido Republicano: 30S/0N (100.0% S) | Comité Partido de la Gente: 8S/3N (72.7% S) | Frente Amplio: 0S/7N (0.0% S) | Partido Por la Democracia e Independientes: 2S/2N (50.0% S) | Por definir: 2S/0N (100.0% S) | Renovación Nacional, Evopoli e Independientes: 14S/0N (100.0% S) | Socialista, Liberal, Radical e Independientes: 3S/6N (33.3% S) | Unión Demócrata Independiente: 16S/0N (100.0% S)",1.0,11,0.593444526195526,-0.593444526195526,-0.379559844732285,-1.0,187,,83
89473,18216-05,2026-07-21,0.395833,0.929032,0.586330711841583,0.0996846705675125,0.892930030822754,0.912280701754386,bill:18216-05,Aprobado,Boletín N°18216-05,,Para la reconstrucción nacional y el desarrollo económico y social,,Cámara de Diputados,,,,,project_level_not_sufficient_for_omnibus_rollcall,1,Megareforma / proyecto omnibus del gobierno de Jose Antonio Kast,exact_rollcall_item,1,87,57,1,10,0,144,0.395833,no_alineado: 18S/2N (90.0% S) | oficialismo: 67S/0N (100.0% S) | oposicion: 2S/55N (3.5% S),0.964912,3,Evolución Política: 2S/0N (100.0% S) | Frente Amplio: 0S/13N (0.0% S) | Independientes: 10S/11N (47.6% S) | Partido Comunista: 0S/8N (0.0% S) | Partido Cristiano de Chile: 2S/0N (100.0% S) | Partido Demócrata Cristiano: 0S/7N (0.0% S) | Partido Liberal de Chile: 1S/1N (50.0% S) | Partido Nacional Libertario: 8S/0N (100.0% S) | Partido Por la Democracia: 0S/4N (0.0% S) | Partido Republicano: 28S/0N (100.0% S) | Partido Socialista: 0S/10N (0.0% S) | Partido de la Gente: 10S/2N (83.3% S) | Renovación Nacional: 11S/0N (100.0% S) | Unión Demócrata Independiente: 13S/0N (100.0% S),1.0,14,"Comité Comunista e Independientes: 0S/10N (0.0% S) | Comité Democracia Cristiana, Federación Regionalista Verde Social e Independientes: 0S/10N (0.0% S) | Comité Partido Nacional Libertarios: 8S/0N (100.0% S) | Comité Partido Republicano: 31S/0N (100.0% S) | Comité Partido de la Gente: 10S/1N (90.9% S) | Frente Amplio: 0S/15N (0.0% S) | Partido Por la Democracia e Independientes: 1S/7N (12.5% S) | Por definir: 3S/0N (100.0% S) | Renovación Nacional, Evopoli e Independientes: 16S/0N (100.0% S) | Socialista, Liberal, Radical e Independientes: 1S/13N (7.1% S) | Unión Demócrata Independiente: 17S/0N (100.0% S)",1.0,11,0.586330711841583,-0.586330711841583,-0.0996846705675125,-1.0,190,,84
88955,18216-05,2026-05-20,0.486842,0.980645,-0.572959065437317,-0.226594805717468,0.931426346302032,0.972972972972973,bill:18216-05,Unánime,Boletín N°18216-05,,Para la reconstrucción nacional y el desarrollo económico y social,,Cámara de Diputados,,,,,project_level_not_sufficient_for_omnibus_rollcall,1,Megareforma / proyecto omnibus del gobierno de Jose Antonio Kast,exact_rollcall_item,1,74,78,1,2,0,152,0.486842,no_alineado: 12S/9N (57.1% S) | oficialismo: 0S/67N (0.0% S) | oposicion: 62S/2N (96.9% S),0.96875,3,Evolución Política: 0S/2N (0.0% S) | Frente Amplio: 15S/0N (100.0% S) | Independientes: 14S/11N (56.0% S) | Partido Comunista: 8S/0N (100.0% S) | Partido Demócrata Cristiano: 7S/0N (100.0% S) | Partido Liberal de Chile: 2S/0N (100.0% S) | Partido Nacional Libertario: 0S/8N (0.0% S) | Partido Por la Democracia: 4S/0N (100.0% S) | Partido Republicano: 0S/28N (0.0% S) | Partido Social Cristiano: 0S/3N (0.0% S) | Partido Socialista: 10S/0N (100.0% S) | Partido de la Gente: 12S/1N (92.3% S) | Renovación Nacional: 0S/11N (0.0% S) | Unión Demócrata Independiente: 0S/12N (0.0% S),1.0,14,"Comité Comunista e Independientes: 12S/0N (100.0% S) | Comité Democracia Cristiana, Federación Regionalista Verde Social e Independientes: 8S/2N (80.0% S) | Comité Partido Nacional Libertarios: 0S/8N (0.0% S) | Comité Partido Republicano: 0S/31N (0.0% S) | Comité Partido de la Gente: 12S/1N (92.3% S) | Frente Amplio: 17S/0N (100.0% S) | Partido Por la Democracia e Independientes: 10S/0N (100.0% S) | Por definir: 0S/3N (0.0% S) | Renovación Nacional, Evopoli e Independientes: 0S/16N (0.0% S) | Socialista, Liberal, Radical e Independientes: 15S/0N (100.0% S) | Unión Demócrata Independiente: 0S/17N (0.0% S)",1.0,11,0.572959065437317,0.572959065437317,0.226594805717468,-1.0,192,,85
88942,18216-05,2026-05-20,0.326667,0.967742,0.560216963291168,0.330509334802628,0.84710830450058,0.693877551020408,bill:18216-05,Aprobado,Boletín N°18216-05,,Para la reconstrucción nacional y el desarrollo económico y social,,Cámara de Diputados,,,,,project_level_not_sufficient_for_omnibus_rollcall,1,Megareforma / proyecto omnibus del gobierno de Jose Antonio Kast,exact_rollcall_item,1,101,49,3,2,0,150,0.326667,no_alineado: 18S/4N (81.8% S) | oficialismo: 66S/0N (100.0% S) | oposicion: 17S/45N (27.4% S),0.725806,3,Evolución Política: 2S/0N (100.0% S) | Frente Amplio: 0S/15N (0.0% S) | Independientes: 16S/9N (64.0% S) | Partido Comunista: 0S/8N (0.0% S) | Partido Demócrata Cristiano: 5S/2N (71.4% S) | Partido Liberal de Chile: 2S/0N (100.0% S) | Partido Nacional Libertario: 8S/0N (100.0% S) | Partido Por la Democracia: 3S/0N (100.0% S) | Partido Republicano: 28S/0N (100.0% S) | Partido Social Cristiano: 3S/0N (100.0% S) | Partido Socialista: 0S/9N (0.0% S) | Partido de la Gente: 10S/4N (71.4% S) | Renovación Nacional: 11S/0N (100.0% S) | Unión Demócrata Independiente: 11S/0N (100.0% S),1.0,14,"Comité Comunista e Independientes: 0S/12N (0.0% S) | Comité Democracia Cristiana, Federación Regionalista Verde Social e Independientes: 6S/4N (60.0% S) | Comité Partido Nacional Libertarios: 8S/0N (100.0% S) | Comité Partido Republicano: 31S/0N (100.0% S) | Comité Partido de la Gente: 9S/4N (69.2% S) | Frente Amplio: 0S/17N (0.0% S) | Partido Por la Democracia e Independientes: 7S/2N (77.8% S) | Por definir: 3S/0N (100.0% S) | Renovación Nacional, Evopoli e Independientes: 16S/0N (100.0% S) | Socialista, Liberal, Radical e Independientes: 4S/10N (28.6% S) | Unión Demócrata Independiente: 16S/0N (100.0% S)",1.0,11,0.560216963291168,-0.560216963291168,-0.330509334802628,-1.0,195,,86
88913,18216-05,2026-05-20,0.443709,0.974194,-0.559562563896179,0.00743273319676518,0.899403214454651,0.925373134328358,bill:18216-05,Unánime,Boletín N°18216-05,,Para la reconstrucción nacional y el desarrollo económico y social,,Cámara de Diputados,,,,,project_level_not_sufficient_for_omnibus_rollcall,1,Megareforma / proyecto omnibus del gobierno de Jose Antonio Kast,exact_rollcall_item,1,67,84,2,2,0,151,0.443709,no_alineado: 4S/18N (18.2% S) | oficialismo: 1S/65N (1.5% S) | oposicion: 62S/1N (98.4% S),0.968975,3,Evolución Política: 0S/2N (0.0% S) | Frente Amplio: 15S/0N (100.0% S) | Independientes: 16S/9N (64.0% S) | Partido Comunista: 8S/0N (100.0% S) | Partido Demócrata Cristiano: 7S/0N (100.0% S) | Partido Liberal de Chile: 1S/1N (50.0% S) | Partido Nacional Libertario: 0S/8N (0.0% S) | Partido Por la Democracia: 4S/0N (100.0% S) | Partido Republicano: 0S/28N (0.0% S) | Partido Social Cristiano: 0S/3N (0.0% S) | Partido Socialista: 10S/0N (100.0% S) | Partido de la Gente: 4S/10N (28.6% S) | Renovación Nacional: 0S/11N (0.0% S) | Unión Demócrata Independiente: 0S/12N (0.0% S),1.0,14,"Comité Comunista e Independientes: 12S/0N (100.0% S) | Comité Democracia Cristiana, Federación Regionalista Verde Social e Independientes: 9S/0N (100.0% S) | Comité Partido Nacional Libertarios: 0S/8N (0.0% S) | Comité Partido Republicano: 0S/31N (0.0% S) | Comité Partido de la Gente: 4S/9N (30.8% S) | Frente Amplio: 17S/0N (100.0% S) | Partido Por la Democracia e Independientes: 10S/0N (100.0% S) | Por definir: 0S/3N (0.0% S) | Renovación Nacional, Evopoli e Independientes: 0S/15N (0.0% S) | Socialista, Liberal, Radical e Independientes: 14S/1N (93.3% S) | Unión Demócrata Independiente: 1S/16N (5.9% S)",1.0,11,0.559562563896179,0.559562563896179,-0.00743273319676518,-1.0,196,,87
88906,18216-05,2026-05-20,0.427632,0.980645,0.552028834819794,0.0453874580562115,0.894247531890869,0.907692307692308,bill:18216-05,Aprobado,Boletín N°18216-05,,Para la reconstrucción nacional y el desarrollo económico y social,,Cámara de Diputados,,,,,project_level_not_sufficient_for_omnibus_rollcall,1,Megareforma / proyecto omnibus del gobierno de Jose Antonio Kast,exact_rollcall_item,1,87,65,2,1,0,152,0.427632,no_alineado: 15S/6N (71.4% S) | oficialismo: 68S/0N (100.0% S) | oposicion: 4S/59N (6.3% S),0.936508,3,Evolución Política: 2S/0N (100.0% S) | Frente Amplio: 0S/15N (0.0% S) | Independientes: 11S/13N (45.8% S) | Partido Comunista: 0S/8N (0.0% S) | Partido Demócrata Cristiano: 1S/6N (14.3% S) | Partido Liberal de Chile: 2S/0N (100.0% S) | Partido Nacional Libertario: 8S/0N (100.0% S) | Partido Por la Democracia: 0S/4N (0.0% S) | Partido Republicano: 28S/0N (100.0% S) | Partido Social Cristiano: 3S/0N (100.0% S) | Partido Socialista: 0S/10N (0.0% S) | Partido de la Gente: 7S/6N (53.8% S) | Renovación Nacional: 11S/0N (100.0% S) | Unión Demócrata Independiente: 13S/0N (100.0% S),1.0,14,"Comité Comunista e Independientes: 0S/12N (0.0% S) | Comité Democracia Cristiana, Federación Regionalista Verde Social e Independientes: 1S/8N (11.1% S) | Comité Partido Nacional Libertarios: 8S/0N (100.0% S) | Comité Partido Republicano: 31S/0N (100.0% S) | Comité Partido de la Gente: 6S/6N (50.0% S) | Frente Amplio: 0S/17N (0.0% S) | Partido Por la Democracia e Independientes: 0S/10N (0.0% S) | Por definir: 3S/0N (100.0% S) | Renovación Nacional, Evopoli e Independientes: 16S/0N (100.0% S) | Socialista, Liberal, Radical e Independientes: 3S/12N (20.0% S) | Unión Demócrata Independiente: 18S/0N (100.0% S)",1.0,11,0.552028834819794,-0.552028834819794,-0.0453874580562115,-1.0,199,,88
88964,18216-05,2026-05-20,0.431373,0.987097,0.546289205551147,0.0449202470481396,0.888048827648163,0.878787878787879,bill:18216-05,Aprobado,Boletín N°18216-05,,Para la reconstrucción nacional y el desarrollo económico y social,,Cámara de Diputados,,,,,project_level_not_sufficient_for_omnibus_rollcall,1,Megareforma / proyecto omnibus del gobierno de Jose Antonio Kast,exact_rollcall_item,1,87,66,0,2,0,153,0.431373,no_alineado: 16S/6N (72.7% S) | oficialismo: 67S/0N (100.0% S) | oposicion: 4S/60N (6.2% S),0.9375,3,Evolución Política: 2S/0N (100.0% S) | Frente Amplio: 0S/15N (0.0% S) | Independientes: 11S/14N (44.0% S) | Partido Comunista: 0S/8N (0.0% S) | Partido Demócrata Cristiano: 0S/7N (0.0% S) | Partido Liberal de Chile: 2S/0N (100.0% S) | Partido Nacional Libertario: 8S/0N (100.0% S) | Partido Por la Democracia: 0S/4N (0.0% S) | Partido Republicano: 28S/0N (100.0% S) | Partido Social Cristiano: 3S/0N (100.0% S) | Partido Socialista: 0S/10N (0.0% S) | Partido de la Gente: 8S/6N (57.1% S) | Renovación Nacional: 11S/0N (100.0% S) | Unión Demócrata Independiente: 12S/0N (100.0% S),1.0,14,"Comité Comunista e Independientes: 0S/12N (0.0% S) | Comité Democracia Cristiana, Federación Regionalista Verde Social e Independientes: 0S/10N (0.0% S) | Comité Partido Nacional Libertarios: 8S/0N (100.0% S) | Comité Partido Republicano: 31S/0N (100.0% S) | Comité Partido de la Gente: 7S/6N (53.8% S) | Frente Amplio: 0S/17N (0.0% S) | Partido Por la Democracia e Independientes: 0S/10N (0.0% S) | Por definir: 3S/0N (100.0% S) | Renovación Nacional, Evopoli e Independientes: 16S/0N (100.0% S) | Socialista, Liberal, Radical e Independientes: 4S/11N (26.7% S) | Unión Demócrata Independiente: 17S/0N (100.0% S)",1.0,11,0.546289205551147,-0.546289205551147,-0.0449202470481396,-1.0,200,,89
89669,18216-05,2026-08-10,0.43609,0.858065,0.531486630439758,-0.119258254766464,0.943729937076569,0.982758620689655,bill:18216-05,Aprobado,Boletín N°18216-05,,Para la reconstrucción nacional y el desarrollo económico y social,,Cámara de Diputados,,,,,project_level_not_sufficient_for_omnibus_rollcall,1,Megareforma / proyecto omnibus del gobierno de Jose Antonio Kast,exact_rollcall_item,1,75,58,13,9,0,133,0.43609,no_alineado: 8S/0N (100.0% S) | oficialismo: 66S/0N (100.0% S) | oposicion: 1S/58N (1.7% S),0.983051,3,Evolución Política: 2S/0N (100.0% S) | Frente Amplio: 0S/12N (0.0% S) | Independientes: 9S/12N (42.9% S) | Partido Comunista: 0S/8N (0.0% S) | Partido Cristiano de Chile: 2S/0N (100.0% S) | Partido Demócrata Cristiano: 0S/7N (0.0% S) | Partido Liberal de Chile: 0S/2N (0.0% S) | Partido Nacional Libertario: 7S/0N (100.0% S) | Partido Por la Democracia: 0S/4N (0.0% S) | Partido Republicano: 28S/0N (100.0% S) | Partido Socialista: 0S/10N (0.0% S) | Renovación Nacional: 11S/0N (100.0% S) | Unión Demócrata Independiente: 13S/0N (100.0% S),1.0,13,"Comité Comunista e Independientes: 1S/11N (8.3% S) | Comité Democracia Cristiana, Federación Regionalista Verde Social e Independientes: 0S/9N (0.0% S) | Comité Partido Nacional Libertarios: 7S/0N (100.0% S) | Comité Partido Republicano: 31S/0N (100.0% S) | Frente Amplio: 0S/14N (0.0% S) | Partido Por la Democracia e Independientes: 0S/9N (0.0% S) | Por definir: 3S/0N (100.0% S) | Renovación Nacional, Evopoli e Independientes: 16S/0N (100.0% S) | Socialista, Liberal, Radical e Independientes: 0S/15N (0.0% S) | Unión Demócrata Independiente: 16S/0N (100.0% S)",1.0,10,0.531486630439758,-0.531486630439758,0.119258254766464,-1.0,201,,90
88954,18216-05,2026-05-20,0.496644,0.96129,-0.529007792472839,-0.281494349241257,0.921431601047516,0.959459459459459,bill:18216-05,Unánime,Boletín N°18216-05,,Para la reconstrucción nacional y el desarrollo económico y social,,Cámara de Diputados,,,,,project_level_not_sufficient_for_omnibus_rollcall,1,Megareforma / proyecto omnibus del gobierno de Jose Antonio Kast,exact_rollcall_item,1,74,75,4,2,0,149,0.496644,no_alineado: 13S/8N (61.9% S) | oficialismo: 0S/65N (0.0% S) | oposicion: 61S/2N (96.8% S),0.968254,3,Evolución Política: 0S/2N (0.0% S) | Frente Amplio: 15S/0N (100.0% S) | Independientes: 14S/9N (60.9% S) | Partido Comunista: 8S/0N (100.0% S) | Partido Demócrata Cristiano: 6S/1N (85.7% S) | Partido Liberal de Chile: 2S/0N (100.0% S) | Partido Nacional Libertario: 0S/8N (0.0% S) | Partido Por la Democracia: 4S/0N (100.0% S) | Partido Republicano: 0S/28N (0.0% S) | Partido Social Cristiano: 0S/3N (0.0% S) | Partido Socialista: 10S/0N (100.0% S) | Partido de la Gente: 13S/0N (100.0% S) | Renovación Nacional: 0S/11N (0.0% S) | Unión Demócrata Independiente: 0S/11N (0.0% S),1.0,14,"Comité Comunista e Independientes: 12S/0N (100.0% S) | Comité Democracia Cristiana, Federación Regionalista Verde Social e Independientes: 7S/2N (77.8% S) | Comité Partido Nacional Libertarios: 0S/8N (0.0% S) | Comité Partido Republicano: 0S/31N (0.0% S) | Comité Partido de la Gente: 13S/0N (100.0% S) | Frente Amplio: 17S/0N (100.0% S) | Partido Por la Democracia e Independientes: 10S/0N (100.0% S) | Por definir: 0S/3N (0.0% S) | Renovación Nacional, Evopoli e Independientes: 0S/16N (0.0% S) | Socialista, Liberal, Radical e Independientes: 15S/0N (100.0% S) | Unión Demócrata Independiente: 0S/15N (0.0% S)",1.0,11,0.529007792472839,0.529007792472839,0.281494349241257,-1.0,202,,91
88925,18216-05,2026-05-20,0.4,0.967742,0.527992844581604,0.121928013861179,0.874528467655182,0.866666666666667,bill:18216-05,Aprobado,Boletín N°18216-05,,Para la reconstrucción nacional y el desarrollo económico y social,,Cámara de Diputados,,,,,project_level_not_sufficient_for_omnibus_rollcall,1,Megareforma / proyecto omnibus del gobierno de Jose Antonio Kast,exact_rollcall_item,1,90,60,3,2,0,150,0.4,no_alineado: 17S/5N (77.3% S) | oficialismo: 67S/0N (100.0% S) | oposicion: 6S/55N (9.8% S),0.901639,3,Evolución Política: 2S/0N (100.0% S) | Frente Amplio: 0S/15N (0.0% S) | Independientes: 15S/9N (62.5% S) | Partido Comunista: 0S/8N (0.0% S) | Partido Demócrata Cristiano: 0S/7N (0.0% S) | Partido Nacional Libertario: 8S/0N (100.0% S) | Partido Por la Democracia: 0S/4N (0.0% S) | Partido Republicano: 28S/0N (100.0% S) | Partido Social Cristiano: 3S/0N (100.0% S) | Partido Socialista: 0S/10N (0.0% S) | Partido de la Gente: 9S/5N (64.3% S) | Renovación Nacional: 11S/0N (100.0% S) | Unión Demócrata Independiente: 12S/0N (100.0% S),1.0,13,"Comité Comunista e Independientes: 0S/12N (0.0% S) | Comité Democracia Cristiana, Federación Regionalista Verde Social e Independientes: 1S/9N (10.0% S) | Comité Partido Nacional Libertarios: 8S/0N (100.0% S) | Comité Partido Republicano: 31S/0N (100.0% S) | Comité Partido de la Gente: 8S/5N (61.5% S) | Frente Amplio: 0S/17N (0.0% S) | Partido Por la Democracia e Independientes: 4S/6N (40.0% S) | Por definir: 3S/0N (100.0% S) | Renovación Nacional, Evopoli e Independientes: 16S/0N (100.0% S) | Socialista, Liberal, Radical e Independientes: 1S/11N (8.3% S) | Unión Demócrata Independiente: 17S/0N (100.0% S)",1.0,11,0.527992844581604,-0.527992844581604,-0.121928013861179,-1.0,203,,92
88960,18216-05,2026-05-20,0.368421,0.980645,0.513019740581512,0.230642005801201,0.848877251148224,0.714285714285714,bill:18216-05,Aprobado,Boletín N°18216-05,,Para la reconstrucción nacional y el desarrollo económico y social,,Cámara de Diputados,,,,,project_level_not_sufficient_for_omnibus_rollcall,1,Megareforma / proyecto omnibus del gobierno de Jose Antonio Kast,exact_rollcall_item,1,96,56,1,2,0,152,0.368421,no_alineado: 16S/6N (72.7% S) | oficialismo: 67S/0N (100.0% S) | oposicion: 13S/50N (20.6% S),0.793651,3,Evolución Política: 2S/0N (100.0% S) | Frente Amplio: 0S/15N (0.0% S) | Independientes: 12S/12N (50.0% S) | Partido Comunista: 0S/8N (0.0% S) | Partido Demócrata Cristiano: 7S/0N (100.0% S) | Partido Liberal de Chile: 2S/0N (100.0% S) | Partido Nacional Libertario: 8S/0N (100.0% S) | Partido Por la Democracia: 0S/4N (0.0% S) | Partido Republicano: 28S/0N (100.0% S) | Partido Social Cristiano: 3S/0N (100.0% S) | Partido Socialista: 0S/10N (0.0% S) | Partido de la Gente: 8S/6N (57.1% S) | Renovación Nacional: 11S/0N (100.0% S) | Unión Demócrata Independiente: 12S/0N (100.0% S),1.0,14,"Comité Comunista e Independientes: 0S/12N (0.0% S) | Comité Democracia Cristiana, Federación Regionalista Verde Social e Independientes: 9S/1N (90.0% S) | Comité Partido Nacional Libertarios: 8S/0N (100.0% S) | Comité Partido Republicano: 31S/0N (100.0% S) | Comité Partido de la Gente: 7S/6N (53.8% S) | Frente Amplio: 0S/17N (0.0% S) | Partido Por la Democracia e Independientes: 0S/9N (0.0% S) | Por definir: 3S/0N (100.0% S) | Renovación Nacional, Evopoli e Independientes: 16S/0N (100.0% S) | Socialista, Liberal, Radical e Independientes: 4S/11N (26.7% S) | Unión Demócrata Independiente: 17S/0N (100.0% S)",1.0,11,0.513019740581512,-0.513019740581512,-0.230642005801201,-1.0,205,,93
88984,18216-05,2026-05-20,0.476821,0.974194,-0.504036843776703,-0.243750363588333,0.910506784915924,0.972222222222222,bill:18216-05,Unánime,Boletín N°18216-05,,Para la reconstrucción nacional y el desarrollo económico y social,,Cámara de Diputados,,,,,project_level_not_sufficient_for_omnibus_rollcall,1,Megareforma / proyecto omnibus del gobierno de Jose Antonio Kast,exact_rollcall_item,1,72,79,2,2,0,151,0.476821,no_alineado: 12S/10N (54.5% S) | oficialismo: 0S/67N (0.0% S) | oposicion: 60S/2N (96.8% S),0.967742,3,Evolución Política: 0S/2N (0.0% S) | Frente Amplio: 12S/1N (92.3% S) | Independientes: 15S/10N (60.0% S) | Partido Comunista: 8S/0N (100.0% S) | Partido Demócrata Cristiano: 7S/0N (100.0% S) | Partido Liberal de Chile: 2S/0N (100.0% S) | Partido Nacional Libertario: 0S/8N (0.0% S) | Partido Por la Democracia: 4S/0N (100.0% S) | Partido Republicano: 0S/28N (0.0% S) | Partido Social Cristiano: 0S/3N (0.0% S) | Partido Socialista: 10S/0N (100.0% S) | Partido de la Gente: 12S/2N (85.7% S) | Renovación Nacional: 0S/11N (0.0% S) | Unión Demócrata Independiente: 0S/12N (0.0% S),1.0,14,"Comité Comunista e Independientes: 12S/0N (100.0% S) | Comité Democracia Cristiana, Federación Regionalista Verde Social e Independientes: 9S/1N (90.0% S) | Comité Partido Nacional Libertarios: 0S/8N (0.0% S) | Comité Partido Republicano: 0S/31N (0.0% S) | Comité Partido de la Gente: 12S/1N (92.3% S) | Frente Amplio: 14S/1N (93.3% S) | Partido Por la Democracia e Independientes: 10S/0N (100.0% S) | Por definir: 0S/3N (0.0% S) | Renovación Nacional, Evopoli e Independientes: 0S/16N (0.0% S) | Socialista, Liberal, Radical e Independientes: 15S/0N (100.0% S) | Unión Demócrata Independiente: 0S/17N (0.0% S)",1.0,11,0.504036843776703,0.504036843776703,0.243750363588333,-1.0,208,,94
88975,18216-05,2026-05-20,0.496689,0.974194,-0.501129567623138,-0.350964963436127,0.904185712337494,0.933333333333333,bill:18216-05,Unánime,Boletín N°18216-05,,Para la reconstrucción nacional y el desarrollo económico y social,,Cámara de Diputados,,,,,project_level_not_sufficient_for_omnibus_rollcall,1,Megareforma / proyecto omnibus del gobierno de Jose Antonio Kast,exact_rollcall_item,1,76,75,2,2,0,151,0.496689,no_alineado: 12S/10N (54.5% S) | oficialismo: 2S/64N (3.0% S) | oposicion: 62S/1N (98.4% S),0.953824,3,Evolución Política: 0S/2N (0.0% S) | Frente Amplio: 14S/0N (100.0% S) | Independientes: 17S/8N (68.0% S) | Partido Comunista: 8S/0N (100.0% S) | Partido Demócrata Cristiano: 7S/0N (100.0% S) | Partido Liberal de Chile: 2S/0N (100.0% S) | Partido Nacional Libertario: 0S/8N (0.0% S) | Partido Por la Democracia: 4S/0N (100.0% S) | Partido Republicano: 0S/28N (0.0% S) | Partido Social Cristiano: 0S/3N (0.0% S) | Partido Socialista: 10S/0N (100.0% S) | Partido de la Gente: 12S/2N (85.7% S) | Renovación Nacional: 0S/11N (0.0% S) | Unión Demócrata Independiente: 0S/12N (0.0% S),1.0,14,"Comité Comunista e Independientes: 12S/0N (100.0% S) | Comité Democracia Cristiana, Federación Regionalista Verde Social e Independientes: 9S/1N (90.0% S) | Comité Partido Nacional Libertarios: 0S/8N (0.0% S) | Comité Partido Republicano: 0S/31N (0.0% S) | Comité Partido de la Gente: 11S/2N (84.6% S) | Frente Amplio: 16S/0N (100.0% S) | Partido Por la Democracia e Independientes: 10S/0N (100.0% S) | Por definir: 0S/3N (0.0% S) | Renovación Nacional, Evopoli e Independientes: 0S/15N (0.0% S) | Socialista, Liberal, Radical e Independientes: 15S/0N (100.0% S) | Unión Demócrata Independiente: 2S/15N (11.8% S)",1.0,11,0.501129567623138,0.501129567623138,0.350964963436127,-1.0,209,,95
88969,18216-05,2026-05-20,0.414474,0.980645,0.49894580245018,0.107158944010735,0.863771557807922,0.80952380952381,bill:18216-05,Aprobado,Boletín N°18216-05,,Para la reconstrucción nacional y el desarrollo económico y social,,Cámara de Diputados,,,,,project_level_not_sufficient_for_omnibus_rollcall,1,Megareforma / proyecto omnibus del gobierno de Jose Antonio Kast,exact_rollcall_item,1,89,63,0,3,0,152,0.414474,no_alineado: 15S/7N (68.2% S) | oficialismo: 66S/0N (100.0% S) | oposicion: 8S/56N (12.5% S),0.875,3,Evolución Política: 2S/0N (100.0% S) | Frente Amplio: 0S/15N (0.0% S) | Independientes: 10S/14N (41.7% S) | Partido Comunista: 0S/8N (0.0% S) | Partido Demócrata Cristiano: 7S/0N (100.0% S) | Partido Liberal de Chile: 0S/2N (0.0% S) | Partido Nacional Libertario: 8S/0N (100.0% S) | Partido Por la Democracia: 0S/4N (0.0% S) | Partido Republicano: 28S/0N (100.0% S) | Partido Social Cristiano: 3S/0N (100.0% S) | Partido Socialista: 0S/10N (0.0% S) | Partido de la Gente: 7S/7N (50.0% S) | Renovación Nacional: 11S/0N (100.0% S) | Unión Demócrata Independiente: 12S/0N (100.0% S),1.0,14,"Comité Comunista e Independientes: 0S/12N (0.0% S) | Comité Democracia Cristiana, Federación Regionalista Verde Social e Independientes: 8S/2N (80.0% S) | Comité Partido Nacional Libertarios: 8S/0N (100.0% S) | Comité Partido Republicano: 31S/0N (100.0% S) | Comité Partido de la Gente: 6S/7N (46.2% S) | Frente Amplio: 0S/17N (0.0% S) | Partido Por la Democracia e Independientes: 0S/10N (0.0% S) | Por definir: 3S/0N (100.0% S) | Renovación Nacional, Evopoli e Independientes: 16S/0N (100.0% S) | Socialista, Liberal, Radical e Independientes: 0S/15N (0.0% S) | Unión Demócrata Independiente: 16S/0N (100.0% S)",1.0,11,0.49894580245018,-0.49894580245018,-0.107158944010735,-1.0,210,,96
88981,18216-05,2026-05-20,0.38255,0.96129,0.496072858572006,0.16935683786869,0.861839234828949,0.719298245614035,bill:18216-05,Aprobado,Boletín N°18216-05,,Para la reconstrucción nacional y el desarrollo económico y social,,Cámara de Diputados,,,,,project_level_not_sufficient_for_omnibus_rollcall,1,Megareforma / proyecto omnibus del gobierno de Jose Antonio Kast,exact_rollcall_item,1,92,57,4,2,0,149,0.38255,no_alineado: 15S/7N (68.2% S) | oficialismo: 67S/0N (100.0% S) | oposicion: 10S/50N (16.7% S),0.833333,3,Evolución Política: 2S/0N (100.0% S) | Frente Amplio: 0S/15N (0.0% S) | Independientes: 12S/12N (50.0% S) | Partido Comunista: 0S/8N (0.0% S) | Partido Demócrata Cristiano: 7S/0N (100.0% S) | Partido Nacional Libertario: 8S/0N (100.0% S) | Partido Por la Democracia: 0S/4N (0.0% S) | Partido Republicano: 28S/0N (100.0% S) | Partido Social Cristiano: 3S/0N (100.0% S) | Partido Socialista: 0S/10N (0.0% S) | Partido de la Gente: 7S/7N (50.0% S) | Renovación Nacional: 11S/0N (100.0% S) | Unión Demócrata Independiente: 12S/0N (100.0% S),1.0,13,"Comité Comunista e Independientes: 0S/12N (0.0% S) | Comité Democracia Cristiana, Federación Regionalista Verde Social e Independientes: 10S/0N (100.0% S) | Comité Partido Nacional Libertarios: 8S/0N (100.0% S) | Comité Partido Republicano: 31S/0N (100.0% S) | Comité Partido de la Gente: 6S/7N (46.2% S) | Frente Amplio: 0S/17N (0.0% S) | Partido Por la Democracia e Independientes: 0S/10N (0.0% S) | Por definir: 3S/0N (100.0% S) | Renovación Nacional, Evopoli e Independientes: 16S/0N (100.0% S) | Socialista, Liberal, Radical e Independientes: 0S/11N (0.0% S) | Unión Demócrata Independiente: 17S/0N (100.0% S)",1.0,11,0.496072858572006,-0.496072858572006,-0.16935683786869,-1.0,211,,97
88903,18216-05,2026-05-20,0.403974,0.974194,0.493277579545975,0.116438373923302,0.868260204792023,0.868852459016393,bill:18216-05,Aprobado,Boletín N°18216-05,,Para la reconstrucción nacional y el desarrollo económico y social,,Cámara de Diputados,,,,,project_level_not_sufficient_for_omnibus_rollcall,1,Megareforma / proyecto omnibus del gobierno de Jose Antonio Kast,exact_rollcall_item,1,90,61,3,1,0,151,0.403974,no_alineado: 16S/5N (76.2% S) | oficialismo: 68S/0N (100.0% S) | oposicion: 6S/56N (9.7% S),0.903226,3,Evolución Política: 2S/0N (100.0% S) | Frente Amplio: 0S/15N (0.0% S) | Independientes: 13S/12N (52.0% S) | Partido Comunista: 0S/8N (0.0% S) | Partido Demócrata Cristiano: 2S/5N (28.6% S) | Partido Liberal de Chile: 1S/1N (50.0% S) | Partido Nacional Libertario: 8S/0N (100.0% S) | Partido Por la Democracia: 0S/4N (0.0% S) | Partido Republicano: 28S/0N (100.0% S) | Partido Social Cristiano: 3S/0N (100.0% S) | Partido Socialista: 0S/10N (0.0% S) | Partido de la Gente: 8S/5N (61.5% S) | Renovación Nacional: 11S/0N (100.0% S) | Unión Demócrata Independiente: 13S/0N (100.0% S),1.0,14,"Comité Comunista e Independientes: 0S/12N (0.0% S) | Comité Democracia Cristiana, Federación Regionalista Verde Social e Independientes: 2S/7N (22.2% S) | Comité Partido Nacional Libertarios: 8S/0N (100.0% S) | Comité Partido Republicano: 31S/0N (100.0% S) | Comité Partido de la Gente: 8S/4N (66.7% S) | Frente Amplio: 0S/17N (0.0% S) | Partido Por la Democracia e Independientes: 2S/8N (20.0% S) | Por definir: 3S/0N (100.0% S) | Renovación Nacional, Evopoli e Independientes: 16S/0N (100.0% S) | Socialista, Liberal, Radical e Independientes: 2S/12N (14.3% S) | Unión Demócrata Independiente: 18S/0N (100.0% S)",1.0,11,0.493277579545975,-0.493277579545975,-0.116438373923302,-1.0,212,,98
88926,18216-05,2026-05-20,0.379085,0.987097,0.486262530088425,0.204269126057625,0.843888282775879,0.706896551724138,bill:18216-05,Aprobado,Boletín N°18216-05,,Para la reconstrucción nacional y el desarrollo económico y social,,Cámara de Diputados,,,,,project_level_not_sufficient_for_omnibus_rollcall,1,Megareforma / proyecto omnibus del gobierno de Jose Antonio Kast,exact_rollcall_item,1,95,58,0,2,0,153,0.379085,no_alineado: 16S/6N (72.7% S) | oficialismo: 67S/0N (100.0% S) | oposicion: 12S/52N (18.8% S),0.8125,3,Evolución Política: 2S/0N (100.0% S) | Frente Amplio: 0S/15N (0.0% S) | Independientes: 15S/10N (60.0% S) | Partido Comunista: 0S/8N (0.0% S) | Partido Demócrata Cristiano: 6S/1N (85.7% S) | Partido Liberal de Chile: 0S/2N (0.0% S) | Partido Nacional Libertario: 8S/0N (100.0% S) | Partido Por la Democracia: 0S/4N (0.0% S) | Partido Republicano: 28S/0N (100.0% S) | Partido Social Cristiano: 3S/0N (100.0% S) | Partido Socialista: 0S/10N (0.0% S) | Partido de la Gente: 8S/6N (57.1% S) | Renovación Nacional: 11S/0N (100.0% S) | Unión Demócrata Independiente: 12S/0N (100.0% S),1.0,14,"Comité Comunista e Independientes: 0S/12N (0.0% S) | Comité Democracia Cristiana, Federación Regionalista Verde Social e Independientes: 8S/2N (80.0% S) | Comité Partido Nacional Libertarios: 8S/0N (100.0% S) | Comité Partido Republicano: 31S/0N (100.0% S) | Comité Partido de la Gente: 7S/6N (53.8% S) | Frente Amplio: 0S/17N (0.0% S) | Partido Por la Democracia e Independientes: 4S/6N (40.0% S) | Por definir: 3S/0N (100.0% S) | Renovación Nacional, Evopoli e Independientes: 16S/0N (100.0% S) | Socialista, Liberal, Radical e Independientes: 0S/15N (0.0% S) | Unión Demócrata Independiente: 17S/0N (100.0% S)",1.0,11,0.486262530088425,-0.486262530088425,-0.204269126057625,-1.0,213,,99
88932,18216-05,2026-05-20,0.397351,0.974194,0.484370201826096,-0.688461720943451,0.784015357494354,0.733333333333333,bill:18216-05,Unánime,Boletín N°18216-05,,Para la reconstrucción nacional y el desarrollo económico y social,,Cámara de Diputados,,,,,project_level_not_sufficient_for_omnibus_rollcall,1,Megareforma / proyecto omnibus del gobierno de Jose Antonio Kast,exact_rollcall_item,1,60,91,1,3,0,151,0.397351,no_alineado: 8S/14N (36.4% S) | oficialismo: 50S/16N (75.8% S) | oposicion: 2S/61N (3.2% S),0.72583,3,Evolución Política: 0S/2N (0.0% S) | Frente Amplio: 0S/15N (0.0% S) | Independientes: 8S/16N (33.3% S) | Partido Comunista: 0S/8N (0.0% S) | Partido Demócrata Cristiano: 1S/6N (14.3% S) | Partido Liberal de Chile: 0S/2N (0.0% S) | Partido Nacional Libertario: 8S/0N (100.0% S) | Partido Por la Democracia: 0S/4N (0.0% S) | Partido Republicano: 28S/0N (100.0% S) | Partido Social Cristiano: 0S/3N (0.0% S) | Partido Socialista: 0S/9N (0.0% S) | Partido de la Gente: 0S/14N (0.0% S) | Renovación Nacional: 4S/7N (36.4% S) | Unión Demócrata Independiente: 11S/1N (91.7% S),1.0,14,"Comité Comunista e Independientes: 0S/12N (0.0% S) | Comité Democracia Cristiana, Federación Regionalista Verde Social e Independientes: 2S/8N (20.0% S) | Comité Partido Nacional Libertarios: 8S/0N (100.0% S) | Comité Partido Republicano: 31S/0N (100.0% S) | Comité Partido de la Gente: 0S/13N (0.0% S) | Frente Amplio: 0S/17N (0.0% S) | Partido Por la Democracia e Independientes: 0S/10N (0.0% S) | Por definir: 0S/3N (0.0% S) | Renovación Nacional, Evopoli e Independientes: 5S/11N (31.2% S) | Socialista, Liberal, Radical e Independientes: 0S/14N (0.0% S) | Unión Demócrata Independiente: 14S/2N (87.5% S)",1.0,11,0.484370201826096,-0.484370201826096,0.688461720943451,-1.0,214,,100
88924,18216-05,2026-05-20,0.447368,0.980645,0.466617435216904,-0.0270680841058493,0.87760990858078,0.911764705882353,bill:18216-05,Aprobado,Boletín N°18216-05,,Para la reconstrucción nacional y el desarrollo económico y social,,Cámara de Diputados,,,,,project_level_not_sufficient_for_omnibus_rollcall,1,Megareforma / proyecto omnibus del gobierno de Jose Antonio Kast,exact_rollcall_item,1,84,68,0,3,0,152,0.447368,no_alineado: 13S/8N (61.9% S) | oficialismo: 67S/0N (100.0% S) | oposicion: 4S/60N (6.2% S),0.9375,3,Evolución Política: 2S/0N (100.0% S) | Frente Amplio: 0S/15N (0.0% S) | Independientes: 13S/12N (52.0% S) | Partido Comunista: 0S/8N (0.0% S) | Partido Demócrata Cristiano: 0S/7N (0.0% S) | Partido Liberal de Chile: 0S/2N (0.0% S) | Partido Nacional Libertario: 7S/0N (100.0% S) | Partido Por la Democracia: 1S/3N (25.0% S) | Partido Republicano: 28S/0N (100.0% S) | Partido Social Cristiano: 3S/0N (100.0% S) | Partido Socialista: 0S/10N (0.0% S) | Partido de la Gente: 6S/8N (42.9% S) | Renovación Nacional: 11S/0N (100.0% S) | Unión Demócrata Independiente: 12S/0N (100.0% S),1.0,14,"Comité Comunista e Independientes: 0S/12N (0.0% S) | Comité Democracia Cristiana, Federación Regionalista Verde Social e Independientes: 0S/10N (0.0% S) | Comité Partido Nacional Libertarios: 7S/0N (100.0% S) | Comité Partido Republicano: 31S/0N (100.0% S) | Comité Partido de la Gente: 5S/8N (38.5% S) | Frente Amplio: 0S/17N (0.0% S) | Partido Por la Democracia e Independientes: 4S/6N (40.0% S) | Por definir: 3S/0N (100.0% S) | Renovación Nacional, Evopoli e Independientes: 16S/0N (100.0% S) | Socialista, Liberal, Radical e Independientes: 0S/15N (0.0% S) | Unión Demócrata Independiente: 17S/0N (100.0% S)",1.0,11,0.466617435216904,-0.466617435216904,0.0270680841058493,-1.0,216,,101
88915,18216-05,2026-05-20,0.437086,0.974194,0.464332908391953,-0.0155157372355461,0.877827048301697,0.893939393939394,bill:18216-05,Aprobado,Boletín N°18216-05,,Para la reconstrucción nacional y el desarrollo económico y social,,Cámara de Diputados,,,,,project_level_not_sufficient_for_omnibus_rollcall,1,Megareforma / proyecto omnibus del gobierno de Jose Antonio Kast,exact_rollcall_item,1,85,66,2,2,0,151,0.437086,no_alineado: 15S/7N (68.2% S) | oficialismo: 67S/0N (100.0% S) | oposicion: 3S/59N (4.8% S),0.951613,3,Evolución Política: 2S/0N (100.0% S) | Frente Amplio: 0S/15N (0.0% S) | Independientes: 13S/12N (52.0% S) | Partido Comunista: 0S/8N (0.0% S) | Partido Demócrata Cristiano: 0S/7N (0.0% S) | Partido Nacional Libertario: 8S/0N (100.0% S) | Partido Por la Democracia: 0S/4N (0.0% S) | Partido Republicano: 28S/0N (100.0% S) | Partido Social Cristiano: 3S/0N (100.0% S) | Partido Socialista: 0S/10N (0.0% S) | Partido de la Gente: 7S/7N (50.0% S) | Renovación Nacional: 11S/0N (100.0% S) | Unión Demócrata Independiente: 12S/0N (100.0% S),1.0,13,"Comité Comunista e Independientes: 0S/12N (0.0% S) | Comité Democracia Cristiana, Federación Regionalista Verde Social e Independientes: 0S/10N (0.0% S) | Comité Partido Nacional Libertarios: 8S/0N (100.0% S) | Comité Partido Republicano: 31S/0N (100.0% S) | Comité Partido de la Gente: 7S/6N (53.8% S) | Frente Amplio: 0S/17N (0.0% S) | Partido Por la Democracia e Independientes: 3S/7N (30.0% S) | Por definir: 3S/0N (100.0% S) | Renovación Nacional, Evopoli e Independientes: 16S/0N (100.0% S) | Socialista, Liberal, Radical e Independientes: 0S/13N (0.0% S) | Unión Demócrata Independiente: 17S/0N (100.0% S)",1.0,11,0.464332908391953,-0.464332908391953,0.0155157372355461,-1.0,217,,102
88963,18216-05,2026-05-20,0.411765,0.987097,0.462781220674515,0.100508160889149,0.855133235454559,0.777777777777778,bill:18216-05,Aprobado,Boletín N°18216-05,,Para la reconstrucción nacional y el desarrollo económico y social,,Cámara de Diputados,,,,,project_level_not_sufficient_for_omnibus_rollcall,1,Megareforma / proyecto omnibus del gobierno de Jose Antonio Kast,exact_rollcall_item,1,90,63,0,2,0,153,0.411765,no_alineado: 14S/8N (63.6% S) | oficialismo: 67S/0N (100.0% S) | oposicion: 9S/55N (14.1% S),0.859375,3,Evolución Política: 2S/0N (100.0% S) | Frente Amplio: 0S/15N (0.0% S) | Independientes: 11S/14N (44.0% S) | Partido Comunista: 0S/8N (0.0% S) | Partido Demócrata Cristiano: 7S/0N (100.0% S) | Partido Liberal de Chile: 0S/2N (0.0% S) | Partido Nacional Libertario: 8S/0N (100.0% S) | Partido Por la Democracia: 0S/4N (0.0% S) | Partido Republicano: 28S/0N (100.0% S) | Partido Social Cristiano: 3S/0N (100.0% S) | Partido Socialista: 0S/10N (0.0% S) | Partido de la Gente: 6S/8N (42.9% S) | Renovación Nacional: 11S/0N (100.0% S) | Unión Demócrata Independiente: 12S/0N (100.0% S),1.0,14,"Comité Comunista e Independientes: 0S/12N (0.0% S) | Comité Democracia Cristiana, Federación Regionalista Verde Social e Independientes: 9S/1N (90.0% S) | Comité Partido Nacional Libertarios: 8S/0N (100.0% S) | Comité Partido Republicano: 31S/0N (100.0% S) | Comité Partido de la Gente: 5S/8N (38.5% S) | Frente Amplio: 0S/17N (0.0% S) | Partido Por la Democracia e Independientes: 0S/10N (0.0% S) | Por definir: 3S/0N (100.0% S) | Renovación Nacional, Evopoli e Independientes: 16S/0N (100.0% S) | Socialista, Liberal, Radical e Independientes: 0S/15N (0.0% S) | Unión Demócrata Independiente: 17S/0N (100.0% S)",1.0,11,0.462781220674515,-0.462781220674515,-0.100508160889149,-1.0,218,,103
88968,18216-05,2026-05-20,0.430464,0.974194,0.462123066186905,0.00630610948428512,0.870450973510742,0.907692307692308,bill:18216-05,Aprobado,Boletín N°18216-05,,Para la reconstrucción nacional y el desarrollo económico y social,,Cámara de Diputados,,,,,project_level_not_sufficient_for_omnibus_rollcall,1,Megareforma / proyecto omnibus del gobierno de Jose Antonio Kast,exact_rollcall_item,1,86,65,2,2,0,151,0.430464,no_alineado: 15S/7N (68.2% S) | oficialismo: 67S/0N (100.0% S) | oposicion: 4S/58N (6.5% S),0.935484,3,Evolución Política: 2S/0N (100.0% S) | Frente Amplio: 0S/13N (0.0% S) | Independientes: 11S/14N (44.0% S) | Partido Comunista: 0S/8N (0.0% S) | Partido Demócrata Cristiano: 0S/7N (0.0% S) | Partido Liberal de Chile: 2S/0N (100.0% S) | Partido Nacional Libertario: 8S/0N (100.0% S) | Partido Por la Democracia: 0S/4N (0.0% S) | Partido Republicano: 28S/0N (100.0% S) | Partido Social Cristiano: 3S/0N (100.0% S) | Partido Socialista: 0S/10N (0.0% S) | Partido de la Gente: 7S/7N (50.0% S) | Renovación Nacional: 11S/0N (100.0% S) | Unión Demócrata Independiente: 12S/0N (100.0% S),1.0,14,"Comité Comunista e Independientes: 0S/12N (0.0% S) | Comité Democracia Cristiana, Federación Regionalista Verde Social e Independientes: 0S/10N (0.0% S) | Comité Partido Nacional Libertarios: 8S/0N (100.0% S) | Comité Partido Republicano: 31S/0N (100.0% S) | Comité Partido de la Gente: 7S/6N (53.8% S) | Frente Amplio: 0S/15N (0.0% S) | Partido Por la Democracia e Independientes: 0S/10N (0.0% S) | Por definir: 3S/0N (100.0% S) | Renovación Nacional, Evopoli e Independientes: 16S/0N (100.0% S) | Socialista, Liberal, Radical e Independientes: 4S/11N (26.7% S) | Unión Demócrata Independiente: 17S/0N (100.0% S)",1.0,11,0.462123066186905,-0.462123066186905,-0.00630610948428512,-1.0,220,,104
88958,18216-05,2026-05-20,0.390728,0.974194,0.454561054706573,0.150516882538795,0.847603142261505,0.711864406779661,bill:18216-05,Aprobado,Boletín N°18216-05,,Para la reconstrucción nacional y el desarrollo económico y social,,Cámara de Diputados,,,,,project_level_not_sufficient_for_omnibus_rollcall,1,Megareforma / proyecto omnibus del gobierno de Jose Antonio Kast,exact_rollcall_item,1,92,59,2,2,0,151,0.390728,no_alineado: 14S/8N (63.6% S) | oficialismo: 67S/0N (100.0% S) | oposicion: 11S/51N (17.7% S),0.822581,3,Evolución Política: 2S/0N (100.0% S) | Frente Amplio: 0S/15N (0.0% S) | Independientes: 13S/12N (52.0% S) | Partido Comunista: 0S/8N (0.0% S) | Partido Demócrata Cristiano: 6S/1N (85.7% S) | Partido Nacional Libertario: 8S/0N (100.0% S) | Partido Por la Democracia: 0S/4N (0.0% S) | Partido Republicano: 28S/0N (100.0% S) | Partido Social Cristiano: 3S/0N (100.0% S) | Partido Socialista: 0S/10N (0.0% S) | Partido de la Gente: 6S/8N (42.9% S) | Renovación Nacional: 11S/0N (100.0% S) | Unión Demócrata Independiente: 12S/0N (100.0% S),1.0,13,"Comité Comunista e Independientes: 0S/12N (0.0% S) | Comité Democracia Cristiana, Federación Regionalista Verde Social e Independientes: 9S/1N (90.0% S) | Comité Partido Nacional Libertarios: 8S/0N (100.0% S) | Comité Partido Republicano: 31S/0N (100.0% S) | Comité Partido de la Gente: 5S/8N (38.5% S) | Frente Amplio: 0S/17N (0.0% S) | Partido Por la Democracia e Independientes: 0S/10N (0.0% S) | Por definir: 3S/0N (100.0% S) | Renovación Nacional, Evopoli e Independientes: 16S/0N (100.0% S) | Socialista, Liberal, Radical e Independientes: 2S/11N (15.4% S) | Unión Demócrata Independiente: 17S/0N (100.0% S)",1.0,11,0.454561054706573,-0.454561054706573,-0.150516882538795,-1.0,221,,105
88966,18216-05,2026-05-20,0.369128,0.96129,0.449034750461578,0.198221877217293,0.844184458255768,0.727272727272727,bill:18216-05,Aprobado,Boletín N°18216-05,,Para la reconstrucción nacional y el desarrollo económico y social,,Cámara de Diputados,,,,,project_level_not_sufficient_for_omnibus_rollcall,1,Megareforma / proyecto omnibus del gobierno de Jose Antonio Kast,exact_rollcall_item,1,94,55,4,2,0,149,0.369128,no_alineado: 17S/5N (77.3% S) | oficialismo: 67S/0N (100.0% S) | oposicion: 10S/50N (16.7% S),0.833333,3,Evolución Política: 2S/0N (100.0% S) | Frente Amplio: 0S/15N (0.0% S) | Independientes: 10S/14N (41.7% S) | Partido Comunista: 0S/8N (0.0% S) | Partido Demócrata Cristiano: 7S/0N (100.0% S) | Partido Nacional Libertario: 8S/0N (100.0% S) | Partido Por la Democracia: 0S/4N (0.0% S) | Partido Republicano: 28S/0N (100.0% S) | Partido Social Cristiano: 3S/0N (100.0% S) | Partido Socialista: 2S/8N (20.0% S) | Partido de la Gente: 9S/5N (64.3% S) | Renovación Nacional: 11S/0N (100.0% S) | Unión Demócrata Independiente: 12S/0N (100.0% S),1.0,13,"Comité Comunista e Independientes: 0S/12N (0.0% S) | Comité Democracia Cristiana, Federación Regionalista Verde Social e Independientes: 8S/2N (80.0% S) | Comité Partido Nacional Libertarios: 8S/0N (100.0% S) | Comité Partido Republicano: 31S/0N (100.0% S) | Comité Partido de la Gente: 8S/5N (61.5% S) | Frente Amplio: 0S/17N (0.0% S) | Partido Por la Democracia e Independientes: 0S/10N (0.0% S) | Por definir: 3S/0N (100.0% S) | Renovación Nacional, Evopoli e Independientes: 16S/0N (100.0% S) | Socialista, Liberal, Radical e Independientes: 2S/9N (18.2% S) | Unión Demócrata Independiente: 17S/0N (100.0% S)",1.0,11,0.449034750461578,-0.449034750461578,-0.198221877217293,-1.0,222,,106
88976,18216-05,2026-05-20,0.437908,0.987097,-0.44516795873642,0.016996756196022,0.863586902618408,0.895522388059702,bill:18216-05,Unánime,Boletín N°18216-05,,Para la reconstrucción nacional y el desarrollo económico y social,,Cámara de Diputados,,,,,project_level_not_sufficient_for_omnibus_rollcall,1,Megareforma / proyecto omnibus del gobierno de Jose Antonio Kast,exact_rollcall_item,1,67,86,0,2,0,153,0.437908,no_alineado: 2S/20N (9.1% S) | oficialismo: 2S/65N (3.0% S) | oposicion: 63S/1N (98.4% S),0.954524,3,Evolución Política: 0S/2N (0.0% S) | Frente Amplio: 15S/0N (100.0% S) | Independientes: 16S/9N (64.0% S) | Partido Comunista: 8S/0N (100.0% S) | Partido Demócrata Cristiano: 7S/0N (100.0% S) | Partido Liberal de Chile: 2S/0N (100.0% S) | Partido Nacional Libertario: 0S/8N (0.0% S) | Partido Por la Democracia: 4S/0N (100.0% S) | Partido Republicano: 0S/28N (0.0% S) | Partido Social Cristiano: 0S/3N (0.0% S) | Partido Socialista: 10S/0N (100.0% S) | Partido de la Gente: 2S/12N (14.3% S) | Renovación Nacional: 1S/10N (9.1% S) | Unión Demócrata Independiente: 0S/12N (0.0% S),1.0,14,"Comité Comunista e Independientes: 12S/0N (100.0% S) | Comité Democracia Cristiana, Federación Regionalista Verde Social e Independientes: 9S/1N (90.0% S) | Comité Partido Nacional Libertarios: 0S/8N (0.0% S) | Comité Partido Republicano: 0S/31N (0.0% S) | Comité Partido de la Gente: 2S/11N (15.4% S) | Frente Amplio: 17S/0N (100.0% S) | Partido Por la Democracia e Independientes: 10S/0N (100.0% S) | Por definir: 0S/3N (0.0% S) | Renovación Nacional, Evopoli e Independientes: 1S/15N (6.2% S) | Socialista, Liberal, Radical e Independientes: 15S/0N (100.0% S) | Unión Demócrata Independiente: 1S/16N (5.9% S)",1.0,11,0.44516795873642,0.44516795873642,-0.016996756196022,-1.0,223,,107
88902,18216-05,2026-05-20,0.363636,0.993548,0.426652252674103,0.235653132200241,0.822396039962769,0.696428571428571,bill:18216-05,Aprobado,Boletín N°18216-05,,Para la reconstrucción nacional y el desarrollo económico y social,,Cámara de Diputados,,,,,project_level_not_sufficient_for_omnibus_rollcall,1,Megareforma / proyecto omnibus del gobierno de Jose Antonio Kast,exact_rollcall_item,1,98,56,0,1,0,154,0.363636,no_alineado: 16S/6N (72.7% S) | oficialismo: 68S/0N (100.0% S) | oposicion: 14S/50N (21.9% S),0.78125,3,Evolución Política: 2S/0N (100.0% S) | Frente Amplio: 0S/15N (0.0% S) | Independientes: 14S/11N (56.0% S) | Partido Comunista: 0S/8N (0.0% S) | Partido Demócrata Cristiano: 6S/1N (85.7% S) | Partido Liberal de Chile: 1S/1N (50.0% S) | Partido Nacional Libertario: 8S/0N (100.0% S) | Partido Por la Democracia: 1S/3N (25.0% S) | Partido Republicano: 28S/0N (100.0% S) | Partido Social Cristiano: 3S/0N (100.0% S) | Partido Socialista: 0S/10N (0.0% S) | Partido de la Gente: 8S/6N (57.1% S) | Renovación Nacional: 11S/0N (100.0% S) | Unión Demócrata Independiente: 13S/0N (100.0% S),1.0,14,"Comité Comunista e Independientes: 0S/12N (0.0% S) | Comité Democracia Cristiana, Federación Regionalista Verde Social e Independientes: 7S/3N (70.0% S) | Comité Partido Nacional Libertarios: 8S/0N (100.0% S) | Comité Partido Republicano: 31S/0N (100.0% S) | Comité Partido de la Gente: 8S/5N (61.5% S) | Frente Amplio: 0S/17N (0.0% S) | Partido Por la Democracia e Independientes: 4S/6N (40.0% S) | Por definir: 3S/0N (100.0% S) | Renovación Nacional, Evopoli e Independientes: 16S/0N (100.0% S) | Socialista, Liberal, Radical e Independientes: 3S/12N (20.0% S) | Unión Demócrata Independiente: 18S/0N (100.0% S)",1.0,11,0.426652252674103,-0.426652252674103,-0.235653132200241,-1.0,226,,108
89495,18216-05,2026-07-21,0.434483,0.935484,0.383230209350586,-0.104693092405796,0.8539097905159,0.857142857142857,bill:18216-05,Aprobado,Boletín N°18216-05,,Para la reconstrucción nacional y el desarrollo económico y social,,Cámara de Diputados,,,,,project_level_not_sufficient_for_omnibus_rollcall,1,Megareforma / proyecto omnibus del gobierno de Jose Antonio Kast,exact_rollcall_item,1,82,63,0,10,0,145,0.434483,no_alineado: 9S/11N (45.0% S) | oficialismo: 67S/0N (100.0% S) | oposicion: 6S/52N (10.3% S),0.896552,3,Evolución Política: 2S/0N (100.0% S) | Frente Amplio: 0S/13N (0.0% S) | Independientes: 10S/12N (45.5% S) | Partido Comunista: 0S/8N (0.0% S) | Partido Cristiano de Chile: 2S/0N (100.0% S) | Partido Demócrata Cristiano: 5S/2N (71.4% S) | Partido Liberal de Chile: 0S/2N (0.0% S) | Partido Nacional Libertario: 8S/0N (100.0% S) | Partido Por la Democracia: 0S/4N (0.0% S) | Partido Republicano: 28S/0N (100.0% S) | Partido Socialista: 0S/10N (0.0% S) | Partido de la Gente: 1S/11N (8.3% S) | Renovación Nacional: 11S/0N (100.0% S) | Unión Demócrata Independiente: 13S/0N (100.0% S),1.0,14,"Comité Comunista e Independientes: 0S/10N (0.0% S) | Comité Democracia Cristiana, Federación Regionalista Verde Social e Independientes: 6S/4N (60.0% S) | Comité Partido Nacional Libertarios: 8S/0N (100.0% S) | Comité Partido Republicano: 31S/0N (100.0% S) | Comité Partido de la Gente: 0S/11N (0.0% S) | Frente Amplio: 0S/15N (0.0% S) | Partido Por la Democracia e Independientes: 0S/9N (0.0% S) | Por definir: 3S/0N (100.0% S) | Renovación Nacional, Evopoli e Independientes: 16S/0N (100.0% S) | Socialista, Liberal, Radical e Independientes: 0S/14N (0.0% S) | Unión Demócrata Independiente: 17S/0N (100.0% S)",1.0,11,0.383230209350586,-0.383230209350586,0.104693092405796,-1.0,234,,109
88931,18216-05,2026-05-20,0.453947,0.980645,0.364537268877029,-0.128250390291214,0.839165806770325,0.898550724637681,bill:18216-05,Aprobado,Boletín N°18216-05,,Para la reconstrucción nacional y el desarrollo económico y social,,Cámara de Diputados,,,,,project_level_not_sufficient_for_omnibus_rollcall,1,Megareforma / proyecto omnibus del gobierno de Jose Antonio Kast,exact_rollcall_item,1,83,69,0,3,0,152,0.453947,no_alineado: 10S/12N (45.5% S) | oficialismo: 67S/0N (100.0% S) | oposicion: 6S/57N (9.5% S),0.904762,3,Evolución Política: 2S/0N (100.0% S) | Frente Amplio: 2S/13N (13.3% S) | Independientes: 11S/14N (44.0% S) | Partido Comunista: 0S/8N (0.0% S) | Partido Demócrata Cristiano: 2S/5N (28.6% S) | Partido Liberal de Chile: 0S/2N (0.0% S) | Partido Nacional Libertario: 8S/0N (100.0% S) | Partido Por la Democracia: 0S/4N (0.0% S) | Partido Republicano: 28S/0N (100.0% S) | Partido Social Cristiano: 3S/0N (100.0% S) | Partido Socialista: 0S/9N (0.0% S) | Partido de la Gente: 2S/12N (14.3% S) | Renovación Nacional: 11S/0N (100.0% S) | Unión Demócrata Independiente: 12S/0N (100.0% S),1.0,14,"Comité Comunista e Independientes: 0S/12N (0.0% S) | Comité Democracia Cristiana, Federación Regionalista Verde Social e Independientes: 4S/6N (40.0% S) | Comité Partido Nacional Libertarios: 8S/0N (100.0% S) | Comité Partido Republicano: 31S/0N (100.0% S) | Comité Partido de la Gente: 1S/12N (7.7% S) | Frente Amplio: 2S/15N (11.8% S) | Partido Por la Democracia e Independientes: 0S/10N (0.0% S) | Por definir: 3S/0N (100.0% S) | Renovación Nacional, Evopoli e Independientes: 16S/0N (100.0% S) | Socialista, Liberal, Radical e Independientes: 0S/14N (0.0% S) | Unión Demócrata Independiente: 17S/0N (100.0% S)",1.0,11,0.364537268877029,-0.364537268877029,0.128250390291214,-1.0,238,,110
89542,18216-05,2026-07-22,0.375,0.825806,0.293333023786545,0.111567765474319,0.771852970123291,0.770833333333333,bill:18216-05,Aprobado,Boletín N°18216-05,,Para la reconstrucción nacional y el desarrollo económico y social,,Cámara de Diputados,,,,,project_level_not_sufficient_for_omnibus_rollcall,1,Megareforma / proyecto omnibus del gobierno de Jose Antonio Kast,exact_rollcall_item,1,80,48,2,25,0,128,0.375,no_alineado: 13S/4N (76.5% S) | oficialismo: 63S/0N (100.0% S) | oposicion: 4S/44N (8.3% S),0.916667,3,Evolución Política: 2S/0N (100.0% S) | Frente Amplio: 0S/11N (0.0% S) | Independientes: 8S/11N (42.1% S) | Partido Comunista: 0S/5N (0.0% S) | Partido Cristiano de Chile: 2S/0N (100.0% S) | Partido Demócrata Cristiano: 2S/5N (28.6% S) | Partido Nacional Libertario: 1S/4N (20.0% S) | Partido Por la Democracia: 0S/4N (0.0% S) | Partido Republicano: 27S/0N (100.0% S) | Partido Socialista: 0S/8N (0.0% S) | Partido de la Gente: 12S/0N (100.0% S) | Renovación Nacional: 11S/0N (100.0% S) | Unión Demócrata Independiente: 13S/0N (100.0% S),1.0,13,"Comité Comunista e Independientes: 0S/7N (0.0% S) | Comité Democracia Cristiana, Federación Regionalista Verde Social e Independientes: 4S/6N (40.0% S) | Comité Partido Nacional Libertarios: 1S/4N (20.0% S) | Comité Partido Republicano: 29S/0N (100.0% S) | Comité Partido de la Gente: 11S/0N (100.0% S) | Frente Amplio: 0S/13N (0.0% S) | Partido Por la Democracia e Independientes: 0S/9N (0.0% S) | Por definir: 3S/0N (100.0% S) | Renovación Nacional, Evopoli e Independientes: 15S/0N (100.0% S) | Socialista, Liberal, Radical e Independientes: 0S/9N (0.0% S) | Unión Demócrata Independiente: 16S/0N (100.0% S)",1.0,11,0.293333023786545,-0.293333023786545,-0.111567765474319,-1.0,255,,111
88929,18216-05,2026-05-20,0.041379,0.935484,-0.290000021457672,1,0.653195738792419,-0.166666666666667,bill:18216-05,Unánime,Boletín N°18216-05,,Para la reconstrucción nacional y el desarrollo económico y social,,Cámara de Diputados,,,,,project_level_not_sufficient_for_omnibus_rollcall,1,Megareforma / proyecto omnibus del gobierno de Jose Antonio Kast,exact_rollcall_item,1,6,139,0,10,0,145,0.041379,no_alineado: 0S/21N (0.0% S) | oficialismo: 0S/64N (0.0% S) | oposicion: 6S/54N (10.0% S),0.1,3,Evolución Política: 0S/2N (0.0% S) | Frente Amplio: 0S/15N (0.0% S) | Independientes: 1S/23N (4.2% S) | Partido Comunista: 0S/8N (0.0% S) | Partido Demócrata Cristiano: 4S/3N (57.1% S) | Partido Nacional Libertario: 0S/8N (0.0% S) | Partido Por la Democracia: 0S/4N (0.0% S) | Partido Republicano: 0S/28N (0.0% S) | Partido Social Cristiano: 0S/2N (0.0% S) | Partido Socialista: 0S/8N (0.0% S) | Partido de la Gente: 0S/13N (0.0% S) | Renovación Nacional: 0S/9N (0.0% S) | Unión Demócrata Independiente: 0S/12N (0.0% S),0.571429,13,"Comité Comunista e Independientes: 0S/11N (0.0% S) | Comité Democracia Cristiana, Federación Regionalista Verde Social e Independientes: 6S/4N (60.0% S) | Comité Partido Nacional Libertarios: 0S/8N (0.0% S) | Comité Partido Republicano: 0S/31N (0.0% S) | Comité Partido de la Gente: 0S/12N (0.0% S) | Frente Amplio: 0S/17N (0.0% S) | Partido Por la Democracia e Independientes: 0S/10N (0.0% S) | Por definir: 0S/2N (0.0% S) | Renovación Nacional, Evopoli e Independientes: 0S/14N (0.0% S) | Socialista, Liberal, Radical e Independientes: 0S/12N (0.0% S) | Unión Demócrata Independiente: 0S/17N (0.0% S)",0.6,11,0.290000021457672,0.290000021457672,-1.0,-1.0,256,,112
88934,18216-05,2026-05-20,0.197368,0.980645,0.283141195774078,0.662144064903259,0.7423295378685,0.266666666666667,bill:18216-05,Aprobado,Boletín N°18216-05,,Para la reconstrucción nacional y el desarrollo económico y social,,Cámara de Diputados,,,,,project_level_not_sufficient_for_omnibus_rollcall,1,Megareforma / proyecto omnibus del gobierno de Jose Antonio Kast,exact_rollcall_item,1,122,30,0,3,0,152,0.197368,no_alineado: 16S/6N (72.7% S) | oficialismo: 67S/0N (100.0% S) | oposicion: 39S/24N (61.9% S),0.380952,3,Evolución Política: 2S/0N (100.0% S) | Frente Amplio: 9S/6N (60.0% S) | Independientes: 20S/5N (80.0% S) | Partido Comunista: 0S/8N (0.0% S) | Partido Demócrata Cristiano: 7S/0N (100.0% S) | Partido Liberal de Chile: 2S/0N (100.0% S) | Partido Nacional Libertario: 8S/0N (100.0% S) | Partido Por la Democracia: 4S/0N (100.0% S) | Partido Republicano: 28S/0N (100.0% S) | Partido Social Cristiano: 3S/0N (100.0% S) | Partido Socialista: 5S/4N (55.6% S) | Partido de la Gente: 8S/6N (57.1% S) | Renovación Nacional: 11S/0N (100.0% S) | Unión Demócrata Independiente: 12S/0N (100.0% S),1.0,14,"Comité Comunista e Independientes: 0S/12N (0.0% S) | Comité Democracia Cristiana, Federación Regionalista Verde Social e Independientes: 10S/0N (100.0% S) | Comité Partido Nacional Libertarios: 8S/0N (100.0% S) | Comité Partido Republicano: 31S/0N (100.0% S) | Comité Partido de la Gente: 7S/6N (53.8% S) | Frente Amplio: 9S/8N (52.9% S) | Partido Por la Democracia e Independientes: 10S/0N (100.0% S) | Por definir: 3S/0N (100.0% S) | Renovación Nacional, Evopoli e Independientes: 16S/0N (100.0% S) | Socialista, Liberal, Radical e Independientes: 10S/4N (71.4% S) | Unión Demócrata Independiente: 17S/0N (100.0% S)",1.0,11,0.283141195774078,-0.283141195774078,-0.662144064903259,-1.0,258,,113
88965,18216-05,2026-05-20,0.073826,0.96129,0.240000009536743,1,0.60072934627533,0,bill:18216-05,Aprobado,Boletín N°18216-05,,Para la reconstrucción nacional y el desarrollo económico y social,,Cámara de Diputados,,,,,project_level_not_sufficient_for_omnibus_rollcall,1,Megareforma / proyecto omnibus del gobierno de Jose Antonio Kast,exact_rollcall_item,1,138,11,4,2,0,149,0.073826,no_alineado: 17S/5N (77.3% S) | oficialismo: 67S/0N (100.0% S) | oposicion: 54S/6N (90.0% S),0.227273,3,Evolución Política: 2S/0N (100.0% S) | Frente Amplio: 15S/0N (100.0% S) | Independientes: 24S/0N (100.0% S) | Partido Comunista: 8S/0N (100.0% S) | Partido Demócrata Cristiano: 7S/0N (100.0% S) | Partido Liberal de Chile: 2S/0N (100.0% S) | Partido Nacional Libertario: 8S/0N (100.0% S) | Partido Por la Democracia: 4S/0N (100.0% S) | Partido Republicano: 28S/0N (100.0% S) | Partido Social Cristiano: 3S/0N (100.0% S) | Partido Socialista: 1S/6N (14.3% S) | Partido de la Gente: 9S/5N (64.3% S) | Renovación Nacional: 11S/0N (100.0% S) | Unión Demócrata Independiente: 12S/0N (100.0% S),0.857143,14,"Comité Comunista e Independientes: 12S/0N (100.0% S) | Comité Democracia Cristiana, Federación Regionalista Verde Social e Independientes: 10S/0N (100.0% S) | Comité Partido Nacional Libertarios: 8S/0N (100.0% S) | Comité Partido Republicano: 31S/0N (100.0% S) | Comité Partido de la Gente: 8S/5N (61.5% S) | Frente Amplio: 17S/0N (100.0% S) | Partido Por la Democracia e Independientes: 10S/0N (100.0% S) | Por definir: 3S/0N (100.0% S) | Renovación Nacional, Evopoli e Independientes: 16S/0N (100.0% S) | Socialista, Liberal, Radical e Independientes: 5S/6N (45.5% S) | Unión Demócrata Independiente: 17S/0N (100.0% S)",0.545455,11,0.240000009536743,-0.240000009536743,-1.0,-1.0,263,,114
89471,18216-05,2026-07-21,0.076389,0.929032,0.189999997615814,1,0.608979821205139,0,bill:18216-05,Aprobado,Boletín N°18216-05,,Para la reconstrucción nacional y el desarrollo económico y social,,Cámara de Diputados,,,,,project_level_not_sufficient_for_omnibus_rollcall,1,Megareforma / proyecto omnibus del gobierno de Jose Antonio Kast,exact_rollcall_item,1,133,11,0,11,0,144,0.076389,no_alineado: 9S/11N (45.0% S) | oficialismo: 66S/0N (100.0% S) | oposicion: 58S/0N (100.0% S),0.55,3,Evolución Política: 2S/0N (100.0% S) | Frente Amplio: 13S/0N (100.0% S) | Independientes: 22S/0N (100.0% S) | Partido Comunista: 8S/0N (100.0% S) | Partido Cristiano de Chile: 2S/0N (100.0% S) | Partido Demócrata Cristiano: 7S/0N (100.0% S) | Partido Liberal de Chile: 2S/0N (100.0% S) | Partido Nacional Libertario: 8S/0N (100.0% S) | Partido Por la Democracia: 4S/0N (100.0% S) | Partido Republicano: 27S/0N (100.0% S) | Partido Socialista: 10S/0N (100.0% S) | Partido de la Gente: 1S/11N (8.3% S) | Renovación Nacional: 11S/0N (100.0% S) | Unión Demócrata Independiente: 13S/0N (100.0% S),0.916667,14,"Comité Comunista e Independientes: 10S/0N (100.0% S) | Comité Democracia Cristiana, Federación Regionalista Verde Social e Independientes: 10S/0N (100.0% S) | Comité Partido Nacional Libertarios: 8S/0N (100.0% S) | Comité Partido Republicano: 30S/0N (100.0% S) | Comité Partido de la Gente: 0S/11N (0.0% S) | Frente Amplio: 15S/0N (100.0% S) | Partido Por la Democracia e Independientes: 9S/0N (100.0% S) | Por definir: 3S/0N (100.0% S) | Renovación Nacional, Evopoli e Independientes: 16S/0N (100.0% S) | Socialista, Liberal, Radical e Independientes: 14S/0N (100.0% S) | Unión Demócrata Independiente: 17S/0N (100.0% S)",1.0,11,0.189999997615814,-0.189999997615814,-1.0,-1.0,269,,115
88930,18216-05,2026-05-20,0.348993,0.96129,0.177033647894859,0.205873608589172,0.64899617433548,0.288461538461538,bill:18216-05,Aprobado,Boletín N°18216-05,,Para la reconstrucción nacional y el desarrollo económico y social,,Cámara de Diputados,,,,,project_level_not_sufficient_for_omnibus_rollcall,1,Megareforma / proyecto omnibus del gobierno de Jose Antonio Kast,exact_rollcall_item,1,97,52,0,6,0,149,0.348993,no_alineado: 10S/12N (45.5% S) | oficialismo: 63S/2N (96.9% S) | oposicion: 24S/38N (38.7% S),0.582134,3,Evolución Política: 2S/0N (100.0% S) | Frente Amplio: 13S/2N (86.7% S) | Independientes: 11S/14N (44.0% S) | Partido Comunista: 0S/8N (0.0% S) | Partido Demócrata Cristiano: 7S/0N (100.0% S) | Partido Liberal de Chile: 1S/1N (50.0% S) | Partido Nacional Libertario: 8S/0N (100.0% S) | Partido Por la Democracia: 0S/4N (0.0% S) | Partido Republicano: 28S/0N (100.0% S) | Partido Social Cristiano: 2S/0N (100.0% S) | Partido Socialista: 0S/8N (0.0% S) | Partido de la Gente: 2S/12N (14.3% S) | Renovación Nacional: 10S/0N (100.0% S) | Unión Demócrata Independiente: 11S/1N (91.7% S),1.0,14,"Comité Comunista e Independientes: 0S/12N (0.0% S) | Comité Democracia Cristiana, Federación Regionalista Verde Social e Independientes: 10S/0N (100.0% S) | Comité Partido Nacional Libertarios: 8S/0N (100.0% S) | Comité Partido Republicano: 31S/0N (100.0% S) | Comité Partido de la Gente: 1S/12N (7.7% S) | Frente Amplio: 13S/4N (76.5% S) | Partido Por la Democracia e Independientes: 0S/10N (0.0% S) | Por definir: 2S/0N (100.0% S) | Renovación Nacional, Evopoli e Independientes: 15S/0N (100.0% S) | Socialista, Liberal, Radical e Independientes: 1S/12N (7.7% S) | Unión Demócrata Independiente: 15S/2N (88.2% S)",1.0,11,0.177033647894859,-0.177033647894859,-0.205873608589172,-1.0,270,,116
